sample_key,classification_case_step15,threshold_step15,material_system,n_or_p,composition,DOI,paper_title,zt_obs_max_step14,zt_pred_max_step14,zt_calc_from_obs_max_step14,zt_pred_vs_obs_mape_step14,zt_pred_vs_calc_mape_step14,nanocarbon_keyword_detected_step9,rare_metal_flag_auto_step9,toxicity_flag_auto_step9,manual_review_priority_score_step15,needs_manual_review_step15,needs_sintering_check_later_step15,sintering_check_reason_step15,doi_url
10.1002_adfm.201201221__sample_209,false_positive,1.0,unknown,p,Pb0.99Ba0.01Te1.01Na0.02,10.1002/adfm.201201221,,,1.1010850917402235,0.7994646787669252,,0.40347038259523244,False,True,True,35,no,yes,high predicted ZT,https://doi.org/10.1002/adfm.201201221
10.1002_adfm.201300146__sample_1422,true_positive,1.0,unknown,p,Bi0.3Sb1.7Te3,10.1002/adfm.201300146,,1.170125,1.1148151815779364,1.204996980172414,0.14581233814726674,0.10981150868276374,False,True,True,75,yes,yes,high observed ZT; important candidate for paper; high predicted ZT,https://doi.org/10.1002/adfm.201300146
10.1002_adfm.201300146__sample_1424,true_positive,1.0,unknown,p,(Bi0.3Sb1.7Te3)96.98(SiC)3.02,10.1002/adfm.201300146,,1.250929,1.0636091109223442,1.2562031999999996,0.14974462105975297,0.1533144391589318,False,True,True,75,yes,yes,high observed ZT; important candidate for paper; high predicted ZT,https://doi.org/10.1002/adfm.201300146
10.1002_adfm.201402211__sample_7642,false_negative,1.0,unknown,n,BiAgSeS0.985Cl0.015,10.1002/adfm.201402211,,1.07977,0.5074408662712181,1.0753698850208973,,1.232812567662576,False,True,True,120,yes,yes,high observed ZT; high-ZT false negative; important candidate for paper; carried from Step14,https://doi.org/10.1002/adfm.201402211
10.1002_adfm.201402211__sample_7643,false_negative,1.0,unknown,n,BiAgSeS0.985Cl 0.015,10.1002/adfm.201402211,,1.217969,0.6119276364558642,1.2341276042743918,0.31744867856648257,0.6605617014598559,False,True,True,100,yes,yes,high observed ZT; high-ZT false negative; important candidate for paper; carried from Step14,https://doi.org/10.1002/adfm.201402211
10.1002_adfm.201502782__sample_26765,false_positive,1.0,unknown,n,Ce0.25Co4Sb12,10.1002/adfm.201502782,,0.9153028,1.2942544994945984,1.0557234710514514,0.041445948261515354,0.12249235700424167,False,True,True,75,yes,yes,high-ZT false positive; important candidate for paper; high predicted ZT; carried from Step14,https://doi.org/10.1002/adfm.201502782
10.1002_adfm.201502782__sample_26766,false_negative,1.0,unknown,n,Ce0.25Co3.975Cr0.025Sb12,10.1002/adfm.201502782,,1.189896,0.7042077156842516,0.715666454475293,,0.01601128391499453,False,True,True,100,yes,yes,high observed ZT; high-ZT false negative; important candidate for paper; carried from Step14,https://doi.org/10.1002/adfm.201502782
10.1002_adfm.201502782__sample_26767,false_negative,1.0,unknown,n,Ce0.25Co3.95Cr0.05Sb12,10.1002/adfm.201502782,,1.207511,0.39410564505694423,0.3898508000759873,,0.010914034241118855,False,True,True,100,yes,yes,high observed ZT; high-ZT false negative; important candidate for paper; carried from Step14,https://doi.org/10.1002/adfm.201502782
10.1002_adfm.201601486__sample_14509,false_positive,1.0,unknown,p,Cu1.85Ag0.15Sn0.95In0.05Se3,10.1002/adfm.201601486,,0.8685272,1.4055897179195425,0.8865098427896865,0.1836974617642886,0.17345770668889515,False,True,True,65,yes,yes,high-ZT false positive; important candidate for paper; high predicted ZT; carried from Step14,https://doi.org/10.1002/adfm.201601486
10.1002_adfm.201601486__sample_14510,true_positive,1.0,unknown,p,Cu1.85Ag0.15Sn0.9In0.1Se3,10.1002/adfm.201601486,,1.423481,2.1338009594044043,1.4389065924984774,0.1852633399214272,0.1787595198230912,False,True,True,65,yes,yes,high observed ZT; important candidate for paper; high predicted ZT,https://doi.org/10.1002/adfm.201601486
10.1002_adfm.201601486__sample_14511,true_positive,1.0,unknown,p,Cu1.85Ag0.15Sn0.85In0.15Se3,10.1002/adfm.201601486,,1.230759,1.9224525160248933,1.2259154120325002,0.23885061305167274,0.22381254361532682,False,True,True,65,yes,yes,high observed ZT; important candidate for paper; high predicted ZT,https://doi.org/10.1002/adfm.201601486
10.1002_adfm.201601486__sample_14512,true_positive,1.0,unknown,p,Cu1.85Ag0.15Sn0.8In0.2Se3,10.1002/adfm.201601486,,1.302738,2.1105955453233496,1.274875779302361,0.2533494792688765,0.22601045908041204,False,True,True,65,yes,yes,high observed ZT; important candidate for paper; high predicted ZT,https://doi.org/10.1002/adfm.201601486
10.1002_adfm.201801617__sample_39932,false_positive,1.0,unknown,n,Pb0.988Sb0.012Te,10.1002/adfm.201801617,,0.8676494,1.9518286680300425,0.9263083589351132,0.3109461453089265,0.42875580618039144,False,True,True,65,yes,yes,high-ZT false positive; important candidate for paper; high predicted ZT; carried from Step14,https://doi.org/10.1002/adfm.201801617
10.1002_adfm.201801617__sample_39933,true_positive,1.0,unknown,n,Pb0.988Sb0.012Te(GeTe)0.02,10.1002/adfm.201801617,,1.052739,1.7533676870858723,0.994060527909018,0.2617551814567353,0.382567227241017,False,True,True,75,yes,yes,high observed ZT; important candidate for paper; high predicted ZT,https://doi.org/10.1002/adfm.201801617
10.1002_adfm.201801617__sample_39934,true_positive,1.0,unknown,n,Pb0.988Sb0.012Te(GeTe)0.05,10.1002/adfm.201801617,,1.071972,2.1923255385708837,1.075554332807006,0.9093925644258566,0.7170022591581885,False,True,True,75,yes,yes,high observed ZT; important candidate for paper; high predicted ZT,https://doi.org/10.1002/adfm.201801617
10.1002_adfm.201801617__sample_39937,true_positive,1.0,unknown,n,Pb0.988Sb0.012Te(GeTe)0.1,10.1002/adfm.201801617,,1.028608,1.79865971156923,0.8804142769558703,0.7486347681227737,0.7046453101807193,False,True,True,75,yes,yes,high observed ZT; important candidate for paper; high predicted ZT,https://doi.org/10.1002/adfm.201801617
10.1002_adfm.201801617__sample_39938,false_negative,1.0,unknown,n,Pb0.988Sb0.012Te(GeTe)0.12,10.1002/adfm.201801617,,1.132345,0.11084392057988007,0.1717038203132291,0.33941773449346285,0.3544469751594689,False,True,True,100,yes,yes,high observed ZT; high-ZT false negative; important candidate for paper; carried from Step14,https://doi.org/10.1002/adfm.201801617
10.1002_adfm.201801617__sample_39939,true_positive,1.0,unknown,n,Pb0.988Sb0.012Te(GeTe)0.13,10.1002/adfm.201801617,,1.324211,1.6062010784093632,1.281317321842197,0.23928897523485,0.2398100301855961,False,True,True,65,yes,yes,high observed ZT; important candidate for paper; high predicted ZT,https://doi.org/10.1002/adfm.201801617
10.1002_adfm.201801617__sample_39940,true_positive,1.0,unknown,n,Pb0.988Sb0.012Te(GeTe)0.14,10.1002/adfm.201801617,,1.032349,1.0018342665654156,1.0503852946431889,0.20171465119215878,0.1917455439514474,False,True,True,65,yes,yes,high observed ZT; important candidate for paper; high predicted ZT,https://doi.org/10.1002/adfm.201801617
10.1002_adfm.201806558__sample_41881,true_positive,1.0,unknown,n,BiSb(Se0.98Br0.02)3,10.1002/adfm.201806558,,1.061131,1.4097804041419593,1.0480716128870586,0.09949427376201973,0.10276669285385177,False,True,True,65,yes,yes,high observed ZT; important candidate for paper; high predicted ZT,https://doi.org/10.1002/adfm.201806558
10.1002_adfm.201806558__sample_41882,true_positive,1.0,unknown,n,BiSb(Se0.96Br0.04)3,10.1002/adfm.201806558,,1.155372,1.4509188325262479,1.1445475486883858,0.10908300144352828,0.0941046088097944,False,True,True,65,yes,yes,high observed ZT; important candidate for paper; high predicted ZT,https://doi.org/10.1002/adfm.201806558
10.1002_adfm.201806558__sample_41883,true_positive,1.0,unknown,n,BiSb(Se0.94Br0.06)3,10.1002/adfm.201806558,,1.364502,1.6859745949949445,1.3649450923470314,0.07109501823301785,0.07917251403558777,False,True,True,65,yes,yes,high observed ZT; important candidate for paper; high predicted ZT,https://doi.org/10.1002/adfm.201806558
10.1002_adfm.201806558__sample_41884,true_positive,1.0,unknown,n,BiSb(Se0.92Br0.08)3,10.1002/adfm.201806558,,1.287379,1.5413786941263092,1.284926845817348,0.06595846164060312,0.06714355401864526,False,True,True,65,yes,yes,high observed ZT; important candidate for paper; high predicted ZT,https://doi.org/10.1002/adfm.201806558
10.1002_adfm.201806558__sample_41912,true_positive,1.0,unknown,n,BiSb(Se0.94Br0.06)3,10.1002/adfm.201806558,,1.361178,1.6917481291126966,1.3697787281954876,0.0696414160328346,0.07982251612036452,False,True,True,65,yes,yes,high observed ZT; important candidate for paper; high predicted ZT,https://doi.org/10.1002/adfm.201806558
10.1002_adfm.201806613__sample_41571,false_negative,1.0,unknown,p,Ge0.97Bi0.03Te1.015,10.1002/adfm.201806613,,1.732102,0.5731696280166164,0.5569760894867827,0.16252596362409905,0.2105542427938497,False,True,True,90,yes,yes,high observed ZT; high-ZT false negative; important candidate for paper; carried from Step14,https://doi.org/10.1002/adfm.201806613
10.1002_adfm.201806613__sample_41572,true_positive,1.0,unknown,p,Ge0.95Bi0.05Te1.025,10.1002/adfm.201806613,,1.987618,3.4020651885855164,1.9498680637078003,0.25871731539846893,0.25308249027779517,False,True,True,65,yes,yes,high observed ZT; important candidate for paper; high predicted ZT,https://doi.org/10.1002/adfm.201806613
10.1002_adfm.201806613__sample_41573,false_negative,1.0,unknown,p,Ge0.93Bi0.07Te1.035,10.1002/adfm.201806613,,1.649844,0.9624395630075399,1.0619285869450243,0.05417463618516641,0.05574606992088066,False,True,True,90,yes,yes,high observed ZT; high-ZT false negative; important candidate for paper; carried from Step14,https://doi.org/10.1002/adfm.201806613
10.1002_adfm.201806613__sample_41580,true_positive,1.0,unknown,p,Ge0.95Bi0.05Te1.025,10.1002/adfm.201806613,,2.002366,3.154788574442252,1.856572336107468,0.25091116702225646,0.27320569731355715,False,True,True,65,yes,yes,high observed ZT; important candidate for paper; high predicted ZT,https://doi.org/10.1002/adfm.201806613
10.1002_adfm.201806613__sample_41581,false_negative,1.0,unknown,p,Ge0.95Bi0.05Te1.025,10.1002/adfm.201806613,,1.974289,0.16012143050839575,0.2615323299868919,0.4113020377091437,0.3877566474614397,False,True,True,100,yes,yes,high observed ZT; high-ZT false negative; important candidate for paper; carried from Step14,https://doi.org/10.1002/adfm.201806613
10.1002_adfm.201806613__sample_41582,true_positive,1.0,unknown,p,Ge0.95Bi0.05Te1.025,10.1002/adfm.201806613,,2.205757,2.552604786760308,2.023937885443142,0.19496206896523227,0.2147469701107354,False,True,True,65,yes,yes,high observed ZT; important candidate for paper; high predicted ZT,https://doi.org/10.1002/adfm.201806613
10.1002_adfm.201806613__sample_41584,false_negative,1.0,unknown,p,Ge0.95Bi0.05Te1.025,10.1002/adfm.201806613,,2.179321,0.34941733456418667,0.4835334992235847,0.2930561190014687,0.33443459245005447,False,True,True,100,yes,yes,high observed ZT; high-ZT false negative; important candidate for paper; carried from Step14,https://doi.org/10.1002/adfm.201806613
10.1002_adfm.201806613__sample_41585,false_negative,1.0,unknown,p,Ge0.95Bi0.05Te1.025,10.1002/adfm.201806613,,2.33381,0.5756288916116479,0.7182383403401189,0.2973380874798095,0.2885523618234494,False,True,True,90,yes,yes,high observed ZT; high-ZT false negative; important candidate for paper; carried from Step14,https://doi.org/10.1002/adfm.201806613
10.1002_adfm.201806613__sample_41595,false_negative,1.0,unknown,p,Ge0.95Bi0.05Te1.025,10.1002/adfm.201806613,,2.314523,0.19607169542555747,0.3305692656530635,0.3873063250859093,0.4149545215460291,False,True,True,100,yes,yes,high observed ZT; high-ZT false negative; important candidate for paper; carried from Step14,https://doi.org/10.1002/adfm.201806613
10.1002_adfm.201906143__sample_27119,true_positive,1.0,unknown,n,Mg3.2Sb1.5Bi0.495Se0.005,10.1002/adfm.201906143,,1.277685,1.2483188830098157,1.2631796560602748,0.19361132425447364,0.183058932687405,False,True,True,65,yes,yes,high observed ZT; important candidate for paper; high predicted ZT,https://doi.org/10.1002/adfm.201906143
10.1002_adfm.201906143__sample_27123,true_positive,1.0,unknown,n,Mg3.2Sb1.5Bi0.4925Se0.0075,10.1002/adfm.201906143,,1.182561,1.1497512594470747,1.2790423812384026,0.37258060607103105,0.3177515065611887,False,True,True,65,yes,yes,high observed ZT; important candidate for paper; high predicted ZT,https://doi.org/10.1002/adfm.201906143
10.1002_adfm.201906143__sample_27124,true_positive,1.0,unknown,n,Mg3.2Sb1.5Bi0.49Se0.01,10.1002/adfm.201906143,,1.416037,1.0909154287185925,1.4018573586175127,0.5527863898725012,0.5389252905183857,False,True,True,65,yes,yes,high observed ZT; important candidate for paper; high predicted ZT,https://doi.org/10.1002/adfm.201906143
10.1002_adfm.201906143__sample_27127,false_negative,1.0,unknown,n,Mg3.2Sb1.5Bi0.4875Se0.0125,10.1002/adfm.201906143,,1.337445,0.9302081269723519,1.318840608472458,0.4212077019478374,0.7136140421941464,False,True,True,90,yes,yes,high observed ZT; high-ZT false negative; important candidate for paper; carried from Step14,https://doi.org/10.1002/adfm.201906143
10.1002_adfm.201906143__sample_27128,true_positive,1.0,unknown,n,Mg3.175Co0.025Sb1.5Bi0.49Se0.01,10.1002/adfm.201906143,,1.288524,2.1201363715426362,1.315495740139685,0.245920836855147,0.24263290706346627,False,True,True,65,yes,yes,high observed ZT; important candidate for paper; high predicted ZT,https://doi.org/10.1002/adfm.201906143
10.1002_adfm.201906143__sample_27129,true_positive,1.0,unknown,n,Mg3.15Co0.05Sb1.5Bi0.49Se0.01,10.1002/adfm.201906143,,1.397269,1.952186384565171,1.4018251868069307,0.2026748728344108,0.20099225137453816,False,True,True,65,yes,yes,high observed ZT; important candidate for paper; high predicted ZT,https://doi.org/10.1002/adfm.201906143
10.1002_adfm.201906143__sample_27130,true_positive,1.0,unknown,n,Mg3.1Co0.1Sb1.5Bi0.49Se0.01,10.1002/adfm.201906143,,1.353961,1.856476626241498,1.363250377505793,0.19075534551143797,0.18823089591247763,False,True,True,65,yes,yes,high observed ZT; important candidate for paper; high predicted ZT,https://doi.org/10.1002/adfm.201906143
10.1002_adfm.201906143__sample_27131,true_positive,1.0,unknown,n,Mg3.2Sb1.5Bi0.49Se0.01,10.1002/adfm.201906143,,1.395798,1.0735043376978217,1.3942870033283503,0.5546414816783966,0.5210990752189179,False,True,True,65,yes,yes,high observed ZT; important candidate for paper; high predicted ZT,https://doi.org/10.1002/adfm.201906143
10.1002_adfm.201906143__sample_27132,true_positive,1.0,unknown,n,Mg3.175Mn0.025Sb1.5Bi0.49Se0.01,10.1002/adfm.201906143,,1.225488,1.7847155526246503,1.228770344395708,0.27499583053388593,0.2833511697037981,False,True,True,65,yes,yes,high observed ZT; important candidate for paper; high predicted ZT,https://doi.org/10.1002/adfm.201906143
10.1002_adfm.201906143__sample_27133,true_positive,1.0,unknown,n,Mg3.15Mn0.05Sb1.5Bi0.49Se0.01,10.1002/adfm.201906143,,1.686166,2.000775574512147,1.691831959552567,0.11798576890814319,0.11998506035254004,False,True,True,65,yes,yes,high observed ZT; important candidate for paper; high predicted ZT,https://doi.org/10.1002/adfm.201906143
10.1002_adfm.201906143__sample_27134,true_positive,1.0,unknown,n,Mg3.1Mn0.1Sb1.5Bi0.49Se0.01,10.1002/adfm.201906143,,1.676799,1.5894165054302238,1.692723079693408,0.07543035400840067,0.08560777783517882,False,True,True,65,yes,yes,high observed ZT; important candidate for paper; high predicted ZT,https://doi.org/10.1002/adfm.201906143
10.1002_adfm.201908315__sample_36216,true_positive,1.0,unknown,p,Cu1.96Se,10.1002/adfm.201908315,,1.219455,1.5429314202017865,1.392916615920825,0.14449346827300624,0.15518245311037554,False,True,True,65,yes,yes,high observed ZT; important candidate for paper; high predicted ZT,https://doi.org/10.1002/adfm.201908315
10.1002_adfm.201908315__sample_36217,true_positive,1.0,unknown,p,Cu1.96Se0.96S0.04,10.1002/adfm.201908315,,1.48855,1.3435843382924801,1.25414332204543,0.11807044928114377,0.14709065528116205,False,True,True,65,yes,yes,high observed ZT; important candidate for paper; high predicted ZT,https://doi.org/10.1002/adfm.201908315
10.1002_adfm.201908315__sample_36218,true_positive,1.0,unknown,p,Cu1.96Se0.88S0.12,10.1002/adfm.201908315,,1.707557,1.9726639581070924,1.8777901148362923,0.13511279471373816,0.12946196087450706,False,True,True,65,yes,yes,high observed ZT; important candidate for paper; high predicted ZT,https://doi.org/10.1002/adfm.201908315
10.1002_adfm.201908315__sample_36225,false_negative,1.0,unknown,p,Cu2Se,10.1002/adfm.201908315,,1.520356,0.23293363555371352,0.2717610274253166,,0.14287328922567216,False,True,True,100,yes,yes,high observed ZT; high-ZT false negative; important candidate for paper; carried from Step14,https://doi.org/10.1002/adfm.201908315
10.1002_adfm.202007340__sample_42094,false_positive,1.0,unknown,n,(PbTe)81Sb2Te3,10.1002/adfm.202007340,,0.909814,1.1344642345296745,0.9141856352950256,0.17050155190534186,0.16945318955331531,False,True,True,65,yes,yes,high-ZT false positive; important candidate for paper; high predicted ZT; carried from Step14,https://doi.org/10.1002/adfm.202007340
10.1002_adfm.202007340__sample_42097,false_negative,1.0,unknown,n,(PbTe)81Sb2Te3Sb0.2,10.1002/adfm.202007340,,1.070124,0.9178896010298034,1.0683993661130244,0.1582252859317445,0.15482571475203172,False,True,True,90,yes,yes,high observed ZT; high-ZT false negative; important candidate for paper; carried from Step14,https://doi.org/10.1002/adfm.202007340
10.1002_adfm.202007340__sample_42098,false_positive,1.0,unknown,n,(PbTe)81Sb2Te3Sb0.4,10.1002/adfm.202007340,,0.9588867,1.052708917725815,0.978451248471896,0.295130887641988,0.24751955305601753,False,True,True,65,yes,yes,high-ZT false positive; important candidate for paper; high predicted ZT; carried from Step14,https://doi.org/10.1002/adfm.202007340
10.1002_adfm.202007340__sample_42099,true_positive,1.0,unknown,n,(PbTe)81Sb2Te3Sb0.6,10.1002/adfm.202007340,,1.192864,2.5889689904208697,1.303216964596445,0.36181201015756276,0.37462634224760677,False,True,True,65,yes,yes,high observed ZT; important candidate for paper; high predicted ZT,https://doi.org/10.1002/adfm.202007340
10.1002_adfm.202007340__sample_42100,true_positive,1.0,unknown,n,(PbTe)81Sb2Te3Sb0.8,10.1002/adfm.202007340,,1.27116,2.304868051489367,1.2094666454536094,0.3813757830616932,0.3438039112814394,False,True,True,65,yes,yes,high observed ZT; important candidate for paper; high predicted ZT,https://doi.org/10.1002/adfm.202007340
10.1002_adfm.202007340__sample_42101,false_positive,1.0,unknown,n,(PbTe)81Sb2Te3Sb0.6Cu2Te,10.1002/adfm.202007340,,0.2652683,1.7513391552675432,1.0835276221285963,,0.25788759777146114,False,True,True,75,yes,yes,high-ZT false positive; important candidate for paper; high predicted ZT; carried from Step14,https://doi.org/10.1002/adfm.202007340
10.1002_adfm.202007340__sample_42102,true_positive,1.0,unknown,n,(PbTe)81Sb2Te3Sb0.6(Cu2Te)2,10.1002/adfm.202007340,,1.397842,2.5784283933840797,1.4885380888910709,0.8445778517057576,0.2626267372742999,False,True,True,75,yes,yes,high observed ZT; important candidate for paper; high predicted ZT,https://doi.org/10.1002/adfm.202007340
10.1002_adfm.202007340__sample_42103,false_positive,1.0,unknown,n,(PbTe)81Sb2Te3Sb0.6(Cu2Te)5,10.1002/adfm.202007340,,0.3846852,1.547816107172582,1.1063452463571204,0.15916677852527608,0.1448292351799545,False,True,True,75,yes,yes,high-ZT false positive; important candidate for paper; high predicted ZT; carried from Step14,https://doi.org/10.1002/adfm.202007340
10.1002_adfm.202008851__sample_41915,true_positive,1.0,unknown,p,Bi0.5Sb1.5Te3,10.1002/adfm.202008851,,1.140976,1.0547591356722659,1.1368859185727485,0.1341848057695979,0.1312546716056498,False,True,True,65,yes,yes,high observed ZT; important candidate for paper; high predicted ZT,https://doi.org/10.1002/adfm.202008851
10.1002_adfm.202008851__sample_41916,true_positive,1.0,unknown,p,Bi0.5Sb1.5Te3C0.17,10.1002/adfm.202008851,,1.286369,1.2148962566175754,1.2684795358436187,0.14401045230504672,0.13567382810223647,False,True,True,65,yes,yes,high observed ZT; important candidate for paper; high predicted ZT,https://doi.org/10.1002/adfm.202008851
10.1002_adfm.202008851__sample_41917,true_positive,1.0,unknown,p,Bi0.5Sb1.5Te3C0.22,10.1002/adfm.202008851,,1.441427,1.311991508809302,1.4449830366587293,0.1471287900084083,0.14561827433209498,False,True,True,65,yes,yes,high observed ZT; important candidate for paper; high predicted ZT,https://doi.org/10.1002/adfm.202008851
10.1002_adfm.202008851__sample_41918,true_positive,1.0,unknown,p,Bi0.5Sb1.5Te3C0.28,10.1002/adfm.202008851,,1.352309,1.2917028560299801,1.3556404783940226,0.14288517889968874,0.13737560666454604,False,True,True,65,yes,yes,high observed ZT; important candidate for paper; high predicted ZT,https://doi.org/10.1002/adfm.202008851
10.1002_adfm.202008851__sample_41919,true_positive,1.0,unknown,p,Bi0.5Sb1.5Te3C0.34,10.1002/adfm.202008851,,1.309889,1.2450210227844185,1.3191022760191606,0.11621628472154708,0.11409446787695052,False,True,True,65,yes,yes,high observed ZT; important candidate for paper; high predicted ZT,https://doi.org/10.1002/adfm.202008851
10.1002_adfm.202008851__sample_41925,false_negative,1.0,unknown,p,Bi0.5Sb1.5Te3,10.1002/adfm.202008851,,1.031335,0.8806649590742991,1.0244213483449038,0.123730541341025,0.13138447507636533,False,True,True,90,yes,yes,high observed ZT; high-ZT false negative; important candidate for paper; carried from Step14,https://doi.org/10.1002/adfm.202008851
10.1002_adfm.202008851__sample_41926,true_positive,1.0,unknown,p,Bi0.5Sb1.5Te3,10.1002/adfm.202008851,,1.273568,1.1676550614685246,1.1594467884128477,0.16991266358754167,0.1724153152546984,False,True,True,65,yes,yes,high observed ZT; important candidate for paper; high predicted ZT,https://doi.org/10.1002/adfm.202008851
10.1002_adfm.202008851__sample_41927,true_positive,1.0,unknown,p,Bi0.5Sb1.5Te3C0.17,10.1002/adfm.202008851,,1.550507,1.431862658733454,1.53133232505516,0.1603411620691494,0.15956883837758598,False,True,True,65,yes,yes,high observed ZT; important candidate for paper; high predicted ZT,https://doi.org/10.1002/adfm.202008851
10.1002_adfm.202008851__sample_41928,true_positive,1.0,unknown,p,Bi0.5Sb1.5Te3C0.28,10.1002/adfm.202008851,,1.630506,1.596304743559256,1.635591335027092,0.13066503223421597,0.13073554215551442,False,True,True,65,yes,yes,high observed ZT; important candidate for paper; high predicted ZT,https://doi.org/10.1002/adfm.202008851
10.1002_adfm.202008851__sample_41929,true_positive,1.0,unknown,p,Bi0.5Sb1.5Te3C0.28,10.1002/adfm.202008851,,1.492267,1.457209060330827,1.487743054111362,0.12874004329979472,0.1239192942365292,False,True,True,65,yes,yes,high observed ZT; important candidate for paper; high predicted ZT,https://doi.org/10.1002/adfm.202008851
10.1002_adfm.202102185__sample_45225,false_positive,1.0,unknown,p,PbS,10.1002/adfm.202102185,,0.8034292,2.1117370620500404,0.8446876982125919,0.709761142324516,0.6225381933041576,False,False,True,60,yes,yes,high-ZT false positive; important candidate for paper; high predicted ZT; carried from Step14,https://doi.org/10.1002/adfm.202102185
10.1002_adfm.202102185__sample_45226,false_positive,1.0,unknown,p,PbSCu0.01,10.1002/adfm.202102185,,0.7901235,1.7407330788840623,0.6960999353092573,0.827315582054726,0.8853184400980931,False,False,True,60,yes,yes,high-ZT false positive; important candidate for paper; high predicted ZT; carried from Step14,https://doi.org/10.1002/adfm.202102185
10.1002_adfm.202102185__sample_45227,false_positive,1.0,unknown,p,Pb0.99Cu0.01S,10.1002/adfm.202102185,,0.7640729,1.711815526955876,0.7611765196211342,0.745217890736854,0.5400288509370156,False,False,True,60,yes,yes,high-ZT false positive; important candidate for paper; high predicted ZT; carried from Step14,https://doi.org/10.1002/adfm.202102185
10.1002_adfm.202102185__sample_45228,true_positive,1.0,unknown,p,Pb0.99Cu0.01SCu0.01,10.1002/adfm.202102185,,1.16774,2.3939352818684903,1.14020323586149,0.8185995081929501,0.6714550104492407,False,False,True,60,yes,yes,high observed ZT; important candidate for paper; high predicted ZT,https://doi.org/10.1002/adfm.202102185
10.1002_adfm.202102185__sample_45233,false_positive,1.0,unknown,p,PbSCu0.0025,10.1002/adfm.202102185,,0.7874193,1.6350800957846305,0.8344300085961162,0.6213083845175361,0.6646406155649166,False,False,True,60,yes,yes,high-ZT false positive; important candidate for paper; high predicted ZT; carried from Step14,https://doi.org/10.1002/adfm.202102185
10.1002_adfm.202102185__sample_45234,false_positive,1.0,unknown,p,PbSCu0.005,10.1002/adfm.202102185,,0.9109336,2.17983857252778,0.9234357539753396,0.8021255513894421,0.6712613683073919,False,False,True,60,yes,yes,high-ZT false positive; important candidate for paper; high predicted ZT; carried from Step14,https://doi.org/10.1002/adfm.202102185
10.1002_adfm.202102185__sample_45235,false_positive,1.0,unknown,p,PbSCu0.015,10.1002/adfm.202102185,,0.7328137,1.6696458739355202,0.7532533641775891,0.773883992627984,0.6567521949769723,False,False,True,60,yes,yes,high-ZT false positive; important candidate for paper; high predicted ZT; carried from Step14,https://doi.org/10.1002/adfm.202102185
10.1002_adfm.202102185__sample_45236,false_positive,1.0,unknown,p,Pb0.995Cu0.005S,10.1002/adfm.202102185,,0.7786561,1.6312378656421254,0.967197212004346,0.6266403211373304,0.5420982477121494,False,False,True,60,yes,yes,high-ZT false positive; important candidate for paper; high predicted ZT; carried from Step14,https://doi.org/10.1002/adfm.202102185
10.1002_adfm.202102185__sample_45237,false_positive,1.0,unknown,p,Pb0.985Cu0.015S,10.1002/adfm.202102185,,0.8722871,1.5105582455190671,0.8429085273775148,0.7798980760404013,0.5764437563171999,False,False,True,70,yes,yes,high-ZT false positive; important candidate for paper; high predicted ZT; carried from Step14,https://doi.org/10.1002/adfm.202102185
10.1002_adfm.202102185__sample_45238,false_positive,1.0,unknown,p,Pb0.98Cu0.02S,10.1002/adfm.202102185,,0.6917334,1.9710000434450727,0.6963031516293967,0.7905512434800883,0.7135496379614801,False,False,True,60,yes,yes,high-ZT false positive; important candidate for paper; high predicted ZT; carried from Step14,https://doi.org/10.1002/adfm.202102185
10.1002_adfm.202102185__sample_45239,false_positive,1.0,unknown,p,Pb0.9975Cu0.0025SCu0.0025,10.1002/adfm.202102185,,0.9556882,2.2368101312353055,0.9694825109332256,0.4397480565380927,0.6217653061780724,False,False,True,60,yes,yes,high-ZT false positive; important candidate for paper; high predicted ZT; carried from Step14,https://doi.org/10.1002/adfm.202102185
10.1002_adfm.202102185__sample_45240,true_positive,1.0,unknown,p,Pb0.995Cu0.005SCu0.005,10.1002/adfm.202102185,,1.037244,2.2101178297447435,1.0943025460807143,0.6997505538214929,0.5642820679228574,False,False,True,60,yes,yes,high observed ZT; important candidate for paper; high predicted ZT,https://doi.org/10.1002/adfm.202102185
10.1002_adfm.202102185__sample_45241,false_positive,1.0,unknown,p,Pb0.985Cu0.015SCu0.015,10.1002/adfm.202102185,,0.7677663,1.342406567297719,0.681596522360896,0.48294133792970345,0.5679923277452295,False,False,True,60,yes,yes,high-ZT false positive; important candidate for paper; high predicted ZT; carried from Step14,https://doi.org/10.1002/adfm.202102185
10.1002_adfm.202103197__sample_44630,true_positive,1.0,unknown,p,AgMnGeSbTe4,10.1002/adfm.202103197,,1.097226,1.0128304854073167,0.9401381315889464,0.10173874138781919,0.09629418587887635,False,True,True,65,yes,yes,high observed ZT; important candidate for paper; high predicted ZT,https://doi.org/10.1002/adfm.202103197
10.1002_adfm.202103197__sample_44631,true_positive,1.0,unknown,p,(AgMnGeSbTe4)0.99(Ag8GeTe6)0.01,10.1002/adfm.202103197,,1.269166,1.232242440362394,1.1347030576511363,0.1480085954868121,0.16026109340316752,False,True,True,65,yes,yes,high observed ZT; important candidate for paper; high predicted ZT,https://doi.org/10.1002/adfm.202103197
10.1002_adfm.202103197__sample_44633,true_positive,1.0,unknown,p,(AgMnGeSbTe4)0.97(Ag8GeTe6)0.03,10.1002/adfm.202103197,,1.092992,1.0650419722425544,1.162596553245884,0.08933577145511691,0.14052762124579976,False,True,True,65,yes,yes,high observed ZT; important candidate for paper; high predicted ZT,https://doi.org/10.1002/adfm.202103197
10.1002_adfm.202103197__sample_44634,true_positive,1.0,unknown,p,(AgMnGeSbTe4)0.96(Ag8GeTe6)0.04,10.1002/adfm.202103197,,1.091307,1.158958267419648,1.0926437662939266,0.17605178362621518,0.17349385413285992,False,True,True,65,yes,yes,high observed ZT; important candidate for paper; high predicted ZT,https://doi.org/10.1002/adfm.202103197
10.1002_adma.200502770__sample_13687,true_positive,1.0,unknown,p,Ag0.5Pb6Sn2Sb0.2Te10,10.1002/adma.200502770,,1.423625,2.096436929013739,1.2251382256404748,0.20890828660557154,0.3240933504668884,False,True,True,75,yes,yes,high observed ZT; important candidate for paper; high predicted ZT,https://doi.org/10.1002/adma.200502770
10.1002_adma.201301675__sample_20785,false_negative,1.0,unknown,p,Pb0.06BiCuSeO,10.1002/adma.201301675,,1.135241,0.9691193269570486,0.8830752753499548,0.1397393057520107,0.08616644668962463,False,True,True,90,yes,yes,high observed ZT; high-ZT false negative; important candidate for paper; carried from Step14,https://doi.org/10.1002/adma.201301675
10.1002_adma.201400515__sample_7653,false_negative,1.0,unknown,p,Cu1.98S,10.1002/adma.201400515,,1.362581,0.5571696810831649,1.062409738958936,0.5386682908409537,0.4755604540775953,False,False,False,90,yes,yes,high observed ZT; high-ZT false negative; important candidate for paper; carried from Step14,https://doi.org/10.1002/adma.201400515
10.1002_adma.201400515__sample_7654,false_negative,1.0,unknown,p,Cu1.97S,10.1002/adma.201400515,,1.553548,0.5318182689261721,1.097835203305677,,0.5155755004714541,False,False,False,90,yes,yes,high observed ZT; high-ZT false negative; important candidate for paper; carried from Step14,https://doi.org/10.1002/adma.201400515
10.1002_adma.201501030__sample_42635,false_positive,1.0,unknown,p,Cu2S0.52Te0.48,10.1002/adma.201501030,,0.4897661,1.4105977070663895,1.9918292200113328,1.0244498648615816,0.320075833669415,False,True,True,100,yes,yes,high-ZT false positive; important candidate for paper; high predicted ZT; carried from Step14,https://doi.org/10.1002/adma.201501030
10.1002_adma.201501970__sample_6417,true_positive,1.0,unknown,n,Na2.19Ga2.19Sn3.81,10.1002/adma.201501970,,,1.218272164774711,1.196237494478724,,0.11930680717790092,False,True,False,30,no,yes,high predicted ZT,https://doi.org/10.1002/adma.201501970
10.1002_adma.201705942__sample_31967,false_positive,1.0,unknown,p,GeTe,10.1002/adma.201705942,,0.9395894,1.65776918924827,0.9098048069389234,0.4203431696314171,0.41242996600332915,False,True,True,65,yes,yes,high-ZT false positive; important candidate for paper; high predicted ZT; carried from Step14,https://doi.org/10.1002/adma.201705942
10.1002_adma.201705942__sample_31968,true_positive,1.0,unknown,p,Ge0.95Sb0.05Te,10.1002/adma.201705942,,1.397067,1.815458348744785,1.2992880403154785,0.21546367022182045,0.2078567866489951,False,True,True,65,yes,yes,high observed ZT; important candidate for paper; high predicted ZT,https://doi.org/10.1002/adma.201705942
10.1002_adma.201705942__sample_31969,true_positive,1.0,unknown,p,Ge0.9Sb0.1Te,10.1002/adma.201705942,,1.725513,1.6180158083914955,1.6864853380328115,0.16144031437044207,0.13111281026456748,False,True,True,65,yes,yes,high observed ZT; important candidate for paper; high predicted ZT,https://doi.org/10.1002/adma.201705942
10.1002_adma.201705942__sample_31970,false_negative,1.0,unknown,p,Ge0.88Sb0.12Te,10.1002/adma.201705942,,1.53783,0.9552443002942465,1.5409190210230352,0.46698826054102976,0.5186845544250624,False,True,True,90,yes,yes,high observed ZT; high-ZT false negative; important candidate for paper; carried from Step14,https://doi.org/10.1002/adma.201705942
10.1002_adma.201705942__sample_31971,true_positive,1.0,unknown,p,Ge0.895Sb0.1In0.005Te,10.1002/adma.201705942,,1.790029,1.5642273922196772,1.8367600511678652,0.1906306932635084,0.21899173666506896,False,True,True,65,yes,yes,high observed ZT; important candidate for paper; high predicted ZT,https://doi.org/10.1002/adma.201705942
10.1002_adma.201705942__sample_31972,true_positive,1.0,unknown,p,Ge0.893Sb0.1In0.007Te,10.1002/adma.201705942,,1.989443,1.7335870773932274,2.004517740307434,0.2114355597032625,0.2223246325292689,False,True,True,65,yes,yes,high observed ZT; important candidate for paper; high predicted ZT,https://doi.org/10.1002/adma.201705942
10.1002_adma.201705942__sample_31973,true_positive,1.0,unknown,p,Ge0.89Sb0.1In0.01Te,10.1002/adma.201705942,,2.276833,1.786887955007842,2.3232014023759406,0.35553079134664817,0.3924742281961346,False,True,True,65,yes,yes,high observed ZT; important candidate for paper; high predicted ZT,https://doi.org/10.1002/adma.201705942
10.1002_adma.201705942__sample_31974,true_positive,1.0,unknown,p,Ge 0.888Sb0.1In0.012Te,10.1002/adma.201705942,,2.042229,1.5596266671529255,2.4068645028886566,0.31482190590036696,0.4039390844232713,False,True,True,65,yes,yes,high observed ZT; important candidate for paper; high predicted ZT,https://doi.org/10.1002/adma.201705942
10.1002_adma.202102575__sample_46214,false_positive,1.0,unknown,p,GeTe,10.1002/adma.202102575,,0.8474576,1.4525048622639143,0.8458812053736342,0.46662436094405324,0.46763444074376187,False,True,True,75,yes,yes,high-ZT false positive; important candidate for paper; high predicted ZT; carried from Step14,https://doi.org/10.1002/adma.202102575
10.1002_adma.202102575__sample_46215,true_positive,1.0,unknown,p,Ge0.98Ta0.02Te,10.1002/adma.202102575,,1.353325,1.9850255707432545,1.3602267832126198,0.32167662840732497,0.3288155146712349,False,True,True,65,yes,yes,high observed ZT; important candidate for paper; high predicted ZT,https://doi.org/10.1002/adma.202102575
10.1002_adma.202102575__sample_46216,true_positive,1.0,unknown,p,Ge0.95Ta0.05Te,10.1002/adma.202102575,,1.102999,1.5780733687807889,1.114131457673658,0.3291372510662391,0.3181040971311915,False,True,True,65,yes,yes,high observed ZT; important candidate for paper; high predicted ZT,https://doi.org/10.1002/adma.202102575
10.1002_adma.202102575__sample_46217,true_positive,1.0,unknown,p,Ge0.92Ta0.02Sb0.06Te,10.1002/adma.202102575,,1.478488,1.5824779509332185,1.4700526243924166,0.0656014594051655,0.11643530976444134,False,True,True,75,yes,yes,high observed ZT; important candidate for paper; high predicted ZT,https://doi.org/10.1002/adma.202102575
10.1002_adma.202102575__sample_46218,true_positive,1.0,unknown,p,Ge0.90Ta0.02Sb0.08Te,10.1002/adma.202102575,,1.97914,1.9240249930780835,1.9670953770595856,0.0675355162862843,0.06727709002906368,False,True,True,65,yes,yes,high observed ZT; important candidate for paper; high predicted ZT,https://doi.org/10.1002/adma.202102575
10.1002_adma.202102575__sample_46219,true_positive,1.0,unknown,p,Ge0.88Ta0.02Sb0.10Te,10.1002/adma.202102575,,1.984355,1.6444482007584342,2.0039953836026165,0.16240477541737103,0.13066068951286466,False,True,True,65,yes,yes,high observed ZT; important candidate for paper; high predicted ZT,https://doi.org/10.1002/adma.202102575
10.1002_adma.202102575__sample_46229,false_negative,1.0,unknown,p,Ge0.99Ta0.01Te1,10.1002/adma.202102575,,1.197065,0.1930615580752674,0.1370450349161181,0.8814626646062481,0.2603899997036029,False,True,True,90,yes,yes,high observed ZT; high-ZT false negative; important candidate for paper; carried from Step14,https://doi.org/10.1002/adma.202102575
10.1002_adma.202102575__sample_46230,false_negative,1.0,unknown,p,Ge0.97Ta0.03Te1,10.1002/adma.202102575,,1.354667,0.1861275680442202,0.1313561979807081,0.8864299193631485,0.2542777628223952,False,True,True,90,yes,yes,high observed ZT; high-ZT false negative; important candidate for paper; carried from Step14,https://doi.org/10.1002/adma.202102575
10.1002_adma.202102575__sample_46231,false_negative,1.0,unknown,p,Ge0.96Ta0.04Te1,10.1002/adma.202102575,,1.295996,0.18265599508563923,0.1267859682202696,0.8784533745354092,0.34343667647418613,False,True,True,90,yes,yes,high observed ZT; high-ZT false negative; important candidate for paper; carried from Step14,https://doi.org/10.1002/adma.202102575
10.1002_advs.201600035__sample_31641,false_negative,1.0,unknown,p,Fe1.03Nb0.75Ti0.25Sb,10.1002/advs.201600035,,1.188465,0.13545230891046695,0.2250152977745028,0.37670146137677857,0.39803066613626714,False,True,True,100,yes,yes,high observed ZT; high-ZT false negative; important candidate for paper; carried from Step14,https://doi.org/10.1002/advs.201600035
10.1002_advs.201600035__sample_31642,true_positive,1.0,unknown,p,Fe1.05Nb0.75Ti0.25Sb,10.1002/advs.201600035,,1.045564,4.802740136384267,1.3240787223873716,0.31453282146225997,1.4801633717041183,False,True,True,95,yes,yes,high observed ZT; important candidate for paper; high predicted ZT; carried from Step14,https://doi.org/10.1002/advs.201600035
10.1002_advs.201600035__sample_31643,true_positive,1.0,unknown,p,Fe1.08Nb0.75Ti0.25Sb,10.1002/advs.201600035,,1.026865,5.531548021150386,1.3348447633883107,,1.6128556410412627,False,True,True,135,yes,yes,high observed ZT; large ZT prediction error; important candidate for paper; high predicted ZT; carried from Step14,https://doi.org/10.1002/advs.201600035
10.1002_advs.201800278__sample_15613,false_positive,1.0,unknown,p,Nb0.95Hf0.05FeSb,10.1002/advs.201800278,,0.789352,2.133999473307582,0.8648810176082989,0.1493170054279055,0.4705195919536277,False,True,True,65,yes,yes,high-ZT false positive; important candidate for paper; high predicted ZT; carried from Step14,https://doi.org/10.1002/advs.201800278
10.1002_aelm.201901178__sample_35288,true_positive,1.0,unknown,p,Bi0.5Sb1.5Te3,10.1002/aelm.201901178,,1.177123,1.1296838122930424,1.1785273141466033,0.05734787256476969,0.057005866278650286,False,True,True,65,yes,yes,high observed ZT; important candidate for paper; high predicted ZT,https://doi.org/10.1002/aelm.201901178
10.1002_aelm.201901178__sample_35290,true_positive,1.0,unknown,p,Mg0.005Bi0.5Sb1.495Te3,10.1002/aelm.201901178,,1.316414,1.239997583425496,1.3213427681521073,0.09422879648500596,0.09217963047726785,False,True,True,65,yes,yes,high observed ZT; important candidate for paper; high predicted ZT,https://doi.org/10.1002/aelm.201901178
10.1002_aelm.201901178__sample_35291,true_positive,1.0,unknown,p,Mg0.01Bi0.5Sb1.49Te3,10.1002/aelm.201901178,,1.35178,1.3427936142309027,1.3553323845839904,0.13190010697832782,0.1425140660516561,False,True,True,65,yes,yes,high observed ZT; important candidate for paper; high predicted ZT,https://doi.org/10.1002/aelm.201901178
10.1002_aelm.201901178__sample_35293,true_positive,1.0,unknown,p,Mg0.015Bi0.5Sb1.485Te3,10.1002/aelm.201901178,,1.360948,1.3547359048756178,1.3142411073619755,0.10880337201836274,0.12864837324073253,False,True,True,65,yes,yes,high observed ZT; important candidate for paper; high predicted ZT,https://doi.org/10.1002/aelm.201901178
10.1002_aelm.201901178__sample_35302,false_positive,1.0,unknown,p,Mg0.01In0.1Sb1.89Te3,10.1002/aelm.201901178,,0.8375329,1.1205450394278351,0.83386875388087,0.274772527447421,0.29168922224093374,False,True,True,75,yes,yes,high-ZT false positive; important candidate for paper; high predicted ZT; carried from Step14,https://doi.org/10.1002/aelm.201901178
10.1002_aelm.201901178__sample_35303,false_positive,1.0,unknown,p,Mg0.02In0.1Sb1.88Te3,10.1002/aelm.201901178,,0.9401673,1.3624039143254132,0.929601197204174,0.19012575913196905,0.17604006212317125,False,True,True,65,yes,yes,high-ZT false positive; important candidate for paper; high predicted ZT; carried from Step14,https://doi.org/10.1002/aelm.201901178
10.1002_aelm.201901178__sample_35305,false_positive,1.0,unknown,p,Mg0.03In0.1Sb1.87Te3,10.1002/aelm.201901178,,0.9447852,1.3360533124025613,0.9339464185745427,0.1624403005262729,0.1502074169738005,False,True,True,65,yes,yes,high-ZT false positive; important candidate for paper; high predicted ZT; carried from Step14,https://doi.org/10.1002/aelm.201901178
10.1002_aelm.201901391__sample_34787,false_positive,1.0,unknown,n,Mg3.1975La0.0025Sb1.5Bi0.5,10.1002/aelm.201901391,,0.9309966,1.1001508166137806,0.9256131625893864,0.0860853097245688,0.09137417029370594,False,True,True,65,yes,yes,high-ZT false positive; important candidate for paper; high predicted ZT; carried from Step14,https://doi.org/10.1002/aelm.201901391
10.1002_aelm.201901391__sample_34788,true_positive,1.0,unknown,n,Mg3.195La0.005Sb1.5Bi0.5,10.1002/aelm.201901391,,1.533396,1.8064336674071013,1.5247771373162278,0.22674055115900618,0.22513939377244727,False,True,True,65,yes,yes,high observed ZT; important candidate for paper; high predicted ZT,https://doi.org/10.1002/aelm.201901391
10.1002_aelm.201901391__sample_34789,true_positive,1.0,unknown,n,Mg3.19La0.01Sb1.5Bi0.5,10.1002/aelm.201901391,,1.557617,2.2402972072897187,1.5470456702148363,0.15956658167061877,0.14811602636603666,False,True,True,65,yes,yes,high observed ZT; important candidate for paper; high predicted ZT,https://doi.org/10.1002/aelm.201901391
10.1002_aelm.201901391__sample_34790,true_positive,1.0,unknown,n,Mg3.185La0.015Sb1.5Bi0.5,10.1002/aelm.201901391,,1.469018,1.8952534368145173,1.4749983153635529,0.1720301546046439,0.17699436165659466,False,True,True,65,yes,yes,high observed ZT; important candidate for paper; high predicted ZT,https://doi.org/10.1002/aelm.201901391
10.1002_aelm.201901391__sample_34791,true_positive,1.0,unknown,n,Mg3.18La0.02Sb1.5Bi0.5,10.1002/aelm.201901391,,1.317519,1.777883849307559,1.3215502507883437,0.11994366182965001,0.11706402544923049,False,True,True,65,yes,yes,high observed ZT; important candidate for paper; high predicted ZT,https://doi.org/10.1002/aelm.201901391
10.1002_aelm.201901391__sample_34793,true_positive,1.0,unknown,n,Mg3.195Ce0.005Sb1.5Bi0.5,10.1002/aelm.201901391,,1.310723,1.4692338791426176,1.2395587942777493,0.3626626544991503,0.3478260433916854,False,True,True,65,yes,yes,high observed ZT; important candidate for paper; high predicted ZT,https://doi.org/10.1002/aelm.201901391
10.1002_aelm.201901391__sample_34795,true_positive,1.0,unknown,n,Mg3.19Ce0.01Sb1.5Bi0.5,10.1002/aelm.201901391,,1.494264,1.7676410517710464,1.5067881860131052,0.20925102673481843,0.20823550207118458,False,True,True,65,yes,yes,high observed ZT; important candidate for paper; high predicted ZT,https://doi.org/10.1002/aelm.201901391
10.1002_aelm.201901391__sample_34796,true_positive,1.0,unknown,n,Mg3.185Ce0.015Sb1.5Bi0.5,10.1002/aelm.201901391,,1.404489,1.8412478004737345,1.3993492181183071,0.19517076729294963,0.18814374949039778,False,True,True,65,yes,yes,high observed ZT; important candidate for paper; high predicted ZT,https://doi.org/10.1002/aelm.201901391
10.1002_aelm.202100173__sample_44672,true_positive,1.0,unknown,p,Bi0.4Sb1.6Te3,10.1002/aelm.202100173,,1.307733,1.2293656718667931,1.3133094478823435,0.07054041840655254,0.0654685527439756,False,True,True,65,yes,yes,high observed ZT; important candidate for paper; high predicted ZT,https://doi.org/10.1002/aelm.202100173
10.1002_aelm.202100173__sample_44673,true_positive,1.0,unknown,p,Bi0.4Sb1.595Te3(MgB2)0.005,10.1002/aelm.202100173,,1.338151,1.269058579930875,1.3589598083915757,0.09987356492971514,0.10062618624303674,False,True,True,75,yes,yes,high observed ZT; important candidate for paper; high predicted ZT,https://doi.org/10.1002/aelm.202100173
10.1002_aelm.202100173__sample_44674,true_positive,1.0,unknown,p,Bi0.4Sb1.59Te3(MgB2)0.01,10.1002/aelm.202100173,,1.21291,1.1973473282073435,1.2758709394712866,0.08606771441023892,0.12848848570754964,False,True,True,75,yes,yes,high observed ZT; important candidate for paper; high predicted ZT,https://doi.org/10.1002/aelm.202100173
10.1002_aelm.202100173__sample_44675,true_positive,1.0,unknown,p,Bi0.4Sb1.585Te3(MgB2)0.015,10.1002/aelm.202100173,,1.073162,1.125665375130158,1.1018103233552543,0.1924504011075283,0.13711775551639097,False,True,True,75,yes,yes,high observed ZT; important candidate for paper; high predicted ZT,https://doi.org/10.1002/aelm.202100173
10.1002_aenm.201000072__sample_15209,false_negative,1.0,unknown,n,(Ag0.01PbTe)0.945(Ag2Te)0.055,10.1002/aenm.201000072,,1.123745,0.6398754962539888,0.830774530978185,0.8962563067744143,0.528880424857278,False,True,True,100,yes,yes,high observed ZT; high-ZT false negative; important candidate for paper; carried from Step14,https://doi.org/10.1002/aenm.201000072
10.1002_aenm.201200083__sample_182,false_positive,1.0,unknown,n,Sn0.13Pb0.84Cd0.03Te1,10.1002/aenm.201200083,,,2.015207520578846,0.815079283304167,,0.4880422872821631,False,True,True,35,no,yes,high predicted ZT,https://doi.org/10.1002/aenm.201200083
10.1002_aenm.201200083__sample_200,false_positive,1.0,unknown,p,Sn0.81Pb0.16Cd0.03Te1,10.1002/aenm.201200083,,,1.395598933564472,0.7867093953999088,,0.3188503354074239,False,True,True,35,no,yes,high predicted ZT,https://doi.org/10.1002/aenm.201200083
10.1002_aenm.201200083__sample_227,false_positive,1.0,unknown,p,Sn0.62Pb0.35Cd0.03Te1,10.1002/aenm.201200083,,,1.227341429197688,0.6930114433649983,,0.6349903004428181,False,True,True,35,no,yes,high predicted ZT,https://doi.org/10.1002/aenm.201200083
10.1002_aenm.201200083__sample_318,true_positive,1.0,unknown,n,Sn0.26Pb0.71Cd0.03Te1,10.1002/aenm.201200083,,,1.8978934906378613,1.122482595713599,,0.4921226521392285,False,True,True,35,no,yes,high predicted ZT,https://doi.org/10.1002/aenm.201200083
10.1002_aenm.201200083__sample_320,false_positive,1.0,unknown,n,Sn0.19Pb0.78Cd0.03Te1,10.1002/aenm.201200083,,,1.8322648247374471,0.9915865816704512,,0.35699891154554947,False,True,True,35,no,yes,high predicted ZT,https://doi.org/10.1002/aenm.201200083
10.1002_aenm.201200083__sample_368,false_positive,1.0,unknown,p,Sn0.87Pb0.10Cd0.03Te1,10.1002/aenm.201200083,,,1.087431036600268,0.6096948700387886,,0.2624399667819838,False,True,True,35,no,yes,high predicted ZT,https://doi.org/10.1002/aenm.201200083
10.1002_aenm.201200973__sample_10288,true_positive,1.0,unknown,p,(Hf0.44Zr0.44Ti0.12)CoSb0.8Sn0.2,10.1002/aenm.201200973,,1.026269,1.0665361308373726,1.0151313063087986,0.11191114604105952,0.20826109200018744,False,True,True,65,yes,yes,high observed ZT; important candidate for paper; high predicted ZT,https://doi.org/10.1002/aenm.201200973
10.1002_aenm.201400348__sample_13676,false_negative,1.0,unknown,p,Tl7.95Sn2.05Te6,10.1002/aenm.201400348,,1.092151,0.32916460234541917,0.4665405759681081,0.26377856778031944,0.29445664685782813,False,True,True,100,yes,yes,high observed ZT; high-ZT false negative; important candidate for paper; carried from Step14,https://doi.org/10.1002/aenm.201400348
10.1002_aenm.201400348__sample_13677,false_negative,1.0,unknown,p,Tl4SnTe3,10.1002/aenm.201400348,,1.070921,0.7659541149679477,0.6620955755244754,0.20391694890928616,0.15686336426761555,False,True,True,100,yes,yes,high observed ZT; high-ZT false negative; important candidate for paper; carried from Step14,https://doi.org/10.1002/aenm.201400348
10.1002_aenm.201400348__sample_13679,false_positive,1.0,unknown,p,Tl4PbTe3,10.1002/aenm.201400348,,,1.4513962288015239,0.7712840966094789,,0.524640585289904,False,True,True,35,no,yes,high predicted ZT,https://doi.org/10.1002/aenm.201400348
10.1002_aenm.201401391__sample_1407,true_positive,1.0,unknown,p,Bi0.5Sb1.5Te3,10.1002/aenm.201401391,,1.091994,1.0897310848598551,1.1332018409090912,0.05328636025989326,0.08281398153976936,False,True,True,65,yes,yes,high observed ZT; important candidate for paper; high predicted ZT,https://doi.org/10.1002/aenm.201401391
10.1002_aenm.201401391__sample_1408,true_positive,1.0,unknown,p,Bi0.5Sb1.5Te3,10.1002/aenm.201401391,,1.098721,1.0448252095324126,1.0917476136890951,0.04935886102652986,0.06336489993148434,False,True,True,65,yes,yes,high observed ZT; important candidate for paper; high predicted ZT,https://doi.org/10.1002/aenm.201401391
10.1002_aenm.201401391__sample_1409,true_positive,1.0,unknown,p,Bi0.5Sb1.5Te3,10.1002/aenm.201401391,,1.124187,1.065590157811444,1.1093761892523364,0.07150699962728298,0.06131549520316701,False,True,True,65,yes,yes,high observed ZT; important candidate for paper; high predicted ZT,https://doi.org/10.1002/aenm.201401391
10.1002_aenm.201401391__sample_1410,true_positive,1.0,unknown,p,Bi0.5Sb1.5Te3,10.1002/aenm.201401391,,1.143107,1.121239799620783,1.1934943113636365,0.08225666329822967,0.0899869011039247,False,True,True,65,yes,yes,high observed ZT; important candidate for paper; high predicted ZT,https://doi.org/10.1002/aenm.201401391
10.1002_aenm.201500411__sample_1411,false_positive,1.0,unknown,n,Bi2Te2.79Se 0.21,10.1002/aenm.201500411,,0.9462187,1.7752567892106375,1.707022322580645,0.4430962576074839,0.058434592187160427,False,True,True,65,yes,yes,high-ZT false positive; important candidate for paper; high predicted ZT; carried from Step14,https://doi.org/10.1002/aenm.201500411
10.1002_aenm.201500411__sample_1412,true_positive,1.0,unknown,n,Bi2Te2.79Se 0.21,10.1002/aenm.201500411,,1.022611,1.2040374641984366,1.2255324107142855,0.1390683400189184,0.07051809989629566,False,True,True,65,yes,yes,high observed ZT; important candidate for paper; high predicted ZT,https://doi.org/10.1002/aenm.201500411
10.1002_aenm.201500411__sample_1413,true_positive,1.0,unknown,n,Bi2Te2.79Se 0.21,10.1002/aenm.201500411,,1.18575,1.2404079895296996,1.3350912,0.07990310628155738,0.07479633658807376,False,True,True,65,yes,yes,high observed ZT; important candidate for paper; high predicted ZT,https://doi.org/10.1002/aenm.201500411
10.1002_aenm.201500411__sample_1415,false_positive,1.0,unknown,n,Bi2Te2.79Se 0.21,10.1002/aenm.201500411,,0.8150682,1.2234815452482048,1.1892196610169494,0.2515894549592432,0.12479832272097761,False,True,True,65,yes,yes,high-ZT false positive; important candidate for paper; high predicted ZT; carried from Step14,https://doi.org/10.1002/aenm.201500411
10.1002_aenm.201500411__sample_1416,false_positive,1.0,unknown,n,Bi2Te2.79Se 0.21,10.1002/aenm.201500411,,0.6656111,1.2194341712861951,1.1481144897102058,0.6498968770646781,0.1364457922363949,False,True,True,65,yes,yes,high-ZT false positive; important candidate for paper; high predicted ZT; carried from Step14,https://doi.org/10.1002/aenm.201500411
10.1002_aenm.201502423__sample_42692,false_positive,1.0,unknown,p,Bi0.92Ca0.04Pb0.04CuSeO,10.1002/aenm.201502423,,0.9778882,1.0702066478449268,0.9760014273494944,0.18046540048788065,0.16626933112229678,False,True,True,65,yes,yes,high-ZT false positive; important candidate for paper; high predicted ZT; carried from Step14,https://doi.org/10.1002/aenm.201502423
10.1002_aenm.201502423__sample_42693,true_positive,1.0,unknown,p,Bi0.88Ca0.06Pb0.06CuSeO,10.1002/aenm.201502423,,1.470229,1.726972371286091,1.4912917994247623,0.16419895173294,0.16105038314426456,False,True,True,65,yes,yes,high observed ZT; important candidate for paper; high predicted ZT,https://doi.org/10.1002/aenm.201502423
10.1002_aenm.201502423__sample_42694,false_positive,1.0,unknown,p,Bi0.84Ca0.08Pb0.08CuSeO,10.1002/aenm.201502423,,0.9306377,1.2925070898131985,0.9889015300509394,0.08804992165798003,0.11052288769530973,False,True,True,65,yes,yes,high-ZT false positive; important candidate for paper; high predicted ZT; carried from Step14,https://doi.org/10.1002/aenm.201502423
10.1002_aenm.201601450__sample_3187,true_positive,1.0,unknown,p,PbTeNa0.02(SrTe)0.04,10.1002/aenm.201601450,,1.823886,3.0491196262768496,2.041020150709405,0.1579948296722586,0.3407293530401386,False,True,True,75,yes,yes,high observed ZT; important candidate for paper; high predicted ZT,https://doi.org/10.1002/aenm.201601450
10.1002_aenm.201601450__sample_3189,false_negative,1.0,unknown,p,PbTe0.85Se0.15TeNa0.02(SrTe)0.04,10.1002/aenm.201601450,,2.059395,0.07734813197852951,0.1432460961826674,,0.4600332292483896,False,True,True,100,yes,yes,high observed ZT; high-ZT false negative; important candidate for paper; carried from Step14,https://doi.org/10.1002/aenm.201601450
10.1002_aenm.201601450__sample_3190,true_positive,1.0,unknown,p,PbTe0.75Se0.25TeNa0.02(SrTe)0.04,10.1002/aenm.201601450,,2.064717,3.2112954216055254,1.9978826132840823,0.33371567227790006,0.30590199492807807,False,True,True,75,yes,yes,high observed ZT; important candidate for paper; high predicted ZT,https://doi.org/10.1002/aenm.201601450
10.1002_aenm.201601450__sample_3192,true_positive,1.0,unknown,p,PbTe0.85Se0.15Na0.02,10.1002/aenm.201601450,,1.19941,2.8540751287028825,1.7441660386903015,,0.3482587513427556,False,True,True,75,yes,yes,high observed ZT; important candidate for paper; high predicted ZT,https://doi.org/10.1002/aenm.201601450
10.1002_aenm.201601450__sample_3193,true_positive,1.0,unknown,p,PbTeNa0.02(SrTe)0.04,10.1002/aenm.201601450,,1.98222,1.0326620857158901,0.8728742511201394,0.19027015056835478,0.21407988575554038,False,True,True,75,yes,yes,high observed ZT; important candidate for paper; high predicted ZT,https://doi.org/10.1002/aenm.201601450
10.1002_aenm.201601450__sample_3194,false_negative,1.0,unknown,p,PbTe0.85Se0.15Na0.02,10.1002/aenm.201601450,,1.712166,0.4333909967632904,0.5487952585120652,0.2753126691767213,0.21028655032783536,False,True,True,100,yes,yes,high observed ZT; high-ZT false negative; important candidate for paper; carried from Step14,https://doi.org/10.1002/aenm.201601450
10.1002_aenm.201601450__sample_3198,false_negative,1.0,unknown,p,PbTe0.85Se0.15Na0.02(SrTe)0.04,10.1002/aenm.201601450,,2.226909,0.5192136831800847,0.6797535579389168,0.27100278957628204,0.23617364393884993,False,True,True,100,yes,yes,high observed ZT; high-ZT false negative; important candidate for paper; carried from Step14,https://doi.org/10.1002/aenm.201601450
10.1002_aenm.201601450__sample_3199,true_positive,1.0,unknown,p,PbTe0.85Se0.15Na0.02(SrTe)0.05,10.1002/aenm.201601450,,1.602461,1.1698943737130139,1.2886301524916477,0.21248072971985527,0.29168675878095807,False,True,True,75,yes,yes,high observed ZT; important candidate for paper; high predicted ZT,https://doi.org/10.1002/aenm.201601450
10.1002_aenm.201700099__sample_31687,false_positive,1.0,unknown,n,Pb.985Sb0.015Te,10.1002/aenm.201700099,,0.8965779,1.3410318632326501,0.8876806067624727,,0.5107143864769437,False,True,True,75,yes,yes,high-ZT false positive; important candidate for paper; high predicted ZT; carried from Step14,https://doi.org/10.1002/aenm.201700099
10.1002_aenm.201700099__sample_31727,true_positive,1.0,unknown,n,Pb0.9875Sb0.0125Te,10.1002/aenm.201700099,,1.075237,1.409398176376649,1.1312412068992197,0.3107790899835562,0.3220933288098251,False,True,True,75,yes,yes,high observed ZT; important candidate for paper; high predicted ZT,https://doi.org/10.1002/aenm.201700099
10.1002_aenm.201700099__sample_31728,true_positive,1.0,unknown,n,Pb0.9875Sb0.0125Te0.96S0.04,10.1002/aenm.201700099,,1.200322,2.6150973037165883,1.2150576062057372,,0.8168335252356307,False,True,True,75,yes,yes,high observed ZT; important candidate for paper; high predicted ZT,https://doi.org/10.1002/aenm.201700099
10.1002_aenm.201700099__sample_31729,false_negative,1.0,unknown,n,Pb0.9875Sb0.0125Te0.92S0.08,10.1002/aenm.201700099,,1.174833,0.17772733285585687,0.3009983982549443,0.41741789344924773,0.40954060258711866,False,True,True,100,yes,yes,high observed ZT; high-ZT false negative; important candidate for paper; carried from Step14,https://doi.org/10.1002/aenm.201700099
10.1002_aenm.201700099__sample_31730,true_positive,1.0,unknown,n,Pb0.9875Sb0.0125Te0.88S0.12,10.1002/aenm.201700099,,1.320754,3.013899919374491,1.4051252124516964,0.576649533827278,0.5087177188003845,False,True,True,65,yes,yes,high observed ZT; important candidate for paper; high predicted ZT,https://doi.org/10.1002/aenm.201700099
10.1002_aenm.201701313__sample_31563,false_positive,1.0,unknown,p,(Nb0.76Ta0.24)0.8Ti0.2FeSb,10.1002/aenm.201701313,,0.7647059,7.327686186595663,1.4014109776175752,,4.2287917703148485,False,True,True,95,yes,yes,high-ZT false positive; important candidate for paper; high predicted ZT; carried from Step14,https://doi.org/10.1002/aenm.201701313
10.1002_aenm.201800775__sample_39703,false_negative,1.0,unknown,n,SnSb0.02Se0.96,10.1002/aenm.201800775,,1.093714,0.1046340740147344,1.0198604399469224,9.883872925683306,10.631617050325636,False,True,True,135,yes,yes,high observed ZT; high-ZT false negative; important candidate for paper; carried from Step14,https://doi.org/10.1002/aenm.201800775
10.1002_aenm.202000757__sample_86394,true_positive,1.0,unknown,p,,10.1002/aenm.202000757,,1.666,1.5591427895514134,1.612927204069264,0.17502640108618586,0.20074311372660675,False,False,False,55,yes,yes,high observed ZT; important candidate for paper; high predicted ZT,https://doi.org/10.1002/aenm.202000757
10.1002_aenm.202000888__sample_35992,true_positive,1.0,unknown,n,Hf0.5Zr0.5NiSn0.98Sb0.02,10.1002/aenm.202000888,,1.039453,1.3504829683388457,1.0381914257801006,0.16980587783821058,0.15994926692570516,False,True,True,65,yes,yes,high observed ZT; important candidate for paper; high predicted ZT,https://doi.org/10.1002/aenm.202000888
10.1002_aenm.202000888__sample_35993,false_positive,1.0,unknown,n,Hf0.5Zr0.5NiSn0.98Sb0.02,10.1002/aenm.202000888,,0.9464375,1.0980907382737595,0.90871563486018,0.19547300966991174,0.20574894501652036,False,True,True,65,yes,yes,high-ZT false positive; important candidate for paper; high predicted ZT; carried from Step14,https://doi.org/10.1002/aenm.202000888
10.1002_aenm.202000888__sample_36016,true_positive,1.0,unknown,n,Hf0.5Zr0.5NiSn0.98Sb0.02,10.1002/aenm.202000888,,1.020589,1.2835800952917626,1.0204068193166702,0.23253571668201525,0.20153809769869205,False,True,True,65,yes,yes,high observed ZT; important candidate for paper; high predicted ZT,https://doi.org/10.1002/aenm.202000888
10.1002_aenm.202000888__sample_36017,false_positive,1.0,unknown,n,Hf0.5Zr0.5NiSn0.98Sb0.02,10.1002/aenm.202000888,,0.9643193,1.2850974252366014,0.9763616105384514,0.18758221184048332,0.18334831119728318,False,True,True,65,yes,yes,high-ZT false positive; important candidate for paper; high predicted ZT; carried from Step14,https://doi.org/10.1002/aenm.202000888
10.1002_aenm.202000888__sample_36035,false_positive,1.0,unknown,n,Hf0.5Zr0.5NiSn0.98Sb0.02,10.1002/aenm.202000888,,0.987224,1.2625357204235732,0.9879520432726594,0.19404981613164662,0.18532657862611895,False,True,True,65,yes,yes,high-ZT false positive; important candidate for paper; high predicted ZT; carried from Step14,https://doi.org/10.1002/aenm.202000888
10.1002_aenm.202000888__sample_36036,false_positive,1.0,unknown,n,Hf0.5Zr0.5NiSn0.98Sb0.02,10.1002/aenm.202000888,,0.9847329,1.274961380278622,0.9796122300367072,0.15935832124002272,0.15506785104808873,False,True,True,65,yes,yes,high-ZT false positive; important candidate for paper; high predicted ZT; carried from Step14,https://doi.org/10.1002/aenm.202000888
10.1002_aenm.202000888__sample_36038,false_positive,1.0,unknown,p,(Nb0.8Ta0.2)0.8Ti0.2FeSb,10.1002/aenm.202000888,,0.9143885,4.216350595569652,0.8350491278116234,0.2535521718999432,0.8845339699399808,False,True,True,65,yes,yes,high-ZT false positive; important candidate for paper; high predicted ZT; carried from Step14,https://doi.org/10.1002/aenm.202000888
10.1002_aenm.202000888__sample_36039,true_positive,1.0,unknown,p,(Nb0.8Ta0.2)0.8Ti0.2FeSb,10.1002/aenm.202000888,,1.086286,5.362555892795332,1.0429097075523532,0.5920931535103571,0.5903901789107191,False,True,True,65,yes,yes,high observed ZT; important candidate for paper; high predicted ZT,https://doi.org/10.1002/aenm.202000888
10.1002_aenm.202000888__sample_36040,false_positive,1.0,unknown,p,(Nb0.8Ta0.2)0.8Ti0.2FeSb,10.1002/aenm.202000888,,0.9742052,4.720036144819032,0.9672340125986734,0.6734716965014722,0.5585717680796871,False,True,True,65,yes,yes,high-ZT false positive; important candidate for paper; high predicted ZT; carried from Step14,https://doi.org/10.1002/aenm.202000888
10.1002_aenm.202000888__sample_36041,true_positive,1.0,unknown,p,(Nb0.8Ta0.2)0.8Ti0.2FeSb,10.1002/aenm.202000888,,1.030553,5.323913270281745,1.1245205456820713,0.527837686553494,0.7973004408698054,False,True,True,65,yes,yes,high observed ZT; important candidate for paper; high predicted ZT,https://doi.org/10.1002/aenm.202000888
10.1002_aenm.202000888__sample_36042,false_positive,1.0,unknown,p,(Nb0.8Ta0.2)0.8Ti0.2FeSb,10.1002/aenm.202000888,,0.9369392,4.039354428323524,0.9439741580089456,0.5969543274913828,0.5861894233403575,False,True,True,65,yes,yes,high-ZT false positive; important candidate for paper; high predicted ZT; carried from Step14,https://doi.org/10.1002/aenm.202000888
10.1002_aenm.202101122__sample_44610,false_positive,1.0,unknown,p,SnTe,10.1002/aenm.202101122,,0.4663636,1.2054897470983195,0.4666831076487456,0.5113562739333593,0.4908204391781837,False,True,True,65,yes,yes,high-ZT false positive; important candidate for paper; high predicted ZT; carried from Step14,https://doi.org/10.1002/aenm.202101122
10.1002_aenm.202101122__sample_44611,false_positive,1.0,unknown,p,Sn0.99Ti0.01Te,10.1002/aenm.202101122,,0.5072727,1.2336496248413191,0.5118741412426406,0.5072057513754952,0.4937772938257139,False,True,True,65,yes,yes,high-ZT false positive; important candidate for paper; high predicted ZT; carried from Step14,https://doi.org/10.1002/aenm.202101122
10.1002_aenm.202101122__sample_44612,false_positive,1.0,unknown,p,Sn0.98Ti0.02Te,10.1002/aenm.202101122,,0.4622727,1.1617901848021364,0.4931365038590458,0.4949972156807844,0.48114384458347736,False,True,True,65,yes,yes,high-ZT false positive; important candidate for paper; high predicted ZT; carried from Step14,https://doi.org/10.1002/aenm.202101122
10.1002_aenm.202101122__sample_44613,false_positive,1.0,unknown,p,Sn0.97Ti0.03Te,10.1002/aenm.202101122,,0.5222727,1.1814390038292217,0.4625578177722915,0.42155130338980584,0.4752837395525427,False,True,True,65,yes,yes,high-ZT false positive; important candidate for paper; high predicted ZT; carried from Step14,https://doi.org/10.1002/aenm.202101122
10.1002_aenm.202101122__sample_44614,false_positive,1.0,unknown,p,Sn0.96Ti0.04Te,10.1002/aenm.202101122,,0.4640514,1.1284938195909664,0.4808065329171351,0.5071559004294605,0.49160579960621265,False,True,True,65,yes,yes,high-ZT false positive; important candidate for paper; high predicted ZT; carried from Step14,https://doi.org/10.1002/aenm.202101122
10.1002_aenm.202101122__sample_44615,false_positive,1.0,unknown,p,Sn0.95Ti0.05Te,10.1002/aenm.202101122,,0.4390909,1.0512107629882377,0.4459429233946789,0.43406874611806723,0.431384819558496,False,True,True,65,yes,yes,high-ZT false positive; important candidate for paper; high predicted ZT; carried from Step14,https://doi.org/10.1002/aenm.202101122
10.1002_aenm.202101122__sample_44620,false_positive,1.0,unknown,p,Sn0.99Zr0.01Te,10.1002/aenm.202101122,,0.5038174,1.4559217000097902,0.5108109707559791,0.5987242447744896,0.5782292814037325,False,True,True,65,yes,yes,high-ZT false positive; important candidate for paper; high predicted ZT; carried from Step14,https://doi.org/10.1002/aenm.202101122
10.1002_aenm.202101122__sample_44621,false_positive,1.0,unknown,p,Sn0.98Zr0.02Te,10.1002/aenm.202101122,,0.5798644,1.5878738869137767,0.5724528649955365,0.6097056013450918,0.6026431284745557,False,True,True,65,yes,yes,high-ZT false positive; important candidate for paper; high predicted ZT; carried from Step14,https://doi.org/10.1002/aenm.202101122
10.1002_aenm.202101122__sample_44622,false_positive,1.0,unknown,p,Sn0.97Zr0.03Te,10.1002/aenm.202101122,,0.4867024,1.230657423821223,0.5080791881222237,0.530804414019586,0.4875431868936418,False,True,True,65,yes,yes,high-ZT false positive; important candidate for paper; high predicted ZT; carried from Step14,https://doi.org/10.1002/aenm.202101122
10.1002_aenm.202101122__sample_44625,false_positive,1.0,unknown,p,Sn0.88Ti0.03Mn0.09Te,10.1002/aenm.202101122,,0.7190805,1.2345657969342367,0.6811508439135918,0.3285772420914354,0.3378693981807133,False,True,True,65,yes,yes,high-ZT false positive; important candidate for paper; high predicted ZT; carried from Step14,https://doi.org/10.1002/aenm.202101122
10.1002_aenm.202101122__sample_44626,false_positive,1.0,unknown,p,Sn0.89Zr0.02Mn0.09Te,10.1002/aenm.202101122,,0.697884,1.0578359039326213,0.6421421011483015,0.19455952298300516,0.2385327386312085,False,True,True,65,yes,yes,high-ZT false positive; important candidate for paper; high predicted ZT; carried from Step14,https://doi.org/10.1002/aenm.202101122
10.1002_andp.201900421__sample_38895,false_positive,1.0,unknown,n,Pb0.985Sb0.015Te,10.1002/andp.201900421,,0.9896093,2.0715059646234453,0.9660794275354172,0.47059601832737213,0.5266184461509196,False,True,True,65,yes,yes,high-ZT false positive; important candidate for paper; high predicted ZT; carried from Step14,https://doi.org/10.1002/andp.201900421
10.1002_andp.201900421__sample_38896,true_positive,1.0,unknown,n,Pb0.9825In0.0025Sb0.015Te,10.1002/andp.201900421,,1.181987,2.311840372625911,1.1654848194871064,0.5050033077104372,0.5062166283916615,False,True,True,65,yes,yes,high observed ZT; important candidate for paper; high predicted ZT,https://doi.org/10.1002/andp.201900421
10.1002_andp.201900421__sample_38897,true_positive,1.0,unknown,n,Pb0.98In0.005Sb0.015Te,10.1002/andp.201900421,,1.211095,1.8216542493136305,1.216718236688162,0.31008386249232667,0.3048705480573633,False,True,True,65,yes,yes,high observed ZT; important candidate for paper; high predicted ZT,https://doi.org/10.1002/andp.201900421
10.1002_andp.201900421__sample_38898,true_positive,1.0,unknown,n,Pb0.9775In0.0075Sb0.015Te,10.1002/andp.201900421,,1.209742,1.5716742664481462,1.172040981789284,0.19097820665887952,0.19924127515331344,False,True,True,65,yes,yes,high observed ZT; important candidate for paper; high predicted ZT,https://doi.org/10.1002/andp.201900421
10.1002_andp.201900421__sample_38899,true_positive,1.0,unknown,n,Pb0.975In0.01Sb0.015Te,10.1002/andp.201900421,,1.068593,1.3582781327510935,1.0762333284086436,0.19013687903648258,0.19083714931364346,False,True,True,65,yes,yes,high observed ZT; important candidate for paper; high predicted ZT,https://doi.org/10.1002/andp.201900421
10.1002_andp.201900421__sample_38900,true_positive,1.0,unknown,n,Pb0.9725In0.0125Sb0.015Te,10.1002/andp.201900421,,1.034256,1.1100176058146203,1.0404204076779446,0.0510132637402271,0.04995274744379433,False,True,True,65,yes,yes,high observed ZT; important candidate for paper; high predicted ZT,https://doi.org/10.1002/andp.201900421
10.1002_andp.201900421__sample_38901,true_positive,1.0,unknown,n,Pb0.98In0.005Sb0.015Te0.97S0.03,10.1002/andp.201900421,,1.267373,2.0220519879432723,1.2460866683331655,0.5150263688363999,0.4716142973930304,False,True,True,65,yes,yes,high observed ZT; important candidate for paper; high predicted ZT,https://doi.org/10.1002/andp.201900421
10.1002_andp.201900421__sample_38902,true_positive,1.0,unknown,n,Pb0.98In0.005Sb0.015Te0.94S0.06,10.1002/andp.201900421,,1.397148,2.2420104482570435,1.353938777733579,0.33376857387193254,0.343497496032277,False,True,True,65,yes,yes,high observed ZT; important candidate for paper; high predicted ZT,https://doi.org/10.1002/andp.201900421
10.1002_andp.201900421__sample_38903,true_positive,1.0,unknown,n,Pb0.98In0.005Sb0.015Te0.91S0.09,10.1002/andp.201900421,,1.258488,2.209690559894051,1.154061042936029,0.7558296621771926,0.47116493760247496,False,True,True,75,yes,yes,high observed ZT; important candidate for paper; high predicted ZT,https://doi.org/10.1002/andp.201900421
10.1002_andp.201900421__sample_38904,true_positive,1.0,unknown,n,Pb0.98In0.005Sb0.015Te0.88S0.12,10.1002/andp.201900421,,1.254346,2.1631020229385136,1.219427862588566,0.4561633491077493,0.4747584748533194,False,True,True,65,yes,yes,high observed ZT; important candidate for paper; high predicted ZT,https://doi.org/10.1002/andp.201900421
10.1002_anie.200600865__sample_19447,true_positive,1.0,unknown,p,Na0.95Pb19SbTe21,10.1002/anie.200600865,,1.50096,3.6103804900434593,1.3843663533199764,,1.6079660787659809,False,True,True,135,yes,yes,high observed ZT; large ZT prediction error; important candidate for paper; high predicted ZT; carried from Step14,https://doi.org/10.1002/anie.200600865
10.1002_anie.200600865__sample_19450,false_negative,1.0,unknown,p,Na0.8Pb20Sb0.6Te22,10.1002/anie.200600865,,1.359939,0.7726818892115305,0.7300018410451898,0.03764117724679078,0.05846567195670754,False,True,True,100,yes,yes,high observed ZT; high-ZT false negative; important candidate for paper; carried from Step14,https://doi.org/10.1002/anie.200600865
10.1002_anie.201402026__sample_30769,true_positive,1.0,unknown,p,Bi0.5Sb1.5Te3,10.1002/anie.201402026,,1.155275,1.0158272906201875,1.3619190600177506,0.29812523763744503,0.19034019070053396,False,True,True,65,yes,yes,high observed ZT; important candidate for paper; high predicted ZT,https://doi.org/10.1002/anie.201402026
10.1002_anie.201402026__sample_30770,true_positive,1.0,unknown,p,Bi0.53Sb1.5Te3,10.1002/anie.201402026,,1.208062,1.301246768537643,1.4949682954858257,0.16893479348497034,0.09265065479789457,False,True,True,65,yes,yes,high observed ZT; important candidate for paper; high predicted ZT,https://doi.org/10.1002/anie.201402026
10.1002_anie.201402026__sample_30771,true_positive,1.0,unknown,p,Bi0.6Sb1.5Te3,10.1002/anie.201402026,,1.17937,1.3902172676321298,1.7369737886516925,0.24934688071095568,0.21011241503594202,False,True,True,65,yes,yes,high observed ZT; important candidate for paper; high predicted ZT,https://doi.org/10.1002/anie.201402026
10.1002_anie.201402026__sample_30772,false_positive,1.0,unknown,p,Bi0.67Sb1.5Te3,10.1002/anie.201402026,,0.9396308,1.2823360132263828,1.9639378665810543,0.24067218891341163,0.4148423885426255,False,True,True,65,yes,yes,high-ZT false positive; important candidate for paper; high predicted ZT; carried from Step14,https://doi.org/10.1002/anie.201402026
10.1002_anie.201605015__sample_15232,true_positive,1.0,unknown,p,CsAg5Te3,10.1002/anie.201605015,,1.492089,1.2789132964253478,0.9398321250114224,28.767388893086583,12.100108082600393,False,True,True,160,yes,yes,high observed ZT; large ZT prediction error; important candidate for paper; high predicted ZT; carried from Step14,https://doi.org/10.1002/anie.201605015
10.1002_anie.201605015__sample_15233,false_negative,1.0,unknown,p,CsAg5Te3,10.1002/anie.201605015,,1.327528,0.6861067237634578,1.2621406830925617,0.6529072236286019,0.7047752516193904,False,True,True,100,yes,yes,high observed ZT; high-ZT false negative; important candidate for paper; carried from Step14,https://doi.org/10.1002/anie.201605015
10.1002_anie.201612041__sample_40751,true_positive,1.0,unknown,n,Bi2Te2.5Se0.5,10.1002/anie.201612041,,1.170528,1.2853637118255008,1.1712083502315835,0.046507368871229256,0.04752465278016547,False,True,True,65,yes,yes,high observed ZT; important candidate for paper; high predicted ZT,https://doi.org/10.1002/anie.201612041
10.1002_anie.201612041__sample_40752,true_positive,1.0,unknown,n,Bi2Te2.5Se0.5,10.1002/anie.201612041,,1.018548,1.1681185719989484,1.002923381402381,0.06176837032979836,0.06121729871542713,False,True,True,65,yes,yes,high observed ZT; important candidate for paper; high predicted ZT,https://doi.org/10.1002/anie.201612041
10.1002_ejic.201100282__sample_6265,false_negative,1.0,unknown,p,YbCd1.85Mn0.15Sb2,10.1002/ejic.201100282,,1.146987,0.6559240518350802,0.7623862315756752,0.40093218619338505,0.08705086517932242,False,True,True,100,yes,yes,high observed ZT; high-ZT false negative; important candidate for paper; carried from Step14,https://doi.org/10.1002/ejic.201100282
10.1002_ente.201500183__sample_82249,false_negative,1.0,unknown,p,Ti0.5Hf0.5CoSb0.85Sn0.15,10.1002/ente.201500183,,1.0,0.779028537416889,1.010192321130961,0.22097146258311096,0.22883145998899737,False,True,True,100,yes,yes,high observed ZT; high-ZT false negative; important candidate for paper; carried from Step14,https://doi.org/10.1002/ente.201500183
10.1002_pssa.201700995__sample_40142,false_positive,1.0,unknown,n,In0.05CoSb3,10.1002/pssa.201700995,,0.9401832,1.0427429704414828,0.9445499273596188,0.07236699454587642,0.06970387556973719,False,True,True,65,yes,yes,high-ZT false positive; important candidate for paper; high predicted ZT; carried from Step14,https://doi.org/10.1002/pssa.201700995
10.1002_pssa.201700995__sample_40143,false_positive,1.0,unknown,n,In0.06CoSb3,10.1002/pssa.201700995,,0.946177,1.1792547714616861,0.9535607413400148,0.07139141569757476,0.07103773713397174,False,True,True,65,yes,yes,high-ZT false positive; important candidate for paper; high predicted ZT; carried from Step14,https://doi.org/10.1002/pssa.201700995
10.1002_slct.201901565__sample_27873,true_positive,1.0,unknown,p,Bi0.3Sb1.7Te,10.1002/slct.201901565,,1.050029,1.0644857087539612,1.0318225737449835,0.1088002011339765,0.11029306480001916,False,True,True,75,yes,yes,high observed ZT; important candidate for paper; high predicted ZT,https://doi.org/10.1002/slct.201901565
10.1002_slct.201901565__sample_27874,true_positive,1.0,unknown,p,Cu0.0008Bi0.3Sb1.6992Te,10.1002/slct.201901565,,1.170803,1.1915624974580077,1.1654880902083715,0.09670226104127799,0.08818102315511592,False,True,True,75,yes,yes,high observed ZT; important candidate for paper; high predicted ZT,https://doi.org/10.1002/slct.201901565
10.1002_slct.201901565__sample_27875,true_positive,1.0,unknown,p,Cu0.001Bi0.3Sb1.699Te,10.1002/slct.201901565,,1.281702,1.274020822784709,1.2863181689430887,0.1379080550907249,0.13719208829552637,False,True,True,65,yes,yes,high observed ZT; important candidate for paper; high predicted ZT,https://doi.org/10.1002/slct.201901565
10.1002_slct.201901565__sample_27876,true_positive,1.0,unknown,p,Cu0.0025Bi0.3Sb1.6975Te,10.1002/slct.201901565,,1.221653,1.219344575643261,1.051866554016497,0.2384279259694596,0.23612751333957324,False,True,True,75,yes,yes,high observed ZT; important candidate for paper; high predicted ZT,https://doi.org/10.1002/slct.201901565
10.1002_slct.201901565__sample_27877,true_positive,1.0,unknown,p,Cu0.005Bi0.3Sb1.695Te,10.1002/slct.201901565,,1.205655,1.0879046917412438,1.1879664028763652,0.1234973780571981,0.12949220319062174,False,True,True,75,yes,yes,high observed ZT; important candidate for paper; high predicted ZT,https://doi.org/10.1002/slct.201901565
10.1002_slct.201901565__sample_27878,false_positive,1.0,unknown,p,Cu0.0075Bi0.3Sb1.6925Te,10.1002/slct.201901565,,0.929079,1.0757332814297638,0.8984096457043951,0.1570259828094029,0.1562724423936133,False,True,True,65,yes,yes,high-ZT false positive; important candidate for paper; high predicted ZT; carried from Step14,https://doi.org/10.1002/slct.201901565
10.1002_smll.202101328__sample_44605,true_positive,1.0,unknown,n,Bi1.997W0.003Te2.482Cl0.018Se0.5,10.1002/smll.202101328,,1.169615,1.2834097539822382,1.1741931155887424,0.080880867770479,0.06149630350605081,False,True,True,65,yes,yes,high observed ZT; important candidate for paper; high predicted ZT,https://doi.org/10.1002/smll.202101328
10.1002_smll.202101328__sample_44606,true_positive,1.0,unknown,n,Bi1.996W0.004Te2.476Cl0.024Se0.5,10.1002/smll.202101328,,1.353907,1.0850740732340984,1.2393786206861224,0.10326605954559898,0.1245015404304785,False,True,True,75,yes,yes,high observed ZT; important candidate for paper; high predicted ZT,https://doi.org/10.1002/smll.202101328
10.1002_smll.202101328__sample_44607,true_positive,1.0,unknown,n,Bi1.995W0.005Te2.47Cl0.03Se0.5,10.1002/smll.202101328,,1.10741,1.2114685462199601,1.1220761999714557,0.1464517323649913,0.11797992415776326,False,True,True,65,yes,yes,high observed ZT; important candidate for paper; high predicted ZT,https://doi.org/10.1002/smll.202101328
10.1002_smll.202101328__sample_44608,false_positive,1.0,unknown,n,Bi1.994W0.006Te2.464Cl0.036Se0.5,10.1002/smll.202101328,,0.8962068,1.1369220111164866,0.9375815339474554,0.12118475076742985,0.10143689261642307,False,True,True,65,yes,yes,high-ZT false positive; important candidate for paper; high predicted ZT; carried from Step14,https://doi.org/10.1002/smll.202101328
10.1002_smll.202104067__sample_46190,false_positive,1.0,unknown,n,(Bi2Te2.7Se0.3)0.98B0.02,10.1002/smll.202104067,,0.9478076,1.0352547267543988,0.9296218454702802,0.06413008069012421,0.07567638639312198,False,True,True,65,yes,yes,high-ZT false positive; important candidate for paper; high predicted ZT; carried from Step14,https://doi.org/10.1002/smll.202104067
10.1002_sstr.202400201__sample_83886,true_positive,1.0,unknown,p,(HSC6H4OH)39.14(Sb2Te3)60.86,10.1002/sstr.202400201,,3.839,4.969620315281356,3.974141014062436,0.1711918447396484,0.16021883996859063,False,True,True,65,yes,yes,high observed ZT; important candidate for paper; high predicted ZT,https://doi.org/10.1002/sstr.202400201
10.1002_zaac.202000224__sample_39311,false_positive,1.0,unknown,p,Sn12Sb2Te15,10.1002/zaac.202000224,,0.8388772,1.3220261172324839,0.8452109900519023,0.18208335830128555,0.197265427160213,False,True,True,65,yes,yes,high-ZT false positive; important candidate for paper; high predicted ZT; carried from Step14,https://doi.org/10.1002/zaac.202000224
10.1007_s00339-010-5711-3__sample_3348,false_positive,1.0,unknown,n,Sr0.21Co4Sb12.25,10.1007/s00339-010-5711-3,,0.3817815,1.1268196446901102,0.9922552824208216,,0.0905735398774961,False,True,True,75,yes,yes,high-ZT false positive; important candidate for paper; high predicted ZT; carried from Step14,https://doi.org/10.1007/s00339-010-5711-3
10.1007_s00339-019-2525-9__sample_40568,true_positive,1.0,unknown,n,Pb0.98Sb0.02Te,10.1007/s00339-019-2525-9,,1.242406,2.052887930734069,1.2525316507181374,0.41226018146125104,0.4095762446360636,False,True,True,65,yes,yes,high observed ZT; important candidate for paper; high predicted ZT,https://doi.org/10.1007/s00339-019-2525-9
10.1007_s10765-006-0014-9__sample_7082,false_positive,1.0,unknown,p,(Bi2Te3)0.74(Bi2Se3)0.26,10.1007/s10765-006-0014-9,,0.6441892,1.0396920235904425,0.594618963283499,0.416703769248143,0.3555192256742929,False,True,True,65,yes,yes,high-ZT false positive; important candidate for paper; high predicted ZT; carried from Step14,https://doi.org/10.1007/s10765-006-0014-9
10.1007_s10853-016-9980-x__sample_2535,false_negative,1.0,unknown,p,Pb0.98Ca0.02Te,10.1007/s10853-016-9980-x,,1.467123,0.4510302665079453,0.075898163531966,,4.9425715395338266,False,True,True,120,yes,yes,high observed ZT; high-ZT false negative; important candidate for paper; carried from Step14,https://doi.org/10.1007/s10853-016-9980-x
10.1007_s10853-016-9980-x__sample_2539,false_negative,1.0,unknown,p,Pb0.99Ca0.01Te,10.1007/s10853-016-9980-x,,1.036861,0.10584661345002315,0.074291060271572,0.749993118508652,0.4247557251585776,False,True,True,100,yes,yes,high observed ZT; high-ZT false negative; important candidate for paper; carried from Step14,https://doi.org/10.1007/s10853-016-9980-x
10.1007_s10853-016-9980-x__sample_2541,true_positive,1.0,unknown,p,Pb0.986Na0.014Te,10.1007/s10853-016-9980-x,,1.240599,1.351386186365116,1.017988775138781,0.40126360383829873,0.35798511052397786,False,True,True,75,yes,yes,high observed ZT; important candidate for paper; high predicted ZT,https://doi.org/10.1007/s10853-016-9980-x
10.1007_s10853-021-06171-y__sample_45208,true_positive,1.0,unknown,p,MgAg0.97Sb0.99,10.1007/s10853-021-06171-y,,1.096002,1.0414602577757892,1.0973277641020138,0.20300624923462238,0.19955647599211976,False,True,True,65,yes,yes,high observed ZT; important candidate for paper; high predicted ZT,https://doi.org/10.1007/s10853-021-06171-y
10.1007_s10853-021-06171-y__sample_45209,true_positive,1.0,unknown,p,Mg0.995Zn0.005Ag0.97Sb0.99,10.1007/s10853-021-06171-y,,1.13099,1.1014629745599454,1.135106717471092,0.1875981658427445,0.1880934309443797,False,True,True,65,yes,yes,high observed ZT; important candidate for paper; high predicted ZT,https://doi.org/10.1007/s10853-021-06171-y
10.1007_s10853-021-06171-y__sample_45210,true_positive,1.0,unknown,p,Mg0.99Zn0.01Ag0.97Sb0.99,10.1007/s10853-021-06171-y,,1.180333,1.1367758247639461,1.1789288159655105,0.14351763238494722,0.17274270143192658,False,True,True,65,yes,yes,high observed ZT; important candidate for paper; high predicted ZT,https://doi.org/10.1007/s10853-021-06171-y
10.1007_s10853-021-06171-y__sample_45211,true_positive,1.0,unknown,p,Mg0.985Zn0.015Ag0.97Sb0.99,10.1007/s10853-021-06171-y,,1.285909,1.1738829713204764,1.3080872647852158,0.2092147272933961,0.17703271113939553,False,True,True,65,yes,yes,high observed ZT; important candidate for paper; high predicted ZT,https://doi.org/10.1007/s10853-021-06171-y
10.1007_s10854-013-1538-y__sample_30417,false_positive,1.0,unknown,n,(TiN)0.1Co4Sb11.5Te0.5,10.1007/s10854-013-1538-y,,0.9512684,1.1907786623836,0.9563104523508436,0.15093019705447916,0.14930377453657576,False,True,True,75,yes,yes,high-ZT false positive; important candidate for paper; high predicted ZT; carried from Step14,https://doi.org/10.1007/s10854-013-1538-y
10.1007_s10854-013-1538-y__sample_30418,false_negative,1.0,unknown,n,(TiN)0.1Co4Sb11.5Te0.5,10.1007/s10854-013-1538-y,,1.021072,0.6479604694495495,0.7159770523931678,0.054189914887427804,0.07405232924964808,False,True,True,90,yes,yes,high observed ZT; high-ZT false negative; important candidate for paper; carried from Step14,https://doi.org/10.1007/s10854-013-1538-y
10.1007_s10854-013-1538-y__sample_30419,false_negative,1.0,unknown,n,(TiN)0.1Co4Sb11.5Te0.5,10.1007/s10854-013-1538-y,,1.135489,0.26686451062963534,0.2820050399262848,,0.05368886066932395,False,True,True,100,yes,yes,high observed ZT; high-ZT false negative; important candidate for paper; carried from Step14,https://doi.org/10.1007/s10854-013-1538-y
10.1007_s10854-013-1538-y__sample_30420,true_positive,1.0,unknown,n,(TiN)0.1Co4Sb11.5Te0.5,10.1007/s10854-013-1538-y,,1.156087,1.319180967008328,1.1343981990064405,0.07846914955707122,0.0677858879369376,False,True,True,65,yes,yes,high observed ZT; important candidate for paper; high predicted ZT,https://doi.org/10.1007/s10854-013-1538-y
10.1007_s10854-016-4920-8__sample_8456,false_positive,1.0,unknown,p,Bi0.36Sb1.64Te3,10.1007/s10854-016-4920-8,,0.9972371,1.0895761357695324,1.0005903267437364,0.09699038399816796,0.09642099562086123,False,True,True,65,yes,yes,high-ZT false positive; important candidate for paper; high predicted ZT; carried from Step14,https://doi.org/10.1007/s10854-016-4920-8
10.1007_s10854-016-4920-8__sample_8457,true_positive,1.0,unknown,p,Bi0.4Sb1.6Te3,10.1007/s10854-016-4920-8,,1.139883,1.1245151946246463,1.14125347697873,0.1033343926891635,0.10274883977652376,False,True,True,65,yes,yes,high observed ZT; important candidate for paper; high predicted ZT,https://doi.org/10.1007/s10854-016-4920-8
10.1007_s10854-016-4920-8__sample_8458,true_positive,1.0,unknown,p,Bi0.44Sb1.56Te3,10.1007/s10854-016-4920-8,,1.223517,1.194923308429419,1.224246827370021,0.09824178577807821,0.09660163788036116,False,True,True,65,yes,yes,high observed ZT; important candidate for paper; high predicted ZT,https://doi.org/10.1007/s10854-016-4920-8
10.1007_s10854-016-4920-8__sample_8459,false_negative,1.0,unknown,p,Bi0.48Sb1.52Te3,10.1007/s10854-016-4920-8,,1.018196,0.9414303460614494,1.0167195397088624,0.07105514374075175,0.06894703381284503,False,True,True,90,yes,yes,high observed ZT; high-ZT false negative; important candidate for paper; carried from Step14,https://doi.org/10.1007/s10854-016-4920-8
10.1007_s10854-018-9168-z__sample_42284,false_positive,1.0,unknown,n,Mg1.96Al0.06Si0.985Bi0.01Sb0.005,10.1007/s10854-018-9168-z,,0.8733475,1.1940884755389154,0.854006235822568,0.13811924823524327,0.13855469474174545,False,True,True,65,yes,yes,high-ZT false positive; important candidate for paper; high predicted ZT; carried from Step14,https://doi.org/10.1007/s10854-018-9168-z
10.1007_s10854-020-03396-6__sample_32910,false_negative,1.0,unknown,p,Bi0.5Sb1.7Te3.12,10.1007/s10854-020-03396-6,,1.131799,0.9220796179810138,1.1051803183273858,0.1755345186868134,0.17720629100995922,False,True,True,90,yes,yes,high observed ZT; high-ZT false negative; important candidate for paper; carried from Step14,https://doi.org/10.1007/s10854-020-03396-6
10.1007_s10854-020-04294-7__sample_39480,true_positive,1.0,unknown,n,AgPb16SbTe18,10.1007/s10854-020-04294-7,,,2.3222762083337036,3.381042453103262,,0.314310619518781,False,True,True,35,no,yes,high predicted ZT,https://doi.org/10.1007/s10854-020-04294-7
10.1007_s10904-011-9583-6__sample_30338,false_negative,1.0,unknown,n,Yb0.2Co4Sb12,10.1007/s10904-011-9583-6,,1.155556,0.6622055398549078,0.7055959234050645,0.04896013399050399,0.06149466303711532,False,True,True,100,yes,yes,high observed ZT; high-ZT false negative; important candidate for paper; carried from Step14,https://doi.org/10.1007/s10904-011-9583-6
10.1007_s11664-009-0668-8__sample_16422,false_negative,1.0,unknown,p,Ag0.5In0.425Pb5Sn4Te10,10.1007/s11664-009-0668-8,,1.008232,0.770211944980112,0.9880274157619412,0.19601615190441324,0.12137625930011982,False,True,True,100,yes,yes,high observed ZT; high-ZT false negative; important candidate for paper; carried from Step14,https://doi.org/10.1007/s11664-009-0668-8
10.1007_s11664-009-0668-8__sample_16423,true_positive,1.0,unknown,p,Ag0.5In0.4Pb5Sn4Te10,10.1007/s11664-009-0668-8,,1.127361,1.3098748645928582,0.9236507586459766,0.08066528828824998,0.13244542853048205,False,True,True,65,yes,yes,high observed ZT; important candidate for paper; high predicted ZT,https://doi.org/10.1007/s11664-009-0668-8
10.1007_s11664-009-0668-8__sample_16424,false_positive,1.0,unknown,p,Ag0.5In0.35Pb5Sn4Te10,10.1007/s11664-009-0668-8,,0.9559322,1.527863074095695,1.018570709932035,0.1984256672497014,0.2175382145553247,False,True,True,65,yes,yes,high-ZT false positive; important candidate for paper; high predicted ZT; carried from Step14,https://doi.org/10.1007/s11664-009-0668-8
10.1007_s11664-009-0668-8__sample_16425,true_positive,1.0,unknown,p,Ag0.5In0.3Pb5Sn4Te10,10.1007/s11664-009-0668-8,,1.223245,1.7755141566435664,1.1635765054507778,0.2716771309642911,0.2774518506066602,False,True,True,65,yes,yes,high observed ZT; important candidate for paper; high predicted ZT,https://doi.org/10.1007/s11664-009-0668-8
10.1007_s11664-009-0804-5__sample_5729,true_positive,1.0,unknown,p,CoSb3,10.1007/s11664-009-0804-5,,,1.1101502105102126,1.1548718574786128,,0.20889074432402527,False,True,True,35,no,yes,high predicted ZT,https://doi.org/10.1007/s11664-009-0804-5
10.1007_s11664-009-0804-5__sample_5730,true_positive,1.0,unknown,p,CoSb3,10.1007/s11664-009-0804-5,,,1.3020305463004076,1.3255728553434258,,0.30533253001620875,False,True,True,35,no,yes,high predicted ZT,https://doi.org/10.1007/s11664-009-0804-5
10.1007_s11664-009-0804-5__sample_5731,true_positive,1.0,unknown,p,CoSb3,10.1007/s11664-009-0804-5,,,1.489888425539922,1.3825942000234894,,0.3005240270406227,False,True,True,35,no,yes,high predicted ZT,https://doi.org/10.1007/s11664-009-0804-5
10.1007_s11664-009-0804-5__sample_5732,true_positive,1.0,unknown,p,CoSb3,10.1007/s11664-009-0804-5,,,1.389829536059434,1.4486373348207475,,0.17717929669684893,False,True,True,35,no,yes,high predicted ZT,https://doi.org/10.1007/s11664-009-0804-5
10.1007_s11664-009-0804-5__sample_5733,true_positive,1.0,unknown,p,CoSb3,10.1007/s11664-009-0804-5,,,1.5514045506604877,1.5052754301257854,,0.22017236886426328,False,True,True,35,no,yes,high predicted ZT,https://doi.org/10.1007/s11664-009-0804-5
10.1007_s11664-009-0832-1__sample_31817,true_positive,1.0,unknown,p,"(Bi,Sb)2Te3(PbTe)0.003",10.1007/s11664-009-0832-1,,1.074475,1.14781817672391,1.068521364090378,,0.2052936432112836,False,True,True,75,yes,yes,high observed ZT; important candidate for paper; high predicted ZT,https://doi.org/10.1007/s11664-009-0832-1
10.1007_s11664-009-0993-y__sample_16740,true_positive,1.0,unknown,p,(GeTe)80(AgSbTe2)20,10.1007/s11664-009-0993-y,,1.395074,1.3417089030011704,1.3170325315921123,0.03903693615599371,0.03831127730540697,False,True,True,75,yes,yes,high observed ZT; important candidate for paper; high predicted ZT,https://doi.org/10.1007/s11664-009-0993-y
10.1007_s11664-009-0993-y__sample_16741,false_negative,1.0,unknown,p,(GeTe)80(Ag1.2Sb0.8Te1.8)20,10.1007/s11664-009-0993-y,,1.497537,0.8028335116444748,0.8648608537282515,0.06896175314455427,0.06614715514294567,False,True,True,100,yes,yes,high observed ZT; high-ZT false negative; important candidate for paper; carried from Step14,https://doi.org/10.1007/s11664-009-0993-y
10.1007_s11664-009-0993-y__sample_16743,false_negative,1.0,unknown,p,(GeTe)80(Ag0.8Sb1.2Te2.2)20,10.1007/s11664-009-0993-y,,1.36355,0.8588505524495809,0.8758898775588613,0.022720799472039862,0.019453729910396574,False,True,True,100,yes,yes,high observed ZT; high-ZT false negative; important candidate for paper; carried from Step14,https://doi.org/10.1007/s11664-009-0993-y
10.1007_s11664-009-0993-y__sample_16744,false_positive,1.0,unknown,p,(GeTe)80(Ag0.6Sb1.4Te2.4)20,10.1007/s11664-009-0993-y,,0.4768473,1.6256412452476958,1.398331054787068,,0.16255820800264045,False,True,True,75,yes,yes,high-ZT false positive; important candidate for paper; high predicted ZT; carried from Step14,https://doi.org/10.1007/s11664-009-0993-y
10.1007_s11664-010-1116-5__sample_5433,false_positive,1.0,unknown,n,Ba0.3In0.2Co3.95Ni0.05Sb12,10.1007/s11664-010-1116-5,,0.9698925,1.2318772481789664,1.0498521774680238,0.055981455617249126,0.07205947290334852,False,True,True,75,yes,yes,high-ZT false positive; important candidate for paper; high predicted ZT; carried from Step14,https://doi.org/10.1007/s11664-010-1116-5
10.1007_s11664-010-1116-5__sample_5434,true_positive,1.0,unknown,n,Ba0.3In0.2Co3.95Ni0.05Sb12,10.1007/s11664-010-1116-5,,1.025796,1.0127251268713346,1.0031903497707348,0.02452290012140364,0.05022421159894881,False,True,True,75,yes,yes,high observed ZT; important candidate for paper; high predicted ZT,https://doi.org/10.1007/s11664-010-1116-5
10.1007_s11664-010-1116-5__sample_5435,true_positive,1.0,unknown,n,Ba0.3In0.2Co3.95Ni0.05Sb12,10.1007/s11664-010-1116-5,,1.03375,1.2545671856000173,1.0594317983376575,0.0986511871528531,0.07750741256554919,False,True,True,65,yes,yes,high observed ZT; important candidate for paper; high predicted ZT,https://doi.org/10.1007/s11664-010-1116-5
10.1007_s11664-010-1116-5__sample_5436,true_positive,1.0,unknown,n,Ba0.3In0.2Co3.95Ni0.05Sb12,10.1007/s11664-010-1116-5,,1.011056,1.0125032517860324,0.9636896532062522,0.08550428323715792,0.05065282004157092,False,True,True,75,yes,yes,high observed ZT; important candidate for paper; high predicted ZT,https://doi.org/10.1007/s11664-010-1116-5
10.1007_s11664-010-1116-5__sample_5440,false_positive,1.0,unknown,n,Ba0.3In0.2Co3.95Ni0.05Sb12,10.1007/s11664-010-1116-5,,0.9783766,1.0822428549351053,1.0398739904217469,0.085326852259023,0.07193945334852027,False,True,True,75,yes,yes,high-ZT false positive; important candidate for paper; high predicted ZT; carried from Step14,https://doi.org/10.1007/s11664-010-1116-5
10.1007_s11664-010-1116-5__sample_5442,true_positive,1.0,unknown,n,Ba0.3In0.2Co3.95Ni0.05Sb12,10.1007/s11664-010-1116-5,,1.051632,1.2571715970908994,1.0907939885401836,0.06160224119531576,0.06648031103632596,False,True,True,65,yes,yes,high observed ZT; important candidate for paper; high predicted ZT,https://doi.org/10.1007/s11664-010-1116-5
10.1007_s11664-010-1202-8__sample_20900,true_positive,1.0,unknown,p,(Ag0.8SbTe1.9)15(GeTe)85,10.1007/s11664-010-1202-8,,1.358394,1.4266571443484182,1.402084724058252,,0.017525631560297465,False,True,True,75,yes,yes,high observed ZT; important candidate for paper; high predicted ZT,https://doi.org/10.1007/s11664-010-1202-8
10.1007_s11664-010-1202-8__sample_20901,true_positive,1.0,unknown,p,(AgSbTe2)15(GeTe)85,10.1007/s11664-010-1202-8,,1.16473,1.3602491485585997,1.222569433344178,0.02510271803350153,0.05150774721735937,False,True,True,65,yes,yes,high observed ZT; important candidate for paper; high predicted ZT,https://doi.org/10.1007/s11664-010-1202-8
10.1007_s11664-010-1202-8__sample_20902,true_positive,1.0,unknown,p,(Ag1.2SbTe2.1)15(GeTe)85,10.1007/s11664-010-1202-8,,1.040092,1.2237144900765113,1.0917672952409423,0.03529398523789512,0.056463812893790676,False,True,True,75,yes,yes,high observed ZT; important candidate for paper; high predicted ZT,https://doi.org/10.1007/s11664-010-1202-8
10.1007_s11664-010-1202-8__sample_20903,true_positive,1.0,unknown,p,(Ag0.8SbTe1.9)15(GeTe)85,10.1007/s11664-010-1202-8,,1.337833,1.5469180517245769,1.331950712499168,0.10230765043217083,0.08328617186177842,False,True,True,75,yes,yes,high observed ZT; important candidate for paper; high predicted ZT,https://doi.org/10.1007/s11664-010-1202-8
10.1007_s11664-010-1202-8__sample_20904,true_positive,1.0,unknown,p,(AgSbTe2)15(GeTe)85,10.1007/s11664-010-1202-8,,1.225686,1.5424865301545594,1.5060356364381609,0.05105538451354959,0.043592083679983254,False,True,True,65,yes,yes,high observed ZT; important candidate for paper; high predicted ZT,https://doi.org/10.1007/s11664-010-1202-8
10.1007_s11664-010-1202-8__sample_20905,true_positive,1.0,unknown,p,(Ag1.2SbTe2.1)15(GeTe)85,10.1007/s11664-010-1202-8,,1.453293,1.3296060423821687,1.4242297634863,0.061373043045899904,0.04764378023675428,False,True,True,65,yes,yes,high observed ZT; important candidate for paper; high predicted ZT,https://doi.org/10.1007/s11664-010-1202-8
10.1007_s11664-010-1288-z__sample_16880,false_negative,1.0,unknown,p,Zn4Sb3,10.1007/s11664-010-1288-z,,1.032085,0.8731413963916973,0.942324096931624,0.050059592474441215,0.056823044990264505,False,True,True,90,yes,yes,high observed ZT; high-ZT false negative; important candidate for paper; carried from Step14,https://doi.org/10.1007/s11664-010-1288-z
10.1007_s11664-010-1288-z__sample_16881,false_negative,1.0,unknown,p,Zn4Sb3,10.1007/s11664-010-1288-z,,1.019596,0.9011794515380245,0.9684327716392984,0.06925303324241984,0.06961008654065373,False,True,True,90,yes,yes,high observed ZT; high-ZT false negative; important candidate for paper; carried from Step14,https://doi.org/10.1007/s11664-010-1288-z
10.1007_s11664-010-1288-z__sample_16882,true_positive,1.0,unknown,p,Zn4Sb3,10.1007/s11664-010-1288-z,,1.092974,1.197126015008746,1.1239963546831258,0.051177195321399804,0.0615952575433997,False,True,True,65,yes,yes,high observed ZT; important candidate for paper; high predicted ZT,https://doi.org/10.1007/s11664-010-1288-z
10.1007_s11664-010-1424-9__sample_8005,true_positive,1.0,unknown,n,Bi2Te2.85Se0.15,10.1007/s11664-010-1424-9,,,1.0337386260587014,1.163129542087705,,0.06795339481438818,False,True,True,35,no,yes,high predicted ZT,https://doi.org/10.1007/s11664-010-1424-9
10.1007_s11664-010-1454-3__sample_5744,false_positive,1.0,unknown,n,Ba0.07Yb0.067Co4Sb12,10.1007/s11664-010-1454-3,,0.8479184,1.0876048257890951,0.8604021164312954,0.17041965864030748,0.13199662344356178,False,True,True,65,yes,yes,high-ZT false positive; important candidate for paper; high predicted ZT; carried from Step14,https://doi.org/10.1007/s11664-010-1454-3
10.1007_s11664-010-1454-3__sample_5745,false_positive,1.0,unknown,n,Ba0.073Yb0.066In0.02Co4Sb12,10.1007/s11664-010-1454-3,,0.9715797,1.1657474128712555,0.9513672663933151,0.07320170001555236,0.10267444529905398,False,True,True,65,yes,yes,high-ZT false positive; important candidate for paper; high predicted ZT; carried from Step14,https://doi.org/10.1007/s11664-010-1454-3
10.1007_s11664-010-1454-3__sample_5746,false_positive,1.0,unknown,n,Ba0.086Yb0.056In0.06Co4Sb12,10.1007/s11664-010-1454-3,,0.8479184,1.002504893996658,0.8423484601113312,0.08858592022087615,0.07805843587559853,False,True,True,65,yes,yes,high-ZT false positive; important candidate for paper; high predicted ZT; carried from Step14,https://doi.org/10.1007/s11664-010-1454-3
10.1007_s11664-010-1454-3__sample_5747,false_negative,1.0,unknown,n,Ba0.09Yb0.07In0.06Co4Sb12,10.1007/s11664-010-1454-3,,1.218188,0.8835671330468322,0.918496183262157,0.014531400705212819,0.02547974181143159,False,True,True,90,yes,yes,high observed ZT; high-ZT false negative; important candidate for paper; carried from Step14,https://doi.org/10.1007/s11664-010-1454-3
10.1007_s11664-010-1454-3__sample_5748,true_positive,1.0,unknown,n,Ba0.014Yb0.066In0.06Co4Sb12,10.1007/s11664-010-1454-3,,1.174782,1.4243199631114407,1.1767451842321563,0.14992855691379758,0.08510811879977927,False,True,True,75,yes,yes,high observed ZT; important candidate for paper; high predicted ZT,https://doi.org/10.1007/s11664-010-1454-3
10.1007_s11664-010-1487-7__sample_8097,false_negative,1.0,unknown,n,Bi2Te3,10.1007/s11664-010-1487-7,,1.043741,0.9617216122391153,1.0468256797816773,0.1557098155966539,0.15821895812227998,False,True,True,90,yes,yes,high observed ZT; high-ZT false negative; important candidate for paper; carried from Step14,https://doi.org/10.1007/s11664-010-1487-7
10.1007_s11664-010-1487-7__sample_8098,true_positive,1.0,unknown,n,Bi2Te3,10.1007/s11664-010-1487-7,,1.182393,1.2049102759768449,1.1835727738493311,0.1555229420564013,0.1556465713814512,False,True,True,65,yes,yes,high observed ZT; important candidate for paper; high predicted ZT,https://doi.org/10.1007/s11664-010-1487-7
10.1007_s11664-010-1487-7__sample_8099,true_positive,1.0,unknown,n,Bi2Te3,10.1007/s11664-010-1487-7,,1.070151,1.1272022701518791,1.0657762814001857,0.12674924466602008,0.12824200500209287,False,True,True,65,yes,yes,high observed ZT; important candidate for paper; high predicted ZT,https://doi.org/10.1007/s11664-010-1487-7
10.1007_s11664-010-1487-7__sample_8100,true_positive,1.0,unknown,n,Bi2Te3,10.1007/s11664-010-1487-7,,1.087758,1.195230010045857,1.0850147513688115,0.11798346198357582,0.11836345971528899,False,True,True,65,yes,yes,high observed ZT; important candidate for paper; high predicted ZT,https://doi.org/10.1007/s11664-010-1487-7
10.1007_s11664-010-1487-7__sample_8101,true_positive,1.0,unknown,n,Bi2Te3,10.1007/s11664-010-1487-7,,1.126272,1.201217370088658,1.123463568673856,0.11622167535389531,0.11837502151583294,False,True,True,65,yes,yes,high observed ZT; important candidate for paper; high predicted ZT,https://doi.org/10.1007/s11664-010-1487-7
10.1007_s11664-011-1541-0__sample_10050,false_positive,1.0,unknown,n,Mg2(Si0.3Sn0.7)0.985Sb0.015,10.1007/s11664-011-1541-0,,0.880829,1.0836944103462072,0.8735476636090218,0.14904382434737895,0.31418748001731,False,True,True,75,yes,yes,high-ZT false positive; important candidate for paper; high predicted ZT; carried from Step14,https://doi.org/10.1007/s11664-011-1541-0
10.1007_s11664-011-1549-5__sample_8103,true_positive,1.0,unknown,p,Bi0.5Sb1.5Te3,10.1007/s11664-011-1549-5,,1.076147,1.0077896741746966,0.960530491267368,0.037290634743042624,0.049201127228113935,False,True,True,75,yes,yes,high observed ZT; important candidate for paper; high predicted ZT,https://doi.org/10.1007/s11664-011-1549-5
10.1007_s11664-011-1559-3__sample_8110,false_positive,1.0,unknown,n,Bi2(Se0.4Te0.6)3,10.1007/s11664-011-1559-3,,0.8248399,1.0102588115901479,0.8253222663680133,0.10567455570540212,0.10604636869861207,False,True,True,65,yes,yes,high-ZT false positive; important candidate for paper; high predicted ZT; carried from Step14,https://doi.org/10.1007/s11664-011-1559-3
10.1007_s11664-011-1617-x__sample_5773,true_positive,1.0,unknown,n,CoSb2.375Ge0.125Te0.25,10.1007/s11664-011-1617-x,,1.0355,1.2707223350846686,1.0243063053454686,0.1619001048670352,0.14731768178802235,False,True,True,65,yes,yes,high observed ZT; important candidate for paper; high predicted ZT,https://doi.org/10.1007/s11664-011-1617-x
10.1007_s11664-011-1618-9__sample_17057,true_positive,1.0,unknown,p,(GeTe)90(Ag0.6Sb1.4Te1.8)10,10.1007/s11664-011-1618-9,,1.663254,1.718587089240415,1.713997049697889,0.03355845959567304,0.024444074089595882,False,True,True,75,yes,yes,high observed ZT; important candidate for paper; high predicted ZT,https://doi.org/10.1007/s11664-011-1618-9
10.1007_s11664-011-1618-9__sample_17058,true_positive,1.0,unknown,p,(GeTe)90(Ag0.7Sb1.3Te2.3)10,10.1007/s11664-011-1618-9,,1.647798,1.727638900258673,1.656645318633305,0.044398697749839816,0.04962098258739333,False,True,True,65,yes,yes,high observed ZT; important candidate for paper; high predicted ZT,https://doi.org/10.1007/s11664-011-1618-9
10.1007_s11664-011-1618-9__sample_17059,true_positive,1.0,unknown,p,(GeTe)90(Ag0.8Sb1.2Te2.2)10,10.1007/s11664-011-1618-9,,1.667567,1.8274791382827593,1.685060456998602,0.08413770240008712,0.07507654144011311,False,True,True,65,yes,yes,high observed ZT; important candidate for paper; high predicted ZT,https://doi.org/10.1007/s11664-011-1618-9
10.1007_s11664-011-1618-9__sample_17060,true_positive,1.0,unknown,p,(GeTe)90(AgSb6Te2)10,10.1007/s11664-011-1618-9,,1.261806,1.4538976885154131,1.27641489761761,0.10366341292209545,0.10745704270527574,False,True,True,65,yes,yes,high observed ZT; important candidate for paper; high predicted ZT,https://doi.org/10.1007/s11664-011-1618-9
10.1007_s11664-011-1620-2__sample_17062,true_positive,1.0,unknown,p,(Ag2Te)52(Sb2Te3)48,10.1007/s11664-011-1620-2,,1.087849,1.1578410575182423,1.085545262560374,0.2463605241160597,0.24002061148783804,False,True,True,65,yes,yes,high observed ZT; important candidate for paper; high predicted ZT,https://doi.org/10.1007/s11664-011-1620-2
10.1007_s11664-011-1620-2__sample_17063,true_positive,1.0,unknown,p,(Ag2Te)50(Sb2Te3)50,10.1007/s11664-011-1620-2,,1.223251,1.1582138555700436,1.2241172017487865,0.1359288624964817,0.1359695026737016,False,True,True,65,yes,yes,high observed ZT; important candidate for paper; high predicted ZT,https://doi.org/10.1007/s11664-011-1620-2
10.1007_s11664-011-1620-2__sample_17064,true_positive,1.0,unknown,p,(Ag2Te)48(Sb2Te3)52,10.1007/s11664-011-1620-2,,1.1579,1.0205864944589862,1.1515947617936086,0.1697568168650394,0.16869521447461422,False,True,True,65,yes,yes,high observed ZT; important candidate for paper; high predicted ZT,https://doi.org/10.1007/s11664-011-1620-2
10.1007_s11664-011-1620-2__sample_17065,true_positive,1.0,unknown,p,(Ag2Te)46(Sb2Te3)54,10.1007/s11664-011-1620-2,,1.139647,1.0408432282754077,1.139758526675252,0.11694005374863113,0.11853662175516697,False,True,True,65,yes,yes,high observed ZT; important candidate for paper; high predicted ZT,https://doi.org/10.1007/s11664-011-1620-2
10.1007_s11664-011-1841-4__sample_4057,false_positive,1.0,unknown,n,Co4Sb11Ge0.3Te0.7,10.1007/s11664-011-1841-4,,0.9592614,1.1496780561498632,0.9631493099643136,0.09060380806080774,0.08198419621142618,False,True,True,65,yes,yes,high-ZT false positive; important candidate for paper; high predicted ZT; carried from Step14,https://doi.org/10.1007/s11664-011-1841-4
10.1007_s11664-011-1841-4__sample_4058,false_positive,1.0,unknown,n,Co4Sb11Ge0.25Te0.75,10.1007/s11664-011-1841-4,,0.9363625,1.1765396215027981,0.9300335539390971,0.1356255042028526,0.10016420734864906,False,True,True,65,yes,yes,high-ZT false positive; important candidate for paper; high predicted ZT; carried from Step14,https://doi.org/10.1007/s11664-011-1841-4
10.1007_s11664-011-1841-4__sample_4059,false_positive,1.0,unknown,n,Co4Sb11Ge0.2Te0.8,10.1007/s11664-011-1841-4,,0.8605829,1.109408495893206,0.8729917871392089,0.09529871292252799,0.10170296141148562,False,True,True,65,yes,yes,high-ZT false positive; important candidate for paper; high predicted ZT; carried from Step14,https://doi.org/10.1007/s11664-011-1841-4
10.1007_s11664-011-1841-4__sample_4060,false_positive,1.0,unknown,n,Co4Sb11Ge0.15Te0.85,10.1007/s11664-011-1841-4,,0.7940889,1.0245685152025237,0.7964831266424894,0.1000534806848308,0.08065338218697196,False,True,True,65,yes,yes,high-ZT false positive; important candidate for paper; high predicted ZT; carried from Step14,https://doi.org/10.1007/s11664-011-1841-4
10.1007_s11664-011-1841-4__sample_4063,false_positive,1.0,unknown,n,Co4Sb11Ge0.2Te0.7Se0.1,10.1007/s11664-011-1841-4,,0.9970189,1.2748385605824524,0.998437003201524,0.09502388638902824,0.09268921453551798,False,True,True,65,yes,yes,high-ZT false positive; important candidate for paper; high predicted ZT; carried from Step14,https://doi.org/10.1007/s11664-011-1841-4
10.1007_s11664-011-1841-4__sample_4064,false_positive,1.0,unknown,n,Co4Sb11Ge0.15Te0.75Se0.1,10.1007/s11664-011-1841-4,,0.9619,1.157137432938727,0.9567292987956132,0.07851960352151567,0.06678353174243574,False,True,True,65,yes,yes,high-ZT false positive; important candidate for paper; high predicted ZT; carried from Step14,https://doi.org/10.1007/s11664-011-1841-4
10.1007_s11664-012-1913-0__sample_7722,true_positive,1.0,unknown,p,(Bi0.5Sb1.5Te3)99.38( Ag)0.62,10.1007/s11664-012-1913-0,,1.342995,1.333280264596609,1.3265150713479843,0.11538630730132864,0.11762418964030406,False,True,True,65,yes,yes,high observed ZT; important candidate for paper; high predicted ZT,https://doi.org/10.1007/s11664-012-1913-0
10.1007_s11664-012-1913-0__sample_7723,true_positive,1.0,unknown,p,(Bi0.5Sb1.5Te3)99.08( Ag)0.92,10.1007/s11664-012-1913-0,,1.277778,1.4656144162090108,1.300399726209215,0.1214897846752082,0.12055397677317463,False,True,True,65,yes,yes,high observed ZT; important candidate for paper; high predicted ZT,https://doi.org/10.1007/s11664-012-1913-0
10.1007_s11664-012-1913-0__sample_7724,true_positive,1.0,unknown,p,(Bi0.5Sb1.5Te3)98.77(Ag)1.23,10.1007/s11664-012-1913-0,,1.142512,1.395988119464868,1.1406461235087335,0.1253436234838117,0.12521557553435533,False,True,True,65,yes,yes,high observed ZT; important candidate for paper; high predicted ZT,https://doi.org/10.1007/s11664-012-1913-0
10.1007_s11664-012-1913-0__sample_7725,true_positive,1.0,unknown,p,(Bi0.5Sb1.5Te3)98.96(Cu)1.04,10.1007/s11664-012-1913-0,,1.364734,1.3287781639173049,1.3657012163259643,0.09100161458307847,0.09746597810524182,False,True,True,65,yes,yes,high observed ZT; important candidate for paper; high predicted ZT,https://doi.org/10.1007/s11664-012-1913-0
10.1007_s11664-012-1913-0__sample_7726,true_positive,1.0,unknown,p,(Bi0.5Sb1.5Te3)98.44(Cu)1.56,10.1007/s11664-012-1913-0,,1.23913,1.273589626161246,1.2800845040318791,0.13795405019362236,0.11660549610404064,False,True,True,65,yes,yes,high observed ZT; important candidate for paper; high predicted ZT,https://doi.org/10.1007/s11664-012-1913-0
10.1007_s11664-012-1913-0__sample_7727,true_positive,1.0,unknown,p,(Bi0.5Sb1.5Te3)97.93(Cu)2.07,10.1007/s11664-012-1913-0,,1.316425,1.3622681218012125,1.305297664103249,0.1344584228045346,0.13621288217244468,False,True,True,65,yes,yes,high observed ZT; important candidate for paper; high predicted ZT,https://doi.org/10.1007/s11664-012-1913-0
10.1007_s11664-012-1927-7__sample_16894,true_positive,1.0,unknown,p,(Zn0.995Pb0.005)4Sb3,10.1007/s11664-012-1927-7,,1.05547,1.1164941886073794,1.1435446467263002,0.017164704192865574,0.018879696843845238,False,True,True,75,yes,yes,high observed ZT; important candidate for paper; high predicted ZT,https://doi.org/10.1007/s11664-012-1927-7
10.1007_s11664-012-1927-7__sample_16895,true_positive,1.0,unknown,p,(Zn0.99Pb0.01)4Sb3,10.1007/s11664-012-1927-7,,1.067656,1.0925794267569202,1.061752913750084,0.03327074126766137,0.03382425192250886,False,True,True,65,yes,yes,high observed ZT; important candidate for paper; high predicted ZT,https://doi.org/10.1007/s11664-012-1927-7
10.1007_s11664-012-1927-7__sample_16896,false_negative,1.0,unknown,p,(Zn0.985Pb0.015)4Sb3,10.1007/s11664-012-1927-7,,1.125465,0.7596410454436179,0.7353607042265744,0.038393957414503,0.033018273994638664,False,True,True,100,yes,yes,high observed ZT; high-ZT false negative; important candidate for paper; carried from Step14,https://doi.org/10.1007/s11664-012-1927-7
10.1007_s11664-012-2018-5__sample_8566,false_positive,1.0,unknown,n,La0.02Mg1.98Si0.49Ge0.5Sb0.01,10.1007/s11664-012-2018-5,,0.6348684,1.0253466515692118,0.4875807332688423,0.0893782355557215,0.4653883557098526,False,True,True,75,yes,yes,high-ZT false positive; important candidate for paper; high predicted ZT; carried from Step14,https://doi.org/10.1007/s11664-012-2018-5
10.1007_s11664-012-2021-x__sample_4076,false_positive,1.0,unknown,n,Ba0.4Co4Sb12,10.1007/s11664-012-2021-x,,0.7640486,1.0590467637000502,0.7782755242110599,0.07658787891020363,0.1097602568538785,False,True,True,65,yes,yes,high-ZT false positive; important candidate for paper; high predicted ZT; carried from Step14,https://doi.org/10.1007/s11664-012-2021-x
10.1007_s11664-012-2021-x__sample_4077,false_positive,1.0,unknown,n,Ba0.4In0.1Co4Sb12,10.1007/s11664-012-2021-x,,0.9257195,1.1429778910422135,0.8733329138260795,0.12301035224405758,0.09111278983057763,False,True,True,65,yes,yes,high-ZT false positive; important candidate for paper; high predicted ZT; carried from Step14,https://doi.org/10.1007/s11664-012-2021-x
10.1007_s11664-012-2021-x__sample_4078,true_positive,1.0,unknown,n,Ba0.4In0.2Co4Sb12,10.1007/s11664-012-2021-x,,1.115169,1.204517232937346,1.07123448919045,0.060897398348554614,0.0723193340906062,False,True,True,65,yes,yes,high observed ZT; important candidate for paper; high predicted ZT,https://doi.org/10.1007/s11664-012-2021-x
10.1007_s11664-012-2021-x__sample_4079,true_positive,1.0,unknown,n,Ba0.4In0.3Co4Sb12,10.1007/s11664-012-2021-x,,1.160124,1.1379145935865216,1.0170121861728905,0.12912652164327143,0.0958415974782298,False,True,True,75,yes,yes,high observed ZT; important candidate for paper; high predicted ZT,https://doi.org/10.1007/s11664-012-2021-x
10.1007_s11664-012-2021-x__sample_4080,true_positive,1.0,unknown,n,Ba0.4In0.4Co4Sb12,10.1007/s11664-012-2021-x,,1.173924,1.444310436058548,1.197167768813738,0.10453072711251112,0.10915603244071707,False,True,True,65,yes,yes,high observed ZT; important candidate for paper; high predicted ZT,https://doi.org/10.1007/s11664-012-2021-x
10.1007_s11664-012-2280-6__sample_1682,true_positive,1.0,unknown,p,Sb0.32Te0.61Bi0.062Co0.0090,10.1007/s11664-012-2280-6,,,1.4179108777921756,1.4576825742637645,,0.05645179694862571,False,True,True,35,no,yes,high predicted ZT,https://doi.org/10.1007/s11664-012-2280-6
10.1007_s11664-012-2280-6__sample_1683,true_positive,1.0,unknown,p,Sb0.32Te0.6Bi0.062Zn0.0081,10.1007/s11664-012-2280-6,,,1.3534398797270373,1.3807681759259258,,0.07397103547203966,False,True,True,35,no,yes,high predicted ZT,https://doi.org/10.1007/s11664-012-2280-6
10.1007_s11664-012-2280-6__sample_1684,true_positive,1.0,unknown,p,Sb0.32Te0.61Bi0.062Mn0.0096,10.1007/s11664-012-2280-6,,,1.4576538540807995,1.4616877835294118,,0.05500368105586719,False,True,True,35,no,yes,high predicted ZT,https://doi.org/10.1007/s11664-012-2280-6
10.1007_s11664-012-2280-6__sample_1685,true_positive,1.0,unknown,p,Sb0.32Te0.61Bi0.062Pd0.0050,10.1007/s11664-012-2280-6,,,1.4118087124655807,1.4828433455012855,,0.0714052019328093,False,True,True,35,no,yes,high predicted ZT,https://doi.org/10.1007/s11664-012-2280-6
10.1007_s11664-012-2280-6__sample_1686,true_positive,1.0,unknown,p,Sb0.32Te0.61Bi0.062Ni0.0090,10.1007/s11664-012-2280-6,,,1.2453549151192722,1.2750156327868851,,0.07103093210098471,False,True,True,35,no,yes,high predicted ZT,https://doi.org/10.1007/s11664-012-2280-6
10.1007_s11664-012-2280-6__sample_1687,true_positive,1.0,unknown,p,Sb0.32Te0.61Bi0.062Tb0.0033,10.1007/s11664-012-2280-6,,,1.3389045057464342,1.3781875654320992,,0.053209526903112626,False,True,True,35,no,yes,high predicted ZT,https://doi.org/10.1007/s11664-012-2280-6
10.1007_s11664-012-2280-6__sample_1688,true_positive,1.0,unknown,p,Sb0.32Te0.61Bi0.062Mo0.0055,10.1007/s11664-012-2280-6,,,1.2388105371002713,1.2752876498034076,,0.05454256699761041,False,True,True,35,no,yes,high predicted ZT,https://doi.org/10.1007/s11664-012-2280-6
10.1007_s11664-012-2288-y__sample_5478,true_positive,1.0,unknown,n,Co4Sb11.20Ge0.10Te0.60S0.10,10.1007/s11664-012-2288-y,,1.105619,1.3711893446499819,1.0964128143593006,0.09327969426181144,0.08355523777413405,False,True,True,65,yes,yes,high observed ZT; important candidate for paper; high predicted ZT,https://doi.org/10.1007/s11664-012-2288-y
10.1007_s11664-012-2288-y__sample_5479,false_negative,1.0,unknown,n,Co4Sb11.25Ge0.05Te0.63S0.07,10.1007/s11664-012-2288-y,,1.065317,0.829171894803865,0.8650779152304143,0.07542598776464127,0.06007120668158777,False,True,True,90,yes,yes,high observed ZT; high-ZT false negative; important candidate for paper; carried from Step14,https://doi.org/10.1007/s11664-012-2288-y
10.1007_s11664-012-2288-y__sample_5480,true_positive,1.0,unknown,n,Co4Sb11.30Te0.60S0.10,10.1007/s11664-012-2288-y,,1.083801,1.0302834390141333,0.9486365476081992,0.0748921094977353,0.06486118916365972,False,True,True,65,yes,yes,high observed ZT; important candidate for paper; high predicted ZT,https://doi.org/10.1007/s11664-012-2288-y
10.1007_s11664-012-2356-3__sample_7802,false_negative,1.0,unknown,p,Bi0.4Sb1.6Te3,10.1007/s11664-012-2356-3,,1.06599,0.916572992042211,1.063700459719647,0.19627313537070776,0.16104484153124576,False,True,True,90,yes,yes,high observed ZT; high-ZT false negative; important candidate for paper; carried from Step14,https://doi.org/10.1007/s11664-012-2356-3
10.1007_s11664-012-2356-3__sample_7803,false_negative,1.0,unknown,p,Bi0.4Sb1.599In0.001Te3,10.1007/s11664-012-2356-3,,1.071701,0.8887325831656431,1.0265977374524635,0.16454570106851948,0.15720222134307602,False,True,True,90,yes,yes,high observed ZT; high-ZT false negative; important candidate for paper; carried from Step14,https://doi.org/10.1007/s11664-012-2356-3
10.1007_s11664-012-2356-3__sample_7804,false_negative,1.0,unknown,p,Bi0.4Sb1.597In0.003Te3,10.1007/s11664-012-2356-3,,1.090736,0.9508820195080397,1.090426590187488,0.15494689655984528,0.15205270308518284,False,True,True,90,yes,yes,high observed ZT; high-ZT false negative; important candidate for paper; carried from Step14,https://doi.org/10.1007/s11664-012-2356-3
10.1007_s11664-012-2356-3__sample_7806,true_positive,1.0,unknown,p,Bi0.4Sb1.595In0.005Te3,10.1007/s11664-012-2356-3,,1.15165,1.050418223227857,1.1566296175887325,0.15024658008070793,0.14599918149351965,False,True,True,65,yes,yes,high observed ZT; important candidate for paper; high predicted ZT,https://doi.org/10.1007/s11664-012-2356-3
10.1007_s11664-012-2356-3__sample_7807,true_positive,1.0,unknown,p,Bi0.4Sb1.59In0.01Te3,10.1007/s11664-012-2356-3,,1.225888,1.12026255173531,1.2204151239511714,0.14315483822652245,0.13880973436402566,False,True,True,65,yes,yes,high observed ZT; important candidate for paper; high predicted ZT,https://doi.org/10.1007/s11664-012-2356-3
10.1007_s11664-012-2356-3__sample_7808,true_positive,1.0,unknown,p,Bi0.4Sb1.58In0.02Te3,10.1007/s11664-012-2356-3,,1.201142,1.1144022592349012,1.1984481667728282,0.12999490080900486,0.12865248141271204,False,True,True,65,yes,yes,high observed ZT; important candidate for paper; high predicted ZT,https://doi.org/10.1007/s11664-012-2356-3
10.1007_s11664-012-2356-3__sample_7809,false_negative,1.0,unknown,p,Bi0.4Sb1.599Ga0.001Te3,10.1007/s11664-012-2356-3,,1.067686,0.9111282863495304,1.0694117364723288,0.15502957881459,0.15457208859931978,False,True,True,90,yes,yes,high observed ZT; high-ZT false negative; important candidate for paper; carried from Step14,https://doi.org/10.1007/s11664-012-2356-3
10.1007_s11664-012-2356-3__sample_7810,false_negative,1.0,unknown,p,Bi0.4Sb1.597Ga0.003Te3,10.1007/s11664-012-2356-3,,1.113537,0.9740193297062933,1.10702867244936,0.14506381652233669,0.1467066636933669,False,True,True,90,yes,yes,high observed ZT; high-ZT false negative; important candidate for paper; carried from Step14,https://doi.org/10.1007/s11664-012-2356-3
10.1007_s11664-012-2356-3__sample_7811,true_positive,1.0,unknown,p,Bi0.4Sb1.595Ga0.005Te3,10.1007/s11664-012-2356-3,,1.172489,1.0655069741687262,1.172494081284559,0.10425614188549415,0.10403637606599768,False,True,True,65,yes,yes,high observed ZT; important candidate for paper; high predicted ZT,https://doi.org/10.1007/s11664-012-2356-3
10.1007_s11664-012-2356-3__sample_7812,true_positive,1.0,unknown,p,Bi0.4Sb1.59Ga0.01Te3,10.1007/s11664-012-2356-3,,1.137555,1.0812356448341962,1.139662155958702,0.08037680609590221,0.0803696111499565,False,True,True,65,yes,yes,high observed ZT; important candidate for paper; high predicted ZT,https://doi.org/10.1007/s11664-012-2356-3
10.1007_s11664-012-2356-3__sample_7814,true_positive,1.0,unknown,p,Bi0.4Sb1.58Ga0.02Te3,10.1007/s11664-012-2356-3,,1.048035,1.0325451756235997,1.0497404623578337,0.05460361143649467,0.052303265807711864,False,True,True,65,yes,yes,high observed ZT; important candidate for paper; high predicted ZT,https://doi.org/10.1007/s11664-012-2356-3
10.1007_s11664-012-2370-5__sample_5484,true_positive,1.0,unknown,n,Yb2O3,10.1007/s11664-012-2370-5,,1.290852,1.2836733875003818,1.075639002902258,,0.07453305985842508,False,True,False,70,yes,yes,high observed ZT; important candidate for paper; high predicted ZT,https://doi.org/10.1007/s11664-012-2370-5
10.1007_s11664-012-2370-5__sample_5485,false_negative,1.0,unknown,n,Yb2O3,10.1007/s11664-012-2370-5,,1.235854,0.800869201963421,0.8804203406866917,0.0695424063369465,0.0803626623620668,False,True,False,95,yes,yes,high observed ZT; high-ZT false negative; important candidate for paper; carried from Step14,https://doi.org/10.1007/s11664-012-2370-5
10.1007_s11664-012-2403-0__sample_8588,false_positive,1.0,unknown,n,Mg2Si,10.1007/s11664-012-2403-0,,,1.2867438643445368,0.7762720290180968,,0.3617407069547783,False,False,False,25,no,yes,high predicted ZT,https://doi.org/10.1007/s11664-012-2403-0
10.1007_s11664-012-2403-0__sample_8589,true_positive,1.0,unknown,n,Mg2Si,10.1007/s11664-012-2403-0,,,1.8543878781100287,1.0640062170171312,,0.4571978922637528,False,False,False,25,no,yes,high predicted ZT,https://doi.org/10.1007/s11664-012-2403-0
10.1007_s11664-012-2403-0__sample_8591,true_positive,1.0,unknown,n,Mg2Si0.8Sn0.2,10.1007/s11664-012-2403-0,,,1.8321474703600658,1.319861418232544,,0.20587923608438033,False,False,False,25,no,yes,high predicted ZT,https://doi.org/10.1007/s11664-012-2403-0
10.1007_s11664-012-2410-1__sample_13515,false_positive,1.0,unknown,n,ZrSe2,10.1007/s11664-012-2410-1,,0.06926978,1.0283996464893952,1.0286739878360858,,0.3459310551217529,False,True,True,75,yes,yes,high-ZT false positive; important candidate for paper; high predicted ZT; carried from Step14,https://doi.org/10.1007/s11664-012-2410-1
10.1007_s11664-012-2416-8__sample_15526,true_positive,1.0,unknown,p,(GeTe)0.85(Mn0.6Sn0.4Te)0.15,10.1007/s11664-012-2416-8,,1.56035,1.5304822981458754,1.5520892224366252,0.15911768583850153,0.1455704902425758,False,True,True,65,yes,yes,high observed ZT; important candidate for paper; high predicted ZT,https://doi.org/10.1007/s11664-012-2416-8
10.1007_s11664-012-2416-8__sample_15527,true_positive,1.0,unknown,p,(GeTe)0.835(Mn0.6Sn0.4Te)0.15(Bi2Te3)0.015,10.1007/s11664-012-2416-8,,1.495044,1.443973948578572,1.4968692184290382,0.13681384826465545,0.13802999440402683,False,True,True,65,yes,yes,high observed ZT; important candidate for paper; high predicted ZT,https://doi.org/10.1007/s11664-012-2416-8
10.1007_s11664-012-2416-8__sample_15528,true_positive,1.0,unknown,p,(GeTe)0.82(Mn0.6Sn0.4Te)0.15(Bi2Te3)0.03,10.1007/s11664-012-2416-8,,1.532362,1.4592204280391223,1.5306425528183367,0.13139029367741786,0.1346705792118359,False,True,True,65,yes,yes,high observed ZT; important candidate for paper; high predicted ZT,https://doi.org/10.1007/s11664-012-2416-8
10.1007_s11664-012-2416-8__sample_15529,true_positive,1.0,unknown,p,(GeTe)0.81(Mn0.6Sn0.4Te)0.15(Bi2Te3)0.04,10.1007/s11664-012-2416-8,,1.443732,1.4351767482190765,1.447464393328293,0.14241887712243054,0.13476527111828204,False,True,True,65,yes,yes,high observed ZT; important candidate for paper; high predicted ZT,https://doi.org/10.1007/s11664-012-2416-8
10.1007_s11664-012-2416-8__sample_15530,true_positive,1.0,unknown,p,(GeTe)0.8(Mn0.6Sn0.4Te)0.15(Bi2Te3)0.05,10.1007/s11664-012-2416-8,,1.427405,1.3802352813839964,1.4239281127625136,0.1333866074722644,0.13260529450868036,False,True,True,65,yes,yes,high observed ZT; important candidate for paper; high predicted ZT,https://doi.org/10.1007/s11664-012-2416-8
10.1007_s11664-013-2824-4__sample_4143,false_positive,1.0,unknown,n,Co4Sb11.3Te0.5Se0.2,10.1007/s11664-013-2824-4,,0.9035831,1.0661740732707974,0.904474821154196,0.0983391531825837,0.08325234604060777,False,True,True,65,yes,yes,high-ZT false positive; important candidate for paper; high predicted ZT; carried from Step14,https://doi.org/10.1007/s11664-013-2824-4
10.1007_s11664-013-2824-4__sample_4144,false_positive,1.0,unknown,n,Co4Sb11.3Te0.5Se0.2,10.1007/s11664-013-2824-4,,0.9557003,1.17109219028525,0.947529149218856,0.03660966048865051,0.10113386604510392,False,True,True,75,yes,yes,high-ZT false positive; important candidate for paper; high predicted ZT; carried from Step14,https://doi.org/10.1007/s11664-013-2824-4
10.1007_s11664-013-2824-4__sample_4145,true_positive,1.0,unknown,n,Co4Sb11.3Te0.5Se0.2,10.1007/s11664-013-2824-4,,1.072964,1.2902354651161545,1.067557184002231,0.06480902205217992,0.06409978458468336,False,True,True,65,yes,yes,high observed ZT; important candidate for paper; high predicted ZT,https://doi.org/10.1007/s11664-013-2824-4
10.1007_s11664-013-2857-8__sample_1703,false_negative,1.0,unknown,p,Bi0.48Sb1.52Te3,10.1007/s11664-013-2857-8,,1.001282,0.9809462329333641,1.0163991762870517,0.05220152102532263,0.041007635869856694,False,True,True,90,yes,yes,high observed ZT; high-ZT false negative; important candidate for paper; carried from Step14,https://doi.org/10.1007/s11664-013-2857-8
10.1007_s11664-013-2857-8__sample_1704,true_positive,1.0,unknown,p,Bi0.48Sb1.52Te3,10.1007/s11664-013-2857-8,,1.062866,1.0246424603070454,1.0795018730538923,0.07504947593435132,0.07073161034324596,False,True,True,65,yes,yes,high observed ZT; important candidate for paper; high predicted ZT,https://doi.org/10.1007/s11664-013-2857-8
10.1007_s11664-013-2865-8__sample_8618,true_positive,1.0,unknown,n,Mg2.08Si0.364Sn0.6Sb0.036,10.1007/s11664-013-2865-8,,1.445652,2.0332712951510077,1.7845871613912043,0.17474821824090683,0.2714008427720663,False,True,True,65,yes,yes,high observed ZT; important candidate for paper; high predicted ZT,https://doi.org/10.1007/s11664-013-2865-8
10.1007_s11664-013-2865-8__sample_8620,true_positive,1.0,unknown,n,Mg2.08Si0.34Sn0.6Sb0.06,10.1007/s11664-013-2865-8,,1.13587,1.1406119524521012,1.0675139939489668,0.022688982850222115,0.06589255917522371,False,True,True,75,yes,yes,high observed ZT; important candidate for paper; high predicted ZT,https://doi.org/10.1007/s11664-013-2865-8
10.1007_s11664-013-2897-0__sample_9906,false_positive,1.0,unknown,n,Mg2SiSb0.05,10.1007/s11664-013-2897-0,,0.6619988,1.2681034843130545,0.74195753463118,0.06268274376445948,0.2764803954079259,False,True,True,75,yes,yes,high-ZT false positive; important candidate for paper; high predicted ZT; carried from Step14,https://doi.org/10.1007/s11664-013-2897-0
10.1007_s11664-014-2987-7__sample_30312,false_positive,1.0,unknown,n,Co4Sb11.5Te0.5,10.1007/s11664-014-2987-7,,0.9219382,1.2356969474224329,0.9526628019485238,0.0780851159335817,0.1365681413011308,False,True,True,75,yes,yes,high-ZT false positive; important candidate for paper; high predicted ZT; carried from Step14,https://doi.org/10.1007/s11664-014-2987-7
10.1007_s11664-014-2988-6__sample_29724,true_positive,1.0,unknown,p,Bi0.4Sb1.6Te3,10.1007/s11664-014-2988-6,,1.0272,1.5894774869103911,1.0103215940804242,0.4731450713305989,0.4765552436654303,False,True,True,65,yes,yes,high observed ZT; important candidate for paper; high predicted ZT,https://doi.org/10.1007/s11664-014-2988-6
10.1007_s11664-014-2988-6__sample_29725,true_positive,1.0,unknown,p,Bi0.4Sb1.6Te3,10.1007/s11664-014-2988-6,,1.0584,1.6697552361245547,1.0618820926977652,0.47382991522623114,0.4783514744097757,False,True,True,65,yes,yes,high observed ZT; important candidate for paper; high predicted ZT,https://doi.org/10.1007/s11664-014-2988-6
10.1007_s11664-014-2988-6__sample_29726,false_positive,1.0,unknown,p,Bi0.4Sb1.6Te3,10.1007/s11664-014-2988-6,,0.612,1.1618002145504192,0.9222728597908932,1.0618293307255258,0.4177784841066404,False,True,True,90,yes,yes,high-ZT false positive; important candidate for paper; high predicted ZT; carried from Step14,https://doi.org/10.1007/s11664-014-2988-6
10.1007_s11664-014-2988-6__sample_29727,true_positive,1.0,unknown,p,Bi0.4Sb1.6Te3,10.1007/s11664-014-2988-6,,1.231915,1.1783291861833558,1.2195209963355091,0.06663245884090448,0.06669678725291506,False,True,True,65,yes,yes,high observed ZT; important candidate for paper; high predicted ZT,https://doi.org/10.1007/s11664-014-2988-6
10.1007_s11664-014-2988-6__sample_29728,true_positive,1.0,unknown,p,Bi0.4Sb1.6Te3,10.1007/s11664-014-2988-6,,1.193617,1.2746863832086797,1.2346336157341018,0.04487663188134464,0.05135128115820581,False,True,True,65,yes,yes,high observed ZT; important candidate for paper; high predicted ZT,https://doi.org/10.1007/s11664-014-2988-6
10.1007_s11664-014-3002-z__sample_8645,true_positive,1.0,unknown,n,Mg2(Si0.3Sn0.7)0.98Sb0.02,10.1007/s11664-014-3002-z,,1.144037,1.456082012245611,1.1249724182409988,0.1298432588635607,0.14083819844417023,False,True,True,65,yes,yes,high observed ZT; important candidate for paper; high predicted ZT,https://doi.org/10.1007/s11664-014-3002-z
10.1007_s11664-014-3002-z__sample_8646,false_negative,1.0,unknown,n,Mg1.9Co0.1(Si0.3Sn0.7)0.98Sb0.02,10.1007/s11664-014-3002-z,,1.00144,0.8615481456948624,0.8197492998843151,0.162550260513778,0.1664785177023333,False,True,True,100,yes,yes,high observed ZT; high-ZT false negative; important candidate for paper; carried from Step14,https://doi.org/10.1007/s11664-014-3002-z
10.1007_s11664-014-3016-6__sample_4152,false_positive,1.0,unknown,n,Co4Sb11.3Te0.6Se0.1,10.1007/s11664-014-3016-6,,0.3800643,1.1025967585373595,1.0923255696209575,0.04679064982283785,0.061897237690288875,False,True,True,75,yes,yes,high-ZT false positive; important candidate for paper; high predicted ZT; carried from Step14,https://doi.org/10.1007/s11664-014-3016-6
10.1007_s11664-014-3016-6__sample_4153,true_positive,1.0,unknown,n,Co3.9Ni0.1Sb11.3Te0.6Se0.1,10.1007/s11664-014-3016-6,,1.029582,1.210060617120544,1.0417625594575817,0.07901325846909185,0.07284482043830884,False,True,True,65,yes,yes,high observed ZT; important candidate for paper; high predicted ZT,https://doi.org/10.1007/s11664-014-3016-6
10.1007_s11664-014-3016-6__sample_4156,true_positive,1.0,unknown,n,Co3.9Ni0.1Sb11.5Te0.4Se0.1,10.1007/s11664-014-3016-6,,1.109203,1.3740993336907286,1.139218938122048,0.08690288101461086,0.09485397701736659,False,True,True,65,yes,yes,high observed ZT; important candidate for paper; high predicted ZT,https://doi.org/10.1007/s11664-014-3016-6
10.1007_s11664-014-3016-6__sample_4157,false_negative,1.0,unknown,n,Co3.8Ni0.2Sb11.5Te0.4Se0.1,10.1007/s11664-014-3016-6,,1.052917,0.8876594424348101,0.942969545930748,0.1662233612717679,0.0752194621295907,False,True,True,100,yes,yes,high observed ZT; high-ZT false negative; important candidate for paper; carried from Step14,https://doi.org/10.1007/s11664-014-3016-6
10.1007_s11664-014-3076-7__sample_16794,true_positive,1.0,unknown,p,AgSbTe2.01,10.1007/s11664-014-3076-7,,1.406828,1.2407626308096094,1.4062746935509638,0.18769572340484236,0.18937257727463452,False,True,True,65,yes,yes,high observed ZT; important candidate for paper; high predicted ZT,https://doi.org/10.1007/s11664-014-3076-7
10.1007_s11664-014-3076-7__sample_16795,false_negative,1.0,unknown,p,AgCe0.005Sb0.995Te2.01,10.1007/s11664-014-3076-7,,1.093639,0.8808031655728635,1.0883483911202898,0.1939637740165979,0.1944079761585779,False,True,True,90,yes,yes,high observed ZT; high-ZT false negative; important candidate for paper; carried from Step14,https://doi.org/10.1007/s11664-014-3076-7
10.1007_s11664-014-3076-7__sample_16796,true_positive,1.0,unknown,p,AgCe0.01Sb0.99Te2.01,10.1007/s11664-014-3076-7,,1.20393,1.0003324673141867,1.2070136870216206,0.33197904810368184,0.3355634188813871,False,True,True,65,yes,yes,high observed ZT; important candidate for paper; high predicted ZT,https://doi.org/10.1007/s11664-014-3076-7
10.1007_s11664-014-3076-7__sample_16797,false_negative,1.0,unknown,p,AgCe0.03Sb0.97Te2.01,10.1007/s11664-014-3076-7,,1.06772,0.8747885643780583,1.0677110954598863,0.20070726426910127,0.20253413332899925,False,True,True,90,yes,yes,high observed ZT; high-ZT false negative; important candidate for paper; carried from Step14,https://doi.org/10.1007/s11664-014-3076-7
10.1007_s11664-014-3076-7__sample_16798,true_positive,1.0,unknown,p,AgSbTe2,10.1007/s11664-014-3076-7,,1.222706,1.1900745750567818,1.218194243460394,0.17401280724723556,0.17448436755139612,False,True,True,65,yes,yes,high observed ZT; important candidate for paper; high predicted ZT,https://doi.org/10.1007/s11664-014-3076-7
10.1007_s11664-014-3235-x__sample_9911,true_positive,1.0,unknown,n,Mg2Si0.58Sn0.4Bi0.02,10.1007/s11664-014-3235-x,,1.136585,1.2484882256308083,0.997639121895626,0.09199533035757351,0.12447701115349144,False,True,False,60,yes,yes,high observed ZT; important candidate for paper; high predicted ZT,https://doi.org/10.1007/s11664-014-3235-x
10.1007_s11664-014-3235-x__sample_9913,false_negative,1.0,unknown,n,Mg2Si0.53Sn0.4Bi0.02Ge0.05,10.1007/s11664-014-3235-x,,1.395122,0.6038146639087891,0.6395539976703715,0.10456832130015015,0.10316631477683585,False,True,False,95,yes,yes,high observed ZT; high-ZT false negative; important candidate for paper; carried from Step14,https://doi.org/10.1007/s11664-014-3235-x
10.1007_s11664-014-3235-x__sample_9915,true_positive,1.0,unknown,n,Mg2Si0.48Sn0.4Ge0.10Bi0.02,10.1007/s11664-014-3235-x,,1.039024,1.0510780882187594,0.9110850384482708,0.13309701822994496,0.1662563785867962,False,True,False,70,yes,yes,high observed ZT; important candidate for paper; high predicted ZT,https://doi.org/10.1007/s11664-014-3235-x
10.1007_s11664-014-3235-x__sample_9917,false_negative,1.0,unknown,n,Mg2Si0.43Sn0.4Ge0.15Bi0.02,10.1007/s11664-014-3235-x,,1.019512,0.2827748164713486,0.3238726471107399,0.08282564400760895,0.08667622166046293,False,True,False,95,yes,yes,high observed ZT; high-ZT false negative; important candidate for paper; carried from Step14,https://doi.org/10.1007/s11664-014-3235-x
10.1007_s11664-014-3235-x__sample_9918,false_negative,1.0,unknown,n,Mg2Si0.38Sn0.4Ge0.20Bi0.02,10.1007/s11664-014-3235-x,,1.009756,0.48996089250526326,0.5147537249346062,,0.12027250876367136,False,True,False,95,yes,yes,high observed ZT; high-ZT false negative; important candidate for paper; carried from Step14,https://doi.org/10.1007/s11664-014-3235-x
10.1007_s11664-014-3466-x__sample_7868,true_positive,1.0,unknown,p,BiSbTe nanocomposite,10.1007/s11664-014-3466-x,,1.06649,1.0493770451162898,1.04903596430934,0.020955513410102,0.017369994091680892,False,True,True,75,yes,yes,high observed ZT; important candidate for paper; high predicted ZT,https://doi.org/10.1007/s11664-014-3466-x
10.1007_s11664-014-3507-5__sample_14354,false_negative,1.0,unknown,p,In0.1Ge0.9Te,10.1007/s11664-014-3507-5,,1.822857,0.9871869847409536,1.1113670099043529,0.45843969947124014,0.11173628878374442,False,True,True,100,yes,yes,high observed ZT; high-ZT false negative; important candidate for paper; carried from Step14,https://doi.org/10.1007/s11664-014-3507-5
10.1007_s11664-014-3512-8__sample_4181,false_negative,1.0,unknown,n,CoSb2.79Te0.16Se0.05,10.1007/s11664-014-3512-8,,1.114109,0.5186521955358246,0.5937086670837918,0.09200412516271425,0.0874725951401315,False,True,True,100,yes,yes,high observed ZT; high-ZT false negative; important candidate for paper; carried from Step14,https://doi.org/10.1007/s11664-014-3512-8
10.1007_s11664-014-3512-8__sample_4182,false_negative,1.0,unknown,n,CoSb2.79Te0.16Se0.04S0.01,10.1007/s11664-014-3512-8,,1.110755,0.48340743102224293,0.5192035198988373,,0.1033922449165573,False,True,True,100,yes,yes,high observed ZT; high-ZT false negative; important candidate for paper; carried from Step14,https://doi.org/10.1007/s11664-014-3512-8
10.1007_s11664-014-3512-8__sample_4183,true_positive,1.0,unknown,n,CoSb2.79Te0.16Se0.025S0.025,10.1007/s11664-014-3512-8,,1.133105,1.451371120034316,1.1812857453020282,,0.08770657135034476,False,True,True,75,yes,yes,high observed ZT; important candidate for paper; high predicted ZT,https://doi.org/10.1007/s11664-014-3512-8
10.1007_s11664-014-3512-8__sample_4184,true_positive,1.0,unknown,n,CoSb2.79Te0.16Se0.01S0.04,10.1007/s11664-014-3512-8,,1.184917,1.0962729864266154,1.0710750030421623,0.04376554373466785,0.0566662790492569,False,True,True,65,yes,yes,high observed ZT; important candidate for paper; high predicted ZT,https://doi.org/10.1007/s11664-014-3512-8
10.1007_s11664-014-3582-7__sample_4196,true_positive,1.0,unknown,n,Yb0.3Co4Sb12,10.1007/s11664-014-3582-7,,1.11635,1.538592385600445,1.2365323336394918,0.05993734024345593,0.09124601803883023,False,True,True,75,yes,yes,high observed ZT; important candidate for paper; high predicted ZT,https://doi.org/10.1007/s11664-014-3582-7
10.1007_s11664-014-3582-7__sample_4198,true_positive,1.0,unknown,n,Yb0.3Co4Sb12,10.1007/s11664-014-3582-7,,1.122447,1.0600948205782337,1.029594819170511,,0.03436890497616762,False,True,True,75,yes,yes,high observed ZT; important candidate for paper; high predicted ZT,https://doi.org/10.1007/s11664-014-3582-7
10.1007_s11664-015-4122-9__sample_17047,true_positive,1.0,unknown,n,Pb18Ag1Sb1Te20,10.1007/s11664-015-4122-9,,1.004578,1.2794068190803642,1.0043028954152189,0.29319735028304866,0.3001203339458094,False,True,True,65,yes,yes,high observed ZT; important candidate for paper; high predicted ZT,https://doi.org/10.1007/s11664-015-4122-9
10.1007_s11664-015-4122-9__sample_17048,false_negative,1.0,unknown,n,Pb18Ag2Te20,10.1007/s11664-015-4122-9,,2.124154,0.9139339172227187,1.1555387272854278,0.6454765238107354,0.7014557072754715,False,True,True,90,yes,yes,high observed ZT; high-ZT false negative; important candidate for paper; carried from Step14,https://doi.org/10.1007/s11664-015-4122-9
10.1007_s11664-015-4122-9__sample_17049,false_positive,1.0,unknown,n,(PbTe)90(Ag2Te)10,10.1007/s11664-015-4122-9,,0.3591037,1.034207797907208,0.6156052494269525,1.0710558648588828,0.3484659412591216,False,True,True,90,yes,yes,high-ZT false positive; important candidate for paper; high predicted ZT; carried from Step14,https://doi.org/10.1007/s11664-015-4122-9
10.1007_s11664-015-4155-0__sample_5671,true_positive,1.0,unknown,n,Ba0.1Yb0.2Al0.1Ba0.1Gd0.1Al0.1Co3.75Fe0.25Sb12,10.1007/s11664-015-4155-0,,,1.0677150277679155,1.136886342298997,,0.06084277025547176,False,True,True,35,no,yes,high predicted ZT,https://doi.org/10.1007/s11664-015-4155-0
10.1007_s11664-016-4865-y__sample_2341,false_positive,1.0,unknown,n,Sr7.89Ga15.10Sn0.46Ge30.42,10.1007/s11664-016-4865-y,,0.8899944,1.2798349104160218,0.8822332927296028,0.449925722204796,0.2423022498163073,False,True,False,70,yes,yes,high-ZT false positive; important candidate for paper; high predicted ZT; carried from Step14,https://doi.org/10.1007/s11664-016-4865-y
10.1007_s11664-016-4865-y__sample_2342,false_positive,1.0,unknown,n,Sr7.86Ga15.09Sn0.48Ge30.49,10.1007/s11664-016-4865-y,,0.7793969,1.3243964239884936,0.8984924206406808,,0.20028519014034188,False,True,False,70,yes,yes,high-ZT false positive; important candidate for paper; high predicted ZT; carried from Step14,https://doi.org/10.1007/s11664-016-4865-y
10.1007_s11664-016-4865-y__sample_2343,false_positive,1.0,unknown,n,Sr7.92Ga15.04Sn0.35Ge30.69,10.1007/s11664-016-4865-y,,0.9673715,1.4464339815761151,0.990159908124966,0.4242585933891625,0.23628557908844186,False,True,False,70,yes,yes,high-ZT false positive; important candidate for paper; high predicted ZT; carried from Step14,https://doi.org/10.1007/s11664-016-4865-y
10.1007_s11664-016-4865-y__sample_2345,false_positive,1.0,unknown,n,Sr7.84Ga14.49Sn0.34Ge31.42,10.1007/s11664-016-4865-y,,0.75725,1.029529080263375,0.6995002155361947,,0.4718066662412678,False,True,False,70,yes,yes,high-ZT false positive; important candidate for paper; high predicted ZT; carried from Step14,https://doi.org/10.1007/s11664-016-4865-y
10.1007_s11664-017-5607-5__sample_2547,false_positive,1.0,unknown,n,Pb0.95Bi0.05Te,10.1007/s11664-017-5607-5,,,1.4134172221359276,0.6172974144011378,,0.6388884830607586,False,True,True,35,no,yes,high predicted ZT,https://doi.org/10.1007/s11664-017-5607-5
10.1007_s11664-018-06896-8__sample_41404,true_positive,1.0,unknown,n,Cu0.008Bi2Te2.7Se0.3,10.1007/s11664-018-06896-8,,1.103384,1.219714709949338,1.101203568170805,0.08426068712009493,0.07850170617201666,False,True,True,65,yes,yes,high observed ZT; important candidate for paper; high predicted ZT,https://doi.org/10.1007/s11664-018-06896-8
10.1007_s11664-018-06896-8__sample_41405,true_positive,1.0,unknown,n,Cu0.008Bi1.995In0.005Te2.7Se0.3,10.1007/s11664-018-06896-8,,1.107269,1.232890446118921,1.1064131325122637,0.06897192406866813,0.06424583145146782,False,True,True,65,yes,yes,high observed ZT; important candidate for paper; high predicted ZT,https://doi.org/10.1007/s11664-018-06896-8
10.1007_s11664-018-06896-8__sample_41406,true_positive,1.0,unknown,n,Cu0.008Bi1.990In0.010Te2.7Se0.3,10.1007/s11664-018-06896-8,,1.040738,1.1845127828891606,1.0476401751463584,0.07967496387865815,0.06400788305391969,False,True,True,65,yes,yes,high observed ZT; important candidate for paper; high predicted ZT,https://doi.org/10.1007/s11664-018-06896-8
10.1007_s11664-018-06896-8__sample_41408,false_positive,1.0,unknown,n,Cu0.008Bi1.985In0.015Te2.7Se0.3,10.1007/s11664-018-06896-8,,0.9797145,1.0903874948589352,0.97431490021682,0.06547701852277717,0.06719056120765433,False,True,True,65,yes,yes,high-ZT false positive; important candidate for paper; high predicted ZT; carried from Step14,https://doi.org/10.1007/s11664-018-06896-8
10.1007_s11664-019-07486-y__sample_40101,false_positive,1.0,unknown,n,TiCoSb,10.1007/s11664-019-07486-y,,0.03660343,3.7275153354274586,7.696323527055639,,0.4053212281498331,False,True,True,75,yes,yes,high-ZT false positive; important candidate for paper; high predicted ZT; carried from Step14,https://doi.org/10.1007/s11664-019-07486-y
10.1007_s11664-019-07486-y__sample_40105,false_positive,1.0,unknown,p,TiCoSb0.8Sn0.2,10.1007/s11664-019-07486-y,,0.2195411,8.657994070954887,26.320438551332195,49.19996227092369,1.0109930211043827,False,True,True,110,yes,yes,high-ZT false positive; important candidate for paper; high predicted ZT; carried from Step14,https://doi.org/10.1007/s11664-019-07486-y
10.1007_s11664-019-07720-7__sample_35575,false_negative,1.0,unknown,p,Bi0.94In0.06CuSeO,10.1007/s11664-019-07720-7,,1.082461,0.6527166541597892,0.7506747653055187,0.3139018789076108,0.4260944580270163,False,True,True,90,yes,yes,high observed ZT; high-ZT false negative; important candidate for paper; carried from Step14,https://doi.org/10.1007/s11664-019-07720-7
10.1007_s11664-019-07745-y__sample_32521,false_negative,1.0,unknown,p,Ni/Bi0.5Sb1.5Te3,10.1007/s11664-019-07745-y,,1.029548,0.9568741491384655,1.0246056595409854,0.10713939192307538,0.1034592684306739,False,True,True,90,yes,yes,high observed ZT; high-ZT false negative; important candidate for paper; carried from Step14,https://doi.org/10.1007/s11664-019-07745-y
10.1007_s11664-019-07745-y__sample_32524,true_positive,1.0,unknown,p,Ni/Bi0.5Sb1.5Te3,10.1007/s11664-019-07745-y,,1.049448,1.0426063258508786,1.0615868349303914,0.11498080216162224,0.12275662717284942,False,True,True,65,yes,yes,high observed ZT; important candidate for paper; high predicted ZT,https://doi.org/10.1007/s11664-019-07745-y
10.1007_s11664-019-07745-y__sample_32542,false_negative,1.0,unknown,p,Ni/Bi0.5Sb1.5Te3,10.1007/s11664-019-07745-y,,1.023117,0.9928854830703082,1.056199507651585,0.10856863383123615,0.09868568887764081,False,True,True,90,yes,yes,high observed ZT; high-ZT false negative; important candidate for paper; carried from Step14,https://doi.org/10.1007/s11664-019-07745-y
10.1007_s11664-019-07745-y__sample_32543,false_negative,1.0,unknown,p,Ni/Bi0.5Sb1.5Te3,10.1007/s11664-019-07745-y,,1.018247,0.9749850681183589,1.0240457033547767,0.09119723565162453,0.09393968726398201,False,True,True,90,yes,yes,high observed ZT; high-ZT false negative; important candidate for paper; carried from Step14,https://doi.org/10.1007/s11664-019-07745-y
10.1007_s11664-019-07745-y__sample_32579,true_positive,1.0,unknown,p,Ni/Bi0.5Sb1.5Te3,10.1007/s11664-019-07745-y,,1.029422,1.053255968864892,1.0570290917531262,0.1251594018813528,0.11944863623646228,False,True,True,65,yes,yes,high observed ZT; important candidate for paper; high predicted ZT,https://doi.org/10.1007/s11664-019-07745-y
10.1007_s11664-019-07745-y__sample_32581,true_positive,1.0,unknown,p,Ni/Bi0.5Sb1.5Te3,10.1007/s11664-019-07745-y,,1.075657,1.0756100541609221,1.1093250082167434,0.13580727597938713,0.12049453819186186,False,True,True,65,yes,yes,high observed ZT; important candidate for paper; high predicted ZT,https://doi.org/10.1007/s11664-019-07745-y
10.1007_s11664-019-07772-9__sample_32402,false_positive,1.0,unknown,p,Cu0.0025Bi0.5Sb1.5Te3,10.1007/s11664-019-07772-9,,0.9874016,1.0686581290449506,1.0491171915145905,0.035567861490004224,0.11641050428099056,False,True,True,65,yes,yes,high-ZT false positive; important candidate for paper; high predicted ZT; carried from Step14,https://doi.org/10.1007/s11664-019-07772-9
10.1007_s11664-019-07772-9__sample_32403,true_positive,1.0,unknown,p,Cu0.005Bi0.5Sb1.5Te3,10.1007/s11664-019-07772-9,,1.044232,1.050788310516491,0.9935797170888232,0.28025725870272655,0.13900292308871767,False,True,True,65,yes,yes,high observed ZT; important candidate for paper; high predicted ZT,https://doi.org/10.1007/s11664-019-07772-9
10.1007_s11664-019-07772-9__sample_32404,true_positive,1.0,unknown,p,Cu0.0075Bi0.5Sb1.5Te3,10.1007/s11664-019-07772-9,,1.147548,1.2478477996105732,1.154212673740625,0.14905784041011366,0.14529149379901632,False,True,True,65,yes,yes,high observed ZT; important candidate for paper; high predicted ZT,https://doi.org/10.1007/s11664-019-07772-9
10.1007_s11664-019-07851-x__sample_34465,false_negative,1.0,unknown,p,Bi0.5Sb1.5Te3,10.1007/s11664-019-07851-x,,1.013324,0.9501567849583217,1.0027078844565869,0.05508978851708246,0.06717888959369203,False,True,True,90,yes,yes,high observed ZT; high-ZT false negative; important candidate for paper; carried from Step14,https://doi.org/10.1007/s11664-019-07851-x
10.1007_s11664-019-07851-x__sample_34466,true_positive,1.0,unknown,p,Ba0.003Ti0.003O0.009Bi0.5Sb1.5Te3,10.1007/s11664-019-07851-x,,1.070583,1.0307716270492189,1.0921996870883846,0.07340261445277697,0.062421663002220615,False,True,True,65,yes,yes,high observed ZT; important candidate for paper; high predicted ZT,https://doi.org/10.1007/s11664-019-07851-x
10.1007_s11664-019-07851-x__sample_34467,true_positive,1.0,unknown,p,Ba0.006Ti0.006O0.017Bi0.5Sb1.5Te3,10.1007/s11664-019-07851-x,,1.188145,1.095864471864747,1.176966632338108,0.05591905851826744,0.06636629928402407,False,True,True,65,yes,yes,high observed ZT; important candidate for paper; high predicted ZT,https://doi.org/10.1007/s11664-019-07851-x
10.1007_s11664-019-07851-x__sample_34468,true_positive,1.0,unknown,p,Ba0.009Ti0.009O0.026Bi0.5Sb1.5Te3,10.1007/s11664-019-07851-x,,1.150526,1.0980161354435813,1.150809785646689,0.06287836429157663,0.06454454061583642,False,True,True,65,yes,yes,high observed ZT; important candidate for paper; high predicted ZT,https://doi.org/10.1007/s11664-019-07851-x
10.1007_s11664-019-07851-x__sample_34469,true_positive,1.0,unknown,p,Ba0.012Ti0.012O0.035Bi0.5Sb1.5Te3,10.1007/s11664-019-07851-x,,1.124025,1.0557855125379692,1.1250616806349527,0.07352220044244145,0.06883219460262605,False,True,True,65,yes,yes,high observed ZT; important candidate for paper; high predicted ZT,https://doi.org/10.1007/s11664-019-07851-x
10.1007_s11664-019-07919-8__sample_83080,false_positive,1.0,unknown,p,Fe1.05Nb0.75Ti0.25Sb,10.1007/s11664-019-07919-8,,0.3658,397462.9611084756,385430.9280547593,,0.10106311900139137,False,True,True,75,yes,yes,high-ZT false positive; important candidate for paper; high predicted ZT; carried from Step14,https://doi.org/10.1007/s11664-019-07919-8
10.1007_s11664-019-07919-8__sample_83081,false_positive,1.0,unknown,p,Fe1.05Nb0.75Ti0.25Sb,10.1007/s11664-019-07919-8,,0.5675,896713.9044299484,547145.8035719501,994337.5051919152,0.30729422858594707,False,True,True,100,yes,yes,high-ZT false positive; important candidate for paper; high predicted ZT; carried from Step14,https://doi.org/10.1007/s11664-019-07919-8
10.1007_s11664-019-07919-8__sample_83082,false_positive,1.0,unknown,p,Fe1.05Nb0.75Ti0.25Sb,10.1007/s11664-019-07919-8,,0.5009,454074.06019267393,475357.6444703199,303183.4486500288,0.10980535016884012,False,True,True,100,yes,yes,high-ZT false positive; important candidate for paper; high predicted ZT; carried from Step14,https://doi.org/10.1007/s11664-019-07919-8
10.1007_s11664-019-07919-8__sample_83083,false_positive,1.0,unknown,p,Fe1.05Nb0.75Ti0.25Sb,10.1007/s11664-019-07919-8,,0.588,432559.61979914916,400515.1449085175,269354.8759338192,0.1485861835061151,False,True,True,100,yes,yes,high-ZT false positive; important candidate for paper; high predicted ZT; carried from Step14,https://doi.org/10.1007/s11664-019-07919-8
10.1007_s11664-020-08011-2__sample_32602,false_positive,1.0,unknown,p,Cu0.008Bi0.5Sb1.5Te3,10.1007/s11664-020-08011-2,,0.9482308,1.1802359588066482,0.9446830514323518,0.13718106044199244,0.1392673512707247,False,True,True,65,yes,yes,high-ZT false positive; important candidate for paper; high predicted ZT; carried from Step14,https://doi.org/10.1007/s11664-020-08011-2
10.1007_s11664-020-08011-2__sample_32605,true_positive,1.0,unknown,p,(Bi0.5Sb1.5Te3)98.96Cu1.04,10.1007/s11664-020-08011-2,,1.013017,1.2759159614921098,1.0141679494931453,0.1385508619495567,0.13934873341214918,False,True,True,65,yes,yes,high observed ZT; important candidate for paper; high predicted ZT,https://doi.org/10.1007/s11664-020-08011-2
10.1007_s11664-020-08011-2__sample_32606,false_positive,1.0,unknown,p,Cu0.02Bi0.5Sb1.5Te3,10.1007/s11664-020-08011-2,,0.8582564,1.087763592721146,0.8475756656130078,0.14908748367995503,0.13299213199377383,False,True,True,65,yes,yes,high-ZT false positive; important candidate for paper; high predicted ZT; carried from Step14,https://doi.org/10.1007/s11664-020-08011-2
10.1007_s11664-020-08056-3__sample_32441,false_positive,1.0,unknown,p,Zn4Sb3,10.1007/s11664-020-08056-3,,0.9142147,1.1154668007221582,0.9153653780870892,0.2425249497271062,0.23942997241622477,False,True,True,65,yes,yes,high-ZT false positive; important candidate for paper; high predicted ZT; carried from Step14,https://doi.org/10.1007/s11664-020-08056-3
10.1007_s11664-020-08135-5__sample_33542,false_positive,1.0,unknown,p,Bi0.5Sb1.5Te3,10.1007/s11664-020-08135-5,,0.95929,1.0030504375854528,0.9632065177309428,0.03056811047862164,0.030469576855776136,False,True,True,65,yes,yes,high-ZT false positive; important candidate for paper; high predicted ZT; carried from Step14,https://doi.org/10.1007/s11664-020-08135-5
10.1007_s11664-020-08135-5__sample_33543,true_positive,1.0,unknown,p,Sn0.005Bi0.495Sb1.5Te3,10.1007/s11664-020-08135-5,,1.178067,1.1808781484009985,1.171881680264609,0.024822944987279036,0.025613698544972897,False,True,True,65,yes,yes,high observed ZT; important candidate for paper; high predicted ZT,https://doi.org/10.1007/s11664-020-08135-5
10.1007_s11664-020-08135-5__sample_33544,true_positive,1.0,unknown,p,Sn0.015Bi0.485Sb1.5Te3,10.1007/s11664-020-08135-5,,1.321954,1.2938748922380552,1.3250367357416808,0.07100608951982998,0.07246443905972062,False,True,True,65,yes,yes,high observed ZT; important candidate for paper; high predicted ZT,https://doi.org/10.1007/s11664-020-08135-5
10.1007_s11664-020-08135-5__sample_33545,true_positive,1.0,unknown,p,Sn0.025Bi0.475Sb1.5Te3,10.1007/s11664-020-08135-5,,1.155348,1.1659615689937461,1.1663217999322788,0.06112690738165051,0.05704430571586222,False,True,True,65,yes,yes,high observed ZT; important candidate for paper; high predicted ZT,https://doi.org/10.1007/s11664-020-08135-5
10.1007_s11837-014-1146-1__sample_5234,true_positive,1.0,unknown,n,CoSb2.8Sn0.005Te0.195,10.1007/s11837-014-1146-1,,1.077778,1.0017746334119146,1.0722912827480873,0.07437687263845756,0.10651362787511261,False,True,True,75,yes,yes,high observed ZT; important candidate for paper; high predicted ZT,https://doi.org/10.1007/s11837-014-1146-1
10.1007_s11837-014-1146-1__sample_5235,true_positive,1.0,unknown,n,CoSb2.8Sn0.01Te0.99,10.1007/s11837-014-1146-1,,1.069444,1.000893529030731,1.0452806335558804,,0.042464294372460944,False,True,True,75,yes,yes,high observed ZT; important candidate for paper; high predicted ZT,https://doi.org/10.1007/s11837-014-1146-1
10.1007_s11837-016-1980-4__sample_14703,false_positive,1.0,unknown,n,Ag2Se,10.1007/s11837-016-1980-4,,0.7267087,1.208075565881328,0.7271516116798599,0.25925758269358484,0.26062439835258067,False,True,True,65,yes,yes,high-ZT false positive; important candidate for paper; high predicted ZT; carried from Step14,https://doi.org/10.1007/s11837-016-1980-4
10.1007_s11837-016-1980-4__sample_14705,false_positive,1.0,unknown,n,CuAgSe,10.1007/s11837-016-1980-4,,0.4620977,1.128010328559119,0.4676053177407266,0.3878548192986275,0.3768765580832818,False,True,True,65,yes,yes,high-ZT false positive; important candidate for paper; high predicted ZT; carried from Step14,https://doi.org/10.1007/s11837-016-1980-4
10.1007_s12274-019-2590-6__sample_32394,true_positive,1.0,unknown,p,Bi0.5Sb1.5Te3,10.1007/s12274-019-2590-6,,1.178637,1.1296952642020144,1.1557097986395757,0.0979331686216843,0.10114498089663171,False,True,True,65,yes,yes,high observed ZT; important candidate for paper; high predicted ZT,https://doi.org/10.1007/s12274-019-2590-6
10.1007_s12598-017-0991-9__sample_44124,false_positive,1.0,unknown,p,(PbSe)0.2(SnTe)0.8,10.1007/s12598-017-0991-9,,0.5363187,1.0499204297972016,0.5450997878026071,0.2620353906972412,0.505369236338967,False,True,True,75,yes,yes,high-ZT false positive; important candidate for paper; high predicted ZT; carried from Step14,https://doi.org/10.1007/s12598-017-0991-9
10.1007_s12598-017-0991-9__sample_44125,false_positive,1.0,unknown,p,SnTe,10.1007/s12598-017-0991-9,,,1.1525155334472215,0.745868725523817,,0.3912769906142624,False,True,True,35,no,yes,high predicted ZT,https://doi.org/10.1007/s12598-017-0991-9
10.1007_s12598-018-1005-2__sample_40884,false_negative,1.0,unknown,p,(Bi0.5Sb1.5Te3)86.03(Te)13.97,10.1007/s12598-018-1005-2,,1.117052,0.9465704231882054,1.108623882156619,0.13719202711505757,0.14023871796010567,False,True,True,90,yes,yes,high observed ZT; high-ZT false negative; important candidate for paper; carried from Step14,https://doi.org/10.1007/s12598-018-1005-2
10.1007_s12598-018-1005-2__sample_40885,false_negative,1.0,unknown,p,(Bi0.5Sb1.5Te2.98Se0.02)86.05(Te)13.95,10.1007/s12598-018-1005-2,,1.014924,0.9277463162183042,1.004854478155483,0.1255323172231939,0.11913794040407076,False,True,True,90,yes,yes,high observed ZT; high-ZT false negative; important candidate for paper; carried from Step14,https://doi.org/10.1007/s12598-018-1005-2
10.1007_s12598-018-1005-2__sample_40886,false_negative,1.0,unknown,p,(Bi0.5Sb1.5Te2.95Se0.05)86.07(Te)13.93,10.1007/s12598-018-1005-2,,1.089706,0.9517177125781232,1.0796663852249766,0.14735255533232575,0.14107173078463361,False,True,True,90,yes,yes,high observed ZT; high-ZT false negative; important candidate for paper; carried from Step14,https://doi.org/10.1007/s12598-018-1005-2
10.1007_s12598-018-1005-2__sample_40887,true_positive,1.0,unknown,p,(Bi0.5Sb1.5Te2.92Se0.08)86.1(Te)13.9,10.1007/s12598-018-1005-2,,1.218692,1.0913510556735952,1.196961169043552,0.14229214485613662,0.14029289491262045,False,True,True,65,yes,yes,high observed ZT; important candidate for paper; high predicted ZT,https://doi.org/10.1007/s12598-018-1005-2
10.1007_s12598-018-1005-2__sample_40888,true_positive,1.0,unknown,p,(Bi0.5Sb1.5Te2.91Se0.09)86.11(Te)13.89,10.1007/s12598-018-1005-2,,1.181236,1.016166878670681,1.1725560507080874,0.1317239563883537,0.14402225127270887,False,True,True,65,yes,yes,high observed ZT; important candidate for paper; high predicted ZT,https://doi.org/10.1007/s12598-018-1005-2
10.1007_s12598-018-1005-2__sample_40889,true_positive,1.0,unknown,p,(Bi0.5Sb1.5Te2.90Se0.10)86.12(Te)13.88,10.1007/s12598-018-1005-2,,1.12734,1.0722195801350214,1.120905700910969,0.1364824119475454,0.13844394217689177,False,True,True,65,yes,yes,high observed ZT; important candidate for paper; high predicted ZT,https://doi.org/10.1007/s12598-018-1005-2
10.1007_s12598-018-1005-2__sample_40896,true_positive,1.0,unknown,p,(Bi0.5Sb1.5Te2.92Se0.08)86.1(Te)13.9,10.1007/s12598-018-1005-2,,1.218858,1.0972062663189441,1.2190038699618324,0.1437043384363658,0.14297194339959735,False,True,True,65,yes,yes,high observed ZT; important candidate for paper; high predicted ZT,https://doi.org/10.1007/s12598-018-1005-2
10.1007_s12598-018-1005-2__sample_40897,true_positive,1.0,unknown,p,(Bi0.5Sb1.5Te2.92Se0.08)86.1(Te)13.9,10.1007/s12598-018-1005-2,,1.175439,1.0736317373674962,1.2337609295643786,0.14520924799243087,0.15594002232651732,False,True,True,65,yes,yes,high observed ZT; important candidate for paper; high predicted ZT,https://doi.org/10.1007/s12598-018-1005-2
10.1007_s12598-018-1005-2__sample_40898,true_positive,1.0,unknown,p,(Bi0.5Sb1.5Te2.91Se0.09)86.11(Te)13.89,10.1007/s12598-018-1005-2,,1.218971,1.0584881913312716,1.2205201307411817,0.1431031628201976,0.13962533850036818,False,True,True,65,yes,yes,high observed ZT; important candidate for paper; high predicted ZT,https://doi.org/10.1007/s12598-018-1005-2
10.1007_s12598-018-1005-2__sample_40899,true_positive,1.0,unknown,p,(Bi0.5Sb1.5Te2.91Se0.09)86.11(Te)13.89,10.1007/s12598-018-1005-2,,1.232972,1.057389846579124,1.198264512666298,0.14579277915177605,0.13921666722697454,False,True,True,65,yes,yes,high observed ZT; important candidate for paper; high predicted ZT,https://doi.org/10.1007/s12598-018-1005-2
10.1007_s12598-018-1005-2__sample_40900,true_positive,1.0,unknown,p,(Bi0.5Sb1.5Te2.91Se0.09)86.11(Te)13.89,10.1007/s12598-018-1005-2,,1.162411,1.022271735988099,1.1724758448444437,0.11807443923693522,0.1408596288163127,False,True,True,65,yes,yes,high observed ZT; important candidate for paper; high predicted ZT,https://doi.org/10.1007/s12598-018-1005-2
10.1007_s12598-018-1005-2__sample_40902,true_positive,1.0,unknown,p,(Bi0.5Sb1.5Te2.90Se0.10)86.12(Te)13.88,10.1007/s12598-018-1005-2,,1.131229,1.078228130924439,1.125678421218705,0.13501037191958287,0.13502123827771287,False,True,True,65,yes,yes,high observed ZT; important candidate for paper; high predicted ZT,https://doi.org/10.1007/s12598-018-1005-2
10.1007_s12598-018-1005-2__sample_40903,true_positive,1.0,unknown,p,(Bi0.5Sb1.5Te2.90Se0.10)86.12(Te)13.88,10.1007/s12598-018-1005-2,,1.088739,1.0415372327521402,1.0852849063986576,0.1387560992763145,0.1377792659450721,False,True,True,65,yes,yes,high observed ZT; important candidate for paper; high predicted ZT,https://doi.org/10.1007/s12598-018-1005-2
10.1007_s12598-018-1005-2__sample_40907,true_positive,1.0,unknown,p,(Bi0.58Sb1.42Te2.91Se0.09)85.98(Te)14.02,10.1007/s12598-018-1005-2,,1.165999,1.0198559738298598,1.1838179254010428,0.12058032685584917,0.12488587692821064,False,True,True,65,yes,yes,high observed ZT; important candidate for paper; high predicted ZT,https://doi.org/10.1007/s12598-018-1005-2
10.1007_s12598-018-1005-2__sample_40908,true_positive,1.0,unknown,p,(Bi0.62Sb1.38Te2.91Se0.09)85.92(Te)14.08,10.1007/s12598-018-1005-2,,1.189853,1.0224654542951073,1.1882229881976285,0.14662827564061806,0.1476306890454953,False,True,True,65,yes,yes,high observed ZT; important candidate for paper; high predicted ZT,https://doi.org/10.1007/s12598-018-1005-2
10.1007_s12598-021-01753-w__sample_45737,false_negative,1.0,unknown,p,Sn0.9775Na0.02In0.0025Se,10.1007/s12598-021-01753-w,,1.010345,0.5530940314156385,0.99998572384343,0.38196025514110893,0.2561687739436085,False,True,True,90,yes,yes,high observed ZT; high-ZT false negative; important candidate for paper; carried from Step14,https://doi.org/10.1007/s12598-021-01753-w
10.1007_s12598-021-01753-w__sample_45738,false_negative,1.0,unknown,p,Sn0.9750Na0.02In0.0050Se,10.1007/s12598-021-01753-w,,1.093832,0.661967507484403,1.118157224352801,0.2360735867550726,0.22638651134389096,False,True,True,90,yes,yes,high observed ZT; high-ZT false negative; important candidate for paper; carried from Step14,https://doi.org/10.1007/s12598-021-01753-w
10.1007_s12613-011-0446-5__sample_16668,true_positive,1.0,unknown,p,AgSbTe2,10.1007/s12613-011-0446-5,,1.438722,1.1066322277688365,1.155148299899558,0.03971275118464991,0.07635076178672229,False,True,True,75,yes,yes,high observed ZT; important candidate for paper; high predicted ZT,https://doi.org/10.1007/s12613-011-0446-5
10.1007_s12613-011-0446-5__sample_16669,true_positive,1.0,unknown,p,Ag0.84Sb1.15Ce0.01Te2.16,10.1007/s12613-011-0446-5,,1.300686,1.096600798116314,1.3819573574155462,0.15094341439710598,0.21337434936375183,False,True,True,75,yes,yes,high observed ZT; important candidate for paper; high predicted ZT,https://doi.org/10.1007/s12613-011-0446-5
10.1007_s12613-011-0446-5__sample_16670,true_positive,1.0,unknown,p,Ag0.84Sb1.15Yb0.01Te2.16,10.1007/s12613-011-0446-5,,1.420357,1.1187781349137602,1.268225766310391,,0.11783992674381163,False,True,True,75,yes,yes,high observed ZT; important candidate for paper; high predicted ZT,https://doi.org/10.1007/s12613-011-0446-5
10.1007_s12613-011-0446-5__sample_16671,false_negative,1.0,unknown,p,Ag0.84Sb1.15Cu0.01Te2.16,10.1007/s12613-011-0446-5,,1.130121,0.9737821062527273,1.0387575711026744,0.06867269459800832,0.07208571449842073,False,True,True,100,yes,yes,high observed ZT; high-ZT false negative; important candidate for paper; carried from Step14,https://doi.org/10.1007/s12613-011-0446-5
10.1007_s13391-021-00270-3__sample_41997,false_positive,1.0,unknown,p,Cu12Sb4S12.8Se0.2,10.1007/s13391-021-00270-3,,0.8766007,1.413791238082887,1.7476942320622475,0.40826648941417215,0.36352086466525707,False,True,True,75,yes,yes,high-ZT false positive; important candidate for paper; high predicted ZT; carried from Step14,https://doi.org/10.1007/s13391-021-00270-3
10.1007_s40145-021-0480-3__sample_45149,false_positive,1.0,unknown,p,Sn0.94Ag0.09La0.01Te,10.1007/s40145-021-0480-3,,0.8820144,1.097825604097214,0.902690964782593,0.2723526334838578,0.2642400263135722,False,True,True,65,yes,yes,high-ZT false positive; important candidate for paper; high predicted ZT; carried from Step14,https://doi.org/10.1007/s40145-021-0480-3
10.1007_s40145-021-0480-3__sample_45150,false_positive,1.0,unknown,p,Sn0.94Ag0.09La0.03Te,10.1007/s40145-021-0480-3,,0.9190226,1.109411240064729,0.9417747989441616,0.3284977281615201,0.312196319438574,False,True,True,65,yes,yes,high-ZT false positive; important candidate for paper; high predicted ZT; carried from Step14,https://doi.org/10.1007/s40145-021-0480-3
10.1007_s40145-021-0480-3__sample_45151,true_positive,1.0,unknown,p,Sn0.94Ag0.09La0.05Te,10.1007/s40145-021-0480-3,,1.007153,1.1630441191818228,1.0115955069492657,0.2728915438292204,0.26855967847639045,False,True,True,65,yes,yes,high observed ZT; important candidate for paper; high predicted ZT,https://doi.org/10.1007/s40145-021-0480-3
10.1007_s40843-021-1666-6__sample_46050,false_positive,1.0,unknown,n,Bi2Te2.5Se0.5,10.1007/s40843-021-1666-6,,0.8217492,1.067688867839184,0.833620376430948,0.11998907730950281,0.1163859266767134,False,True,True,65,yes,yes,high-ZT false positive; important candidate for paper; high predicted ZT; carried from Step14,https://doi.org/10.1007/s40843-021-1666-6
10.1007_s40843-021-1666-6__sample_46051,false_positive,1.0,unknown,n,(BaFe12O19)0.1(Bi2Te2.5Se0.5)99.9,10.1007/s40843-021-1666-6,,0.9071601,1.1856404806966467,0.9172314031045374,0.12419038087300205,0.11956233768271092,False,True,True,65,yes,yes,high-ZT false positive; important candidate for paper; high predicted ZT; carried from Step14,https://doi.org/10.1007/s40843-021-1666-6
10.1007_s40843-021-1666-6__sample_46052,true_positive,1.0,unknown,n,(BaFe12O19)0.21(Bi2Te2.5Se0.5)99.79,10.1007/s40843-021-1666-6,,1.014884,1.2898909196887773,1.0117859277234724,0.11374684401383231,0.11612604784698666,False,True,True,65,yes,yes,high observed ZT; important candidate for paper; high predicted ZT,https://doi.org/10.1007/s40843-021-1666-6
10.1007_s40843-021-1666-6__sample_46053,false_positive,1.0,unknown,n,(BaFe12O19)0.31(Bi2Te2.5Se0.5)99.69,10.1007/s40843-021-1666-6,,0.9638712,1.2302553810440295,0.9651223648123508,0.12316015286746174,0.12039682692785905,False,True,True,65,yes,yes,high-ZT false positive; important candidate for paper; high predicted ZT; carried from Step14,https://doi.org/10.1007/s40843-021-1666-6
10.1007_s40843-021-1666-6__sample_46054,false_positive,1.0,unknown,n,(BaFe12O19)0.42(Bi2Te2.5Se0.5)99.58,10.1007/s40843-021-1666-6,,0.9287829,1.1784196192821272,0.9235058282698668,0.11441194346961625,0.11613919579476073,False,True,True,65,yes,yes,high-ZT false positive; important candidate for paper; high predicted ZT; carried from Step14,https://doi.org/10.1007/s40843-021-1666-6
10.1016_j.actamat.2009.03.018__sample_3130,true_positive,1.0,unknown,n,Ba0.18Ce0.05Co4Sb12.02,10.1016/j.actamat.2009.03.018,,1.12406,1.014023122935162,0.9708178155514628,0.021813709985798242,0.041533760249484714,False,True,True,75,yes,yes,high observed ZT; important candidate for paper; high predicted ZT,https://doi.org/10.1016/j.actamat.2009.03.018
10.1016_j.actamat.2009.03.018__sample_3131,false_negative,1.0,unknown,n,Ba0.27Ce0.04Co4Sb12.02,10.1016/j.actamat.2009.03.018,,1.124827,0.8137771833979125,0.7799645255024135,0.17823300614846826,0.07403719975128578,False,True,True,90,yes,yes,high observed ZT; high-ZT false negative; important candidate for paper; carried from Step14,https://doi.org/10.1016/j.actamat.2009.03.018
10.1016_j.actamat.2009.03.018__sample_3132,false_positive,1.0,unknown,n,Ba0.39Ce0.02Co4Sb12.05,10.1016/j.actamat.2009.03.018,,0.9692642,1.1284862596599277,0.8880415761023167,0.14941062856421675,0.14565948734806516,False,True,True,65,yes,yes,high-ZT false positive; important candidate for paper; high predicted ZT; carried from Step14,https://doi.org/10.1016/j.actamat.2009.03.018
10.1016_j.actamat.2010.03.025__sample_30733,true_positive,1.0,unknown,n,Yb0.21Co4Sb12,10.1016/j.actamat.2010.03.025,,,1.6641449313537438,1.3289757757768714,,0.21936963654736427,False,True,True,35,no,yes,high predicted ZT,https://doi.org/10.1016/j.actamat.2010.03.025
10.1016_j.actamat.2010.03.025__sample_30736,true_positive,1.0,unknown,n,Yb0.26Co4Sb12(GaSb)0.1,10.1016/j.actamat.2010.03.025,,1.195526,1.674597571278704,1.357117085509832,,0.16027527793050866,False,True,True,75,yes,yes,high observed ZT; important candidate for paper; high predicted ZT,https://doi.org/10.1016/j.actamat.2010.03.025
10.1016_j.actamat.2010.03.025__sample_30737,false_positive,1.0,unknown,n,Yb0.26Co4Sb12(GaSb)0.2,10.1016/j.actamat.2010.03.025,,0.9631205,1.0252671659506485,1.0917888241241147,,0.06802854883002772,False,True,True,75,yes,yes,high-ZT false positive; important candidate for paper; high predicted ZT; carried from Step14,https://doi.org/10.1016/j.actamat.2010.03.025
10.1016_j.actamat.2010.04.007__sample_13626,true_positive,1.0,unknown,p,Ag0.71Sb1.29Te2.26,10.1016/j.actamat.2010.04.007,,1.35176,1.1924745884622634,0.8748004680365656,0.340797912379171,0.20517221110196684,False,True,True,75,yes,yes,high observed ZT; important candidate for paper; high predicted ZT,https://doi.org/10.1016/j.actamat.2010.04.007
10.1016_j.actamat.2011.01.064__sample_3133,true_positive,1.0,unknown,n,Ba0.3In0.2Co3.95Ni0.05Sb12,10.1016/j.actamat.2011.01.064,,1.074804,1.3605924110389847,1.1059183745375487,0.13457651372967108,0.1289577868990629,False,True,True,75,yes,yes,high observed ZT; important candidate for paper; high predicted ZT,https://doi.org/10.1016/j.actamat.2011.01.064
10.1016_j.actamat.2011.01.064__sample_3134,true_positive,1.0,unknown,n,Ba0.3In0.2Co3.95Ni0.05Sb12,10.1016/j.actamat.2011.01.064,,1.203677,1.5729916123898204,1.230457560856557,0.16347949145766852,0.1557277845328393,False,True,True,75,yes,yes,high observed ZT; important candidate for paper; high predicted ZT,https://doi.org/10.1016/j.actamat.2011.01.064
10.1016_j.actamat.2011.01.064__sample_3135,false_negative,1.0,unknown,n,Ba0.3In0.2Co3.95Ni0.05Sb12,10.1016/j.actamat.2011.01.064,,1.216632,0.7558280785658009,0.795044208383306,0.037480276060514545,0.06599455045817063,False,True,True,100,yes,yes,high observed ZT; high-ZT false negative; important candidate for paper; carried from Step14,https://doi.org/10.1016/j.actamat.2011.01.064
10.1016_j.actamat.2011.01.064__sample_3136,true_positive,1.0,unknown,n,Ba0.3In0.2Co3.95Ni0.05Sb12,10.1016/j.actamat.2011.01.064,,1.190721,1.2282569746653613,1.18049648996207,0.054189246313994605,0.04045796417812803,False,True,True,75,yes,yes,high observed ZT; important candidate for paper; high predicted ZT,https://doi.org/10.1016/j.actamat.2011.01.064
10.1016_j.actamat.2011.01.064__sample_3137,true_positive,1.0,unknown,n,Ba0.3In0.2Co3.95Ni0.05Sb12,10.1016/j.actamat.2011.01.064,,1.171319,1.5359250960982458,1.195463559586533,0.20463416441899732,0.18035386794626404,False,True,True,65,yes,yes,high observed ZT; important candidate for paper; high predicted ZT,https://doi.org/10.1016/j.actamat.2011.01.064
10.1016_j.actamat.2011.01.064__sample_3138,true_positive,1.0,unknown,n,Ba0.3In0.2Co3.95Ni0.05Sb12,10.1016/j.actamat.2011.01.064,,1.158642,1.5388599001307317,1.1972446883503798,0.035366837407546294,0.11720098858655438,False,True,True,75,yes,yes,high observed ZT; important candidate for paper; high predicted ZT,https://doi.org/10.1016/j.actamat.2011.01.064
10.1016_j.actamat.2011.01.064__sample_3139,true_positive,1.0,unknown,n,Ba0.3In0.2Co3.95Ni0.05Sb12,10.1016/j.actamat.2011.01.064,,1.16481,1.5021090134661514,1.1782363226385362,0.1304573529768314,0.10670626528295551,False,True,True,65,yes,yes,high observed ZT; important candidate for paper; high predicted ZT,https://doi.org/10.1016/j.actamat.2011.01.064
10.1016_j.actamat.2011.01.064__sample_3141,true_positive,1.0,unknown,n,Ba0.3In0.2Co3.95Ni0.05Sb12,10.1016/j.actamat.2011.01.064,,1.096825,1.4189587745211072,1.1026780172689024,0.13256443394218773,0.13335148392179033,False,True,True,65,yes,yes,high observed ZT; important candidate for paper; high predicted ZT,https://doi.org/10.1016/j.actamat.2011.01.064
10.1016_j.actamat.2011.01.064__sample_3142,true_positive,1.0,unknown,n,Ba0.3In0.2Co3.95Ni0.05Sb12,10.1016/j.actamat.2011.01.064,,1.058269,1.0754577635151816,0.9921557337988912,0.06550429079521432,0.06535542007247332,False,True,True,75,yes,yes,high observed ZT; important candidate for paper; high predicted ZT,https://doi.org/10.1016/j.actamat.2011.01.064
10.1016_j.actamat.2011.01.064__sample_3144,true_positive,1.0,unknown,n,Ba0.3In0.2Co4Sb12,10.1016/j.actamat.2011.01.064,,1.21625,1.428094331101128,1.1793275559831369,0.10348679655599292,0.107185917321194,False,True,True,65,yes,yes,high observed ZT; important candidate for paper; high predicted ZT,https://doi.org/10.1016/j.actamat.2011.01.064
10.1016_j.actamat.2011.01.064__sample_3145,true_positive,1.0,unknown,n,Ba0.3In0.2Co4Sb12,10.1016/j.actamat.2011.01.064,,,1.242110856818005,1.1865726082056376,,0.06434278771843702,False,True,True,35,no,yes,high predicted ZT,https://doi.org/10.1016/j.actamat.2011.01.064
10.1016_j.actamat.2011.01.064__sample_3146,true_positive,1.0,unknown,n,Ba0.3In0.2Co4Sb12,10.1016/j.actamat.2011.01.064,,1.330965,2.1187784134707126,1.7062447917607797,0.5919114428033139,0.13993656419018927,False,True,True,75,yes,yes,high observed ZT; important candidate for paper; high predicted ZT,https://doi.org/10.1016/j.actamat.2011.01.064
10.1016_j.actamat.2011.01.064__sample_3147,true_positive,1.0,unknown,n,Ba0.3In0.2Co4Sb12,10.1016/j.actamat.2011.01.064,,1.330956,2.1131704035427665,1.707247428202192,0.3555700225389342,0.11897241775892779,False,True,True,65,yes,yes,high observed ZT; important candidate for paper; high predicted ZT,https://doi.org/10.1016/j.actamat.2011.01.064
10.1016_j.actamat.2011.01.064__sample_3148,true_positive,1.0,unknown,n,Ba0.3In0.2Co4Sb12,10.1016/j.actamat.2011.01.064,,1.44188,1.1918277228539882,1.3450113187071735,0.22894949416983157,0.11389019090220413,False,True,True,75,yes,yes,high observed ZT; important candidate for paper; high predicted ZT,https://doi.org/10.1016/j.actamat.2011.01.064
10.1016_j.actamat.2011.04.023__sample_16438,false_negative,1.0,unknown,p,Zn4Sb3,10.1016/j.actamat.2011.04.023,,1.111712,0.8791771858430343,0.9418251510142982,0.08092547152471986,0.07503459924863974,False,True,True,90,yes,yes,high observed ZT; high-ZT false negative; important candidate for paper; carried from Step14,https://doi.org/10.1016/j.actamat.2011.04.023
10.1016_j.actamat.2011.04.023__sample_16440,true_positive,1.0,unknown,p,(Zn0.995Cd0.005)4Sb3,10.1016/j.actamat.2011.04.023,,1.288288,1.215386415676799,1.2415372074545477,0.07297150443213517,0.0579978117288878,False,True,True,65,yes,yes,high observed ZT; important candidate for paper; high predicted ZT,https://doi.org/10.1016/j.actamat.2011.04.023
10.1016_j.actamat.2011.04.023__sample_16442,true_positive,1.0,unknown,p,(Zn0.99Cd0.01)4Sb3,10.1016/j.actamat.2011.04.023,,1.234234,1.0740350664222165,1.191320078713149,0.06901054635003744,0.0636088440358148,False,True,True,65,yes,yes,high observed ZT; important candidate for paper; high predicted ZT,https://doi.org/10.1016/j.actamat.2011.04.023
10.1016_j.actamat.2011.04.023__sample_16445,false_negative,1.0,unknown,p,(Zn0.985Cd0.015)4Sb3,10.1016/j.actamat.2011.04.023,,1.176577,0.8584958797276068,0.965068779452718,0.04496269219184248,0.0939021541454888,False,True,True,90,yes,yes,high observed ZT; high-ZT false negative; important candidate for paper; carried from Step14,https://doi.org/10.1016/j.actamat.2011.04.023
10.1016_j.actamat.2011.04.023__sample_16447,false_positive,1.0,unknown,p,(Zn0.99Cd0.01)4Sb3,10.1016/j.actamat.2011.04.023,,0.9459459,1.0442777957834228,1.026657454408363,0.05398862451504718,0.04967094092978902,False,True,True,65,yes,yes,high-ZT false positive; important candidate for paper; high predicted ZT; carried from Step14,https://doi.org/10.1016/j.actamat.2011.04.023
10.1016_j.actamat.2011.12.028__sample_3217,true_positive,1.0,unknown,n,In0.1Co4Sb12,10.1016/j.actamat.2011.12.028,,,6.8464355641178765,4.745840368035524,,0.44261817363904826,False,True,True,35,no,yes,high predicted ZT,https://doi.org/10.1016/j.actamat.2011.12.028
10.1016_j.actamat.2011.12.028__sample_3218,true_positive,1.0,unknown,n,In0.1Co4Sb12,10.1016/j.actamat.2011.12.028,,,5.927239910422604,3.496648709633116,,0.6951202144193995,False,True,True,35,no,yes,high predicted ZT,https://doi.org/10.1016/j.actamat.2011.12.028
10.1016_j.actamat.2011.12.028__sample_3219,true_positive,1.0,unknown,n,In0.1Co4Sb12,10.1016/j.actamat.2011.12.028,,,5.03354962290922,2.9932604945737338,,1.1171914640108023,False,True,True,95,yes,yes,large ZT prediction error; important candidate for paper; high predicted ZT; carried from Step14,https://doi.org/10.1016/j.actamat.2011.12.028
10.1016_j.actamat.2011.12.028__sample_3220,false_positive,1.0,unknown,n,In0.1Co4Sb12,10.1016/j.actamat.2011.12.028,,0.1085394,6.665929798544915,6.364827646385463,211.22281841912246,1.1013360496816327,False,True,True,120,yes,yes,high-ZT false positive; important candidate for paper; high predicted ZT; carried from Step14,https://doi.org/10.1016/j.actamat.2011.12.028
10.1016_j.actamat.2011.12.028__sample_3221,true_positive,1.0,unknown,n,In0.1Co4Sb12,10.1016/j.actamat.2011.12.028,,,6.260725485708512,5.464381019173714,,0.1457337004393622,False,True,True,35,no,yes,high predicted ZT,https://doi.org/10.1016/j.actamat.2011.12.028
10.1016_j.actamat.2012.11.028__sample_5902,false_positive,1.0,unknown,n,Bi2Se0.3Te2.7,10.1016/j.actamat.2012.11.028,,0.7255987,2.9456036486567734,0.7256522702192344,2.731257340030532,2.72408957866271,False,True,True,110,yes,yes,high-ZT false positive; important candidate for paper; high predicted ZT; carried from Step14,https://doi.org/10.1016/j.actamat.2012.11.028
10.1016_j.actamat.2012.11.028__sample_5903,false_positive,1.0,unknown,n,Li0.09Bi2Se0.3Te2.7,10.1016/j.actamat.2012.11.028,,0.8183908,2.669510639177681,0.8115682139079348,2.243299274756952,2.2716696298132346,False,True,True,110,yes,yes,high-ZT false positive; important candidate for paper; high predicted ZT; carried from Step14,https://doi.org/10.1016/j.actamat.2012.11.028
10.1016_j.actamat.2012.11.028__sample_5904,false_positive,1.0,unknown,n,Li1.1Bi2Se0.3Te2.7,10.1016/j.actamat.2012.11.028,,0.7824713,2.5511542217033214,0.7989567207571452,2.1389578214613736,2.067638480865042,False,True,True,110,yes,yes,high-ZT false positive; important candidate for paper; high predicted ZT; carried from Step14,https://doi.org/10.1016/j.actamat.2012.11.028
10.1016_j.actamat.2012.11.028__sample_5905,false_positive,1.0,unknown,n,Li0.18Bi2Se0.3Te2.7,10.1016/j.actamat.2012.11.028,,0.6612428,2.393875807325618,0.6645212285455454,2.4485339529053425,2.4405061101467536,False,True,True,110,yes,yes,high-ZT false positive; important candidate for paper; high predicted ZT; carried from Step14,https://doi.org/10.1016/j.actamat.2012.11.028
10.1016_j.actamat.2013.10.062__sample_21109,false_positive,1.0,unknown,n,Si0.913Ge0.080P0.007Mo0.02,10.1016/j.actamat.2013.10.062,,0.8355297,1.1090850257620875,1.0296108282322125,0.1119044649549896,0.07951104619681704,False,True,False,60,yes,yes,high-ZT false positive; important candidate for paper; high predicted ZT; carried from Step14,https://doi.org/10.1016/j.actamat.2013.10.062
10.1016_j.actamat.2014.04.060__sample_5411,true_positive,1.0,unknown,n,Mg2Si0.5325Sn0.4Ge0.05Bi0.0175,10.1016/j.actamat.2014.04.060,,1.049228,1.313162442837532,1.0442227693485424,0.10604899389728624,0.10428512763710895,False,True,False,60,yes,yes,high observed ZT; important candidate for paper; high predicted ZT,https://doi.org/10.1016/j.actamat.2014.04.060
10.1016_j.actamat.2014.04.060__sample_5412,true_positive,1.0,unknown,n,Mg2Si0.53Sn0.4Ge0.05Bi0.02,10.1016/j.actamat.2014.04.060,,1.40088,2.2515154446203627,1.38368093922806,0.18943424126262556,0.18695222089850028,False,True,False,60,yes,yes,high observed ZT; important candidate for paper; high predicted ZT,https://doi.org/10.1016/j.actamat.2014.04.060
10.1016_j.actamat.2014.04.060__sample_5413,true_positive,1.0,unknown,n,Mg2Si0.5275Sn0.4Ge0.05Bi0.0225,10.1016/j.actamat.2014.04.060,,1.236799,1.9441700813934017,1.2411245562019453,0.18001881982810009,0.18106235125405212,False,True,False,60,yes,yes,high observed ZT; important candidate for paper; high predicted ZT,https://doi.org/10.1016/j.actamat.2014.04.060
10.1016_j.actamat.2014.04.060__sample_5414,true_positive,1.0,unknown,n,Mg2Si0.525Sn0.4Ge0.05Bi0.025,10.1016/j.actamat.2014.04.060,,1.188888,1.8090355822301791,1.1956480359911887,0.1714463865290896,0.1729830815701162,False,True,False,60,yes,yes,high observed ZT; important candidate for paper; high predicted ZT,https://doi.org/10.1016/j.actamat.2014.04.060
10.1016_j.actamat.2014.04.060__sample_5415,true_positive,1.0,unknown,n,Mg2Si0.52Sn0.4Ge0.05Bi0.03,10.1016/j.actamat.2014.04.060,,1.057542,1.2874200062014394,1.0634484407223102,0.10574298544701527,0.11053877688390956,False,True,False,60,yes,yes,high observed ZT; important candidate for paper; high predicted ZT,https://doi.org/10.1016/j.actamat.2014.04.060
10.1016_j.actamat.2014.04.060__sample_5416,true_positive,1.0,unknown,n,Mg2Si0.515Sn0.4Ge0.05Bi0.035,10.1016/j.actamat.2014.04.060,,1.060878,1.354197334751543,1.0629948365847322,0.12038850091031204,0.11849935496804749,False,True,False,60,yes,yes,high observed ZT; important candidate for paper; high predicted ZT,https://doi.org/10.1016/j.actamat.2014.04.060
10.1016_j.actamat.2014.05.019__sample_3306,true_positive,1.0,unknown,n,Yb0.2Co4Sb12,10.1016/j.actamat.2014.05.019,,1.081906,1.0772729334780957,1.0510752401018086,0.03756331046016423,0.020916712368835976,False,True,True,75,yes,yes,high observed ZT; important candidate for paper; high predicted ZT,https://doi.org/10.1016/j.actamat.2014.05.019
10.1016_j.actamat.2014.05.019__sample_3310,false_negative,1.0,unknown,n,Yb0.35Co4Sb12,10.1016/j.actamat.2014.05.019,,1.11736,0.5891743974230429,0.5683322309881506,,0.03667250474014888,False,True,True,100,yes,yes,high observed ZT; high-ZT false negative; important candidate for paper; carried from Step14,https://doi.org/10.1016/j.actamat.2014.05.019
10.1016_j.actamat.2014.10.062__sample_1401,true_positive,1.0,unknown,p,Bi0.6Sb1.4Te3,10.1016/j.actamat.2014.10.062,,1.274283,1.1963584844363622,1.2779356751824815,0.19681139433340814,0.18392065333918542,False,True,True,65,yes,yes,high observed ZT; important candidate for paper; high predicted ZT,https://doi.org/10.1016/j.actamat.2014.10.062
10.1016_j.actamat.2014.10.062__sample_1402,true_positive,1.0,unknown,p,Bi0.5Sb1.5Te3,10.1016/j.actamat.2014.10.062,,1.292312,1.3260384910171883,1.2921307165467626,0.17020947649951976,0.17537096607856706,False,True,True,65,yes,yes,high observed ZT; important candidate for paper; high predicted ZT,https://doi.org/10.1016/j.actamat.2014.10.062
10.1016_j.actamat.2014.10.062__sample_1403,true_positive,1.0,unknown,p,Bi0.4Sb1.6Te3,10.1016/j.actamat.2014.10.062,,1.340448,1.4471479434395202,1.359762151079137,0.15545035624836634,0.15623517814461252,False,True,True,65,yes,yes,high observed ZT; important candidate for paper; high predicted ZT,https://doi.org/10.1016/j.actamat.2014.10.062
10.1016_j.actamat.2014.10.062__sample_1404,true_positive,1.0,unknown,p,Bi0.3Sb1.7Te3,10.1016/j.actamat.2014.10.062,,1.204603,1.3338762537953828,1.2532543661971831,0.13289881591984992,0.14066039831871469,False,True,True,65,yes,yes,high observed ZT; important candidate for paper; high predicted ZT,https://doi.org/10.1016/j.actamat.2014.10.062
10.1016_j.actamat.2014.11.023__sample_5968,false_positive,1.0,unknown,p,Ag0.0075Sb1.85In0.15Te3,10.1016/j.actamat.2014.11.023,,0.9164678,1.126009960165749,0.9094095889639386,0.16488301447380693,0.171383563677813,False,True,True,65,yes,yes,high-ZT false positive; important candidate for paper; high predicted ZT; carried from Step14,https://doi.org/10.1016/j.actamat.2014.11.023
10.1016_j.actamat.2014.11.023__sample_5969,false_positive,1.0,unknown,p,Ag0.01Sb1.85In0.15Te3,10.1016/j.actamat.2014.11.023,,0.9212411,1.0610919983361156,0.8430117154986081,0.20816323124760386,0.21189975106395384,False,True,True,65,yes,yes,high-ZT false positive; important candidate for paper; high predicted ZT; carried from Step14,https://doi.org/10.1016/j.actamat.2014.11.023
10.1016_j.actamat.2014.11.023__sample_5970,false_positive,1.0,unknown,p,Ag0.0125Sb1.85In0.15Te3,10.1016/j.actamat.2014.11.023,,0.8305489,1.017770596016313,0.8197114271672342,0.19977595435430817,0.20515759659208876,False,True,True,65,yes,yes,high-ZT false positive; important candidate for paper; high predicted ZT; carried from Step14,https://doi.org/10.1016/j.actamat.2014.11.023
10.1016_j.actamat.2015.07.027__sample_3311,true_positive,1.0,unknown,p,La0.8Ti0.1Ga0.1Fe3CoSb12,10.1016/j.actamat.2015.07.027,,1.09332,1.2084813399138166,1.097942894748563,0.10533177835749505,0.11687969132497852,False,True,True,75,yes,yes,high observed ZT; important candidate for paper; high predicted ZT,https://doi.org/10.1016/j.actamat.2015.07.027
10.1016_j.actamat.2016.04.050__sample_14481,true_positive,1.0,unknown,p,Cu2Se,10.1016/j.actamat.2016.04.050,,1.816435,3.5233223703137058,1.889164603821867,0.3472461795056543,0.33230611151661177,False,True,True,65,yes,yes,high observed ZT; important candidate for paper; high predicted ZT,https://doi.org/10.1016/j.actamat.2016.04.050
10.1016_j.actamat.2016.04.050__sample_14482,true_positive,1.0,unknown,p,Cu1.98Se,10.1016/j.actamat.2016.04.050,,1.408617,1.8061254736120669,1.4254068467672745,0.19831977558292094,0.2089235965799201,False,True,True,65,yes,yes,high observed ZT; important candidate for paper; high predicted ZT,https://doi.org/10.1016/j.actamat.2016.04.050
10.1016_j.actamat.2016.04.050__sample_14483,true_positive,1.0,unknown,p,Cu1.95Se,10.1016/j.actamat.2016.04.050,,1.035967,1.297777655200784,1.0434283065010972,0.18816894211584206,0.171365779383947,False,True,True,65,yes,yes,high observed ZT; important candidate for paper; high predicted ZT,https://doi.org/10.1016/j.actamat.2016.04.050
10.1016_j.actamat.2019.01.013__sample_83825,false_positive,1.0,unknown,n,(Hf0.25Zr0.25Ti0.5)0.98Nb0.02NiSn,10.1016/j.actamat.2019.01.013,,0.9949,1.0429928271480151,1.0032409073978965,0.06855850098593293,0.06268235364832193,False,True,False,60,yes,yes,high-ZT false positive; important candidate for paper; high predicted ZT; carried from Step14,https://doi.org/10.1016/j.actamat.2019.01.013
10.1016_j.actamat.2019.01.013__sample_83826,false_positive,1.0,unknown,n,(Hf0.25Zr0.25Ti0.5)0.975Nb0.025NiSn,10.1016/j.actamat.2019.01.013,,0.9694,1.0412126382681448,0.9723784863671696,0.05465859579089135,0.054246913135975926,False,True,False,60,yes,yes,high-ZT false positive; important candidate for paper; high predicted ZT; carried from Step14,https://doi.org/10.1016/j.actamat.2019.01.013
10.1016_j.actamat.2020.07.028__sample_84402,false_positive,1.0,unknown,p,Nb0.92hf0.08FeSb0.88Sn0.12,10.1016/j.actamat.2020.07.028,,0.6551,1.0702651246439328,0.6555886754477463,0.21168275367124076,0.20897819206024648,False,True,True,65,yes,yes,high-ZT false positive; important candidate for paper; high predicted ZT; carried from Step14,https://doi.org/10.1016/j.actamat.2020.07.028
10.1016_j.actamat.2020.07.028__sample_84403,false_positive,1.0,unknown,p,Nb0.88hf0.12FeSb0.88Sn0.12,10.1016/j.actamat.2020.07.028,,0.8175,1.3393164174548247,0.8161962433259442,0.18458050147625565,0.17988316365166737,False,True,True,65,yes,yes,high-ZT false positive; important candidate for paper; high predicted ZT; carried from Step14,https://doi.org/10.1016/j.actamat.2020.07.028
10.1016_j.actamat.2020.07.028__sample_84404,false_positive,1.0,unknown,p,Nb0.84hf0.16FeSb0.88Sn0.12,10.1016/j.actamat.2020.07.028,,0.7954,1.2869606608229547,0.7927711449872137,0.18884513087738464,0.18984807134027254,False,True,True,65,yes,yes,high-ZT false positive; important candidate for paper; high predicted ZT; carried from Step14,https://doi.org/10.1016/j.actamat.2020.07.028
10.1016_j.actamat.2020.07.028__sample_84405,false_positive,1.0,unknown,p,Nb0.8hf0.2FeSb0.88Sn0.12,10.1016/j.actamat.2020.07.028,,0.7977,1.2208566416031472,0.7948244894890816,0.17385609954195333,0.17277378853710454,False,True,True,65,yes,yes,high-ZT false positive; important candidate for paper; high predicted ZT; carried from Step14,https://doi.org/10.1016/j.actamat.2020.07.028
10.1016_j.actamat.2020.07.045__sample_39466,false_negative,1.0,unknown,n,Mg2Si0.385Sn0.6Sb0.015,10.1016/j.actamat.2020.07.045,,1.307036,0.8569279586127331,0.8971233144428513,0.04442049811986683,0.044804716567957134,False,True,True,100,yes,yes,high observed ZT; high-ZT false negative; important candidate for paper; carried from Step14,https://doi.org/10.1016/j.actamat.2020.07.045
10.1016_j.actamat.2020.07.045__sample_39467,true_positive,1.0,unknown,n,Mg2Si0.385Sn0.6Sb0.015,10.1016/j.actamat.2020.07.045,,1.327233,1.6722978753635476,1.32591349803667,0.259988167385491,0.2612420628040833,False,True,True,75,yes,yes,high observed ZT; important candidate for paper; high predicted ZT,https://doi.org/10.1016/j.actamat.2020.07.045
10.1016_j.actamat.2020.07.045__sample_39468,false_negative,1.0,unknown,n,Mg2Si0.385Sn0.6Sb0.015,10.1016/j.actamat.2020.07.045,,1.294303,0.792849123234754,0.9188840130855862,0.1199782058981849,0.13716082558408071,False,True,True,100,yes,yes,high observed ZT; high-ZT false negative; important candidate for paper; carried from Step14,https://doi.org/10.1016/j.actamat.2020.07.045
10.1016_j.actamat.2021.117230__sample_46271,true_positive,1.0,unknown,n,(Bi2Te2.7Se0.3)98.48(Bi2S3)1.52,10.1016/j.actamat.2021.117230,,1.174142,1.270047756114863,1.166371471554982,0.07799789361328255,0.08434387819439378,False,True,True,65,yes,yes,high observed ZT; important candidate for paper; high predicted ZT,https://doi.org/10.1016/j.actamat.2021.117230
10.1016_j.actamat.2021.117230__sample_46272,true_positive,1.0,unknown,n,(Bi2Te2.7Se0.3)98.48(Bi2S3)1.52,10.1016/j.actamat.2021.117230,,1.204992,1.2947740393281508,1.1876490667473196,0.08279757044358421,0.08706833535685524,False,True,True,65,yes,yes,high observed ZT; important candidate for paper; high predicted ZT,https://doi.org/10.1016/j.actamat.2021.117230
10.1016_j.actamat.2021.117231__sample_46273,false_positive,1.0,unknown,n,Ag3.92TeS,10.1016/j.actamat.2021.117231,,0.6920841,1.023196974202962,0.7520528350911981,0.28285131177698536,0.2983674225123897,False,True,True,65,yes,yes,high-ZT false positive; important candidate for paper; high predicted ZT; carried from Step14,https://doi.org/10.1016/j.actamat.2021.117231
10.1016_j.actamat.2021.117231__sample_46274,false_positive,1.0,unknown,n,Ag3.95TeS,10.1016/j.actamat.2021.117231,,0.9711413,1.1607323539698864,0.9715921408388106,0.27082955565459316,0.26927294277466335,False,True,True,65,yes,yes,high-ZT false positive; important candidate for paper; high predicted ZT; carried from Step14,https://doi.org/10.1016/j.actamat.2021.117231
10.1016_j.actamat.2021.117231__sample_46275,false_positive,1.0,unknown,n,Ag3.98TeS,10.1016/j.actamat.2021.117231,,0.9420823,1.3687895277152273,0.860495314355199,0.3265980258470213,0.323956673956907,False,True,True,65,yes,yes,high-ZT false positive; important candidate for paper; high predicted ZT; carried from Step14,https://doi.org/10.1016/j.actamat.2021.117231
10.1016_j.actamat.2021.117335__sample_46037,false_positive,1.0,unknown,n,(Ag0.98Cu0.02)2Se,10.1016/j.actamat.2021.117335,,0.8030338,1.0128593092217564,0.805411194115491,0.16386828128230077,0.16829313986958838,False,True,True,65,yes,yes,high-ZT false positive; important candidate for paper; high predicted ZT; carried from Step14,https://doi.org/10.1016/j.actamat.2021.117335
10.1016_j.applthermaleng.2020.115206__sample_28521,true_positive,1.0,unknown,p,Bi2Te3,10.1016/j.applthermaleng.2020.115206,,,1.04926006399706,1.0299889196801562,,0.19308134647263664,False,True,True,35,no,yes,high predicted ZT,https://doi.org/10.1016/j.applthermaleng.2020.115206
10.1016_j.cap.2011.05.035__sample_15898,false_positive,1.0,unknown,n,AgPb18SbTe18Se2,10.1016/j.cap.2011.05.035,,0.8190883,1.1766695867200367,0.8210953310476323,0.4043289467100818,0.3818946136869581,False,True,True,65,yes,yes,high-ZT false positive; important candidate for paper; high predicted ZT; carried from Step14,https://doi.org/10.1016/j.cap.2011.05.035
10.1016_j.cap.2011.05.035__sample_15900,false_positive,1.0,unknown,n,AgPb18SbTe16Se4,10.1016/j.cap.2011.05.035,,0.7777778,1.29561302904068,0.7640294476596645,0.17693763492247316,0.3536160514254035,False,True,True,75,yes,yes,high-ZT false positive; important candidate for paper; high predicted ZT; carried from Step14,https://doi.org/10.1016/j.cap.2011.05.035
10.1016_j.cap.2020.06.028__sample_36992,true_positive,1.0,unknown,n,PbTe,10.1016/j.cap.2020.06.028,,,1.7886235701361337,1.054286446772589,,0.29533350670613334,False,True,True,35,no,yes,high predicted ZT,https://doi.org/10.1016/j.cap.2020.06.028
10.1016_j.cap.2020.06.028__sample_37051,true_positive,1.0,unknown,n,(PbTe)0.94(Sb2Se3)0.01(PbS)0.05,10.1016/j.cap.2020.06.028,,1.194134,1.0748769398494182,1.209210528906317,0.1423345857496684,0.14988622643185354,False,True,True,75,yes,yes,high observed ZT; important candidate for paper; high predicted ZT,https://doi.org/10.1016/j.cap.2020.06.028
10.1016_j.cap.2020.09.019__sample_38631,false_negative,1.0,unknown,n,Mg3.185Co0.015(Sb0.3Bi0.7)1.99Te0.01,10.1016/j.cap.2020.09.019,,1.04,0.8214584034162746,1.025167629527157,0.18199093611351597,0.1828774643931079,False,True,True,90,yes,yes,high observed ZT; high-ZT false negative; important candidate for paper; carried from Step14,https://doi.org/10.1016/j.cap.2020.09.019
10.1016_j.cej.2019.123513__sample_38069,true_positive,1.0,unknown,n,Bi2Te2.80,10.1016/j.cej.2019.123513,,1.040698,1.0295945039163954,1.039627441259691,0.06287946985175635,0.06348527126785414,False,True,True,65,yes,yes,high observed ZT; important candidate for paper; high predicted ZT,https://doi.org/10.1016/j.cej.2019.123513
10.1016_j.cej.2019.123513__sample_38070,true_positive,1.0,unknown,n,Bi2Te2.86,10.1016/j.cej.2019.123513,,1.081371,1.0913166916431931,1.08278035989586,0.05460195895111392,0.05449597486608659,False,True,True,65,yes,yes,high observed ZT; important candidate for paper; high predicted ZT,https://doi.org/10.1016/j.cej.2019.123513
10.1016_j.cej.2019.123917__sample_29428,false_negative,1.0,unknown,p,AgCuTe,10.1016/j.cej.2019.123917,,1.067669,0.01573306311200173,0.0252509278808761,0.3460945541901555,0.37693128798180786,False,True,True,100,yes,yes,high observed ZT; high-ZT false negative; important candidate for paper; carried from Step14,https://doi.org/10.1016/j.cej.2019.123917
10.1016_j.cej.2019.123917__sample_29429,false_negative,1.0,unknown,p,AgCuTe,10.1016/j.cej.2019.123917,,1.206015,0.01336379313967819,0.0216802141492191,0.5960490195731187,0.38359496600454285,False,True,True,100,yes,yes,high observed ZT; high-ZT false negative; important candidate for paper; carried from Step14,https://doi.org/10.1016/j.cej.2019.123917
10.1016_j.cej.2019.123917__sample_29431,false_negative,1.0,unknown,p,AgCuTe,10.1016/j.cej.2019.123917,,1.067669,0.014092043596703997,0.0237939352122781,0.5740359965461114,0.4077464080245016,False,True,True,100,yes,yes,high observed ZT; high-ZT false negative; important candidate for paper; carried from Step14,https://doi.org/10.1016/j.cej.2019.123917
10.1016_j.cej.2020.124585__sample_28504,false_positive,1.0,unknown,p,SnTe,10.1016/j.cej.2020.124585,,0.373968,1.397139721863031,0.7809653291639915,0.5722948465751801,0.2123440446312755,False,True,True,65,yes,yes,high-ZT false positive; important candidate for paper; high predicted ZT; carried from Step14,https://doi.org/10.1016/j.cej.2020.124585
10.1016_j.cej.2020.124585__sample_28505,false_positive,1.0,unknown,p,SnTe(AgBiSe2)0.03,10.1016/j.cej.2020.124585,,0.7775155,1.2390437201584665,0.5918571574953878,0.2602002167022705,34.374338489955065,False,True,True,85,yes,yes,high-ZT false positive; important candidate for paper; high predicted ZT; carried from Step14,https://doi.org/10.1016/j.cej.2020.124585
10.1016_j.cej.2020.124585__sample_28506,false_positive,1.0,unknown,p,SnTe(AgBiSe2)0.05,10.1016/j.cej.2020.124585,,0.6689336,1.265157063329433,0.5630491453719594,0.30249945930769767,1.0968064839918934,False,True,True,85,yes,yes,high-ZT false positive; important candidate for paper; high predicted ZT; carried from Step14,https://doi.org/10.1016/j.cej.2020.124585
10.1016_j.cej.2020.124763__sample_28284,false_positive,1.0,unknown,n,Ag2S,10.1016/j.cej.2020.124763,,0.1734975,1.299720674818682,0.1228282626921488,993.5212330507915,64.2312408842878,False,True,False,105,yes,yes,high-ZT false positive; important candidate for paper; high predicted ZT; carried from Step14,https://doi.org/10.1016/j.cej.2020.124763
10.1016_j.cej.2020.124763__sample_28286,false_positive,1.0,unknown,n,Ag2S1.1,10.1016/j.cej.2020.124763,,0.2713387,2.182201272839049,0.2108036662176584,174.84452370940636,8.12231211339383,False,True,False,105,yes,yes,high-ZT false positive; important candidate for paper; high predicted ZT; carried from Step14,https://doi.org/10.1016/j.cej.2020.124763
10.1016_j.cej.2020.126274__sample_41842,true_positive,1.0,unknown,p,SnSeTe30,10.1016/j.cej.2020.126274,,1.104416,1.4642153743055446,1.1419031405850222,0.3497498958410658,0.33015724692848597,False,True,True,65,yes,yes,high observed ZT; important candidate for paper; high predicted ZT,https://doi.org/10.1016/j.cej.2020.126274
10.1016_j.cej.2020.126274__sample_41843,false_positive,1.0,unknown,p,SnSeTe30,10.1016/j.cej.2020.126274,,0.8424863,1.240174083320844,0.8458547265496705,0.4792021886002193,0.49744407321702794,False,True,True,65,yes,yes,high-ZT false positive; important candidate for paper; high predicted ZT; carried from Step14,https://doi.org/10.1016/j.cej.2020.126274
10.1016_j.cej.2020.126925__sample_38678,false_positive,1.0,unknown,p,Sn0.98Sb0.013Te,10.1016/j.cej.2020.126925,,0.7747514,1.150896163995015,0.7803445470287926,0.291721730506424,0.2983640202475931,False,True,True,65,yes,yes,high-ZT false positive; important candidate for paper; high predicted ZT; carried from Step14,https://doi.org/10.1016/j.cej.2020.126925
10.1016_j.cej.2020.126925__sample_38679,false_positive,1.0,unknown,p,Sn0.96Sb0.027Te,10.1016/j.cej.2020.126925,,0.8489379,1.212056717909818,0.8570829859089353,0.3369902624179555,0.3067457938466645,False,True,True,65,yes,yes,high-ZT false positive; important candidate for paper; high predicted ZT; carried from Step14,https://doi.org/10.1016/j.cej.2020.126925
10.1016_j.cej.2020.126925__sample_38680,false_positive,1.0,unknown,p,Sn0.94Sb0.04Te,10.1016/j.cej.2020.126925,,0.8897232,1.213297512630502,0.904669750038478,0.25465627224875376,0.2522810674837626,False,True,True,65,yes,yes,high-ZT false positive; important candidate for paper; high predicted ZT; carried from Step14,https://doi.org/10.1016/j.cej.2020.126925
10.1016_j.cej.2020.126925__sample_38681,false_positive,1.0,unknown,p,Sn0.92Sb0.053Te,10.1016/j.cej.2020.126925,,0.8972909,1.18702944126158,0.8214616356382416,0.2388155314460475,0.24882685672958865,False,True,True,65,yes,yes,high-ZT false positive; important candidate for paper; high predicted ZT; carried from Step14,https://doi.org/10.1016/j.cej.2020.126925
10.1016_j.cej.2020.126925__sample_38682,false_positive,1.0,unknown,p,Sn0.9Sb0.067Te,10.1016/j.cej.2020.126925,,0.8438276,1.137130956466203,0.8422150798145753,0.22914958100674324,0.23108008709188885,False,True,True,65,yes,yes,high-ZT false positive; important candidate for paper; high predicted ZT; carried from Step14,https://doi.org/10.1016/j.cej.2020.126925
10.1016_j.cej.2020.126925__sample_38683,true_positive,1.0,unknown,p,Sn0.88Sb0.08Te,10.1016/j.cej.2020.126925,,1.095352,1.328406610202767,1.1194205820537382,0.23635098512679634,0.23571795360827819,False,True,True,65,yes,yes,high observed ZT; important candidate for paper; high predicted ZT,https://doi.org/10.1016/j.cej.2020.126925
10.1016_j.cej.2020.126925__sample_38684,false_positive,1.0,unknown,p,Sn0.86Sb0.093Te,10.1016/j.cej.2020.126925,,0.9653883,1.2401182509027475,0.9703209805108748,0.22215812621405118,0.21851058612117621,False,True,True,65,yes,yes,high-ZT false positive; important candidate for paper; high predicted ZT; carried from Step14,https://doi.org/10.1016/j.cej.2020.126925
10.1016_j.cej.2020.126925__sample_38685,false_positive,1.0,unknown,p,Sn0.84Sb0.107Te,10.1016/j.cej.2020.126925,,0.9563088,1.2553323970853483,0.959026160379374,0.19988468416326835,0.21808840190886264,False,True,True,65,yes,yes,high-ZT false positive; important candidate for paper; high predicted ZT; carried from Step14,https://doi.org/10.1016/j.cej.2020.126925
10.1016_j.cej.2020.126925__sample_38686,false_positive,1.0,unknown,p,Sn0.82Sb0.12Te,10.1016/j.cej.2020.126925,,0.9638542,1.2076501961801651,0.960524968538092,0.210895106253796,0.20764677143716934,False,True,True,65,yes,yes,high-ZT false positive; important candidate for paper; high predicted ZT; carried from Step14,https://doi.org/10.1016/j.cej.2020.126925
10.1016_j.cej.2020.126925__sample_38687,false_positive,1.0,unknown,p,Sn0.8Sb0.133Te,10.1016/j.cej.2020.126925,,0.883553,1.2006679643720326,0.8831175102113095,0.17833842409192638,0.18207223724446353,False,True,True,65,yes,yes,high-ZT false positive; important candidate for paper; high predicted ZT; carried from Step14,https://doi.org/10.1016/j.cej.2020.126925
10.1016_j.cej.2020.127795__sample_45807,false_positive,1.0,unknown,p,Sn0.95Mn0.05Te,10.1016/j.cej.2020.127795,,0.790527,1.5523009296592885,0.904268811666798,0.6615301349486202,0.30183991284631223,False,True,True,65,yes,yes,high-ZT false positive; important candidate for paper; high predicted ZT; carried from Step14,https://doi.org/10.1016/j.cej.2020.127795
10.1016_j.cej.2020.127795__sample_45808,false_positive,1.0,unknown,p,Sn0.93Mn0.07Te,10.1016/j.cej.2020.127795,,0.9137865,1.7888027435770786,0.8944497571328622,0.2514149033905131,0.6908547368411421,False,True,True,75,yes,yes,high-ZT false positive; important candidate for paper; high predicted ZT; carried from Step14,https://doi.org/10.1016/j.cej.2020.127795
10.1016_j.cej.2020.127795__sample_45809,true_positive,1.0,unknown,p,Sn0.91Mn0.09Te,10.1016/j.cej.2020.127795,,1.032618,1.3344644340490115,0.6746320233568398,0.14398138897323182,0.43606288983517677,False,True,True,65,yes,yes,high observed ZT; important candidate for paper; high predicted ZT,https://doi.org/10.1016/j.cej.2020.127795
10.1016_j.cej.2020.127795__sample_45810,true_positive,1.0,unknown,p,Sn0.92Mn0.07Bi0.01Te,10.1016/j.cej.2020.127795,,1.305524,1.329794535879023,0.6462342210412941,0.12940114292340213,0.5674455144624249,False,True,True,65,yes,yes,high observed ZT; important candidate for paper; high predicted ZT,https://doi.org/10.1016/j.cej.2020.127795
10.1016_j.cej.2020.127795__sample_45811,true_positive,1.0,unknown,p,Sn0.91Mn0.07Bi0.02Te,10.1016/j.cej.2020.127795,,1.270308,1.583722629597726,0.5253463933862501,0.25490703003352033,3.1797082014842255,False,True,True,95,yes,yes,high observed ZT; important candidate for paper; high predicted ZT; carried from Step14,https://doi.org/10.1016/j.cej.2020.127795
10.1016_j.cej.2020.127795__sample_45812,true_positive,1.0,unknown,p,Sn0.9Mn0.07Bi0.03Te,10.1016/j.cej.2020.127795,,1.267935,1.9650327321614174,0.7499319077561846,0.4252315425484028,1.247398457710114,False,True,True,85,yes,yes,high observed ZT; important candidate for paper; high predicted ZT; carried from Step14,https://doi.org/10.1016/j.cej.2020.127795
10.1016_j.cej.2020.127795__sample_45813,false_negative,1.0,unknown,p,Sn0.89Mn0.07Bi0.04Te,10.1016/j.cej.2020.127795,,1.001371,0.06907255936575378,0.2019768534358599,0.5397887159751175,0.6397546517151849,False,True,True,100,yes,yes,high observed ZT; high-ZT false negative; important candidate for paper; carried from Step14,https://doi.org/10.1016/j.cej.2020.127795
10.1016_j.cej.2021.130381__sample_45920,true_positive,1.0,unknown,p,(Bi0.48Sb1.52Te3)88.98B11.02,10.1016/j.cej.2021.130381,,1.191728,1.0592481793993966,1.171152161010058,0.14755887436507287,0.1474464809486252,False,True,True,65,yes,yes,high observed ZT; important candidate for paper; high predicted ZT,https://doi.org/10.1016/j.cej.2021.130381
10.1016_j.cej.2021.130381__sample_45921,true_positive,1.0,unknown,p,(Bi0.48Sb1.52Te3)80.11B19.89,10.1016/j.cej.2021.130381,,1.311192,1.1179996603962588,1.2968681574751637,0.14734754766596497,0.14256229171389176,False,True,True,65,yes,yes,high observed ZT; important candidate for paper; high predicted ZT,https://doi.org/10.1016/j.cej.2021.130381
10.1016_j.cej.2021.130381__sample_45922,true_positive,1.0,unknown,p,(Bi0.48Sb1.52Te3)72.83B27.17,10.1016/j.cej.2021.130381,,1.401758,1.1148895370267735,1.073342995237764,0.12799021409342867,0.13072091524487378,False,True,True,65,yes,yes,high observed ZT; important candidate for paper; high predicted ZT,https://doi.org/10.1016/j.cej.2021.130381
10.1016_j.cej.2021.130381__sample_45923,true_positive,1.0,unknown,p,(Bi0.48Sb1.517In0.003Te3 )72.83B27.17,10.1016/j.cej.2021.130381,,1.016735,1.1251969309506706,1.0776218308621337,0.29209099948345846,0.14352149962002456,False,True,True,65,yes,yes,high observed ZT; important candidate for paper; high predicted ZT,https://doi.org/10.1016/j.cej.2021.130381
10.1016_j.cej.2021.130381__sample_45924,true_positive,1.0,unknown,p,(Bi0.48Sb1.515In0.005Te3 )72.83B27.17,10.1016/j.cej.2021.130381,,1.403074,1.2394480048522487,1.3950114144763652,0.3045109630407249,0.15931522520456756,False,True,True,65,yes,yes,high observed ZT; important candidate for paper; high predicted ZT,https://doi.org/10.1016/j.cej.2021.130381
10.1016_j.cej.2021.130381__sample_45925,true_positive,1.0,unknown,p,(Bi0.48Sb1.513In0.007Te3 )72.83B27.17,10.1016/j.cej.2021.130381,,1.3691,1.3048647872315695,1.3661102331974386,0.26248071063550504,0.15708319387329542,False,True,True,65,yes,yes,high observed ZT; important candidate for paper; high predicted ZT,https://doi.org/10.1016/j.cej.2021.130381
10.1016_j.cej.2021.131853__sample_46446,true_positive,1.0,unknown,p,Bi0.4Sb1.6Te3,10.1016/j.cej.2021.131853,,1.086241,1.0005113540295199,1.066952487926897,0.1362589439871936,0.12290695713154312,False,True,True,65,yes,yes,high observed ZT; important candidate for paper; high predicted ZT,https://doi.org/10.1016/j.cej.2021.131853
10.1016_j.cej.2021.131853__sample_46447,true_positive,1.0,unknown,p,Bi0.4Sb1.599Pb0.001Te3,10.1016/j.cej.2021.131853,,1.038223,1.0024617772616693,1.0585136968970046,0.08904586552221672,0.12138987118008365,False,True,True,65,yes,yes,high observed ZT; important candidate for paper; high predicted ZT,https://doi.org/10.1016/j.cej.2021.131853
10.1016_j.cej.2021.131853__sample_46448,true_positive,1.0,unknown,p,Bi0.4Sb1.597Pb0.003Te3,10.1016/j.cej.2021.131853,,1.196103,1.2300781504514218,1.1804021788682777,0.1482885179247633,0.14633612436702448,False,True,True,65,yes,yes,high observed ZT; important candidate for paper; high predicted ZT,https://doi.org/10.1016/j.cej.2021.131853
10.1016_j.cej.2021.131853__sample_46449,true_positive,1.0,unknown,p,Bi0.4Sb1.595Pb0.005Te3,10.1016/j.cej.2021.131853,,1.039838,1.0845578807151872,1.0557251240367644,0.1503328019579281,0.16652391048155843,False,True,True,65,yes,yes,high observed ZT; important candidate for paper; high predicted ZT,https://doi.org/10.1016/j.cej.2021.131853
10.1016_j.cej.2021.131853__sample_46450,true_positive,1.0,unknown,p,Bi0.4Sb1.593Pb0.007Te3,10.1016/j.cej.2021.131853,,1.075255,1.1388510538194911,1.0540172686583205,0.1280873496203858,0.13404289917449214,False,True,True,65,yes,yes,high observed ZT; important candidate for paper; high predicted ZT,https://doi.org/10.1016/j.cej.2021.131853
10.1016_j.cej.2021.131853__sample_46451,false_positive,1.0,unknown,p,Bi0.4Sb1.59Pb0.01Te3,10.1016/j.cej.2021.131853,,0.9659165,1.1326651196258541,0.9604219864606526,0.18426902190587544,0.1987977858881691,False,True,True,65,yes,yes,high-ZT false positive; important candidate for paper; high predicted ZT; carried from Step14,https://doi.org/10.1016/j.cej.2021.131853
10.1016_j.cej.2021.132738__sample_44488,true_positive,1.0,unknown,p,(Bi0.5Sb1.5Te3)99.61(Sb2S3)0.39,10.1016/j.cej.2021.132738,,1.054147,1.0432768070509688,1.054699341108981,0.03076513346374771,0.029240045769886147,False,True,True,65,yes,yes,high observed ZT; important candidate for paper; high predicted ZT,https://doi.org/10.1016/j.cej.2021.132738
10.1016_j.cej.2021.132738__sample_44489,true_positive,1.0,unknown,p,(Bi0.5Sb1.5Te3)99.21(Sb2S3)0.79,10.1016/j.cej.2021.132738,,1.310798,1.194832692895745,1.3102257127953982,0.04051344749736006,0.04214648412246089,False,True,True,65,yes,yes,high observed ZT; important candidate for paper; high predicted ZT,https://doi.org/10.1016/j.cej.2021.132738
10.1016_j.cej.2021.132738__sample_44490,true_positive,1.0,unknown,p,(Bi0.5Sb1.5Te3)98.82(Sb2S3)1.18,10.1016/j.cej.2021.132738,,1.076056,1.0528453842829857,1.0560316580053866,0.03132161900577114,0.031109741906263345,False,True,True,65,yes,yes,high observed ZT; important candidate for paper; high predicted ZT,https://doi.org/10.1016/j.cej.2021.132738
10.1016_j.ceramint.2020.03.029__sample_33348,true_positive,1.0,unknown,n,Bi2Te3(SiC)0.1,10.1016/j.ceramint.2020.03.029,,1.051442,1.0658947894242665,1.041279133212523,0.04851908747901345,0.04104108845629735,False,True,True,65,yes,yes,high observed ZT; important candidate for paper; high predicted ZT,https://doi.org/10.1016/j.ceramint.2020.03.029
10.1016_j.ceramint.2020.03.029__sample_33349,false_positive,1.0,unknown,n,Bi2Te3(SiC)0.2,10.1016/j.ceramint.2020.03.029,,0.9841888,1.094681274369494,0.9998784403621942,0.0810686305488085,0.04251415272178173,False,True,True,65,yes,yes,high-ZT false positive; important candidate for paper; high predicted ZT; carried from Step14,https://doi.org/10.1016/j.ceramint.2020.03.029
10.1016_j.ceramint.2020.03.029__sample_33350,true_positive,1.0,unknown,n,Bi2Te3,10.1016/j.ceramint.2020.03.029,,1.182885,1.1561457291740989,1.019191859707475,0.1513114319130939,0.09113959934832357,False,True,True,65,yes,yes,high observed ZT; important candidate for paper; high predicted ZT,https://doi.org/10.1016/j.ceramint.2020.03.029
10.1016_j.ceramint.2020.03.029__sample_33351,true_positive,1.0,unknown,n,Bi2Te3,10.1016/j.ceramint.2020.03.029,,1.019663,1.4188376594127925,1.2362106580037722,0.20752775309354296,0.08509697849095292,False,True,True,65,yes,yes,high observed ZT; important candidate for paper; high predicted ZT,https://doi.org/10.1016/j.ceramint.2020.03.029
10.1016_j.ceramint.2020.08.182__sample_41951,false_negative,1.0,unknown,p,(Bi0.48Sb1.52Te3)99.86(AgSbTe2)0.14,10.1016/j.ceramint.2020.08.182,,1.083297,0.9223551130454646,1.138299793629795,0.16139301461259864,0.16650072465793941,False,True,True,90,yes,yes,high observed ZT; high-ZT false negative; important candidate for paper; carried from Step14,https://doi.org/10.1016/j.ceramint.2020.08.182
10.1016_j.ceramint.2020.08.182__sample_41952,false_positive,1.0,unknown,p,(Bi0.48Sb1.52Te3)99.72(AgSbTe2)0.28,10.1016/j.ceramint.2020.08.182,,0.9847419,1.0031898520412939,0.9458536082386598,0.1541109168566568,0.16429278299620897,False,True,True,65,yes,yes,high-ZT false positive; important candidate for paper; high predicted ZT; carried from Step14,https://doi.org/10.1016/j.ceramint.2020.08.182
10.1016_j.ceramint.2020.08.182__sample_41953,true_positive,1.0,unknown,p,(Bi0.48Sb1.52Te3)99.86(AgSbTe2)0.14,10.1016/j.ceramint.2020.08.182,,1.151074,1.0639372908955131,1.1391610652819304,0.11695744824468958,0.12365975351214167,False,True,True,65,yes,yes,high observed ZT; important candidate for paper; high predicted ZT,https://doi.org/10.1016/j.ceramint.2020.08.182
10.1016_j.cryogenics.2020.103197__sample_38838,false_positive,1.0,unknown,n,Bi0.91Sb0.09,10.1016/j.cryogenics.2020.103197,,0.839244,1.0471989358042977,0.8406203209155869,0.27663149587935004,0.279611267442399,False,True,True,65,yes,yes,high-ZT false positive; important candidate for paper; high predicted ZT; carried from Step14,https://doi.org/10.1016/j.cryogenics.2020.103197
10.1016_j.cryogenics.2020.103197__sample_38839,false_positive,1.0,unknown,n,Bi0.91Sb0.09,10.1016/j.cryogenics.2020.103197,,0.902102,1.0187604936249257,0.916213953252612,0.3468365621057101,0.3465663481389437,False,True,True,65,yes,yes,high-ZT false positive; important candidate for paper; high predicted ZT; carried from Step14,https://doi.org/10.1016/j.cryogenics.2020.103197
10.1016_j.cryogenics.2020.103197__sample_38840,false_positive,1.0,unknown,n,Bi0.91Sb0.09,10.1016/j.cryogenics.2020.103197,,0.9799154,1.009693215540064,0.979955669640621,0.4016946355109066,0.3956613132305789,False,True,True,65,yes,yes,high-ZT false positive; important candidate for paper; high predicted ZT; carried from Step14,https://doi.org/10.1016/j.cryogenics.2020.103197
10.1016_j.intermet.2011.03.006__sample_1532,true_positive,1.0,unknown,n,Bi2(Se0.2Te0.8)3,10.1016/j.intermet.2011.03.006,,1.046429,1.1642407073357823,1.0666796508287293,0.10612091367848683,0.1013798566995184,False,True,True,65,yes,yes,high observed ZT; important candidate for paper; high predicted ZT,https://doi.org/10.1016/j.intermet.2011.03.006
10.1016_j.intermet.2011.03.006__sample_1533,false_positive,1.0,unknown,n,Bi2(Se0.3Te0.7)3,10.1016/j.intermet.2011.03.006,,0.925,1.0976840270125867,0.9533469906542056,0.1140784604974252,0.09072046543530694,False,True,True,65,yes,yes,high-ZT false positive; important candidate for paper; high predicted ZT; carried from Step14,https://doi.org/10.1016/j.intermet.2011.03.006
10.1016_j.intermet.2011.03.006__sample_1534,false_positive,1.0,unknown,n,Bi2(Se0.4Te0.6)3,10.1016/j.intermet.2011.03.006,,0.9285714,1.1427639985726266,0.9565267125307124,0.10956034420267413,0.09876328287097293,False,True,True,65,yes,yes,high-ZT false positive; important candidate for paper; high predicted ZT; carried from Step14,https://doi.org/10.1016/j.intermet.2011.03.006
10.1016_j.intermet.2011.03.006__sample_1535,false_positive,1.0,unknown,n,Bi2(Se0.5Te0.5)3,10.1016/j.intermet.2011.03.006,,0.7821429,1.0003383191705855,0.7923940860759495,0.11981280695314553,0.11470692970084467,False,True,True,65,yes,yes,high-ZT false positive; important candidate for paper; high predicted ZT; carried from Step14,https://doi.org/10.1016/j.intermet.2011.03.006
10.1016_j.intermet.2011.07.020__sample_16534,false_negative,1.0,unknown,p,Zn3.91Cd0.04Sb3,10.1016/j.intermet.2011.07.020,,1.228446,0.8130247067701405,0.8373851371180738,0.18632580648794542,0.14889775840010888,False,True,True,90,yes,yes,high observed ZT; high-ZT false negative; important candidate for paper; carried from Step14,https://doi.org/10.1016/j.intermet.2011.07.020
10.1016_j.intermet.2011.07.020__sample_16535,false_negative,1.0,unknown,p,Zn3.96Cd0.04Sb3,10.1016/j.intermet.2011.07.020,,1.105908,0.8530619422922433,0.8565605878654852,0.226889250860824,0.14064497963983555,False,True,True,100,yes,yes,high observed ZT; high-ZT false negative; important candidate for paper; carried from Step14,https://doi.org/10.1016/j.intermet.2011.07.020
10.1016_j.intermet.2011.07.020__sample_16536,false_negative,1.0,unknown,p,Zn4.01Cd0.04Sb3,10.1016/j.intermet.2011.07.020,,1.004814,0.9946489609339477,1.092307113929312,0.15437908676672268,0.0797744599597884,False,True,True,100,yes,yes,high observed ZT; high-ZT false negative; important candidate for paper; carried from Step14,https://doi.org/10.1016/j.intermet.2011.07.020
10.1016_j.intermet.2013.07.009__sample_3483,false_negative,1.0,unknown,n,(Yb0.2Co4Sb12)93.21(AgSbTe2)6.79,10.1016/j.intermet.2013.07.009,,1.004294,0.6263640129126654,0.5655773769900808,,0.10747713468682585,False,True,True,100,yes,yes,high observed ZT; high-ZT false negative; important candidate for paper; carried from Step14,https://doi.org/10.1016/j.intermet.2013.07.009
10.1016_j.intermet.2016.11.002__sample_41893,true_positive,1.0,unknown,p,Bi0.5Sb1.5Te3,10.1016/j.intermet.2016.11.002,,1.120162,1.1188909127557876,1.1168829351015248,0.09386159250449597,0.09157865716718183,False,True,True,65,yes,yes,high observed ZT; important candidate for paper; high predicted ZT,https://doi.org/10.1016/j.intermet.2016.11.002
10.1016_j.intermet.2016.11.002__sample_41894,true_positive,1.0,unknown,p,(Bi0.5Sb1.5Te3)94.29(Y2O3)5.71,10.1016/j.intermet.2016.11.002,,1.236291,1.1955645657369793,1.2343448285696117,0.03451760364283092,0.033527346119928476,False,True,True,65,yes,yes,high observed ZT; important candidate for paper; high predicted ZT,https://doi.org/10.1016/j.intermet.2016.11.002
10.1016_j.intermet.2016.11.002__sample_41895,true_positive,1.0,unknown,p,(Bi0.5Sb1.5Te3)89(Y2O3)11,10.1016/j.intermet.2016.11.002,,1.128398,1.0957491147344665,1.1231256190990817,0.02387959947270791,0.021984838785264808,False,True,True,65,yes,yes,high observed ZT; important candidate for paper; high predicted ZT,https://doi.org/10.1016/j.intermet.2016.11.002
10.1016_j.jallcom.2007.01.015__sample_1605,false_negative,1.0,unknown,n,Bi2Te3,10.1016/j.jallcom.2007.01.015,,,0.9948925463672907,1.0066668247767858,,0.06060597363724572,False,True,True,10,no,no,,https://doi.org/10.1016/j.jallcom.2007.01.015
10.1016_j.jallcom.2007.01.015__sample_1606,true_positive,1.0,unknown,n,(SiC)0.84(Bi2Te3)99.16,10.1016/j.jallcom.2007.01.015,,,1.0210141334485536,1.0332613966745845,,0.054520050559117204,False,True,True,35,no,yes,high predicted ZT,https://doi.org/10.1016/j.jallcom.2007.01.015
10.1016_j.jallcom.2007.01.015__sample_1607,true_positive,1.0,unknown,n,(SiC)4.09(Bi2Te3)95.91,10.1016/j.jallcom.2007.01.015,,,1.010638463720593,1.021888425742574,,0.04224012086308859,False,True,True,35,no,yes,high predicted ZT,https://doi.org/10.1016/j.jallcom.2007.01.015
10.1016_j.jallcom.2007.03.037__sample_1595,false_positive,1.0,unknown,n,(Bi2Te3)99.91(SbI3)0.09,10.1016/j.jallcom.2007.03.037,,,1.0050861581069666,0.8262516585987262,,0.1404054538007971,False,True,True,35,no,yes,high predicted ZT,https://doi.org/10.1016/j.jallcom.2007.03.037
10.1016_j.jallcom.2007.09.053__sample_15337,false_positive,1.0,unknown,p,Pb0.78Sn0.22Ge0.005Te,10.1016/j.jallcom.2007.09.053,,,3.501700245415554,0.961750570731959,,1.0094818891639084,False,True,True,95,yes,yes,large ZT prediction error; important candidate for paper; high predicted ZT; carried from Step14,https://doi.org/10.1016/j.jallcom.2007.09.053
10.1016_j.jallcom.2009.04.072__sample_688,false_positive,1.0,unknown,n,Ba8Ga15.72Ge30.15,10.1016/j.jallcom.2009.04.072,,0.5246388,1.237776731989281,0.930496437948806,0.1315129651991404,0.31297186503244095,False,True,False,70,yes,yes,high-ZT false positive; important candidate for paper; high predicted ZT; carried from Step14,https://doi.org/10.1016/j.jallcom.2009.04.072
10.1016_j.jallcom.2009.06.145__sample_16640,false_positive,1.0,unknown,p,Zn4.08Sb3,10.1016/j.jallcom.2009.06.145,,0.8428613,1.0861287280552194,0.8668113610074376,0.22593388526133842,0.23006234115841298,False,True,True,65,yes,yes,high-ZT false positive; important candidate for paper; high predicted ZT; carried from Step14,https://doi.org/10.1016/j.jallcom.2009.06.145
10.1016_j.jallcom.2009.06.145__sample_16646,false_negative,1.0,unknown,p,Zn4Sb2.92Te0.08,10.1016/j.jallcom.2009.06.145,,1.042471,0.7170134971314056,0.8027464054744894,0.17745292423383158,0.16046439137204985,False,True,True,90,yes,yes,high observed ZT; high-ZT false negative; important candidate for paper; carried from Step14,https://doi.org/10.1016/j.jallcom.2009.06.145
10.1016_j.jallcom.2010.03.170__sample_20831,true_positive,1.0,unknown,p,Ag0.87Sb1.13Te2.13,10.1016/j.jallcom.2010.03.170,,1.362573,1.1661681282295557,1.3640718513712458,,0.14508306358110498,False,True,True,75,yes,yes,high observed ZT; important candidate for paper; high predicted ZT,https://doi.org/10.1016/j.jallcom.2010.03.170
10.1016_j.jallcom.2010.03.170__sample_20832,true_positive,1.0,unknown,p,Ag0.9Sb1.1Te2.1,10.1016/j.jallcom.2010.03.170,,1.440351,1.1081540373994685,1.2333806274982204,0.06790207721674783,0.09603128064455037,False,True,True,75,yes,yes,high observed ZT; important candidate for paper; high predicted ZT,https://doi.org/10.1016/j.jallcom.2010.03.170
10.1016_j.jallcom.2010.05.034__sample_16729,false_negative,1.0,unknown,p,Zn4Sb2.94Bi0.06,10.1016/j.jallcom.2010.05.034,,1.051986,0.11226251598540572,0.1039238894186921,,0.0802378222500765,False,True,True,100,yes,yes,high observed ZT; high-ZT false negative; important candidate for paper; carried from Step14,https://doi.org/10.1016/j.jallcom.2010.05.034
10.1016_j.jallcom.2010.10.131__sample_20834,false_positive,1.0,unknown,p,AgSbTe2,10.1016/j.jallcom.2010.10.131,,0.8650218,1.2055340830771484,1.232371532672233,,0.26278409042842454,False,True,True,75,yes,yes,high-ZT false positive; important candidate for paper; high predicted ZT; carried from Step14,https://doi.org/10.1016/j.jallcom.2010.10.131
10.1016_j.jallcom.2010.10.131__sample_20835,false_negative,1.0,unknown,p,Na0.01Ag0.99SbTe2,10.1016/j.jallcom.2010.10.131,,1.192728,0.92335546659787,1.0791569632009368,0.17868766335611305,0.14437334133575602,False,True,True,100,yes,yes,high observed ZT; high-ZT false negative; important candidate for paper; carried from Step14,https://doi.org/10.1016/j.jallcom.2010.10.131
10.1016_j.jallcom.2010.10.131__sample_20836,false_negative,1.0,unknown,p,Na0.02Ag1.98SbTe2,10.1016/j.jallcom.2010.10.131,,1.035286,0.8027444043754517,0.7775211362933437,,0.032440620459984124,False,True,True,100,yes,yes,high observed ZT; high-ZT false negative; important candidate for paper; carried from Step14,https://doi.org/10.1016/j.jallcom.2010.10.131
10.1016_j.jallcom.2010.10.131__sample_20837,true_positive,1.0,unknown,p,Na0.01Ag0.99SbTe2.02,10.1016/j.jallcom.2010.10.131,,1.523998,1.077460459145005,1.441780242504558,,0.2526874572276581,False,True,True,75,yes,yes,high observed ZT; important candidate for paper; high predicted ZT,https://doi.org/10.1016/j.jallcom.2010.10.131
10.1016_j.jallcom.2010.10.131__sample_20838,true_positive,1.0,unknown,p,Na0.02Ag0.98SbTe2.02,10.1016/j.jallcom.2010.10.131,,1.342697,1.0955087468997446,1.3318159432110563,0.20291874727925158,0.19848593148140148,False,True,True,75,yes,yes,high observed ZT; important candidate for paper; high predicted ZT,https://doi.org/10.1016/j.jallcom.2010.10.131
10.1016_j.jallcom.2011.01.155__sample_30079,false_positive,1.0,unknown,n,Bi2Se0.3Te2.7(Al2O3)0.008,10.1016/j.jallcom.2011.01.155,,0.9769311,1.1644866568520345,0.987910553406344,0.15294149010318242,0.11998072760389596,False,True,True,65,yes,yes,high-ZT false positive; important candidate for paper; high predicted ZT; carried from Step14,https://doi.org/10.1016/j.jallcom.2011.01.155
10.1016_j.jallcom.2011.01.155__sample_30080,false_positive,1.0,unknown,n,Bi2Se0.3Te2.7(Al2O3)0.02,10.1016/j.jallcom.2011.01.155,,0.9854663,1.141796198703713,1.0006011351612516,0.08458421601983689,0.10643851074469106,False,True,True,65,yes,yes,high-ZT false positive; important candidate for paper; high predicted ZT; carried from Step14,https://doi.org/10.1016/j.jallcom.2011.01.155
10.1016_j.jallcom.2011.01.155__sample_30081,false_positive,1.0,unknown,n,Bi2Se0.3Te2.7(Al2O3)0.03,10.1016/j.jallcom.2011.01.155,,0.9217646,1.039945507672625,0.9358192300836876,0.10113403694014424,0.10183334298499017,False,True,True,65,yes,yes,high-ZT false positive; important candidate for paper; high predicted ZT; carried from Step14,https://doi.org/10.1016/j.jallcom.2011.01.155
10.1016_j.jallcom.2011.06.116__sample_1628,true_positive,1.0,unknown,p,Bi2Se0.36Te2.64,10.1016/j.jallcom.2011.06.116,,1.192206,1.2029124107817941,1.20491325,0.009196240619232809,0.020925527414890392,False,True,True,75,yes,yes,high observed ZT; important candidate for paper; high predicted ZT,https://doi.org/10.1016/j.jallcom.2011.06.116
10.1016_j.jallcom.2013.05.228__sample_7173,true_positive,1.0,unknown,p,Bi0.5Sb1.5Te3,10.1016/j.jallcom.2013.05.228,,1.395912,1.6181175115809683,1.448398858599728,0.12881723836546766,0.14401746813553173,False,True,True,65,yes,yes,high observed ZT; important candidate for paper; high predicted ZT,https://doi.org/10.1016/j.jallcom.2013.05.228
10.1016_j.jallcom.2013.09.051__sample_3723,false_positive,1.0,unknown,p,CeFe4Sb12,10.1016/j.jallcom.2013.09.051,,0.6758042,44.611613140370295,48.82182784618714,100.5609210532918,0.1252240597083763,False,True,True,100,yes,yes,high-ZT false positive; important candidate for paper; high predicted ZT; carried from Step14,https://doi.org/10.1016/j.jallcom.2013.09.051
10.1016_j.jallcom.2013.09.051__sample_3724,false_positive,1.0,unknown,p,Ce0.9Fe3.9Ni0.1Sb12,10.1016/j.jallcom.2013.09.051,,0.7832168,80.64619563242485,75.51206462358235,94.63291864818075,0.11102154735922724,False,True,True,100,yes,yes,high-ZT false positive; important candidate for paper; high predicted ZT; carried from Step14,https://doi.org/10.1016/j.jallcom.2013.09.051
10.1016_j.jallcom.2013.09.051__sample_3725,false_positive,1.0,unknown,p,Ce0.8Fe3.7Ni0.3Sb12,10.1016/j.jallcom.2013.09.051,,0.6981818,71.4520798717883,70.20584522709036,83.75184312419674,0.08105259258563927,False,True,True,100,yes,yes,high-ZT false positive; important candidate for paper; high predicted ZT; carried from Step14,https://doi.org/10.1016/j.jallcom.2013.09.051
10.1016_j.jallcom.2013.09.051__sample_3726,false_positive,1.0,unknown,p,Ce0.7Fe3.5 Ni0.5Sb12,10.1016/j.jallcom.2013.09.051,,0.7116084,52.000671440607036,58.54141351707559,91.1595575303516,0.10701817007749004,False,True,True,90,yes,yes,high-ZT false positive; important candidate for paper; high predicted ZT; carried from Step14,https://doi.org/10.1016/j.jallcom.2013.09.051
10.1016_j.jallcom.2013.09.051__sample_3727,false_positive,1.0,unknown,p,Ce0.6Fe3.3 Ni0.7Sb12,10.1016/j.jallcom.2013.09.051,,0.6243357,63.66425599284982,61.5331575616042,92.64738290417904,0.08795556339516464,False,True,True,90,yes,yes,high-ZT false positive; important candidate for paper; high predicted ZT; carried from Step14,https://doi.org/10.1016/j.jallcom.2013.09.051
10.1016_j.jallcom.2013.09.051__sample_3728,false_positive,1.0,unknown,p,Ce0.5Fe3.0 Ni1.0Sb12,10.1016/j.jallcom.2013.09.051,,0.5348252,49.70769459367168,51.86646938964711,102.17839693508552,0.06740243325247477,False,True,True,100,yes,yes,high-ZT false positive; important candidate for paper; high predicted ZT; carried from Step14,https://doi.org/10.1016/j.jallcom.2013.09.051
10.1016_j.jallcom.2013.09.051__sample_3729,false_positive,1.0,unknown,p,Ce0.3Fe2.5 Ni1.5Sb12,10.1016/j.jallcom.2013.09.051,,0.2103497,31.014376121278527,20.702563601785887,106.27110825818494,0.3577284962309722,False,True,True,90,yes,yes,high-ZT false positive; important candidate for paper; high predicted ZT; carried from Step14,https://doi.org/10.1016/j.jallcom.2013.09.051
10.1016_j.jallcom.2013.09.124__sample_3732,true_positive,1.0,unknown,n,Ba0.24Yb0.19Fe0.38Co3.63Sb12,10.1016/j.jallcom.2013.09.124,,1.241526,1.1290932668189888,1.106640148508828,0.05523589261355771,0.0486247692404509,False,True,True,75,yes,yes,high observed ZT; important candidate for paper; high predicted ZT,https://doi.org/10.1016/j.jallcom.2013.09.124
10.1016_j.jallcom.2013.09.124__sample_3733,false_negative,1.0,unknown,n,Ba0.32Yb0.1Fe0.37Co3.67Sb12,10.1016/j.jallcom.2013.09.124,,1.12177,0.9350547936310705,0.924287411871856,0.06962234998786002,0.035571484795951507,False,True,True,100,yes,yes,high observed ZT; high-ZT false negative; important candidate for paper; carried from Step14,https://doi.org/10.1016/j.jallcom.2013.09.124
10.1016_j.jallcom.2013.09.124__sample_3734,false_negative,1.0,unknown,n,Ba0.27Yb0.17Fe0.37Co3.67Sb12,10.1016/j.jallcom.2013.09.124,,1.050226,0.7935651738914883,0.845446045789029,0.164915247288446,0.06136508906268752,False,True,True,100,yes,yes,high observed ZT; high-ZT false negative; important candidate for paper; carried from Step14,https://doi.org/10.1016/j.jallcom.2013.09.124
10.1016_j.jallcom.2013.11.065__sample_1631,true_positive,1.0,unknown,p,Bi0.4Sb1.6Te3,10.1016/j.jallcom.2013.11.065,,1.283429,1.392315840829795,1.4546146446078432,0.11840991803594585,0.13290207473836235,False,True,True,65,yes,yes,high observed ZT; important candidate for paper; high predicted ZT,https://doi.org/10.1016/j.jallcom.2013.11.065
10.1016_j.jallcom.2013.11.065__sample_1632,false_negative,1.0,unknown,p,Bi0.4Sb1.6Te3,10.1016/j.jallcom.2013.11.065,,1.036571,0.7578811861324868,0.8701983134328358,0.17205395767379725,0.1227277915414376,False,True,True,90,yes,yes,high observed ZT; high-ZT false negative; important candidate for paper; carried from Step14,https://doi.org/10.1016/j.jallcom.2013.11.065
10.1016_j.jallcom.2013.12.068__sample_7177,true_positive,1.0,unknown,p,Bi0.4Sb1.6Te3,10.1016/j.jallcom.2013.12.068,,1.189669,1.2850568326196998,1.190444544118261,0.06362111629116124,0.06286374240611893,False,True,True,65,yes,yes,high observed ZT; important candidate for paper; high predicted ZT,https://doi.org/10.1016/j.jallcom.2013.12.068
10.1016_j.jallcom.2014.02.060__sample_17486,true_positive,1.0,unknown,p,Zn3.85In0.15Sb3,10.1016/j.jallcom.2014.02.060,,1.182153,1.1789673091845028,1.213947070330894,0.07240413157377905,0.06841852853295537,False,True,True,75,yes,yes,high observed ZT; important candidate for paper; high predicted ZT,https://doi.org/10.1016/j.jallcom.2014.02.060
10.1016_j.jallcom.2014.02.060__sample_17487,true_positive,1.0,unknown,p,Zn3.82In0.18Sb3,10.1016/j.jallcom.2014.02.060,,1.40771,1.0837404775864374,1.236983522556096,,0.1238844674769781,False,True,True,75,yes,yes,high observed ZT; important candidate for paper; high predicted ZT,https://doi.org/10.1016/j.jallcom.2014.02.060
10.1016_j.jallcom.2014.04.116__sample_15792,false_positive,1.0,unknown,n,PbTe0.998I0.002,10.1016/j.jallcom.2014.04.116,,0.7516456,1.0902747612578836,0.7564649449983317,0.2803118318057137,0.2876955164923265,False,True,True,65,yes,yes,high-ZT false positive; important candidate for paper; high predicted ZT; carried from Step14,https://doi.org/10.1016/j.jallcom.2014.04.116
10.1016_j.jallcom.2014.04.116__sample_15793,true_positive,1.0,unknown,n,PbTe0.998I0.002,10.1016/j.jallcom.2014.04.116,,1.329739,2.146442353283897,1.3759533690434689,0.2492428329336349,0.2499985394970798,False,True,True,65,yes,yes,high observed ZT; important candidate for paper; high predicted ZT,https://doi.org/10.1016/j.jallcom.2014.04.116
10.1016_j.jallcom.2014.04.116__sample_15794,false_positive,1.0,unknown,n,PbTe0.998I0.002,10.1016/j.jallcom.2014.04.116,,0.8809563,1.808000879834343,0.8874281591639644,0.47813501953524234,0.38741808010409795,False,True,True,65,yes,yes,high-ZT false positive; important candidate for paper; high predicted ZT; carried from Step14,https://doi.org/10.1016/j.jallcom.2014.04.116
10.1016_j.jallcom.2014.10.102__sample_5290,false_negative,1.0,unknown,p,Ca0.4Ce0.35Nd0.35Fe3.5Co0.5Sb12,10.1016/j.jallcom.2014.10.102,,1.006867,0.33398361429143,0.3101095431538685,0.08684625119365315,0.16126891362770407,False,True,True,100,yes,yes,high observed ZT; high-ZT false negative; important candidate for paper; carried from Step14,https://doi.org/10.1016/j.jallcom.2014.10.102
10.1016_j.jallcom.2015.03.117__sample_15796,false_positive,1.0,unknown,p,(AgSb)0.01Pb0.98Se,10.1016/j.jallcom.2015.03.117,,0.792595,1.2905065493057082,0.7960090034174836,0.27747181002153537,0.27773141982272903,False,True,True,65,yes,yes,high-ZT false positive; important candidate for paper; high predicted ZT; carried from Step14,https://doi.org/10.1016/j.jallcom.2015.03.117
10.1016_j.jallcom.2015.03.117__sample_15797,true_positive,1.0,unknown,p,(AgSb)0.03Pb0.94Se,10.1016/j.jallcom.2015.03.117,,1.023576,1.5474887573619072,1.032865493223586,0.28349933222813606,0.2774869730970294,False,True,True,65,yes,yes,high observed ZT; important candidate for paper; high predicted ZT,https://doi.org/10.1016/j.jallcom.2015.03.117
10.1016_j.jallcom.2015.03.213__sample_5295,false_negative,1.0,unknown,n,Yb0.3Co4Sb12,10.1016/j.jallcom.2015.03.213,,1.25315,0.6589842822081752,0.6782609593044119,0.013499097064366854,0.02424465090761678,False,True,True,100,yes,yes,high observed ZT; high-ZT false negative; important candidate for paper; carried from Step14,https://doi.org/10.1016/j.jallcom.2015.03.213
10.1016_j.jallcom.2015.10.021__sample_2798,false_positive,1.0,unknown,n,PbTe0.75Se0.25,10.1016/j.jallcom.2015.10.021,,0.5690702,1.0427286487815486,0.7377731014071717,0.19323657599430652,0.26706193210117085,False,True,True,65,yes,yes,high-ZT false positive; important candidate for paper; high predicted ZT; carried from Step14,https://doi.org/10.1016/j.jallcom.2015.10.021
10.1016_j.jallcom.2016.04.118__sample_6449,false_positive,1.0,unknown,p,YbCd1.9Mg0.1Sb2,10.1016/j.jallcom.2016.04.118,,,1.001239851356323,0.9986119324456124,,0.04203660870508355,False,True,True,35,no,yes,high predicted ZT,https://doi.org/10.1016/j.jallcom.2016.04.118
10.1016_j.jallcom.2016.05.340__sample_7355,true_positive,1.0,unknown,p,(Bi2Te3)0.25(Sb2Te3)0.75,10.1016/j.jallcom.2016.05.340,,1.078352,1.091487381142582,1.087781235242726,0.054601225530396,0.049486270320978576,False,True,True,65,yes,yes,high observed ZT; important candidate for paper; high predicted ZT,https://doi.org/10.1016/j.jallcom.2016.05.340
10.1016_j.jallcom.2016.05.340__sample_7356,true_positive,1.0,unknown,p,(Bi2Te3)0.25(Sb2Te3)0.75,10.1016/j.jallcom.2016.05.340,,1.235061,1.1358843040350313,1.2253716347009032,0.07404625125736744,0.07528914194830735,False,True,True,65,yes,yes,high observed ZT; important candidate for paper; high predicted ZT,https://doi.org/10.1016/j.jallcom.2016.05.340
10.1016_j.jallcom.2016.05.340__sample_7357,true_positive,1.0,unknown,p,(Bi2Te3)0.25(Sb2Te3)0.75,10.1016/j.jallcom.2016.05.340,,1.147256,1.0800762236329728,1.1457194531104284,0.0646549321208733,0.06808242396877591,False,True,True,65,yes,yes,high observed ZT; important candidate for paper; high predicted ZT,https://doi.org/10.1016/j.jallcom.2016.05.340
10.1016_j.jallcom.2016.05.340__sample_7358,true_positive,1.0,unknown,p,(Bi2Te3)0.25(Sb2Te3)0.75,10.1016/j.jallcom.2016.05.340,,1.120426,1.0551091469619165,1.118830020066668,0.07535100310691334,0.07480713289663918,False,True,True,65,yes,yes,high observed ZT; important candidate for paper; high predicted ZT,https://doi.org/10.1016/j.jallcom.2016.05.340
10.1016_j.jallcom.2016.05.340__sample_7359,true_positive,1.0,unknown,p,(Bi2Te3)0.25(Sb2Te3)0.75,10.1016/j.jallcom.2016.05.340,,1.00335,1.0160818424919165,1.000267418508377,0.12506607516306795,0.1263568529077918,False,True,True,65,yes,yes,high observed ZT; important candidate for paper; high predicted ZT,https://doi.org/10.1016/j.jallcom.2016.05.340
10.1016_j.jallcom.2016.06.133__sample_16278,false_positive,1.0,unknown,p,AgSn4SbTe6(SiC)0.03,10.1016/j.jallcom.2016.06.133,,0.8677686,1.0881377603212048,0.972734728578039,,0.11863772141852487,False,True,True,75,yes,yes,high-ZT false positive; important candidate for paper; high predicted ZT; carried from Step14,https://doi.org/10.1016/j.jallcom.2016.06.133
10.1016_j.jallcom.2016.06.144__sample_7392,true_positive,1.0,unknown,p,Bi0.38Sb1.62Te3,10.1016/j.jallcom.2016.06.144,,1.168966,1.0792739365340869,1.1203686298675837,0.026647356760001677,0.029943962395447117,False,True,True,75,yes,yes,high observed ZT; important candidate for paper; high predicted ZT,https://doi.org/10.1016/j.jallcom.2016.06.144
10.1016_j.jallcom.2016.06.144__sample_7394,true_positive,1.0,unknown,p,Cu0.00125Bi0.38Sb1.62Te3,10.1016/j.jallcom.2016.06.144,,1.139655,1.1302136054873886,1.1914971354514008,0.008284432141842487,0.05143405564361247,False,True,True,75,yes,yes,high observed ZT; important candidate for paper; high predicted ZT,https://doi.org/10.1016/j.jallcom.2016.06.144
10.1016_j.jallcom.2016.06.144__sample_7396,true_positive,1.0,unknown,p,Cu0.0025Bi0.38Sb1.62Te3,10.1016/j.jallcom.2016.06.144,,1.160345,1.3856352457684447,1.2349809410278303,0.14432318715973178,0.09270793156334493,False,True,True,65,yes,yes,high observed ZT; important candidate for paper; high predicted ZT,https://doi.org/10.1016/j.jallcom.2016.06.144
10.1016_j.jallcom.2016.06.172__sample_2649,false_positive,1.0,unknown,p,Pb0.98Na0.02Te,10.1016/j.jallcom.2016.06.172,,0.5896149,1.2681947891430048,0.7695829106363045,0.23962110406283038,0.26082787862692947,False,True,True,65,yes,yes,high-ZT false positive; important candidate for paper; high predicted ZT; carried from Step14,https://doi.org/10.1016/j.jallcom.2016.06.172
10.1016_j.jallcom.2016.06.172__sample_2652,false_positive,1.0,unknown,p,Pb0.392Sr0.588Na0.02Te,10.1016/j.jallcom.2016.06.172,,0.04774551,1.1013739084079792,1.5347072253084306,42.139266110381065,0.2944457864051289,False,True,True,100,yes,yes,high-ZT false positive; important candidate for paper; high predicted ZT; carried from Step14,https://doi.org/10.1016/j.jallcom.2016.06.172
10.1016_j.jallcom.2016.06.172__sample_2653,false_positive,1.0,unknown,p,Pb0.196Sr0.784Na0.02Te,10.1016/j.jallcom.2016.06.172,,0.004942857,1.9237701005184649,2.3368607830600263,653.3493196334219,0.3092446938857768,False,True,True,90,yes,yes,high-ZT false positive; important candidate for paper; high predicted ZT; carried from Step14,https://doi.org/10.1016/j.jallcom.2016.06.172
10.1016_j.jallcom.2016.06.172__sample_2655,false_positive,1.0,unknown,p,(Pb0.96Sr0.04)0.98Na0.02Te,10.1016/j.jallcom.2016.06.172,,0.5906692,1.1171385630982704,0.6577457160141786,0.3335921452929166,0.3121128634471639,False,True,True,65,yes,yes,high-ZT false positive; important candidate for paper; high predicted ZT; carried from Step14,https://doi.org/10.1016/j.jallcom.2016.06.172
10.1016_j.jallcom.2016.06.172__sample_2664,false_positive,1.0,unknown,p,Pb0.932Na0.008Sr0.05Mn0.01Se,10.1016/j.jallcom.2016.06.172,,0.8578437,1.335078823121902,0.7376853162321053,,0.80982160515424,False,True,True,75,yes,yes,high-ZT false positive; important candidate for paper; high predicted ZT; carried from Step14,https://doi.org/10.1016/j.jallcom.2016.06.172
10.1016_j.jallcom.2016.06.172__sample_2665,false_positive,1.0,unknown,p,Pb0.932Na0.008Sr0.04Mn0.02Se,10.1016/j.jallcom.2016.06.172,,0.871416,1.3810398648914937,0.8321237616664057,0.3380596772605944,0.3280372831420108,False,True,True,65,yes,yes,high-ZT false positive; important candidate for paper; high predicted ZT; carried from Step14,https://doi.org/10.1016/j.jallcom.2016.06.172
10.1016_j.jallcom.2016.06.172__sample_2666,true_positive,1.0,unknown,p,Pb0.932Na0.008Sr0.03Mn0.03Se,10.1016/j.jallcom.2016.06.172,,1.020109,1.833340449013874,0.9807908707854884,0.4121487341559248,0.4334780659789712,False,True,True,65,yes,yes,high observed ZT; important candidate for paper; high predicted ZT,https://doi.org/10.1016/j.jallcom.2016.06.172
10.1016_j.jallcom.2016.09.231__sample_2415,true_positive,1.0,unknown,n,K6Ba18Ga40Sn96,10.1016/j.jallcom.2016.09.231,,1.160118,1.4550893536354346,1.1664260376994182,0.1489579194378805,0.13100897918523816,False,True,False,60,yes,yes,high observed ZT; important candidate for paper; high predicted ZT,https://doi.org/10.1016/j.jallcom.2016.09.231
10.1016_j.jallcom.2017.01.340__sample_39760,true_positive,1.0,unknown,p,Bi0.5Sb1.5Te3,10.1016/j.jallcom.2017.01.340,,1.124532,1.1477516359440523,1.1258220588666186,0.08241736869947343,0.07902712057714639,False,True,True,65,yes,yes,high observed ZT; important candidate for paper; high predicted ZT,https://doi.org/10.1016/j.jallcom.2017.01.340
10.1016_j.jallcom.2017.01.340__sample_39761,false_negative,1.0,unknown,p,(Bi0.5Sb1.5Te3)97(Ta2O5)3,10.1016/j.jallcom.2017.01.340,,1.152642,0.8414292042021106,1.1653797449703795,0.09550645361249697,0.09266740771537933,False,True,True,90,yes,yes,high observed ZT; high-ZT false negative; important candidate for paper; carried from Step14,https://doi.org/10.1016/j.jallcom.2017.01.340
10.1016_j.jallcom.2017.01.340__sample_39762,true_positive,1.0,unknown,p,(Bi0.5Sb1.5Te3)94.06(Ta2O5)5.94,10.1016/j.jallcom.2017.01.340,,1.373951,1.3192493092651638,1.3647496389270737,0.17792821579570955,0.03172264890862555,False,True,True,65,yes,yes,high observed ZT; important candidate for paper; high predicted ZT,https://doi.org/10.1016/j.jallcom.2017.01.340
10.1016_j.jallcom.2017.06.110__sample_2305,false_positive,1.0,unknown,p,Ba8Ga16.4Ge27.9,10.1016/j.jallcom.2017.06.110,,0.9164265,1.2752395353508323,0.9287250600789526,0.16973598388387298,0.15752485218158221,False,True,False,60,yes,yes,high-ZT false positive; important candidate for paper; high predicted ZT; carried from Step14,https://doi.org/10.1016/j.jallcom.2017.06.110
10.1016_j.jallcom.2017.06.110__sample_2306,false_positive,1.0,unknown,p,Ba8Ga16.6Ge28.7,10.1016/j.jallcom.2017.06.110,,0.3948127,1.2436793167134894,1.1420306284949502,0.09911309915850867,0.13457217505946448,False,True,False,60,yes,yes,high-ZT false positive; important candidate for paper; high predicted ZT; carried from Step14,https://doi.org/10.1016/j.jallcom.2017.06.110
10.1016_j.jallcom.2017.06.110__sample_2307,true_positive,1.0,unknown,p,Ba8Ga16.6Ge29.8,10.1016/j.jallcom.2017.06.110,,,1.092438735541709,1.0354483529288363,,0.1836149894289539,False,True,False,30,no,yes,high predicted ZT,https://doi.org/10.1016/j.jallcom.2017.06.110
10.1016_j.jallcom.2017.06.296__sample_2753,true_positive,1.0,unknown,n,PbTe0.997I0.003,10.1016/j.jallcom.2017.06.296,,1.004167,1.2935281508532017,1.022641596030074,,0.28565911397430044,False,True,True,75,yes,yes,high observed ZT; important candidate for paper; high predicted ZT,https://doi.org/10.1016/j.jallcom.2017.06.296
10.1016_j.jallcom.2017.06.296__sample_2754,false_positive,1.0,unknown,n,PbTe0.9964I0.0036,10.1016/j.jallcom.2017.06.296,,,1.2017055608924876,0.9668134631178492,,0.25594418248435635,False,True,True,35,no,yes,high predicted ZT,https://doi.org/10.1016/j.jallcom.2017.06.296
10.1016_j.jallcom.2017.06.296__sample_2755,false_positive,1.0,unknown,n,PbTe0.9958I0.0042,10.1016/j.jallcom.2017.06.296,,0.8958333,1.4405742406986617,0.8227544952455199,,0.750916280644297,False,True,True,75,yes,yes,high-ZT false positive; important candidate for paper; high predicted ZT; carried from Step14,https://doi.org/10.1016/j.jallcom.2017.06.296
10.1016_j.jallcom.2017.06.296__sample_2756,true_positive,1.0,unknown,n,PbTe0.997I0.003,10.1016/j.jallcom.2017.06.296,,1.041651,1.2838767605818713,1.0787315948261955,0.34602616456681035,0.22018818801642395,False,True,True,65,yes,yes,high observed ZT; important candidate for paper; high predicted ZT,https://doi.org/10.1016/j.jallcom.2017.06.296
10.1016_j.jallcom.2017.06.296__sample_2757,false_positive,1.0,unknown,n,PbTe0.992Se0.05I0.003,10.1016/j.jallcom.2017.06.296,,0.9028798,1.3226368466984513,0.6785268547413705,0.9661606315597766,0.9492770808645323,False,True,True,75,yes,yes,high-ZT false positive; important candidate for paper; high predicted ZT; carried from Step14,https://doi.org/10.1016/j.jallcom.2017.06.296
10.1016_j.jallcom.2017.06.296__sample_2763,true_positive,1.0,unknown,n,Pb0.99Sn0.01Te0.997I0.003,10.1016/j.jallcom.2017.06.296,,1.095652,1.5607802398485953,0.8427755818552772,,0.8519523743351821,False,True,True,75,yes,yes,high observed ZT; important candidate for paper; high predicted ZT,https://doi.org/10.1016/j.jallcom.2017.06.296
10.1016_j.jallcom.2017.06.296__sample_2765,false_positive,1.0,unknown,n,Pb0.96Sn0.04Te0.997I0.003,10.1016/j.jallcom.2017.06.296,,,1.6262628355764221,0.8197942182024712,,0.687266153293756,False,True,True,35,no,yes,high predicted ZT,https://doi.org/10.1016/j.jallcom.2017.06.296
10.1016_j.jallcom.2017.06.296__sample_2769,false_negative,1.0,unknown,n,Pb0.995Sn0.005Te0.997I0.003,10.1016/j.jallcom.2017.06.296,,1.008658,0.37494954566058386,0.4588565606760202,0.3898876926690442,0.3631229463419559,False,True,True,100,yes,yes,high observed ZT; high-ZT false negative; important candidate for paper; carried from Step14,https://doi.org/10.1016/j.jallcom.2017.06.296
10.1016_j.jallcom.2017.06.296__sample_2771,true_positive,1.0,unknown,n,Pb0.995Sn0.005Te0.847Se0.15I0.003,10.1016/j.jallcom.2017.06.296,,1.200913,2.1719253524490134,1.2648393486899487,0.45914511581296946,0.514059902700678,False,True,True,65,yes,yes,high observed ZT; important candidate for paper; high predicted ZT,https://doi.org/10.1016/j.jallcom.2017.06.296
10.1016_j.jallcom.2017.07.193__sample_2696,false_positive,1.0,unknown,n,PbTe0.94Se0.06,10.1016/j.jallcom.2017.07.193,,0.9669049,1.1240867976452482,0.9640639880785794,0.08218180365729615,0.10713317763984528,False,True,True,65,yes,yes,high-ZT false positive; important candidate for paper; high predicted ZT; carried from Step14,https://doi.org/10.1016/j.jallcom.2017.07.193
10.1016_j.jallcom.2017.12.341__sample_43020,false_positive,1.0,unknown,n,Mg2Si0.35Sn0.65Sb0.0075,10.1016/j.jallcom.2017.12.341,,0.7240214,1.2313535503801478,1.1911537800562406,,0.03374859820535444,False,True,True,75,yes,yes,high-ZT false positive; important candidate for paper; high predicted ZT; carried from Step14,https://doi.org/10.1016/j.jallcom.2017.12.341
10.1016_j.jallcom.2018.08.291__sample_41604,false_positive,1.0,unknown,p,Cu2Se,10.1016/j.jallcom.2018.08.291,,0.7563946,1.0771154787803614,0.7586138635133031,0.235279318764556,0.26950449366826745,False,True,True,65,yes,yes,high-ZT false positive; important candidate for paper; high predicted ZT; carried from Step14,https://doi.org/10.1016/j.jallcom.2018.08.291
10.1016_j.jallcom.2018.08.291__sample_41605,false_positive,1.0,unknown,p,Cu2Se0.98I0.02,10.1016/j.jallcom.2018.08.291,,0.6961023,1.139015034301349,0.8192963024681639,0.03179748846754,0.19913768225157286,False,True,True,75,yes,yes,high-ZT false positive; important candidate for paper; high predicted ZT; carried from Step14,https://doi.org/10.1016/j.jallcom.2018.08.291
10.1016_j.jallcom.2018.08.291__sample_41606,true_positive,1.0,unknown,p,Cu2Se0.97I0.03,10.1016/j.jallcom.2018.08.291,,1.138246,1.6989722247496866,1.1362875505998096,0.41611020931780685,0.28103246217487704,False,True,True,65,yes,yes,high observed ZT; important candidate for paper; high predicted ZT,https://doi.org/10.1016/j.jallcom.2018.08.291
10.1016_j.jallcom.2018.08.291__sample_41607,false_positive,1.0,unknown,p,Cu2Se0.96I0.04,10.1016/j.jallcom.2018.08.291,,0.7107186,1.000689741754761,0.7111069628802809,0.1791037709818728,0.18350467553340458,False,True,True,65,yes,yes,high-ZT false positive; important candidate for paper; high predicted ZT; carried from Step14,https://doi.org/10.1016/j.jallcom.2018.08.291
10.1016_j.jallcom.2018.10.209__sample_40339,true_positive,1.0,unknown,p,Mn30.4Re6.0Si63.6,10.1016/j.jallcom.2018.10.209,,1.041284,1.1520729426845682,1.0502047509701335,0.19178075785547458,0.19012944306610088,False,True,False,60,yes,yes,high observed ZT; important candidate for paper; high predicted ZT,https://doi.org/10.1016/j.jallcom.2018.10.209
10.1016_j.jallcom.2018.10.408__sample_41731,true_positive,1.0,unknown,p,(Bi0.5Sb1.5Te3)88.51(TeO2)11.49,10.1016/j.jallcom.2018.10.408,,1.067692,1.053551652529081,1.06162553660879,0.03877865968596601,0.043608087149718776,False,True,True,65,yes,yes,high observed ZT; important candidate for paper; high predicted ZT,https://doi.org/10.1016/j.jallcom.2018.10.408
10.1016_j.jallcom.2019.07.120__sample_39033,true_positive,1.0,unknown,p,GeTe,10.1016/j.jallcom.2019.07.120,,1.109299,359582.11729109305,362688.9116380345,995765.629518542,0.0137166919431463,False,True,True,140,yes,yes,high observed ZT; large ZT prediction error; important candidate for paper; high predicted ZT; carried from Step14,https://doi.org/10.1016/j.jallcom.2019.07.120
10.1016_j.jallcom.2019.07.120__sample_39034,true_positive,1.0,unknown,p,Ge0.99Bi0.01Te,10.1016/j.jallcom.2019.07.120,,1.27711,45570.187050503184,68617.90916328113,730689.5285852143,0.33588493723896884,False,True,True,140,yes,yes,high observed ZT; large ZT prediction error; important candidate for paper; high predicted ZT; carried from Step14,https://doi.org/10.1016/j.jallcom.2019.07.120
10.1016_j.jallcom.2019.07.120__sample_39035,true_positive,1.0,unknown,p,Ge0.97Bi0.03Te,10.1016/j.jallcom.2019.07.120,,1.451703,1281280.6346554426,1123082.1862875894,989777.5826696432,0.12182642734895725,False,True,True,130,yes,yes,high observed ZT; large ZT prediction error; important candidate for paper; high predicted ZT; carried from Step14,https://doi.org/10.1016/j.jallcom.2019.07.120
10.1016_j.jallcom.2019.07.120__sample_39044,true_positive,1.0,unknown,p,Ge0.93Bi0.07Te,10.1016/j.jallcom.2019.07.120,,1.653943,1108837.076947821,1184554.9088897316,936371.4650088288,0.09479138592169511,False,True,True,130,yes,yes,high observed ZT; large ZT prediction error; important candidate for paper; high predicted ZT; carried from Step14,https://doi.org/10.1016/j.jallcom.2019.07.120
10.1016_j.jallcom.2019.07.120__sample_39045,true_positive,1.0,unknown,p,Ge0.91Bi0.09Te,10.1016/j.jallcom.2019.07.120,,1.285882,861783.2517567736,940374.828960466,1068652.5859785096,0.1295093305975737,False,True,True,130,yes,yes,high observed ZT; large ZT prediction error; important candidate for paper; high predicted ZT; carried from Step14,https://doi.org/10.1016/j.jallcom.2019.07.120
10.1016_j.jallcom.2019.07.120__sample_39046,true_positive,1.0,unknown,p,Ge0.89Bi0.11Te,10.1016/j.jallcom.2019.07.120,,1.193684,778109.9088079438,1173403.0951143578,1313125.0398180478,0.454361721543331,False,True,True,130,yes,yes,high observed ZT; large ZT prediction error; important candidate for paper; high predicted ZT; carried from Step14,https://doi.org/10.1016/j.jallcom.2019.07.120
10.1016_j.jallcom.2019.07.120__sample_39213,false_negative,1.0,unknown,p,GeTe,10.1016/j.jallcom.2019.07.120,,1.108244,0.7065552025056394,0.6004177607675827,0.15221083021050769,0.16688007907924182,False,True,True,90,yes,yes,high observed ZT; high-ZT false negative; important candidate for paper; carried from Step14,https://doi.org/10.1016/j.jallcom.2019.07.120
10.1016_j.jallcom.2019.07.120__sample_39295,false_negative,1.0,unknown,p,Ge0.97Bi0.03Te,10.1016/j.jallcom.2019.07.120,,1.45369,0.6597083881991587,0.6514168683352024,0.14778959736951805,0.15856077999737495,False,True,True,90,yes,yes,high observed ZT; high-ZT false negative; important candidate for paper; carried from Step14,https://doi.org/10.1016/j.jallcom.2019.07.120
10.1016_j.jallcom.2019.07.120__sample_39342,false_negative,1.0,unknown,p,Ge0.95Bi0.05Te,10.1016/j.jallcom.2019.07.120,,1.545962,0.8066877238236204,0.7949846087736143,0.159965403332972,0.16104685468049357,False,True,True,90,yes,yes,high observed ZT; high-ZT false negative; important candidate for paper; carried from Step14,https://doi.org/10.1016/j.jallcom.2019.07.120
10.1016_j.jallcom.2019.07.120__sample_39343,false_negative,1.0,unknown,p,Ge0.93Bi0.07Te,10.1016/j.jallcom.2019.07.120,,1.613189,0.8493977178814094,0.867298682000653,0.048755054125121225,0.11502739592021842,False,True,True,100,yes,yes,high observed ZT; high-ZT false negative; important candidate for paper; carried from Step14,https://doi.org/10.1016/j.jallcom.2019.07.120
10.1016_j.jallcom.2019.07.120__sample_39344,false_negative,1.0,unknown,p,GeTe,10.1016/j.jallcom.2019.07.120,,1.491939,0.29780330469610927,0.3162844164336892,0.2601893504472949,0.2301916209761176,False,True,True,90,yes,yes,high observed ZT; high-ZT false negative; important candidate for paper; carried from Step14,https://doi.org/10.1016/j.jallcom.2019.07.120
10.1016_j.jallcom.2019.07.120__sample_39345,true_positive,1.0,unknown,p,Ge0.97Bi0.03Te,10.1016/j.jallcom.2019.07.120,,1.825665,3.1118994438635053,1.8149421158341503,0.45046728563149224,0.624689510511851,False,True,True,75,yes,yes,high observed ZT; important candidate for paper; high predicted ZT,https://doi.org/10.1016/j.jallcom.2019.07.120
10.1016_j.jallcom.2019.07.120__sample_39346,true_positive,1.0,unknown,p,Ge0.95Bi0.05Te,10.1016/j.jallcom.2019.07.120,,1.780928,2.5586882785429013,1.7878635952686026,0.4137698653858196,0.4489751957070665,False,True,True,75,yes,yes,high observed ZT; important candidate for paper; high predicted ZT,https://doi.org/10.1016/j.jallcom.2019.07.120
10.1016_j.jallcom.2019.07.120__sample_39347,true_positive,1.0,unknown,p,Ge0.93Bi0.07Te,10.1016/j.jallcom.2019.07.120,,1.815133,2.498783040456067,1.8615109401387828,0.23186010783258815,0.24132916802825632,False,True,True,65,yes,yes,high observed ZT; important candidate for paper; high predicted ZT,https://doi.org/10.1016/j.jallcom.2019.07.120
10.1016_j.jallcom.2019.07.120__sample_39413,true_positive,1.0,unknown,p,Ge0.93Bi0.07Te,10.1016/j.jallcom.2019.07.120,,1.918441,2.5690610139815404,1.891167114930396,0.17838626772551103,0.18973459192313868,False,True,True,65,yes,yes,high observed ZT; important candidate for paper; high predicted ZT,https://doi.org/10.1016/j.jallcom.2019.07.120
10.1016_j.jallcom.2019.07.120__sample_39414,true_positive,1.0,unknown,p,Ge0.93Bi0.07Te,10.1016/j.jallcom.2019.07.120,,1.759419,1.4670378633888206,1.0834591941472191,0.2873396767796165,0.2846503254144074,False,True,True,65,yes,yes,high observed ZT; important candidate for paper; high predicted ZT,https://doi.org/10.1016/j.jallcom.2019.07.120
10.1016_j.jallcom.2019.07.189__sample_43804,true_positive,1.0,unknown,n,Te0.25Co4Sb11.75Te0.25,10.1016/j.jallcom.2019.07.189,,1.026696,1.094131160319887,1.006853064078851,0.03943885484728398,0.03788482352500046,False,True,True,65,yes,yes,high observed ZT; important candidate for paper; high predicted ZT,https://doi.org/10.1016/j.jallcom.2019.07.189
10.1016_j.jallcom.2019.152272__sample_35194,true_positive,1.0,unknown,n,Yb0.3Ca0.1Al0.1Ga0.1In0.1Co3.75Fe0.25Sb12,10.1016/j.jallcom.2019.152272,,1.160291,1.2261481157298628,1.1688133269370675,0.04974159840841277,0.04719188154696131,False,True,True,65,yes,yes,high observed ZT; important candidate for paper; high predicted ZT,https://doi.org/10.1016/j.jallcom.2019.152272
10.1016_j.jallcom.2019.152272__sample_35195,true_positive,1.0,unknown,n,Yb0.2Ba0.1Al0.1Ga0.1In0.1La0.05Eu0.05Co3.75Fe0.25Sb12,10.1016/j.jallcom.2019.152272,,1.220222,1.300438614995234,1.2218967071017208,0.042053232610067055,0.040410782884983065,False,True,True,65,yes,yes,high observed ZT; important candidate for paper; high predicted ZT,https://doi.org/10.1016/j.jallcom.2019.152272
10.1016_j.jallcom.2019.152272__sample_35196,true_positive,1.0,unknown,n,Yb0.2Ba0.1Al0.1Ga0.1In0.1La0.05Eu0.05Co4Sb12,10.1016/j.jallcom.2019.152272,,1.221719,1.2686740085337427,1.2297295452186283,0.04004712160908781,0.03893234446296761,False,True,True,65,yes,yes,high observed ZT; important candidate for paper; high predicted ZT,https://doi.org/10.1016/j.jallcom.2019.152272
10.1016_j.jallcom.2019.152463__sample_35201,false_positive,1.0,unknown,n,Pb0.985Sb0.015Te,10.1016/j.jallcom.2019.152463,,0.9583893,1.8644810677183674,0.9437299603640968,0.5170289975017969,0.5279279150484494,False,True,True,65,yes,yes,high-ZT false positive; important candidate for paper; high predicted ZT; carried from Step14,https://doi.org/10.1016/j.jallcom.2019.152463
10.1016_j.jallcom.2019.152463__sample_35202,false_positive,1.0,unknown,n,Pb0.98Sb0.02Te,10.1016/j.jallcom.2019.152463,,0.9302013,1.768668659561196,0.8963971047421994,0.5042908370839012,0.5198066342031301,False,True,True,65,yes,yes,high-ZT false positive; important candidate for paper; high predicted ZT; carried from Step14,https://doi.org/10.1016/j.jallcom.2019.152463
10.1016_j.jallcom.2019.152463__sample_35203,false_positive,1.0,unknown,n,Pb0.975Sb0.025Te,10.1016/j.jallcom.2019.152463,,0.9161074,1.768149545981387,0.9071063413392412,0.47008769178604054,0.46833325513047813,False,True,True,65,yes,yes,high-ZT false positive; important candidate for paper; high predicted ZT; carried from Step14,https://doi.org/10.1016/j.jallcom.2019.152463
10.1016_j.jallcom.2019.152463__sample_35217,false_positive,1.0,unknown,n,PbTe,10.1016/j.jallcom.2019.152463,,0.999502,2.0038043780603894,0.995530585483472,0.5151039821562894,0.5174074449622289,False,True,True,65,yes,yes,high-ZT false positive; important candidate for paper; high predicted ZT; carried from Step14,https://doi.org/10.1016/j.jallcom.2019.152463
10.1016_j.jallcom.2019.152463__sample_35218,true_positive,1.0,unknown,n,(PbTe)(AgSbTe2)0.01,10.1016/j.jallcom.2019.152463,,1.057949,2.0985414986348507,1.09979105296288,0.427464336283618,0.5019399123121481,False,True,True,65,yes,yes,high observed ZT; important candidate for paper; high predicted ZT,https://doi.org/10.1016/j.jallcom.2019.152463
10.1016_j.jallcom.2019.152463__sample_35220,true_positive,1.0,unknown,n,(PbTe)(AgSbTe2)0.02,10.1016/j.jallcom.2019.152463,,1.175827,2.2695052810886964,1.1832711494196193,0.5090020787551108,0.5049237183199682,False,True,True,65,yes,yes,high observed ZT; important candidate for paper; high predicted ZT,https://doi.org/10.1016/j.jallcom.2019.152463
10.1016_j.jallcom.2019.152463__sample_35222,true_positive,1.0,unknown,n,(PbTe)(AgSbTe2)0.03,10.1016/j.jallcom.2019.152463,,1.054929,1.8481350712832338,1.1165258020913194,0.35320025458331256,0.3991836898150854,False,True,True,65,yes,yes,high observed ZT; important candidate for paper; high predicted ZT,https://doi.org/10.1016/j.jallcom.2019.152463
10.1016_j.jallcom.2019.152463__sample_35250,true_positive,1.0,unknown,n,PbTe,10.1016/j.jallcom.2019.152463,,1.001747,1.9630181985149273,1.0005760392929717,0.7155968348192103,0.7317014970074696,False,True,True,65,yes,yes,high observed ZT; important candidate for paper; high predicted ZT,https://doi.org/10.1016/j.jallcom.2019.152463
10.1016_j.jallcom.2019.152463__sample_35251,true_positive,1.0,unknown,n,(PbTe)(AgSbSe2)0.01,10.1016/j.jallcom.2019.152463,,1.178275,1.9234015562551259,1.1516751054095782,0.5197829604095477,0.45087806156195487,False,True,True,65,yes,yes,high observed ZT; important candidate for paper; high predicted ZT,https://doi.org/10.1016/j.jallcom.2019.152463
10.1016_j.jallcom.2019.152463__sample_35253,true_positive,1.0,unknown,n,(PbTe)(AgSbSe2)0.03,10.1016/j.jallcom.2019.152463,,1.022911,1.4054908139942932,0.9914546534253094,0.28228261563388096,0.3114631618701517,False,True,True,65,yes,yes,high observed ZT; important candidate for paper; high predicted ZT,https://doi.org/10.1016/j.jallcom.2019.152463
10.1016_j.jallcom.2019.153182__sample_29407,true_positive,1.0,unknown,n,Si0.8Ge0.2,10.1016/j.jallcom.2019.153182,,,1.0396254084053296,1.2627390450241178,,0.44947085637234097,False,True,False,30,no,yes,high predicted ZT,https://doi.org/10.1016/j.jallcom.2019.153182
10.1016_j.jallcom.2019.153182__sample_29408,false_positive,1.0,unknown,n,Si0.8Ge0.2,10.1016/j.jallcom.2019.153182,,0.4937984,1.3187814260348913,1.5458034391753144,8.347404910610045,0.3007813258800286,False,True,False,95,yes,yes,high-ZT false positive; important candidate for paper; high predicted ZT; carried from Step14,https://doi.org/10.1016/j.jallcom.2019.153182
10.1016_j.jallcom.2019.153284__sample_34307,true_positive,1.0,unknown,p,Bi0.5Sb1.5Te3,10.1016/j.jallcom.2019.153284,,1.298439,1.3489220943440898,1.2912375586862326,0.035060688631808515,0.03982673335517837,False,True,True,65,yes,yes,high observed ZT; important candidate for paper; high predicted ZT,https://doi.org/10.1016/j.jallcom.2019.153284
10.1016_j.jallcom.2019.153284__sample_34308,true_positive,1.0,unknown,p,Bi0.5Sb1.5Te3,10.1016/j.jallcom.2019.153284,,1.290238,1.3202672316463617,1.2930137771605352,0.0410737887663579,0.04028051779730229,False,True,True,65,yes,yes,high observed ZT; important candidate for paper; high predicted ZT,https://doi.org/10.1016/j.jallcom.2019.153284
10.1016_j.jallcom.2019.153284__sample_34309,true_positive,1.0,unknown,p,Bi0.5Sb1.5Te3,10.1016/j.jallcom.2019.153284,,1.170681,1.2243420131706375,1.168142864181147,0.08832142786993934,0.08687869608237689,False,True,True,65,yes,yes,high observed ZT; important candidate for paper; high predicted ZT,https://doi.org/10.1016/j.jallcom.2019.153284
10.1016_j.jallcom.2019.153284__sample_34310,true_positive,1.0,unknown,p,Bi0.5Sb1.5Te3,10.1016/j.jallcom.2019.153284,,1.269527,1.298949893978629,1.2664996214174389,0.03412601121321622,0.035002668461912974,False,True,True,65,yes,yes,high observed ZT; important candidate for paper; high predicted ZT,https://doi.org/10.1016/j.jallcom.2019.153284
10.1016_j.jallcom.2019.153284__sample_34311,true_positive,1.0,unknown,p,Bi0.5Sb1.5Te3,10.1016/j.jallcom.2019.153284,,1.403283,1.4034941292509842,1.399103858260957,0.04237231728098699,0.04173421777815985,False,True,True,65,yes,yes,high observed ZT; important candidate for paper; high predicted ZT,https://doi.org/10.1016/j.jallcom.2019.153284
10.1016_j.jallcom.2019.153453__sample_29503,false_positive,1.0,unknown,p,Pb0.98Na0.02S,10.1016/j.jallcom.2019.153453,,0.6770797,1.279835916939649,0.6934749680680359,0.6522252210165773,0.4409095669802255,False,False,True,70,yes,yes,high-ZT false positive; important candidate for paper; high predicted ZT; carried from Step14,https://doi.org/10.1016/j.jallcom.2019.153453
10.1016_j.jallcom.2019.153453__sample_29513,false_positive,1.0,unknown,p,Pb0.98Na0.02S,10.1016/j.jallcom.2019.153453,,0.3193618,1.217961189069711,0.6690717895476814,0.23251781220012155,0.3802808267763417,False,False,True,60,yes,yes,high-ZT false positive; important candidate for paper; high predicted ZT; carried from Step14,https://doi.org/10.1016/j.jallcom.2019.153453
10.1016_j.jallcom.2019.153453__sample_29514,false_positive,1.0,unknown,p,Pb0.98Na0.02S(Cu2S)0.01,10.1016/j.jallcom.2019.153453,,0.7096835,1.661726765869371,0.7150270725437312,0.44663518043141937,0.5730726892069614,False,False,True,60,yes,yes,high-ZT false positive; important candidate for paper; high predicted ZT; carried from Step14,https://doi.org/10.1016/j.jallcom.2019.153453
10.1016_j.jallcom.2019.153453__sample_29515,false_positive,1.0,unknown,p,Pb0.98Na0.02S(Cu2S)0.015,10.1016/j.jallcom.2019.153453,,0.7770254,2.1415875458902898,0.877143720009192,0.5433092439701709,0.6470904423001571,False,False,True,60,yes,yes,high-ZT false positive; important candidate for paper; high predicted ZT; carried from Step14,https://doi.org/10.1016/j.jallcom.2019.153453
10.1016_j.jallcom.2019.153453__sample_29516,false_positive,1.0,unknown,p,Pb0.98Na0.02S(Cu2S)0.02,10.1016/j.jallcom.2019.153453,,0.7092324,3.777598431620369,1.085632629164583,0.501295692610118,0.8201889107134732,False,False,True,60,yes,yes,high-ZT false positive; important candidate for paper; high predicted ZT; carried from Step14,https://doi.org/10.1016/j.jallcom.2019.153453
10.1016_j.jallcom.2019.153453__sample_29517,false_positive,1.0,unknown,p,Pb0.98Na0.02S(Cu2S)0.025,10.1016/j.jallcom.2019.153453,,0.9932349,3.6176141908120827,0.9027623307111956,0.8231915219356265,0.8923879275030278,False,False,True,60,yes,yes,high-ZT false positive; important candidate for paper; high predicted ZT; carried from Step14,https://doi.org/10.1016/j.jallcom.2019.153453
10.1016_j.jallcom.2020.153863__sample_28862,false_positive,1.0,unknown,n,PbTe0.998I0.002,10.1016/j.jallcom.2020.153863,,0.9570337,1.988091409451359,0.9316324703000112,0.41799524758729156,0.43075679761535063,False,True,True,65,yes,yes,high-ZT false positive; important candidate for paper; high predicted ZT; carried from Step14,https://doi.org/10.1016/j.jallcom.2020.153863
10.1016_j.jallcom.2020.153863__sample_28863,false_positive,1.0,unknown,n,PbTe0.998I0.002C0.03,10.1016/j.jallcom.2020.153863,,0.9083849,2.128712572076132,0.8781234585060592,0.5011738707919681,0.519723640792067,False,True,True,65,yes,yes,high-ZT false positive; important candidate for paper; high predicted ZT; carried from Step14,https://doi.org/10.1016/j.jallcom.2020.153863
10.1016_j.jallcom.2020.153863__sample_28864,false_negative,1.0,unknown,n,PbTe0.998I0.002C0.06,10.1016/j.jallcom.2020.153863,,1.005682,0.8520108384249758,0.794712674425649,0.32490462711962037,0.3033162222757434,False,True,True,90,yes,yes,high observed ZT; high-ZT false negative; important candidate for paper; carried from Step14,https://doi.org/10.1016/j.jallcom.2020.153863
10.1016_j.jallcom.2020.153863__sample_28865,true_positive,1.0,unknown,n,PbTe0.998I0.002C0.08,10.1016/j.jallcom.2020.153863,,1.073781,2.315109750904762,1.033729333379982,0.5298777476145672,0.5576708361891489,False,True,True,65,yes,yes,high observed ZT; important candidate for paper; high predicted ZT,https://doi.org/10.1016/j.jallcom.2020.153863
10.1016_j.jallcom.2020.153863__sample_28866,true_positive,1.0,unknown,n,PbTe0.998I0.002C0.11,10.1016/j.jallcom.2020.153863,,1.141889,1.5079604429232896,1.0292227664482887,0.3190541601443243,0.2995806597316003,False,True,True,65,yes,yes,high observed ZT; important candidate for paper; high predicted ZT,https://doi.org/10.1016/j.jallcom.2020.153863
10.1016_j.jallcom.2020.153863__sample_28867,true_positive,1.0,unknown,n,PbTe0.998I0.002C0.14,10.1016/j.jallcom.2020.153863,,1.290713,2.3554848525069914,1.249720598099418,0.32575357073256234,0.34487231686056663,False,True,True,65,yes,yes,high observed ZT; important candidate for paper; high predicted ZT,https://doi.org/10.1016/j.jallcom.2020.153863
10.1016_j.jallcom.2020.153869__sample_28868,false_negative,1.0,unknown,p,SnSe,10.1016/j.jallcom.2020.153869,,1.049083,0.1709479699571688,0.5018005197786397,0.6919546773665132,0.7097169095221263,False,True,True,90,yes,yes,high observed ZT; high-ZT false negative; important candidate for paper; carried from Step14,https://doi.org/10.1016/j.jallcom.2020.153869
10.1016_j.jallcom.2020.153933__sample_28490,false_positive,1.0,unknown,n,Mg2Si0.51Bi0.04Sn0.4Ge0.05,10.1016/j.jallcom.2020.153933,,0.92508,1.30780963354379,0.9189351723152756,0.1373972563136001,0.13304562072482967,False,True,False,60,yes,yes,high-ZT false positive; important candidate for paper; high predicted ZT; carried from Step14,https://doi.org/10.1016/j.jallcom.2020.153933
10.1016_j.jallcom.2020.153933__sample_28491,true_positive,1.0,unknown,n,Mg2Si0.5Bi0.05Sn0.4Ge0.05,10.1016/j.jallcom.2020.153933,,1.015518,1.3551731842701473,1.0194067081039284,0.10894689733522317,0.11168760586326151,False,True,False,60,yes,yes,high observed ZT; important candidate for paper; high predicted ZT,https://doi.org/10.1016/j.jallcom.2020.153933
10.1016_j.jallcom.2020.153933__sample_28492,true_positive,1.0,unknown,n,Mg2Si0.495Bi0.055Sn0.4Ge0.05,10.1016/j.jallcom.2020.153933,,1.143851,1.6157276259496935,1.1593959300730865,0.13753550262692704,0.1335531832674935,False,True,False,60,yes,yes,high observed ZT; important candidate for paper; high predicted ZT,https://doi.org/10.1016/j.jallcom.2020.153933
10.1016_j.jallcom.2020.153933__sample_28493,true_positive,1.0,unknown,n,Mg2Si0.49Bi0.06Sn0.4Ge0.05,10.1016/j.jallcom.2020.153933,,1.001522,1.3257510261835668,1.003917287603897,0.11424415043180533,0.11231798265158507,False,True,False,60,yes,yes,high observed ZT; important candidate for paper; high predicted ZT,https://doi.org/10.1016/j.jallcom.2020.153933
10.1016_j.jallcom.2020.153933__sample_28494,true_positive,1.0,unknown,n,Mg2Si0.53Bi0.02Sn0.4Ge0.05,10.1016/j.jallcom.2020.153933,,1.271215,1.850056914073002,1.2769552041690218,0.14395248240686118,0.14506130038422904,False,True,False,60,yes,yes,high observed ZT; important candidate for paper; high predicted ZT,https://doi.org/10.1016/j.jallcom.2020.153933
10.1016_j.jallcom.2020.154732__sample_28197,false_negative,1.0,unknown,p,Bi1.5Sb0.5Te2.7Se0.3,10.1016/j.jallcom.2020.154732,,1.048933,0.9248597637970436,1.073785317399146,0.09560861785510687,0.10786777138475101,False,True,True,90,yes,yes,high observed ZT; high-ZT false negative; important candidate for paper; carried from Step14,https://doi.org/10.1016/j.jallcom.2020.154732
10.1016_j.jallcom.2020.155181__sample_31078,true_positive,1.0,unknown,p,Sn0.69Pb0.3Zn0.01Te,10.1016/j.jallcom.2020.155181,,1.3455,1.7177023768483908,1.1559128707150623,0.4851077683802179,0.48601371294170154,False,True,True,75,yes,yes,high observed ZT; important candidate for paper; high predicted ZT,https://doi.org/10.1016/j.jallcom.2020.155181
10.1016_j.jallcom.2020.155473__sample_31164,false_positive,1.0,unknown,n,BiSb(Se0.94Br0.06)3,10.1016/j.jallcom.2020.155473,,0.8885788,1.0796882541695507,0.8653549373869773,0.07818239767350381,0.07416977790607004,False,True,True,65,yes,yes,high-ZT false positive; important candidate for paper; high predicted ZT; carried from Step14,https://doi.org/10.1016/j.jallcom.2020.155473
10.1016_j.jallcom.2020.155473__sample_31165,false_positive,1.0,unknown,n,BiSb(Se0.94Br0.06)3,10.1016/j.jallcom.2020.155473,,0.9752541,1.1934963952669067,0.9639631702785076,0.06683522710935805,0.06983542739245735,False,True,True,65,yes,yes,high-ZT false positive; important candidate for paper; high predicted ZT; carried from Step14,https://doi.org/10.1016/j.jallcom.2020.155473
10.1016_j.jallcom.2020.155804__sample_36302,false_negative,1.0,unknown,p,Bi0.5Sb1.5Te3,10.1016/j.jallcom.2020.155804,,1.085144,0.009915408323796438,0.0109034731218706,0.9899837358332559,0.08564610361084617,False,True,True,90,yes,yes,high observed ZT; high-ZT false negative; important candidate for paper; carried from Step14,https://doi.org/10.1016/j.jallcom.2020.155804
10.1016_j.jallcom.2020.155804__sample_36303,false_negative,1.0,unknown,p,Bi0.5Sb1.5Te3,10.1016/j.jallcom.2020.155804,,1.094132,0.009989290532554217,0.0106208635540314,0.98990576923755,0.07372341961695865,False,True,True,90,yes,yes,high observed ZT; high-ZT false negative; important candidate for paper; carried from Step14,https://doi.org/10.1016/j.jallcom.2020.155804
10.1016_j.jallcom.2020.155804__sample_36304,false_negative,1.0,unknown,p,Bi0.5Sb1.5Te3,10.1016/j.jallcom.2020.155804,,1.052041,0.010164796307994727,0.0105376608778379,0.9899300927978485,0.0906077108094119,False,True,True,90,yes,yes,high observed ZT; high-ZT false negative; important candidate for paper; carried from Step14,https://doi.org/10.1016/j.jallcom.2020.155804
10.1016_j.jallcom.2020.155804__sample_36305,false_negative,1.0,unknown,p,Bi0.5Sb1.5Te3,10.1016/j.jallcom.2020.155804,,1.0913,0.010889612217915914,0.0108962762332567,0.9899387560760624,0.09448338902789029,False,True,True,90,yes,yes,high observed ZT; high-ZT false negative; important candidate for paper; carried from Step14,https://doi.org/10.1016/j.jallcom.2020.155804
10.1016_j.jallcom.2020.155804__sample_36306,false_negative,1.0,unknown,p,Bi0.5Sb1.5Te3,10.1016/j.jallcom.2020.155804,,1.014763,0.010211796755773554,0.0101524385001191,0.989923015084527,0.09269482330173076,False,True,True,90,yes,yes,high observed ZT; high-ZT false negative; important candidate for paper; carried from Step14,https://doi.org/10.1016/j.jallcom.2020.155804
10.1016_j.jallcom.2020.156114__sample_38751,true_positive,1.0,unknown,p,Bi0.5Sb1.5Te3,10.1016/j.jallcom.2020.156114,,1.093937,1.0897717322461746,1.0970454469893998,0.07515506756346586,0.08178888444648214,False,True,True,65,yes,yes,high observed ZT; important candidate for paper; high predicted ZT,https://doi.org/10.1016/j.jallcom.2020.156114
10.1016_j.jallcom.2020.156114__sample_38753,true_positive,1.0,unknown,p,Bi0.5Sb1.5Te3,10.1016/j.jallcom.2020.156114,,1.105647,1.1151639294269373,1.0972631246176496,0.07328040886852158,0.07219068393740735,False,True,True,65,yes,yes,high observed ZT; important candidate for paper; high predicted ZT,https://doi.org/10.1016/j.jallcom.2020.156114
10.1016_j.jallcom.2020.156114__sample_38754,true_positive,1.0,unknown,p,Bi0.5Sb1.5Te3,10.1016/j.jallcom.2020.156114,,1.116314,1.1023374342221208,1.1161831562825837,0.07533979390016547,0.070170384822434,False,True,True,65,yes,yes,high observed ZT; important candidate for paper; high predicted ZT,https://doi.org/10.1016/j.jallcom.2020.156114
10.1016_j.jallcom.2020.156114__sample_38755,true_positive,1.0,unknown,p,Bi0.5Sb1.5Te3,10.1016/j.jallcom.2020.156114,,1.191912,1.1936791266751965,1.1894706853440131,0.07823648804618034,0.08041546401815503,False,True,True,65,yes,yes,high observed ZT; important candidate for paper; high predicted ZT,https://doi.org/10.1016/j.jallcom.2020.156114
10.1016_j.jallcom.2020.156972__sample_38660,false_positive,1.0,unknown,p,(Bi2Te3)0.0009Cu1.8S,10.1016/j.jallcom.2020.156972,,0.9425261,1.437954210315186,0.9645207696887595,0.18641326763282084,0.17518353511205748,False,True,True,65,yes,yes,high-ZT false positive; important candidate for paper; high predicted ZT; carried from Step14,https://doi.org/10.1016/j.jallcom.2020.156972
10.1016_j.jallcom.2020.156972__sample_38661,true_positive,1.0,unknown,p,(Bi2Te3)0.0018Cu1.8S,10.1016/j.jallcom.2020.156972,,1.068527,1.8701490653634127,1.1269897095062094,0.23636354833840395,0.20470762862113084,False,True,True,65,yes,yes,high observed ZT; important candidate for paper; high predicted ZT,https://doi.org/10.1016/j.jallcom.2020.156972
10.1016_j.jallcom.2020.156972__sample_38662,false_positive,1.0,unknown,p,(Bi2Te3)0.0056Cu1.8S,10.1016/j.jallcom.2020.156972,,0.8695249,1.4094461449261986,0.8888694015817132,0.1776517173131711,0.1987517244782416,False,True,True,65,yes,yes,high-ZT false positive; important candidate for paper; high predicted ZT; carried from Step14,https://doi.org/10.1016/j.jallcom.2020.156972
10.1016_j.jallcom.2020.156972__sample_38663,false_positive,1.0,unknown,p,(Bi2Te3)0.01Cu1.8S,10.1016/j.jallcom.2020.156972,,0.7857136,1.6673211354121922,0.7915205744099476,0.31327584434252503,0.29283450949863166,False,True,True,65,yes,yes,high-ZT false positive; important candidate for paper; high predicted ZT; carried from Step14,https://doi.org/10.1016/j.jallcom.2020.156972
10.1016_j.jallcom.2020.157094__sample_38599,false_positive,1.0,unknown,n,CuAgSe,10.1016/j.jallcom.2020.157094,,0.6999954,2.350980343236382,0.6462415368246381,2.0153619681533974,1.939235722227029,False,True,True,110,yes,yes,high-ZT false positive; important candidate for paper; high predicted ZT; carried from Step14,https://doi.org/10.1016/j.jallcom.2020.157094
10.1016_j.jallcom.2020.157094__sample_38601,false_positive,1.0,unknown,p,CuAgSe,10.1016/j.jallcom.2020.157094,,0.5627515,1.1404466105041193,0.5598842648215846,0.7247835921660732,0.6407298744215281,False,True,True,65,yes,yes,high-ZT false positive; important candidate for paper; high predicted ZT; carried from Step14,https://doi.org/10.1016/j.jallcom.2020.157094
10.1016_j.jallcom.2020.157094__sample_38602,false_positive,1.0,unknown,n,Ni0.02CuAgSe,10.1016/j.jallcom.2020.157094,,0.4373842,2.01298846074094,0.4757748384262878,1.5885354947287695,2.063049347062323,False,True,True,120,yes,yes,high-ZT false positive; important candidate for paper; high predicted ZT; carried from Step14,https://doi.org/10.1016/j.jallcom.2020.157094
10.1016_j.jallcom.2020.157094__sample_38603,false_positive,1.0,unknown,n,Co0.02CuAgSe,10.1016/j.jallcom.2020.157094,,0.5393882,1.9006430648222592,0.5099299549393309,1.8484293132398755,2.068712956273074,False,True,True,120,yes,yes,high-ZT false positive; important candidate for paper; high predicted ZT; carried from Step14,https://doi.org/10.1016/j.jallcom.2020.157094
10.1016_j.jallcom.2020.157094__sample_38604,false_positive,1.0,unknown,n,Zn0.02CuAgSe,10.1016/j.jallcom.2020.157094,,0.6781133,2.1571880786714037,0.6802082237229824,1.6546144405970062,1.901398378485891,False,True,True,110,yes,yes,high-ZT false positive; important candidate for paper; high predicted ZT; carried from Step14,https://doi.org/10.1016/j.jallcom.2020.157094
10.1016_j.jallcom.2020.157351__sample_40048,false_positive,1.0,unknown,n,Mg1.963(Si0.5Sn0.5)0.90Sb0.10,10.1016/j.jallcom.2020.157351,,0.8923818,1.0453897066018507,0.9069986805305892,0.08861480211016697,0.08771791157218234,False,True,True,65,yes,yes,high-ZT false positive; important candidate for paper; high predicted ZT; carried from Step14,https://doi.org/10.1016/j.jallcom.2020.157351
10.1016_j.jallcom.2020.157351__sample_40049,true_positive,1.0,unknown,n,Mg1.958(Si0.5Sn0.5)0.90Sb0.10,10.1016/j.jallcom.2020.157351,,1.020587,1.0683937992378247,1.0076953874875236,0.08841840599832519,0.08617526781073705,False,True,True,65,yes,yes,high observed ZT; important candidate for paper; high predicted ZT,https://doi.org/10.1016/j.jallcom.2020.157351
10.1016_j.jallcom.2020.157788__sample_40190,false_positive,1.0,unknown,n,(Pb0.995Bi0.005S)(Pb0.067Cl0.134),10.1016/j.jallcom.2020.157788,,0.7532067,1.4901389668379788,0.7397277991321276,0.3920269016850492,0.39394335865099755,False,True,True,65,yes,yes,high-ZT false positive; important candidate for paper; high predicted ZT; carried from Step14,https://doi.org/10.1016/j.jallcom.2020.157788
10.1016_j.jallcom.2020.157788__sample_40191,false_positive,1.0,unknown,n,(Pb0.99Bi0.01S)(Pb0.067Cl0.134),10.1016/j.jallcom.2020.157788,,0.7988323,1.5665423565669467,0.7952737998999483,0.36831340075402735,0.37344448518602036,False,True,True,65,yes,yes,high-ZT false positive; important candidate for paper; high predicted ZT; carried from Step14,https://doi.org/10.1016/j.jallcom.2020.157788
10.1016_j.jallcom.2020.158355__sample_39595,false_positive,1.0,unknown,n,Pb0.995Sb0.005Te,10.1016/j.jallcom.2020.158355,,0.9686749,1.5866483385519023,0.984881812492892,0.322718504507584,0.30604088712770217,False,True,True,65,yes,yes,high-ZT false positive; important candidate for paper; high predicted ZT; carried from Step14,https://doi.org/10.1016/j.jallcom.2020.158355
10.1016_j.jallcom.2020.158355__sample_39596,true_positive,1.0,unknown,n,Pb0.99Sb0.01Te,10.1016/j.jallcom.2020.158355,,1.092261,1.850493091075647,1.1068969576282668,0.3265099350356186,0.32893745610287306,False,True,True,65,yes,yes,high observed ZT; important candidate for paper; high predicted ZT,https://doi.org/10.1016/j.jallcom.2020.158355
10.1016_j.jallcom.2020.158355__sample_39597,true_positive,1.0,unknown,n,Pb0.98Sb0.02Te,10.1016/j.jallcom.2020.158355,,1.10801,1.848510737240306,1.1448834689886134,0.31985963206080575,0.2935568361224153,False,True,True,65,yes,yes,high observed ZT; important candidate for paper; high predicted ZT,https://doi.org/10.1016/j.jallcom.2020.158355
10.1016_j.jallcom.2020.158355__sample_39598,true_positive,1.0,unknown,n,Pb0.97Sb0.03Te,10.1016/j.jallcom.2020.158355,,1.038722,1.9310462296584734,1.0859561998070326,0.3453932872752063,0.35427512287277313,False,True,True,65,yes,yes,high observed ZT; important candidate for paper; high predicted ZT,https://doi.org/10.1016/j.jallcom.2020.158355
10.1016_j.jallcom.2020.158376__sample_39627,true_positive,1.0,unknown,p,Bi0.3Sb1.7Te3,10.1016/j.jallcom.2020.158376,,1.070167,1.2653046484434582,1.1428890439822577,0.1794276281421276,0.1603799230273302,False,True,True,65,yes,yes,high observed ZT; important candidate for paper; high predicted ZT,https://doi.org/10.1016/j.jallcom.2020.158376
10.1016_j.jallcom.2020.158376__sample_39628,true_positive,1.0,unknown,p,(Bi0.3Sb1.7Te3)97.34(TiC)2.66,10.1016/j.jallcom.2020.158376,,1.111879,1.3175019178952379,1.187325690038215,0.21883787705177132,0.16161404441915223,False,True,True,75,yes,yes,high observed ZT; important candidate for paper; high predicted ZT,https://doi.org/10.1016/j.jallcom.2020.158376
10.1016_j.jallcom.2020.158376__sample_39629,true_positive,1.0,unknown,p,(Bi0.3Sb1.7Te3)94.81(TiC)5.19,10.1016/j.jallcom.2020.158376,,1.113663,1.007760803364811,1.1236857506658176,0.09509357555668901,0.10316491708853426,False,True,True,75,yes,yes,high observed ZT; important candidate for paper; high predicted ZT,https://doi.org/10.1016/j.jallcom.2020.158376
10.1016_j.jallcom.2020.158376__sample_39630,true_positive,1.0,unknown,p,(Bi0.3Sb1.7Te3)92.39(TiC)7.61,10.1016/j.jallcom.2020.158376,,1.139484,1.3020766501223215,1.1168271905120155,0.19138364973418717,0.16030675091572075,False,True,True,65,yes,yes,high observed ZT; important candidate for paper; high predicted ZT,https://doi.org/10.1016/j.jallcom.2020.158376
10.1016_j.jallcom.2020.158384__sample_40368,false_positive,1.0,unknown,p,MgAg0.97Sb0.995,10.1016/j.jallcom.2020.158384,,0.914502,1.1065774158546746,0.910349041126023,0.579846964773529,0.5813728767106667,False,True,True,65,yes,yes,high-ZT false positive; important candidate for paper; high predicted ZT; carried from Step14,https://doi.org/10.1016/j.jallcom.2020.158384
10.1016_j.jallcom.2020.158384__sample_40369,false_positive,1.0,unknown,p,MgAg0.97Sb0.995,10.1016/j.jallcom.2020.158384,,0.8969612,1.0898790241842098,0.8960044251965557,0.47820839109267627,0.4821517912987216,False,True,True,65,yes,yes,high-ZT false positive; important candidate for paper; high predicted ZT; carried from Step14,https://doi.org/10.1016/j.jallcom.2020.158384
10.1016_j.jallcom.2020.158384__sample_40370,true_positive,1.0,unknown,p,MgAg0.97Sb0.995,10.1016/j.jallcom.2020.158384,,1.059301,1.243801816901866,1.0627178361308474,0.401851182525945,0.403475805933319,False,True,True,65,yes,yes,high observed ZT; important candidate for paper; high predicted ZT,https://doi.org/10.1016/j.jallcom.2020.158384
10.1016_j.jallcom.2020.158384__sample_40371,true_positive,1.0,unknown,p,MgAg0.97Sb0.995,10.1016/j.jallcom.2020.158384,,1.166552,1.3310309582338566,1.165719618128546,0.39284818868343824,0.3923801020916482,False,True,True,65,yes,yes,high observed ZT; important candidate for paper; high predicted ZT,https://doi.org/10.1016/j.jallcom.2020.158384
10.1016_j.jallcom.2021.159425__sample_45087,false_positive,1.0,unknown,p,AgCu0.99Ni0.01Te,10.1016/j.jallcom.2021.159425,,0.9329151,1.1210977329290932,0.9849633834865276,0.3218496448994613,0.5124096274463924,False,True,True,65,yes,yes,high-ZT false positive; important candidate for paper; high predicted ZT; carried from Step14,https://doi.org/10.1016/j.jallcom.2021.159425
10.1016_j.jallcom.2021.159659__sample_45494,false_negative,1.0,unknown,p,Cu2.85Ag0.15Sb0.985Bi0.015Se4,10.1016/j.jallcom.2021.159659,,1.184615,0.6426655992487297,1.2024131639055509,0.3661753140518774,0.43216772573135476,False,True,True,100,yes,yes,high observed ZT; high-ZT false negative; important candidate for paper; carried from Step14,https://doi.org/10.1016/j.jallcom.2021.159659
10.1016_j.jallcom.2021.159681__sample_45499,true_positive,1.0,unknown,p,Pb0.59Sn0.4Zn0.01Te,10.1016/j.jallcom.2021.159681,,1.173605,1.6644709268011597,1.1527364446870978,0.2884012190766374,0.2807085913492473,False,True,True,65,yes,yes,high observed ZT; important candidate for paper; high predicted ZT,https://doi.org/10.1016/j.jallcom.2021.159681
10.1016_j.jallcom.2021.159681__sample_45500,true_positive,1.0,unknown,p,Pb0.58Sn0.4Zn0.02Te,10.1016/j.jallcom.2021.159681,,1.572574,1.9322879271944262,1.5706354525713135,0.24310626917140613,0.24286183983664777,False,True,True,65,yes,yes,high observed ZT; important candidate for paper; high predicted ZT,https://doi.org/10.1016/j.jallcom.2021.159681
10.1016_j.jallcom.2021.160128__sample_46148,true_positive,1.0,unknown,p,Cu1.9Sn0.1S,10.1016/j.jallcom.2021.160128,,1.226114,2.5934512410076107,1.2800372131631437,0.4504370334719232,0.4444438391964063,False,False,False,55,yes,yes,high observed ZT; important candidate for paper; high predicted ZT,https://doi.org/10.1016/j.jallcom.2021.160128
10.1016_j.jallcom.2021.160128__sample_46149,true_positive,1.0,unknown,p,Cu1.9Mn0.1S,10.1016/j.jallcom.2021.160128,,1.633132,3.1529864752825776,1.6162081869513665,0.2771816806906218,0.4213045045095095,False,False,False,55,yes,yes,high observed ZT; important candidate for paper; high predicted ZT,https://doi.org/10.1016/j.jallcom.2021.160128
10.1016_j.jallcom.2021.160128__sample_46150,true_positive,1.0,unknown,p,Cu1.8Sn0.1Mn0.1S,10.1016/j.jallcom.2021.160128,,1.387308,2.5781854774517527,1.3907742370419471,0.6375568677340304,0.6254636917282277,False,False,False,55,yes,yes,high observed ZT; important candidate for paper; high predicted ZT,https://doi.org/10.1016/j.jallcom.2021.160128
10.1016_j.jallcom.2021.160328__sample_46177,true_positive,1.0,unknown,n,Bi2Te2.8Se0.2,10.1016/j.jallcom.2021.160328,,1.05086,1.1420879640354138,1.0622272872650484,0.06276006876517795,0.06567765270551355,False,True,True,65,yes,yes,high observed ZT; important candidate for paper; high predicted ZT,https://doi.org/10.1016/j.jallcom.2021.160328
10.1016_j.jallcom.2021.160328__sample_46178,true_positive,1.0,unknown,n,Bi2Te2.4Se0.6,10.1016/j.jallcom.2021.160328,,1.240049,1.2464527079054437,1.1961523004474277,0.08312953274318222,0.0839859938426927,False,True,True,65,yes,yes,high observed ZT; important candidate for paper; high predicted ZT,https://doi.org/10.1016/j.jallcom.2021.160328
10.1016_j.jallcom.2021.160328__sample_46179,false_positive,1.0,unknown,n,Bi2Te2.76Se0.24,10.1016/j.jallcom.2021.160328,,0.9029484,1.0424207166299935,0.9010688236747668,0.09798618231400197,0.09596687282999646,False,True,True,65,yes,yes,high-ZT false positive; important candidate for paper; high predicted ZT; carried from Step14,https://doi.org/10.1016/j.jallcom.2021.160328
10.1016_j.jallcom.2021.160328__sample_46180,true_positive,1.0,unknown,p,Bi0.5Sb1.5Te3,10.1016/j.jallcom.2021.160328,,1.10663,1.2047178369927434,1.1208490890117264,0.12185266860678245,0.11432278859607624,False,True,True,65,yes,yes,high observed ZT; important candidate for paper; high predicted ZT,https://doi.org/10.1016/j.jallcom.2021.160328
10.1016_j.jallcom.2021.160328__sample_46181,true_positive,1.0,unknown,p,Bi0.4Sb1.6Te3,10.1016/j.jallcom.2021.160328,,1.229539,1.1618626560456389,1.2294069710798363,0.09480367702078644,0.11487936396225225,False,True,True,65,yes,yes,high observed ZT; important candidate for paper; high predicted ZT,https://doi.org/10.1016/j.jallcom.2021.160328
10.1016_j.jallcom.2021.160328__sample_46182,true_positive,1.0,unknown,p,Bi0.46Sb1.54Te3,10.1016/j.jallcom.2021.160328,,1.003136,1.0541332893066326,0.9884947422163488,0.09243017532301588,0.09272441621174726,False,True,True,65,yes,yes,high observed ZT; important candidate for paper; high predicted ZT,https://doi.org/10.1016/j.jallcom.2021.160328
10.1016_j.jallcom.2021.161308__sample_46398,false_positive,1.0,unknown,n,FeBSb,10.1016/j.jallcom.2021.161308,,0.06004927,5.672198046149231,5.9256001020644975,92.35346308565845,0.07195443527376306,False,True,True,90,yes,yes,high-ZT false positive; important candidate for paper; high predicted ZT; carried from Step14,https://doi.org/10.1016/j.jallcom.2021.161308
10.1016_j.jallcom.2021.161308__sample_46399,false_positive,1.0,unknown,p,FeV0.9Hf0.1Sb,10.1016/j.jallcom.2021.161308,,0.07672011,8.417373828841408,7.959449933546042,114.35338719510206,0.17316105817582433,False,True,True,90,yes,yes,high-ZT false positive; important candidate for paper; high predicted ZT; carried from Step14,https://doi.org/10.1016/j.jallcom.2021.161308
10.1016_j.jallcom.2021.161308__sample_46400,false_positive,1.0,unknown,p,FeV0.64Hf0.16Ti0.2Sb,10.1016/j.jallcom.2021.161308,,0.3679862,27.94683344548731,29.156952972691823,73.23135332460117,0.17510286711990447,False,True,True,100,yes,yes,high-ZT false positive; important candidate for paper; high predicted ZT; carried from Step14,https://doi.org/10.1016/j.jallcom.2021.161308
10.1016_j.jallcom.2021.161308__sample_46401,false_positive,1.0,unknown,p,FeV0.24Nb0.4Hf0.16Ti0.2Sb,10.1016/j.jallcom.2021.161308,,0.4418472,46.37941907597452,43.57801950596425,99.93450738162859,0.07158997028191973,False,True,True,90,yes,yes,high-ZT false positive; important candidate for paper; high predicted ZT; carried from Step14,https://doi.org/10.1016/j.jallcom.2021.161308
10.1016_j.jallcom.2021.162221__sample_44492,true_positive,1.0,unknown,p,Sn0.94Ag0.03Zn0.03Te,10.1016/j.jallcom.2021.162221,,1.336503,1.477612664258747,1.505170020177167,0.22543338234229202,0.19131323640045866,False,True,True,75,yes,yes,high observed ZT; important candidate for paper; high predicted ZT,https://doi.org/10.1016/j.jallcom.2021.162221
10.1016_j.jallcom.2021.162221__sample_44494,false_negative,1.0,unknown,p,Sn0.94Mg0.03Zn0.03Te,10.1016/j.jallcom.2021.162221,,1.229901,0.15274658464739793,0.2046962010266905,,0.2537888642716863,False,True,True,100,yes,yes,high observed ZT; high-ZT false negative; important candidate for paper; carried from Step14,https://doi.org/10.1016/j.jallcom.2021.162221
10.1016_j.jcrysgro.2016.01.012__sample_2806,true_positive,1.0,unknown,p,(Pb0.98Tl0.02)(Te0.85Se0.15),10.1016/j.jcrysgro.2016.01.012,,1.134615,1.031750451149923,1.013226545239746,0.012283232309381211,0.057674710061337,False,True,True,75,yes,yes,high observed ZT; important candidate for paper; high predicted ZT,https://doi.org/10.1016/j.jcrysgro.2016.01.012
10.1016_j.jcrysgro.2016.01.012__sample_2813,true_positive,1.0,unknown,p,(Pb0.96Tl0.04) (Te0.85Se0.15),10.1016/j.jcrysgro.2016.01.012,,1.322702,1.1286458387612468,1.0764688737234362,0.06455534855673709,0.0484704818796421,False,True,True,75,yes,yes,high observed ZT; important candidate for paper; high predicted ZT,https://doi.org/10.1016/j.jcrysgro.2016.01.012
10.1016_j.jcrysgro.2016.01.012__sample_2814,true_positive,1.0,unknown,p,(Pb0.96Tl0.04) (Te0.85Se0.15),10.1016/j.jcrysgro.2016.01.012,,1.619703,1.3671159793868484,1.3337458351421323,0.03568921609966042,0.025019867628047695,False,True,True,75,yes,yes,high observed ZT; important candidate for paper; high predicted ZT,https://doi.org/10.1016/j.jcrysgro.2016.01.012
10.1016_j.jechem.2019.09.021__sample_28753,false_positive,1.0,unknown,p,(GeSe)0.95(Sb2Te3)0.05,10.1016/j.jechem.2019.09.021,,0.6039617,1.692273636885484,1.5476236101003351,1.3615354131715662,0.14049296857752966,False,True,True,90,yes,yes,high-ZT false positive; important candidate for paper; high predicted ZT; carried from Step14,https://doi.org/10.1016/j.jechem.2019.09.021
10.1016_j.jechem.2019.09.021__sample_28754,false_positive,1.0,unknown,p,(GeSe)0.92(Sb2Te3)0.08,10.1016/j.jechem.2019.09.021,,0.7304806,1.024112804269046,1.4346151222424506,1.5572669704155953,0.24465705914582886,False,True,True,90,yes,yes,high-ZT false positive; important candidate for paper; high predicted ZT; carried from Step14,https://doi.org/10.1016/j.jechem.2019.09.021
10.1016_j.jechem.2019.09.021__sample_28755,false_positive,1.0,unknown,p,(GeSe)0.9(Sb2Te3)0.1,10.1016/j.jechem.2019.09.021,,0.6857705,1.1999640340014397,1.7415468322369618,1.5361233459166637,0.32799585043565926,False,True,True,90,yes,yes,high-ZT false positive; important candidate for paper; high predicted ZT; carried from Step14,https://doi.org/10.1016/j.jechem.2019.09.021
10.1016_j.jechem.2019.09.021__sample_28756,false_positive,1.0,unknown,p,(GeSe)0.85(Sb2Te3)0.15,10.1016/j.jechem.2019.09.021,,0.4158513,1.1284432528475783,1.72090416515661,2.008529621625812,0.3490805412742284,False,True,True,90,yes,yes,high-ZT false positive; important candidate for paper; high predicted ZT; carried from Step14,https://doi.org/10.1016/j.jechem.2019.09.021
10.1016_j.jeurceramsoc.2018.03.046__sample_42391,true_positive,1.0,unknown,n,PbCl0.01S0.99,10.1016/j.jeurceramsoc.2018.03.046,,1.007132,1.3502421174962558,1.0065510073718738,0.1544714663426388,0.15579958151658915,False,False,True,60,yes,yes,high observed ZT; important candidate for paper; high predicted ZT,https://doi.org/10.1016/j.jeurceramsoc.2018.03.046
10.1016_j.jeurceramsoc.2018.03.046__sample_42392,true_positive,1.0,unknown,n,PbCl0.015S0.985,10.1016/j.jeurceramsoc.2018.03.046,,1.039799,1.4107930532483104,1.0287633528527398,0.13659939776783783,0.14200859725782947,False,False,True,60,yes,yes,high observed ZT; important candidate for paper; high predicted ZT,https://doi.org/10.1016/j.jeurceramsoc.2018.03.046
10.1016_j.jeurceramsoc.2018.03.046__sample_42393,false_positive,1.0,unknown,n,PbCl0.02S0.98,10.1016/j.jeurceramsoc.2018.03.046,,0.6862766,1.031525600382828,0.7541120018587244,0.15932128042135146,0.19550715344611377,False,False,True,60,yes,yes,high-ZT false positive; important candidate for paper; high predicted ZT; carried from Step14,https://doi.org/10.1016/j.jeurceramsoc.2018.03.046
10.1016_j.jeurceramsoc.2018.03.046__sample_42394,false_positive,1.0,unknown,n,PbCl0.025S0.975,10.1016/j.jeurceramsoc.2018.03.046,,0.717022,1.1617742887602691,0.7167997175682815,0.1675143429319135,0.18103128112607098,False,False,True,60,yes,yes,high-ZT false positive; important candidate for paper; high predicted ZT; carried from Step14,https://doi.org/10.1016/j.jeurceramsoc.2018.03.046
10.1016_j.jeurceramsoc.2020.03.008__sample_33535,false_negative,1.0,unknown,p,(Bi0.2Sb0.8)2Te3,10.1016/j.jeurceramsoc.2020.03.008,,,0.879784009869428,1.102103224653675,,0.20172267879363903,False,True,True,10,no,no,,https://doi.org/10.1016/j.jeurceramsoc.2020.03.008
10.1016_j.jeurceramsoc.2021.02.028__sample_44738,false_positive,1.0,unknown,p,Nb0.9Ti0.1Fe1.02Sb,10.1016/j.jeurceramsoc.2021.02.028,,0.6001834,1.1105876401761638,0.6088535440837998,0.4904174421158477,0.3364618467075876,False,True,True,75,yes,yes,high-ZT false positive; important candidate for paper; high predicted ZT; carried from Step14,https://doi.org/10.1016/j.jeurceramsoc.2021.02.028
10.1016_j.jeurceramsoc.2021.02.028__sample_44739,false_positive,1.0,unknown,p,Nb0.8Ti0.2Fe1.02Sb,10.1016/j.jeurceramsoc.2021.02.028,,0.8053562,1.375084303091018,0.8407640582344639,0.47580245980008695,0.4213355159442364,False,True,True,75,yes,yes,high-ZT false positive; important candidate for paper; high predicted ZT; carried from Step14,https://doi.org/10.1016/j.jeurceramsoc.2021.02.028
10.1016_j.jmapro.2018.11.001__sample_41027,true_positive,1.0,unknown,p,Bi0.5Sb1.5Te3,10.1016/j.jmapro.2018.11.001,,1.290978,1.236344880111915,1.3070249768138664,0.06720729323469019,0.06334773166557447,False,True,True,65,yes,yes,high observed ZT; important candidate for paper; high predicted ZT,https://doi.org/10.1016/j.jmapro.2018.11.001
10.1016_j.jmapro.2018.11.001__sample_41028,true_positive,1.0,unknown,p,Bi0.5Sb1.5Te3,10.1016/j.jmapro.2018.11.001,,1.222667,1.2338026573747345,1.2205725699070151,0.03938177246019726,0.03784939197735718,False,True,True,65,yes,yes,high observed ZT; important candidate for paper; high predicted ZT,https://doi.org/10.1016/j.jmapro.2018.11.001
10.1016_j.jmapro.2018.11.001__sample_41029,false_positive,1.0,unknown,p,Bi0.5Sb1.5Te3,10.1016/j.jmapro.2018.11.001,,0.9899342,1.0166380465469054,0.9835462654458748,0.16449569122418434,0.1637189532342022,False,True,True,65,yes,yes,high-ZT false positive; important candidate for paper; high predicted ZT; carried from Step14,https://doi.org/10.1016/j.jmapro.2018.11.001
10.1016_j.jmat.2016.05.005__sample_2713,true_positive,1.0,unknown,p,(Pb0.98Mg0.02)0.98Na0.02Te0.8Se0.2,10.1016/j.jmat.2016.05.005,,1.985612,3.1192092614246976,1.8754745777806967,0.18819910596895445,0.35966494527696463,False,True,True,75,yes,yes,high observed ZT; important candidate for paper; high predicted ZT,https://doi.org/10.1016/j.jmat.2016.05.005
10.1016_j.jmat.2016.05.005__sample_2715,true_positive,1.0,unknown,p,(Pb0.96Mg0.04)0.98Na0.02Te0.8Se0.2,10.1016/j.jmat.2016.05.005,,1.769784,2.8597944406740097,1.7237727947195771,0.6159002684361535,0.6681582414851492,False,True,True,75,yes,yes,high observed ZT; important candidate for paper; high predicted ZT,https://doi.org/10.1016/j.jmat.2016.05.005
10.1016_j.jmat.2016.05.005__sample_2717,true_positive,1.0,unknown,p,(Pb0.92Mg0.08)0.98Na0.02Te0.8Se0.2,10.1016/j.jmat.2016.05.005,,2.28777,3.049456705004687,2.170383656344734,0.33293849687891997,0.2352095698456659,False,True,True,75,yes,yes,high observed ZT; important candidate for paper; high predicted ZT,https://doi.org/10.1016/j.jmat.2016.05.005
10.1016_j.jmat.2017.07.003__sample_15411,false_negative,1.0,unknown,n,In0.15Ce0.15Co4Sb12,10.1016/j.jmat.2017.07.003,,1.291095,0.7676096147584918,0.7742537133307605,0.08340133012567184,0.055802344211142864,False,True,True,90,yes,yes,high observed ZT; high-ZT false negative; important candidate for paper; carried from Step14,https://doi.org/10.1016/j.jmat.2017.07.003
10.1016_j.jmat.2017.07.003__sample_15412,false_negative,1.0,unknown,n,In0.15Ce0.15Co4Sb12,10.1016/j.jmat.2017.07.003,,1.27482,0.7994359725895281,0.8474648139504002,0.051052408315107795,0.049999216166266715,False,True,True,90,yes,yes,high observed ZT; high-ZT false negative; important candidate for paper; carried from Step14,https://doi.org/10.1016/j.jmat.2017.07.003
10.1016_j.jmat.2017.07.003__sample_15414,true_positive,1.0,unknown,n,In0.20Ce0.15Co4Sb12,10.1016/j.jmat.2017.07.003,,1.512071,1.7996158423436208,1.493000731664618,0.05924602713610935,0.111954718892126,False,True,True,75,yes,yes,high observed ZT; important candidate for paper; high predicted ZT,https://doi.org/10.1016/j.jmat.2017.07.003
10.1016_j.jmat.2017.07.003__sample_15415,false_negative,1.0,unknown,n,In0.20Ce0.15Co4Sb12.3,10.1016/j.jmat.2017.07.003,,1.272515,0.9408701173443191,0.929298957839815,0.046435705106552864,0.04048753905195582,False,True,True,90,yes,yes,high observed ZT; high-ZT false negative; important candidate for paper; carried from Step14,https://doi.org/10.1016/j.jmat.2017.07.003
10.1016_j.jmat.2017.07.003__sample_15416,false_negative,1.0,unknown,n,In0.20Ce0.20Co4Sb12.3,10.1016/j.jmat.2017.07.003,,1.330923,0.7569487514562854,0.8730075967973061,0.08383701331065666,0.05625040519879215,False,True,True,90,yes,yes,high observed ZT; high-ZT false negative; important candidate for paper; carried from Step14,https://doi.org/10.1016/j.jmat.2017.07.003
10.1016_j.jmat.2019.01.008__sample_41035,true_positive,1.0,unknown,p,AgCuTe,10.1016/j.jmat.2019.01.008,,1.340882,1.58159151644849,1.3670402813049816,0.12408906201565603,0.1277138669220745,False,True,True,65,yes,yes,high observed ZT; important candidate for paper; high predicted ZT,https://doi.org/10.1016/j.jmat.2019.01.008
10.1016_j.jmat.2019.01.008__sample_41038,true_positive,1.0,unknown,p,Ag1.4Cu0.6Te,10.1016/j.jmat.2019.01.008,,1.025394,1.1249269861044713,1.0479245942410789,0.05299212635751241,0.0388911679083305,False,True,True,65,yes,yes,high observed ZT; important candidate for paper; high predicted ZT,https://doi.org/10.1016/j.jmat.2019.01.008
10.1016_j.jmat.2019.01.008__sample_41039,true_positive,1.0,unknown,p,Ag1.2Cu0.8Te,10.1016/j.jmat.2019.01.008,,1.329073,1.4736137363636062,1.3313264503006113,0.08486309033253511,0.08416208459055123,False,True,True,65,yes,yes,high observed ZT; important candidate for paper; high predicted ZT,https://doi.org/10.1016/j.jmat.2019.01.008
10.1016_j.jmat.2020.11.007__sample_39624,false_negative,1.0,unknown,p,Mn0.92Te0.96(Ag2S)0.04,10.1016/j.jmat.2020.11.007,,1.117923,0.6214542519948693,1.1507576717103718,0.6469836101505274,0.5736295940089733,False,True,True,90,yes,yes,high observed ZT; high-ZT false negative; important candidate for paper; carried from Step14,https://doi.org/10.1016/j.jmat.2020.11.007
10.1016_j.jmat.2021.02.013__sample_45564,true_positive,1.0,unknown,p,Bi0.3Sb1.7Te3,10.1016/j.jmat.2021.02.013,,1.005235,1.1090941618641539,1.004347084088557,0.13354777313760677,0.13724372471186091,False,True,True,65,yes,yes,high observed ZT; important candidate for paper; high predicted ZT,https://doi.org/10.1016/j.jmat.2021.02.013
10.1016_j.jmat.2021.02.013__sample_45565,true_positive,1.0,unknown,p,(Bi0.3Sb1.7Te3)99.92(La(Fe0.92Co0.08)11.9Si1.1)0.08,10.1016/j.jmat.2021.02.013,,1.08914,1.1611560323670895,1.0724241317196288,0.14252557290878967,0.14616942524278412,False,True,True,65,yes,yes,high observed ZT; important candidate for paper; high predicted ZT,https://doi.org/10.1016/j.jmat.2021.02.013
10.1016_j.jmat.2021.02.013__sample_45566,true_positive,1.0,unknown,p,(Bi0.3Sb1.7Te3)99.84(La(Fe0.92Co0.08)11.9Si1.1)0.16,10.1016/j.jmat.2021.02.013,,1.107768,1.2138097201633709,1.1037717917002834,0.13249064927631862,0.13285284519941473,False,True,True,65,yes,yes,high observed ZT; important candidate for paper; high predicted ZT,https://doi.org/10.1016/j.jmat.2021.02.013
10.1016_j.jmat.2021.02.013__sample_45567,true_positive,1.0,unknown,p,(Bi0.3Sb1.7Te3)99.77(La(Fe0.92Co0.08)11.9Si1.1)0.23,10.1016/j.jmat.2021.02.013,,1.068487,1.168977738952845,1.072684339731697,0.1345357211734895,0.13569136324293146,False,True,True,65,yes,yes,high observed ZT; important candidate for paper; high predicted ZT,https://doi.org/10.1016/j.jmat.2021.02.013
10.1016_j.jmat.2021.02.013__sample_45568,true_positive,1.0,unknown,p,(Bi0.3Sb1.7Te3)99.69(La(Fe0.92Co0.08)11.9Si1.1)0.31,10.1016/j.jmat.2021.02.013,,1.00369,1.0955045741077016,1.0060996065887386,0.133168035258206,0.1324254683889657,False,True,True,65,yes,yes,high observed ZT; important candidate for paper; high predicted ZT,https://doi.org/10.1016/j.jmat.2021.02.013
10.1016_j.jmst.2020.04.052__sample_38743,true_positive,1.0,unknown,p,YbMg2Bi1.58Sb0.4,10.1016/j.jmst.2020.04.052,,1.048504,1.0563492105634082,1.0463775305387015,0.10654961540658243,0.10508923043533153,False,True,True,65,yes,yes,high observed ZT; important candidate for paper; high predicted ZT,https://doi.org/10.1016/j.jmst.2020.04.052
10.1016_j.jmst.2020.09.005__sample_38657,false_positive,1.0,unknown,n,BiSb(Se0.985Cl0.015)3,10.1016/j.jmst.2020.09.005,,0.9731214,1.529496035558706,0.9734700892901784,0.259569993922651,0.2534286396475469,False,True,True,65,yes,yes,high-ZT false positive; important candidate for paper; high predicted ZT; carried from Step14,https://doi.org/10.1016/j.jmst.2020.09.005
10.1016_j.jmst.2020.09.005__sample_38658,false_positive,1.0,unknown,n,BiSb(Se0.980Cl0.020)3,10.1016/j.jmst.2020.09.005,,0.8252495,1.1675080456766538,0.8161539602891531,0.15428241014388686,0.15392707650618068,False,True,True,65,yes,yes,high-ZT false positive; important candidate for paper; high predicted ZT; carried from Step14,https://doi.org/10.1016/j.jmst.2020.09.005
10.1016_j.jmst.2020.12.063__sample_45891,false_positive,1.0,unknown,p,Sn0.91Mn0.08Bi0.01Te,10.1016/j.jmst.2020.12.063,,0.7435028,1.1188543671469335,0.7497547160207898,0.2182893978203077,0.21013426585570838,False,True,True,65,yes,yes,high-ZT false positive; important candidate for paper; high predicted ZT; carried from Step14,https://doi.org/10.1016/j.jmst.2020.12.063
10.1016_j.jmst.2020.12.063__sample_45895,false_positive,1.0,unknown,p,Sn0.88Mn0.08Bi0.04Te,10.1016/j.jmst.2020.12.063,,0.7993346,1.1821170688079623,0.8169837626721688,0.20243420453672245,0.20042439222503491,False,True,True,65,yes,yes,high-ZT false positive; important candidate for paper; high predicted ZT; carried from Step14,https://doi.org/10.1016/j.jmst.2020.12.063
10.1016_j.jmst.2021.01.040__sample_45828,false_positive,1.0,unknown,p,(Sn0.81Sb0.19Te)0.93(AgCl)0.07,10.1016/j.jmst.2021.01.040,,0.8760234,1.1945042011890934,0.8938706578650891,0.4339082285024582,0.33632779046806854,False,True,True,75,yes,yes,high-ZT false positive; important candidate for paper; high predicted ZT; carried from Step14,https://doi.org/10.1016/j.jmst.2021.01.040
10.1016_j.jmst.2021.01.097__sample_46366,false_positive,1.0,unknown,n,Ag1.97Pb0.03Te,10.1016/j.jmst.2021.01.097,,0.7640682,1.7717983521023999,0.7744458983668875,1.1121432651819363,1.0049542283770592,False,True,True,120,yes,yes,high-ZT false positive; important candidate for paper; high predicted ZT; carried from Step14,https://doi.org/10.1016/j.jmst.2021.01.097
10.1016_j.jmst.2021.08.020__sample_44462,true_positive,1.0,unknown,p,Ge0.95Bi0.05Te,10.1016/j.jmst.2021.08.020,,1.648021,2.932590475798542,1.626162416948132,0.2800457283690974,0.27808967313418664,False,True,True,65,yes,yes,high observed ZT; important candidate for paper; high predicted ZT,https://doi.org/10.1016/j.jmst.2021.08.020
10.1016_j.jmst.2021.08.020__sample_44463,true_positive,1.0,unknown,p,Ge0.95Bi0.05Te0.9Se0.1,10.1016/j.jmst.2021.08.020,,1.631398,1.8127795946491696,1.5281352547016542,0.1439727539306155,0.14572420243864243,False,True,True,65,yes,yes,high observed ZT; important candidate for paper; high predicted ZT,https://doi.org/10.1016/j.jmst.2021.08.020
10.1016_j.jmst.2021.08.020__sample_44465,true_positive,1.0,unknown,p,Ge0.95Bi0.05Te0.7Se0.3,10.1016/j.jmst.2021.08.020,,1.593404,2.4477922840789663,1.583600421947343,0.26627639924793256,0.19662260578536178,False,True,True,65,yes,yes,high observed ZT; important candidate for paper; high predicted ZT,https://doi.org/10.1016/j.jmst.2021.08.020
10.1016_j.joule.2019.08.017__sample_42868,false_negative,1.0,unknown,p,Ge0.94In0.06Te,10.1016/j.joule.2019.08.017,,1.037369,0.34537940590894184,0.2689099653410259,0.09855632030055875,0.28436819167686483,False,True,True,100,yes,yes,high observed ZT; high-ZT false negative; important candidate for paper; carried from Step14,https://doi.org/10.1016/j.joule.2019.08.017
10.1016_j.joule.2019.08.017__sample_42871,false_negative,1.0,unknown,p,Ge0.93In0.01Bi0.06Te,10.1016/j.joule.2019.08.017,,1.47819,0.2712075082993104,0.2642322001895972,,0.026398403013365265,False,True,True,100,yes,yes,high observed ZT; high-ZT false negative; important candidate for paper; carried from Step14,https://doi.org/10.1016/j.joule.2019.08.017
10.1016_j.joule.2019.10.010__sample_31371,true_positive,1.0,unknown,p,Sb2Si2Te6,10.1016/j.joule.2019.10.010,,1.049498,1.2693004121547562,1.052245330279994,0.20407507191620922,0.20975128138338986,False,True,True,75,yes,yes,high observed ZT; important candidate for paper; high predicted ZT,https://doi.org/10.1016/j.joule.2019.10.010
10.1016_j.joule.2019.10.010__sample_31372,true_positive,1.0,unknown,p,Sb2Si2Te6,10.1016/j.joule.2019.10.010,,1.082943,1.4137023412600649,1.08427574977161,0.30343626741436197,0.29826040946861326,False,True,True,75,yes,yes,high observed ZT; important candidate for paper; high predicted ZT,https://doi.org/10.1016/j.joule.2019.10.010
10.1016_j.joule.2019.10.010__sample_31373,true_positive,1.0,unknown,p,Sb2Si2Te6,10.1016/j.joule.2019.10.010,,1.083444,1.4154172068064435,1.0830792451061435,0.31512780543819147,0.2539754747721967,False,True,True,65,yes,yes,high observed ZT; important candidate for paper; high predicted ZT,https://doi.org/10.1016/j.joule.2019.10.010
10.1016_j.joule.2019.10.010__sample_31519,false_negative,1.0,unknown,p,Sb2Si2Te6.93,10.1016/j.joule.2019.10.010,,1.562176,0.2842900549712808,0.3581959605707568,0.06872552141778053,0.14270154557589626,False,True,True,100,yes,yes,high observed ZT; high-ZT false negative; important candidate for paper; carried from Step14,https://doi.org/10.1016/j.joule.2019.10.010
10.1016_j.joule.2019.10.010__sample_31520,false_negative,1.0,unknown,p,Sb2Si2Te6.93,10.1016/j.joule.2019.10.010,,1.645078,0.2835322450579773,0.3581016459322723,,0.20823529218963233,False,True,True,100,yes,yes,high observed ZT; high-ZT false negative; important candidate for paper; carried from Step14,https://doi.org/10.1016/j.joule.2019.10.010
10.1016_j.joule.2019.10.010__sample_31522,false_negative,1.0,unknown,p,Sb2Si2Te7.5,10.1016/j.joule.2019.10.010,,1.515544,0.20822155977052187,0.2275884995958818,0.07616640872465655,0.08509630258009032,False,True,True,100,yes,yes,high observed ZT; high-ZT false negative; important candidate for paper; carried from Step14,https://doi.org/10.1016/j.joule.2019.10.010
10.1016_j.joule.2020.07.021__sample_37072,false_positive,1.0,unknown,p,GeTe,10.1016/j.joule.2020.07.021,,0.8367253,1.500502043870951,0.8461620126116819,0.516238270566352,0.5155525043563826,False,True,True,65,yes,yes,high-ZT false positive; important candidate for paper; high predicted ZT; carried from Step14,https://doi.org/10.1016/j.joule.2020.07.021
10.1016_j.joule.2020.07.021__sample_37073,true_positive,1.0,unknown,p,Ge0.97Sn0.03Te,10.1016/j.joule.2020.07.021,,1.290898,2.2066639461454,1.583376863823643,0.7094022503291506,0.34179210014180517,False,True,True,75,yes,yes,high observed ZT; important candidate for paper; high predicted ZT,https://doi.org/10.1016/j.joule.2020.07.021
10.1016_j.joule.2020.07.021__sample_37074,true_positive,1.0,unknown,p,Ge0.95Sn0.05Te,10.1016/j.joule.2020.07.021,,1.415617,1.7719780359943553,1.4692694730451057,0.2731427940708475,0.19181754610511864,False,True,True,75,yes,yes,high observed ZT; important candidate for paper; high predicted ZT,https://doi.org/10.1016/j.joule.2020.07.021
10.1016_j.joule.2020.07.021__sample_37075,true_positive,1.0,unknown,p,Ge0.92Sn0.08Te,10.1016/j.joule.2020.07.021,,1.264826,1.6034915918004031,1.2900846199464937,0.20334870783992717,0.16731034863125882,False,True,True,65,yes,yes,high observed ZT; important candidate for paper; high predicted ZT,https://doi.org/10.1016/j.joule.2020.07.021
10.1016_j.joule.2020.07.021__sample_37076,true_positive,1.0,unknown,p,Ge0.91Sn0.05Sb0.04Te,10.1016/j.joule.2020.07.021,,1.692242,2.235906670936159,1.912976253582573,,0.10473440074215032,False,True,True,75,yes,yes,high observed ZT; important candidate for paper; high predicted ZT,https://doi.org/10.1016/j.joule.2020.07.021
10.1016_j.joule.2020.07.021__sample_37078,true_positive,1.0,unknown,p,Ge0.87Sn0.05Sb0.08Te,10.1016/j.joule.2020.07.021,,2.198108,2.197447718020858,2.357190698386603,0.1101784498236275,0.10395849959547172,False,True,True,65,yes,yes,high observed ZT; important candidate for paper; high predicted ZT,https://doi.org/10.1016/j.joule.2020.07.021
10.1016_j.joule.2020.07.021__sample_37079,true_positive,1.0,unknown,p,Ge0.85Sn0.05Sb0.1Te,10.1016/j.joule.2020.07.021,,1.890416,1.1969934683830161,1.5488149937160445,0.1984679952061722,0.22715529405413953,False,True,True,75,yes,yes,high observed ZT; important candidate for paper; high predicted ZT,https://doi.org/10.1016/j.joule.2020.07.021
10.1016_j.jpcs.2019.109262__sample_34133,false_positive,1.0,unknown,p,Sb2Te3,10.1016/j.jpcs.2019.109262,,0.8770303,1.1055650349941455,0.8742125016280545,0.1503653041698944,0.14913232711126642,False,True,True,65,yes,yes,high-ZT false positive; important candidate for paper; high predicted ZT; carried from Step14,https://doi.org/10.1016/j.jpcs.2019.109262
10.1016_j.jpcs.2019.109262__sample_34134,false_positive,1.0,unknown,p,Sb1.85Bi0.15Te3,10.1016/j.jpcs.2019.109262,,0.9521626,1.0116197282567074,0.9463127669770536,0.09121267993360503,0.09040490440341757,False,True,True,65,yes,yes,high-ZT false positive; important candidate for paper; high predicted ZT; carried from Step14,https://doi.org/10.1016/j.jpcs.2019.109262
10.1016_j.jpcs.2019.109262__sample_34135,false_positive,1.0,unknown,p,Sb1.75Bi0.25Te3,10.1016/j.jpcs.2019.109262,,0.8971053,1.118076173866672,0.894871710651892,0.2444526347646025,0.24696878924215876,False,True,True,75,yes,yes,high-ZT false positive; important candidate for paper; high predicted ZT; carried from Step14,https://doi.org/10.1016/j.jpcs.2019.109262
10.1016_j.jpcs.2019.109262__sample_34136,true_positive,1.0,unknown,p,Sb1.65Bi0.35Te3,10.1016/j.jpcs.2019.109262,,1.149557,1.1813977624521481,1.1540459602661608,0.04743136381598081,0.04292695025227897,False,True,True,65,yes,yes,high observed ZT; important candidate for paper; high predicted ZT,https://doi.org/10.1016/j.jpcs.2019.109262
10.1016_j.jpcs.2020.109640__sample_41046,false_positive,1.0,unknown,n,Pb0.998In0.002S,10.1016/j.jpcs.2020.109640,,0.6778132,1.2962875682490689,0.6345844655874533,0.3832710234907566,0.37122101825124587,False,True,True,65,yes,yes,high-ZT false positive; important candidate for paper; high predicted ZT; carried from Step14,https://doi.org/10.1016/j.jpcs.2020.109640
10.1016_j.jpcs.2020.109640__sample_41047,false_positive,1.0,unknown,n,Pb0.995In0.005S,10.1016/j.jpcs.2020.109640,,0.6867724,1.3890182803674258,0.6112784556566218,0.4491684005722751,0.45665823456949295,False,True,True,65,yes,yes,high-ZT false positive; important candidate for paper; high predicted ZT; carried from Step14,https://doi.org/10.1016/j.jpcs.2020.109640
10.1016_j.jpcs.2020.109640__sample_41048,false_positive,1.0,unknown,n,Pb0.990In0.010S,10.1016/j.jpcs.2020.109640,,0.6355347,1.2395564597867952,0.6486982749345314,0.4023568229941824,0.3672527982733308,False,True,True,65,yes,yes,high-ZT false positive; important candidate for paper; high predicted ZT; carried from Step14,https://doi.org/10.1016/j.jpcs.2020.109640
10.1016_j.jssc.2010.10.036__sample_16820,true_positive,1.0,unknown,p,AgSbTe2,10.1016/j.jssc.2010.10.036,,1.226244,1.2134385695875551,1.217472935504854,0.19039044612529576,0.19440639310917676,False,True,True,65,yes,yes,high observed ZT; important candidate for paper; high predicted ZT,https://doi.org/10.1016/j.jssc.2010.10.036
10.1016_j.jssc.2010.10.036__sample_16821,true_positive,1.0,unknown,p,AgSbTe2,10.1016/j.jssc.2010.10.036,,1.661684,1.4483256837292169,1.649003899165893,0.2290874438923918,0.228633252211727,False,True,True,65,yes,yes,high observed ZT; important candidate for paper; high predicted ZT,https://doi.org/10.1016/j.jssc.2010.10.036
10.1016_j.jssc.2012.03.042__sample_8636,false_positive,1.0,unknown,p,Bi1.92Fe0.08Te3,10.1016/j.jssc.2012.03.042,,0.2759411,1.2904612862788156,0.2767544635937284,1.0462947905165667,1.057401824364556,False,True,True,110,yes,yes,high-ZT false positive; important candidate for paper; high predicted ZT; carried from Step14,https://doi.org/10.1016/j.jssc.2012.03.042
10.1016_j.jssc.2012.03.061__sample_8671,false_positive,1.0,unknown,p,(Bi0.25Sb0.75)2Te3,10.1016/j.jssc.2012.03.061,,0.7040752,2.597963564717095,0.6025336297443057,0.5805578192840801,0.640836326500198,False,True,True,65,yes,yes,high-ZT false positive; important candidate for paper; high predicted ZT; carried from Step14,https://doi.org/10.1016/j.jssc.2012.03.061
10.1016_j.jssc.2012.03.061__sample_8672,false_positive,1.0,unknown,p,(Bi0.25Sb0.75)1.9925Sn0.0075Te3,10.1016/j.jssc.2012.03.061,,0.5030224,1.3102625836773596,0.5037024188105215,0.23948189192079236,0.2463894778152989,False,True,True,65,yes,yes,high-ZT false positive; important candidate for paper; high predicted ZT; carried from Step14,https://doi.org/10.1016/j.jssc.2012.03.061
10.1016_j.jssc.2013.07.027__sample_14596,false_positive,1.0,unknown,p,AgIn0.5Sb0.5Te2,10.1016/j.jssc.2013.07.027,,0.1429535,1.1262679028380063,1.3953951172363463,3.795798878833397,1.5492801256737743,False,True,True,120,yes,yes,high-ZT false positive; important candidate for paper; high predicted ZT; carried from Step14,https://doi.org/10.1016/j.jssc.2013.07.027
10.1016_j.jssc.2014.08.026__sample_9119,true_positive,1.0,unknown,n,Mg2.2Si0.5Sn0.37Sb0.013,10.1016/j.jssc.2014.08.026,,1.043306,1.0284020837905947,0.9433428570364863,0.09737695762635337,0.09419273854580232,False,True,True,75,yes,yes,high observed ZT; important candidate for paper; high predicted ZT,https://doi.org/10.1016/j.jssc.2014.08.026
10.1016_j.jssc.2015.10.030__sample_8560,false_positive,1.0,unknown,p,Bi0.36Sb1.64Te3,10.1016/j.jssc.2015.10.030,,0.9875912,1.0313251008628292,0.999053036660468,0.11337943501465368,0.11263149069885665,False,True,True,65,yes,yes,high-ZT false positive; important candidate for paper; high predicted ZT; carried from Step14,https://doi.org/10.1016/j.jssc.2015.10.030
10.1016_j.jssc.2015.10.030__sample_8561,true_positive,1.0,unknown,p,Bi0.4Sb1.6Te3,10.1016/j.jssc.2015.10.030,,1.083942,1.1152562269709883,1.0838622464079857,0.11374311075840411,0.11278813310764621,False,True,True,65,yes,yes,high observed ZT; important candidate for paper; high predicted ZT,https://doi.org/10.1016/j.jssc.2015.10.030
10.1016_j.jssc.2015.10.030__sample_8562,true_positive,1.0,unknown,p,Bi0.44Sb1.56Te3,10.1016/j.jssc.2015.10.030,,1.171533,1.2256091895435652,1.1803694622266223,0.09452174932320102,0.0911323922754719,False,True,True,65,yes,yes,high observed ZT; important candidate for paper; high predicted ZT,https://doi.org/10.1016/j.jssc.2015.10.030
10.1016_j.jssc.2016.02.012__sample_2442,false_negative,1.0,unknown,p,Sn0.95Ag0.05Te0.95I0.05,10.1016/j.jssc.2016.02.012,,1.016378,0.020864587591747724,0.0297458113232574,,0.2502425165582017,False,True,True,100,yes,yes,high observed ZT; high-ZT false negative; important candidate for paper; carried from Step14,https://doi.org/10.1016/j.jssc.2016.02.012
10.1016_j.jssc.2019.120995__sample_44187,false_positive,1.0,unknown,n,(PbS)0.98(CaS)0.01(PbCl2)0.01,10.1016/j.jssc.2019.120995,,0.7600049,2.1480227135353123,1.1539479870420737,0.4182742839514895,0.40442682702719607,False,False,True,60,yes,yes,high-ZT false positive; important candidate for paper; high predicted ZT; carried from Step14,https://doi.org/10.1016/j.jssc.2019.120995
10.1016_j.jssc.2019.120995__sample_44189,true_positive,1.0,unknown,n,(PbS)0.96(CaS)0.03(PbCl2)0.01,10.1016/j.jssc.2019.120995,,1.146078,2.139786991242186,1.1548360015772687,0.4266029431676665,0.5749361939007854,False,False,True,60,yes,yes,high observed ZT; important candidate for paper; high predicted ZT,https://doi.org/10.1016/j.jssc.2019.120995
10.1016_j.jssc.2019.120995__sample_44190,true_positive,1.0,unknown,n,(PbS)0.95(CaS)0.04(PbCl2)0.01,10.1016/j.jssc.2019.120995,,1.098858,1.6697095481022108,0.9853337367096884,0.40487707562956954,0.3906394936758295,False,False,True,60,yes,yes,high observed ZT; important candidate for paper; high predicted ZT,https://doi.org/10.1016/j.jssc.2019.120995
10.1016_j.jssc.2019.120995__sample_44201,false_positive,1.0,unknown,n,(PbS)0.98(SrS)0.01(PbCl2)0.01,10.1016/j.jssc.2019.120995,,0.9620622,1.4123158694371618,0.7631570234829671,0.4579517401117281,0.39790221844282136,False,False,True,60,yes,yes,high-ZT false positive; important candidate for paper; high predicted ZT; carried from Step14,https://doi.org/10.1016/j.jssc.2019.120995
10.1016_j.jssc.2019.120995__sample_44202,true_positive,1.0,unknown,n,(PbS)0.97(SrS)0.02(PbCl2)0.01,10.1016/j.jssc.2019.120995,,1.047776,2.2113188686301575,0.9570157011600774,0.6786285437420441,0.6368403121324588,False,False,True,60,yes,yes,high observed ZT; important candidate for paper; high predicted ZT,https://doi.org/10.1016/j.jssc.2019.120995
10.1016_j.jssc.2019.120995__sample_44203,true_positive,1.0,unknown,n,(PbS)0.96(SrS)0.03(PbCl2)0.01,10.1016/j.jssc.2019.120995,,1.100894,1.3280229704569204,0.8275361053910464,0.28906888560117583,0.3136542550109422,False,False,True,70,yes,yes,high observed ZT; important candidate for paper; high predicted ZT,https://doi.org/10.1016/j.jssc.2019.120995
10.1016_j.jssc.2019.120995__sample_44204,false_positive,1.0,unknown,n,(PbS)0.95(SrS)0.04(PbCl2)0.01,10.1016/j.jssc.2019.120995,,0.9931493,2.3798188639687066,1.176974046437021,0.4040737378967409,0.4576576695720197,False,False,True,60,yes,yes,high-ZT false positive; important candidate for paper; high predicted ZT; carried from Step14,https://doi.org/10.1016/j.jssc.2019.120995
10.1016_j.jssc.2020.121203__sample_28933,false_negative,1.0,unknown,p,Hf0.25Zr0.75NiSn0.99Sb0.01,10.1016/j.jssc.2020.121203,,1.017378,0.9296877740029702,1.0078362852770415,0.16507153089770304,0.16290172942699196,False,True,True,90,yes,yes,high observed ZT; high-ZT false negative; important candidate for paper; carried from Step14,https://doi.org/10.1016/j.jssc.2020.121203
10.1016_j.jssc.2020.121203__sample_28938,false_positive,1.0,unknown,p,Nb0.75Ti0.25FeSb,10.1016/j.jssc.2020.121203,,0.8893962,1.0155186966995051,0.8965604156367322,0.1533755625007816,0.15459779321024392,False,True,True,65,yes,yes,high-ZT false positive; important candidate for paper; high predicted ZT; carried from Step14,https://doi.org/10.1016/j.jssc.2020.121203
10.1016_j.jssc.2020.121203__sample_28939,false_positive,1.0,unknown,p,Nb0.75Ti0.25FeSb,10.1016/j.jssc.2020.121203,,0.8537555,1.040687518759753,0.848434701458578,0.16928483811237283,0.17046563728147202,False,True,True,65,yes,yes,high-ZT false positive; important candidate for paper; high predicted ZT; carried from Step14,https://doi.org/10.1016/j.jssc.2020.121203
10.1016_j.jssc.2020.121433__sample_33602,true_positive,1.0,unknown,p,Bi0.5Sb1.5Te3.04,10.1016/j.jssc.2020.121433,,1.035162,1.0457223742709079,1.064303216169927,0.12459517758406277,0.13003420991831252,False,True,True,65,yes,yes,high observed ZT; important candidate for paper; high predicted ZT,https://doi.org/10.1016/j.jssc.2020.121433
10.1016_j.jssc.2020.121433__sample_33605,false_positive,1.0,unknown,p,Bi0.5Sb1.5Te2.98,10.1016/j.jssc.2020.121433,,0.8958125,1.1892889081421874,0.914501106011018,0.1276411573925005,0.11305733176426208,False,True,True,65,yes,yes,high-ZT false positive; important candidate for paper; high predicted ZT; carried from Step14,https://doi.org/10.1016/j.jssc.2020.121433
10.1016_j.jssc.2020.121433__sample_33606,false_positive,1.0,unknown,p,Bi0.5Sb1.5Te3,10.1016/j.jssc.2020.121433,,0.8724029,1.1960910008599988,0.8549718729450151,0.19119167706811646,0.1954667172652269,False,True,True,65,yes,yes,high-ZT false positive; important candidate for paper; high predicted ZT; carried from Step14,https://doi.org/10.1016/j.jssc.2020.121433
10.1016_j.jssc.2020.121433__sample_33607,false_positive,1.0,unknown,p,Bi0.5Sb1.5Te3.02,10.1016/j.jssc.2020.121433,,0.9460238,1.1234345587791483,0.9268006234742052,0.18167529572293958,0.19566897389214946,False,True,True,65,yes,yes,high-ZT false positive; important candidate for paper; high predicted ZT; carried from Step14,https://doi.org/10.1016/j.jssc.2020.121433
10.1016_j.jssc.2020.121433__sample_33608,false_positive,1.0,unknown,p,Bi0.5Sb1.5Te3.04,10.1016/j.jssc.2020.121433,,0.923266,1.0974117170843312,0.9461173702307292,0.18125511819742557,0.17439242403518154,False,True,True,65,yes,yes,high-ZT false positive; important candidate for paper; high predicted ZT; carried from Step14,https://doi.org/10.1016/j.jssc.2020.121433
10.1016_j.jssc.2020.121722__sample_38824,false_negative,1.0,unknown,p,Sn0.002(Bi0.46Sb1.54)0.999Te3,10.1016/j.jssc.2020.121722,,1.004764,0.8008537526449752,0.8997533545187238,0.10807678417221521,0.10991856976921179,False,True,True,100,yes,yes,high observed ZT; high-ZT false negative; important candidate for paper; carried from Step14,https://doi.org/10.1016/j.jssc.2020.121722
10.1016_j.jssc.2021.122605__sample_46754,false_positive,1.0,unknown,p,(Ti3C2)0.008SnTe,10.1016/j.jssc.2021.122605,,0.6268886,1.2466389693071134,0.6136168215780095,0.5817880130982489,0.5174666229488121,False,True,True,65,yes,yes,high-ZT false positive; important candidate for paper; high predicted ZT; carried from Step14,https://doi.org/10.1016/j.jssc.2021.122605
10.1016_j.jssc.2021.122605__sample_46755,false_positive,1.0,unknown,p,(Ti3C2)0.015SnTe,10.1016/j.jssc.2021.122605,,0.5603073,1.0887585946685658,0.5826779067684784,0.45028117766351133,0.42463703120001134,False,True,True,65,yes,yes,high-ZT false positive; important candidate for paper; high predicted ZT; carried from Step14,https://doi.org/10.1016/j.jssc.2021.122605
10.1016_j.matchemphys.2009.08.067__sample_20976,false_positive,1.0,unknown,n,Bi2O2Se,10.1016/j.matchemphys.2009.08.067,,0.1302943,7.732458581615023,13.079980696816822,105.89594133380302,0.5799689504951127,False,True,True,90,yes,yes,high-ZT false positive; important candidate for paper; high predicted ZT; carried from Step14,https://doi.org/10.1016/j.matchemphys.2009.08.067
10.1016_j.matchemphys.2017.08.037__sample_38984,true_positive,1.0,unknown,p,Bi2Te3,10.1016/j.matchemphys.2017.08.037,,1.071145,1.0935338184492074,1.123181950679615,0.10719245198515946,0.11619275385743004,False,True,True,65,yes,yes,high observed ZT; important candidate for paper; high predicted ZT,https://doi.org/10.1016/j.matchemphys.2017.08.037
10.1016_j.matdes.2016.09.089__sample_42711,false_positive,1.0,unknown,p,(Bi2Te3)0.25(Sb2Te3)0.75,10.1016/j.matdes.2016.09.089,,0.9985702,1.0192424513412954,1.0030338462687434,0.12912115942975927,0.1261616185913098,False,True,True,65,yes,yes,high-ZT false positive; important candidate for paper; high predicted ZT; carried from Step14,https://doi.org/10.1016/j.matdes.2016.09.089
10.1016_j.matdes.2016.09.089__sample_42712,false_negative,1.0,unknown,p,(Bi2Te3)0.25(Sb2Te3)0.75,10.1016/j.matdes.2016.09.089,,1.041133,0.9585192990262512,1.0360913147767272,0.11141634132057057,0.12225648572876174,False,True,True,90,yes,yes,high observed ZT; high-ZT false negative; important candidate for paper; carried from Step14,https://doi.org/10.1016/j.matdes.2016.09.089
10.1016_j.matdes.2016.09.089__sample_42713,true_positive,1.0,unknown,p,(Bi2Te3)0.25(Sb2Te3)0.75,10.1016/j.matdes.2016.09.089,,1.123154,1.1222595623958764,1.1134550956865723,0.09040658492797826,0.090845275151306,False,True,True,65,yes,yes,high observed ZT; important candidate for paper; high predicted ZT,https://doi.org/10.1016/j.matdes.2016.09.089
10.1016_j.matdes.2016.09.089__sample_42715,false_negative,1.0,unknown,p,(Bi2Te3)0.25(Sb2Te3)0.75,10.1016/j.matdes.2016.09.089,,1.01497,0.9928065880729335,1.0091468248187367,0.04431293959811141,0.039670182426879155,False,True,True,90,yes,yes,high observed ZT; high-ZT false negative; important candidate for paper; carried from Step14,https://doi.org/10.1016/j.matdes.2016.09.089
10.1016_j.materresbull.2012.02.045__sample_5509,true_positive,1.0,unknown,n,Bi2Te3,10.1016/j.materresbull.2012.02.045,,1.03054,1.1266368941531575,1.0291473993300724,0.04232271971186553,0.04144983917542184,False,True,True,65,yes,yes,high observed ZT; important candidate for paper; high predicted ZT,https://doi.org/10.1016/j.materresbull.2012.02.045
10.1016_j.materresbull.2012.03.059__sample_4590,true_positive,1.0,unknown,n,Co4Sb11.3Te0.63Se0.07,10.1016/j.materresbull.2012.03.059,,1.055587,1.3625261310534023,1.0632590372263346,0.1136266398172304,0.13949999023787824,False,True,True,65,yes,yes,high observed ZT; important candidate for paper; high predicted ZT,https://doi.org/10.1016/j.materresbull.2012.03.059
10.1016_j.materresbull.2012.03.059__sample_4591,true_positive,1.0,unknown,n,Co4Sb11.3Te0.6Se0.1,10.1016/j.materresbull.2012.03.059,,1.065791,1.1263399566740688,1.0838815117645026,0.05681128539654482,0.03976120628822564,False,True,True,75,yes,yes,high observed ZT; important candidate for paper; high predicted ZT,https://doi.org/10.1016/j.materresbull.2012.03.059
10.1016_j.materresbull.2012.03.059__sample_4592,false_negative,1.0,unknown,n,Co4Sb11.3Te0.58Se0.12,10.1016/j.materresbull.2012.03.059,,1.100432,0.8152118359771393,0.8642265318625498,0.10712466264612407,0.0875867496202192,False,True,True,100,yes,yes,high observed ZT; high-ZT false negative; important candidate for paper; carried from Step14,https://doi.org/10.1016/j.materresbull.2012.03.059
10.1016_j.materresbull.2012.03.059__sample_4593,true_positive,1.0,unknown,n,Co4Sb11.3Te0.55Se0.15,10.1016/j.materresbull.2012.03.059,,1.086579,1.104317765586423,1.0899096092889766,0.016325334454671915,0.06121266023667156,False,True,True,75,yes,yes,high observed ZT; important candidate for paper; high predicted ZT,https://doi.org/10.1016/j.materresbull.2012.03.059
10.1016_j.materresbull.2012.03.059__sample_4594,false_positive,1.0,unknown,n,Co4Sb11.3Te0.5Se0.2,10.1016/j.materresbull.2012.03.059,,0.9269378,1.1935265727182058,0.9733989971022716,,0.11995904480093787,False,True,True,75,yes,yes,high-ZT false positive; important candidate for paper; high predicted ZT; carried from Step14,https://doi.org/10.1016/j.materresbull.2012.03.059
10.1016_j.materresbull.2012.03.059__sample_4595,false_positive,1.0,unknown,n,Co4Sb11.3Te0.4Se0.3,10.1016/j.materresbull.2012.03.059,,0.8365333,1.0582945091731855,0.9534886456365008,0.06586046324347478,0.06167507080336524,False,True,True,65,yes,yes,high-ZT false positive; important candidate for paper; high predicted ZT; carried from Step14,https://doi.org/10.1016/j.materresbull.2012.03.059
10.1016_j.materresbull.2014.09.057__sample_5518,true_positive,1.0,unknown,n,Bi2Te2.95Se0.05,10.1016/j.materresbull.2014.09.057,,1.110078,1.1237553882538178,1.1013320504445394,0.08761114850456005,0.08683993021470728,False,True,True,65,yes,yes,high observed ZT; important candidate for paper; high predicted ZT,https://doi.org/10.1016/j.materresbull.2014.09.057
10.1016_j.materresbull.2019.01.010__sample_27931,false_negative,1.0,unknown,p,Cu3Sb0.985Sn0.015Se4,10.1016/j.materresbull.2019.01.010,,,0.9418445505940457,1.0824930761400848,,0.07419864102028687,False,True,True,10,no,no,,https://doi.org/10.1016/j.materresbull.2019.01.010
10.1016_j.materresbull.2020.110885__sample_33612,true_positive,1.0,unknown,n,Mg2(Si0.3Sn0.7)0.990Sb0.010,10.1016/j.materresbull.2020.110885,,1.003958,1.4870891329134048,1.008133110081486,0.1709457119211412,0.15874713574187574,False,True,True,65,yes,yes,high observed ZT; important candidate for paper; high predicted ZT,https://doi.org/10.1016/j.materresbull.2020.110885
10.1016_j.materresbull.2020.110885__sample_33613,true_positive,1.0,unknown,n,Mg2(Si0.3Sn0.7)0.985Sb0.015,10.1016/j.materresbull.2020.110885,,1.07078,1.7017974854591325,1.0759222136259516,0.19648790697301433,0.15794564480192436,False,True,True,65,yes,yes,high observed ZT; important candidate for paper; high predicted ZT,https://doi.org/10.1016/j.materresbull.2020.110885
10.1016_j.materresbull.2020.110885__sample_33614,false_negative,1.0,unknown,n,Mg2(Si0.3Sn0.7)0.980Sb0.020,10.1016/j.materresbull.2020.110885,,1.07404,0.7614045277039625,0.819485557606763,0.10719738083974314,0.11703114823172377,False,True,True,90,yes,yes,high observed ZT; high-ZT false negative; important candidate for paper; carried from Step14,https://doi.org/10.1016/j.materresbull.2020.110885
10.1016_j.materresbull.2020.110885__sample_33615,false_positive,1.0,unknown,n,Mg2(Si0.3Sn0.7)0.975Sb0.025,10.1016/j.materresbull.2020.110885,,0.282723,1.6981771547260374,1.046491566076751,0.18306025090291914,0.17016025548267713,False,True,True,75,yes,yes,high-ZT false positive; important candidate for paper; high predicted ZT; carried from Step14,https://doi.org/10.1016/j.materresbull.2020.110885
10.1016_j.materresbull.2020.110924__sample_31193,false_positive,1.0,unknown,p,(Sb2Te3)0.75(Bi2Te3)0.25,10.1016/j.materresbull.2020.110924,,0.988189,1.0470403147211285,1.043925779317821,0.07553395622910661,0.09084480083396046,False,True,True,75,yes,yes,high-ZT false positive; important candidate for paper; high predicted ZT; carried from Step14,https://doi.org/10.1016/j.materresbull.2020.110924
10.1016_j.materresbull.2020.110924__sample_31194,true_positive,1.0,unknown,p,(Sb2Te3)0.75(Bi2Te3)0.25,10.1016/j.materresbull.2020.110924,,1.15748,1.1744715385724567,1.1751694809557245,0.11254360365079887,0.12406467395927664,False,True,True,65,yes,yes,high observed ZT; important candidate for paper; high predicted ZT,https://doi.org/10.1016/j.materresbull.2020.110924
10.1016_j.materresbull.2020.111023__sample_38641,true_positive,1.0,unknown,p,Bi0.5Sb1.5Te3,10.1016/j.materresbull.2020.111023,,1.112814,1.0405275114228847,1.1141527647839966,0.0486878909996039,0.04843442610052265,False,True,True,65,yes,yes,high observed ZT; important candidate for paper; high predicted ZT,https://doi.org/10.1016/j.materresbull.2020.111023
10.1016_j.materresbull.2020.111023__sample_38642,true_positive,1.0,unknown,p,Bi0.5Sb1.5Te3(Zn4Sb3)0.016,10.1016/j.materresbull.2020.111023,,1.178905,1.0734602724667885,1.1720203838921224,0.08152498232081576,0.07941202302498827,False,True,True,65,yes,yes,high observed ZT; important candidate for paper; high predicted ZT,https://doi.org/10.1016/j.materresbull.2020.111023
10.1016_j.materresbull.2020.111023__sample_38643,true_positive,1.0,unknown,p,Bi0.5Sb1.5Te3(Zn4Sb3)0.021,10.1016/j.materresbull.2020.111023,,1.351421,1.206330913692635,1.3534171493338767,0.10516087555893192,0.10274689410720447,False,True,True,65,yes,yes,high observed ZT; important candidate for paper; high predicted ZT,https://doi.org/10.1016/j.materresbull.2020.111023
10.1016_j.materresbull.2020.111023__sample_38644,false_positive,1.0,unknown,p,Bi0.5Sb1.5Te3(Zn4Sb3)0.032,10.1016/j.materresbull.2020.111023,,0.9742865,1.0140541209481981,0.9797544071077878,0.1310437589958482,0.12944993462628876,False,True,True,65,yes,yes,high-ZT false positive; important candidate for paper; high predicted ZT; carried from Step14,https://doi.org/10.1016/j.materresbull.2020.111023
10.1016_j.materresbull.2020.111042__sample_38639,false_positive,1.0,unknown,p,Cu1.98Ni0.02Se,10.1016/j.materresbull.2020.111042,,0.7752544,1.196584358395815,0.7967795713561509,0.9055626822126847,0.8027433453295829,False,True,True,65,yes,yes,high-ZT false positive; important candidate for paper; high predicted ZT; carried from Step14,https://doi.org/10.1016/j.materresbull.2020.111042
10.1016_j.matlet.2012.03.104__sample_4566,false_positive,1.0,unknown,n,Co4Sb11.6Te0.4,10.1016/j.matlet.2012.03.104,,0.9475924,1.1689792876410554,0.9031978967327624,0.1266832126528918,0.10595569501288002,False,True,True,75,yes,yes,high-ZT false positive; important candidate for paper; high predicted ZT; carried from Step14,https://doi.org/10.1016/j.matlet.2012.03.104
10.1016_j.matlet.2012.03.104__sample_4567,false_positive,1.0,unknown,n,Co4Sb11.5Te0.5,10.1016/j.matlet.2012.03.104,,0.8721356,1.22853494967084,0.93382308948989,0.06355292458986744,0.10185482208130198,False,True,True,65,yes,yes,high-ZT false positive; important candidate for paper; high predicted ZT; carried from Step14,https://doi.org/10.1016/j.matlet.2012.03.104
10.1016_j.matlet.2012.03.104__sample_4568,false_positive,1.0,unknown,n,Co4Sb11.4Te0.6,10.1016/j.matlet.2012.03.104,,0.9475769,1.1172293864140308,0.9167125318901794,0.10405188608351806,0.0695019208770346,False,True,True,65,yes,yes,high-ZT false positive; important candidate for paper; high predicted ZT; carried from Step14,https://doi.org/10.1016/j.matlet.2012.03.104
10.1016_j.matlet.2012.03.104__sample_4569,true_positive,1.0,unknown,n,Co4Sb11.5Te0.4S0.1,10.1016/j.matlet.2012.03.104,,1.055782,1.2065405703097323,0.9741610169885876,0.0872342104003056,0.0848130579307826,False,True,True,65,yes,yes,high observed ZT; important candidate for paper; high predicted ZT,https://doi.org/10.1016/j.matlet.2012.03.104
10.1016_j.matlet.2012.03.104__sample_4570,false_positive,1.0,unknown,n,Co4Sb11.4Te0.5S0.1,10.1016/j.matlet.2012.03.104,,,1.0102505337998684,0.9432921946001992,,0.0472862743851848,False,True,True,35,no,yes,high predicted ZT,https://doi.org/10.1016/j.matlet.2012.03.104
10.1016_j.matlet.2012.03.104__sample_4571,true_positive,1.0,unknown,n,Co4Sb11.3Te0.6S0.1,10.1016/j.matlet.2012.03.104,,1.052345,1.3613607125852414,1.0911812014289166,0.01142321079652001,0.08982841296917103,False,True,True,75,yes,yes,high observed ZT; important candidate for paper; high predicted ZT,https://doi.org/10.1016/j.matlet.2012.03.104
10.1016_j.matlet.2018.01.074__sample_38937,false_negative,1.0,unknown,p,Bi0.88Ba0.06Pb0.06CuSeO,10.1016/j.matlet.2018.01.074,,1.011387,0.8148194672297848,0.8823794728020681,0.42330759018843683,0.09193272302262595,False,True,True,90,yes,yes,high observed ZT; high-ZT false negative; important candidate for paper; carried from Step14,https://doi.org/10.1016/j.matlet.2018.01.074
10.1016_j.matlet.2018.07.132__sample_42301,false_positive,1.0,unknown,p,GeTe,10.1016/j.matlet.2018.07.132,,0.9438174,1.477175808829255,0.9167195290924278,0.28180273281359963,0.2916158714064754,False,True,True,65,yes,yes,high-ZT false positive; important candidate for paper; high predicted ZT; carried from Step14,https://doi.org/10.1016/j.matlet.2018.07.132
10.1016_j.matlet.2018.07.132__sample_42304,false_positive,1.0,unknown,p,SnTe,10.1016/j.matlet.2018.07.132,,0.5652906,1.1500195345801862,0.6090577969865842,0.3460581548990629,0.41485091507521854,False,True,True,65,yes,yes,high-ZT false positive; important candidate for paper; high predicted ZT; carried from Step14,https://doi.org/10.1016/j.matlet.2018.07.132
10.1016_j.matlet.2019.126960__sample_36172,false_positive,1.0,unknown,n,Yb0.2Ba0.1Al0.1Ga0.1In0.1La0.05Eu0.05Co4Sb12,10.1016/j.matlet.2019.126960,,0.9780019,1.3108345976790146,1.3001777060016226,0.34451593092376687,0.06581457732455341,False,True,True,65,yes,yes,high-ZT false positive; important candidate for paper; high predicted ZT; carried from Step14,https://doi.org/10.1016/j.matlet.2019.126960
10.1016_j.matlet.2019.126960__sample_36173,true_positive,1.0,unknown,n,Yb0.2Ba0.1Al0.1Ga0.1In0.1La0.05Eu0.05Co4Sb12,10.1016/j.matlet.2019.126960,,1.079416,1.749983490308374,1.8591619540538016,0.6144082372663425,0.06314286122066283,False,True,True,65,yes,yes,high observed ZT; important candidate for paper; high predicted ZT,https://doi.org/10.1016/j.matlet.2019.126960
10.1016_j.matlet.2020.127428__sample_29441,false_positive,1.0,unknown,p,Zn4Sb3,10.1016/j.matlet.2020.127428,,0.9951701,1.1350454265818204,1.141663096960185,0.13275201741748532,0.03396027250252909,False,True,True,65,yes,yes,high-ZT false positive; important candidate for paper; high predicted ZT; carried from Step14,https://doi.org/10.1016/j.matlet.2020.127428
10.1016_j.matlet.2021.130180__sample_45721,false_negative,1.0,unknown,p,Na0.98CoO2,10.1016/j.matlet.2021.130180,,1.131547,0.8881592361201934,0.7991013083403107,0.21509293372684177,0.20322014542160904,False,False,False,90,yes,yes,high observed ZT; high-ZT false negative; important candidate for paper; carried from Step14,https://doi.org/10.1016/j.matlet.2021.130180
10.1016_j.matpr.2019.02.050__sample_39202,false_positive,1.0,unknown,p,FeSi2,10.1016/j.matpr.2019.02.050,,0.01002707,5.22679116473402,10.532561729222849,1836.5213205424288,1.2437769007838628,False,False,False,100,yes,yes,high-ZT false positive; important candidate for paper; high predicted ZT; carried from Step14,https://doi.org/10.1016/j.matpr.2019.02.050
10.1016_j.matpr.2019.02.050__sample_39203,false_positive,1.0,unknown,p,Fe0.92Mn0.08Si2,10.1016/j.matpr.2019.02.050,,0.01587496,19.290417342545112,15.992622349985718,2081.047903234202,1.148587422935645,False,False,False,110,yes,yes,high-ZT false positive; important candidate for paper; high predicted ZT; carried from Step14,https://doi.org/10.1016/j.matpr.2019.02.050
10.1016_j.matpr.2019.02.050__sample_39204,false_positive,1.0,unknown,n,Fe0.97Co0.03Si2,10.1016/j.matpr.2019.02.050,,0.1220138,84.82458396330571,124.86983353763738,1375.402115740573,0.575672376189048,False,False,False,80,yes,yes,high-ZT false positive; important candidate for paper; high predicted ZT; carried from Step14,https://doi.org/10.1016/j.matpr.2019.02.050
10.1016_j.matpr.2019.02.050__sample_39205,false_positive,1.0,unknown,p,FeSi1.93Al0.07,10.1016/j.matpr.2019.02.050,,0.05535725,46.75462491246808,56.05925564754476,1015.8718444619991,0.15111063998210822,False,False,False,80,yes,yes,high-ZT false positive; important candidate for paper; high predicted ZT; carried from Step14,https://doi.org/10.1016/j.matpr.2019.02.050
10.1016_j.matpr.2019.02.050__sample_39206,false_positive,1.0,unknown,n,FeSi1.95P0.05,10.1016/j.matpr.2019.02.050,,0.02081825,10.186946467534403,21.637833389549964,1933.1078247217501,1.2626344326366647,False,False,False,100,yes,yes,high-ZT false positive; important candidate for paper; high predicted ZT; carried from Step14,https://doi.org/10.1016/j.matpr.2019.02.050
10.1016_j.mattod.2017.11.005__sample_41016,true_positive,1.0,unknown,p,Sn0.97Na0.03Se0.9S0.1,10.1016/j.mattod.2017.11.005,,2.298333,4.326452701432048,2.1605383662136237,0.45411726034538,0.47683283376167596,False,True,True,65,yes,yes,high observed ZT; important candidate for paper; high predicted ZT,https://doi.org/10.1016/j.mattod.2017.11.005
10.1016_j.mattod.2017.11.005__sample_41017,true_positive,1.0,unknown,p,Sn0.97Na0.03Se,10.1016/j.mattod.2017.11.005,,1.6136,2.775212406514114,2.6307108169958737,0.7198887001202989,0.05492872442865205,False,True,True,75,yes,yes,high observed ZT; important candidate for paper; high predicted ZT,https://doi.org/10.1016/j.mattod.2017.11.005
10.1016_j.mattod.2020.01.002__sample_38584,true_positive,1.0,unknown,n,(Hf0.6Zr0.4)NiSn0.99Sb0.01W0.035,10.1016/j.mattod.2020.01.002,,1.054351,1.1394935088769549,1.0547231631345508,0.1350541299754394,0.13601727877716846,False,True,True,65,yes,yes,high observed ZT; important candidate for paper; high predicted ZT,https://doi.org/10.1016/j.mattod.2020.01.002
10.1016_j.mattod.2020.01.002__sample_38585,true_positive,1.0,unknown,n,(Hf0.6Zr0.4)NiSn0.99Sb0.01W0.087,10.1016/j.mattod.2020.01.002,,1.379181,1.4644083381961355,1.3422490888332903,0.09087091175009819,0.07182037120695255,False,True,True,65,yes,yes,high observed ZT; important candidate for paper; high predicted ZT,https://doi.org/10.1016/j.mattod.2020.01.002
10.1016_j.mattod.2020.01.002__sample_38586,true_positive,1.0,unknown,n,(Hf0.6Zr0.4)NiSn0.99Sb0.01W0.175,10.1016/j.mattod.2020.01.002,,1.110966,1.148252712372436,1.1167423051968353,0.16573370366516296,0.16962436647641543,False,True,True,65,yes,yes,high observed ZT; important candidate for paper; high predicted ZT,https://doi.org/10.1016/j.mattod.2020.01.002
10.1016_j.mseb.2015.01.008__sample_9245,false_positive,1.0,unknown,n,Mg2Si,10.1016/j.mseb.2015.01.008,,0.1400365,1.6024513963612181,1.0307600835989006,8.767340583980065,0.6501273691107331,False,False,False,90,yes,yes,high-ZT false positive; important candidate for paper; high predicted ZT; carried from Step14,https://doi.org/10.1016/j.mseb.2015.01.008
10.1016_j.mseb.2021.115338__sample_46021,true_positive,1.0,unknown,n,Mg1.98Cr0.02(Si0.3Sn0.7)0.98Bi0.02,10.1016/j.mseb.2021.115338,,1.572583,1.8598276040798045,1.5506352301573223,0.07478549138788702,0.07074817058181133,False,True,False,60,yes,yes,high observed ZT; important candidate for paper; high predicted ZT,https://doi.org/10.1016/j.mseb.2021.115338
10.1016_j.mssp.2016.07.024__sample_2800,true_positive,1.0,unknown,p,PbTe0.85Se0.15,10.1016/j.mssp.2016.07.024,,1.27216,1.2255599621195035,1.1514652497614617,0.007438009725495,0.064348196676705,False,True,True,75,yes,yes,high observed ZT; important candidate for paper; high predicted ZT,https://doi.org/10.1016/j.mssp.2016.07.024
10.1016_j.mssp.2016.07.024__sample_2801,false_negative,1.0,unknown,p,PbTe0.85Se0.15,10.1016/j.mssp.2016.07.024,,1.181292,0.9117403122091376,1.0954544384999567,,0.16770585780124742,False,True,True,100,yes,yes,high observed ZT; high-ZT false negative; important candidate for paper; carried from Step14,https://doi.org/10.1016/j.mssp.2016.07.024
10.1016_j.mssp.2019.104848__sample_34636,false_positive,1.0,unknown,p,Cu1.8Na0.038S1.019,10.1016/j.mssp.2019.104848,,0.7666856,1.2033092414767292,0.7917396646982892,0.23123918143524183,0.2178688496440481,False,False,False,55,yes,yes,high-ZT false positive; important candidate for paper; high predicted ZT; carried from Step14,https://doi.org/10.1016/j.mssp.2019.104848
10.1016_j.mssp.2020.104955__sample_26929,true_positive,1.0,unknown,p,Ge0.85Pb0.10Bi0.05Te,10.1016/j.mssp.2020.104955,,1.077044,1.0939115676675262,1.0621825808531482,0.0823870944718996,0.0853498258056922,False,True,True,65,yes,yes,high observed ZT; important candidate for paper; high predicted ZT,https://doi.org/10.1016/j.mssp.2020.104955
10.1016_j.mssp.2020.104955__sample_26933,true_positive,1.0,unknown,p,Ge0.86Pb0.10Bi0.04Te,10.1016/j.mssp.2020.104955,,1.094627,1.1207749664979632,1.0950728313588525,0.08819729126267632,0.09889877324043912,False,True,True,65,yes,yes,high observed ZT; important candidate for paper; high predicted ZT,https://doi.org/10.1016/j.mssp.2020.104955
10.1016_j.mssp.2020.104955__sample_26936,true_positive,1.0,unknown,p,Ge0.84Pb0.10Bi0.06Te,10.1016/j.mssp.2020.104955,,1.080819,1.0337994620872173,1.072927507469913,0.10444857107227352,0.10688794636061467,False,True,True,65,yes,yes,high observed ZT; important candidate for paper; high predicted ZT,https://doi.org/10.1016/j.mssp.2020.104955
10.1016_j.mssp.2020.105292__sample_36282,true_positive,1.0,unknown,p,Bi0.5Sb1.5Te3.010,10.1016/j.mssp.2020.105292,,1.086305,1.184279204811032,0.9997711243929364,0.14953945416249406,0.15104762892228518,False,True,True,65,yes,yes,high observed ZT; important candidate for paper; high predicted ZT,https://doi.org/10.1016/j.mssp.2020.105292
10.1016_j.mssp.2020.105292__sample_36283,false_positive,1.0,unknown,p,Bi0.5Sb1.5Te3.015,10.1016/j.mssp.2020.105292,,0.9990098,1.1635902561862395,0.9709858441369408,0.18036017731329843,0.18234654803399353,False,True,True,65,yes,yes,high-ZT false positive; important candidate for paper; high predicted ZT; carried from Step14,https://doi.org/10.1016/j.mssp.2020.105292
10.1016_j.mssp.2020.105292__sample_36284,false_positive,1.0,unknown,p,Bi0.5Sb1.5Te3.020,10.1016/j.mssp.2020.105292,,0.8348486,1.1113730548112388,0.9207133723983832,0.17382108534608218,0.1849037606767525,False,True,True,65,yes,yes,high-ZT false positive; important candidate for paper; high predicted ZT; carried from Step14,https://doi.org/10.1016/j.mssp.2020.105292
10.1016_j.mssp.2020.105393__sample_38624,false_positive,1.0,unknown,n,Pb0.96Bi0.04S,10.1016/j.mssp.2020.105393,,0.8948312,1.119894758522608,0.900926036787428,0.09453907963194963,0.09374611102210119,False,True,True,65,yes,yes,high-ZT false positive; important candidate for paper; high predicted ZT; carried from Step14,https://doi.org/10.1016/j.mssp.2020.105393
10.1016_j.mssp.2020.105393__sample_38627,false_positive,1.0,unknown,n,Pb0.96Bi0.04S,10.1016/j.mssp.2020.105393,,,1.2519961028864468,0.8314446009192024,,0.17371572925466736,False,True,True,35,no,yes,high predicted ZT,https://doi.org/10.1016/j.mssp.2020.105393
10.1016_j.mssp.2020.105393__sample_38628,false_positive,1.0,unknown,n,Pb0.96Bi0.04S,10.1016/j.mssp.2020.105393,,,1.2363852216347384,0.8200733404309419,,0.1923372013857106,False,True,True,35,no,yes,high predicted ZT,https://doi.org/10.1016/j.mssp.2020.105393
10.1016_j.mssp.2021.105979__sample_45733,false_positive,1.0,unknown,p,Bi2Te2.7Se0.3,10.1016/j.mssp.2021.105979,,0.9997629,1.7775867255322413,0.9747955957048948,0.6882601209557913,0.6977051749014818,False,True,True,65,yes,yes,high-ZT false positive; important candidate for paper; high predicted ZT; carried from Step14,https://doi.org/10.1016/j.mssp.2021.105979
10.1016_j.mssp.2021.105979__sample_45734,false_positive,1.0,unknown,p,Bi0.5Sb1.5Te3,10.1016/j.mssp.2021.105979,,0.9703879,2.0038679561554447,0.941693238337844,1.0650174596730284,1.1279413237504128,False,True,True,120,yes,yes,high-ZT false positive; important candidate for paper; high predicted ZT; carried from Step14,https://doi.org/10.1016/j.mssp.2021.105979
10.1016_j.mtener.2018.06.011__sample_40671,true_positive,1.0,unknown,p,(Bi0.5Sb1.5Te3)96.19(Ni)3.31(Cu)0.51,10.1016/j.mtener.2018.06.011,,1.025337,1.1133915625513504,1.027293494429254,0.13164100359950426,0.11689530404700518,False,True,True,65,yes,yes,high observed ZT; important candidate for paper; high predicted ZT,https://doi.org/10.1016/j.mtener.2018.06.011
10.1016_j.mtener.2018.06.011__sample_40672,true_positive,1.0,unknown,p,(Bi0.5Sb1.5Te3)95.21(Ni)3.28(Cu)1.51,10.1016/j.mtener.2018.06.011,,1.157301,1.3354152838238216,1.0695150249606855,0.15593019208385644,0.1785587959900969,False,True,True,65,yes,yes,high observed ZT; important candidate for paper; high predicted ZT,https://doi.org/10.1016/j.mtener.2018.06.011
10.1016_j.mtener.2018.06.011__sample_40673,true_positive,1.0,unknown,p,(Bi0.5Sb1.5Te3)94.26(Ni)3.25(Cu)2.5,10.1016/j.mtener.2018.06.011,,1.157122,1.2326502605377476,1.18216383755113,0.11692868188847319,0.11483607148289755,False,True,True,65,yes,yes,high observed ZT; important candidate for paper; high predicted ZT,https://doi.org/10.1016/j.mtener.2018.06.011
10.1016_j.mtla.2018.08.018__sample_39968,false_positive,1.0,unknown,p,(Cu12Sb4S13)0.97(InSb)0.03,10.1016/j.mtla.2018.08.018,,0.7742224,1.1433443744713858,0.8917064915111799,0.11276708831404512,0.13666379610188914,False,True,True,65,yes,yes,high-ZT false positive; important candidate for paper; high predicted ZT; carried from Step14,https://doi.org/10.1016/j.mtla.2018.08.018
10.1016_j.mtphys.2017.09.001__sample_43310,false_positive,1.0,unknown,n,Bi2Te2.7Se0.3,10.1016/j.mtphys.2017.09.001,,0.9329283,1.115649277712617,0.9330899340392949,0.12624446902939274,0.12607628616813313,False,True,True,65,yes,yes,high-ZT false positive; important candidate for paper; high predicted ZT; carried from Step14,https://doi.org/10.1016/j.mtphys.2017.09.001
10.1016_j.mtphys.2017.09.001__sample_43312,false_positive,1.0,unknown,n,Ag0.003Bi2Te2.7Se0.3,10.1016/j.mtphys.2017.09.001,,0.9777778,1.0529817735711833,0.9732147315395918,0.08552864046842827,0.09044298420676058,False,True,True,65,yes,yes,high-ZT false positive; important candidate for paper; high predicted ZT; carried from Step14,https://doi.org/10.1016/j.mtphys.2017.09.001
10.1016_j.mtphys.2017.09.001__sample_43313,false_positive,1.0,unknown,n,Ag0.005Bi2Te2.7Se0.3,10.1016/j.mtphys.2017.09.001,,0.9750343,1.0542900778006294,0.9671474116706864,0.08656051903757148,0.08912732881224553,False,True,True,65,yes,yes,high-ZT false positive; important candidate for paper; high predicted ZT; carried from Step14,https://doi.org/10.1016/j.mtphys.2017.09.001
10.1016_j.mtphys.2017.09.001__sample_43315,false_positive,1.0,unknown,n,Ag0.007Bi2Te2.7Se0.3,10.1016/j.mtphys.2017.09.001,,0.9886299,1.0723418979140336,0.99755059103393,0.07736754376718505,0.08196499566638019,False,True,True,65,yes,yes,high-ZT false positive; important candidate for paper; high predicted ZT; carried from Step14,https://doi.org/10.1016/j.mtphys.2017.09.001
10.1016_j.mtphys.2017.09.001__sample_43318,false_positive,1.0,unknown,n,Ag0.009Bi2Te2.7Se0.3,10.1016/j.mtphys.2017.09.001,,0.9846365,1.048525535759867,0.9850749706833128,0.06731334294687756,0.07211354747738329,False,True,True,65,yes,yes,high-ZT false positive; important candidate for paper; high predicted ZT; carried from Step14,https://doi.org/10.1016/j.mtphys.2017.09.001
10.1016_j.mtphys.2017.09.001__sample_43319,false_positive,1.0,unknown,n,Ag0.011Bi2Te2.7Se0.3,10.1016/j.mtphys.2017.09.001,,0.9935811,1.0870509631067364,0.9936825843136992,0.09233191114999646,0.07721046746970035,False,True,True,65,yes,yes,high-ZT false positive; important candidate for paper; high predicted ZT; carried from Step14,https://doi.org/10.1016/j.mtphys.2017.09.001
10.1016_j.mtphys.2017.09.001__sample_43327,true_positive,1.0,unknown,n,Ag0.011Bi2Te2.7Se0.3,10.1016/j.mtphys.2017.09.001,,1.107002,1.188122390959791,1.1107367636677024,0.07124619915896782,0.07042410285601539,False,True,True,65,yes,yes,high observed ZT; important candidate for paper; high predicted ZT,https://doi.org/10.1016/j.mtphys.2017.09.001
10.1016_j.mtphys.2018.05.001__sample_44011,true_positive,1.0,unknown,n,Ag9GaSe5.98,10.1016/j.mtphys.2018.05.001,,1.302239,1.6528342992830671,1.3087280880493497,0.16681204450897652,0.16367288696917343,False,True,True,65,yes,yes,high observed ZT; important candidate for paper; high predicted ZT,https://doi.org/10.1016/j.mtphys.2018.05.001
10.1016_j.mtphys.2018.05.001__sample_44012,true_positive,1.0,unknown,n,Ag9GaSe5.68Te0.3,10.1016/j.mtphys.2018.05.001,,1.45101,2.0128600270072186,1.4478222940882948,0.18399452762494645,0.18627637206009323,False,True,True,65,yes,yes,high observed ZT; important candidate for paper; high predicted ZT,https://doi.org/10.1016/j.mtphys.2018.05.001
10.1016_j.mtphys.2018.05.001__sample_44013,true_positive,1.0,unknown,n,Ag9GaSe5.53Te0.45,10.1016/j.mtphys.2018.05.001,,1.560953,2.2796337737651076,1.5808941584113956,0.17692168166847383,0.16791024921082334,False,True,True,65,yes,yes,high observed ZT; important candidate for paper; high predicted ZT,https://doi.org/10.1016/j.mtphys.2018.05.001
10.1016_j.mtphys.2018.05.001__sample_44014,true_positive,1.0,unknown,n,Ag9GaSe5.38Te0.6,10.1016/j.mtphys.2018.05.001,,1.376961,2.0106418165017654,1.3633260101345632,0.27884244435654953,0.2401311818242402,False,True,True,65,yes,yes,high observed ZT; important candidate for paper; high predicted ZT,https://doi.org/10.1016/j.mtphys.2018.05.001
10.1016_j.mtphys.2018.05.001__sample_44015,true_positive,1.0,unknown,n,Ag9GaSe5.23Te0.75,10.1016/j.mtphys.2018.05.001,,1.367921,1.9987640443084702,1.3325676409126268,0.20363572213600425,0.20556005214787806,False,True,True,65,yes,yes,high observed ZT; important candidate for paper; high predicted ZT,https://doi.org/10.1016/j.mtphys.2018.05.001
10.1016_j.mtphys.2018.11.002__sample_23396,false_positive,1.0,unknown,p,Zr0.5Hf0.5CoSb0.8Sn0.2,10.1016/j.mtphys.2018.11.002,,0.8422534,1.2409084065445546,0.8775804079745898,0.4733195574450095,0.3607314213403088,False,True,True,75,yes,yes,high-ZT false positive; important candidate for paper; high predicted ZT; carried from Step14,https://doi.org/10.1016/j.mtphys.2018.11.002
10.1016_j.mtphys.2020.100180__sample_34195,false_positive,1.0,unknown,p,Cu2ErTe3,10.1016/j.mtphys.2020.100180,,0.1283944,1.490106927615977,0.7269510480091018,0.3491135416805088,0.6783674012124598,False,True,True,75,yes,yes,high-ZT false positive; important candidate for paper; high predicted ZT; carried from Step14,https://doi.org/10.1016/j.mtphys.2020.100180
10.1016_j.mtphys.2020.100180__sample_34197,false_positive,1.0,unknown,p,Cu2.7Ag0.3ErTe3,10.1016/j.mtphys.2020.100180,,0.7135401,1.9059901501203624,1.0150925742848962,,0.8776515545521335,False,True,True,75,yes,yes,high-ZT false positive; important candidate for paper; high predicted ZT; carried from Step14,https://doi.org/10.1016/j.mtphys.2020.100180
10.1016_j.mtphys.2020.100206__sample_35858,true_positive,1.0,unknown,n,Ce0.15Co4Sb12,10.1016/j.mtphys.2020.100206,,,1.1347085612620775,1.174205089513764,,0.04342233218225288,False,True,True,35,no,yes,high predicted ZT,https://doi.org/10.1016/j.mtphys.2020.100206
10.1016_j.mtphys.2020.100206__sample_35859,true_positive,1.0,unknown,n,Y0.025Ce0.15Co4Sb12,10.1016/j.mtphys.2020.100206,,,1.303018440400714,1.257278061518455,,0.047825378064052175,False,True,True,35,no,yes,high predicted ZT,https://doi.org/10.1016/j.mtphys.2020.100206
10.1016_j.mtphys.2020.100206__sample_35860,true_positive,1.0,unknown,n,Y0.05Ce0.15Co4Sb12,10.1016/j.mtphys.2020.100206,,,1.3562790797224396,1.367381907905271,,0.04648206605488652,False,True,True,35,no,yes,high predicted ZT,https://doi.org/10.1016/j.mtphys.2020.100206
10.1016_j.mtphys.2020.100206__sample_35861,true_positive,1.0,unknown,n,Y0.1Ce0.15Co4Sb12,10.1016/j.mtphys.2020.100206,,,1.2527097590832301,1.2102109259513691,,0.05193247637564156,False,True,True,35,no,yes,high predicted ZT,https://doi.org/10.1016/j.mtphys.2020.100206
10.1016_j.mtphys.2020.100221__sample_33592,false_negative,1.0,unknown,p,Na0.02Sn0.98S0.5Se0.5,10.1016/j.mtphys.2020.100221,,1.032763,0.4033096739244318,0.6225598157021484,0.4204139416371682,0.22070038390784757,False,True,True,100,yes,yes,high observed ZT; high-ZT false negative; important candidate for paper; carried from Step14,https://doi.org/10.1016/j.mtphys.2020.100221
10.1016_j.mtphys.2020.100223__sample_34480,true_positive,1.0,unknown,n,PEDOT:PSSe-coated Ag2Se/CuAgSe,10.1016/j.mtphys.2020.100223,,,1.1508160417428532,1.1681841907097987,,0.11225910149871707,False,True,True,35,no,yes,high predicted ZT,https://doi.org/10.1016/j.mtphys.2020.100223
10.1016_j.mtphys.2021.100444__sample_45584,true_positive,1.0,unknown,p,Ge0.9Sb0.1Te,10.1016/j.mtphys.2021.100444,,1.792042,1.6106151382121345,1.8098876452789168,0.19351309188298804,0.20095389628845461,False,True,True,65,yes,yes,high observed ZT; important candidate for paper; high predicted ZT,https://doi.org/10.1016/j.mtphys.2021.100444
10.1016_j.mtphys.2021.100444__sample_45585,true_positive,1.0,unknown,p,(Ge0.9Sb0.1Te)0.995(FeTe2)0.005,10.1016/j.mtphys.2021.100444,,1.801592,1.387183482555912,1.7423958318713129,0.19816317037511735,0.15803721456589237,False,True,True,75,yes,yes,high observed ZT; important candidate for paper; high predicted ZT,https://doi.org/10.1016/j.mtphys.2021.100444
10.1016_j.mtphys.2021.100444__sample_45586,true_positive,1.0,unknown,p,(Ge0.9Sb0.1Te)0.99(FeTe2)0.01,10.1016/j.mtphys.2021.100444,,1.916967,1.9742906384505754,2.0002292864197555,0.18757086124232014,0.15792944716191534,False,True,True,65,yes,yes,high observed ZT; important candidate for paper; high predicted ZT,https://doi.org/10.1016/j.mtphys.2021.100444
10.1016_j.mtphys.2021.100444__sample_45587,true_positive,1.0,unknown,p,(Ge0.9Sb0.1Te)0.985(FeTe2)0.015,10.1016/j.mtphys.2021.100444,,1.928685,1.7942304726698375,1.903948050434088,0.13370037790080158,0.1463421772019992,False,True,True,65,yes,yes,high observed ZT; important candidate for paper; high predicted ZT,https://doi.org/10.1016/j.mtphys.2021.100444
10.1016_j.mtphys.2021.100444__sample_45588,true_positive,1.0,unknown,p,(Ge0.9Sb0.1Te)0.98(FeTe2)0.02,10.1016/j.mtphys.2021.100444,,1.826325,1.6282647710276825,1.8141146012740597,0.1431581472522749,0.12720528362534808,False,True,True,65,yes,yes,high observed ZT; important candidate for paper; high predicted ZT,https://doi.org/10.1016/j.mtphys.2021.100444
10.1016_j.mtphys.2021.100497__sample_45589,true_positive,1.0,unknown,p,Ge0.9Sb0.1Te,10.1016/j.mtphys.2021.100497,,1.746905,1.5902346471833972,1.7378535092895593,0.1837022892176772,0.1944129218867014,False,True,True,65,yes,yes,high observed ZT; important candidate for paper; high predicted ZT,https://doi.org/10.1016/j.mtphys.2021.100497
10.1016_j.mtphys.2021.100497__sample_45590,true_positive,1.0,unknown,p,Ge0.89Al0.01Sb0.1Te,10.1016/j.mtphys.2021.100497,,1.81912,1.4523007361448117,1.8117834557154529,0.19708843219380462,0.19787382053014976,False,True,True,65,yes,yes,high observed ZT; important candidate for paper; high predicted ZT,https://doi.org/10.1016/j.mtphys.2021.100497
10.1016_j.mtphys.2021.100497__sample_45591,true_positive,1.0,unknown,p,Ge0.88Al0.02Sb0.1Te,10.1016/j.mtphys.2021.100497,,1.84663,1.8938734815880467,1.8897921563249789,0.14521752650361455,0.14454646947004163,False,True,True,65,yes,yes,high observed ZT; important candidate for paper; high predicted ZT,https://doi.org/10.1016/j.mtphys.2021.100497
10.1016_j.mtphys.2021.100497__sample_45592,true_positive,1.0,unknown,p,Ge0.87Al0.03Sb0.1Te,10.1016/j.mtphys.2021.100497,,2.059835,1.9738012272711583,2.0737983996146503,0.20380018355292726,0.1869591732985414,False,True,True,65,yes,yes,high observed ZT; important candidate for paper; high predicted ZT,https://doi.org/10.1016/j.mtphys.2021.100497
10.1016_j.mtphys.2021.100497__sample_45593,true_positive,1.0,unknown,p,Ge0.86Al0.04Sb0.1Te,10.1016/j.mtphys.2021.100497,,1.599037,1.6425841202899014,1.6108015425958673,0.12485916249676787,0.1015218411145379,False,True,True,65,yes,yes,high observed ZT; important candidate for paper; high predicted ZT,https://doi.org/10.1016/j.mtphys.2021.100497
10.1016_j.mtphys.2021.100497__sample_45594,true_positive,1.0,unknown,p,Ge0.85Al0.05Sb0.1Te,10.1016/j.mtphys.2021.100497,,1.426243,1.6307478824814277,1.5678916405704608,0.09166547036562425,0.06648036800644912,False,True,True,65,yes,yes,high observed ZT; important candidate for paper; high predicted ZT,https://doi.org/10.1016/j.mtphys.2021.100497
10.1016_j.mtphys.2021.100497__sample_45595,true_positive,1.0,unknown,p,Ge0.76Pb0.1Sb0.1Te,10.1016/j.mtphys.2021.100497,,1.825997,1.5673773857808042,1.899375762912152,0.46873416404433893,0.4544770964242821,False,True,True,65,yes,yes,high observed ZT; important candidate for paper; high predicted ZT,https://doi.org/10.1016/j.mtphys.2021.100497
10.1016_j.mtphys.2021.100497__sample_45596,true_positive,1.0,unknown,p,Ge0.75Al0.01Pb0.1Sb0.1Te,10.1016/j.mtphys.2021.100497,,2.052957,1.4069397144331828,2.1350468721826936,0.681387217951474,0.6441479710246191,False,True,True,65,yes,yes,high observed ZT; important candidate for paper; high predicted ZT,https://doi.org/10.1016/j.mtphys.2021.100497
10.1016_j.mtphys.2021.100497__sample_45597,true_positive,1.0,unknown,p,Ge0.745Al0.015Pb0.1Sb0.1Te,10.1016/j.mtphys.2021.100497,,2.156121,1.6525942245025231,2.141363964284315,0.3669533687497637,0.4234420419672752,False,True,True,65,yes,yes,high observed ZT; important candidate for paper; high predicted ZT,https://doi.org/10.1016/j.mtphys.2021.100497
10.1016_j.mtphys.2021.100497__sample_45598,true_positive,1.0,unknown,p,Ge0.74Al0.02Pb0.1Sb0.1Te,10.1016/j.mtphys.2021.100497,,2.22971,1.8521001123197476,2.257485731723264,0.3148891755109723,0.3219114985925764,False,True,True,65,yes,yes,high observed ZT; important candidate for paper; high predicted ZT,https://doi.org/10.1016/j.mtphys.2021.100497
10.1016_j.mtphys.2021.100497__sample_45599,true_positive,1.0,unknown,p,Ge0.73Al0.03Pb0.1Sb0.1Te,10.1016/j.mtphys.2021.100497,,2.069919,1.5735048539443552,1.919464834759256,0.33726806178916385,0.2911930832950347,False,True,True,65,yes,yes,high observed ZT; important candidate for paper; high predicted ZT,https://doi.org/10.1016/j.mtphys.2021.100497
10.1016_j.mtphys.2021.100497__sample_45600,true_positive,1.0,unknown,p,Ge0.72Al0.04Pb0.1Sb0.1Te,10.1016/j.mtphys.2021.100497,,1.114168,1.4043345125410471,1.6365086724767142,0.28309063577180976,0.24057094195818163,False,True,True,65,yes,yes,high observed ZT; important candidate for paper; high predicted ZT,https://doi.org/10.1016/j.mtphys.2021.100497
10.1016_j.nanoen.2012.07.020__sample_11946,false_positive,1.0,unknown,n,Hf0.5Ti0.25Zr0.25NiSn0.99Sb0.01,10.1016/j.nanoen.2012.07.020,,0.9953421,1.143213843875601,1.0259593527453013,0.15149497928546138,0.10624938135293087,False,True,True,75,yes,yes,high-ZT false positive; important candidate for paper; high predicted ZT; carried from Step14,https://doi.org/10.1016/j.nanoen.2012.07.020
10.1016_j.nanoen.2013.09.009__sample_14054,true_positive,1.0,unknown,n,AgPb18SbSe19.964Cl0.036,10.1016/j.nanoen.2013.09.009,,1.096324,1.6791055715185446,1.1579505468347937,0.27226855683771384,0.24784132459918387,False,True,True,65,yes,yes,high observed ZT; important candidate for paper; high predicted ZT,https://doi.org/10.1016/j.nanoen.2013.09.009
10.1016_j.nanoen.2013.09.009__sample_14055,true_positive,1.0,unknown,n,AgPb18SbSe19.928Cl0.072,10.1016/j.nanoen.2013.09.009,,1.283333,1.6541480004410032,1.316595767263899,0.19699091781557473,0.1822903475188207,False,True,True,65,yes,yes,high observed ZT; important candidate for paper; high predicted ZT,https://doi.org/10.1016/j.nanoen.2013.09.009
10.1016_j.nanoen.2013.09.009__sample_14056,true_positive,1.0,unknown,n,AgPb18SbSe19.856Cl0.144,10.1016/j.nanoen.2013.09.009,,1.171814,1.57371487084114,1.1914954971369616,0.24371177107603664,0.2297673385112791,False,True,True,65,yes,yes,high observed ZT; important candidate for paper; high predicted ZT,https://doi.org/10.1016/j.nanoen.2013.09.009
10.1016_j.nanoen.2013.09.009__sample_14057,true_positive,1.0,unknown,n,AgPb18SbSe19.73Cl0.27,10.1016/j.nanoen.2013.09.009,,1.111765,1.468245517408492,1.1320701794096193,0.21647493682144078,0.2185195091852834,False,True,True,65,yes,yes,high observed ZT; important candidate for paper; high predicted ZT,https://doi.org/10.1016/j.nanoen.2013.09.009
10.1016_j.nanoen.2015.07.012__sample_14067,true_positive,1.0,unknown,p,Cu2Se,10.1016/j.nanoen.2015.07.012,,1.822264,3.5572309907434425,1.9175615389338163,0.3542926318643129,0.3412520341805423,False,True,True,65,yes,yes,high observed ZT; important candidate for paper; high predicted ZT,https://doi.org/10.1016/j.nanoen.2015.07.012
10.1016_j.nanoen.2016.02.040__sample_3174,false_positive,1.0,unknown,n,Pb0.98In0.02Te0.7S0.3,10.1016/j.nanoen.2016.02.040,,0.5029935,1.267826227086912,0.8973705838150012,,0.4182721430758013,False,True,True,75,yes,yes,high-ZT false positive; important candidate for paper; high predicted ZT; carried from Step14,https://doi.org/10.1016/j.nanoen.2016.02.040
10.1016_j.nanoen.2016.11.016__sample_10934,true_positive,1.0,unknown,n,Co23.4Sb69.1Si1.5Te6,10.1016/j.nanoen.2016.11.016,,1.639542,2.0354466040008634,1.5819493901445287,0.15166670135913543,0.16284351085113358,False,True,True,65,yes,yes,high observed ZT; important candidate for paper; high predicted ZT,https://doi.org/10.1016/j.nanoen.2016.11.016
10.1016_j.nanoen.2016.11.016__sample_10935,true_positive,1.0,unknown,n,Co23Sb67Te10,10.1016/j.nanoen.2016.11.016,,1.242346,1.2544007109544044,1.2215342869900567,0.03728028451837202,0.033230688387687286,False,True,True,65,yes,yes,high observed ZT; important candidate for paper; high predicted ZT,https://doi.org/10.1016/j.nanoen.2016.11.016
10.1016_j.nanoen.2017.10.034__sample_43298,false_positive,1.0,unknown,n,Bi2Te2.4Se0.6,10.1016/j.nanoen.2017.10.034,,0.8628227,1.0488464322678381,0.9235062451075932,0.14845913535244304,0.15281664429171626,False,True,True,65,yes,yes,high-ZT false positive; important candidate for paper; high predicted ZT; carried from Step14,https://doi.org/10.1016/j.nanoen.2017.10.034
10.1016_j.nanoen.2017.10.034__sample_43300,true_positive,1.0,unknown,n,Bi2Te2.4Se0.6,10.1016/j.nanoen.2017.10.034,,1.225895,1.3370376357280376,1.2085712957019163,0.08970136225789871,0.09375508390861892,False,True,True,65,yes,yes,high observed ZT; important candidate for paper; high predicted ZT,https://doi.org/10.1016/j.nanoen.2017.10.034
10.1016_j.nanoen.2017.11.019__sample_41294,false_negative,1.0,unknown,p,YbZn1.90In0.10Sb2,10.1016/j.nanoen.2017.11.019,,1.223556,0.061859124793176755,0.0618913421179116,0.833534991306814,0.028716813451127095,False,True,True,100,yes,yes,high observed ZT; high-ZT false negative; important candidate for paper; carried from Step14,https://doi.org/10.1016/j.nanoen.2017.11.019
10.1016_j.nanoen.2017.11.019__sample_41295,false_negative,1.0,unknown,p,Yb1.05Zn1.90In0.10Sb2(InSb)0.05,10.1016/j.nanoen.2017.11.019,,1.484265,0.04393797680997994,0.0452933823480351,,0.02992502365224574,False,True,True,100,yes,yes,high observed ZT; high-ZT false negative; important candidate for paper; carried from Step14,https://doi.org/10.1016/j.nanoen.2017.11.019
10.1016_j.nanoen.2017.11.019__sample_41296,false_negative,1.0,unknown,p,Yb1.07Zn1.90In0.10Sb2(InSb)0.07,10.1016/j.nanoen.2017.11.019,,3.094071,0.19972872736284275,0.1963123056722544,0.8292957712440705,0.017402993046661545,False,True,True,100,yes,yes,high observed ZT; high-ZT false negative; important candidate for paper; carried from Step14,https://doi.org/10.1016/j.nanoen.2017.11.019
10.1016_j.nanoen.2018.09.025__sample_43728,false_negative,1.0,unknown,p,Sn0.98Pb0.01Zn0.01Se,10.1016/j.nanoen.2018.09.025,,2.205143,0.6852833329738071,2.1631623248410867,1.4137167940557194,0.8498191884979206,False,True,True,115,yes,yes,high observed ZT; high-ZT false negative; important candidate for paper; carried from Step14,https://doi.org/10.1016/j.nanoen.2018.09.025
10.1016_j.nanoen.2018.09.025__sample_43729,false_negative,1.0,unknown,p,Sn0.97Pb0.01Zn0.02Se,10.1016/j.nanoen.2018.09.025,,1.921429,0.46913634724835984,1.832502879027999,0.6727275467664744,0.9038880237932102,False,True,True,90,yes,yes,high observed ZT; high-ZT false negative; important candidate for paper; carried from Step14,https://doi.org/10.1016/j.nanoen.2018.09.025
10.1016_j.nanoen.2018.09.025__sample_43730,false_negative,1.0,unknown,p,Sn0.96Pb0.01Zn0.03Se,10.1016/j.nanoen.2018.09.025,,2.046429,0.7748444813453762,2.027655217936993,0.2707361807298956,0.2641484923945531,False,True,True,90,yes,yes,high observed ZT; high-ZT false negative; important candidate for paper; carried from Step14,https://doi.org/10.1016/j.nanoen.2018.09.025
10.1016_j.nanoen.2018.09.025__sample_43732,false_negative,1.0,unknown,p,Sn0.99Pb0.01Se,10.1016/j.nanoen.2018.09.025,,1.704202,0.6695805494544428,1.7358385207614828,2.259650680263664,0.6375928655976638,False,True,True,115,yes,yes,high observed ZT; high-ZT false negative; important candidate for paper; carried from Step14,https://doi.org/10.1016/j.nanoen.2018.09.025
10.1016_j.nanoen.2019.104261__sample_26689,false_positive,1.0,unknown,p,Sn0.92Ge0.04Sb0.04Te,10.1016/j.nanoen.2019.104261,,0.8429317,1.6571717132369417,1.1614042150402235,0.39879085591899793,0.2933692591316453,False,True,True,65,yes,yes,high-ZT false positive; important candidate for paper; high predicted ZT; carried from Step14,https://doi.org/10.1016/j.nanoen.2019.104261
10.1016_j.nanoen.2019.104261__sample_26690,false_positive,1.0,unknown,p,Sn0.88Ge0.06Sb0.06Te,10.1016/j.nanoen.2019.104261,,0.4479064,1.9766331649544744,1.4203056392037747,1.5887053683690198,0.2774558694998715,False,True,True,90,yes,yes,high-ZT false positive; important candidate for paper; high predicted ZT; carried from Step14,https://doi.org/10.1016/j.nanoen.2019.104261
10.1016_j.nanoen.2019.104261__sample_26691,false_positive,1.0,unknown,p,Sn0.85Ge0.075Sb0.075Te,10.1016/j.nanoen.2019.104261,,0.5925429,1.7324346712910064,1.5460169712589191,0.5935611762004538,0.2786681292824529,False,True,True,65,yes,yes,high-ZT false positive; important candidate for paper; high predicted ZT; carried from Step14,https://doi.org/10.1016/j.nanoen.2019.104261
10.1016_j.nanoen.2019.104261__sample_26712,false_positive,1.0,unknown,p,Sn0.92Ge0.04Sb0.04Te,10.1016/j.nanoen.2019.104261,,0.02254123,1.0055214738629845,0.7185158920830845,0.03018759687100076,0.362119670672964,False,True,True,75,yes,yes,high-ZT false positive; important candidate for paper; high predicted ZT; carried from Step14,https://doi.org/10.1016/j.nanoen.2019.104261
10.1016_j.nanoen.2019.104261__sample_26713,false_positive,1.0,unknown,p,Sn0.92Ge0.04Sb0.04Te(Cu2Te)0.01,10.1016/j.nanoen.2019.104261,,0.2670119,1.1622893598629447,0.6889443827672954,0.4508813828495408,0.3236824511740613,False,True,True,75,yes,yes,high-ZT false positive; important candidate for paper; high predicted ZT; carried from Step14,https://doi.org/10.1016/j.nanoen.2019.104261
10.1016_j.nanoen.2019.104261__sample_26714,false_positive,1.0,unknown,p,Sn0.92Ge0.04Sb0.04Te(Cu2Te)0.03,10.1016/j.nanoen.2019.104261,,0.03224997,1.1299284851150173,0.7960392213896721,0.15042959668161265,0.2922868762709243,False,True,True,75,yes,yes,high-ZT false positive; important candidate for paper; high predicted ZT; carried from Step14,https://doi.org/10.1016/j.nanoen.2019.104261
10.1016_j.nanoen.2019.104261__sample_26715,false_positive,1.0,unknown,p,Sn0.92Ge0.04Sb0.04Te(Cu2Te)0.04,10.1016/j.nanoen.2019.104261,,0.4706531,1.1830795323212173,0.7524467236600234,0.22432199563954605,0.22111308710861294,False,True,True,75,yes,yes,high-ZT false positive; important candidate for paper; high predicted ZT; carried from Step14,https://doi.org/10.1016/j.nanoen.2019.104261
10.1016_j.nanoen.2019.104261__sample_26716,false_positive,1.0,unknown,p,Sn0.92Ge0.04Sb0.04Te(Cu2Te)0.05,10.1016/j.nanoen.2019.104261,,0.07756174,1.1574474279478093,0.7316554616209215,0.26038136997457406,0.2783110807781232,False,True,True,75,yes,yes,high-ZT false positive; important candidate for paper; high predicted ZT; carried from Step14,https://doi.org/10.1016/j.nanoen.2019.104261
10.1016_j.nanoen.2019.104347__sample_36240,true_positive,1.0,unknown,p,GeTe,10.1016/j.nanoen.2019.104347,,1.212995,1.8183681578108877,1.1709253939192696,0.25523834655961636,0.2496036212589204,False,True,True,65,yes,yes,high observed ZT; important candidate for paper; high predicted ZT,https://doi.org/10.1016/j.nanoen.2019.104347
10.1016_j.nanoen.2019.104347__sample_36241,true_positive,1.0,unknown,p,Ge0.98Cu0.02Te,10.1016/j.nanoen.2019.104347,,1.389884,1.7514979215903397,1.3255826595041995,0.27313625010297754,0.28960568865239555,False,True,True,65,yes,yes,high observed ZT; important candidate for paper; high predicted ZT,https://doi.org/10.1016/j.nanoen.2019.104347
10.1016_j.nanoen.2019.104347__sample_36242,false_positive,1.0,unknown,p,Ge0.94Cu0.06Te,10.1016/j.nanoen.2019.104347,,0.3749536,1.5508918713140474,1.2833414377436,0.25423952825959817,0.21196475206486132,False,True,True,65,yes,yes,high-ZT false positive; important candidate for paper; high predicted ZT; carried from Step14,https://doi.org/10.1016/j.nanoen.2019.104347
10.1016_j.nanoen.2019.104347__sample_36243,true_positive,1.0,unknown,p,Ge0.93Cu0.06Sb0.04Te,10.1016/j.nanoen.2019.104347,,1.610464,1.8636050280163017,1.58473370555521,0.3438715718912589,0.29315608137800847,False,True,True,65,yes,yes,high observed ZT; important candidate for paper; high predicted ZT,https://doi.org/10.1016/j.nanoen.2019.104347
10.1016_j.nanoen.2019.104347__sample_36244,true_positive,1.0,unknown,p,Ge0.88Cu0.06Sb0.06Te,10.1016/j.nanoen.2019.104347,,1.69947,1.7631848725892343,1.6617265802912384,0.27869336742879736,0.3670498744892245,False,True,True,65,yes,yes,high observed ZT; important candidate for paper; high predicted ZT,https://doi.org/10.1016/j.nanoen.2019.104347
10.1016_j.nanoen.2019.104347__sample_36245,true_positive,1.0,unknown,p,Ge0.86Cu0.06Sb0.08Te,10.1016/j.nanoen.2019.104347,,2.044085,1.2290989979758287,2.0416788583474936,0.3490218592238638,0.3417918876271289,False,True,True,65,yes,yes,high observed ZT; important candidate for paper; high predicted ZT,https://doi.org/10.1016/j.nanoen.2019.104347
10.1016_j.nanoen.2019.104347__sample_36246,true_positive,1.0,unknown,p,Ge0.84Cu0.06Sb0.10Te,10.1016/j.nanoen.2019.104347,,1.800392,1.1150870681452754,1.7816624228544762,0.3805706687725927,0.44645353398765003,False,True,True,65,yes,yes,high observed ZT; important candidate for paper; high predicted ZT,https://doi.org/10.1016/j.nanoen.2019.104347
10.1016_j.nanoen.2019.104395__sample_34166,false_negative,1.0,unknown,p,Sn0.5Ge0.25Pb0.25Te,10.1016/j.nanoen.2019.104395,,1.064263,0.0649985745370756,0.0990666868138542,0.2976780669658595,0.3438907000169735,False,True,True,100,yes,yes,high observed ZT; high-ZT false negative; important candidate for paper; carried from Step14,https://doi.org/10.1016/j.nanoen.2019.104395
10.1016_j.nanoen.2019.104395__sample_34169,false_positive,1.0,unknown,p,Sn0.47Cd0.03Ge0.25Pb0.25Te,10.1016/j.nanoen.2019.104395,,0.3195929,1.4040472735002225,1.222162154575024,0.33205647105011,0.21031830049830041,False,True,True,75,yes,yes,high-ZT false positive; important candidate for paper; high predicted ZT; carried from Step14,https://doi.org/10.1016/j.nanoen.2019.104395
10.1016_j.nanoen.2020.104740__sample_33417,false_positive,1.0,unknown,p,GeTe,10.1016/j.nanoen.2020.104740,,0.8270953,1.203999913951376,0.894851524088827,0.3623652371883603,0.3205790961078683,False,True,True,75,yes,yes,high-ZT false positive; important candidate for paper; high predicted ZT; carried from Step14,https://doi.org/10.1016/j.nanoen.2020.104740
10.1016_j.nanoen.2020.104740__sample_33420,true_positive,1.0,unknown,p,Ge0.97Ti0.03Te,10.1016/j.nanoen.2020.104740,,1.279376,1.782758909966147,1.2743492833929146,0.3698232078835207,0.30612557693759673,False,True,True,65,yes,yes,high observed ZT; important candidate for paper; high predicted ZT,https://doi.org/10.1016/j.nanoen.2020.104740
10.1016_j.nanoen.2020.104740__sample_33423,true_positive,1.0,unknown,p,Ge0.93Ti0.03Sb0.04Te,10.1016/j.nanoen.2020.104740,,1.600878,2.261015823039628,1.719082483160949,0.2050904535278388,0.1410510464587374,False,True,True,65,yes,yes,high observed ZT; important candidate for paper; high predicted ZT,https://doi.org/10.1016/j.nanoen.2020.104740
10.1016_j.nanoen.2020.104740__sample_33424,true_positive,1.0,unknown,p,Ge0.91Ti0.03Sb0.06Te,10.1016/j.nanoen.2020.104740,,1.958661,2.1282618007314276,1.9262653517720565,0.10801481853655959,0.05172034894197156,False,True,True,65,yes,yes,high observed ZT; important candidate for paper; high predicted ZT,https://doi.org/10.1016/j.nanoen.2020.104740
10.1016_j.nanoen.2020.104740__sample_33425,true_positive,1.0,unknown,p,Ge0.89Ti0.03Sb0.08Te,10.1016/j.nanoen.2020.104740,,2.185198,1.9768637486760747,2.1601225779018645,0.2244956697650538,0.22353692882601509,False,True,True,65,yes,yes,high observed ZT; important candidate for paper; high predicted ZT,https://doi.org/10.1016/j.nanoen.2020.104740
10.1016_j.nanoen.2020.104771__sample_33520,true_positive,1.0,unknown,p,Eu2Zn0.95Ag0.06Sb2,10.1016/j.nanoen.2020.104771,,1.098235,1.2457121964012023,1.0996786353923742,0.11170078864306364,0.11931946944087402,False,True,True,65,yes,yes,high observed ZT; important candidate for paper; high predicted ZT,https://doi.org/10.1016/j.nanoen.2020.104771
10.1016_j.nanoen.2020.104771__sample_33521,false_positive,1.0,unknown,p,Eu2Zn0.94Ag0.06Sb2,10.1016/j.nanoen.2020.104771,,0.9126061,1.173417628884664,1.057309691217003,0.1520190563364066,0.13390373407579795,False,True,True,65,yes,yes,high-ZT false positive; important candidate for paper; high predicted ZT; carried from Step14,https://doi.org/10.1016/j.nanoen.2020.104771
10.1016_j.nanoen.2020.104826__sample_31594,false_positive,1.0,unknown,n,PbS(PbCl2)0.00067Sb0.005,10.1016/j.nanoen.2020.104826,,0.5452145,1.2967474991504784,0.5862685989364151,,0.4477114356197551,False,True,True,75,yes,yes,high-ZT false positive; important candidate for paper; high predicted ZT; carried from Step14,https://doi.org/10.1016/j.nanoen.2020.104826
10.1016_j.nanoen.2020.104826__sample_31595,false_positive,1.0,unknown,n,PbS(PbCl2)0.00067Sb0.01,10.1016/j.nanoen.2020.104826,,0.7722772,1.6781201594379842,0.7549455349299908,0.5507875362638075,0.5437217917501338,False,True,True,65,yes,yes,high-ZT false positive; important candidate for paper; high predicted ZT; carried from Step14,https://doi.org/10.1016/j.nanoen.2020.104826
10.1016_j.nanoen.2020.104832__sample_33388,true_positive,1.0,unknown,p,Sn0.95Ca0.06In0.02Te,10.1016/j.nanoen.2020.104832,,1.272244,1.5792759902709375,1.2553249545937772,0.13762163690193235,0.15702948414284798,False,True,True,65,yes,yes,high observed ZT; important candidate for paper; high predicted ZT,https://doi.org/10.1016/j.nanoen.2020.104832
10.1016_j.nanoen.2020.104832__sample_33391,true_positive,1.0,unknown,p,Sn0.91Ca0.09In0.03Te,10.1016/j.nanoen.2020.104832,,1.426295,1.7796955429179075,1.4114462049531171,0.17469980765993517,0.1689725597416449,False,True,True,65,yes,yes,high observed ZT; important candidate for paper; high predicted ZT,https://doi.org/10.1016/j.nanoen.2020.104832
10.1016_j.nanoen.2020.104832__sample_33393,true_positive,1.0,unknown,p,Sn0.99Ca0.03In0.01Te(Cu2Te)0.05,10.1016/j.nanoen.2020.104832,,1.399734,1.6394842959200608,1.382576377863791,0.1987201177066622,0.22197831436633272,False,True,True,75,yes,yes,high observed ZT; important candidate for paper; high predicted ZT,https://doi.org/10.1016/j.nanoen.2020.104832
10.1016_j.nanoen.2020.104832__sample_33394,true_positive,1.0,unknown,p,Sn0.95Ca0.06In0.02Te(Cu2Te)0.05,10.1016/j.nanoen.2020.104832,,1.843293,1.4595184468407767,1.0186736289426164,0.16716943769786452,0.20354967934769577,False,True,True,65,yes,yes,high observed ZT; important candidate for paper; high predicted ZT,https://doi.org/10.1016/j.nanoen.2020.104832
10.1016_j.nanoen.2020.104832__sample_33395,true_positive,1.0,unknown,p,Sn0.91Ca0.09In0.03Te(Cu2Te)0.05,10.1016/j.nanoen.2020.104832,,1.691899,1.961232740888877,1.3664848231986162,0.21832341445151393,0.21869369051909704,False,True,True,65,yes,yes,high observed ZT; important candidate for paper; high predicted ZT,https://doi.org/10.1016/j.nanoen.2020.104832
10.1016_j.nanoen.2020.105198__sample_38817,false_positive,1.0,unknown,p,Sn8Sb2Te11,10.1016/j.nanoen.2020.105198,,0.9569587,1.1754475330964966,0.946590019167376,0.12147897160601119,0.12617342647542154,False,True,True,65,yes,yes,high-ZT false positive; important candidate for paper; high predicted ZT; carried from Step14,https://doi.org/10.1016/j.nanoen.2020.105198
10.1016_j.nanoen.2020.105198__sample_38818,true_positive,1.0,unknown,p,Sn10Sb2Te13,10.1016/j.nanoen.2020.105198,,1.020481,1.3863558841090806,1.0117089363440663,0.16878602765204648,0.17193812421060103,False,True,True,65,yes,yes,high observed ZT; important candidate for paper; high predicted ZT,https://doi.org/10.1016/j.nanoen.2020.105198
10.1016_j.nanoen.2020.105198__sample_38819,false_positive,1.0,unknown,p,Sn12Sb2Te15,10.1016/j.nanoen.2020.105198,,0.9142663,1.3500125540883803,0.928404357976017,0.1850878180289103,0.19529249635960552,False,True,True,65,yes,yes,high-ZT false positive; important candidate for paper; high predicted ZT; carried from Step14,https://doi.org/10.1016/j.nanoen.2020.105198
10.1016_j.nanoen.2020.105198__sample_38821,false_positive,1.0,unknown,p,Sn0.85Sb0.15Te,10.1016/j.nanoen.2020.105198,,0.8171972,1.230908776097908,0.8019682241944729,0.22537977351558158,0.2530070104332783,False,True,True,65,yes,yes,high-ZT false positive; important candidate for paper; high predicted ZT; carried from Step14,https://doi.org/10.1016/j.nanoen.2020.105198
10.1016_j.nanoen.2020.105228__sample_36285,false_positive,1.0,unknown,p,In0.1Sb1.9Te3,10.1016/j.nanoen.2020.105228,,0.8001597,1.0029023597276034,0.8008840004676376,0.16962892557879658,0.16716953713173585,False,True,True,65,yes,yes,high-ZT false positive; important candidate for paper; high predicted ZT; carried from Step14,https://doi.org/10.1016/j.nanoen.2020.105228
10.1016_j.nanoen.2020.105228__sample_36292,false_positive,1.0,unknown,p,Cu0.005B0.05In0.1Sb1.895Te3,10.1016/j.nanoen.2020.105228,,0.9595922,1.0928709571322748,0.9560305994152906,0.13889103843515482,0.14313386810074483,False,True,True,75,yes,yes,high-ZT false positive; important candidate for paper; high predicted ZT; carried from Step14,https://doi.org/10.1016/j.nanoen.2020.105228
10.1016_j.nanoen.2020.105228__sample_36293,false_positive,1.0,unknown,p,Cu0.01B0.05In0.1Sb1.89Te3,10.1016/j.nanoen.2020.105228,,0.9823453,1.3074100529332073,0.9775967744588387,0.22896214861572078,0.2263288164222621,False,True,True,65,yes,yes,high-ZT false positive; important candidate for paper; high predicted ZT; carried from Step14,https://doi.org/10.1016/j.nanoen.2020.105228
10.1016_j.nanoen.2020.105228__sample_36294,true_positive,1.0,unknown,p,Cu0.015B0.05In0.1Sb1.885Te3,10.1016/j.nanoen.2020.105228,,1.050893,1.5744597050340636,1.055165583491708,0.3197958053426198,0.3197290723632917,False,True,True,65,yes,yes,high observed ZT; important candidate for paper; high predicted ZT,https://doi.org/10.1016/j.nanoen.2020.105228
10.1016_j.nanoen.2020.105228__sample_36295,true_positive,1.0,unknown,p,Cu0.02B0.05In0.1Sb1.88Te3,10.1016/j.nanoen.2020.105228,,1.037243,1.544169048838766,1.0344192323649906,0.22380078447075955,0.267896789815361,False,True,True,65,yes,yes,high observed ZT; important candidate for paper; high predicted ZT,https://doi.org/10.1016/j.nanoen.2020.105228
10.1016_j.nanoen.2020.105638__sample_40599,false_positive,1.0,unknown,p,Bi0.3Sb1.7Te3,10.1016/j.nanoen.2020.105638,,0.7805533,1.005506798668403,0.7664003212862827,0.15669976395508325,0.1626616994715,False,True,True,65,yes,yes,high-ZT false positive; important candidate for paper; high predicted ZT; carried from Step14,https://doi.org/10.1016/j.nanoen.2020.105638
10.1016_j.nanoen.2020.105638__sample_40600,false_positive,1.0,unknown,p,Bi0.35Sb1.65Te3,10.1016/j.nanoen.2020.105638,,0.8921131,1.035787175993703,0.8842683583557073,0.1527664455255382,0.15941519241312643,False,True,True,65,yes,yes,high-ZT false positive; important candidate for paper; high predicted ZT; carried from Step14,https://doi.org/10.1016/j.nanoen.2020.105638
10.1016_j.nanoen.2020.105638__sample_40601,false_positive,1.0,unknown,p,Bi0.4Sb1.6Te3,10.1016/j.nanoen.2020.105638,,0.9657464,1.0301803870311266,0.9594166903861886,0.15167002684387867,0.15965925619338014,False,True,True,65,yes,yes,high-ZT false positive; important candidate for paper; high predicted ZT; carried from Step14,https://doi.org/10.1016/j.nanoen.2020.105638
10.1016_j.nanoen.2020.105638__sample_40602,false_positive,1.0,unknown,p,Bi0.45Sb1.55Te3,10.1016/j.nanoen.2020.105638,,0.9654892,1.0199575209458847,0.9628381744458656,0.14960029692021853,0.1561077914026105,False,True,True,65,yes,yes,high-ZT false positive; important candidate for paper; high predicted ZT; carried from Step14,https://doi.org/10.1016/j.nanoen.2020.105638
10.1016_j.nanoen.2020.105638__sample_40603,true_positive,1.0,unknown,p,Bi0.5Sb1.5Te3,10.1016/j.nanoen.2020.105638,,1.009419,1.0518239562324811,1.0073759125001105,0.1413721597554861,0.15033358255228563,False,True,True,65,yes,yes,high observed ZT; important candidate for paper; high predicted ZT,https://doi.org/10.1016/j.nanoen.2020.105638
10.1016_j.nanoen.2020.105638__sample_40604,false_negative,1.0,unknown,p,Bi0.55Sb1.45Te3,10.1016/j.nanoen.2020.105638,,1.060832,0.9943692760057962,1.061216656527881,0.10742347345154062,0.11746793465988595,False,True,True,90,yes,yes,high observed ZT; high-ZT false negative; important candidate for paper; carried from Step14,https://doi.org/10.1016/j.nanoen.2020.105638
10.1016_j.nanoen.2020.105649__sample_40664,false_negative,1.0,unknown,p,(Mn0.703Te0.285)(Sn0.006Te0.006),10.1016/j.nanoen.2020.105649,,1.377934,0.20331554114855113,1.3639507477577246,0.5938017688068026,7.4389218900140435,False,True,True,110,yes,yes,high observed ZT; high-ZT false negative; important candidate for paper; carried from Step14,https://doi.org/10.1016/j.nanoen.2020.105649
10.1016_j.nanoen.2021.106040__sample_44722,true_positive,1.0,unknown,p,Bi0.4Sb1.6Te3.2,10.1016/j.nanoen.2021.106040,,1.185829,1.154899351044051,1.1809822052143668,0.09975832570300822,0.09344880682177456,False,True,True,65,yes,yes,high observed ZT; important candidate for paper; high predicted ZT,https://doi.org/10.1016/j.nanoen.2021.106040
10.1016_j.nanoen.2021.106040__sample_44723,true_positive,1.0,unknown,p,Bi0.4Sb1.6Te3.2,10.1016/j.nanoen.2021.106040,,1.207245,1.1948201460408303,1.2125696473218286,0.1009212525537938,0.09842746201057558,False,True,True,65,yes,yes,high observed ZT; important candidate for paper; high predicted ZT,https://doi.org/10.1016/j.nanoen.2021.106040
10.1016_j.nanoen.2021.106040__sample_44724,true_positive,1.0,unknown,p,Bi0.4Sb1.6Te3.2,10.1016/j.nanoen.2021.106040,,1.338981,1.3304091363365287,1.31583094367612,0.14008613470901762,0.13376353318833192,False,True,True,65,yes,yes,high observed ZT; important candidate for paper; high predicted ZT,https://doi.org/10.1016/j.nanoen.2021.106040
10.1016_j.nanoen.2021.106040__sample_44725,true_positive,1.0,unknown,p,Bi0.4Sb1.6Te3.2,10.1016/j.nanoen.2021.106040,,1.313243,1.3153058257581964,1.328238278525968,0.1340004327069432,0.12484313026543113,False,True,True,65,yes,yes,high observed ZT; important candidate for paper; high predicted ZT,https://doi.org/10.1016/j.nanoen.2021.106040
10.1016_j.nanoen.2021.106040__sample_44726,true_positive,1.0,unknown,p,Bi0.4Sb1.6Te3,10.1016/j.nanoen.2021.106040,,1.304805,1.26054878092838,1.309343076851577,0.1010433126332557,0.10019874721661083,False,True,True,65,yes,yes,high observed ZT; important candidate for paper; high predicted ZT,https://doi.org/10.1016/j.nanoen.2021.106040
10.1016_j.nanoen.2021.106171__sample_45572,false_positive,1.0,unknown,n,(Bi2S3)0.995(CuCl2)0.005,10.1016/j.nanoen.2021.106171,,0.7891509,1.0715594420696726,0.7243925557442678,0.13937533534577523,0.17379438364479377,False,True,False,60,yes,yes,high-ZT false positive; important candidate for paper; high predicted ZT; carried from Step14,https://doi.org/10.1016/j.nanoen.2021.106171
10.1016_j.nanoen.2021.106530__sample_46386,false_positive,1.0,unknown,p,In0.1Sb1.9Te3(MgB2)0.005,10.1016/j.nanoen.2021.106530,,0.8876545,1.071283769628968,0.8852231637715937,0.20687020640234244,0.1987157851571962,False,True,True,75,yes,yes,high-ZT false positive; important candidate for paper; high predicted ZT; carried from Step14,https://doi.org/10.1016/j.nanoen.2021.106530
10.1016_j.nanoen.2021.106530__sample_46388,true_positive,1.0,unknown,p,In0.1Sb1.9Te3(MgB2)0.015,10.1016/j.nanoen.2021.106530,,1.00746,1.3032817860195285,0.9996742673005824,0.12330569543448962,0.12914426833441506,False,True,True,65,yes,yes,high observed ZT; important candidate for paper; high predicted ZT,https://doi.org/10.1016/j.nanoen.2021.106530
10.1016_j.physb.2019.411797__sample_35158,false_negative,1.0,unknown,n,Pb1.1Se,10.1016/j.physb.2019.411797,,1.106573,0.9172084097256562,0.5160712431464098,0.6034552051803787,0.6458357527561377,False,True,True,90,yes,yes,high observed ZT; high-ZT false negative; important candidate for paper; carried from Step14,https://doi.org/10.1016/j.physb.2019.411797
10.1016_j.physb.2019.411797__sample_35159,false_negative,1.0,unknown,n,Pb1.15Se,10.1016/j.physb.2019.411797,,1.193416,0.9674723256073109,0.4941174399521246,0.5237254558460114,0.5803462706187622,False,True,True,90,yes,yes,high observed ZT; high-ZT false negative; important candidate for paper; carried from Step14,https://doi.org/10.1016/j.physb.2019.411797
10.1016_j.physb.2019.411797__sample_35160,false_negative,1.0,unknown,n,Pb1.2Se,10.1016/j.physb.2019.411797,,1.159035,0.9395005988405043,0.4898598465955757,0.5706135212650918,0.5912581430794377,False,True,True,90,yes,yes,high observed ZT; high-ZT false negative; important candidate for paper; carried from Step14,https://doi.org/10.1016/j.physb.2019.411797
10.1016_j.physb.2019.411797__sample_35161,true_positive,1.0,unknown,n,Pb1.3Se,10.1016/j.physb.2019.411797,,1.230895,1.0247945170459687,0.5188901138367102,0.5443333811159111,0.5651293827021181,False,True,True,105,yes,yes,high observed ZT; large ZT prediction error; important candidate for paper; high predicted ZT; carried from Step14,https://doi.org/10.1016/j.physb.2019.411797
10.1016_j.physb.2020.412397__sample_39518,false_positive,1.0,unknown,p,GeTe,10.1016/j.physb.2020.412397,,0.9176741,1.0523674605648592,0.9097024732701012,0.15712058325931785,0.15409499317287262,False,True,True,65,yes,yes,high-ZT false positive; important candidate for paper; high predicted ZT; carried from Step14,https://doi.org/10.1016/j.physb.2020.412397
10.1016_j.physb.2020.412397__sample_39519,true_positive,1.0,unknown,p,Ge0.95Pb0.05Te,10.1016/j.physb.2020.412397,,1.093634,1.188604971953567,1.0754497802945195,0.1301789470972294,0.13496490763414398,False,True,True,65,yes,yes,high observed ZT; important candidate for paper; high predicted ZT,https://doi.org/10.1016/j.physb.2020.412397
10.1016_j.physb.2020.412397__sample_39520,false_positive,1.0,unknown,p,Ge0.975Pb0.025Te,10.1016/j.physb.2020.412397,,0.9739963,1.0972858717497185,0.9585964345836896,0.14882051938872673,0.15481096617483311,False,True,True,65,yes,yes,high-ZT false positive; important candidate for paper; high predicted ZT; carried from Step14,https://doi.org/10.1016/j.physb.2020.412397
10.1016_j.pnsc.2018.02.007__sample_10888,false_positive,1.0,unknown,p,Cu0.02Bi0.5Sb1.5Te3,10.1016/j.pnsc.2018.02.007,,,1.0101918790887061,0.7376423599465831,,0.17125150083322366,False,True,True,35,no,yes,high predicted ZT,https://doi.org/10.1016/j.pnsc.2018.02.007
10.1016_j.pnsc.2018.02.007__sample_10889,false_positive,1.0,unknown,p,Cu0.02Bi0.5Sb1.5Te3,10.1016/j.pnsc.2018.02.007,,,1.0406979784792596,0.751098496549333,,0.18594578146766141,False,True,True,35,no,yes,high predicted ZT,https://doi.org/10.1016/j.pnsc.2018.02.007
10.1016_j.pnsc.2018.05.002__sample_12740,false_positive,1.0,unknown,n,Pb0.98Sb0.02Se,10.1016/j.pnsc.2018.05.002,,0.8332394,1.4834230035417542,0.9163950828714182,0.042254980670165955,0.37112048018331484,False,True,True,75,yes,yes,high-ZT false positive; important candidate for paper; high predicted ZT; carried from Step14,https://doi.org/10.1016/j.pnsc.2018.05.002
10.1016_j.pnsc.2019.12.007__sample_35971,false_negative,1.0,unknown,n,Ti0.30Hf0.25 Zr0.45NiSn0.985Sb0.015,10.1016/j.pnsc.2019.12.007,,1.016184,0.8988073612600275,1.018288718971882,0.11550726909690814,0.11303593773726721,False,True,True,100,yes,yes,high observed ZT; high-ZT false negative; important candidate for paper; carried from Step14,https://doi.org/10.1016/j.pnsc.2019.12.007
10.1016_j.pnsc.2019.12.007__sample_35975,true_positive,1.0,unknown,n,Ti0.30Hf0.25 Zr0.45NiSn0.985Sb0.015,10.1016/j.pnsc.2019.12.007,,1.082716,1.085167807215376,1.0724641461708435,0.042596685866943367,0.03993393567225087,False,True,True,65,yes,yes,high observed ZT; important candidate for paper; high predicted ZT,https://doi.org/10.1016/j.pnsc.2019.12.007
10.1016_j.scriptamat.2004.10.038__sample_5653,true_positive,1.0,unknown,p,(Bi2Te3)14.17(Sb2Te3)72.48(Te)13.34,10.1016/j.scriptamat.2004.10.038,,1.153348,1.0791108762265906,1.1572442315471911,0.11212249457174621,0.11645416010213659,False,True,True,65,yes,yes,high observed ZT; important candidate for paper; high predicted ZT,https://doi.org/10.1016/j.scriptamat.2004.10.038
10.1016_j.scriptamat.2004.10.038__sample_5655,true_positive,1.0,unknown,p,(Bi2Te3)14.17(Sb2Te3)72.48(Te)13.34,10.1016/j.scriptamat.2004.10.038,,1.15541,1.14461301220236,1.15751744726065,0.1392583639541526,0.1428802712117088,False,True,True,65,yes,yes,high observed ZT; important candidate for paper; high predicted ZT,https://doi.org/10.1016/j.scriptamat.2004.10.038
10.1016_j.scriptamat.2004.10.038__sample_5656,true_positive,1.0,unknown,p,(Bi2Te3)14.17(Sb2Te3)72.48(Te)13.34,10.1016/j.scriptamat.2004.10.038,,1.140977,1.1481809984037339,1.1378967245981642,0.1547390937757882,0.15837212848135065,False,True,True,65,yes,yes,high observed ZT; important candidate for paper; high predicted ZT,https://doi.org/10.1016/j.scriptamat.2004.10.038
10.1016_j.scriptamat.2004.10.038__sample_5658,false_negative,1.0,unknown,p,(Bi2Te3)14.17(Sb2Te3)72.48(Te)13.34,10.1016/j.scriptamat.2004.10.038,,1.000771,0.8740325528659293,0.9638118103814476,0.13024007647269753,0.1212233655263489,False,True,True,90,yes,yes,high observed ZT; high-ZT false negative; important candidate for paper; carried from Step14,https://doi.org/10.1016/j.scriptamat.2004.10.038
10.1016_j.scriptamat.2008.01.057__sample_18563,false_positive,1.0,unknown,p,(Si99Ge5)99.08P0.42(GaP)0.5,10.1016/j.scriptamat.2008.01.057,,0.8147208,3.6916843044968926,0.967944518166342,,2.8139420547474745,False,True,False,90,yes,yes,high-ZT false positive; important candidate for paper; high predicted ZT; carried from Step14,https://doi.org/10.1016/j.scriptamat.2008.01.057
10.1016_j.scriptamat.2012.05.028__sample_4769,false_positive,1.0,unknown,n,(TiN)0.01CoSb2.875Te0.125,10.1016/j.scriptamat.2012.05.028,,0.9345912,1.1951912852780668,0.951716570421792,0.09593181305794518,0.09947085641053993,False,True,True,65,yes,yes,high-ZT false positive; important candidate for paper; high predicted ZT; carried from Step14,https://doi.org/10.1016/j.scriptamat.2012.05.028
10.1016_j.scriptamat.2012.05.028__sample_4770,false_positive,1.0,unknown,n,(TiN)0.03CoSb2.875Te0.125,10.1016/j.scriptamat.2012.05.028,,0.9849057,1.2332909328676538,0.9864577928294151,0.09703465532991261,0.10812929781236623,False,True,True,65,yes,yes,high-ZT false positive; important candidate for paper; high predicted ZT; carried from Step14,https://doi.org/10.1016/j.scriptamat.2012.05.028
10.1016_j.scriptamat.2012.05.028__sample_4771,false_positive,1.0,unknown,n,(TiN)0.05CoSb2.875Te0.125,10.1016/j.scriptamat.2012.05.028,,0.9949686,1.1296671481735319,0.9776141808836912,0.0668591932628607,0.06385357390011631,False,True,True,65,yes,yes,high-ZT false positive; important candidate for paper; high predicted ZT; carried from Step14,https://doi.org/10.1016/j.scriptamat.2012.05.028
10.1016_j.scriptamat.2013.07.008__sample_9401,true_positive,1.0,unknown,n,Mg2Si0.53Sn0.4Ge0.05Bi0.02,10.1016/j.scriptamat.2013.07.008,,1.25758,2.3561744425138937,1.4311683659012666,0.14196253067190734,0.21337256394296494,False,True,False,70,yes,yes,high observed ZT; important candidate for paper; high predicted ZT,https://doi.org/10.1016/j.scriptamat.2013.07.008
10.1016_j.scriptamat.2013.07.008__sample_9405,true_positive,1.0,unknown,n,Mg2Si0.5375Sn0.4Ge0.05Sb0.0125,10.1016/j.scriptamat.2013.07.008,,1.181187,1.892278612079981,1.1948189359840484,0.3291053860362329,0.30956016771294664,False,True,True,75,yes,yes,high observed ZT; important candidate for paper; high predicted ZT,https://doi.org/10.1016/j.scriptamat.2013.07.008
10.1016_j.scriptamat.2014.10.001__sample_21190,true_positive,1.0,unknown,n,Si0.8Ge0.2,10.1016/j.scriptamat.2014.10.001,,1.068087,1.0191399410829878,1.069044054318785,0.11705162498909309,0.14997470223430415,False,True,False,60,yes,yes,high observed ZT; important candidate for paper; high predicted ZT,https://doi.org/10.1016/j.scriptamat.2014.10.001
10.1016_j.scriptamat.2015.03.007__sample_9408,true_positive,1.0,unknown,n,Mg2.05Si0.43Sn0.52,10.1016/j.scriptamat.2015.03.007,,1.113924,1.0956893779088612,1.1749930742930657,0.012400982745439234,0.06925398338284505,False,False,False,65,yes,yes,high observed ZT; important candidate for paper; high predicted ZT,https://doi.org/10.1016/j.scriptamat.2015.03.007
10.1016_j.scriptamat.2016.05.016__sample_2708,false_negative,1.0,unknown,n,PbTeCd0.01,10.1016/j.scriptamat.2016.05.016,,1.230295,0.4811764322821732,0.7274206320946808,0.2908185560033548,0.350555540555259,False,True,True,100,yes,yes,high observed ZT; high-ZT false negative; important candidate for paper; carried from Step14,https://doi.org/10.1016/j.scriptamat.2016.05.016
10.1016_j.scriptamat.2016.05.016__sample_2709,true_positive,1.0,unknown,n,PbTeCd0.02,10.1016/j.scriptamat.2016.05.016,,1.40017,1.769915473705557,1.3582078852104855,0.3225932893459551,0.32950455362973113,False,True,True,75,yes,yes,high observed ZT; important candidate for paper; high predicted ZT,https://doi.org/10.1016/j.scriptamat.2016.05.016
10.1016_j.scriptamat.2018.05.026__sample_39767,false_negative,1.0,unknown,p,Bi0.4Sb1.6Te3,10.1016/j.scriptamat.2018.05.026,,1.079542,0.9247248077112397,1.0824089686793303,0.14341006861128178,0.14567891206637396,False,True,True,100,yes,yes,high observed ZT; high-ZT false negative; important candidate for paper; carried from Step14,https://doi.org/10.1016/j.scriptamat.2018.05.026
10.1016_j.scriptamat.2018.05.026__sample_39768,true_positive,1.0,unknown,p,Bi0.4Sb1.59Ge0.01Te3,10.1016/j.scriptamat.2018.05.026,,1.478817,1.3750328876279718,1.4779111451536402,0.07686970994959541,0.09157842946534167,False,True,True,65,yes,yes,high observed ZT; important candidate for paper; high predicted ZT,https://doi.org/10.1016/j.scriptamat.2018.05.026
10.1016_j.scriptamat.2018.05.026__sample_39769,true_positive,1.0,unknown,p,Bi0.4Sb1.585Ge0.015Te3,10.1016/j.scriptamat.2018.05.026,,1.336809,1.0827154779523036,1.3337704745247083,0.19007466440433624,0.18822953526682965,False,True,True,75,yes,yes,high observed ZT; important candidate for paper; high predicted ZT,https://doi.org/10.1016/j.scriptamat.2018.05.026
10.1016_j.scriptamat.2018.09.010__sample_42840,true_positive,1.0,unknown,p,Cu2Sn0.90Fe0.10Se3,10.1016/j.scriptamat.2018.09.010,,1.07,1.7165575314411723,0.9285721580589577,0.5467510151524445,0.35840024713496815,False,True,True,75,yes,yes,high observed ZT; important candidate for paper; high predicted ZT,https://doi.org/10.1016/j.scriptamat.2018.09.010
10.1016_j.scriptamat.2018.09.010__sample_42841,false_positive,1.0,unknown,p,Cu2Sn0.85Fe0.15Se3,10.1016/j.scriptamat.2018.09.010,,0.7316667,2.0272235747876715,0.7841622822259393,0.9310538331391222,0.8912961686493855,False,True,True,75,yes,yes,high-ZT false positive; important candidate for paper; high predicted ZT; carried from Step14,https://doi.org/10.1016/j.scriptamat.2018.09.010
10.1016_j.scriptamat.2018.09.010__sample_42842,false_positive,1.0,unknown,p,Cu2Sn0.80Fe0.20Se3,10.1016/j.scriptamat.2018.09.010,,0.8733333,1.990597863243751,0.8465427351963736,1.2312229997203312,0.6686880922098392,False,True,True,100,yes,yes,high-ZT false positive; important candidate for paper; high predicted ZT; carried from Step14,https://doi.org/10.1016/j.scriptamat.2018.09.010
10.1016_j.scriptamat.2018.09.015__sample_41871,false_positive,1.0,unknown,n,Co4Sb11.5Te0.5,10.1016/j.scriptamat.2018.09.015,,0.8965809,1.1308784999998982,0.8964851367056961,0.0756249876589721,0.07604812952856546,False,True,True,65,yes,yes,high-ZT false positive; important candidate for paper; high predicted ZT; carried from Step14,https://doi.org/10.1016/j.scriptamat.2018.09.015
10.1016_j.scriptamat.2018.09.015__sample_41872,false_positive,1.0,unknown,n,Co4Sb11.5Te0.5,10.1016/j.scriptamat.2018.09.015,,0.9836519,1.2542631272562685,0.9834963544191848,0.07870371530976997,0.07844827758615659,False,True,True,65,yes,yes,high-ZT false positive; important candidate for paper; high predicted ZT; carried from Step14,https://doi.org/10.1016/j.scriptamat.2018.09.015
10.1016_j.scriptamat.2018.09.015__sample_41873,true_positive,1.0,unknown,n,Co4Sb11.5Te0.5,10.1016/j.scriptamat.2018.09.015,,1.200355,1.442332288318858,1.2058747547255857,0.06931427699792445,0.06825340229378093,False,True,True,65,yes,yes,high observed ZT; important candidate for paper; high predicted ZT,https://doi.org/10.1016/j.scriptamat.2018.09.015
10.1016_j.scriptamat.2018.09.015__sample_41874,true_positive,1.0,unknown,n,Co4Sb11.5Te0.5,10.1016/j.scriptamat.2018.09.015,,1.181792,1.4151426210220466,1.1781471627818478,0.07295885742313832,0.07339634656911945,False,True,True,65,yes,yes,high observed ZT; important candidate for paper; high predicted ZT,https://doi.org/10.1016/j.scriptamat.2018.09.015
10.1016_j.scriptamat.2019.01.046__sample_27907,false_negative,1.0,unknown,p,Bi0.5Sb1.5Te3,10.1016/j.scriptamat.2019.01.046,,1.024104,0.9230692563198518,0.973743892592376,0.04382796340559093,0.04231898569142373,False,True,True,100,yes,yes,high observed ZT; high-ZT false negative; important candidate for paper; carried from Step14,https://doi.org/10.1016/j.scriptamat.2019.01.046
10.1016_j.scriptamat.2019.01.046__sample_27908,false_negative,1.0,unknown,p,(CuTe)0.0013Bi0.5Sb1.5Te3,10.1016/j.scriptamat.2019.01.046,,1.029293,0.9293478451658572,1.0211414416413742,0.10250902225781355,0.10896746869607839,False,True,True,90,yes,yes,high observed ZT; high-ZT false negative; important candidate for paper; carried from Step14,https://doi.org/10.1016/j.scriptamat.2019.01.046
10.1016_j.scriptamat.2019.01.046__sample_27910,false_negative,1.0,unknown,p,(CuTe)0.0052Bi0.5Sb1.5Te3,10.1016/j.scriptamat.2019.01.046,,1.068526,0.967563627711392,1.0421680608975394,0.06464711943657082,0.07158579886040292,False,True,True,100,yes,yes,high observed ZT; high-ZT false negative; important candidate for paper; carried from Step14,https://doi.org/10.1016/j.scriptamat.2019.01.046
10.1016_j.scriptamat.2019.01.046__sample_27911,true_positive,1.0,unknown,p,(CuTe)0.01Bi0.5Sb1.5Te3,10.1016/j.scriptamat.2019.01.046,,1.05374,1.2788490468324776,1.0573024575178664,0.14931268579482979,0.14861509760077762,False,True,True,65,yes,yes,high observed ZT; important candidate for paper; high predicted ZT,https://doi.org/10.1016/j.scriptamat.2019.01.046
10.1016_j.scriptamat.2019.09.009__sample_35184,true_positive,1.0,unknown,p,Cu2Se,10.1016/j.scriptamat.2019.09.009,,1.053398,1.1881956730437415,1.0553361965266437,0.17401801326790575,0.15917992243892382,False,True,True,65,yes,yes,high observed ZT; important candidate for paper; high predicted ZT,https://doi.org/10.1016/j.scriptamat.2019.09.009
10.1016_j.scriptamat.2019.09.009__sample_35185,true_positive,1.0,unknown,p,Cu2Se,10.1016/j.scriptamat.2019.09.009,,1.56068,1.6845802577505207,1.5400367621762263,0.16922104932709978,0.19761186856564725,False,True,True,65,yes,yes,high observed ZT; important candidate for paper; high predicted ZT,https://doi.org/10.1016/j.scriptamat.2019.09.009
10.1016_j.scriptamat.2019.09.009__sample_35186,true_positive,1.0,unknown,p,Cu2Se,10.1016/j.scriptamat.2019.09.009,,1.606796,1.7328557539339684,1.5780691265454054,0.1509249939736568,0.16971972009572575,False,True,True,65,yes,yes,high observed ZT; important candidate for paper; high predicted ZT,https://doi.org/10.1016/j.scriptamat.2019.09.009
10.1016_j.scriptamat.2019.09.009__sample_35187,true_positive,1.0,unknown,p,Cu2Se,10.1016/j.scriptamat.2019.09.009,,1.764563,2.101478425241965,1.5839648484795683,0.21648969561236953,0.18744967552303407,False,True,True,65,yes,yes,high observed ZT; important candidate for paper; high predicted ZT,https://doi.org/10.1016/j.scriptamat.2019.09.009
10.1016_j.scriptamat.2019.09.009__sample_35188,true_positive,1.0,unknown,p,Cu2Se,10.1016/j.scriptamat.2019.09.009,,1.997573,2.3748485954315965,1.979470734067005,0.21154518628277785,0.19564660447862336,False,True,True,65,yes,yes,high observed ZT; important candidate for paper; high predicted ZT,https://doi.org/10.1016/j.scriptamat.2019.09.009
10.1016_j.scriptamat.2019.09.009__sample_35189,true_positive,1.0,unknown,p,Cu2Se,10.1016/j.scriptamat.2019.09.009,,1.963592,2.1317482157251497,1.943869253789703,0.19446023347323715,0.1935362647409888,False,True,True,65,yes,yes,high observed ZT; important candidate for paper; high predicted ZT,https://doi.org/10.1016/j.scriptamat.2019.09.009
10.1016_j.scriptamat.2020.03.018__sample_28474,true_positive,1.0,unknown,p,Ge0.94Bi0.06Te,10.1016/j.scriptamat.2020.03.018,,1.810529,2.2603656650739894,1.81785571507727,0.18041672352017066,0.1813573783945008,False,True,True,65,yes,yes,high observed ZT; important candidate for paper; high predicted ZT,https://doi.org/10.1016/j.scriptamat.2020.03.018
10.1016_j.scriptamat.2020.03.018__sample_28476,true_positive,1.0,unknown,p,Ge0.94Bi0.06Te,10.1016/j.scriptamat.2020.03.018,,1.734151,2.326538282261284,1.7810148708290727,0.19290427008674307,0.18478069932098154,False,True,True,65,yes,yes,high observed ZT; important candidate for paper; high predicted ZT,https://doi.org/10.1016/j.scriptamat.2020.03.018
10.1016_j.scriptamat.2020.03.018__sample_28477,true_positive,1.0,unknown,p,Ge0.94Bi0.06Te(SiC)0.001,10.1016/j.scriptamat.2020.03.018,,1.952275,2.2633553128327777,2.0048201182563807,0.13987218299473894,0.1374312511353642,False,True,True,65,yes,yes,high observed ZT; important candidate for paper; high predicted ZT,https://doi.org/10.1016/j.scriptamat.2020.03.018
10.1016_j.scriptamat.2020.03.018__sample_28478,true_positive,1.0,unknown,p,Ge0.94Bi0.06Te(SiC)0.002,10.1016/j.scriptamat.2020.03.018,,2.070009,2.330915370440715,2.107669356249759,0.1494852450447268,0.14596488358997112,False,True,True,65,yes,yes,high observed ZT; important candidate for paper; high predicted ZT,https://doi.org/10.1016/j.scriptamat.2020.03.018
10.1016_j.scriptamat.2020.03.018__sample_28479,true_positive,1.0,unknown,p,Ge0.94Bi0.06Te(SiC)0.004,10.1016/j.scriptamat.2020.03.018,,1.600126,1.7682227098532906,1.5936474562941878,0.1270370793108661,0.12195130310138891,False,True,True,65,yes,yes,high observed ZT; important candidate for paper; high predicted ZT,https://doi.org/10.1016/j.scriptamat.2020.03.018
10.1016_j.scriptamat.2020.03.018__sample_28480,true_positive,1.0,unknown,p,Ge0.94Bi0.06Te(SiC)0.006,10.1016/j.scriptamat.2020.03.018,,1.84629,2.142110381577591,1.9264994584689168,0.1289178902950782,0.1185985208536974,False,True,True,65,yes,yes,high observed ZT; important candidate for paper; high predicted ZT,https://doi.org/10.1016/j.scriptamat.2020.03.018
10.1016_j.scriptamat.2020.03.018__sample_28481,true_positive,1.0,unknown,p,Ge0.94Bi0.06Te(SiC)0.008,10.1016/j.scriptamat.2020.03.018,,1.828899,2.04947772134756,1.9011499410041437,0.11859247161526312,0.11410406233563805,False,True,True,65,yes,yes,high observed ZT; important candidate for paper; high predicted ZT,https://doi.org/10.1016/j.scriptamat.2020.03.018
10.1016_j.scriptamat.2020.03.047__sample_31608,false_positive,1.0,unknown,n,Co4Sb11.5Te0.5,10.1016/j.scriptamat.2020.03.047,,0.9856584,1.208300586396607,0.9782576745081424,0.07160091104889699,0.07106229841264958,False,True,True,65,yes,yes,high-ZT false positive; important candidate for paper; high predicted ZT; carried from Step14,https://doi.org/10.1016/j.scriptamat.2020.03.047
10.1016_j.scriptamat.2020.03.047__sample_31609,true_positive,1.0,unknown,n,Co4Sb11.5Te0.5(SiC)0.1,10.1016/j.scriptamat.2020.03.047,,1.003307,1.2297719263214395,1.001617751761276,0.07614162179841029,0.0755835683435365,False,True,True,65,yes,yes,high observed ZT; important candidate for paper; high predicted ZT,https://doi.org/10.1016/j.scriptamat.2020.03.047
10.1016_j.scriptamat.2020.03.047__sample_31610,true_positive,1.0,unknown,n,Co4Sb11.5Te0.5(SiC)0.1,10.1016/j.scriptamat.2020.03.047,,1.077374,1.3096794498615398,1.0730554777923724,0.07881601633250011,0.07440201894653857,False,True,True,65,yes,yes,high observed ZT; important candidate for paper; high predicted ZT,https://doi.org/10.1016/j.scriptamat.2020.03.047
10.1016_j.scriptamat.2020.03.047__sample_31611,true_positive,1.0,unknown,n,Co4Sb11.5Te0.5(SiC)0.1,10.1016/j.scriptamat.2020.03.047,,1.062502,1.2686042451506307,1.054654536871636,0.08636692865826809,0.08557192485530646,False,True,True,65,yes,yes,high observed ZT; important candidate for paper; high predicted ZT,https://doi.org/10.1016/j.scriptamat.2020.03.047
10.1016_j.scriptamat.2020.03.047__sample_31612,true_positive,1.0,unknown,n,Co4Sb11.5Te0.5(SiC)0.1,10.1016/j.scriptamat.2020.03.047,,1.023156,1.3007205664352475,1.065824284942674,0.07088255600079552,0.07982272368588535,False,True,True,65,yes,yes,high observed ZT; important candidate for paper; high predicted ZT,https://doi.org/10.1016/j.scriptamat.2020.03.047
10.1016_j.scriptamat.2020.03.047__sample_31613,true_positive,1.0,unknown,n,Co4Sb11.5Te0.5(SiC)0.1,10.1016/j.scriptamat.2020.03.047,,1.063941,1.2855195569882072,1.0628533109532867,0.0712938694245893,0.07118812509377033,False,True,True,65,yes,yes,high observed ZT; important candidate for paper; high predicted ZT,https://doi.org/10.1016/j.scriptamat.2020.03.047
10.1016_j.synthmet.2020.116606__sample_38779,false_negative,1.0,unknown,p,(GeTe)75(AgSbTe2)23.75(AgSbSe2)1.25,10.1016/j.synthmet.2020.116606,,1.137724,0.765955785796241,0.7491891468270666,0.09403327737307018,0.07804652119598084,False,True,True,90,yes,yes,high observed ZT; high-ZT false negative; important candidate for paper; carried from Step14,https://doi.org/10.1016/j.synthmet.2020.116606
10.1016_j.synthmet.2020.116606__sample_38780,false_negative,1.0,unknown,p,(GeTe)75(AgSbTe2)18.75(AgSbSe2)6.25,10.1016/j.synthmet.2020.116606,,1.058356,0.5039133131307864,0.4895237118901002,0.05758890254542312,0.047030472602652106,False,True,True,90,yes,yes,high observed ZT; high-ZT false negative; important candidate for paper; carried from Step14,https://doi.org/10.1016/j.synthmet.2020.116606
10.1016_s1002-0721_12_60072-6__sample_4350,false_positive,1.0,unknown,n,Yb0.2Co4Sb12,10.1016/s1002-0721(12)60072-6,,0.6964938,1.0205507593228662,1.0812862952257498,,0.059326269626259476,False,True,True,75,yes,yes,high-ZT false positive; important candidate for paper; high predicted ZT; carried from Step14,https://doi.org/10.1016/s1002-0721%2812%2960072-6
10.1016_s1002-0721_12_60398-6__sample_31232,false_negative,1.0,unknown,p,Eu(Zn0.9Cd0.1)2Sb2,10.1016/s1002-0721(12)60398-6,,1.062373,0.8707587694384707,0.8536557557043702,0.10084743532149279,0.038730262616798045,False,True,True,100,yes,yes,high observed ZT; high-ZT false negative; important candidate for paper; carried from Step14,https://doi.org/10.1016/s1002-0721%2812%2960398-6
10.1016_s1002-0721_12_60398-6__sample_31240,false_negative,1.0,unknown,p,Yb(Zn0.2Cd0.8)2Sb2,10.1016/s1002-0721(12)60398-6,,1.040164,0.2218002042552802,0.1949517345132757,0.01601348186600497,0.1377185476653258,False,True,True,100,yes,yes,high observed ZT; high-ZT false negative; important candidate for paper; carried from Step14,https://doi.org/10.1016/s1002-0721%2812%2960398-6
10.1016_s1003-6326_11_60931-x__sample_9421,false_positive,1.0,unknown,n,Mg2Si,10.1016/s1003-6326(11)60931-x,,0.1317901,1.0031085729553004,1.2951401458361558,7.893542687418531,0.1549171732049414,False,False,False,90,yes,yes,high-ZT false positive; important candidate for paper; high predicted ZT; carried from Step14,https://doi.org/10.1016/s1003-6326%2811%2960931-x
10.1021_acs.cgd.8b00605__sample_31862,false_positive,1.0,unknown,p,Bi0.875Ba0.125CuSeO,10.1021/acs.cgd.8b00605,,0.6024411,1.1153684965085497,1.482971732956144,1.7425523902049131,0.21323906292618977,False,True,True,90,yes,yes,high-ZT false positive; important candidate for paper; high predicted ZT; carried from Step14,https://doi.org/10.1021/acs.cgd.8b00605
10.1021_acs.chemmater.0c00113__sample_34756,true_positive,1.0,unknown,p,Ge18Sb2Te20,10.1021/acs.chemmater.0c00113,,1.912863,1.9320122371988375,1.8534365508317787,0.1138812360883206,0.112160897634534,False,True,True,65,yes,yes,high observed ZT; important candidate for paper; high predicted ZT,https://doi.org/10.1021/acs.chemmater.0c00113
10.1021_acs.chemmater.0c00113__sample_34758,true_positive,1.0,unknown,p,Ge17.6Sb2Te20,10.1021/acs.chemmater.0c00113,,1.896266,1.8660118983520368,1.8850184788995128,0.1489733231090646,0.1372456873747393,False,True,True,65,yes,yes,high observed ZT; important candidate for paper; high predicted ZT,https://doi.org/10.1021/acs.chemmater.0c00113
10.1021_acs.chemmater.0c00113__sample_34767,true_positive,1.0,unknown,p,Ge17.4Sb2Te20,10.1021/acs.chemmater.0c00113,,1.917012,1.7803370913285321,1.893190677727402,0.16121712054681703,0.15514216816864285,False,True,True,65,yes,yes,high observed ZT; important candidate for paper; high predicted ZT,https://doi.org/10.1021/acs.chemmater.0c00113
10.1021_acs.chemmater.0c00113__sample_34768,true_positive,1.0,unknown,p,Ge17.2Sb2Te20,10.1021/acs.chemmater.0c00113,,1.879668,1.7495024731365045,1.870792147736156,0.15222126579269774,0.15238177428540475,False,True,True,65,yes,yes,high observed ZT; important candidate for paper; high predicted ZT,https://doi.org/10.1021/acs.chemmater.0c00113
10.1021_acs.chemmater.0c00113__sample_34770,true_positive,1.0,unknown,p,Ge17Sb2Te20,10.1021/acs.chemmater.0c00113,,2.087137,1.879493189442744,2.076282711974524,0.17433655970991527,0.17540013934677656,False,True,True,65,yes,yes,high observed ZT; important candidate for paper; high predicted ZT,https://doi.org/10.1021/acs.chemmater.0c00113
10.1021_acs.chemmater.0c00113__sample_34776,true_positive,1.0,unknown,p,Sb2Te3(GeTe)17,10.1021/acs.chemmater.0c00113,,2.067099,1.81281850624988,2.0879747755917712,0.1864833208023989,0.18623209458245482,False,True,True,65,yes,yes,high observed ZT; important candidate for paper; high predicted ZT,https://doi.org/10.1021/acs.chemmater.0c00113
10.1021_acs.chemmater.0c00113__sample_34777,true_positive,1.0,unknown,p,(Sb2Te3(GeTe)17)96.68(BiI3)3.32,10.1021/acs.chemmater.0c00113,,1.903483,1.577199370919902,1.908882434723659,0.18525178183903573,0.18329786589268315,False,True,True,65,yes,yes,high observed ZT; important candidate for paper; high predicted ZT,https://doi.org/10.1021/acs.chemmater.0c00113
10.1021_acs.chemmater.0c00113__sample_34778,true_positive,1.0,unknown,p,(Sb2Te3(GeTe)17)93.54(BiI3)6.46,10.1021/acs.chemmater.0c00113,,2.07596,1.7867335058489138,2.078993304960667,0.24278712684034773,0.24499189905560043,False,True,True,65,yes,yes,high observed ZT; important candidate for paper; high predicted ZT,https://doi.org/10.1021/acs.chemmater.0c00113
10.1021_acs.chemmater.0c00113__sample_34779,true_positive,1.0,unknown,p,(Sb2Te3(GeTe)17)90.57(BiI3)9.43,10.1021/acs.chemmater.0c00113,,2.160291,1.7619834181260121,2.162491635269114,0.29184780458752246,0.28482549552986586,False,True,True,65,yes,yes,high observed ZT; important candidate for paper; high predicted ZT,https://doi.org/10.1021/acs.chemmater.0c00113
10.1021_acs.chemmater.0c00113__sample_34780,true_positive,1.0,unknown,p,(Sb2Te3(GeTe)17)87.76(BiI3)12.24,10.1021/acs.chemmater.0c00113,,1.945652,1.5689343290248217,1.9860585842091707,0.36517579223752283,0.3583258501167329,False,True,True,65,yes,yes,high observed ZT; important candidate for paper; high predicted ZT,https://doi.org/10.1021/acs.chemmater.0c00113
10.1021_acs.chemmater.5b02329__sample_12345,true_positive,1.0,unknown,p,(SnTe)10(AgBiTe2),10.1021/acs.chemmater.5b02329,,1.090015,1.3903102693307896,1.1091760585306023,0.10874783320845989,0.09840018287795377,False,True,True,65,yes,yes,high observed ZT; important candidate for paper; high predicted ZT,https://doi.org/10.1021/acs.chemmater.5b02329
10.1021_acs.chemmater.5b02329__sample_12348,true_positive,1.0,unknown,p,(SnTe)12(AgBiTe2),10.1021/acs.chemmater.5b02329,,1.112922,1.3911226624824078,1.1166877912115636,0.10580606363683875,0.09433443842145182,False,True,True,65,yes,yes,high observed ZT; important candidate for paper; high predicted ZT,https://doi.org/10.1021/acs.chemmater.5b02329
10.1021_acs.chemmater.5b02329__sample_12350,false_positive,1.0,unknown,p,(SnTe)16(AgBiTe2),10.1021/acs.chemmater.5b02329,,0.9239354,1.154719615341503,0.906796180462448,0.10323974676236744,0.10885658406527264,False,True,True,65,yes,yes,high-ZT false positive; important candidate for paper; high predicted ZT; carried from Step14,https://doi.org/10.1021/acs.chemmater.5b02329
10.1021_acs.chemmater.5b02329__sample_12351,false_positive,1.0,unknown,p,(SnTe)16(AgBiTe2),10.1021/acs.chemmater.5b02329,,0.9945668,1.2307800578325243,1.001212164704984,0.10124108064081237,0.09012809944253233,False,True,True,65,yes,yes,high-ZT false positive; important candidate for paper; high predicted ZT; carried from Step14,https://doi.org/10.1021/acs.chemmater.5b02329
10.1021_acs.chemmater.5b02329__sample_12353,true_positive,1.0,unknown,p,(SnTe)20(AgBiTe2),10.1021/acs.chemmater.5b02329,,1.214097,1.6464095927273055,1.2052882649034873,0.1553231665720682,0.1553393932778465,False,True,True,65,yes,yes,high observed ZT; important candidate for paper; high predicted ZT,https://doi.org/10.1021/acs.chemmater.5b02329
10.1021_acs.chemmater.5b02329__sample_12354,false_positive,1.0,unknown,p,(SnTe)20(AgBiTe2),10.1021/acs.chemmater.5b02329,,0.9907489,1.2770253107164184,0.992748742500345,0.1153993325064505,0.11131789536165868,False,True,True,65,yes,yes,high-ZT false positive; important candidate for paper; high predicted ZT; carried from Step14,https://doi.org/10.1021/acs.chemmater.5b02329
10.1021_acs.chemmater.5b02329__sample_12356,true_positive,1.0,unknown,p,(SnTe)25(AgBiTe2),10.1021/acs.chemmater.5b02329,,1.084288,1.467518185902472,1.0753067225082396,0.15543397068793408,0.15675067795274428,False,True,True,65,yes,yes,high observed ZT; important candidate for paper; high predicted ZT,https://doi.org/10.1021/acs.chemmater.5b02329
10.1021_acs.chemmater.5b02329__sample_12357,false_positive,1.0,unknown,p,(SnTe)25(AgBiTe2),10.1021/acs.chemmater.5b02329,,0.7826725,1.0140097603169944,0.7884993996775193,0.11508132501201891,0.1131513404419584,False,True,True,65,yes,yes,high-ZT false positive; important candidate for paper; high predicted ZT; carried from Step14,https://doi.org/10.1021/acs.chemmater.5b02329
10.1021_acs.chemmater.5b03434__sample_9802,true_positive,1.0,unknown,p,Ge0.90Sb0.10Te,10.1021/acs.chemmater.5b03434,,1.850933,2.159084370989972,1.8643379115739165,0.04702127566333687,0.041190958310695705,False,True,True,65,yes,yes,high observed ZT; important candidate for paper; high predicted ZT,https://doi.org/10.1021/acs.chemmater.5b03434
10.1021_acs.chemmater.5b04365__sample_275,false_positive,1.0,unknown,p,Sn0.96Ca0.07Te1,10.1021/acs.chemmater.5b04365,,0.800813,1.5926370934313074,0.986212473863556,0.5554414435063917,0.4149627853770747,False,True,True,75,yes,yes,high-ZT false positive; important candidate for paper; high predicted ZT; carried from Step14,https://doi.org/10.1021/acs.chemmater.5b04365
10.1021_acs.chemmater.5b04365__sample_279,false_positive,1.0,unknown,p,Sn1Ca0.03Te1,10.1021/acs.chemmater.5b04365,,0.4349593,1.1567277613161426,0.7223382760353169,0.736890706848678,0.5134974303291848,False,True,True,75,yes,yes,high-ZT false positive; important candidate for paper; high predicted ZT; carried from Step14,https://doi.org/10.1021/acs.chemmater.5b04365
10.1021_acs.chemmater.5b04365__sample_330,false_positive,1.0,unknown,p,Sn0.94Ca0.09Te1,10.1021/acs.chemmater.5b04365,,0.3373984,1.7097958826464674,1.1643500436396583,0.7245778285709875,0.40910280867716353,False,True,True,75,yes,yes,high-ZT false positive; important candidate for paper; high predicted ZT; carried from Step14,https://doi.org/10.1021/acs.chemmater.5b04365
10.1021_acs.chemmater.5b04365__sample_397,false_positive,1.0,unknown,p,Sn0.98Ca0.05Te1,10.1021/acs.chemmater.5b04365,,0.3699187,1.3325966080887075,0.7095163611965434,0.756592421261025,0.5353401101545202,False,True,True,65,yes,yes,high-ZT false positive; important candidate for paper; high predicted ZT; carried from Step14,https://doi.org/10.1021/acs.chemmater.5b04365
10.1021_acs.chemmater.5b04365__sample_400,false_positive,1.0,unknown,p,Sn1.03Te1,10.1021/acs.chemmater.5b04365,,0.300813,1.0308638757018964,0.4281393506727797,0.40509761842812714,0.5373105234509197,False,True,True,75,yes,yes,high-ZT false positive; important candidate for paper; high predicted ZT; carried from Step14,https://doi.org/10.1021/acs.chemmater.5b04365
10.1021_acs.chemmater.6b01291__sample_20999,false_negative,1.0,unknown,p,Bi0.96Pb0.04CuSeO,10.1021/acs.chemmater.6b01291,,1.022211,0.9212474764131565,1.0044985546196643,0.09040507909100523,0.0837495429558571,False,True,True,90,yes,yes,high observed ZT; high-ZT false negative; important candidate for paper; carried from Step14,https://doi.org/10.1021/acs.chemmater.6b01291
10.1021_acs.chemmater.6b01291__sample_21000,true_positive,1.0,unknown,p,Bi0.94Pb0.06CuSeO,10.1021/acs.chemmater.6b01291,,1.17747,1.343148199292273,1.1737908795945624,0.11746962845311425,0.10584293457926543,False,True,True,65,yes,yes,high observed ZT; important candidate for paper; high predicted ZT,https://doi.org/10.1021/acs.chemmater.6b01291
10.1021_acs.chemmater.6b01291__sample_21001,false_negative,1.0,unknown,p,Bi0.92Pb0.08CuSeO,10.1021/acs.chemmater.6b01291,,1.015013,0.91657649913254,1.0189082940602228,0.08849101953609675,0.08601189232881937,False,True,True,90,yes,yes,high observed ZT; high-ZT false negative; important candidate for paper; carried from Step14,https://doi.org/10.1021/acs.chemmater.6b01291
10.1021_acs.chemmater.6b02308__sample_9539,false_negative,1.0,unknown,n,Mg2.16(Si0.3Sn0.7)0.98Sb0.02,10.1021/acs.chemmater.6b02308,,1.282953,0.48842476793273243,0.5836520423472459,,0.1631576136211953,False,True,True,100,yes,yes,high observed ZT; high-ZT false negative; important candidate for paper; carried from Step14,https://doi.org/10.1021/acs.chemmater.6b02308
10.1021_acs.chemmater.6b02308__sample_9540,true_positive,1.0,unknown,n,Mg2.16(Si0.28Ge0.02Sn0.7)0.98Sb0.02,10.1021/acs.chemmater.6b02308,,1.202526,2.1494139443059934,1.280653075929704,,0.6783733117929719,False,True,True,75,yes,yes,high observed ZT; important candidate for paper; high predicted ZT,https://doi.org/10.1021/acs.chemmater.6b02308
10.1021_acs.chemmater.6b02308__sample_9541,false_negative,1.0,unknown,n,Mg2.16(Si0.27Ge0.03Sn0.7)0.98Sb0.02,10.1021/acs.chemmater.6b02308,,1.206697,0.8350695901623945,0.8845512079976819,0.09259045015021049,0.08511643277042966,False,True,True,100,yes,yes,high observed ZT; high-ZT false negative; important candidate for paper; carried from Step14,https://doi.org/10.1021/acs.chemmater.6b02308
10.1021_acs.chemmater.6b02308__sample_9542,false_negative,1.0,unknown,n,Mg2.16(Si0.26Ge0.04Sn0.7)0.98Sb0.02,10.1021/acs.chemmater.6b02308,,1.218319,0.8046979175496463,0.8554644881807899,,0.07001123174131392,False,True,True,100,yes,yes,high observed ZT; high-ZT false negative; important candidate for paper; carried from Step14,https://doi.org/10.1021/acs.chemmater.6b02308
10.1021_acs.chemmater.6b02308__sample_9543,true_positive,1.0,unknown,n,Mg2.16(Si0.25Ge0.05Sn0.7)0.98Sb0.02,10.1021/acs.chemmater.6b02308,,1.17295,1.7309229743075656,1.1340164413691796,,0.5263649724669758,False,True,True,75,yes,yes,high observed ZT; important candidate for paper; high predicted ZT,https://doi.org/10.1021/acs.chemmater.6b02308
10.1021_acs.chemmater.6b02308__sample_9544,false_positive,1.0,unknown,n,Mg2.16(Si0.3Ge0.02Sn0.68)0.98Sb0.02,10.1021/acs.chemmater.6b02308,,0.7663291,2.121329301983717,1.30430026063048,,0.6264117749683625,False,True,True,75,yes,yes,high-ZT false positive; important candidate for paper; high predicted ZT; carried from Step14,https://doi.org/10.1021/acs.chemmater.6b02308
10.1021_acs.chemmater.6b02308__sample_9545,false_negative,1.0,unknown,n,Mg2.16(Si0.3Ge0.03Sn0.67)0.98Sb0.02,10.1021/acs.chemmater.6b02308,,1.371927,0.5065587151652491,0.6080510680579477,0.1180070208084046,0.11784847939423362,False,True,True,100,yes,yes,high observed ZT; high-ZT false negative; important candidate for paper; carried from Step14,https://doi.org/10.1021/acs.chemmater.6b02308
10.1021_acs.chemmater.6b02308__sample_9547,true_positive,1.0,unknown,n,Mg2.16(Si0.3Ge0.05Sn0.65)0.98Sb0.02,10.1021/acs.chemmater.6b02308,,1.455431,2.0166723488845983,1.385043516329792,0.2815243570686795,0.24630121750251455,False,True,True,75,yes,yes,high observed ZT; important candidate for paper; high predicted ZT,https://doi.org/10.1021/acs.chemmater.6b02308
10.1021_acs.chemmater.6b04076__sample_3084,false_positive,1.0,unknown,p,Sn1.03Te,10.1021/acs.chemmater.6b04076,,0.5602438,1.4209331247691734,0.9220267062164832,1.536276393900608,0.39726066602901877,False,True,True,100,yes,yes,high-ZT false positive; important candidate for paper; high predicted ZT; carried from Step14,https://doi.org/10.1021/acs.chemmater.6b04076
10.1021_acs.chemmater.6b04076__sample_3085,false_positive,1.0,unknown,p,Sn1.01Ga0.02Te,10.1021/acs.chemmater.6b04076,,0.5809685,1.3647699913765148,0.9839416651633804,0.44517164335907466,0.30240697952368034,False,True,True,65,yes,yes,high-ZT false positive; important candidate for paper; high predicted ZT; carried from Step14,https://doi.org/10.1021/acs.chemmater.6b04076
10.1021_acs.chemmater.6b04076__sample_3086,false_positive,1.0,unknown,p,SnGa0.03Te,10.1021/acs.chemmater.6b04076,,0.5019472,1.2756856267966616,0.9722896013798404,1.541473738267016,0.3235718664118356,False,True,True,100,yes,yes,high-ZT false positive; important candidate for paper; high predicted ZT; carried from Step14,https://doi.org/10.1021/acs.chemmater.6b04076
10.1021_acs.chemmater.6b04076__sample_3087,false_positive,1.0,unknown,p,Sn0.98Ga0.05Te,10.1021/acs.chemmater.6b04076,,0.5615984,1.5298358814390267,1.135294442750321,1.2159469841605164,0.28655721627572633,False,True,True,100,yes,yes,high-ZT false positive; important candidate for paper; high predicted ZT; carried from Step14,https://doi.org/10.1021/acs.chemmater.6b04076
10.1021_acs.chemmater.6b04076__sample_3088,false_positive,1.0,unknown,p,Sn0.96Ga0.07Te,10.1021/acs.chemmater.6b04076,,0.9565696,1.5328129147499494,1.179037491773911,0.7973240686340249,0.27007070371563613,False,True,True,65,yes,yes,high-ZT false positive; important candidate for paper; high predicted ZT; carried from Step14,https://doi.org/10.1021/acs.chemmater.6b04076
10.1021_acs.chemmater.6b04076__sample_3089,false_positive,1.0,unknown,p,Sn0.93Ga0.1Te,10.1021/acs.chemmater.6b04076,,0.6884694,1.8078597893825565,1.5772323892432674,0.7574763725620164,0.18763455601252751,False,True,True,65,yes,yes,high-ZT false positive; important candidate for paper; high predicted ZT; carried from Step14,https://doi.org/10.1021/acs.chemmater.6b04076
10.1021_acs.chemmater.7b04023__sample_31993,true_positive,1.0,unknown,p,Ge0.90Sb0.10Te,10.1021/acs.chemmater.7b04023,,1.78566,1.7717421755270673,1.7167421416667572,0.007794218649089284,0.03340305009330513,False,True,True,75,yes,yes,high observed ZT; important candidate for paper; high predicted ZT,https://doi.org/10.1021/acs.chemmater.7b04023
10.1021_acs.chemmater.7b04023__sample_31997,true_positive,1.0,unknown,p,Ge0.88Bi0.02Sb0.10Te,10.1021/acs.chemmater.7b04023,,1.373585,1.0466311695309527,1.206747150851662,0.36788325209094036,0.36441490442636265,False,True,True,65,yes,yes,high observed ZT; important candidate for paper; high predicted ZT,https://doi.org/10.1021/acs.chemmater.7b04023
10.1021_acs.chemmater.7b04023__sample_31998,true_positive,1.0,unknown,p,Ge0.85Bi0.05Sb0.10Te,10.1021/acs.chemmater.7b04023,,1.758491,1.4503022938196657,1.7065864455985131,0.21759444087861854,0.18950283423349473,False,True,True,65,yes,yes,high observed ZT; important candidate for paper; high predicted ZT,https://doi.org/10.1021/acs.chemmater.7b04023
10.1021_acs.chemmater.8b00254__sample_40617,false_positive,1.0,unknown,p,Cu2.075Se,10.1021/acs.chemmater.8b00254,,0.8967334,1.1143894728923898,0.8023787409541561,0.2513312405410649,0.20208196052965935,False,True,True,65,yes,yes,high-ZT false positive; important candidate for paper; high predicted ZT; carried from Step14,https://doi.org/10.1021/acs.chemmater.8b00254
10.1021_acs.chemmater.8b03994__sample_43365,true_positive,1.0,unknown,n,Yb0.25Co3.9Fe0.1Sb12,10.1021/acs.chemmater.8b03994,,1.240924,1.076781701460908,1.1611348324728732,,0.07264714540715138,False,True,True,75,yes,yes,high observed ZT; important candidate for paper; high predicted ZT,https://doi.org/10.1021/acs.chemmater.8b03994
10.1021_acs.chemmater.8b03994__sample_43366,true_positive,1.0,unknown,n,Yb0.25Co3.75Fe0.25Sb12,10.1021/acs.chemmater.8b03994,,1.243564,1.377346344277456,1.2674198260082017,0.13664703920010401,0.10585760125379466,False,True,True,65,yes,yes,high observed ZT; important candidate for paper; high predicted ZT,https://doi.org/10.1021/acs.chemmater.8b03994
10.1021_acs.chemmater.8b03994__sample_43368,true_positive,1.0,unknown,n,Yb0.3Co3.9Fe0.1Sb12,10.1021/acs.chemmater.8b03994,,1.172277,1.3444058599192765,1.14813272932108,0.0741903580906814,0.08458528477866577,False,True,True,65,yes,yes,high observed ZT; important candidate for paper; high predicted ZT,https://doi.org/10.1021/acs.chemmater.8b03994
10.1021_acs.chemmater.8b03994__sample_43369,true_positive,1.0,unknown,n,Yb0.3Co3.75Fe0.25Sb12,10.1021/acs.chemmater.8b03994,,1.050825,1.1992895436767719,1.050482937273107,0.08971162442368483,0.086684594528129,False,True,True,65,yes,yes,high observed ZT; important candidate for paper; high predicted ZT,https://doi.org/10.1021/acs.chemmater.8b03994
10.1021_acs.chemmater.8b03994__sample_43371,false_negative,1.0,unknown,n,Yb0.4Co3.9Fe0.1Sb12,10.1021/acs.chemmater.8b03994,,1.135314,0.9450037773750615,1.0831653064819295,0.042186965234934475,0.04832250674579726,False,True,True,90,yes,yes,high observed ZT; high-ZT false negative; important candidate for paper; carried from Step14,https://doi.org/10.1021/acs.chemmater.8b03994
10.1021_acs.chemmater.8b03994__sample_43374,true_positive,1.0,unknown,n,Yb0.5Co3.9Fe0.1Sb12,10.1021/acs.chemmater.8b03994,,1.09571,1.279246514687391,1.0833958114254705,0.0004490414290179863,0.06949164993939808,False,True,True,75,yes,yes,high observed ZT; important candidate for paper; high predicted ZT,https://doi.org/10.1021/acs.chemmater.8b03994
10.1021_acs.chemmater.8b03994__sample_43375,true_positive,1.0,unknown,n,Yb0.5Co3.75Fe0.25Sb12,10.1021/acs.chemmater.8b03994,,1.156436,1.2635909979211255,1.1643297779337547,0.10647420625132387,0.09410188655547848,False,True,True,65,yes,yes,high observed ZT; important candidate for paper; high predicted ZT,https://doi.org/10.1021/acs.chemmater.8b03994
10.1021_acs.chemmater.8b03994__sample_43376,true_positive,1.0,unknown,n,Yb0.5Co3.5Fe0.5Sb12,10.1021/acs.chemmater.8b03994,,1.064026,1.0317589749148002,1.1377286671356788,0.12231423896369406,0.12746982561810818,False,True,True,65,yes,yes,high observed ZT; important candidate for paper; high predicted ZT,https://doi.org/10.1021/acs.chemmater.8b03994
10.1021_acs.chemmater.8b03994__sample_43385,true_positive,1.0,unknown,n,Yb0.4Co3.8Fe0.2Sb12,10.1021/acs.chemmater.8b03994,,1.343689,1.57672787518921,1.33982098668564,0.17343215222362474,0.17681980716663825,False,True,True,75,yes,yes,high observed ZT; important candidate for paper; high predicted ZT,https://doi.org/10.1021/acs.chemmater.8b03994
10.1021_acs.chemmater.8b03994__sample_43394,false_negative,1.0,unknown,n,Yb0.3Co3.7Fe0.3Sb12,10.1021/acs.chemmater.8b03994,,1.02679,0.47611588391328835,0.4239184358398948,0.16834684409685124,0.16214253943861284,False,True,True,100,yes,yes,high observed ZT; high-ZT false negative; important candidate for paper; carried from Step14,https://doi.org/10.1021/acs.chemmater.8b03994
10.1021_acs.chemmater.8b03994__sample_43397,true_positive,1.0,unknown,n,Yb0.4Co3.7Fe0.3Sb12,10.1021/acs.chemmater.8b03994,,1.097087,1.0888391927841226,1.0794348768254494,0.012188204438410582,0.008712258757407117,False,True,True,75,yes,yes,high observed ZT; important candidate for paper; high predicted ZT,https://doi.org/10.1021/acs.chemmater.8b03994
10.1021_acs.chemmater.8b03994__sample_43399,true_positive,1.0,unknown,n,Yb0.5Co3.8Fe0.2Sb12,10.1021/acs.chemmater.8b03994,,1.085965,1.1254236780296674,1.090643485875831,0.036335128691686466,0.06833209339469788,False,True,True,75,yes,yes,high observed ZT; important candidate for paper; high predicted ZT,https://doi.org/10.1021/acs.chemmater.8b03994
10.1021_acs.chemmater.8b03994__sample_43400,false_negative,1.0,unknown,n,Yb0.5Co3.7Fe0.3Sb12,10.1021/acs.chemmater.8b03994,,1.024561,0.28084681583769305,0.2531607494573593,,0.10936160696189214,False,True,True,100,yes,yes,high observed ZT; high-ZT false negative; important candidate for paper; carried from Step14,https://doi.org/10.1021/acs.chemmater.8b03994
10.1021_acs.inorgchem.8b02248__sample_40946,false_positive,1.0,unknown,n,CuPb18SbTe20,10.1021/acs.inorgchem.8b02248,,0.7643024,1.2703677993696352,0.7713128503245295,0.2687151464580759,0.2491278387059182,False,True,True,65,yes,yes,high-ZT false positive; important candidate for paper; high predicted ZT; carried from Step14,https://doi.org/10.1021/acs.inorgchem.8b02248
10.1021_acs.inorgchem.8b02248__sample_40949,false_positive,1.0,unknown,n,CuPb18SbTe20,10.1021/acs.inorgchem.8b02248,,0.9001179,1.124299773735261,0.908376583913592,0.10155932868390923,0.09548364428160697,False,True,True,65,yes,yes,high-ZT false positive; important candidate for paper; high predicted ZT; carried from Step14,https://doi.org/10.1021/acs.inorgchem.8b02248
10.1021_acs.jpcc.5b04175__sample_1794,false_positive,1.0,unknown,p,(Bi0.5Sb1.5Te3.0)(AgNO3)0.003,10.1021/acs.jpcc.5b04175,,0.7048113,1.0568815130633626,0.9339077037669904,0.09717585452592119,0.10175138762023864,False,True,True,65,yes,yes,high-ZT false positive; important candidate for paper; high predicted ZT; carried from Step14,https://doi.org/10.1021/acs.jpcc.5b04175
10.1021_acs.jpcc.5b04175__sample_1795,false_positive,1.0,unknown,p,(Bi0.5Sb1.5Te3.0)(AgNO3)0.005,10.1021/acs.jpcc.5b04175,,0.4560428,1.0931805648055692,0.889608672047244,0.06343123387304272,0.13435253969209057,False,True,True,75,yes,yes,high-ZT false positive; important candidate for paper; high predicted ZT; carried from Step14,https://doi.org/10.1021/acs.jpcc.5b04175
10.1021_acs.jpcc.7b00870__sample_39922,true_positive,1.0,unknown,p,Sn1.02Mg0.01In0.01Te,10.1021/acs.jpcc.7b00870,,1.140466,1.2001717072994018,1.031451041394092,0.3650941923287108,0.2027335064886695,False,True,True,65,yes,yes,high observed ZT; important candidate for paper; high predicted ZT,https://doi.org/10.1021/acs.jpcc.7b00870
10.1021_acs.jpcc.7b00870__sample_39923,true_positive,1.0,unknown,p,SnMg0.02In0.02Te,10.1021/acs.jpcc.7b00870,,1.347951,1.4021188346444091,1.064168467849009,0.3469669370999739,0.12851687378358784,False,True,True,65,yes,yes,high observed ZT; important candidate for paper; high predicted ZT,https://doi.org/10.1021/acs.jpcc.7b00870
10.1021_acs.jpcc.7b00870__sample_39924,true_positive,1.0,unknown,p,Sn0.98Mg0.03In0.03Te,10.1021/acs.jpcc.7b00870,,1.513853,1.0531780130283632,1.0436374160531854,0.15503843717646612,0.05211482730654993,False,True,True,65,yes,yes,high observed ZT; important candidate for paper; high predicted ZT,https://doi.org/10.1021/acs.jpcc.7b00870
10.1021_acs.jpcc.7b00870__sample_39925,true_positive,1.0,unknown,p,Sn0.96Mg0.04In0.04Te,10.1021/acs.jpcc.7b00870,,1.446089,1.1567947775574456,1.3722700858741743,0.20547173093093285,0.1213635765629802,False,True,True,65,yes,yes,high observed ZT; important candidate for paper; high predicted ZT,https://doi.org/10.1021/acs.jpcc.7b00870
10.1021_acsaem.0c01156__sample_38179,true_positive,1.0,unknown,p,Sn0.9Te,10.1021/acsaem.0c01156,,1.53942,1.7890845771336215,1.5416181745369324,0.15747768872544798,0.17371874167604145,False,True,True,65,yes,yes,high observed ZT; important candidate for paper; high predicted ZT,https://doi.org/10.1021/acsaem.0c01156
10.1021_acsaem.0c01359__sample_37452,false_positive,1.0,unknown,p,(SnTe)0.85(PbTe)0.15,10.1021/acsaem.0c01359,,0.7787612,1.0127919410173132,0.779098195359664,0.1832920566310161,0.15974516290767407,False,True,True,65,yes,yes,high-ZT false positive; important candidate for paper; high predicted ZT; carried from Step14,https://doi.org/10.1021/acsaem.0c01359
10.1021_acsaem.0c01359__sample_37454,true_positive,1.0,unknown,p,(SnTe)0.75(PbTe)0.25,10.1021/acsaem.0c01359,,1.012609,1.0096596203191317,0.7579177834001412,0.3883491731033075,0.2691947366377414,False,True,True,75,yes,yes,high observed ZT; important candidate for paper; high predicted ZT,https://doi.org/10.1021/acsaem.0c01359
10.1021_acsaem.0c01359__sample_37455,true_positive,1.0,unknown,p,(SnTe)0.5(PbTe)0.5,10.1021/acsaem.0c01359,,1.204256,1.7745573038203748,1.1693091596686938,0.4927618188057292,0.43284999647442746,False,True,True,65,yes,yes,high observed ZT; important candidate for paper; high predicted ZT,https://doi.org/10.1021/acsaem.0c01359
10.1021_acsaem.0c01525__sample_37615,false_positive,1.0,unknown,p,Cu2Se,10.1021/acsaem.0c01525,,0.9307982,1.6712805246393883,0.9126688551563396,0.07753386386891535,0.38181405792991935,False,True,True,75,yes,yes,high-ZT false positive; important candidate for paper; high predicted ZT; carried from Step14,https://doi.org/10.1021/acsaem.0c01525
10.1021_acsaem.0c01525__sample_37617,false_positive,1.0,unknown,p,(Cu2Se)0.99(CuFeSe2)0.01,10.1021/acsaem.0c01525,,0.8883063,1.3029146407954477,1.1432591205537184,,0.19873750653322209,False,True,True,75,yes,yes,high-ZT false positive; important candidate for paper; high predicted ZT; carried from Step14,https://doi.org/10.1021/acsaem.0c01525
10.1021_acsaem.0c02825__sample_42049,true_positive,1.0,unknown,p,YbCd2Sb2,10.1021/acsaem.0c02825,,1.06504,1.0315061821355858,0.9426990888981314,0.06977414277078221,0.09982792960109661,False,True,True,75,yes,yes,high observed ZT; important candidate for paper; high predicted ZT,https://doi.org/10.1021/acsaem.0c02825
10.1021_acsaem.0c02825__sample_42069,true_positive,1.0,unknown,p,YbCd2Sb2,10.1021/acsaem.0c02825,,1.034496,1.177377744922702,1.043222573701869,0.07789518970112137,0.07778789220475656,False,True,True,65,yes,yes,high observed ZT; important candidate for paper; high predicted ZT,https://doi.org/10.1021/acsaem.0c02825
10.1021_acsaem.0c02825__sample_42070,false_positive,1.0,unknown,p,YbCd2Sb2,10.1021/acsaem.0c02825,,0.9925234,1.1346140141842405,1.0303405509679453,0.07243337133429409,0.05331117941273773,False,True,True,65,yes,yes,high-ZT false positive; important candidate for paper; high predicted ZT; carried from Step14,https://doi.org/10.1021/acsaem.0c02825
10.1021_acsaem.0c02825__sample_42071,true_positive,1.0,unknown,p,YbCd2Sb2,10.1021/acsaem.0c02825,,1.007877,1.1374806357634464,1.034265528874675,0.05792408679599606,0.05221096992970012,False,True,True,65,yes,yes,high observed ZT; important candidate for paper; high predicted ZT,https://doi.org/10.1021/acsaem.0c02825
10.1021_acsaem.0c02825__sample_42072,true_positive,1.0,unknown,p,Na0.005Yb0.995Cd2Sb2,10.1021/acsaem.0c02825,,1.012634,1.1113215715332345,0.980315028223827,0.05074927951465804,0.055268198512920814,False,True,True,65,yes,yes,high observed ZT; important candidate for paper; high predicted ZT,https://doi.org/10.1021/acsaem.0c02825
10.1021_acsaem.0c02825__sample_42073,false_positive,1.0,unknown,p,Na0.01Yb0.99Cd2Sb2,10.1021/acsaem.0c02825,,0.982495,1.1605662311851836,0.9810931050996746,0.14419377801781325,0.14478413566512865,False,True,True,75,yes,yes,high-ZT false positive; important candidate for paper; high predicted ZT; carried from Step14,https://doi.org/10.1021/acsaem.0c02825
10.1021_acsaem.0c02825__sample_42074,false_positive,1.0,unknown,p,Na0.015Yb0.985Cd2Sb2,10.1021/acsaem.0c02825,,0.5723585,1.240513178251934,1.0364014306912004,0.07338925152826753,0.11792540484783591,False,True,True,75,yes,yes,high-ZT false positive; important candidate for paper; high predicted ZT; carried from Step14,https://doi.org/10.1021/acsaem.0c02825
10.1021_acsaem.0c02825__sample_42075,true_positive,1.0,unknown,p,Na0.02Yb0.98Cd2Sb2,10.1021/acsaem.0c02825,,1.003845,1.2181949721687733,1.0020831045378524,0.12322289111967288,0.11053614063681316,False,True,True,65,yes,yes,high observed ZT; important candidate for paper; high predicted ZT,https://doi.org/10.1021/acsaem.0c02825
10.1021_acsaem.1c00632__sample_44399,true_positive,1.0,unknown,p,(GeTe)0.95(CuSbSe2)0.05,10.1021/acsaem.1c00632,,1.413863,1.2839218918157227,1.3948007542032146,0.4708992316385667,0.42813853817141506,False,True,True,75,yes,yes,high observed ZT; important candidate for paper; high predicted ZT,https://doi.org/10.1021/acsaem.1c00632
10.1021_acsaem.1c00632__sample_44400,true_positive,1.0,unknown,p,(GeTe)0.9(CuSbSe2)0.1,10.1021/acsaem.1c00632,,1.536859,1.0765783553406636,1.529143921770787,0.6044300370029062,0.6720012827127907,False,True,True,65,yes,yes,high observed ZT; important candidate for paper; high predicted ZT,https://doi.org/10.1021/acsaem.1c00632
10.1021_acsaem.1c00632__sample_44401,false_negative,1.0,unknown,p,(GeTe)0.85(CuSbSe2)0.15,10.1021/acsaem.1c00632,,1.514646,0.5093790077408896,1.5181613784638812,0.7010764848396173,0.9508036257618612,False,True,True,90,yes,yes,high observed ZT; high-ZT false negative; important candidate for paper; carried from Step14,https://doi.org/10.1021/acsaem.1c00632
10.1021_acsaem.1c00632__sample_44403,true_positive,1.0,unknown,p,(GeTe)0.97(CuSbSe2)0.03,10.1021/acsaem.1c00632,,,1.6561721097493431,1.3772965756765747,,0.21100881237720254,False,True,True,35,no,yes,high predicted ZT,https://doi.org/10.1021/acsaem.1c00632
10.1021_acsaem.1c00632__sample_44404,true_positive,1.0,unknown,p,(GeTe)0.96(CuSbSe2)0.04,10.1021/acsaem.1c00632,,1.652941,2.1505929458429147,1.519524872117189,0.38728321153322715,0.4532941880252587,False,True,True,75,yes,yes,high observed ZT; important candidate for paper; high predicted ZT,https://doi.org/10.1021/acsaem.1c00632
10.1021_acsaem.1c02589__sample_46136,true_positive,1.0,unknown,n,Pb0.99Sb0.01Te,10.1021/acsaem.1c02589,,1.129555,1.7805634698572748,1.1102008626443567,0.26355392039990744,0.281696728932017,False,True,True,65,yes,yes,high observed ZT; important candidate for paper; high predicted ZT,https://doi.org/10.1021/acsaem.1c02589
10.1021_acsaem.1c02589__sample_46137,true_positive,1.0,unknown,n,Pb0.985Sb0.015Te,10.1021/acsaem.1c02589,,1.122933,2.6866820605492667,1.1665160945614423,0.27293603480873113,0.3872936951203993,False,True,True,65,yes,yes,high observed ZT; important candidate for paper; high predicted ZT,https://doi.org/10.1021/acsaem.1c02589
10.1021_acsaem.1c02589__sample_46138,true_positive,1.0,unknown,n,Pb0.98Sb0.02Te,10.1021/acsaem.1c02589,,1.051197,2.261212022996633,1.0684047166013684,0.5701806554358799,0.42611564972231913,False,True,True,65,yes,yes,high observed ZT; important candidate for paper; high predicted ZT,https://doi.org/10.1021/acsaem.1c02589
10.1021_acsaem.1c02589__sample_46139,false_positive,1.0,unknown,n,Pb0.975Sb0.025Te,10.1021/acsaem.1c02589,,0.8800133,1.8543199348744812,0.9965863733925664,0.30336340032872927,0.3995250001152346,False,True,True,65,yes,yes,high-ZT false positive; important candidate for paper; high predicted ZT; carried from Step14,https://doi.org/10.1021/acsaem.1c02589
10.1021_acsaem.1c02589__sample_46140,true_positive,1.0,unknown,n,Pb0.935Sn0.05Sb0.015Te,10.1021/acsaem.1c02589,,1.290433,1.991445051728127,1.2759643663529012,0.2436819217965685,0.25262637907602553,False,True,True,65,yes,yes,high observed ZT; important candidate for paper; high predicted ZT,https://doi.org/10.1021/acsaem.1c02589
10.1021_acsaem.1c02589__sample_46141,true_positive,1.0,unknown,n,Pb0.885Sn0.10Sb0.015Te,10.1021/acsaem.1c02589,,1.170118,1.9446462419644779,1.1488196865158202,0.2557210353890732,0.2712348964849092,False,True,True,65,yes,yes,high observed ZT; important candidate for paper; high predicted ZT,https://doi.org/10.1021/acsaem.1c02589
10.1021_acsaem.1c02589__sample_46142,true_positive,1.0,unknown,n,Pb0.835Sn0.15Sb0.015Te,10.1021/acsaem.1c02589,,1.068676,1.3321831480891786,1.097476793464458,0.19915609287922376,0.20135318347070408,False,True,True,65,yes,yes,high observed ZT; important candidate for paper; high predicted ZT,https://doi.org/10.1021/acsaem.1c02589
10.1021_acsaem.1c02589__sample_46143,true_positive,1.0,unknown,n,Pb0.785Sn0.20Sb0.015Te,10.1021/acsaem.1c02589,,1.092267,1.64810882121953,1.114868202372148,0.2545445172215105,0.2434756200552999,False,True,True,65,yes,yes,high observed ZT; important candidate for paper; high predicted ZT,https://doi.org/10.1021/acsaem.1c02589
10.1021_acsaem.1c02589__sample_46144,true_positive,1.0,unknown,n,Pb0.735Sn0.25Sb0.015Te,10.1021/acsaem.1c02589,,1.035649,1.3153822908154047,1.091784866751251,0.23691325894893195,0.27139629614871735,False,True,True,65,yes,yes,high observed ZT; important candidate for paper; high predicted ZT,https://doi.org/10.1021/acsaem.1c02589
10.1021_acsaem.7b00128__sample_45662,true_positive,1.0,unknown,n,Mg2Si0.4Sn0.6,10.1021/acsaem.7b00128,,1.287716,1.5330259241566424,1.3034930711275017,0.12463060669178659,0.11343782508223248,False,False,False,65,yes,yes,high observed ZT; important candidate for paper; high predicted ZT,https://doi.org/10.1021/acsaem.7b00128
10.1021_acsaem.7b00128__sample_45663,false_negative,1.0,unknown,n,Mg2Si0.4Sn0.6,10.1021/acsaem.7b00128,,1.320109,0.745663944719181,0.8765600763967123,0.11247820218097812,0.1430745226730633,False,False,False,80,yes,yes,high observed ZT; high-ZT false negative; important candidate for paper; carried from Step14,https://doi.org/10.1021/acsaem.7b00128
10.1021_acsaem.7b00128__sample_45664,true_positive,1.0,unknown,n,Mg2Si0.4Sn0.6,10.1021/acsaem.7b00128,,1.377019,1.589308619435177,1.3831805772505708,0.15416607863448298,0.14902467947774337,False,False,False,65,yes,yes,high observed ZT; important candidate for paper; high predicted ZT,https://doi.org/10.1021/acsaem.7b00128
10.1021_acsaem.7b00128__sample_45682,false_negative,1.0,unknown,n,Mg2Si0.4Sn0.6,10.1021/acsaem.7b00128,,1.147283,0.9093744367286087,0.9892121425252588,0.07743016172286654,0.0807083762567254,False,False,False,90,yes,yes,high observed ZT; high-ZT false negative; important candidate for paper; carried from Step14,https://doi.org/10.1021/acsaem.7b00128
10.1021_acsaem.7b00128__sample_45684,false_negative,1.0,unknown,n,Mg2Si0.4Sn0.6,10.1021/acsaem.7b00128,,1.290761,0.8742342360814985,0.9247924701113404,,0.05466981583852524,False,False,False,90,yes,yes,high observed ZT; high-ZT false negative; important candidate for paper; carried from Step14,https://doi.org/10.1021/acsaem.7b00128
10.1021_acsaem.7b00128__sample_45724,false_negative,1.0,unknown,n,Mg2Si0.4Sn0.6,10.1021/acsaem.7b00128,,1.176195,0.8614812683271419,0.8533475771635199,0.14481328284325695,0.009531510232510282,False,False,False,90,yes,yes,high observed ZT; high-ZT false negative; important candidate for paper; carried from Step14,https://doi.org/10.1021/acsaem.7b00128
10.1021_acsaem.8b01977__sample_39958,false_negative,1.0,unknown,p,BaCu1.9Ag0.1Te2,10.1021/acsaem.8b01977,,1.073865,0.7306567620643732,1.0728827771758205,0.4021998352327021,0.39830099042646355,False,True,True,90,yes,yes,high observed ZT; high-ZT false negative; important candidate for paper; carried from Step14,https://doi.org/10.1021/acsaem.8b01977
10.1021_acsaem.9b00057__sample_39713,true_positive,1.0,unknown,p,GeTe,10.1021/acsaem.9b00057,,1.107216,1.2228340063372931,0.9922549305172328,0.1797893721475339,0.15957647657815943,False,True,True,65,yes,yes,high observed ZT; important candidate for paper; high predicted ZT,https://doi.org/10.1021/acsaem.9b00057
10.1021_acsaem.9b00057__sample_39724,true_positive,1.0,unknown,p,Ge0.97Bi0.03Te1.015,10.1021/acsaem.9b00057,,1.507389,1.1887048310735575,1.0953021130750875,0.07462237533612061,0.08681471548474322,False,True,True,65,yes,yes,high observed ZT; important candidate for paper; high predicted ZT,https://doi.org/10.1021/acsaem.9b00057
10.1021_acsaem.9b00057__sample_39725,true_positive,1.0,unknown,p,Ge0.95Bi0.05Te1.025,10.1021/acsaem.9b00057,,1.536946,2.0019794492793133,1.658973664188711,0.17208355755093513,0.19449607982944797,False,True,True,75,yes,yes,high observed ZT; important candidate for paper; high predicted ZT,https://doi.org/10.1021/acsaem.9b00057
10.1021_acsaem.9b00057__sample_39726,false_negative,1.0,unknown,p,Ge0.93Bi0.07Te1.035,10.1021/acsaem.9b00057,,1.651443,0.8973571590283497,0.9285339127505589,0.059828003503074455,0.08516976165022924,False,True,True,90,yes,yes,high observed ZT; high-ZT false negative; important candidate for paper; carried from Step14,https://doi.org/10.1021/acsaem.9b00057
10.1021_acsaem.9b00057__sample_39727,true_positive,1.0,unknown,p,Ge0.91Bi0.09Te1.045,10.1021/acsaem.9b00057,,1.537618,1.6020275354003084,1.6230573400018178,0.11298127978087619,0.08263545415710451,False,True,True,65,yes,yes,high observed ZT; important candidate for paper; high predicted ZT,https://doi.org/10.1021/acsaem.9b00057
10.1021_acsaem.9b00057__sample_39731,true_positive,1.0,unknown,p,Ge0.93Te0.07Te1.015I0.02,10.1021/acsaem.9b00057,,1.852883,1.5013529669339376,1.4981528342960269,0.13651131967944033,0.12676619580843307,False,True,True,65,yes,yes,high observed ZT; important candidate for paper; high predicted ZT,https://doi.org/10.1021/acsaem.9b00057
10.1021_acsaem.9b00057__sample_39732,true_positive,1.0,unknown,p,Ge0.93Te0.07Te1.005I0.03,10.1021/acsaem.9b00057,,1.458959,1.5485446709100446,1.4381191292013202,0.07336696796591596,0.09147941170879023,False,True,True,75,yes,yes,high observed ZT; important candidate for paper; high predicted ZT,https://doi.org/10.1021/acsaem.9b00057
10.1021_acsaem.9b00057__sample_39734,true_positive,1.0,unknown,p,Ge0.93Te0.07Te1.025I0.01,10.1021/acsaem.9b00057,,2.039786,1.8636675702521186,1.7392974816398843,0.37319976187149523,0.2146695731403713,False,True,True,75,yes,yes,high observed ZT; important candidate for paper; high predicted ZT,https://doi.org/10.1021/acsaem.9b00057
10.1021_acsaem.9b00057__sample_39735,true_positive,1.0,unknown,p,Ge0.93Te0.07Te1.015I0.02,10.1021/acsaem.9b00057,,2.036817,1.230443131997919,1.3556295652413062,0.14139848570837324,0.17628179157803403,False,True,True,75,yes,yes,high observed ZT; important candidate for paper; high predicted ZT,https://doi.org/10.1021/acsaem.9b00057
10.1021_acsaem.9b00057__sample_39736,false_negative,1.0,unknown,p,Ge0.93Te0.07Te1.005I0.03,10.1021/acsaem.9b00057,,2.116983,0.6737312385827611,0.722199810013034,0.12137834599417067,0.13633346758865567,False,True,True,100,yes,yes,high observed ZT; high-ZT false negative; important candidate for paper; carried from Step14,https://doi.org/10.1021/acsaem.9b00057
10.1021_acsaem.9b00057__sample_39738,false_negative,1.0,unknown,p,Ge0.97Bi0.03Te1.015,10.1021/acsaem.9b00057,,1.728111,0.7672298355113123,0.7467669132169898,0.034847135126698056,0.12896170705400695,False,True,True,100,yes,yes,high observed ZT; high-ZT false negative; important candidate for paper; carried from Step14,https://doi.org/10.1021/acsaem.9b00057
10.1021_acsaem.9b00057__sample_39739,true_positive,1.0,unknown,p,Ge0.95Bi0.05Te1.025,10.1021/acsaem.9b00057,,1.999605,1.0726336045658325,1.0457725299788905,0.09926557924681334,0.19179827825952064,False,True,True,65,yes,yes,high observed ZT; important candidate for paper; high predicted ZT,https://doi.org/10.1021/acsaem.9b00057
10.1021_acsaem.9b01851__sample_35408,true_positive,1.0,unknown,n,(InSb)0.2In0.5Co4Sb12,10.1021/acsaem.9b01851,,1.065312,1.1514655912790943,1.0649038472733503,0.042081375836764495,0.04504672919628343,False,True,True,75,yes,yes,high observed ZT; important candidate for paper; high predicted ZT,https://doi.org/10.1021/acsaem.9b01851
10.1021_acsami.0c00873__sample_34365,false_negative,1.0,unknown,p,SnSeC0.05,10.1021/acsami.0c00873,,1.188304,0.20496303569570906,1.2115060557509842,0.7573699178450466,0.7650740381984216,False,True,True,100,yes,yes,high observed ZT; high-ZT false negative; important candidate for paper; carried from Step14,https://doi.org/10.1021/acsami.0c00873
10.1021_acsami.0c00873__sample_34366,false_negative,1.0,unknown,p,SnSeC0.08,10.1021/acsami.0c00873,,1.02027,0.2633077415159651,1.0280921466857862,0.6667793077413836,0.8283546665414478,False,True,True,90,yes,yes,high observed ZT; high-ZT false negative; important candidate for paper; carried from Step14,https://doi.org/10.1021/acsami.0c00873
10.1021_acsami.0c01004__sample_32842,true_positive,1.0,unknown,n,Mn3.2Sb1.5Bi0.49Se0.01,10.1021/acsami.0c01004,,1.24757,1.0273330173023696,1.2455792308147842,0.49831276921495593,0.5035816217711121,False,True,True,65,yes,yes,high observed ZT; important candidate for paper; high predicted ZT,https://doi.org/10.1021/acsami.0c01004
10.1021_acsami.0c01004__sample_32843,true_positive,1.0,unknown,n,Mg3.19Mn0.01Sb1.5Bi0.49Se0.01,10.1021/acsami.0c01004,,1.429412,1.4999755497847551,1.5077492932231178,0.2023530460589321,0.180844768638368,False,True,True,65,yes,yes,high observed ZT; important candidate for paper; high predicted ZT,https://doi.org/10.1021/acsami.0c01004
10.1021_acsami.0c01004__sample_32844,true_positive,1.0,unknown,n,Mg3.18Mn0.02Sb1.5Bi0.49Se0.01,10.1021/acsami.0c01004,,1.590537,1.5568157927804482,1.5874121140645954,0.18533303289886727,0.1816039202721582,False,True,True,65,yes,yes,high observed ZT; important candidate for paper; high predicted ZT,https://doi.org/10.1021/acsami.0c01004
10.1021_acsami.0c01004__sample_32845,true_positive,1.0,unknown,n,Mg3.17Mn0.03Sb1.5Bi0.49Se0.01,10.1021/acsami.0c01004,,1.539898,1.516693504985138,1.496086684880488,0.14529595381881358,0.14386977558004746,False,True,True,65,yes,yes,high observed ZT; important candidate for paper; high predicted ZT,https://doi.org/10.1021/acsami.0c01004
10.1021_acsami.0c01798__sample_34349,true_positive,1.0,unknown,n,Yb0.3Co4Sb12,10.1021/acsami.0c01798,,1.202641,1.2300243705886185,1.235142554113507,0.039925474987639896,0.04274388166198195,False,True,True,65,yes,yes,high observed ZT; important candidate for paper; high predicted ZT,https://doi.org/10.1021/acsami.0c01798
10.1021_acsami.0c01798__sample_34350,true_positive,1.0,unknown,n,Yb0.22Co4Sb12(CoAl)0.21,10.1021/acsami.0c01798,,1.243982,1.3526427232686822,1.2524310627542858,0.048635364218194435,0.04478962851305465,False,True,True,65,yes,yes,high observed ZT; important candidate for paper; high predicted ZT,https://doi.org/10.1021/acsami.0c01798
10.1021_acsami.0c01798__sample_34351,true_positive,1.0,unknown,n,Yb0.21Co4Sb12(CoAl)0.32,10.1021/acsami.0c01798,,1.350596,1.5357464704325219,1.3905577142308652,0.04789232458662676,0.044732598180377815,False,True,True,65,yes,yes,high observed ZT; important candidate for paper; high predicted ZT,https://doi.org/10.1021/acsami.0c01798
10.1021_acsami.0c01798__sample_34352,true_positive,1.0,unknown,n,Yb0.18Co4Sb12(CoAl)0.44,10.1021/acsami.0c01798,,1.276136,1.4178184033541512,1.2785286323524372,0.04456591257639862,0.043388118337594435,False,True,True,65,yes,yes,high observed ZT; important candidate for paper; high predicted ZT,https://doi.org/10.1021/acsami.0c01798
10.1021_acsami.0c02408__sample_32485,false_negative,1.0,unknown,p,Pb0.0049Bi0.5Sb1.5Te3,10.1021/acsami.0c02408,,1.052813,0.926158061502645,1.0540420729560045,0.10098226802249477,0.09617918205668921,False,True,True,90,yes,yes,high observed ZT; high-ZT false negative; important candidate for paper; carried from Step14,https://doi.org/10.1021/acsami.0c02408
10.1021_acsami.0c04331__sample_39125,false_negative,1.0,unknown,p,SnSe0.98Te0.02,10.1021/acsami.0c04331,,1.045241,0.4503614019345906,0.4520260193324872,,0.06285904757165321,False,True,True,100,yes,yes,high observed ZT; high-ZT false negative; important candidate for paper; carried from Step14,https://doi.org/10.1021/acsami.0c04331
10.1021_acsami.0c07566__sample_38193,false_positive,1.0,unknown,n,Bi1.9Sb0.1Te3,10.1021/acsami.0c07566,,0.9375726,1.021990264701514,0.9401807777292625,0.12368137824854544,0.12728874577407862,False,True,True,65,yes,yes,high-ZT false positive; important candidate for paper; high predicted ZT; carried from Step14,https://doi.org/10.1021/acsami.0c07566
10.1021_acsami.0c07566__sample_38197,true_positive,1.0,unknown,n,Bi1.6Sb0.4Te3,10.1021/acsami.0c07566,,1.001933,1.0057696579732902,0.9948512190037588,0.08012222819187004,0.08838485653765903,False,True,True,65,yes,yes,high observed ZT; important candidate for paper; high predicted ZT,https://doi.org/10.1021/acsami.0c07566
10.1021_acsami.0c09656__sample_39270,true_positive,1.0,unknown,p,Bi0.52Sb1.48Te3,10.1021/acsami.0c09656,,1.084779,1.0489192212830425,1.0897106169449098,0.06753669070321264,0.06418027804406759,False,True,True,65,yes,yes,high observed ZT; important candidate for paper; high predicted ZT,https://doi.org/10.1021/acsami.0c09656
10.1021_acsami.0c09656__sample_39271,true_positive,1.0,unknown,p,Bi0.52Sb1.48Te3,10.1021/acsami.0c09656,,1.054282,1.0033435024238684,1.0527619565424522,0.08602895810112125,0.08299198629231896,False,True,True,65,yes,yes,high observed ZT; important candidate for paper; high predicted ZT,https://doi.org/10.1021/acsami.0c09656
10.1021_acsami.0c09918__sample_37157,false_positive,1.0,unknown,p,Cu3YTe3,10.1021/acsami.0c09918,,,1.5056703207851632,0.8411418420250169,,0.5906380436530159,False,True,True,35,no,yes,high predicted ZT,https://doi.org/10.1021/acsami.0c09918
10.1021_acsami.0c09918__sample_37161,false_positive,1.0,unknown,p,Cu3ErTe3,10.1021/acsami.0c09918,,,1.5236651357830848,0.7657818788556328,,0.5109409232670851,False,True,True,35,no,yes,high predicted ZT,https://doi.org/10.1021/acsami.0c09918
10.1021_acsami.0c10508__sample_37052,false_positive,1.0,unknown,p,AgSbSe2,10.1021/acsami.0c10508,,0.9108434,1.7074449470416195,0.8166355236761207,0.3866842812377866,0.25918588231593936,False,True,True,65,yes,yes,high-ZT false positive; important candidate for paper; high predicted ZT; carried from Step14,https://doi.org/10.1021/acsami.0c10508
10.1021_acsami.0c10508__sample_37053,true_positive,1.0,unknown,p,AgSb0.98Pb0.02Se2,10.1021/acsami.0c10508,,1.010442,1.4385256927684111,1.0102752482438069,0.2032051207134741,0.18045024441856922,False,True,True,65,yes,yes,high observed ZT; important candidate for paper; high predicted ZT,https://doi.org/10.1021/acsami.0c10508
10.1021_acsami.0c10932__sample_37272,true_positive,1.0,unknown,n,Ag2Sb0.01Te0.99,10.1021/acsami.0c10932,,1.155313,1.0646021023797947,1.139869841494053,0.0869600330029171,0.08197378100686803,False,True,True,65,yes,yes,high observed ZT; important candidate for paper; high predicted ZT,https://doi.org/10.1021/acsami.0c10932
10.1021_acsami.0c10932__sample_37273,false_negative,1.0,unknown,n,Ag2Sb0.015Te0.985,10.1021/acsami.0c10932,,1.073911,0.9691871765037486,1.0668934068874592,0.08977742451617939,0.09279374728482125,False,True,True,90,yes,yes,high observed ZT; high-ZT false negative; important candidate for paper; carried from Step14,https://doi.org/10.1021/acsami.0c10932
10.1021_acsami.0c10932__sample_37274,true_positive,1.0,unknown,n,Ag2Sb0.02Te0.98,10.1021/acsami.0c10932,,1.403006,1.2024487847162286,1.370510174882037,0.1146419167223975,0.11599215651409088,False,True,True,65,yes,yes,high observed ZT; important candidate for paper; high predicted ZT,https://doi.org/10.1021/acsami.0c10932
10.1021_acsami.1c00221__sample_44390,false_positive,1.0,unknown,p,Sn0.333Pb0.333Ge0.333Te,10.1021/acsami.1c00221,,0.9781904,1.4936075995193716,0.9957247481020924,0.26390428670699095,0.30811419394179723,False,True,True,65,yes,yes,high-ZT false positive; important candidate for paper; high predicted ZT; carried from Step14,https://doi.org/10.1021/acsami.1c00221
10.1021_acsami.1c00221__sample_44391,true_positive,1.0,unknown,p,Sn0.25Pb0.25Mn0.25Ge0.25Te,10.1021/acsami.1c00221,,1.406542,1.4931178989454787,1.636055058894025,0.12740977880370988,0.10159029133057698,False,True,True,65,yes,yes,high observed ZT; important candidate for paper; high predicted ZT,https://doi.org/10.1021/acsami.1c00221
10.1021_acsami.1c00221__sample_44394,true_positive,1.0,unknown,p,Ga0.015(Sn0.25Pb0.25Mn0.25Ge0.25)0.985Te,10.1021/acsami.1c00221,,1.297136,1.1899085529012594,1.3088757315019763,0.09961639517229084,0.12025703838350034,False,True,True,65,yes,yes,high observed ZT; important candidate for paper; high predicted ZT,https://doi.org/10.1021/acsami.1c00221
10.1021_acsami.1c00221__sample_44395,true_positive,1.0,unknown,p,Ga0.02(Sn0.25Pb0.25Mn0.25Ge0.25)0.98Te,10.1021/acsami.1c00221,,1.465151,1.4686922333583163,1.4644333156527818,0.11953516258137832,0.11096416152977677,False,True,True,65,yes,yes,high observed ZT; important candidate for paper; high predicted ZT,https://doi.org/10.1021/acsami.1c00221
10.1021_acsami.1c00221__sample_44396,true_positive,1.0,unknown,p,Ga0.025(Sn0.25Pb0.25Mn0.25Ge0.25)0.975Te,10.1021/acsami.1c00221,,1.465151,1.423837812005282,1.5255766114394511,0.22163130481274543,0.12985178209356377,False,True,True,65,yes,yes,high observed ZT; important candidate for paper; high predicted ZT,https://doi.org/10.1021/acsami.1c00221
10.1021_acsami.1c00221__sample_44397,true_positive,1.0,unknown,p,Ga0.03(Sn0.25Pb0.25Mn0.25Ge0.25)0.97Te,10.1021/acsami.1c00221,,1.366998,1.2489658325146333,1.3584052924799537,0.09638773254601989,0.09619536378319837,False,True,True,65,yes,yes,high observed ZT; important candidate for paper; high predicted ZT,https://doi.org/10.1021/acsami.1c00221
10.1021_acsami.1c04326__sample_45073,true_positive,1.0,unknown,p,Sn0.94Ag0.09Y0.03Te,10.1021/acsami.1c04326,,1.028868,1.4560078527759042,1.0099403843168844,0.36525538517797773,0.3633543262951941,False,True,True,65,yes,yes,high observed ZT; important candidate for paper; high predicted ZT,https://doi.org/10.1021/acsami.1c04326
10.1021_acsami.1c04326__sample_45075,true_positive,1.0,unknown,p,Sn0.94Ag0.09Y0.05Te,10.1021/acsami.1c04326,,1.208221,1.4153684270470361,1.2192929481673374,0.24174559436845217,0.2412508127088003,False,True,True,65,yes,yes,high observed ZT; important candidate for paper; high predicted ZT,https://doi.org/10.1021/acsami.1c04326
10.1021_acsami.1c04326__sample_45076,true_positive,1.0,unknown,p,Sn0.94Ag0.09Y0.07Te,10.1021/acsami.1c04326,,1.078116,1.233170920004371,1.0688909398135185,0.2718718199275783,0.30123888923358877,False,True,True,65,yes,yes,high observed ZT; important candidate for paper; high predicted ZT,https://doi.org/10.1021/acsami.1c04326
10.1021_acsami.1c12282__sample_45831,true_positive,1.0,unknown,p,GeTe,10.1021/acsami.1c12282,,1.171598,1.756012269126141,1.2091132796105757,0.3151949387700472,0.29136045778913683,False,True,True,65,yes,yes,high observed ZT; important candidate for paper; high predicted ZT,https://doi.org/10.1021/acsami.1c12282
10.1021_acsami.1c12282__sample_45832,false_positive,1.0,unknown,p,Al0.01Ge0.99Te,10.1021/acsami.1c12282,,0.9621302,1.4201878216526647,1.186259435547286,0.3110985707446162,0.2522319264250762,False,True,True,65,yes,yes,high-ZT false positive; important candidate for paper; high predicted ZT; carried from Step14,https://doi.org/10.1021/acsami.1c12282
10.1021_acsami.1c12282__sample_45833,false_positive,1.0,unknown,p,Al0.02Ge0.98Te,10.1021/acsami.1c12282,,0.9301775,1.2411033398921445,0.94536463584994,0.24834206282177368,0.2020970417542894,False,True,True,65,yes,yes,high-ZT false positive; important candidate for paper; high predicted ZT; carried from Step14,https://doi.org/10.1021/acsami.1c12282
10.1021_acsami.1c12282__sample_45834,false_positive,1.0,unknown,p,Al0.03Ge0.97Te,10.1021/acsami.1c12282,,0.8911243,1.0772340678805141,0.949887945091809,0.221858149961391,0.17023931016245078,False,True,True,65,yes,yes,high-ZT false positive; important candidate for paper; high predicted ZT; carried from Step14,https://doi.org/10.1021/acsami.1c12282
10.1021_acsami.1c12282__sample_45835,true_positive,1.0,unknown,p,Sb0.05Ge0.95Te,10.1021/acsami.1c12282,,1.656008,2.4972939227829376,1.8612929507840072,0.17757691335694153,0.2027978782065851,False,True,True,65,yes,yes,high observed ZT; important candidate for paper; high predicted ZT,https://doi.org/10.1021/acsami.1c12282
10.1021_acsami.1c12282__sample_45837,true_positive,1.0,unknown,p,Sb0.15Ge0.85Te,10.1021/acsami.1c12282,,1.580759,1.0922831709185763,1.6502837719995238,0.5003815890063253,0.4692996124219156,False,True,True,65,yes,yes,high observed ZT; important candidate for paper; high predicted ZT,https://doi.org/10.1021/acsami.1c12282
10.1021_acsami.1c12282__sample_45838,true_positive,1.0,unknown,p,Al0.005Sb0.1Ge0.895Te,10.1021/acsami.1c12282,,1.788779,1.4307129728459604,1.7593480239975354,0.21410234936192643,0.24138962234450953,False,True,True,65,yes,yes,high observed ZT; important candidate for paper; high predicted ZT,https://doi.org/10.1021/acsami.1c12282
10.1021_acsami.1c12282__sample_45839,true_positive,1.0,unknown,p,Al0.0075Sb0.1Ge0.8925Te,10.1021/acsami.1c12282,,1.986617,1.7133689423095575,2.077037975795474,0.17099929874979428,0.19532357544113244,False,True,True,65,yes,yes,high observed ZT; important candidate for paper; high predicted ZT,https://doi.org/10.1021/acsami.1c12282
10.1021_acsami.1c12282__sample_45840,true_positive,1.0,unknown,p,Al0.01Sb0.1Ge0.89Te,10.1021/acsami.1c12282,,1.961611,1.7966942385985039,2.141704682008004,0.2823526861099285,0.21975180010762557,False,True,True,65,yes,yes,high observed ZT; important candidate for paper; high predicted ZT,https://doi.org/10.1021/acsami.1c12282
10.1021_acsami.5b12060__sample_9452,false_positive,1.0,unknown,p,(TiO2)0.02Mg2(Si0.392Sn0.6)0.985As0.008Sb0.015,10.1021/acsami.5b12060,,,1.1747267373366093,0.9757336083490276,,0.12127825750225878,False,True,True,35,no,yes,high predicted ZT,https://doi.org/10.1021/acsami.5b12060
10.1021_acsami.6b15295__sample_3103,true_positive,1.0,unknown,p,Pb0.985Na0.015Te,10.1021/acsami.6b15295,,1.528806,2.2489442657881455,1.4651014128873596,,0.42960887011388316,False,True,True,75,yes,yes,high observed ZT; important candidate for paper; high predicted ZT,https://doi.org/10.1021/acsami.6b15295
10.1021_acsami.6b15295__sample_3104,true_positive,1.0,unknown,p,Pb0.975Na0.015TeZn0.01,10.1021/acsami.6b15295,,1.499656,2.1436014134621986,1.4259401341301694,0.20170727099546365,0.3554513874678974,False,True,True,75,yes,yes,high observed ZT; important candidate for paper; high predicted ZT,https://doi.org/10.1021/acsami.6b15295
10.1021_acsami.6b15295__sample_3105,true_positive,1.0,unknown,p,Pb0.965Na0.015TeZn0.02,10.1021/acsami.6b15295,,1.128177,3.4426741507769916,1.6746465523092493,,0.7324854234331301,False,True,True,75,yes,yes,high observed ZT; important candidate for paper; high predicted ZT,https://doi.org/10.1021/acsami.6b15295
10.1021_acsami.6b15295__sample_3106,true_positive,1.0,unknown,p,Pb0.945Na0.015TeZn0.04,10.1021/acsami.6b15295,,,3.1021806085488564,1.48807072961646,,1.0846997033188215,False,True,True,95,yes,yes,large ZT prediction error; important candidate for paper; high predicted ZT; carried from Step14,https://doi.org/10.1021/acsami.6b15295
10.1021_acsami.7b04098__sample_2830,true_positive,1.0,unknown,p,Pb0.94Na0.02Sr0.04Te,10.1021/acsami.7b04098,,1.758954,2.2415918074002015,1.471938157354183,,0.29698422390986184,False,True,True,75,yes,yes,high observed ZT; important candidate for paper; high predicted ZT,https://doi.org/10.1021/acsami.7b04098
10.1021_acsami.7b18451__sample_42339,true_positive,1.0,unknown,p,Bi0.4Sb1.6Te3,10.1021/acsami.7b18451,,1.051785,1.026460417062485,1.0499496598207714,0.1482049101866623,0.14746522936985204,False,True,True,65,yes,yes,high observed ZT; important candidate for paper; high predicted ZT,https://doi.org/10.1021/acsami.7b18451
10.1021_acsami.7b18451__sample_42340,true_positive,1.0,unknown,p,(Bi0.4Sb1.6Te3)0.98(FeTe2)0.02,10.1021/acsami.7b18451,,1.205888,1.2893119263578496,1.2153488053681791,0.09845983412898705,0.09355792204795704,False,True,True,65,yes,yes,high observed ZT; important candidate for paper; high predicted ZT,https://doi.org/10.1021/acsami.7b18451
10.1021_acsami.7b18451__sample_42341,true_positive,1.0,unknown,p,(Bi0.4Sb1.6Te3)0.96(FeTe2)0.04,10.1021/acsami.7b18451,,1.288295,1.411801832785137,1.305160096219961,0.11309298170062475,0.10976833482592874,False,True,True,65,yes,yes,high observed ZT; important candidate for paper; high predicted ZT,https://doi.org/10.1021/acsami.7b18451
10.1021_acsami.7b18451__sample_42342,true_positive,1.0,unknown,p,(Bi0.4Sb1.6Te3)0.92(FeTe2)0.08,10.1021/acsami.7b18451,,1.518888,1.6090024917389738,1.5251349699395955,0.10697588329798896,0.10376981772642756,False,True,True,65,yes,yes,high observed ZT; important candidate for paper; high predicted ZT,https://doi.org/10.1021/acsami.7b18451
10.1021_acsami.7b18451__sample_42343,true_positive,1.0,unknown,p,(Bi0.4Sb1.6Te3)0.89(FeTe2)0.11,10.1021/acsami.7b18451,,1.166822,1.2105835417981208,1.1604147413136523,0.10829697036662994,0.10135433229239577,False,True,True,65,yes,yes,high observed ZT; important candidate for paper; high predicted ZT,https://doi.org/10.1021/acsami.7b18451
10.1021_acsami.8b15111__sample_42023,true_positive,1.0,unknown,n,Mg2Si0.35Sn0.635Bi0.015,10.1021/acsami.8b15111,,1.102908,1.4078393244037954,1.086550030376776,0.1055040705105618,0.11431113205448803,False,True,False,60,yes,yes,high observed ZT; important candidate for paper; high predicted ZT,https://doi.org/10.1021/acsami.8b15111
10.1021_acsami.8b15111__sample_42051,true_positive,1.0,unknown,n,Mg2Si0.35Sn0.62Bi0.03,10.1021/acsami.8b15111,,1.174678,1.67436405720852,1.2828817442552876,0.13875495904395282,0.10953669671692351,False,True,False,70,yes,yes,high observed ZT; important candidate for paper; high predicted ZT,https://doi.org/10.1021/acsami.8b15111
10.1021_acsami.8b15111__sample_42052,true_positive,1.0,unknown,n,Mg2Si0.35Sn0.605Bi0.045,10.1021/acsami.8b15111,,1.263781,1.6332042758635532,1.2499639278405694,0.11584606337593359,0.11980130795156392,False,True,False,60,yes,yes,high observed ZT; important candidate for paper; high predicted ZT,https://doi.org/10.1021/acsami.8b15111
10.1021_acsami.8b15111__sample_42060,true_positive,1.0,unknown,n,Mg2Si0.325Sn0.645Bi0.03,10.1021/acsami.8b15111,,1.358467,1.7948754394171946,1.340257065814607,0.12457554938384598,0.131391834510576,False,True,False,60,yes,yes,high observed ZT; important candidate for paper; high predicted ZT,https://doi.org/10.1021/acsami.8b15111
10.1021_acsami.8b15111__sample_42065,true_positive,1.0,unknown,n,Mg2Si0.30Sn0.67Bi0.03,10.1021/acsami.8b15111,,1.306398,1.7721514128597589,1.301174556553653,0.1337227281207458,0.13733087235944777,False,True,False,60,yes,yes,high observed ZT; important candidate for paper; high predicted ZT,https://doi.org/10.1021/acsami.8b15111
10.1021_acsami.9b02124__sample_83818,true_positive,1.0,unknown,p,Nb0.8Ti0.2FeSb,10.1021/acsami.9b02124,,1.085,5.128244279391161,1.0859530170784983,0.8688696115438207,0.7552435723768222,False,True,True,65,yes,yes,high observed ZT; important candidate for paper; high predicted ZT,https://doi.org/10.1021/acsami.9b02124
10.1021_acsami.9b02124__sample_83819,true_positive,1.0,unknown,p,Nb0.8Ti0.2FeSb,10.1021/acsami.9b02124,,1.064,5.0301409250597855,1.055000954189944,0.7100552360361169,0.7160770726689415,False,True,True,65,yes,yes,high observed ZT; important candidate for paper; high predicted ZT,https://doi.org/10.1021/acsami.9b02124
10.1021_acsami.9b02124__sample_83820,true_positive,1.0,unknown,p,Nb0.8Ti0.2FeSb,10.1021/acsami.9b02124,,1.052,1.5304210265296325,1.0297484301452022,0.2512899165739753,0.27832328466604905,False,True,True,65,yes,yes,high observed ZT; important candidate for paper; high predicted ZT,https://doi.org/10.1021/acsami.9b02124
10.1021_acsami.9b12256__sample_41040,false_negative,1.0,unknown,p,Cu3.52In4.16Te8,10.1021/acsami.9b12256,,1.117395,0.6425510623350644,1.1188747526360892,0.3332694589037865,0.33077574782306834,False,True,True,90,yes,yes,high observed ZT; high-ZT false negative; important candidate for paper; carried from Step14,https://doi.org/10.1021/acsami.9b12256
10.1021_acsami.9b12256__sample_41041,false_negative,1.0,unknown,p,(Cu2Te)0.03(Cu3.52In4.16Te8),10.1021/acsami.9b12256,,1.250922,0.4784125580607957,1.2358774564988302,0.6175520471613772,0.6128964441052992,False,True,True,100,yes,yes,high observed ZT; high-ZT false negative; important candidate for paper; carried from Step14,https://doi.org/10.1021/acsami.9b12256
10.1021_acsami.9b12256__sample_41042,false_negative,1.0,unknown,p,(Cu2Te)0.05(Cu3.52In4.16Te8),10.1021/acsami.9b12256,,1.355412,0.37549016437168303,1.3729156646772809,8.19911033260434,3.3869207210018866,False,True,True,135,yes,yes,high observed ZT; high-ZT false negative; important candidate for paper; carried from Step14,https://doi.org/10.1021/acsami.9b12256
10.1021_acsami.9b12256__sample_41043,false_negative,1.0,unknown,p,(Cu2Te)0.08(Cu3.52In4.16Te8),10.1021/acsami.9b12256,,1.541113,0.5452761823643786,1.5909251112938188,60.3586368790694,2.4041241867359373,False,True,True,135,yes,yes,high observed ZT; high-ZT false negative; important candidate for paper; carried from Step14,https://doi.org/10.1021/acsami.9b12256
10.1021_acsami.9b12256__sample_41044,false_negative,1.0,unknown,p,(Cu2Te)0.11(Cu3.52In4.16Te8),10.1021/acsami.9b12256,,1.340895,0.16033236175495444,0.0540953075326759,4.2620478655467355,4.39856559365989,False,True,True,145,yes,yes,high observed ZT; high-ZT false negative; important candidate for paper; carried from Step14,https://doi.org/10.1021/acsami.9b12256
10.1021_acsami.9b12599__sample_83169,false_negative,1.0,unknown,n,ZrNi1.03Sn,10.1021/acsami.9b12599,,1.069,0.46858027112894357,0.6337693515670397,0.16022129757633327,0.3179473262173443,False,False,False,90,yes,yes,high observed ZT; high-ZT false negative; important candidate for paper; carried from Step14,https://doi.org/10.1021/acsami.9b12599
10.1021_acsami.9b15348__sample_41138,true_positive,1.0,unknown,n,Mg2Si0.30Sn0.67Bi0.03,10.1021/acsami.9b15348,,1.330313,1.7950720400370566,1.3315717024377132,0.13450947180653955,0.1373343854888268,False,True,False,60,yes,yes,high observed ZT; important candidate for paper; high predicted ZT,https://doi.org/10.1021/acsami.9b15348
10.1021_acsami.9b15348__sample_41139,true_positive,1.0,unknown,n,(Mg2Si0.30Sn0.67Bi0.03)98.24(SiC)1.76,10.1021/acsami.9b15348,,1.293198,1.8253521777554662,1.303445434512602,0.1513063373590225,0.15452766026475054,False,True,False,60,yes,yes,high observed ZT; important candidate for paper; high predicted ZT,https://doi.org/10.1021/acsami.9b15348
10.1021_acsami.9b15348__sample_41140,true_positive,1.0,unknown,n,(Mg2Si0.30Sn0.67Bi0.03)96.53(SiC)3.47,10.1021/acsami.9b15348,,1.219927,1.6911386731613123,1.2299108454547272,0.11949174233212156,0.1488603016243581,False,True,False,60,yes,yes,high observed ZT; important candidate for paper; high predicted ZT,https://doi.org/10.1021/acsami.9b15348
10.1021_acsami.9b15348__sample_41141,true_positive,1.0,unknown,n,(Mg2Si0.30Sn0.67Bi0.03)94.85(SiC)5.15,10.1021/acsami.9b15348,,1.244448,1.833034656874558,1.3152098802613654,0.13145863479146494,0.15157280499641296,False,True,False,60,yes,yes,high observed ZT; important candidate for paper; high predicted ZT,https://doi.org/10.1021/acsami.9b15348
10.1021_acsami.9b15348__sample_41142,true_positive,1.0,unknown,n,(Mg2Si0.30Sn0.67Bi0.03)90.08(SiC)9.92,10.1021/acsami.9b15348,,1.452603,2.006164498933072,1.4444871911377692,0.14796123653778664,0.14849498044698853,False,True,False,60,yes,yes,high observed ZT; important candidate for paper; high predicted ZT,https://doi.org/10.1021/acsami.9b15348
10.1021_acsami.9b16309__sample_45652,true_positive,1.0,unknown,n,In0.25Co4Sb12,10.1021/acsami.9b16309,,1.108811,1.2197582868684342,1.103545919793946,0.07094768747240139,0.07065012166433936,False,True,True,65,yes,yes,high observed ZT; important candidate for paper; high predicted ZT,https://doi.org/10.1021/acsami.9b16309
10.1021_acsami.9b16309__sample_45653,true_positive,1.0,unknown,n,(BaFe12O19)0.54(In0.25Co4Sb12)99.46,10.1021/acsami.9b16309,,1.169604,1.450411276345925,1.1624145126801886,0.06642388014227596,0.06588177932319067,False,True,True,65,yes,yes,high observed ZT; important candidate for paper; high predicted ZT,https://doi.org/10.1021/acsami.9b16309
10.1021_acsami.9b16309__sample_45654,true_positive,1.0,unknown,n,(BaFe12O19)0.69(In0.25Co4Sb12)99.31,10.1021/acsami.9b16309,,1.201322,1.4457178863087736,1.1977041871068486,0.06969255710276319,0.0699872044138454,False,True,True,65,yes,yes,high observed ZT; important candidate for paper; high predicted ZT,https://doi.org/10.1021/acsami.9b16309
10.1021_acsami.9b16309__sample_45656,true_positive,1.0,unknown,n,(BaFe12O19)0.23(In0.25Co4Sb12)99.77,10.1021/acsami.9b16309,,1.198678,1.3193083680281568,1.2021019863115436,0.06837200995739316,0.06641256966118363,False,True,True,65,yes,yes,high observed ZT; important candidate for paper; high predicted ZT,https://doi.org/10.1021/acsami.9b16309
10.1021_acsami.9b16309__sample_45657,true_positive,1.0,unknown,n,(BaFe12O19)0.39(In0.25Co4Sb12)99.61,10.1021/acsami.9b16309,,1.133921,1.3067696579944663,1.126683110775323,0.06679313741901656,0.06564158436452637,False,True,True,65,yes,yes,high observed ZT; important candidate for paper; high predicted ZT,https://doi.org/10.1021/acsami.9b16309
10.1021_acsami.9b16781__sample_39667,true_positive,1.0,unknown,n,Bi2Te2.7Se0.3,10.1021/acsami.9b16781,,1.021274,1.0078845874502225,1.0421428149072198,0.027906967867398928,0.04898540471168957,False,True,True,65,yes,yes,high observed ZT; important candidate for paper; high predicted ZT,https://doi.org/10.1021/acsami.9b16781
10.1021_acsami.9b20090__sample_35338,false_positive,1.0,unknown,n,Si63.5Ge36.5P0.17,10.1021/acsami.9b20090,,0.8692857,1.215883626603822,0.935008617713424,,0.24240061574421687,False,True,False,70,yes,yes,high-ZT false positive; important candidate for paper; high predicted ZT; carried from Step14,https://doi.org/10.1021/acsami.9b20090
10.1021_acsami.9b22333__sample_36252,false_positive,1.0,unknown,p,Ca0.995Li0.005Mg1.9Zn0.1Bi1.98,10.1021/acsami.9b22333,,0.9126691,1.0083584943732,0.9288588786808224,0.07269030851851511,0.04877648207045035,False,True,False,60,yes,yes,high-ZT false positive; important candidate for paper; high predicted ZT; carried from Step14,https://doi.org/10.1021/acsami.9b22333
10.1021_acsami.9b22333__sample_36253,false_positive,1.0,unknown,p,Ca0.9925Li0.0075Mg1.9Zn0.1Bi1.98,10.1021/acsami.9b22333,,0.8339483,1.100406286550458,0.9188862415106542,0.23307858894495737,0.16527772933086016,False,True,False,70,yes,yes,high-ZT false positive; important candidate for paper; high predicted ZT; carried from Step14,https://doi.org/10.1021/acsami.9b22333
10.1021_acsenergylett.7b00742__sample_31107,false_negative,1.0,unknown,n,Mg3.2Sb1.5Bi0.49Te0.01,10.1021/acsenergylett.7b00742,,1.141748,0.5100227386199608,0.564644909823533,0.5486085284231672,0.535286808882026,False,True,True,90,yes,yes,high observed ZT; high-ZT false negative; important candidate for paper; carried from Step14,https://doi.org/10.1021/acsenergylett.7b00742
10.1021_acsenergylett.7b00742__sample_31108,true_positive,1.0,unknown,n,Mg3.2Sb1.5Bi0.49Te0.01,10.1021/acsenergylett.7b00742,,1.18835,2.2863345096127303,1.4993467384155754,0.133983485439484,0.18925363484009702,False,True,True,65,yes,yes,high observed ZT; important candidate for paper; high predicted ZT,https://doi.org/10.1021/acsenergylett.7b00742
10.1021_acsenergylett.7b00742__sample_31109,true_positive,1.0,unknown,n,Mg3.2Sb1.5Bi0.49Te0.01,10.1021/acsenergylett.7b00742,,1.328155,2.2281091814207583,1.4153942489835585,0.09080930657136205,0.23123496416469944,False,True,True,65,yes,yes,high observed ZT; important candidate for paper; high predicted ZT,https://doi.org/10.1021/acsenergylett.7b00742
10.1021_acsenergylett.7b00742__sample_31110,true_positive,1.0,unknown,n,Mg3.2Sb1.5Bi0.49Te0.01,10.1021/acsenergylett.7b00742,,1.339806,1.6736320373205287,1.3368837761686427,0.15472750035529573,0.13942324236526307,False,True,True,65,yes,yes,high observed ZT; important candidate for paper; high predicted ZT,https://doi.org/10.1021/acsenergylett.7b00742
10.1021_acsenergylett.7b00742__sample_31111,true_positive,1.0,unknown,n,Mg3.2Sb1.5Bi0.49Te0.01,10.1021/acsenergylett.7b00742,,1.390291,1.9586444453899279,1.3651887082114378,0.14263473706418486,0.17928112323852755,False,True,True,65,yes,yes,high observed ZT; important candidate for paper; high predicted ZT,https://doi.org/10.1021/acsenergylett.7b00742
10.1021_acsenergylett.8b00137__sample_43754,false_negative,1.0,unknown,p,AgSn5Sb(Te0.996I0.004)7,10.1021/acsenergylett.8b00137,,1.005976,0.7553636314431582,0.7284226376381279,,0.07485934974558343,False,True,True,100,yes,yes,high observed ZT; high-ZT false negative; important candidate for paper; carried from Step14,https://doi.org/10.1021/acsenergylett.8b00137
10.1021_acsenergylett.8b00137__sample_43756,true_positive,1.0,unknown,p,AgSn5Sb(Te0.992I0.008)7,10.1021/acsenergylett.8b00137,,1.093625,1.1191172108334901,1.0813929578297483,0.027661709388491246,0.04366231206846788,False,True,True,75,yes,yes,high observed ZT; important candidate for paper; high predicted ZT,https://doi.org/10.1021/acsenergylett.8b00137
10.1021_acsenergylett.9b01093__sample_42849,false_negative,1.0,unknown,p,(Sn1.03Te0.85Se0.075S0.075)0.96Ag0.02In0.02,10.1021/acsenergylett.9b01093,,1.287515,0.44093419594711153,0.4471331055518991,0.013513917317358123,0.013863678461330282,False,True,True,100,yes,yes,high observed ZT; high-ZT false negative; important candidate for paper; carried from Step14,https://doi.org/10.1021/acsenergylett.9b01093
10.1021_acsnano.6b01156__sample_5954,true_positive,1.0,unknown,n,Bi2Te2.8Se0.2,10.1021/acsnano.6b01156,,1.042228,1.0511749295567652,1.037149942602555,0.03830236447991644,0.040565898689728166,False,True,True,65,yes,yes,high observed ZT; important candidate for paper; high predicted ZT,https://doi.org/10.1021/acsnano.6b01156
10.1021_acsnano.6b01156__sample_5955,true_positive,1.0,unknown,n,Bi2Te2.7Se0.3,10.1021/acsnano.6b01156,,1.242375,1.2422548164351954,1.2448955206746697,0.04282339917353831,0.04236308734537645,False,True,True,65,yes,yes,high observed ZT; important candidate for paper; high predicted ZT,https://doi.org/10.1021/acsnano.6b01156
10.1021_acsnano.6b01156__sample_5956,true_positive,1.0,unknown,n,Bi2Te2.6Se0.4,10.1021/acsnano.6b01156,,1.180081,1.1809741567339425,1.17876408362568,0.04348018878382468,0.04466863110683327,False,True,True,65,yes,yes,high observed ZT; important candidate for paper; high predicted ZT,https://doi.org/10.1021/acsnano.6b01156
10.1021_acsnano.6b01156__sample_5957,false_negative,1.0,unknown,n,Bi2Te2.5Se0.5,10.1021/acsnano.6b01156,,1.005113,0.9980094921957213,1.0076905360571593,0.04688804220889236,0.048987493935057407,False,True,True,90,yes,yes,high observed ZT; high-ZT false negative; important candidate for paper; carried from Step14,https://doi.org/10.1021/acsnano.6b01156
10.1021_acsnano.6b03696__sample_2641,false_negative,1.0,unknown,p,PbSe,10.1021/acsnano.6b03696,,,0.9293104732017929,1.0429533312412107,,0.04428815130674147,False,True,True,10,no,no,,https://doi.org/10.1021/acsnano.6b03696
10.1021_acsnano.6b03696__sample_2643,false_negative,1.0,unknown,p,PbSe0.5Te0.5,10.1021/acsnano.6b03696,,,0.9980118596844869,1.8219524069668285,,0.2594356928826725,False,True,True,10,no,no,,https://doi.org/10.1021/acsnano.6b03696
10.1021_am303145v__sample_5951,true_positive,1.0,unknown,p,Bi0.5Sb1.5Te3C0.05,10.1021/am303145v,,1.058793,1.1624413040585535,1.0497492808694855,0.19000154535751734,0.1946831899153075,False,True,True,65,yes,yes,high observed ZT; important candidate for paper; high predicted ZT,https://doi.org/10.1021/am303145v
10.1021_cm101503y__sample_16944,true_positive,1.0,unknown,p,AgSbTe2,10.1021/cm101503y,,1.225632,1.213640587883839,1.2214568801959844,0.19514946779117529,0.19459578106863443,False,True,True,65,yes,yes,high observed ZT; important candidate for paper; high predicted ZT,https://doi.org/10.1021/cm101503y
10.1021_cm101503y__sample_16945,true_positive,1.0,unknown,p,AgSbSe0.01Te1.99,10.1021/cm101503y,,1.226979,1.2944790933778247,1.2264877667884793,0.1863142005474635,0.18741975896711915,False,True,True,65,yes,yes,high observed ZT; important candidate for paper; high predicted ZT,https://doi.org/10.1021/cm101503y
10.1021_cm101503y__sample_16946,true_positive,1.0,unknown,p,AgSbSe0.02Te1.98,10.1021/cm101503y,,1.394229,1.1109539093912555,1.3926277708730552,0.3069514263505288,0.30889741644262425,False,True,True,65,yes,yes,high observed ZT; important candidate for paper; high predicted ZT,https://doi.org/10.1021/cm101503y
10.1021_cm101503y__sample_16947,true_positive,1.0,unknown,p,AgSbSe0.04Te1.96,10.1021/cm101503y,,1.296183,1.0111215844140373,1.3339119410198166,0.3271590338498172,0.30772151940541037,False,True,True,65,yes,yes,high observed ZT; important candidate for paper; high predicted ZT,https://doi.org/10.1021/cm101503y
10.1021_cm101589c__sample_12948,true_positive,1.0,unknown,p,Cu2Sn0.925In0.075Se3,10.1021/cm101589c,,1.054789,1.0376843722179439,1.0726916240954327,0.11841852958103019,0.10907219257652233,False,True,True,65,yes,yes,high observed ZT; important candidate for paper; high predicted ZT,https://doi.org/10.1021/cm101589c
10.1021_cm101589c__sample_12949,true_positive,1.0,unknown,p,Cu2Sn0.90In0.10Se3,10.1021/cm101589c,,1.145033,1.2639327991544471,1.1006278292742715,0.1508084536338425,0.14874837207097666,False,True,True,65,yes,yes,high observed ZT; important candidate for paper; high predicted ZT,https://doi.org/10.1021/cm101589c
10.1021_cm200560s__sample_4981,false_positive,1.0,unknown,n,CoSb2.75Ge0.05Te0.2,10.1021/cm200560s,,0.7968215,1.7302776920480796,1.1321737675955192,0.1750215314043761,0.3520789849553168,False,True,True,75,yes,yes,high-ZT false positive; important candidate for paper; high predicted ZT; carried from Step14,https://doi.org/10.1021/cm200560s
10.1021_cm200560s__sample_4982,false_negative,1.0,unknown,n,CoSb2.75Ge0.075Te0.175,10.1021/cm200560s,,1.014528,0.7992338539961173,0.7820285987303268,0.14104934096324864,0.2575124314205672,False,True,True,90,yes,yes,high observed ZT; high-ZT false negative; important candidate for paper; carried from Step14,https://doi.org/10.1021/cm200560s
10.1021_cm202445d__sample_8289,true_positive,1.0,unknown,n,Mg2.1Si0.49Sn0.5Sb0.01,10.1021/cm202445d,,1.00987,1.4908065627050653,0.9931986170047096,0.09165800469321303,0.19029411774982397,False,True,True,75,yes,yes,high observed ZT; important candidate for paper; high predicted ZT,https://doi.org/10.1021/cm202445d
10.1021_cm202445d__sample_8290,true_positive,1.0,unknown,n,Mg2.2Si0.49Sn0.5Sb0.01,10.1021/cm202445d,,1.256104,1.782749278111837,1.224092755947462,0.24724883099522343,0.1711980810545568,False,True,True,65,yes,yes,high observed ZT; important candidate for paper; high predicted ZT,https://doi.org/10.1021/cm202445d
10.1021_cm202445d__sample_8291,true_positive,1.0,unknown,n,Mg2.24Si0.49Sn0.5Sb0.01,10.1021/cm202445d,,1.112727,1.2719233516596231,1.0946733144018217,0.11216517537693732,0.11449010736492132,False,True,True,65,yes,yes,high observed ZT; important candidate for paper; high predicted ZT,https://doi.org/10.1021/cm202445d
10.1021_cm402593f__sample_13843,false_negative,1.0,unknown,p,Tl9Bi0.99Te6,10.1021/cm402593f,,1.007268,0.9904008339370767,0.9093356452173432,0.15078706255351654,0.13087900793779,False,True,True,100,yes,yes,high observed ZT; high-ZT false negative; important candidate for paper; carried from Step14,https://doi.org/10.1021/cm402593f
10.1021_cm402593f__sample_13844,false_negative,1.0,unknown,p,Tl9Bi0.98Te6,10.1021/cm402593f,,1.086775,0.9409053337091055,0.905575014038799,0.055602569858925976,0.06434580099635659,False,True,True,100,yes,yes,high observed ZT; high-ZT false negative; important candidate for paper; carried from Step14,https://doi.org/10.1021/cm402593f
10.1021_cm402593f__sample_13845,false_positive,1.0,unknown,p,Tl9Bi0.97Te6,10.1021/cm402593f,,0.9890109,1.2132897622934016,1.0559810384845958,0.2267708700615954,0.14896926940521057,False,True,True,75,yes,yes,high-ZT false positive; important candidate for paper; high predicted ZT; carried from Step14,https://doi.org/10.1021/cm402593f
10.1021_cm404115k__sample_15889,false_negative,1.0,unknown,p,Ga7Sb2Te8Se2,10.1021/cm404115k,,1.187005,0.6314135596724081,1.1065531069868264,0.3984064075617513,0.4174294423182522,False,True,True,90,yes,yes,high observed ZT; high-ZT false negative; important candidate for paper; carried from Step14,https://doi.org/10.1021/cm404115k
10.1021_cm404115k__sample_15892,true_positive,1.0,unknown,p,Ga12Sb2Te15,10.1021/cm404115k,,1.531643,1.8557898635549157,1.5270796591636988,0.07750148055759194,0.07355617778608298,False,True,True,65,yes,yes,high observed ZT; important candidate for paper; high predicted ZT,https://doi.org/10.1021/cm404115k
10.1021_cm504398d__sample_12861,true_positive,1.0,unknown,p,Cd0.999Ag0.001Sb,10.1021/cm504398d,,1.102309,1.162855878937465,1.109429164659924,0.08813753619237999,0.09760777072861648,False,True,True,65,yes,yes,high observed ZT; important candidate for paper; high predicted ZT,https://doi.org/10.1021/cm504398d
10.1021_cm504398d__sample_12862,true_positive,1.0,unknown,p,Cd0.997Ag0.003Sb,10.1021/cm504398d,,1.155806,1.07367746636861,0.999489977240116,0.07605366274119761,0.049411896847364974,False,True,True,75,yes,yes,high observed ZT; important candidate for paper; high predicted ZT,https://doi.org/10.1021/cm504398d
10.1021_cm504398d__sample_12863,false_negative,1.0,unknown,p,Cd0.995Ag0.005Sb,10.1021/cm504398d,,1.269967,0.6178069701109264,0.6475744925426207,,0.04596771919600439,False,True,True,100,yes,yes,high observed ZT; high-ZT false negative; important candidate for paper; carried from Step14,https://doi.org/10.1021/cm504398d
10.1021_cm504398d__sample_12864,true_positive,1.0,unknown,p,Cd0.99Ag0.01Sb,10.1021/cm504398d,,1.205476,1.0039811490655797,0.9784692472867496,0.02516405871117284,0.014609718484200692,False,True,True,75,yes,yes,high observed ZT; important candidate for paper; high predicted ZT,https://doi.org/10.1021/cm504398d
10.1021_cm803437x__sample_27006,false_positive,1.0,unknown,n,Pb0.99La0.01Te,10.1021/cm803437x,,0.6778869,1.2633736005852636,0.7082489786561194,0.8636937822301385,0.5936038926611493,False,True,True,75,yes,yes,high-ZT false positive; important candidate for paper; high predicted ZT; carried from Step14,https://doi.org/10.1021/cm803437x
10.1021_cm803437x__sample_27013,false_negative,1.0,unknown,n,Ag0.03Pb0.99La0.01Te,10.1021/cm803437x,,1.221437,0.6776475126531799,0.6796652226864781,0.10528326631557558,0.002968682177562218,False,True,True,100,yes,yes,high observed ZT; high-ZT false negative; important candidate for paper; carried from Step14,https://doi.org/10.1021/cm803437x
10.1021_cm803437x__sample_27015,false_positive,1.0,unknown,n,Ag0.05Pb0.99La0.01Te,10.1021/cm803437x,,0.9456034,1.0079821989856115,0.8184576251619641,0.13745549705897933,0.11526784979954534,False,True,True,75,yes,yes,high-ZT false positive; important candidate for paper; high predicted ZT; carried from Step14,https://doi.org/10.1021/cm803437x
10.1021_cm803437x__sample_27016,false_positive,1.0,unknown,n,Ag0.1Pb0.99La0.01Te,10.1021/cm803437x,,0.7447341,1.0861376219199823,0.8020827869536282,0.2778376042854899,0.23924164537387704,False,True,True,65,yes,yes,high-ZT false positive; important candidate for paper; high predicted ZT; carried from Step14,https://doi.org/10.1021/cm803437x
10.1021_cm901668h__sample_27094,false_positive,1.0,unknown,n,AgPb15LaTe17,10.1021/cm901668h,,0.7525,1.0032242158790994,0.7507409168668591,0.27972269512097236,0.2342119397425762,False,True,True,65,yes,yes,high-ZT false positive; important candidate for paper; high predicted ZT; carried from Step14,https://doi.org/10.1021/cm901668h
10.1021_cm902009t__sample_15313,true_positive,1.0,unknown,p,Ge0.5Sn0.25Pb0.25Te,10.1021/cm902009t,,1.086506,1.7767108044009776,1.1120710317986238,0.6352517191814658,0.2990226492348519,False,True,True,75,yes,yes,high observed ZT; important candidate for paper; high predicted ZT,https://doi.org/10.1021/cm902009t
10.1021_cm902009t__sample_15315,false_positive,1.0,unknown,p,Ge0.5Sn0.25Pb0.25Te1.0009Bi0.0006,10.1021/cm902009t,,0.919344,1.3498889260193718,0.9559959387058808,0.32553666073485776,0.2893144581779579,False,True,True,75,yes,yes,high-ZT false positive; important candidate for paper; high predicted ZT; carried from Step14,https://doi.org/10.1021/cm902009t
10.1021_ic5010243__sample_20820,true_positive,1.0,unknown,p,(GeTe)85(AgSbTe)15,10.1021/ic5010243,,1.375549,1.2166591579962969,1.1844174905294966,0.11551012868585783,0.021983763343340245,False,True,True,75,yes,yes,high observed ZT; important candidate for paper; high predicted ZT,https://doi.org/10.1021/ic5010243
10.1021_ic5010243__sample_20821,false_negative,1.0,unknown,p,(GeTe)80(AgSbTe)20,10.1021/ic5010243,,1.71947,0.7112186769210426,0.7587613868134382,0.5513162976026689,0.12647703893200662,False,True,True,100,yes,yes,high observed ZT; high-ZT false negative; important candidate for paper; carried from Step14,https://doi.org/10.1021/ic5010243
10.1021_ic5010243__sample_20824,false_positive,1.0,unknown,p,Ge0.53Ag0.13Sb0.27Te,10.1021/ic5010243,,0.9155737,1.2026089655312941,1.017686373436136,1.5252785519512397,0.1855153259978975,False,True,True,90,yes,yes,high-ZT false positive; important candidate for paper; high predicted ZT; carried from Step14,https://doi.org/10.1021/ic5010243
10.1021_ic5010243__sample_20827,true_positive,1.0,unknown,p,Ge0.61Ag0.11Sb0.22Te,10.1021/ic5010243,,,1.0796558745981544,1.0358250531120017,,0.08762311017515519,False,True,True,35,no,yes,high predicted ZT,https://doi.org/10.1021/ic5010243
10.1021_ja071875h__sample_158,false_negative,1.0,unknown,n,Pb0.952Sn0.048Te0.96S0.04,10.1021/ja071875h,,1.087106,0.31361577748101727,0.5540540025190537,0.45018204355963054,0.4339617148235796,False,True,True,100,yes,yes,high observed ZT; high-ZT false negative; important candidate for paper; carried from Step14,https://doi.org/10.1021/ja071875h
10.1021_ja203022c__sample_386,true_positive,1.0,unknown,n,Pb1.003Se0.84S0.16Cl0.006,10.1021/ja203022c,,,2.2872113176546627,1.2964066924150697,,0.5860216162920582,False,True,True,35,no,yes,high predicted ZT,https://doi.org/10.1021/ja203022c
10.1021_ja206380h__sample_235,false_positive,1.0,unknown,p,Pb0.98Na0.02S1,10.1021/ja206380h,,,1.150470898812776,0.4550735960411439,,0.5427828930107351,False,False,True,30,no,yes,high predicted ZT,https://doi.org/10.1021/ja206380h
10.1021_ja206380h__sample_236,true_positive,1.0,unknown,p,Pb0.98Na0.02Te0.92S0.08,10.1021/ja206380h,,,2.5055551673972714,1.3634474009288724,,0.3722695007160406,False,True,True,35,no,yes,high predicted ZT,https://doi.org/10.1021/ja206380h
10.1021_ja206380h__sample_240,true_positive,1.0,unknown,p,Pb0.98Na0.02Te0.84S0.16,10.1021/ja206380h,,,1.7187929719453356,1.0329330215684709,,0.4140834630523799,False,True,True,35,no,yes,high predicted ZT,https://doi.org/10.1021/ja206380h
10.1021_ja206380h__sample_270,true_positive,1.0,unknown,p,Pb0.98Na0.02Te1,10.1021/ja206380h,,,1.9205143594065355,1.0740108080096007,,0.3888233024003357,False,True,True,35,no,yes,high predicted ZT,https://doi.org/10.1021/ja206380h
10.1021_ja206380h__sample_274,true_positive,1.0,unknown,p,Pb0.98Na0.02Te0.96S0.04,10.1021/ja206380h,,,2.5926248188339884,1.3142126583902112,,0.4343901812685223,False,True,True,35,no,yes,high predicted ZT,https://doi.org/10.1021/ja206380h
10.1021_ja206380h__sample_303,true_positive,1.0,unknown,p,Pb0.98Na0.015Te0.88S0.12,10.1021/ja206380h,,,2.1654969323988733,1.290832609937245,,0.46589162216364616,False,True,True,35,no,yes,high predicted ZT,https://doi.org/10.1021/ja206380h
10.1021_ja206380h__sample_327,true_positive,1.0,unknown,p,Pb0.98Na0.01Te0.88S0.12,10.1021/ja206380h,,,1.803174611728658,1.0102108915095722,,0.4749130649423342,False,True,True,35,no,yes,high predicted ZT,https://doi.org/10.1021/ja206380h
10.1021_ja206380h__sample_343,true_positive,1.0,unknown,p,Pb0.98Na0.02Te0.88S0.12,10.1021/ja206380h,,,2.245215324571754,1.504263529170264,,0.38663933685269075,False,True,True,35,no,yes,high predicted ZT,https://doi.org/10.1021/ja206380h
10.1021_ja206380h__sample_369,true_positive,1.0,unknown,p,Pb0.98Na0.02Te0.7S0.3,10.1021/ja206380h,,,1.9374238213356942,1.0720956352237918,,0.42210124510559405,False,True,True,35,no,yes,high predicted ZT,https://doi.org/10.1021/ja206380h
10.1021_ja206380h__sample_387,false_positive,1.0,unknown,p,Pb0.98Na0.005Te0.88S0.12,10.1021/ja206380h,,,1.481348855665375,0.7849395259253672,,0.7465665278526968,False,True,True,75,yes,yes,large ZT prediction error; important candidate for paper; high predicted ZT; carried from Step14,https://doi.org/10.1021/ja206380h
10.1021_ja206380h__sample_6119,false_negative,1.0,unknown,p,Pb0.98Na0.02Te0.88S0.12,10.1021/ja206380h,,1.524417,0.8063988335852094,0.8440893043031282,,0.04465223113925812,False,True,True,100,yes,yes,high observed ZT; high-ZT false negative; important candidate for paper; carried from Step14,https://doi.org/10.1021/ja206380h
10.1021_ja206491j__sample_82576,false_positive,1.0,unknown,n,Zr0.25Hf0.75NiSn,10.1021/ja206491j,,0.2301,193329.17565066525,235212.5301149357,,0.17806600032661662,False,True,False,70,yes,yes,high-ZT false positive; important candidate for paper; high predicted ZT; carried from Step14,https://doi.org/10.1021/ja206491j
10.1021_ja206491j__sample_82578,false_positive,1.0,unknown,n,Zr0.25Hf0.75Ni1.02Sn,10.1021/ja206491j,,0.1707,23042.342236925273,19567.03232295869,1335013.0345843146,0.17761047544695263,False,True,False,95,yes,yes,high-ZT false positive; important candidate for paper; high predicted ZT; carried from Step14,https://doi.org/10.1021/ja206491j
10.1021_ja206491j__sample_82580,false_positive,1.0,unknown,n,Zr0.25Hf0.75NiSn0.975Sb0.025,10.1021/ja206491j,,0.6041,153702.60748367594,154048.17959640716,,0.002243272939911377,False,True,True,75,yes,yes,high-ZT false positive; important candidate for paper; high predicted ZT; carried from Step14,https://doi.org/10.1021/ja206491j
10.1021_ja301245b__sample_31657,false_positive,1.0,unknown,p,K0.01Pb0.99Te,10.1021/ja301245b,,0.8375498,2.0575022090770347,0.8233726783477472,0.8234264897695017,0.6836712869346857,False,True,True,65,yes,yes,high-ZT false positive; important candidate for paper; high predicted ZT; carried from Step14,https://doi.org/10.1021/ja301245b
10.1021_ja301245b__sample_31658,true_positive,1.0,unknown,p,K0.0125Pb0.9875Te,10.1021/ja301245b,,1.050587,2.596398541265744,1.048200817595914,1.0104584940116108,0.7371600927075201,False,True,True,140,yes,yes,high observed ZT; large ZT prediction error; important candidate for paper; high predicted ZT; carried from Step14,https://doi.org/10.1021/ja301245b
10.1021_ja301245b__sample_31659,false_positive,1.0,unknown,p,K0.015Pb0.085Te,10.1021/ja301245b,,0.6382141,2.267840868964161,1.102919731278143,0.40929170874747567,0.5318138690590428,False,True,True,75,yes,yes,high-ZT false positive; important candidate for paper; high predicted ZT; carried from Step14,https://doi.org/10.1021/ja301245b
10.1021_ja301245b__sample_31660,false_positive,1.0,unknown,p,K0.02Pb0.08Te,10.1021/ja301245b,,0.6599388,3.0713131145810446,1.181530434941915,0.37033486524176984,0.7902509906026646,False,True,True,75,yes,yes,high-ZT false positive; important candidate for paper; high predicted ZT; carried from Step14,https://doi.org/10.1021/ja301245b
10.1021_ja301245b__sample_31662,false_positive,1.0,unknown,p,K0.005Pb0.995Se,10.1021/ja301245b,,0.8829316,2.138813485388237,0.8801871154233755,0.9254402563227817,0.6235628643225128,False,True,True,75,yes,yes,high-ZT false positive; important candidate for paper; high predicted ZT; carried from Step14,https://doi.org/10.1021/ja301245b
10.1021_ja301245b__sample_31663,true_positive,1.0,unknown,p,K0.010Pb0.99Se,10.1021/ja301245b,,1.166808,2.774657322514379,1.261338793534539,0.94405547374128,0.7214556092172076,False,True,True,105,yes,yes,high observed ZT; large ZT prediction error; important candidate for paper; high predicted ZT; carried from Step14,https://doi.org/10.1021/ja301245b
10.1021_ja301245b__sample_31664,true_positive,1.0,unknown,p,K0.0125Pb0.9875Se,10.1021/ja301245b,,1.223467,2.4372880359236273,1.202052048650424,0.754506121446863,0.6267761121578939,False,True,True,65,yes,yes,high observed ZT; important candidate for paper; high predicted ZT,https://doi.org/10.1021/ja301245b
10.1021_ja301245b__sample_31665,false_positive,1.0,unknown,p,K0.015Pb0.985Se,10.1021/ja301245b,,0.8534672,1.8570493816665445,0.8937499141042591,0.9633187215777671,0.8264008936524257,False,True,True,65,yes,yes,high-ZT false positive; important candidate for paper; high predicted ZT; carried from Step14,https://doi.org/10.1021/ja301245b
10.1021_ja301245b__sample_31666,true_positive,1.0,unknown,p,K0.02Pb0.98Te0.85Se0.15,10.1021/ja301245b,,1.080977,2.830880585371915,1.474346981270536,0.06656268189728687,0.449719152032489,False,True,True,75,yes,yes,high observed ZT; important candidate for paper; high predicted ZT,https://doi.org/10.1021/ja301245b
10.1021_ja301245b__sample_31667,true_positive,1.0,unknown,p,K0.02Pb0.98Te0.75Se0.25,10.1021/ja301245b,,1.457568,2.388172956572032,1.485238599005642,0.5893710600231418,0.5974383103480503,False,True,True,65,yes,yes,high observed ZT; important candidate for paper; high predicted ZT,https://doi.org/10.1021/ja301245b
10.1021_ja301245b__sample_31668,true_positive,1.0,unknown,p,K0.02Pb0.98Te0.25Se0.75,10.1021/ja301245b,,1.412132,2.1044150296592123,1.021949532545892,0.5211988135626965,0.5178875488664838,False,True,True,65,yes,yes,high observed ZT; important candidate for paper; high predicted ZT,https://doi.org/10.1021/ja301245b
10.1021_ja301245b__sample_31669,true_positive,1.0,unknown,p,K0.02Pb0.98Te0.15Se0.85,10.1021/ja301245b,,1.679987,2.2229118723203776,1.171674236869125,0.4437833944734317,0.4906517903839564,False,True,True,75,yes,yes,high observed ZT; important candidate for paper; high predicted ZT,https://doi.org/10.1021/ja301245b
10.1021_ja301245b__sample_31670,false_positive,1.0,unknown,p,K0.02Pb0.98Te0.05Se0.95,10.1021/ja301245b,,0.2701004,2.7152424517402536,1.447682774712449,0.31096541476699324,0.5122005338982234,False,True,True,75,yes,yes,high-ZT false positive; important candidate for paper; high predicted ZT; carried from Step14,https://doi.org/10.1021/ja301245b
10.1021_ja301772w__sample_7362,false_positive,1.0,unknown,p,Pb0.98Na0.2S,10.1021/ja301772w,,0.4755043,1.3496625447845452,0.4044160826550366,0.909978402308075,0.9732540211433384,False,False,True,60,yes,yes,high-ZT false positive; important candidate for paper; high predicted ZT; carried from Step14,https://doi.org/10.1021/ja301772w
10.1021_ja301772w__sample_7363,false_positive,1.0,unknown,p,Pb0.975Na0.25S,10.1021/ja301772w,,0.4654179,1.130743687558742,0.489022206075726,0.2551776109787714,0.5680615098929952,False,False,True,60,yes,yes,high-ZT false positive; important candidate for paper; high predicted ZT; carried from Step14,https://doi.org/10.1021/ja301772w
10.1021_ja301772w__sample_7367,false_positive,1.0,unknown,p,Pb0.975Na0.025S,10.1021/ja301772w,,0.5350308,1.2234481394852885,0.5809863499370344,0.30075768260026425,0.3405659998458296,False,False,True,60,yes,yes,high-ZT false positive; important candidate for paper; high predicted ZT; carried from Step14,https://doi.org/10.1021/ja301772w
10.1021_ja301772w__sample_7370,true_positive,1.0,unknown,p,Pb0.975Na0.025S(SrS)0.03,10.1021/ja301772w,,1.129997,1.3213076156837769,0.9285420510996202,0.4255524225605665,0.343892327500421,False,False,True,60,yes,yes,high observed ZT; important candidate for paper; high predicted ZT,https://doi.org/10.1021/ja301772w
10.1021_ja301772w__sample_7372,false_positive,1.0,unknown,p,Pb0.975Na0.025S(CaS)0.01,10.1021/ja301772w,,0.5107983,1.2079572861219194,0.536658031719842,0.3907929211638703,0.3527667927085945,False,False,True,60,yes,yes,high-ZT false positive; important candidate for paper; high predicted ZT; carried from Step14,https://doi.org/10.1021/ja301772w
10.1021_ja301772w__sample_7374,false_positive,1.0,unknown,p,Pb0.975Na0.025S(CaS)0.03,10.1021/ja301772w,,0.8887447,1.331833364912995,0.7535959406871607,0.27209725702429527,0.32895658218028606,False,False,True,60,yes,yes,high-ZT false positive; important candidate for paper; high predicted ZT; carried from Step14,https://doi.org/10.1021/ja301772w
10.1021_ja301772w__sample_7383,true_positive,1.0,unknown,p,Pb0.975Na0.025S(SrS)0.03,10.1021/ja301772w,,1.223766,1.2267717923887305,0.8343588358136651,,0.47031677466732286,False,False,True,70,yes,yes,high observed ZT; important candidate for paper; high predicted ZT,https://doi.org/10.1021/ja301772w
10.1021_ja301772w__sample_7384,true_positive,1.0,unknown,p,Pb0.975Na0.025S(CaS)0.03,10.1021/ja301772w,,1.153547,1.300960988468044,1.0201311359940834,0.12779192219133148,0.18723764467052717,False,False,True,70,yes,yes,high observed ZT; important candidate for paper; high predicted ZT,https://doi.org/10.1021/ja301772w
10.1021_ja306527n__sample_155,true_positive,1.0,unknown,p,Pb0.975Na0.025Sr0.03S1.03,10.1021/ja306527n,,1.145823,1.4787359067741792,1.1924499381344724,0.39135610539371213,0.3494082548407206,False,False,True,60,yes,yes,high observed ZT; important candidate for paper; high predicted ZT,https://doi.org/10.1021/ja306527n
10.1021_ja306527n__sample_156,true_positive,1.0,unknown,p,Pb0.975Na0.025Zn0.03S1.03,10.1021/ja306527n,,1.188537,1.3852808968069048,1.1216705968275762,0.26748116689453694,0.3106450324207847,False,False,True,60,yes,yes,high observed ZT; important candidate for paper; high predicted ZT,https://doi.org/10.1021/ja306527n
10.1021_ja306527n__sample_162,false_positive,1.0,unknown,p,Pb0.975Na0.025Ca0.03S1.03,10.1021/ja306527n,,0.7574121,1.2817867485130827,0.9280105692240072,0.18306474372653633,0.3426770740572283,False,False,True,70,yes,yes,high-ZT false positive; important candidate for paper; high predicted ZT; carried from Step14,https://doi.org/10.1021/ja306527n
10.1021_ja306527n__sample_163,false_positive,1.0,unknown,p,Pb0.975Na0.025S1,10.1021/ja306527n,,0.9092312,1.5832601375014987,1.0717392316670982,0.48114120886784745,0.4563542930118967,False,False,True,60,yes,yes,high-ZT false positive; important candidate for paper; high predicted ZT; carried from Step14,https://doi.org/10.1021/ja306527n
10.1021_ja306527n__sample_168,false_positive,1.0,unknown,p,Pb0.975Na0.025Zn0.01S1.01,10.1021/ja306527n,,0.9768912,1.3191881771041367,1.0387938023858525,0.2867106642198124,0.35479689064695247,False,False,True,60,yes,yes,high-ZT false positive; important candidate for paper; high predicted ZT; carried from Step14,https://doi.org/10.1021/ja306527n
10.1021_ja306527n__sample_171,true_positive,1.0,unknown,p,Pb0.975Na0.025Zn0.02S1.02,10.1021/ja306527n,,1.053225,1.2884272276803264,0.9614227642715654,0.23691571628844554,0.3909649002323421,False,False,True,60,yes,yes,high observed ZT; important candidate for paper; high predicted ZT,https://doi.org/10.1021/ja306527n
10.1021_ja306527n__sample_242,true_positive,1.0,unknown,p,Pb0.975Na0.025Cd0.03S1.03,10.1021/ja306527n,,1.295793,1.7395931361309733,1.344970049601394,0.40631930896792573,0.4122414550209068,False,False,True,60,yes,yes,high observed ZT; important candidate for paper; high predicted ZT,https://doi.org/10.1021/ja306527n
10.1021_ja306527n__sample_252,true_positive,1.0,unknown,p,Pb0.975Na0.025Zn0.04S1.04,10.1021/ja306527n,,1.134753,1.2427630721252683,1.1199713052697442,0.2383670389910586,0.23719753579604005,False,False,True,60,yes,yes,high observed ZT; important candidate for paper; high predicted ZT,https://doi.org/10.1021/ja306527n
10.1021_ja306527n__sample_278,true_positive,1.0,unknown,p,Pb0.975Na0.025Cd0.04S1.04,10.1021/ja306527n,,1.119094,1.982107585929049,1.3846811496052709,0.3722645307790422,0.34811148918020257,False,False,True,60,yes,yes,high observed ZT; important candidate for paper; high predicted ZT,https://doi.org/10.1021/ja306527n
10.1021_ja306527n__sample_357,true_positive,1.0,unknown,p,Pb0.975Na0.025Cd0.02S1.02,10.1021/ja306527n,,1.180259,1.5318112687572605,1.1581718672598615,0.23941296180948873,0.4248845760752365,False,False,True,60,yes,yes,high observed ZT; important candidate for paper; high predicted ZT,https://doi.org/10.1021/ja306527n
10.1021_ja306527n__sample_418,true_positive,1.0,unknown,p,Pb0.975Na0.025Cd0.01S1.01,10.1021/ja306527n,,1.06246,1.5026728935701408,1.301906676840792,0.3891140175317602,0.43431299738094725,False,False,True,60,yes,yes,high observed ZT; important candidate for paper; high predicted ZT,https://doi.org/10.1021/ja306527n
10.1021_ja307910u__sample_13827,false_positive,1.0,unknown,n,PbSeB0.01,10.1021/ja307910u,,0.7202008,1.5336022118546915,0.7284173052702922,0.618771653190015,0.6006703671443651,False,True,True,65,yes,yes,high-ZT false positive; important candidate for paper; high predicted ZT; carried from Step14,https://doi.org/10.1021/ja307910u
10.1021_ja307910u__sample_13828,false_positive,1.0,unknown,n,PbSeB0.02,10.1021/ja307910u,,0.7867001,1.4853008990608219,0.8143367174459207,0.5036922533012028,0.47627336586439206,False,True,True,65,yes,yes,high-ZT false positive; important candidate for paper; high predicted ZT; carried from Step14,https://doi.org/10.1021/ja307910u
10.1021_ja307910u__sample_13829,false_positive,1.0,unknown,n,PbSeB0.03,10.1021/ja307910u,,0.761606,1.1215020087580538,0.7912382974788629,0.441278115213965,0.43513964056317184,False,True,True,65,yes,yes,high-ZT false positive; important candidate for paper; high predicted ZT; carried from Step14,https://doi.org/10.1021/ja307910u
10.1021_ja307910u__sample_13914,false_positive,1.0,unknown,n,PbSeGa0.003,10.1021/ja307910u,,0.856894,1.9936284293319568,0.872417174153559,0.6531055633206917,0.601877006135905,False,True,True,65,yes,yes,high-ZT false positive; important candidate for paper; high predicted ZT; carried from Step14,https://doi.org/10.1021/ja307910u
10.1021_ja307910u__sample_13915,true_positive,1.0,unknown,n,PbSeGa0.005,10.1021/ja307910u,,1.201742,2.707588703221412,1.3002266233079036,0.5339121647635113,0.5105738025023451,False,True,True,65,yes,yes,high observed ZT; important candidate for paper; high predicted ZT,https://doi.org/10.1021/ja307910u
10.1021_ja307910u__sample_13916,true_positive,1.0,unknown,n,PbSeGa0.007,10.1021/ja307910u,,1.071118,2.472231282875526,1.118919316457853,0.5581167129722198,0.5477546476148882,False,True,True,65,yes,yes,high observed ZT; important candidate for paper; high predicted ZT,https://doi.org/10.1021/ja307910u
10.1021_ja307910u__sample_13917,true_positive,1.0,unknown,n,PbSeIn0.003,10.1021/ja307910u,,1.110025,2.506898306422024,1.1486401961103156,0.5238026460813613,0.5191652061357278,False,True,True,65,yes,yes,high observed ZT; important candidate for paper; high predicted ZT,https://doi.org/10.1021/ja307910u
10.1021_ja307910u__sample_13918,true_positive,1.0,unknown,n,PbSeIn0.005,10.1021/ja307910u,,1.190653,2.8005228861041553,1.2286002156584452,0.5691514389058546,0.5593895856827646,False,True,True,65,yes,yes,high observed ZT; important candidate for paper; high predicted ZT,https://doi.org/10.1021/ja307910u
10.1021_ja307910u__sample_13919,true_positive,1.0,unknown,n,PbSeIn0.007,10.1021/ja307910u,,1.052188,2.3973203870192936,1.0781273260661048,0.5665674393423435,0.5435444215212281,False,True,True,65,yes,yes,high observed ZT; important candidate for paper; high predicted ZT,https://doi.org/10.1021/ja307910u
10.1021_ja307910u__sample_13925,true_positive,1.0,unknown,p,PbSeTl0.005,10.1021/ja307910u,,1.050644,1.5601805645015485,1.052502073798912,0.20367119736304146,0.2098700144656184,False,True,True,65,yes,yes,high observed ZT; important candidate for paper; high predicted ZT,https://doi.org/10.1021/ja307910u
10.1021_ja307910u__sample_13926,true_positive,1.0,unknown,p,PbSeTl0.01,10.1021/ja307910u,,1.027923,1.7186929171249505,1.016897400962426,0.23444551210405631,0.23487622673454414,False,True,True,65,yes,yes,high observed ZT; important candidate for paper; high predicted ZT,https://doi.org/10.1021/ja307910u
10.1021_ja307910u__sample_13927,true_positive,1.0,unknown,p,PbSeTl0.02,10.1021/ja307910u,,1.040704,1.6411746584714761,1.0146363267650238,0.24238556394286856,0.23826889843126772,False,True,True,65,yes,yes,high observed ZT; important candidate for paper; high predicted ZT,https://doi.org/10.1021/ja307910u
10.1021_ja308936b__sample_26613,false_negative,1.0,unknown,p,AgBiSe2,10.1021/ja308936b,,1.499575,0.2064070600359248,1.516076174313822,4.067262661566643,6.214169421773348,False,True,True,135,yes,yes,high observed ZT; high-ZT false negative; important candidate for paper; carried from Step14,https://doi.org/10.1021/ja308936b
10.1021_ja400069s__sample_179,false_positive,1.0,unknown,p,Pb0.95Sr0.04Na0.01Se1,10.1021/ja400069s,,0.01276596,1.9794522298663932,1.0853048422440947,0.41462152355508197,0.38009744269635787,False,True,True,75,yes,yes,high-ZT false positive; important candidate for paper; high predicted ZT; carried from Step14,https://doi.org/10.1021/ja400069s
10.1021_ja400069s__sample_202,true_positive,1.0,unknown,p,Pb0.98Ca0.01Na0.01Se1,10.1021/ja400069s,,1.135814,2.39288801562468,1.1332033392384002,0.672019877565862,0.5086499171406771,False,True,True,65,yes,yes,high observed ZT; important candidate for paper; high predicted ZT,https://doi.org/10.1021/ja400069s
10.1021_ja400069s__sample_203,true_positive,1.0,unknown,p,Pb0.96Ba0.03Na0.01Se1,10.1021/ja400069s,,1.256125,2.103175867161682,1.21704729428988,0.37548960489623373,0.4035554475888959,False,True,True,65,yes,yes,high observed ZT; important candidate for paper; high predicted ZT,https://doi.org/10.1021/ja400069s
10.1021_ja400069s__sample_225,true_positive,1.0,unknown,p,Pb0.97Sr0.02Na0.01Se1,10.1021/ja400069s,,1.247872,2.331280457178164,1.3017185291580635,0.6579463987590688,0.4828434396418343,False,True,True,65,yes,yes,high observed ZT; important candidate for paper; high predicted ZT,https://doi.org/10.1021/ja400069s
10.1021_ja400069s__sample_234,false_positive,1.0,unknown,p,Pb0.97Ca0.02Na0.01Se,10.1021/ja400069s,,0.934057,1.9468599689198893,0.9504999452249308,0.5249330733450379,0.4637733465384579,False,True,True,65,yes,yes,high-ZT false positive; important candidate for paper; high predicted ZT; carried from Step14,https://doi.org/10.1021/ja400069s
10.1021_ja400069s__sample_299,false_negative,1.0,unknown,p,Pb0.95Ca0.04Na0.01Se1,10.1021/ja400069s,,1.114985,0.6017826088202513,0.5425803963935357,0.27889307962797844,0.2786572486675992,False,True,True,90,yes,yes,high observed ZT; high-ZT false negative; important candidate for paper; carried from Step14,https://doi.org/10.1021/ja400069s
10.1021_ja400069s__sample_310,false_positive,1.0,unknown,p,Pb0.96Ca0.03Na0.01Se1,10.1021/ja400069s,,0.9499592,1.5486309964198053,0.8199482046514162,0.4179427003641668,0.46288614562842095,False,True,True,65,yes,yes,high-ZT false positive; important candidate for paper; high predicted ZT; carried from Step14,https://doi.org/10.1021/ja400069s
10.1021_ja400069s__sample_311,false_positive,1.0,unknown,p,Pb0.99Na0.01Se1,10.1021/ja400069s,,0.9567929,1.8648779171623797,0.9830851918324928,0.39715013163248863,0.3702356204939547,False,True,True,65,yes,yes,high-ZT false positive; important candidate for paper; high predicted ZT; carried from Step14,https://doi.org/10.1021/ja400069s
10.1021_ja400069s__sample_325,true_positive,1.0,unknown,p,Pb0.97Ba0.02Na0.01Se1,10.1021/ja400069s,,1.036971,1.6448345078817148,0.8847500314477963,0.6386289689360338,0.5165956432335486,False,True,True,65,yes,yes,high observed ZT; important candidate for paper; high predicted ZT,https://doi.org/10.1021/ja400069s
10.1021_ja400069s__sample_381,false_positive,1.0,unknown,p,Pb0.98Ba0.01Na0.01Se1,10.1021/ja400069s,,0.9193764,2.1845990073818715,0.9296351569756884,0.6129227974761965,0.4974197658140814,False,True,True,65,yes,yes,high-ZT false positive; important candidate for paper; high predicted ZT; carried from Step14,https://doi.org/10.1021/ja400069s
10.1021_ja400069s__sample_393,true_positive,1.0,unknown,p,Pb0.95Ba0.04Na0.01Se1,10.1021/ja400069s,,1.007572,1.7903039717956215,1.0954335921294784,0.6250910160304333,0.4191402162217514,False,True,True,65,yes,yes,high observed ZT; important candidate for paper; high predicted ZT,https://doi.org/10.1021/ja400069s
10.1021_ja400069s__sample_414,false_positive,1.0,unknown,p,Pb0.96Sr0.03Na0.01Se1,10.1021/ja400069s,,0.04787234,2.0721401035702023,1.0273172573608944,0.8004331175389874,0.473462810081571,False,True,True,75,yes,yes,high-ZT false positive; important candidate for paper; high predicted ZT; carried from Step14,https://doi.org/10.1021/ja400069s
10.1021_ja4121583__sample_210,true_positive,1.0,unknown,p,Pb0.98Na0.02Te0.76Se0.12S0.12,10.1021/ja4121583,,,2.475336908417681,1.7218176821798463,,0.4376300894319243,False,True,True,35,no,yes,high predicted ZT,https://doi.org/10.1021/ja4121583
10.1021_ja4121583__sample_272,true_positive,1.0,unknown,p,Pb0.98Na0.02Te0.9Se0.05S0.05,10.1021/ja4121583,,,3.053825827606965,1.85065863163008,,0.6501291893670971,False,True,True,35,no,yes,high predicted ZT,https://doi.org/10.1021/ja4121583
10.1021_ja4121583__sample_340,true_positive,1.0,unknown,p,Pb0.98Na0.02Te0.8Se0.1S0.1,10.1021/ja4121583,,,2.484857287406268,1.595314131096699,,0.4059349501176391,False,True,True,35,no,yes,high predicted ZT,https://doi.org/10.1021/ja4121583
10.1021_ja4121583__sample_341,true_positive,1.0,unknown,p,Pb0.98Na0.02Te0.86Se0.07S0.07,10.1021/ja4121583,,,2.611340018885637,2.081120164881455,,0.25477618397608687,False,True,True,35,no,yes,high predicted ZT,https://doi.org/10.1021/ja4121583
10.1021_ja4121583__sample_385,true_positive,1.0,unknown,p,Pb0.98Na0.02Te0.96Se0.02S0.02,10.1021/ja4121583,,,2.543112018026945,1.7649225717735035,,0.44091987869556715,False,True,True,35,no,yes,high predicted ZT,https://doi.org/10.1021/ja4121583
10.1021_ja4121583__sample_6132,false_negative,1.0,unknown,p,(PbTe)0.86(PbSe)0.07(PbS)0.07,10.1021/ja4121583,,2.121871,0.11370304502339858,0.2013352034615763,0.3847737195390062,0.43525502212980766,False,True,True,100,yes,yes,high observed ZT; high-ZT false negative; important candidate for paper; carried from Step14,https://doi.org/10.1021/ja4121583
10.1021_ja504896a__sample_8718,false_positive,1.0,unknown,p,GeTe,10.1021/ja504896a,,0.9167698,1.8358365576997555,0.9622573296739232,0.40304684621537457,0.37242203322431006,False,True,True,65,yes,yes,high-ZT false positive; important candidate for paper; high predicted ZT; carried from Step14,https://doi.org/10.1021/ja504896a
10.1021_ja504896a__sample_8719,true_positive,1.0,unknown,p,Ge0.87Pb0.13Te,10.1021/ja504896a,,1.054378,1.7370140907639853,1.1005466611703836,0.2559822555127603,0.23716215259877332,False,True,True,65,yes,yes,high observed ZT; important candidate for paper; high predicted ZT,https://doi.org/10.1021/ja504896a
10.1021_ja504896a__sample_8720,true_positive,1.0,unknown,p,(Ge0.87Pb0.13Te)99.97(Bi2Te3)0.03,10.1021/ja504896a,,1.928487,2.5845726971550516,2.078392562488854,0.2316351975023664,0.18395128217317383,False,True,True,65,yes,yes,high observed ZT; important candidate for paper; high predicted ZT,https://doi.org/10.1021/ja504896a
10.1021_ja510433j__sample_13978,false_positive,1.0,unknown,n,CuAgSe,10.1021/ja510433j,,0.7584094,13.148996648092176,0.848971647050822,0.5761289253589986,2.922590074700246,False,True,True,85,yes,yes,high-ZT false positive; important candidate for paper; high predicted ZT; carried from Step14,https://doi.org/10.1021/ja510433j
10.1021_ja8089334__sample_4390,false_positive,1.0,unknown,n,Ba0.21In0.04Co4Sb12,10.1021/ja8089334,,0.9764352,1.2814287146979135,0.9631037018157174,0.13435848655761648,0.09148117597337097,False,True,True,65,yes,yes,high-ZT false positive; important candidate for paper; high predicted ZT; carried from Step14,https://doi.org/10.1021/ja8089334
10.1021_ja8089334__sample_4391,true_positive,1.0,unknown,n,Ba0.19In0.07Co4Sb12,10.1021/ja8089334,,1.113197,1.3176577732891641,1.087342950303488,0.10912286116324794,0.10688420410723921,False,True,True,65,yes,yes,high observed ZT; important candidate for paper; high predicted ZT,https://doi.org/10.1021/ja8089334
10.1021_ja8089334__sample_4392,true_positive,1.0,unknown,n,Ba0.16In0.12Co4Sb12,10.1021/ja8089334,,1.145017,1.492195215504998,1.1408810490813728,0.1292901958537115,0.08613004803769907,False,True,True,65,yes,yes,high observed ZT; important candidate for paper; high predicted ZT,https://doi.org/10.1021/ja8089334
10.1021_ja8089334__sample_4393,true_positive,1.0,unknown,n,Ba0.15In0.16Co4Sb12,10.1021/ja8089334,,1.289486,1.6510143936949773,1.2286630918899877,0.08872570342891806,0.08749514390349396,False,True,True,65,yes,yes,high observed ZT; important candidate for paper; high predicted ZT,https://doi.org/10.1021/ja8089334
10.1021_ja8089334__sample_4394,true_positive,1.0,unknown,n,Ba0.15In0.2Co4Sb12,10.1021/ja8089334,,1.13782,1.5386663945380088,1.1226686793339096,0.06854752448025449,0.12204640112036244,False,True,True,75,yes,yes,high observed ZT; important candidate for paper; high predicted ZT,https://doi.org/10.1021/ja8089334
10.1021_ja8089334__sample_4395,false_negative,1.0,unknown,n,Ba0.14In0.23Co4Sb12,10.1021/ja8089334,,1.289459,0.7908760512387679,0.83026901157306,,0.04744602024789126,False,True,True,100,yes,yes,high observed ZT; high-ZT false negative; important candidate for paper; carried from Step14,https://doi.org/10.1021/ja8089334
10.1021_ja910762q__sample_180,false_positive,1.0,unknown,n,Pb1Cd0.01Te1.01Sb0.04,10.1021/ja910762q,,,1.5772021086508763,0.7291943987697088,,0.823525256236609,False,True,True,35,no,yes,high predicted ZT,https://doi.org/10.1021/ja910762q
10.1021_ja910762q__sample_251,false_positive,1.0,unknown,n,Pb1Cd0.03Te1.03I0.0011,10.1021/ja910762q,,,2.4141343731268594,0.9277417657622632,,0.5511351861986873,False,True,True,35,no,yes,high predicted ZT,https://doi.org/10.1021/ja910762q
10.1021_ja910762q__sample_281,false_positive,1.0,unknown,n,Pb1Cd0.07Te1.07I0.0011,10.1021/ja910762q,,,2.2827158205214233,0.9274073720171074,,0.46696917594338877,False,True,True,35,no,yes,high predicted ZT,https://doi.org/10.1021/ja910762q
10.1021_ja910762q__sample_289,false_positive,1.0,unknown,n,Pb1Cd0.01Te1.01I0.004,10.1021/ja910762q,,,1.8552874018807917,0.7494330935438488,,0.47993686565483973,False,True,True,35,no,yes,high predicted ZT,https://doi.org/10.1021/ja910762q
10.1021_ja910762q__sample_292,false_positive,1.0,unknown,n,Pb1Cd0.01Te1.01Sb0.01,10.1021/ja910762q,,,2.3364669997768757,0.8779592020286487,,0.553671530637158,False,True,True,35,no,yes,high predicted ZT,https://doi.org/10.1021/ja910762q
10.1021_ja910762q__sample_308,true_positive,1.0,unknown,n,Pb1Cd0.01Te1.01I0.0016,10.1021/ja910762q,,,2.7818904705698286,1.0321258590770284,,0.530215842894589,False,True,True,35,no,yes,high predicted ZT,https://doi.org/10.1021/ja910762q
10.1021_ja910762q__sample_312,false_positive,1.0,unknown,n,Pb1Cd0.1Te1.1I0.0011,10.1021/ja910762q,,,1.8348438553332482,0.7706716921846064,,0.5037605130096966,False,True,True,35,no,yes,high predicted ZT,https://doi.org/10.1021/ja910762q
10.1021_ja910762q__sample_331,true_positive,1.0,unknown,n,Pb1Cd0.01Te1.01Sb0.005,10.1021/ja910762q,,,2.452396386759162,1.0560980907092037,,0.5017192962994963,False,True,True,35,no,yes,high predicted ZT,https://doi.org/10.1021/ja910762q
10.1021_ja910762q__sample_359,false_positive,1.0,unknown,n,Pb1Cd0.01Te1.01Sb0.06,10.1021/ja910762q,,,1.2543785035703914,0.5763622929771393,,0.38851155906310225,False,True,True,35,no,yes,high predicted ZT,https://doi.org/10.1021/ja910762q
10.1021_ja910762q__sample_363,true_positive,1.0,unknown,n,Pb1Cd0.01Te1.01I0.0009,10.1021/ja910762q,,,2.2976769570901703,1.0437701769677818,,0.50553936666416,False,True,True,35,no,yes,high predicted ZT,https://doi.org/10.1021/ja910762q
10.1021_ja910762q__sample_377,false_positive,1.0,unknown,n,Pb1Cd0.01Te1.01I0.002,10.1021/ja910762q,,,2.1447026436599037,0.8700310754924447,,0.5158861362767652,False,True,True,35,no,yes,high predicted ZT,https://doi.org/10.1021/ja910762q
10.1021_ja910762q__sample_382,false_positive,1.0,unknown,n,Pb1Cd0.05Te1.05I0.0011,10.1021/ja910762q,,,2.064610022325969,0.9169034798427456,,0.4834061662408996,False,True,True,35,no,yes,high predicted ZT,https://doi.org/10.1021/ja910762q
10.1021_ja910762q__sample_392,true_positive,1.0,unknown,n,Pb1Cd0.01Te1.01I0.0011,10.1021/ja910762q,,,2.7666403327000526,1.1289412919765751,,0.5218174641615488,False,True,True,35,no,yes,high predicted ZT,https://doi.org/10.1021/ja910762q
10.1021_ja910762q__sample_421,false_positive,1.0,unknown,n,Pb1Cd0.01Te1.01Sb0.02,10.1021/ja910762q,,,2.4276353458308617,0.9691909587857466,,0.5181425238528681,False,True,True,35,no,yes,high predicted ZT,https://doi.org/10.1021/ja910762q
10.1021_ja910762q__sample_6106,false_positive,1.0,unknown,n,Pb1Cd0.01Te1.01Sb0.005,10.1021/ja910762q,,0.8382353,2.327341375980368,0.991097292843418,,0.9392746325605609,False,True,True,75,yes,yes,high-ZT false positive; important candidate for paper; high predicted ZT; carried from Step14,https://doi.org/10.1021/ja910762q
10.1021_ja910762q__sample_6107,false_positive,1.0,unknown,n,Pb1Cd0.01Te1.01Sb0.01,10.1021/ja910762q,,0.8529412,1.6569074139509903,0.7851189265580406,0.9425810524230631,0.751042658000955,False,True,True,75,yes,yes,high-ZT false positive; important candidate for paper; high predicted ZT; carried from Step14,https://doi.org/10.1021/ja910762q
10.1021_ja910762q__sample_6108,false_positive,1.0,unknown,n,Pb1Cd0.01Te1.01Sb0.02,10.1021/ja910762q,,0.6029412,2.2866299451399423,0.9227839402872569,,1.4779689430097025,False,True,True,95,yes,yes,high-ZT false positive; important candidate for paper; high predicted ZT; carried from Step14,https://doi.org/10.1021/ja910762q
10.1021_jacs.0c00306__sample_34998,false_positive,1.0,unknown,n,PbS,10.1021/jacs.0c00306,,0.8355442,1.9162646273406052,0.8231705536201228,0.5864461902420463,0.6130880808279299,False,False,True,60,yes,yes,high-ZT false positive; important candidate for paper; high predicted ZT; carried from Step14,https://doi.org/10.1021/jacs.0c00306
10.1021_jacs.0c00306__sample_34999,true_positive,1.0,unknown,n,Pb0.98Sn0.02S,10.1021/jacs.0c00306,,1.063107,2.556361068775274,1.0325762795496751,0.44739242386402456,0.5711790412549993,False,False,True,60,yes,yes,high observed ZT; important candidate for paper; high predicted ZT,https://doi.org/10.1021/jacs.0c00306
10.1021_jacs.0c00306__sample_35000,true_positive,1.0,unknown,n,Pb0.96Sn0.04S,10.1021/jacs.0c00306,,1.048544,1.9007586273128505,1.0026717815278336,0.5045955525285336,0.5525561426767369,False,False,True,60,yes,yes,high observed ZT; important candidate for paper; high predicted ZT,https://doi.org/10.1021/jacs.0c00306
10.1021_jacs.0c00306__sample_35001,true_positive,1.0,unknown,n,Pb0.94Sn0.06S,10.1021/jacs.0c00306,,1.065011,2.4158605171541314,1.0350425668193777,0.5579325203395142,0.5855865528941047,False,False,True,60,yes,yes,high observed ZT; important candidate for paper; high predicted ZT,https://doi.org/10.1021/jacs.0c00306
10.1021_jacs.0c00306__sample_35002,false_positive,1.0,unknown,n,Pb0.92Sn0.08S,10.1021/jacs.0c00306,,0.9407767,2.0053666876903047,0.9154708330375482,0.7247605525774543,0.6953372591861338,False,False,True,60,yes,yes,high-ZT false positive; important candidate for paper; high predicted ZT; carried from Step14,https://doi.org/10.1021/jacs.0c00306
10.1021_jacs.0c00306__sample_35003,false_positive,1.0,unknown,n,Pb0.9Sn0.1S,10.1021/jacs.0c00306,,0.846889,1.5417164135402968,0.8345946355961986,0.39848623031963426,0.3888493401608541,False,False,True,60,yes,yes,high-ZT false positive; important candidate for paper; high predicted ZT; carried from Step14,https://doi.org/10.1021/jacs.0c00306
10.1021_jacs.0c00306__sample_35049,true_positive,1.0,unknown,n,Pb0.94Sn0.06S,10.1021/jacs.0c00306,,,2.1342761813216176,1.060818687905994,,0.46990119613139036,False,False,True,30,no,yes,high predicted ZT,https://doi.org/10.1021/jacs.0c00306
10.1021_jacs.0c00306__sample_35051,false_positive,1.0,unknown,n,(Pb0.94Sn0.06S)(PbTe)0.02,10.1021/jacs.0c00306,,,1.9269646033010117,0.9226591392664064,,0.43130130824694607,False,True,True,35,no,yes,high predicted ZT,https://doi.org/10.1021/jacs.0c00306
10.1021_jacs.0c00306__sample_35052,true_positive,1.0,unknown,n,(Pb0.94Sn0.06S)(PbTe)0.04,10.1021/jacs.0c00306,,,2.697084328804231,1.1242074358203804,,0.539906713761863,False,True,True,35,no,yes,high predicted ZT,https://doi.org/10.1021/jacs.0c00306
10.1021_jacs.0c00306__sample_35053,true_positive,1.0,unknown,n,(Pb0.94Sn0.06S)(PbTe)0.06,10.1021/jacs.0c00306,,,2.5079909879926796,1.151766816361757,,0.6296338708831362,False,True,True,35,no,yes,high predicted ZT,https://doi.org/10.1021/jacs.0c00306
10.1021_jacs.0c00306__sample_35054,true_positive,1.0,unknown,n,(Pb0.94Sn0.06S)(PbTe)0.08,10.1021/jacs.0c00306,,,2.098466533231531,1.0750708166173708,,0.5048300780520547,False,True,True,35,no,yes,high predicted ZT,https://doi.org/10.1021/jacs.0c00306
10.1021_jacs.0c00306__sample_35056,true_positive,1.0,unknown,n,(Pb0.94Sn0.06S)(PbTe)0.1,10.1021/jacs.0c00306,,,2.304928202757106,1.2120851028276594,,0.4901998041605363,False,True,True,35,no,yes,high predicted ZT,https://doi.org/10.1021/jacs.0c00306
10.1021_jacs.0c05650__sample_38433,false_negative,1.0,unknown,p,NaSn10SbTe12,10.1021/jacs.0c05650,,1.091321,0.1977028458698785,0.2401061418103429,0.2157844505994058,0.20483210617495673,False,True,True,90,yes,yes,high observed ZT; high-ZT false negative; important candidate for paper; carried from Step14,https://doi.org/10.1021/jacs.0c05650
10.1021_jacs.0c05650__sample_38434,false_negative,1.0,unknown,p,NaSn4SbTe6,10.1021/jacs.0c05650,,1.167332,0.8065568667717193,0.8191537477209633,0.06184589014861642,0.05545172246256505,False,True,True,90,yes,yes,high observed ZT; high-ZT false negative; important candidate for paper; carried from Step14,https://doi.org/10.1021/jacs.0c05650
10.1021_jacs.0c05650__sample_38439,false_negative,1.0,unknown,p,NaSn5SbTe7,10.1021/jacs.0c05650,,1.203191,0.8866406481896065,1.1883379489663306,0.16216144891273895,0.17469786695253578,False,True,True,100,yes,yes,high observed ZT; high-ZT false negative; important candidate for paper; carried from Step14,https://doi.org/10.1021/jacs.0c05650
10.1021_jacs.0c05650__sample_38440,false_negative,1.0,unknown,p,NaSn3SbTe5,10.1021/jacs.0c05650,,1.060972,0.7779657397568542,0.7066288884217322,0.09459859498571914,0.056282389818785236,False,True,True,90,yes,yes,high observed ZT; high-ZT false negative; important candidate for paper; carried from Step14,https://doi.org/10.1021/jacs.0c05650
10.1021_jacs.0c05650__sample_38449,false_positive,1.0,unknown,p,NaSn20BiTe22,10.1021/jacs.0c05650,,0.7490245,1.0039025177763696,0.6131046369019261,0.2451510834266811,0.2562497372315863,False,True,True,65,yes,yes,high-ZT false positive; important candidate for paper; high predicted ZT; carried from Step14,https://doi.org/10.1021/jacs.0c05650
10.1021_jacs.1c01801__sample_44405,false_negative,1.0,unknown,p,Cu0.8Ag0.2InTe2,10.1021/jacs.1c01801,,1.074753,0.27895734068720507,0.8923495566082685,1.4822648647036798,1.2622309463783554,False,True,True,135,yes,yes,high observed ZT; high-ZT false negative; important candidate for paper; carried from Step14,https://doi.org/10.1021/jacs.1c01801
10.1021_jacs.1c01801__sample_44406,false_negative,1.0,unknown,p,Cu0.8Ag0.2In0.9Ga0.1Te2,10.1021/jacs.1c01801,,1.214386,0.3035554952982547,1.187820695515326,2.0399756251605345,2.2062852664593375,False,True,True,135,yes,yes,high observed ZT; high-ZT false negative; important candidate for paper; carried from Step14,https://doi.org/10.1021/jacs.1c01801
10.1021_jacs.1c01801__sample_44407,false_negative,1.0,unknown,p,Cu0.8Ag0.2In0.8Ga0.2Te2,10.1021/jacs.1c01801,,1.208039,0.320479752497125,1.269387782306198,1.902380483690669,1.5746846213008885,False,True,True,135,yes,yes,high observed ZT; high-ZT false negative; important candidate for paper; carried from Step14,https://doi.org/10.1021/jacs.1c01801
10.1021_jacs.1c01801__sample_44408,false_negative,1.0,unknown,p,Cu0.8Ag0.2In0.7Ga0.3Te2,10.1021/jacs.1c01801,,1.254584,0.35699730065787233,1.3323855061154517,2.139108328052001,1.439979089721583,False,True,True,135,yes,yes,high observed ZT; high-ZT false negative; important candidate for paper; carried from Step14,https://doi.org/10.1021/jacs.1c01801
10.1021_jacs.1c01801__sample_44409,false_negative,1.0,unknown,p,Cu0.8Ag0.2In0.6Ga0.4Te2,10.1021/jacs.1c01801,,1.282087,0.3391938631708962,1.2058566222980296,0.475316774116191,0.5238592621202622,False,True,True,90,yes,yes,high observed ZT; high-ZT false negative; important candidate for paper; carried from Step14,https://doi.org/10.1021/jacs.1c01801
10.1021_jacs.1c01801__sample_44410,false_negative,1.0,unknown,p,Cu0.8Ag0.2In0.5Ga0.5Te2,10.1021/jacs.1c01801,,1.252468,0.37431519606090596,1.2604672441693587,1.3031360229280504,1.4743132853540044,False,True,True,135,yes,yes,high observed ZT; high-ZT false negative; important candidate for paper; carried from Step14,https://doi.org/10.1021/jacs.1c01801
10.1021_jacs.1c01801__sample_44411,false_negative,1.0,unknown,p,Cu0.8Ag0.2In0.4Ga0.6Te2,10.1021/jacs.1c01801,,1.307475,0.37616972646637564,1.0769446136658165,2.398121729288654,1.2682081780596959,False,True,True,145,yes,yes,high observed ZT; high-ZT false negative; important candidate for paper; carried from Step14,https://doi.org/10.1021/jacs.1c01801
10.1021_jacs.1c01801__sample_44412,false_negative,1.0,unknown,p,Cu0.8Ag0.2In0.3Ga0.7Te2,10.1021/jacs.1c01801,,1.2567,0.41949755684286333,1.2220935404057127,1.0737883509765882,1.060857717150996,False,True,True,135,yes,yes,high observed ZT; high-ZT false negative; important candidate for paper; carried from Step14,https://doi.org/10.1021/jacs.1c01801
10.1021_jacs.1c01801__sample_44413,false_negative,1.0,unknown,p,Cu0.8Ag0.2In0.2Ga0.8Te2,10.1021/jacs.1c01801,,1.324401,0.4944121157194108,1.304902070903999,1.0638589027453964,1.035867079300793,False,True,True,135,yes,yes,high observed ZT; high-ZT false negative; important candidate for paper; carried from Step14,https://doi.org/10.1021/jacs.1c01801
10.1021_jacs.1c01801__sample_44414,false_negative,1.0,unknown,p,Cu0.8Ag0.2In0.1Ga0.9Te2,10.1021/jacs.1c01801,,1.30536,0.47151353437509363,1.2939627376378635,0.6902479296777158,0.8906773148670487,False,True,True,90,yes,yes,high observed ZT; high-ZT false negative; important candidate for paper; carried from Step14,https://doi.org/10.1021/jacs.1c01801
10.1021_jacs.1c01801__sample_44415,false_negative,1.0,unknown,p,Cu0.8Ag0.2GaTe2,10.1021/jacs.1c01801,,1.319976,0.4760985162332238,1.3190030348681532,0.8878820135421466,0.9450531415228116,False,True,True,90,yes,yes,high observed ZT; high-ZT false negative; important candidate for paper; carried from Step14,https://doi.org/10.1021/jacs.1c01801
10.1021_jacs.1c01801__sample_44418,false_negative,1.0,unknown,p,Cu0.79Ag0.2In0.2Ga0.8Te2,10.1021/jacs.1c01801,,1.253441,0.5922727267692133,1.2026951243318589,0.42772591198488275,0.4258818534632922,False,True,True,90,yes,yes,high observed ZT; high-ZT false negative; important candidate for paper; carried from Step14,https://doi.org/10.1021/jacs.1c01801
10.1021_jacs.1c01801__sample_44419,false_negative,1.0,unknown,p,Cu0.78Ag0.2In0.2Ga0.8Te2,10.1021/jacs.1c01801,,1.496356,0.9878496182274374,1.124161694520154,0.08819813879897326,0.1069304251213541,False,True,True,90,yes,yes,high observed ZT; high-ZT false negative; important candidate for paper; carried from Step14,https://doi.org/10.1021/jacs.1c01801
10.1021_jacs.1c01801__sample_44420,true_positive,1.0,unknown,p,Cu0.77Ag0.2In0.2Ga0.8Te2,10.1021/jacs.1c01801,,1.394332,1.0204724432120742,1.127556667036335,0.07877869632595605,0.1041611127586655,False,True,True,65,yes,yes,high observed ZT; important candidate for paper; high predicted ZT,https://doi.org/10.1021/jacs.1c01801
10.1021_jacs.1c01801__sample_44421,false_negative,1.0,unknown,p,Cu0.76Ag0.2In0.2Ga0.8Te2,10.1021/jacs.1c01801,,1.289879,0.9558796952744493,1.3066723118503212,0.14782885619983355,0.16501201512326152,False,True,True,90,yes,yes,high observed ZT; high-ZT false negative; important candidate for paper; carried from Step14,https://doi.org/10.1021/jacs.1c01801
10.1021_jacs.1c01801__sample_44422,false_negative,1.0,unknown,p,Cu0.75Ag0.2In0.2Ga0.8Te2,10.1021/jacs.1c01801,,1.272874,0.9944918391998754,1.2777071946916123,0.1674325740276355,0.18448912674529408,False,True,True,90,yes,yes,high observed ZT; high-ZT false negative; important candidate for paper; carried from Step14,https://doi.org/10.1021/jacs.1c01801
10.1021_jacs.1c01801__sample_44423,false_negative,1.0,unknown,p,Cu0.74Ag0.2In0.2Ga0.8Te2,10.1021/jacs.1c01801,,1.182677,0.1675752882229709,0.1313775137647611,0.8940522399832073,0.5191341990567268,False,True,True,100,yes,yes,high observed ZT; high-ZT false negative; important candidate for paper; carried from Step14,https://doi.org/10.1021/jacs.1c01801
10.1021_jacs.1c02346__sample_44865,false_positive,1.0,unknown,n,Sn0.55Pb0.45Te0.98I0.02,10.1021/jacs.1c02346,,0.7791004,1.0225925154509987,0.7798010253131185,0.20968187395088736,0.28233809747622945,False,True,True,75,yes,yes,high-ZT false positive; important candidate for paper; high predicted ZT; carried from Step14,https://doi.org/10.1021/jacs.1c02346
10.1021_jacs.1c02346__sample_44888,false_positive,1.0,unknown,p,Sn0.6Pb0.4Te,10.1021/jacs.1c02346,,0.8407137,1.8205838257731575,0.8130379609070089,0.6568182043539653,0.5733560074216225,False,True,True,75,yes,yes,high-ZT false positive; important candidate for paper; high predicted ZT; carried from Step14,https://doi.org/10.1021/jacs.1c02346
10.1021_jacs.5b07856__sample_9482,true_positive,1.0,unknown,p,(CoGe2)0.15(GeTe)12Sb2Te3,10.1021/jacs.5b07856,,1.362963,1.3938055030836063,1.3764064995007446,0.17100300361489332,0.17999497245400237,False,True,True,65,yes,yes,high observed ZT; important candidate for paper; high predicted ZT,https://doi.org/10.1021/jacs.5b07856
10.1021_jacs.5b07856__sample_9483,true_positive,1.0,unknown,p,(CoGe2)0.15(GeTe)12Sb2Te3,10.1021/jacs.5b07856,,1.395062,1.2150003692599762,1.3947574150505724,0.31381145536327426,0.3139280903887196,False,True,True,65,yes,yes,high observed ZT; important candidate for paper; high predicted ZT,https://doi.org/10.1021/jacs.5b07856
10.1021_jacs.5b07856__sample_9484,false_negative,1.0,unknown,p,(GeTe)12Sb2Te3,10.1021/jacs.5b07856,,1.293827,0.9016162096972993,1.1085007449114108,0.12212084471847506,0.1252105832829345,False,True,True,90,yes,yes,high observed ZT; high-ZT false negative; important candidate for paper; carried from Step14,https://doi.org/10.1021/jacs.5b07856
10.1021_jacs.5b07856__sample_9485,true_positive,1.0,unknown,p,(GeTe)12Sb2Te3,10.1021/jacs.5b07856,,1.325926,1.2022782689240463,1.3260525127187883,0.26686758239974856,0.2669844159723642,False,True,True,65,yes,yes,high observed ZT; important candidate for paper; high predicted ZT,https://doi.org/10.1021/jacs.5b07856
10.1021_jacs.5b07856__sample_9486,true_positive,1.0,unknown,p,(CoGe2)0.2(GeTe)17Sb2Te3,10.1021/jacs.5b07856,,1.889031,1.9743612954326237,1.8827770577086045,0.1497565640198041,0.15029343652608604,False,True,True,65,yes,yes,high observed ZT; important candidate for paper; high predicted ZT,https://doi.org/10.1021/jacs.5b07856
10.1021_jacs.5b07856__sample_9487,true_positive,1.0,unknown,p,(CoGe2)0.2(GeTe)17Sb2Te3,10.1021/jacs.5b07856,,1.872164,1.9002950656116668,1.8649603075684609,0.2063979919336859,0.2061778265055297,False,True,True,65,yes,yes,high observed ZT; important candidate for paper; high predicted ZT,https://doi.org/10.1021/jacs.5b07856
10.1021_jacs.5b07856__sample_9488,true_positive,1.0,unknown,p,(GeTe)17Sb2Te3,10.1021/jacs.5b07856,,1.650242,1.7418370326570465,1.6401959828276806,0.14754985448354663,0.14599486027875394,False,True,True,65,yes,yes,high observed ZT; important candidate for paper; high predicted ZT,https://doi.org/10.1021/jacs.5b07856
10.1021_jacs.5b07856__sample_9489,true_positive,1.0,unknown,p,(GeTe)17Sb2Te3,10.1021/jacs.5b07856,,1.640843,1.5311302582304847,1.6932998341782657,0.2656684201982581,0.26757730569149013,False,True,True,65,yes,yes,high observed ZT; important candidate for paper; high predicted ZT,https://doi.org/10.1021/jacs.5b07856
10.1021_jacs.5b13276__sample_3039,true_positive,1.0,unknown,p,Sn0.95Bi0.03TeSr0.02,10.1021/jacs.5b13276,,1.023942,1.4956176346780379,1.0381643478416105,0.9785054535081525,0.34188247116903037,False,True,True,115,yes,yes,high observed ZT; large ZT prediction error; important candidate for paper; high predicted ZT; carried from Step14,https://doi.org/10.1021/jacs.5b13276
10.1021_jacs.6b07010__sample_2886,false_negative,1.0,unknown,p,SnSe,10.1021/jacs.6b07010,,2.462241,0.6788135734896266,0.9053938023614706,0.25495228026402067,0.2502559972035062,False,True,True,100,yes,yes,high observed ZT; high-ZT false negative; important candidate for paper; carried from Step14,https://doi.org/10.1021/jacs.6b07010
10.1021_jacs.6b07010__sample_2887,false_negative,1.0,unknown,p,SnSe,10.1021/jacs.6b07010,,1.213513,0.6964442385174736,0.8263283683628586,0.8176258947863175,0.6559330288884687,False,True,True,100,yes,yes,high observed ZT; high-ZT false negative; important candidate for paper; carried from Step14,https://doi.org/10.1021/jacs.6b07010
10.1021_jacs.6b07010__sample_2892,false_negative,1.0,unknown,p,Sn0.97SePb0.03,10.1021/jacs.6b07010,,1.386518,0.6849331011657487,0.4615822255073738,0.667495167435482,0.5801027194572456,False,True,True,100,yes,yes,high observed ZT; high-ZT false negative; important candidate for paper; carried from Step14,https://doi.org/10.1021/jacs.6b07010
10.1021_jacs.6b07010__sample_2895,false_negative,1.0,unknown,p,Sn0.99SePb0.01,10.1021/jacs.6b07010,,1.688373,0.6167004866850939,0.8927561213659754,0.3080212813025156,0.4058445397865944,False,True,True,90,yes,yes,high observed ZT; high-ZT false negative; important candidate for paper; carried from Step14,https://doi.org/10.1021/jacs.6b07010
10.1021_jacs.6b07010__sample_2896,false_negative,1.0,unknown,p,SnSe,10.1021/jacs.6b07010,,1.181911,0.4995187910934242,1.1613901303726388,0.44315675534858895,0.34071091534719855,False,True,True,100,yes,yes,high observed ZT; high-ZT false negative; important candidate for paper; carried from Step14,https://doi.org/10.1021/jacs.6b07010
10.1021_jacs.6b09222__sample_41246,true_positive,1.0,unknown,n,K0.06Bi2Te3.18,10.1021/jacs.6b09222,,1.140191,1.109924184366705,1.1319132847959956,0.07025045077235417,0.07205282503640627,False,True,True,65,yes,yes,high observed ZT; important candidate for paper; high predicted ZT,https://doi.org/10.1021/jacs.6b09222
10.1021_jacs.6b09568__sample_44731,false_positive,1.0,unknown,n,K2Bi8Se13,10.1021/jacs.6b09568,,0.8735056,1.2002342136066038,0.9325671178751154,0.30859843010691645,0.28188146265393393,False,True,True,65,yes,yes,high-ZT false positive; important candidate for paper; high predicted ZT; carried from Step14,https://doi.org/10.1021/jacs.6b09568
10.1021_jacs.6b09568__sample_44732,true_positive,1.0,unknown,n,(K2Bi8Se13)91.83(BiCl3)8.17,10.1021/jacs.6b09568,,1.137768,1.4530931562890819,1.1692174305523722,0.2741621722234264,0.24717086133773414,False,True,True,65,yes,yes,high observed ZT; important candidate for paper; high predicted ZT,https://doi.org/10.1021/jacs.6b09568
10.1021_jacs.6b09568__sample_44733,true_positive,1.0,unknown,n,(K2Bi8Se13)84.77(BiCl3)15.23,10.1021/jacs.6b09568,,1.238635,1.5492189009273474,1.17058729856855,0.23871430147310627,0.23270825439228313,False,True,True,65,yes,yes,high observed ZT; important candidate for paper; high predicted ZT,https://doi.org/10.1021/jacs.6b09568
10.1021_jacs.6b09568__sample_44734,true_positive,1.0,unknown,n,(K2Bi8Se13)78.6(BiCl3)21.4,10.1021/jacs.6b09568,,1.276964,1.5932268987536775,1.308340955396297,0.22899623083819642,0.2286855185966498,False,True,True,65,yes,yes,high observed ZT; important candidate for paper; high predicted ZT,https://doi.org/10.1021/jacs.6b09568
10.1021_jacs.6b09568__sample_44735,true_positive,1.0,unknown,n,(K2Bi8Se13)73.16(BiCl3)26.84,10.1021/jacs.6b09568,,1.208376,1.5156161281801614,1.1385282724658956,0.21030000142243618,0.203875304633437,False,True,True,65,yes,yes,high observed ZT; important candidate for paper; high predicted ZT,https://doi.org/10.1021/jacs.6b09568
10.1021_jacs.6b09568__sample_44736,true_positive,1.0,unknown,n,(K2Bi8Se13)68.33(BiCl3)31.67,10.1021/jacs.6b09568,,1.149874,1.4041659713434347,1.1121065187413317,0.16823789556912738,0.16938386303924735,False,True,True,65,yes,yes,high observed ZT; important candidate for paper; high predicted ZT,https://doi.org/10.1021/jacs.6b09568
10.1021_jacs.7b05339__sample_44840,false_negative,1.0,unknown,p,Na0.005K0.005Sn0.99Se,10.1021/jacs.7b05339,,1.160232,0.7845928576946218,1.162812449926989,0.3908400104361881,0.3787158092559969,False,True,True,90,yes,yes,high observed ZT; high-ZT false negative; important candidate for paper; carried from Step14,https://doi.org/10.1021/jacs.7b05339
10.1021_jacs.7b11875__sample_43928,false_negative,1.0,unknown,p,Sn0.95Se,10.1021/jacs.7b11875,,2.137449,0.6144786643582826,1.8986619381433056,0.6276655978699592,0.6311601642463995,False,True,True,100,yes,yes,high observed ZT; high-ZT false negative; important candidate for paper; carried from Step14,https://doi.org/10.1021/jacs.7b11875
10.1021_jacs.7b11875__sample_43929,false_negative,1.0,unknown,p,Sn0.925Se,10.1021/jacs.7b11875,,1.918817,0.6296535455360153,1.9502729117030888,0.431534850022864,0.43229611427693815,False,True,True,90,yes,yes,high observed ZT; high-ZT false negative; important candidate for paper; carried from Step14,https://doi.org/10.1021/jacs.7b11875
10.1021_jacs.7b11875__sample_43930,false_negative,1.0,unknown,p,Sn0.895Se,10.1021/jacs.7b11875,,1.636578,0.5448863040620859,1.6313567163370095,0.9479770996449897,2.0473981831718246,False,True,True,110,yes,yes,high observed ZT; high-ZT false negative; important candidate for paper; carried from Step14,https://doi.org/10.1021/jacs.7b11875
10.1021_jacs.7b13611__sample_44926,true_positive,1.0,unknown,p,GeTe,10.1021/jacs.7b13611,,1.086748,1.7981572423253025,1.0891520354141264,0.28547194557451117,0.28760075830418846,False,True,True,65,yes,yes,high observed ZT; important candidate for paper; high predicted ZT,https://doi.org/10.1021/jacs.7b13611
10.1021_jacs.7b13611__sample_44934,false_negative,1.0,unknown,p,Ge0.88Mn0.1Sb0.02Te,10.1021/jacs.7b13611,,1.010745,0.9776501992751189,1.0085861068812425,1.2540657332620646,0.12828911390075146,False,True,True,115,yes,yes,high observed ZT; high-ZT false negative; important candidate for paper; carried from Step14,https://doi.org/10.1021/jacs.7b13611
10.1021_jacs.7b13611__sample_44935,true_positive,1.0,unknown,p,Ge0.86Mn0.1Sb0.04Te,10.1021/jacs.7b13611,,1.615772,1.927898074889029,1.6144047943676356,0.17272499340455014,0.0955324700270418,False,True,True,65,yes,yes,high observed ZT; important candidate for paper; high predicted ZT,https://doi.org/10.1021/jacs.7b13611
10.1021_jacs.7b13611__sample_44936,true_positive,1.0,unknown,p,Ge0.84Mn0.1Sb0.06Te,10.1021/jacs.7b13611,,1.458592,1.7486444349003833,1.4496584440274745,0.23819712296481568,0.09501767156458361,False,True,True,65,yes,yes,high observed ZT; important candidate for paper; high predicted ZT,https://doi.org/10.1021/jacs.7b13611
10.1021_jacs.7b13611__sample_44937,true_positive,1.0,unknown,p,Ge0.82Mn0.1Sb0.08Te,10.1021/jacs.7b13611,,1.226059,1.1749915543386134,1.2174885648317173,0.10741553610074724,0.15132705988700348,False,True,True,65,yes,yes,high observed ZT; important candidate for paper; high predicted ZT,https://doi.org/10.1021/jacs.7b13611
10.1021_jacs.7b13611__sample_44938,true_positive,1.0,unknown,p,Ge0.8Mn0.1Sb0.1Te,10.1021/jacs.7b13611,,1.312177,1.259162546840464,1.312267330647072,0.1174212600704523,0.16148959441466332,False,True,True,65,yes,yes,high observed ZT; important candidate for paper; high predicted ZT,https://doi.org/10.1021/jacs.7b13611
10.1021_jacs.8b04193__sample_44993,true_positive,1.0,unknown,p,Na1.10Pb9.90Sb0.85Te12,10.1021/jacs.8b04193,,1.348419,1.3053984273189998,1.2345585394588283,0.1731507852132926,0.18422774514634574,False,True,True,65,yes,yes,high observed ZT; important candidate for paper; high predicted ZT,https://doi.org/10.1021/jacs.8b04193
10.1021_jacs.8b04193__sample_44994,true_positive,1.0,unknown,p,Na1.15Pb19.85Sb0.85Te22,10.1021/jacs.8b04193,,1.59401,2.755981197566784,1.585959357458763,0.3360762617617419,0.34039852079478644,False,True,True,65,yes,yes,high observed ZT; important candidate for paper; high predicted ZT,https://doi.org/10.1021/jacs.8b04193
10.1021_jacs.8b04639__sample_45094,false_negative,1.0,unknown,p,Tl4Ag22Te14.5,10.1021/jacs.8b04639,,1.05668,0.16767424388349605,1.052796926115581,0.8413197525424007,0.8407344857073719,False,True,True,100,yes,yes,high observed ZT; high-ZT false negative; important candidate for paper; carried from Step14,https://doi.org/10.1021/jacs.8b04639
10.1021_jacs.8b04639__sample_45095,false_negative,1.0,unknown,p,Tl4Ag22Te15,10.1021/jacs.8b04639,,1.079672,0.5127732038292935,1.0794552876710846,1.6970203731820275,1.7218958580204595,False,True,True,135,yes,yes,high observed ZT; high-ZT false negative; important candidate for paper; carried from Step14,https://doi.org/10.1021/jacs.8b04639
10.1021_jacs.8b09029__sample_45133,true_positive,1.0,unknown,n,PbTe,10.1021/jacs.8b09029,,1.006077,2.0996354631336165,0.9910661061973842,0.49206404930487296,0.4796236568093651,False,True,True,65,yes,yes,high observed ZT; important candidate for paper; high predicted ZT,https://doi.org/10.1021/jacs.8b09029
10.1021_jacs.8b09029__sample_45134,true_positive,1.0,unknown,n,(Pb0.99Sn0.01)(Te0.99Se0.01),10.1021/jacs.8b09029,,1.147118,2.199810570298052,1.1560939688418226,0.49033037063437773,0.46461527456363033,False,True,True,65,yes,yes,high observed ZT; important candidate for paper; high predicted ZT,https://doi.org/10.1021/jacs.8b09029
10.1021_jacs.8b09029__sample_45135,true_positive,1.0,unknown,n,(Pb0.97Sn0.03)(Te0.97Se0.03),10.1021/jacs.8b09029,,1.1423,2.308894480548418,1.1600065214549675,0.5154072751877354,0.4894547111114026,False,True,True,65,yes,yes,high observed ZT; important candidate for paper; high predicted ZT,https://doi.org/10.1021/jacs.8b09029
10.1021_jacs.8b09029__sample_45136,true_positive,1.0,unknown,n,(Pb0.95Sn0.05)(Te0.95Se0.05),10.1021/jacs.8b09029,,1.251164,2.4779889345892716,1.248527559756588,0.5133108401243569,0.5064291475607604,False,True,True,65,yes,yes,high observed ZT; important candidate for paper; high predicted ZT,https://doi.org/10.1021/jacs.8b09029
10.1021_jacs.8b09029__sample_45137,true_positive,1.0,unknown,n,(Pb0.93Sn0.07)(Te0.93Se0.07),10.1021/jacs.8b09029,,1.35521,2.4241768099919043,1.2298181811121882,0.4208833624152957,0.45183741863503085,False,True,True,65,yes,yes,high observed ZT; important candidate for paper; high predicted ZT,https://doi.org/10.1021/jacs.8b09029
10.1021_jacs.8b09029__sample_45142,true_positive,1.0,unknown,n,(Pb0.91Sn0.09)(Te0.91Se0.09),10.1021/jacs.8b09029,,1.262719,2.443382259102391,1.214266744646258,0.5843943958207457,0.6041452607045095,False,True,True,65,yes,yes,high observed ZT; important candidate for paper; high predicted ZT,https://doi.org/10.1021/jacs.8b09029
10.1021_jacs.8b09029__sample_45145,true_positive,1.0,unknown,n,(Pb0.89Sn0.11)(Te0.89Se0.11),10.1021/jacs.8b09029,,1.271973,2.251548923122972,1.2449894068244194,0.4293875338171786,0.44036417765976826,False,True,True,65,yes,yes,high observed ZT; important candidate for paper; high predicted ZT,https://doi.org/10.1021/jacs.8b09029
10.1021_jacs.8b10448__sample_45159,true_positive,1.0,unknown,n,(PbSe0.998Br0.002)98.62(Cu2Se)1.38,10.1021/jacs.8b10448,,1.326816,4.59675894761604,1.3395267896110388,1.1428129777626166,1.1251660305909297,False,True,True,150,yes,yes,high observed ZT; large ZT prediction error; important candidate for paper; high predicted ZT; carried from Step14,https://doi.org/10.1021/jacs.8b10448
10.1021_jacs.8b10448__sample_45160,true_positive,1.0,unknown,n,(PbSe0.998Br0.002)97.24(Cu2Se)2.76,10.1021/jacs.8b10448,,1.798883,7.7771272380906895,1.7835121551582092,0.839541270549565,0.8549223983098901,False,True,True,65,yes,yes,high observed ZT; important candidate for paper; high predicted ZT,https://doi.org/10.1021/jacs.8b10448
10.1021_jacs.8b10448__sample_45161,true_positive,1.0,unknown,n,(PbSe0.998Br0.002)95.88(Cu2Se)4.12,10.1021/jacs.8b10448,,1.125698,5.470597195494997,1.363326102310159,1.740303034859628,1.5019629335488887,False,True,True,150,yes,yes,high observed ZT; large ZT prediction error; important candidate for paper; high predicted ZT; carried from Step14,https://doi.org/10.1021/jacs.8b10448
10.1021_jacs.8b10448__sample_45162,true_positive,1.0,unknown,n,(PbSe0.998Br0.002)93.19(Cu2Se)6.81,10.1021/jacs.8b10448,,1.391061,2.196815613713224,1.2931001798864297,0.4114472514602238,0.4135270119980756,False,True,True,65,yes,yes,high observed ZT; important candidate for paper; high predicted ZT,https://doi.org/10.1021/jacs.8b10448
10.1021_jacs.8b10448__sample_45163,true_positive,1.0,unknown,n,(PbSe0.998Br0.002)90.54(Cu2Se)9.46,10.1021/jacs.8b10448,,1.231844,4.251035451926966,1.1903677288220214,0.9275615203600751,1.1572794415457992,False,True,True,125,yes,yes,high observed ZT; large ZT prediction error; important candidate for paper; high predicted ZT; carried from Step14,https://doi.org/10.1021/jacs.8b10448
10.1021_jacs.8b11050__sample_45288,true_positive,1.0,unknown,p,Pb0.98Na0.02Se,10.1021/jacs.8b11050,,1.088921,1.888572832531287,1.1148215719979409,0.32418568225560046,0.36077334371064124,False,True,True,65,yes,yes,high observed ZT; important candidate for paper; high predicted ZT,https://doi.org/10.1021/jacs.8b11050
10.1021_jacs.8b11050__sample_45289,true_positive,1.0,unknown,p,Pb0.97Na0.02Hg0.01Se,10.1021/jacs.8b11050,,1.406414,2.1379361946831357,1.4414979923038975,0.3156697318875356,0.29235232471422135,False,True,True,65,yes,yes,high observed ZT; important candidate for paper; high predicted ZT,https://doi.org/10.1021/jacs.8b11050
10.1021_jacs.8b11050__sample_45290,true_positive,1.0,unknown,p,Pb0.96Na0.02Hg0.02Se,10.1021/jacs.8b11050,,1.705539,2.438666211657029,1.6459839309631898,0.27839495964918354,0.21927574258951565,False,True,True,65,yes,yes,high observed ZT; important candidate for paper; high predicted ZT,https://doi.org/10.1021/jacs.8b11050
10.1021_jacs.8b11050__sample_45293,true_positive,1.0,unknown,p,Pb0.93Na0.02Hg0.05Se,10.1021/jacs.8b11050,,1.466764,2.598829315098742,1.4493620745931175,0.4478388060173966,0.39823174751360974,False,True,True,65,yes,yes,high observed ZT; important candidate for paper; high predicted ZT,https://doi.org/10.1021/jacs.8b11050
10.1021_jacs.8b12450__sample_45317,true_positive,1.0,unknown,p,SnSe,10.1021/jacs.8b12450,,1.332551,2.512300065318994,1.1711950756641838,0.627730943012652,0.6519577054080118,False,True,True,65,yes,yes,high observed ZT; important candidate for paper; high predicted ZT,https://doi.org/10.1021/jacs.8b12450
10.1021_jacs.8b12450__sample_45318,true_positive,1.0,unknown,p,Sn0.98Na0.02Se0.995Te0.005,10.1021/jacs.8b12450,,1.63871,2.3204182449106208,1.366583356738578,0.43808706351644333,0.47467395199550133,False,True,True,65,yes,yes,high observed ZT; important candidate for paper; high predicted ZT,https://doi.org/10.1021/jacs.8b12450
10.1021_jacs.8b12450__sample_45319,true_positive,1.0,unknown,p,Sn0.98Na0.02Se0.99Te0.01,10.1021/jacs.8b12450,,1.6,3.9314591074394936,1.5901641218870377,0.7416138071179972,0.7460486993048826,False,True,True,65,yes,yes,high observed ZT; important candidate for paper; high predicted ZT,https://doi.org/10.1021/jacs.8b12450
10.1021_jacs.8b12450__sample_45320,true_positive,1.0,unknown,p,Sn0.98Na0.02Se0.985Te0.015,10.1021/jacs.8b12450,,1.800587,4.72182803109198,1.8537862615598524,0.6398238520492114,0.6250622204236529,False,True,True,65,yes,yes,high observed ZT; important candidate for paper; high predicted ZT,https://doi.org/10.1021/jacs.8b12450
10.1021_jacs.8b12450__sample_45321,true_positive,1.0,unknown,p,Sn0.98Na0.02Se0.98Te0.02,10.1021/jacs.8b12450,,2.103226,5.504693080519124,2.122554703539916,0.7218710095117106,0.728906799205055,False,True,True,65,yes,yes,high observed ZT; important candidate for paper; high predicted ZT,https://doi.org/10.1021/jacs.8b12450
10.1021_jacs.8b12450__sample_45322,true_positive,1.0,unknown,p,Sn0.98Na0.02Se0.975Te0.025,10.1021/jacs.8b12450,,1.441642,3.69839627954153,1.6393132326199114,0.739267089893673,0.7003927596032123,False,True,True,65,yes,yes,high observed ZT; important candidate for paper; high predicted ZT,https://doi.org/10.1021/jacs.8b12450
10.1021_jacs.8b12450__sample_45323,true_positive,1.0,unknown,p,Sn0.98Na0.02Se0.97Te0.03,10.1021/jacs.8b12450,,1.409971,2.8498953504397,1.403439868454466,0.5301421294500591,0.521932201865254,False,True,True,65,yes,yes,high observed ZT; important candidate for paper; high predicted ZT,https://doi.org/10.1021/jacs.8b12450
10.1021_jacs.9b01889__sample_45438,false_positive,1.0,unknown,n,Pb0.9875Ga0.0125S,10.1021/jacs.9b01889,,0.8173516,2.081151768858362,1.0815024624864322,0.8185712892170418,0.7141053803737671,False,True,True,65,yes,yes,high-ZT false positive; important candidate for paper; high predicted ZT; carried from Step14,https://doi.org/10.1021/jacs.9b01889
10.1021_jacs.9b01889__sample_45439,true_positive,1.0,unknown,n,Pb0.9865Ga0.0125In0.001S,10.1021/jacs.9b01889,,1.018801,2.6636718749673998,1.2302032238300444,1.6145163530143762,1.1652291453719947,False,True,True,160,yes,yes,high observed ZT; large ZT prediction error; important candidate for paper; high predicted ZT; carried from Step14,https://doi.org/10.1021/jacs.9b01889
10.1021_jacs.9b01889__sample_45441,false_positive,1.0,unknown,n,Pb0.997Ga0.003S,10.1021/jacs.9b01889,,0.7199391,1.4784454687931634,0.7217957283397072,0.5314485142511745,0.5602501515850565,False,True,True,65,yes,yes,high-ZT false positive; important candidate for paper; high predicted ZT; carried from Step14,https://doi.org/10.1021/jacs.9b01889
10.1021_jacs.9b01889__sample_45443,false_positive,1.0,unknown,n,Pb0.993Ga0.007S,10.1021/jacs.9b01889,,0.7899543,1.5546116368639238,0.6499457617355762,0.5796781202726214,0.6774945176977922,False,True,True,65,yes,yes,high-ZT false positive; important candidate for paper; high predicted ZT; carried from Step14,https://doi.org/10.1021/jacs.9b01889
10.1021_jacs.9b01889__sample_45444,false_positive,1.0,unknown,n,Pb0.99Ga0.01S,10.1021/jacs.9b01889,,0.8066971,1.9629639283784275,0.7474104447608596,,1.6263533539546595,False,True,True,95,yes,yes,high-ZT false positive; important candidate for paper; high predicted ZT; carried from Step14,https://doi.org/10.1021/jacs.9b01889
10.1021_jacs.9b01889__sample_45445,false_positive,1.0,unknown,n,Pb0.985Ga0.015S,10.1021/jacs.9b01889,,0.7792998,1.8836134463942225,0.7415458650172135,0.695492328085254,1.28288288478553,False,True,True,95,yes,yes,high-ZT false positive; important candidate for paper; high predicted ZT; carried from Step14,https://doi.org/10.1021/jacs.9b01889
10.1021_jacs.9b01889__sample_45449,false_positive,1.0,unknown,n,Pb0.9825Ga0.0125In0.005S,10.1021/jacs.9b01889,,0.8139158,1.5583285167184837,0.8507887418223933,0.7127754762543805,0.6570881643193698,False,True,True,75,yes,yes,high-ZT false positive; important candidate for paper; high predicted ZT; carried from Step14,https://doi.org/10.1021/jacs.9b01889
10.1021_jacs.9b11405__sample_41252,false_negative,1.0,unknown,p,(GeTe)80(AgBiSe2)20,10.1021/jacs.9b11405,,1.266579,0.9599459900772562,0.6042896379908892,0.5192610248012048,0.5885527894683662,False,True,True,100,yes,yes,high observed ZT; high-ZT false negative; important candidate for paper; carried from Step14,https://doi.org/10.1021/jacs.9b11405
10.1021_nl101156v__sample_5608,true_positive,1.0,unknown,n,Bi2Te2.7Se0.3,10.1021/nl101156v,,1.043965,1.1438277659850484,1.0339233306215316,0.08666645754293427,0.08488313250416683,False,True,True,65,yes,yes,high observed ZT; important candidate for paper; high predicted ZT,https://doi.org/10.1021/nl101156v
10.1021_nl202935k__sample_42933,false_positive,1.0,unknown,n,Bi2Te3,10.1021/nl202935k,,0.9660194,1.0124212265961727,1.0108468441878544,0.054548820472336695,0.044619235407099,False,True,True,65,yes,yes,high-ZT false positive; important candidate for paper; high predicted ZT; carried from Step14,https://doi.org/10.1021/nl202935k
10.1021_nl3002183__sample_15858,true_positive,1.0,unknown,p,Tl0.02Pb0.98TeSi0.02,10.1021/nl3002183,,1.125732,1.3517179515481994,1.1663172171440297,0.13010521230595873,0.11884158830923638,False,True,True,65,yes,yes,high observed ZT; important candidate for paper; high predicted ZT,https://doi.org/10.1021/nl3002183
10.1021_nl3002183__sample_15859,true_positive,1.0,unknown,p,Tl0.02Pb0.98TeSi0.02Na0.015,10.1021/nl3002183,,1.422826,1.8530395846297045,1.4621695398483845,0.22108544875207317,0.16437982546915178,False,True,True,65,yes,yes,high observed ZT; important candidate for paper; high predicted ZT,https://doi.org/10.1021/nl3002183
10.1021_nl3002183__sample_15860,true_positive,1.0,unknown,p,Tl0.02Pb0.98TeSi0.02Na0.02,10.1021/nl3002183,,1.683498,1.9913004764261877,1.656681515213802,0.1539421280708187,0.14160457079562944,False,True,True,65,yes,yes,high observed ZT; important candidate for paper; high predicted ZT,https://doi.org/10.1021/nl3002183
10.1021_nl3002183__sample_15861,true_positive,1.0,unknown,p,Tl0.02Pb0.98TeSi0.02Na0.025,10.1021/nl3002183,,1.352908,1.7667811777385163,1.3377449198157365,0.15689458516222043,0.16016606073011527,False,True,True,65,yes,yes,high observed ZT; important candidate for paper; high predicted ZT,https://doi.org/10.1021/nl3002183
10.1021_nl3003045__sample_1350,true_positive,1.0,unknown,n,Si88.75Ge11.25P0.75,10.1021/nl3003045,,1.08251,1.1412922066328606,1.0081353568965516,0.25034313365195654,0.13208231298049058,False,True,False,70,yes,yes,high observed ZT; important candidate for paper; high predicted ZT,https://doi.org/10.1021/nl3003045
10.1021_nl8009928__sample_8897,true_positive,1.0,unknown,p,Bi9Sb41Te50,10.1021/nl8009928,,1.271536,1.2639511459105766,1.2784983150229343,0.15062568977968938,0.1537774136953631,False,True,True,65,yes,yes,high observed ZT; important candidate for paper; high predicted ZT,https://doi.org/10.1021/nl8009928
10.1038_am.2016.134__sample_8920,false_positive,1.0,unknown,p,Bi0.3Sb1.625In0.075Te3,10.1038/am.2016.134,,0.9294355,1.07268984622566,1.0133633108274045,0.1140939039925963,0.03401243954892439,False,True,True,65,yes,yes,high-ZT false positive; important candidate for paper; high predicted ZT; carried from Step14,https://doi.org/10.1038/am.2016.134
10.1038_am.2016.134__sample_8921,true_positive,1.0,unknown,p,Bi0.3Sb1.625In0.075Te3,10.1038/am.2016.134,,1.372984,1.445754748476323,1.374544588242024,0.03366550196000805,0.03374172843607356,False,True,True,65,yes,yes,high observed ZT; important candidate for paper; high predicted ZT,https://doi.org/10.1038/am.2016.134
10.1038_am.2016.134__sample_8925,true_positive,1.0,unknown,p,Bi0.3Sb1.7Te3,10.1038/am.2016.134,,1.155537,1.2244866576408604,1.1963437228623284,0.11245572105156561,0.08061029116313138,False,True,True,65,yes,yes,high observed ZT; important candidate for paper; high predicted ZT,https://doi.org/10.1038/am.2016.134
10.1038_am.2016.134__sample_8926,true_positive,1.0,unknown,p,Bi0.3Sb1.675In0.025Te3,10.1038/am.2016.134,,1.184853,1.2635146385284728,1.1869145464267905,0.07646216050714016,0.07371147037155523,False,True,True,65,yes,yes,high observed ZT; important candidate for paper; high predicted ZT,https://doi.org/10.1038/am.2016.134
10.1038_am.2016.134__sample_8927,true_positive,1.0,unknown,p,Bi0.3Sb1.650In0.050Te3,10.1038/am.2016.134,,1.245928,1.3395878803910937,1.2415840480910163,0.04529038136671811,0.045120600375037845,False,True,True,65,yes,yes,high observed ZT; important candidate for paper; high predicted ZT,https://doi.org/10.1038/am.2016.134
10.1038_am.2016.134__sample_8928,true_positive,1.0,unknown,p,Bi0.3Sb1.600In0.100Te3,10.1038/am.2016.134,,1.272801,1.3104733302481273,1.2829901492735885,0.08435888455098713,0.0781240396415941,False,True,True,65,yes,yes,high observed ZT; important candidate for paper; high predicted ZT,https://doi.org/10.1038/am.2016.134
10.1038_am.2016.67__sample_8930,false_positive,1.0,unknown,n,Bi2Te2.2Se0.8,10.1038/am.2016.67,,0.9354311,1.0591031292843816,0.9356090622576332,0.08949842455399394,0.0826007087203379,False,True,True,65,yes,yes,high-ZT false positive; important candidate for paper; high predicted ZT; carried from Step14,https://doi.org/10.1038/am.2016.67
10.1038_am.2016.67__sample_8931,true_positive,1.0,unknown,n,Bi2Te2.2Se0.8,10.1038/am.2016.67,,1.047711,1.1930363058391906,1.0375047170434857,0.08123238356394918,0.08428227178020446,False,True,True,65,yes,yes,high observed ZT; important candidate for paper; high predicted ZT,https://doi.org/10.1038/am.2016.67
10.1038_am.2016.67__sample_8932,false_positive,1.0,unknown,n,Bi2Te2.2Se0.8,10.1038/am.2016.67,,0.9651131,1.1197223720772298,0.9602098537477364,0.10375203844137837,0.10087276987251714,False,True,True,65,yes,yes,high-ZT false positive; important candidate for paper; high predicted ZT; carried from Step14,https://doi.org/10.1038/am.2016.67
10.1038_am.2016.67__sample_8933,false_positive,1.0,unknown,n,Bi2Te2.2Se0.8,10.1038/am.2016.67,,0.9173211,1.0763601057506504,0.914445725629624,0.10642007406605777,0.10894098797700051,False,True,True,65,yes,yes,high-ZT false positive; important candidate for paper; high predicted ZT; carried from Step14,https://doi.org/10.1038/am.2016.67
10.1038_am.2016.67__sample_8934,true_positive,1.0,unknown,n,Bi2Te2.2Se0.8,10.1038/am.2016.67,,1.1047,1.2822421441430714,1.1003245929077974,0.10726321590729336,0.10772546443713674,False,True,True,65,yes,yes,high observed ZT; important candidate for paper; high predicted ZT,https://doi.org/10.1038/am.2016.67
10.1038_am.2016.77__sample_22011,true_positive,1.0,unknown,n,Yb0.5Co4Sb12,10.1038/am.2016.77,,1.005714,1.3432566525964034,1.0795855992601484,0.07016540001472725,0.09321553250949023,False,True,True,65,yes,yes,high observed ZT; important candidate for paper; high predicted ZT,https://doi.org/10.1038/am.2016.77
10.1038_am.2016.77__sample_22012,true_positive,1.0,unknown,n,Yb0.4Co4Sb12,10.1038/am.2016.77,,1.065143,1.121582544120888,1.081336863187501,0.06053793241187407,0.05259616708834951,False,True,True,65,yes,yes,high observed ZT; important candidate for paper; high predicted ZT,https://doi.org/10.1038/am.2016.77
10.1038_am.2016.77__sample_22016,true_positive,1.0,unknown,n,Yb0.3Co4Sb12,10.1038/am.2016.77,,1.504,1.8555962733535067,1.5100659351134265,0.09944362458600926,0.10771798654761008,False,True,True,65,yes,yes,high observed ZT; important candidate for paper; high predicted ZT,https://doi.org/10.1038/am.2016.77
10.1038_am.2016.77__sample_22019,true_positive,1.0,unknown,n,Yb0.25Co4Sb12,10.1038/am.2016.77,,1.348571,1.4912915285142294,1.3414543358221305,0.05685835969096234,0.06968597432996688,False,True,True,75,yes,yes,high observed ZT; important candidate for paper; high predicted ZT,https://doi.org/10.1038/am.2016.77
10.1038_am.2016.77__sample_22021,true_positive,1.0,unknown,n,Yb0.2Co4Sb12,10.1038/am.2016.77,,1.179429,1.509146590714305,1.1883566689573974,0.17779952598837417,0.10543053796379223,False,True,True,75,yes,yes,high observed ZT; important candidate for paper; high predicted ZT,https://doi.org/10.1038/am.2016.77
10.1038_nature13184__sample_31743,false_negative,1.0,unknown,p,SnSe,10.1038/nature13184,,2.617264,0.7676095246817163,0.3137429060412725,2.649920977413767,2.1811210413631104,False,True,True,145,yes,yes,high observed ZT; high-ZT false negative; important candidate for paper; carried from Step14,https://doi.org/10.1038/nature13184
10.1038_nature23667__sample_31356,true_positive,1.0,unknown,n,Ba0.3In0.3Co4Sb12,10.1038/nature23667,,1.33125,1.4696543294219253,1.237519844710408,0.05735530050577846,0.10246109476015951,False,True,True,75,yes,yes,high observed ZT; important candidate for paper; high predicted ZT,https://doi.org/10.1038/nature23667
10.1038_nature23667__sample_31357,true_positive,1.0,unknown,n,Ba0.3In0.3Co4.017Sb12,10.1038/nature23667,,1.632031,1.8821705291809911,1.6391268646373258,0.07685243866875892,0.07204640393149567,False,True,True,65,yes,yes,high observed ZT; important candidate for paper; high predicted ZT,https://doi.org/10.1038/nature23667
10.1038_nature23667__sample_31358,true_positive,1.0,unknown,n,Ba0.3In0.3Co4.03Sb12,10.1038/nature23667,,1.745313,2.0109686192549105,1.7534487764120747,0.07890972126675788,0.07747737350056706,False,True,True,75,yes,yes,high observed ZT; important candidate for paper; high predicted ZT,https://doi.org/10.1038/nature23667
10.1038_nature23667__sample_31359,true_positive,1.0,unknown,n,Ba0.3In0.3Co4.05Sb12,10.1038/nature23667,,1.596875,1.8444223533517468,1.6146246100270174,0.08371102103603743,0.07919552442152937,False,True,True,65,yes,yes,high observed ZT; important candidate for paper; high predicted ZT,https://doi.org/10.1038/nature23667
10.1038_nchem.955__sample_42564,false_positive,1.0,unknown,p,(PbTe)0.99(NaTe)0.01,10.1038/nchem.955,,0.7401739,1.4378808786284634,0.7972692604779934,,0.8035072338878321,False,True,True,75,yes,yes,high-ZT false positive; important candidate for paper; high predicted ZT; carried from Step14,https://doi.org/10.1038/nchem.955
10.1038_ncomms12167__sample_2833,true_positive,1.0,unknown,p,Pb0.98Na0.02Te,10.1038/ncomms12167,,,2.4196965082902433,1.5561307352648015,,0.40668843050631276,False,True,True,35,no,yes,high predicted ZT,https://doi.org/10.1038/ncomms12167
10.1038_ncomms12167__sample_2838,true_positive,1.0,unknown,p,Pb0.9Na0.02TeSr0.08,10.1038/ncomms12167,,,3.403062848925825,2.0086722318844075,,0.3525346150704262,False,True,True,35,no,yes,high predicted ZT,https://doi.org/10.1038/ncomms12167
10.1038_ncomms13713__sample_33444,false_negative,1.0,unknown,n,Sn0.96SeBi0.04,10.1038/ncomms13713,,1.648313,0.6870568074868969,1.4750778704669327,3.04336688655957,2.534819306086567,False,True,True,135,yes,yes,high observed ZT; high-ZT false negative; important candidate for paper; carried from Step14,https://doi.org/10.1038/ncomms13713
10.1038_ncomms13713__sample_33445,false_negative,1.0,unknown,n,Sn0.94SeBi0.06,10.1038/ncomms13713,,2.085641,0.8447092586783576,2.017069628833167,1.209528671336725,1.0242024465146626,False,True,True,135,yes,yes,high observed ZT; high-ZT false negative; important candidate for paper; carried from Step14,https://doi.org/10.1038/ncomms13713
10.1038_ncomms13713__sample_33473,false_negative,1.0,unknown,n,Sn0.94SeBi0.06,10.1038/ncomms13713,,2.156489,0.7644257186790195,2.1753525122115205,1.4982254753555342,1.509500516430532,False,True,True,135,yes,yes,high observed ZT; high-ZT false negative; important candidate for paper; carried from Step14,https://doi.org/10.1038/ncomms13713
10.1038_ncomms13713__sample_33474,false_negative,1.0,unknown,n,Sn0.94SeBi0.06,10.1038/ncomms13713,,2.06743,0.8961320404525395,2.340524030512344,1.0926803175624773,1.4010448795092785,False,True,True,135,yes,yes,high observed ZT; high-ZT false negative; important candidate for paper; carried from Step14,https://doi.org/10.1038/ncomms13713
10.1038_ncomms4640__sample_25500,true_positive,1.0,unknown,n,Pb0.9975Sb0.0025Se,10.1038/ncomms4640,,1.301091,2.806098651212199,1.2277838639303194,1.1567274319876157,1.2451762612902573,False,True,True,160,yes,yes,high observed ZT; large ZT prediction error; important candidate for paper; high predicted ZT; carried from Step14,https://doi.org/10.1038/ncomms4640
10.1038_ncomms5515__sample_204,false_positive,1.0,unknown,p,K0.01Pb1Te0.7S0.3,10.1038/ncomms5515,,,1.297942911618486,0.9534191256333784,,0.36135606757021205,False,True,True,35,no,yes,high predicted ZT,https://doi.org/10.1038/ncomms5515
10.1038_ncomms5515__sample_409,true_positive,1.0,unknown,p,K0.025Pb1Te0.7S0.3,10.1038/ncomms5515,,,4.6569908122801635,2.231742671593626,,0.5248709987825624,False,True,True,35,no,yes,high predicted ZT,https://doi.org/10.1038/ncomms5515
10.1038_ncomms5515__sample_419,true_positive,1.0,unknown,p,K0.03Pb1Te0.7S0.3,10.1038/ncomms5515,,,4.891694745012522,2.189320310139901,,0.5138733073966771,False,True,True,35,no,yes,high predicted ZT,https://doi.org/10.1038/ncomms5515
10.1038_ncomms9144__sample_20276,true_positive,1.0,unknown,p,FeNb0.88Hf0.12Sb,10.1038/ncomms9144,,1.295536,6.447829665902702,1.3874383478453662,0.20700573841710837,1.4514516017839334,False,True,True,95,yes,yes,high observed ZT; important candidate for paper; high predicted ZT; carried from Step14,https://doi.org/10.1038/ncomms9144
10.1038_ncomms9144__sample_20277,false_negative,1.0,unknown,p,FeNb0.92Hf0.08Sb,10.1038/ncomms9144,,1.075182,0.6685041633771613,0.8639854523610355,0.22171868279185172,0.27268401315021895,False,True,True,90,yes,yes,high observed ZT; high-ZT false negative; important candidate for paper; carried from Step14,https://doi.org/10.1038/ncomms9144
10.1038_ncomms9144__sample_20280,false_positive,1.0,unknown,p,FeNb0.90Zr0.10Sb,10.1038/ncomms9144,,0.7177966,1.3328121299677025,0.814333653559191,0.07576725325335772,0.28107928537906834,False,True,True,75,yes,yes,high-ZT false positive; important candidate for paper; high predicted ZT; carried from Step14,https://doi.org/10.1038/ncomms9144
10.1038_ncomms9144__sample_20839,false_negative,1.0,unknown,p,FeNb0.86Hf0.14Sb,10.1038/ncomms9144,,1.452751,0.9185284158676472,1.2257659329901942,0.2810310333748481,0.3466433643825145,False,True,True,90,yes,yes,high observed ZT; high-ZT false negative; important candidate for paper; carried from Step14,https://doi.org/10.1038/ncomms9144
10.1038_ncomms9144__sample_20840,false_positive,1.0,unknown,p,FeNb0.92Zr0.08Sb,10.1038/ncomms9144,,0.78347,4.721445541132959,0.8422559678701006,0.13366344933118368,0.8105997372323702,False,True,True,65,yes,yes,high-ZT false positive; important candidate for paper; high predicted ZT; carried from Step14,https://doi.org/10.1038/ncomms9144
10.1038_s41467-018-04958-3__sample_22956,true_positive,1.0,unknown,p,ZrCoBi0.85Sn0.15,10.1038/s41467-018-04958-3,,1.050398,1.4485856353655147,1.1859161853427058,0.10739606902100307,0.1090450538881231,False,True,False,60,yes,yes,high observed ZT; important candidate for paper; high predicted ZT,https://doi.org/10.1038/s41467-018-04958-3
10.1038_s41467-018-04958-3__sample_22957,true_positive,1.0,unknown,p,ZrCoBi0.80Sn0.20,10.1038/s41467-018-04958-3,,1.277188,1.547118600615415,1.279268309234295,0.11481542604861954,0.10373815436015855,False,True,False,60,yes,yes,high observed ZT; important candidate for paper; high predicted ZT,https://doi.org/10.1038/s41467-018-04958-3
10.1038_s41467-018-04958-3__sample_22958,false_positive,1.0,unknown,p,ZrCoBi0.75Sb0.05Sn0.20,10.1038/s41467-018-04958-3,,0.6636126,1.5018228377262353,1.2680605510177754,0.06832514000520219,0.09776888493662957,False,True,True,75,yes,yes,high-ZT false positive; important candidate for paper; high predicted ZT; carried from Step14,https://doi.org/10.1038/s41467-018-04958-3
10.1038_s41467-018-04958-3__sample_22960,true_positive,1.0,unknown,p,ZrCoBi0.65Sb0.15Sn0.20,10.1038/s41467-018-04958-3,,1.287958,1.1917542689106024,1.0893374095163724,,0.09401757297557564,False,True,True,75,yes,yes,high observed ZT; important candidate for paper; high predicted ZT,https://doi.org/10.1038/s41467-018-04958-3
10.1038_s41467-018-04958-3__sample_22961,false_positive,1.0,unknown,p,ZrCoBi0.60Sb0.20Sn0.20,10.1038/s41467-018-04958-3,,0.9502618,1.536099704611041,1.3508401408314707,0.0018876706779016074,0.10457526596407779,False,True,True,75,yes,yes,high-ZT false positive; important candidate for paper; high predicted ZT; carried from Step14,https://doi.org/10.1038/s41467-018-04958-3
10.1038_s41467-018-08223-5__sample_22524,true_positive,1.0,unknown,p,Ta0.88Ti0.12FeSb,10.1038/s41467-018-08223-5,,1.234042,1.1446909090929784,1.0900814127810186,0.10362719569856745,0.14635905110885214,False,True,True,75,yes,yes,high observed ZT; important candidate for paper; high predicted ZT,https://doi.org/10.1038/s41467-018-08223-5
10.1038_s41467-018-08223-5__sample_22525,true_positive,1.0,unknown,p,Ta0.84Ti0.16FeSb,10.1038/s41467-018-08223-5,,1.221111,1.3696584544694186,1.2173717849657706,0.17017074378470112,0.18608955784349812,False,True,True,65,yes,yes,high observed ZT; important candidate for paper; high predicted ZT,https://doi.org/10.1038/s41467-018-08223-5
10.1038_s41467-021-23569-z__sample_56558,false_positive,1.0,unknown,p,Pb0.975Na0.025Se0.5S0.25Te0.25,10.1038/s41467-021-23569-z,,0.7120743,1.544109424540045,1.3685537823537122,0.2395361045850682,0.19071327873991997,False,True,True,75,yes,yes,high-ZT false positive; important candidate for paper; high predicted ZT; carried from Step14,https://doi.org/10.1038/s41467-021-23569-z
10.1038_s41467-021-23569-z__sample_56559,false_positive,1.0,unknown,p,Pb0.965Cd0.01Na0.025Se0.5S0.25Te0.25,10.1038/s41467-021-23569-z,,0.9411765,1.7081617953013015,1.7633788361055978,0.10310080419652203,0.28082275945249807,False,True,True,75,yes,yes,high-ZT false positive; important candidate for paper; high predicted ZT; carried from Step14,https://doi.org/10.1038/s41467-021-23569-z
10.1038_s41467-021-23569-z__sample_56560,false_positive,1.0,unknown,p,Pb0.955Cd0.02Na0.025Se0.5S0.25Te0.25,10.1038/s41467-021-23569-z,,0.9721362,1.9649203240341575,1.649405354463675,0.06456417211089617,0.2478170917038669,False,True,True,75,yes,yes,high-ZT false positive; important candidate for paper; high predicted ZT; carried from Step14,https://doi.org/10.1038/s41467-021-23569-z
10.1038_s41467-021-23569-z__sample_56561,false_positive,1.0,unknown,p,Pb0.945Cd0.03Na0.025Se0.5S0.25Te0.25,10.1038/s41467-021-23569-z,,0.03095975,2.1835108930500238,1.8978092918141405,0.13769387320714788,0.2688615999521603,False,True,True,75,yes,yes,high-ZT false positive; important candidate for paper; high predicted ZT; carried from Step14,https://doi.org/10.1038/s41467-021-23569-z
10.1038_s41467-021-23569-z__sample_56562,true_positive,1.0,unknown,p,Pb0.935Cd0.04Na0.025Se0.5S0.25Te0.25,10.1038/s41467-021-23569-z,,1.139319,2.2764544759973075,2.010515551879972,0.2612189419887282,0.2426328139141326,False,True,True,75,yes,yes,high observed ZT; important candidate for paper; high predicted ZT,https://doi.org/10.1038/s41467-021-23569-z
10.1038_s41467-021-23569-z__sample_56563,true_positive,1.0,unknown,p,Pb0.925Cd0.05Na0.025Se0.5S0.25Te0.25,10.1038/s41467-021-23569-z,,1.034056,1.9683508754132872,1.6934863967358866,0.14858570686193515,0.2978813128713029,False,True,True,75,yes,yes,high observed ZT; important candidate for paper; high predicted ZT,https://doi.org/10.1038/s41467-021-23569-z
10.1038_s41598-017-05428-4__sample_15696,true_positive,1.0,unknown,p,Bi0.35Sb1.65Te3,10.1038/s41598-017-05428-4,,1.036584,1.5085915104154342,0.80905472821462,0.716704117126438,0.47406790859049225,False,True,True,75,yes,yes,high observed ZT; important candidate for paper; high predicted ZT,https://doi.org/10.1038/s41598-017-05428-4
10.1038_s41598-020-58998-1__sample_28169,false_negative,1.0,unknown,n,Mg2Sn,10.1038/s41598-020-58998-1,,1.160563,0.02947856571286396,0.0261634704191572,0.9627884274142406,0.23380772539790717,False,False,False,80,yes,yes,high observed ZT; high-ZT false negative; important candidate for paper; carried from Step14,https://doi.org/10.1038/s41598-020-58998-1
10.1038_s41598-020-58998-1__sample_28170,false_negative,1.0,unknown,n,Mg2Sn,10.1038/s41598-020-58998-1,,1.423474,0.048109090888585664,0.033992919698806,0.8378601759791743,0.41526798271098464,False,False,False,90,yes,yes,high observed ZT; high-ZT false negative; important candidate for paper; carried from Step14,https://doi.org/10.1038/s41598-020-58998-1
10.1038_s41598-020-58998-1__sample_28171,false_negative,1.0,unknown,n,Mg2Sn,10.1038/s41598-020-58998-1,,1.089202,0.07580588335955854,0.0396493318831531,,0.9119082153252691,False,False,False,90,yes,yes,high observed ZT; high-ZT false negative; important candidate for paper; carried from Step14,https://doi.org/10.1038/s41598-020-58998-1
10.1038_srep40436__sample_15446,true_positive,1.0,unknown,p,Cu1.98Se,10.1038/srep40436,,1.640637,3.0479989594411605,1.6948331343197651,0.04275082986327421,0.1916264370729031,False,True,True,65,yes,yes,high observed ZT; important candidate for paper; high predicted ZT,https://doi.org/10.1038/srep40436
10.1038_srep40436__sample_15447,true_positive,1.0,unknown,p,Cu1.98S0.02Se0.98,10.1038/srep40436,,1.489089,2.4155288825565906,1.5190085543723202,0.0265607389868,0.13960744926567298,False,True,True,65,yes,yes,high observed ZT; important candidate for paper; high predicted ZT,https://doi.org/10.1038/srep40436
10.1038_srep40436__sample_15448,true_positive,1.0,unknown,p,Cu1.98S0.08Se0.92,10.1038/srep40436,,1.242377,1.414730089615518,1.266393827068581,0.17345134027933795,0.16924944658952898,False,True,True,65,yes,yes,high observed ZT; important candidate for paper; high predicted ZT,https://doi.org/10.1038/srep40436
10.1038_srep40436__sample_15449,true_positive,1.0,unknown,p,Cu1.98S0.16Se0.84,10.1038/srep40436,,1.1412,2.1995437882637034,1.1637052747111996,0.1445699328585728,0.19458686724034835,False,True,True,65,yes,yes,high observed ZT; important candidate for paper; high predicted ZT,https://doi.org/10.1038/srep40436
10.1039_c0ee00012d__sample_1516,true_positive,1.0,unknown,p,Bi0.5Sb1.5Te3,10.1039/c0ee00012d,,1.247889,1.15492629805024,1.310109680791618,0.08164365896427897,0.09708069333046897,False,True,True,75,yes,yes,high observed ZT; important candidate for paper; high predicted ZT,https://doi.org/10.1039/c0ee00012d
10.1039_c0ee00012d__sample_1517,true_positive,1.0,unknown,p,Bi0.5Sb1.5Te3,10.1039/c0ee00012d,,1.247601,1.157981176443421,1.2343955175416137,0.06176079894842889,0.06323678262972887,False,True,True,65,yes,yes,high observed ZT; important candidate for paper; high predicted ZT,https://doi.org/10.1039/c0ee00012d
10.1039_c0jm00138d__sample_16919,false_negative,1.0,unknown,p,(Ag2Te)52(Sb2Te3)48,10.1039/c0jm00138d,,1.235722,0.9370716086727154,1.2408342375154993,0.20191745450298795,0.20610916435918944,False,True,True,90,yes,yes,high observed ZT; high-ZT false negative; important candidate for paper; carried from Step14,https://doi.org/10.1039/c0jm00138d
10.1039_c0jm00138d__sample_16920,true_positive,1.0,unknown,p,(Ag2Te)50(Sb2Te3)50,10.1039/c0jm00138d,,1.555007,1.4858677726362075,1.552710014423968,0.13089933476218454,0.12805911900035669,False,True,True,65,yes,yes,high observed ZT; important candidate for paper; high predicted ZT,https://doi.org/10.1039/c0jm00138d
10.1039_c0jm00138d__sample_16921,true_positive,1.0,unknown,p,(Ag2Te)48(Sb2Te3)52,10.1039/c0jm00138d,,1.281229,1.3042096443544005,1.2725923897732112,0.047798212182243505,0.04878806687367183,False,True,True,65,yes,yes,high observed ZT; important candidate for paper; high predicted ZT,https://doi.org/10.1039/c0jm00138d
10.1039_c0jm00138d__sample_16923,true_positive,1.0,unknown,p,(Ag2Te)44(Sb2Te3)56,10.1039/c0jm00138d,,1.139249,1.1594415146789803,1.134018154282831,0.049347250493629646,0.0484850109171267,False,True,True,65,yes,yes,high observed ZT; important candidate for paper; high predicted ZT,https://doi.org/10.1039/c0jm00138d
10.1039_c1jm10163c__sample_8146,false_positive,1.0,unknown,n,Cu0.05Bi2Te3,10.1039/c1jm10163c,,0.7445943,1.394716142399135,0.7358946393891738,0.45020738210526556,0.4501265128128144,False,True,True,65,yes,yes,high-ZT false positive; important candidate for paper; high predicted ZT; carried from Step14,https://doi.org/10.1039/c1jm10163c
10.1039_c1jm10163c__sample_8147,false_positive,1.0,unknown,n,Cu0.05Bi2Te3,10.1039/c1jm10163c,,0.8820447,1.6474105374957697,0.8752758918021113,0.4440554082420653,0.4449412442780888,False,True,True,65,yes,yes,high-ZT false positive; important candidate for paper; high predicted ZT; carried from Step14,https://doi.org/10.1039/c1jm10163c
10.1039_c1jm10163c__sample_8149,true_positive,1.0,unknown,n,Cu0.07Bi2Te3,10.1039/c1jm10163c,,1.152324,1.9407208800988691,1.1541349059549346,0.3845194542742738,0.38467002198389666,False,True,True,65,yes,yes,high observed ZT; important candidate for paper; high predicted ZT,https://doi.org/10.1039/c1jm10163c
10.1039_c1jm13880d__sample_1714,true_positive,1.0,unknown,n,Bi2Te3,10.1039/c1jm13880d,,1.085401,1.1294795319695734,1.0944,0.06860581057571892,0.07097194933614645,False,True,True,65,yes,yes,high observed ZT; important candidate for paper; high predicted ZT,https://doi.org/10.1039/c1jm13880d
10.1039_c2ee21554c__sample_12220,false_positive,1.0,unknown,p,Hf0.5Ti0.5CoSb0.8Sn0.2,10.1039/c2ee21554c,,0.8648936,1.849977139527929,0.8553600975362802,,1.1628050511784156,False,True,True,95,yes,yes,high-ZT false positive; important candidate for paper; high predicted ZT; carried from Step14,https://doi.org/10.1039/c2ee21554c
10.1039_c2ee22622g__sample_21017,false_positive,1.0,unknown,p,Bi0.95Ba0.05CuSeO,10.1039/c2ee22622g,,0.8506197,1.0347769425254916,1.0801166606564423,0.44204706215573497,0.21442742479266827,False,True,True,75,yes,yes,high-ZT false positive; important candidate for paper; high predicted ZT; carried from Step14,https://doi.org/10.1039/c2ee22622g
10.1039_c2ee22622g__sample_21020,false_negative,1.0,unknown,p,Bi0.875Ba0.125CuSeO,10.1039/c2ee22622g,,1.026838,0.9932392254633741,0.8063096486424693,0.6174369253226588,0.23183348622408995,False,True,True,100,yes,yes,high observed ZT; high-ZT false negative; important candidate for paper; carried from Step14,https://doi.org/10.1039/c2ee22622g
10.1039_c2jm15010g__sample_4199,false_positive,1.0,unknown,n,Ba0.21Co3.94Sb12,10.1039/c2jm15010g,,0.6476914,1.0062765330945165,0.7279917633158381,0.02278449467454462,0.18536736607196752,False,True,True,75,yes,yes,high-ZT false positive; important candidate for paper; high predicted ZT; carried from Step14,https://doi.org/10.1039/c2jm15010g
10.1039_c2jm15010g__sample_4201,false_positive,1.0,unknown,n,Ba0.21Co3.96Sb12Ag0.09,10.1039/c2jm15010g,,0.9464871,1.0162941159857577,0.9167307796643426,0.11250414906818135,0.09884399444063267,False,True,True,65,yes,yes,high-ZT false positive; important candidate for paper; high predicted ZT; carried from Step14,https://doi.org/10.1039/c2jm15010g
10.1039_c2jm16694a__sample_8695,false_positive,1.0,unknown,n,Mg2.2Si0.38Sn0.6Sb0.02,10.1039/c2jm16694a,,0.8220376,1.237482845299359,0.8400645784346044,,0.47308061435623544,False,True,True,75,yes,yes,high-ZT false positive; important candidate for paper; high predicted ZT; carried from Step14,https://doi.org/10.1039/c2jm16694a
10.1039_c2jm30906h__sample_16991,false_negative,1.0,unknown,p,Zn4Sb3,10.1039/c2jm30906h,,1.050251,0.310703013777226,0.2485763811740075,0.030879268823978713,0.24992974919740601,False,True,True,100,yes,yes,high observed ZT; high-ZT false negative; important candidate for paper; carried from Step14,https://doi.org/10.1039/c2jm30906h
10.1039_c2jm30906h__sample_16993,true_positive,1.0,unknown,p,(Zn0.995Ge0.005)4Sb3,10.1039/c2jm30906h,,1.179899,1.0049219109774898,1.1723671477029374,0.12493038129912061,0.09707255324131825,False,True,True,75,yes,yes,high observed ZT; important candidate for paper; high predicted ZT,https://doi.org/10.1039/c2jm30906h
10.1039_c2jm31919e__sample_8702,false_negative,1.0,unknown,n,Mg2.16(Si0.4Sn0.6)0.99Sb0.01,10.1039/c2jm31919e,,1.239669,0.9180112118462704,0.9762876998675885,0.1398807559791208,0.13952301423713162,False,True,True,100,yes,yes,high observed ZT; high-ZT false negative; important candidate for paper; carried from Step14,https://doi.org/10.1039/c2jm31919e
10.1039_c2jm31919e__sample_8703,true_positive,1.0,unknown,n,Mg2.16(Si0.4Sn0.6)0.98Sb0.02,10.1039/c2jm31919e,,1.173554,1.537061978692064,1.1322689140003563,0.21864448015157092,0.14974816205720326,False,True,True,75,yes,yes,high observed ZT; important candidate for paper; high predicted ZT,https://doi.org/10.1039/c2jm31919e
10.1039_c2jm31919e__sample_8704,true_positive,1.0,unknown,n,Mg2.16(Si0.4Sn0.6)0.9925Sb0.075,10.1039/c2jm31919e,,1.100826,1.3290942494689981,0.8623232124700332,0.22203988906705663,0.35732399507269597,False,True,True,75,yes,yes,high observed ZT; important candidate for paper; high predicted ZT,https://doi.org/10.1039/c2jm31919e
10.1039_c2jm31919e__sample_8705,true_positive,1.0,unknown,n,Mg2.16(Si0.4Sn0.6)0.995Sb0.005,10.1039/c2jm31919e,,1.130579,1.3621558209238278,1.111827408549881,0.04591222815451933,0.117098101319374,False,True,True,75,yes,yes,high observed ZT; important candidate for paper; high predicted ZT,https://doi.org/10.1039/c2jm31919e
10.1039_c2jm31919e__sample_8706,true_positive,1.0,unknown,n,Mg2.16(Si0.4Sn0.6)0.985Sb0.015,10.1039/c2jm31919e,,1.299174,1.337913837036617,1.2244537422605382,0.09239807463763546,0.07807077203225081,False,True,True,75,yes,yes,high observed ZT; important candidate for paper; high predicted ZT,https://doi.org/10.1039/c2jm31919e
10.1039_c2jm31919e__sample_8707,false_negative,1.0,unknown,n,Mg2.16(Si0.4Sn0.6)0.975Sb0.025,10.1039/c2jm31919e,,1.259504,0.9090501162053636,0.9821978823758032,0.08641971322661325,0.09678112700545126,False,True,True,100,yes,yes,high observed ZT; high-ZT false negative; important candidate for paper; carried from Step14,https://doi.org/10.1039/c2jm31919e
10.1039_c2jm34608g__sample_1722,true_positive,1.0,unknown,n,Bi2(Te0.95Se0.05)3I0.005,10.1039/c2jm34608g,,1.05199,1.1069906957471503,1.086338,0.0943542052879991,0.07659866384373477,False,True,True,65,yes,yes,high observed ZT; important candidate for paper; high predicted ZT,https://doi.org/10.1039/c2jm34608g
10.1039_c2jm34608g__sample_1723,false_positive,1.0,unknown,n,Bi2(Te0.9Se0.1)3I0.0049,10.1039/c2jm34608g,,0.9321846,1.0118853928535985,0.9363326025714286,0.09894036236697751,0.08164518865098544,False,True,True,65,yes,yes,high-ZT false positive; important candidate for paper; high predicted ZT; carried from Step14,https://doi.org/10.1039/c2jm34608g
10.1039_c2jm34608g__sample_1733,false_positive,1.0,unknown,n,Bi2Te1.5Se1.5I0.008,10.1039/c2jm34608g,,,1.0939950113449142,0.8662827338129496,,0.136591978465585,False,True,True,35,no,yes,high predicted ZT,https://doi.org/10.1039/c2jm34608g
10.1039_c2ta00452f__sample_8160,false_positive,1.0,unknown,p,BiSbTeSe,10.1039/c2ta00452f,,0.9947575,1.0063250195006384,1.0015961278514312,0.0824635001566845,0.07896702699188025,False,True,True,65,yes,yes,high-ZT false positive; important candidate for paper; high predicted ZT; carried from Step14,https://doi.org/10.1039/c2ta00452f
10.1039_c2ta00452f__sample_8161,true_positive,1.0,unknown,p,(BiSbTeSe)99.14(ZnSb)0.86,10.1039/c2ta00452f,,1.082831,1.0643823571813649,1.091502313227752,0.14308310292308915,0.13863261192960877,False,True,True,65,yes,yes,high observed ZT; important candidate for paper; high predicted ZT,https://doi.org/10.1039/c2ta00452f
10.1039_c2ta00452f__sample_8162,true_positive,1.0,unknown,p,(BiSbTeSe)98.58(ZnSb)1.42,10.1039/c2ta00452f,,1.134731,1.3097048112274066,1.1441274731233313,0.15212608936690777,0.14874526588249598,False,True,True,65,yes,yes,high observed ZT; important candidate for paper; high predicted ZT,https://doi.org/10.1039/c2ta00452f
10.1039_c2ta00452f__sample_8163,true_positive,1.0,unknown,p,(BiSbTeSe)97.18(ZnSb)2.82,10.1039/c2ta00452f,,1.061599,1.262217911208677,1.066927622844418,0.13965020994269012,0.1375199674430367,False,True,True,65,yes,yes,high observed ZT; important candidate for paper; high predicted ZT,https://doi.org/10.1039/c2ta00452f
10.1039_c3ee40482j__sample_221,false_positive,1.0,unknown,p,Pb1Cd0.01Te1.025Na0.03,10.1039/c3ee40482j,,,2.2880184155827386,0.9875342751997878,,0.5635693169209818,False,True,True,35,no,yes,high predicted ZT,https://doi.org/10.1039/c3ee40482j
10.1039_c3ee40482j__sample_394,false_positive,1.0,unknown,p,Pb1Cd0.03Te1.045Na0.03,10.1039/c3ee40482j,,,1.3116933626613123,0.5824207421375153,,0.5626628921536421,False,True,True,35,no,yes,high predicted ZT,https://doi.org/10.1039/c3ee40482j
10.1039_c3ee40879e__sample_19225,false_negative,1.0,unknown,n,BiAgSeS0.97Cl0.03,10.1039/c3ee40879e,,1.008405,0.4192805256638139,0.3745252982833688,0.590632605029169,0.7897338512898454,False,True,True,100,yes,yes,high observed ZT; high-ZT false negative; important candidate for paper; carried from Step14,https://doi.org/10.1039/c3ee40879e
10.1039_c3ee41859f__sample_33523,true_positive,1.0,unknown,p,Bi0.875Ba0.125CuSeO,10.1039/c3ee41859f,,1.116945,1.1069823566933488,0.8965221048489987,0.18704780273571642,0.14845333950267967,False,True,True,75,yes,yes,high observed ZT; important candidate for paper; high predicted ZT,https://doi.org/10.1039/c3ee41859f
10.1039_c3ee41859f__sample_33527,true_positive,1.0,unknown,p,Bi0.875Ba0.125CuSeO,10.1039/c3ee41859f,,1.245823,1.2204109075252592,1.1729190396982208,0.07647804074525491,0.07641441059569572,False,True,True,65,yes,yes,high observed ZT; important candidate for paper; high predicted ZT,https://doi.org/10.1039/c3ee41859f
10.1039_c3ee41859f__sample_33529,true_positive,1.0,unknown,p,Bi0.875Ba0.125CuSeO,10.1039/c3ee41859f,,1.353222,1.3599477580561292,1.3263593006283687,0.09705121364286699,0.1216940533457576,False,True,True,65,yes,yes,high observed ZT; important candidate for paper; high predicted ZT,https://doi.org/10.1039/c3ee41859f
10.1039_c3ee41935e__sample_21121,false_negative,1.0,unknown,p,AgSb0.98Bi0.02Se2,10.1039/c3ee41935e,,1.134111,0.4579828488712903,0.3527263000553766,0.28760763065782163,0.29840856437240115,False,True,True,100,yes,yes,high observed ZT; high-ZT false negative; important candidate for paper; carried from Step14,https://doi.org/10.1039/c3ee41935e
10.1039_c3ee41935e__sample_21122,false_negative,1.0,unknown,p,AgSb0.96Bi0.04Se2,10.1039/c3ee41935e,,1.017493,0.359950961205689,0.2825349931735328,,0.27400488400602235,False,True,True,100,yes,yes,high observed ZT; high-ZT false negative; important candidate for paper; carried from Step14,https://doi.org/10.1039/c3ee41935e
10.1039_c3ee42187b__sample_159,true_positive,1.0,unknown,p,Pb0.93Na0.02Mg0.05Te1,10.1039/c3ee42187b,,,2.264810208958383,1.8171017656042951,,0.24561877480262984,False,True,True,35,no,yes,high predicted ZT,https://doi.org/10.1039/c3ee42187b
10.1039_c3ee42187b__sample_161,true_positive,1.0,unknown,p,Pb0.98Na0.02Te1,10.1039/c3ee42187b,,,1.9021574424893646,1.168672464791446,,0.34384069988818483,False,True,True,35,no,yes,high predicted ZT,https://doi.org/10.1039/c3ee42187b
10.1039_c3ee42187b__sample_188,true_positive,1.0,unknown,p,Pb0.96Na0.02Mg0.02Te1,10.1039/c3ee42187b,,,2.3474962728882627,1.7536314396015231,,0.3477422700015941,False,True,True,35,no,yes,high predicted ZT,https://doi.org/10.1039/c3ee42187b
10.1039_c3ee42187b__sample_199,true_positive,1.0,unknown,p,Pb0.92Na0.02Mg0.06Te1,10.1039/c3ee42187b,,,2.4056632449498894,1.9778736803930264,,0.25284297767608066,False,True,True,35,no,yes,high predicted ZT,https://doi.org/10.1039/c3ee42187b
10.1039_c3ee42187b__sample_300,true_positive,1.0,unknown,p,Pb0.9Na0.02Mg0.08Te1,10.1039/c3ee42187b,,,2.930746336766958,2.42390680524398,,0.24488036625338394,False,True,True,35,no,yes,high predicted ZT,https://doi.org/10.1039/c3ee42187b
10.1039_c3ee42187b__sample_358,true_positive,1.0,unknown,p,Pb0.94Na0.02Mg0.04Te1,10.1039/c3ee42187b,,,2.3176712532736996,1.9561174376104864,,0.30386784534638706,False,True,True,35,no,yes,high predicted ZT,https://doi.org/10.1039/c3ee42187b
10.1039_c3ee42187b__sample_372,true_positive,1.0,unknown,p,Pb0.97Na0.02Mg0.01Te1,10.1039/c3ee42187b,,,2.2360507477580285,1.4314528489715832,,0.34374059751654723,False,True,True,35,no,yes,high predicted ZT,https://doi.org/10.1039/c3ee42187b
10.1039_c3ee43240h__sample_3419,true_positive,1.0,unknown,n,In0.106Co4Sb11.947,10.1039/c3ee43240h,,1.087286,1.2292942840361554,1.0908706571955291,0.04667413974978655,0.0741495821252531,False,True,True,65,yes,yes,high observed ZT; important candidate for paper; high predicted ZT,https://doi.org/10.1039/c3ee43240h
10.1039_c3ee43240h__sample_3420,true_positive,1.0,unknown,n,In0.207Co4Sb11.931,10.1039/c3ee43240h,,1.00949,1.276009070803114,1.0681578671666048,0.14874427614630886,0.1260083648416515,False,True,True,75,yes,yes,high observed ZT; important candidate for paper; high predicted ZT,https://doi.org/10.1039/c3ee43240h
10.1039_c3ee43240h__sample_3421,false_negative,1.0,unknown,n,In0.276Co4Sb11.908,10.1039/c3ee43240h,,1.124436,0.9985566533196245,1.073561659695953,,0.06986557846856312,False,True,True,100,yes,yes,high observed ZT; high-ZT false negative; important candidate for paper; carried from Step14,https://doi.org/10.1039/c3ee43240h
10.1039_c3ra23219k__sample_5794,true_positive,1.0,unknown,p,(Mg1.25Al0.75Si4O11H)0.01Bi0.42Sb1.58Te3,10.1039/c3ra23219k,,1.174733,1.0701766205324394,1.164645380142238,0.15386918025314597,0.1508256149010231,False,True,True,65,yes,yes,high observed ZT; important candidate for paper; high predicted ZT,https://doi.org/10.1039/c3ra23219k
10.1039_c3ra23219k__sample_5795,true_positive,1.0,unknown,p,(Mg1.25Al0.75Si4O11H)0.02Bi0.42Sb1.58Te3,10.1039/c3ra23219k,,1.303086,1.3850064576983103,1.3073452508457453,0.17788784570516836,0.177618057669287,False,True,True,65,yes,yes,high observed ZT; important candidate for paper; high predicted ZT,https://doi.org/10.1039/c3ra23219k
10.1039_c3ra23219k__sample_5796,false_positive,1.0,unknown,p,(Mg1.25Al0.75Si4O11H)0.03Bi0.42Sb1.58Te3,10.1039/c3ra23219k,,0.9525252,1.0985958893122616,0.9568568848408178,0.17822895393668942,0.18014045312319296,False,True,True,65,yes,yes,high-ZT false positive; important candidate for paper; high predicted ZT; carried from Step14,https://doi.org/10.1039/c3ra23219k
10.1039_c3ta01455j__sample_14367,false_positive,1.0,unknown,n,Ag2Te,10.1039/c3ta01455j,,0.6544683,1.089710746745243,0.590504027022152,0.5678427168600086,0.6151445085472943,False,True,True,65,yes,yes,high-ZT false positive; important candidate for paper; high predicted ZT; carried from Step14,https://doi.org/10.1039/c3ta01455j
10.1039_c3ta12508d__sample_13564,true_positive,1.0,unknown,p,Cu2Se,10.1039/c3ta12508d,,1.165409,2.3407992941748166,1.1698421144004725,0.772550681863451,0.7012858734191447,False,True,True,65,yes,yes,high observed ZT; important candidate for paper; high predicted ZT,https://doi.org/10.1039/c3ta12508d
10.1039_c3ta12508d__sample_13565,true_positive,1.0,unknown,p,Cu1.98Ag0.2Te,10.1039/c3ta12508d,,1.00666,1.3477066411355056,1.0255985549896751,0.5290369787026676,0.5085848058622933,False,True,True,65,yes,yes,high observed ZT; important candidate for paper; high predicted ZT,https://doi.org/10.1039/c3ta12508d
10.1039_c3ta12508d__sample_13567,false_positive,1.0,unknown,p,Cu1.98Ag0.2Se,10.1039/c3ta12508d,,0.540588,2.436804212622057,0.5446713263910883,1.8316517294467571,1.7026275229019,False,True,True,110,yes,yes,high-ZT false positive; important candidate for paper; high predicted ZT; carried from Step14,https://doi.org/10.1039/c3ta12508d
10.1039_c3ta12764h__sample_1736,false_positive,1.0,unknown,p,Bi0.5Sb1.5Te3,10.1039/c3ta12764h,,0.4486571,2.1761757849473025,0.9247742147368422,1.7307541434505969,1.6602563128244716,False,True,True,120,yes,yes,high-ZT false positive; important candidate for paper; high predicted ZT; carried from Step14,https://doi.org/10.1039/c3ta12764h
10.1039_c3ta12764h__sample_1737,true_positive,1.0,unknown,p,Bi0.5Sb1.5Te3,10.1039/c3ta12764h,,1.053429,2.5228880134426994,1.1656198399999995,,1.2021743896578392,False,True,True,135,yes,yes,high observed ZT; large ZT prediction error; important candidate for paper; high predicted ZT; carried from Step14,https://doi.org/10.1039/c3ta12764h
10.1039_c3ta12764h__sample_1738,true_positive,1.0,unknown,p,Bi0.5Sb1.5Te3,10.1039/c3ta12764h,,1.285261,3.349365603139427,1.079984090909091,1.320925793966682,1.7109878441283648,False,True,True,160,yes,yes,high observed ZT; large ZT prediction error; important candidate for paper; high predicted ZT; carried from Step14,https://doi.org/10.1039/c3ta12764h
10.1039_c3ta12764h__sample_1739,false_positive,1.0,unknown,p,Bi0.5Sb1.5Te3,10.1039/c3ta12764h,,0.5710072,1.8796150081972731,0.7362823404255319,1.3305673404874554,1.20485147318254,False,True,True,120,yes,yes,high-ZT false positive; important candidate for paper; high predicted ZT; carried from Step14,https://doi.org/10.1039/c3ta12764h
10.1039_c3ta14547f__sample_16808,true_positive,1.0,unknown,p,Ag(Sb0.97In0.03)Te2,10.1039/c3ta14547f,,1.162491,1.0494547821846292,1.119618435628585,0.08299845034682736,0.0652180284789861,False,True,True,65,yes,yes,high observed ZT; important candidate for paper; high predicted ZT,https://doi.org/10.1039/c3ta14547f
10.1039_c3ta14547f__sample_16809,true_positive,1.0,unknown,p,Ag(Sb0.95In0.05)Te2,10.1039/c3ta14547f,,1.249868,1.1013051445388629,1.2317735104129726,0.09834587887881645,0.09320286950874505,False,True,True,65,yes,yes,high observed ZT; important candidate for paper; high predicted ZT,https://doi.org/10.1039/c3ta14547f
10.1039_c3ta14547f__sample_16810,true_positive,1.0,unknown,p,Ag(Sb0.93In0.07)Te2,10.1039/c3ta14547f,,1.347559,1.2252898492290945,1.3569259634322692,0.11194766931629961,0.11302512504394086,False,True,True,65,yes,yes,high observed ZT; important candidate for paper; high predicted ZT,https://doi.org/10.1039/c3ta14547f
10.1039_c3tc30152d__sample_8178,false_positive,1.0,unknown,p,Bi0.5Sb1.5Te3,10.1039/c3tc30152d,,0.6497735,1.2792501693911396,0.665574943292727,0.5757087538210692,0.5565559825362473,False,True,True,65,yes,yes,high-ZT false positive; important candidate for paper; high predicted ZT; carried from Step14,https://doi.org/10.1039/c3tc30152d
10.1039_c3tc30152d__sample_8179,false_positive,1.0,unknown,p,Bi0.5Sb1.5Te3,10.1039/c3tc30152d,,0.5903171,1.0697809786862778,0.5961420714992283,0.45426963009917193,0.4465322135508775,False,True,True,65,yes,yes,high-ZT false positive; important candidate for paper; high predicted ZT; carried from Step14,https://doi.org/10.1039/c3tc30152d
10.1039_c3tc31215a__sample_8182,true_positive,1.0,unknown,p,Sb4Te6,10.1039/c3tc31215a,,1.192996,1.1274633581944233,1.3367192357207842,0.10616039560711217,0.12851828310399677,False,True,True,65,yes,yes,high observed ZT; important candidate for paper; high predicted ZT,https://doi.org/10.1039/c3tc31215a
10.1039_c3tc31215a__sample_8183,false_negative,1.0,unknown,p,Sb3Te9,10.1039/c3tc31215a,,1.343709,0.9792460034666663,1.1843180734394163,0.1841313312472738,0.16347948347676639,False,True,True,90,yes,yes,high observed ZT; high-ZT false negative; important candidate for paper; carried from Step14,https://doi.org/10.1039/c3tc31215a
10.1039_c3tc31215a__sample_8252,false_negative,1.0,unknown,p,Sb3Te9,10.1039/c3tc31215a,,1.227835,0.7006883208443023,0.8282264005313448,0.29899150279231257,0.14546531128835988,False,True,True,90,yes,yes,high observed ZT; high-ZT false negative; important candidate for paper; carried from Step14,https://doi.org/10.1039/c3tc31215a
10.1039_c4cp00641k__sample_9326,true_positive,1.0,unknown,n,Mg2(Si0.3Sn0.7)0.99Bi0.01,10.1039/c4cp00641k,,1.21759,1.4020540461153879,1.2140110521026433,,0.1548939720829212,False,True,False,70,yes,yes,high observed ZT; important candidate for paper; high predicted ZT,https://doi.org/10.1039/c4cp00641k
10.1039_c4cp00641k__sample_9327,false_negative,1.0,unknown,n,Mg2(Si0.3Sn0.7)0.985Bi0.015,10.1039/c4cp00641k,,1.149186,0.7914310629032599,0.9244308955273276,,0.14387211988214643,False,True,False,95,yes,yes,high observed ZT; high-ZT false negative; important candidate for paper; carried from Step14,https://doi.org/10.1039/c4cp00641k
10.1039_c4cp00641k__sample_9330,true_positive,1.0,unknown,n,Mg2(Si0.3Sn0.7)0.97Bi0.03,10.1039/c4cp00641k,,1.21759,1.7492515418937034,1.3143953228297816,,0.23485151537346208,False,True,False,70,yes,yes,high observed ZT; important candidate for paper; high predicted ZT,https://doi.org/10.1039/c4cp00641k
10.1039_c4cp06021k__sample_233,false_positive,1.0,unknown,n,Pb0.994Sn0.01Se0.998Cl0.002,10.1039/c4cp06021k,,0.7223104,3.9094129356902454,1.9102580691058035,1.2154670239584449,0.3654257183594873,False,True,True,90,yes,yes,high-ZT false positive; important candidate for paper; high predicted ZT; carried from Step14,https://doi.org/10.1039/c4cp06021k
10.1039_c4cp06021k__sample_250,false_positive,1.0,unknown,n,Pb0.94Sn0.1Se0.998Cl0.002,10.1039/c4cp06021k,,0.9291031,4.20000778024255,2.066576154900699,1.072271247663063,0.34171397301130035,False,True,True,90,yes,yes,high-ZT false positive; important candidate for paper; high predicted ZT; carried from Step14,https://doi.org/10.1039/c4cp06021k
10.1039_c4cp06021k__sample_271,false_positive,1.0,unknown,n,Pb0.954Sn0.05Se0.998Cl0.002,10.1039/c4cp06021k,,0.8898088,3.9867970706799154,1.956555420898604,0.9975005058173261,0.3568114707259084,False,True,True,65,yes,yes,high-ZT false positive; important candidate for paper; high predicted ZT; carried from Step14,https://doi.org/10.1039/c4cp06021k
10.1039_c4cp06021k__sample_293,false_positive,1.0,unknown,n,Pb0.854Sn0.15Se0.998Cl0.002,10.1039/c4cp06021k,,0.8469594,2.609023076490177,1.6960192849068063,0.9431532641156043,0.22779811846958825,False,True,True,65,yes,yes,high-ZT false positive; important candidate for paper; high predicted ZT; carried from Step14,https://doi.org/10.1039/c4cp06021k
10.1039_c4cp06021k__sample_383,false_positive,1.0,unknown,n,Pb1.004Se0.998Cl0.002,10.1039/c4cp06021k,,0.9251794,3.617251333588516,1.8458880288416293,1.6301079391229822,0.3395247529012839,False,True,True,90,yes,yes,high-ZT false positive; important candidate for paper; high predicted ZT; carried from Step14,https://doi.org/10.1039/c4cp06021k
10.1039_c4dt01734j__sample_8294,false_negative,1.0,unknown,n,Mg1.98Zn0.02Si0.5Sn0.49Sb0.01,10.1039/c4dt01734j,,1.002307,7.520569835691338e-05,7.706350835627554e-05,0.9999066765506055,0.071397400545088,False,True,True,100,yes,yes,high observed ZT; high-ZT false negative; important candidate for paper; carried from Step14,https://doi.org/10.1039/c4dt01734j
10.1039_c4ee01463d__sample_243,false_negative,1.0,unknown,p,Sn0.98Bi0.02Hg0.02Te1.02,10.1039/c4ee01463d,,1.031169,0.4142476149653705,0.4241949819607221,0.3276570346546622,0.19841528888107537,False,True,True,100,yes,yes,high observed ZT; high-ZT false negative; important candidate for paper; carried from Step14,https://doi.org/10.1039/c4ee01463d
10.1039_c4ee01463d__sample_375,false_negative,1.0,unknown,p,Sn0.98Bi0.02Hg0.04Te1.04,10.1039/c4ee01463d,,1.152044,0.24523210658400235,0.2834281392706895,,0.16689487525591765,False,True,True,100,yes,yes,high observed ZT; high-ZT false negative; important candidate for paper; carried from Step14,https://doi.org/10.1039/c4ee01463d
10.1039_c4ee01463d__sample_407,false_negative,1.0,unknown,p,Sn0.98Bi0.02Hg0.03Te1.03,10.1039/c4ee01463d,,1.210341,0.11892857865316793,0.1541288796292329,0.19969032528796193,0.22838225425852446,False,True,True,100,yes,yes,high observed ZT; high-ZT false negative; important candidate for paper; carried from Step14,https://doi.org/10.1039/c4ee01463d
10.1039_c4ta01380h__sample_82195,false_positive,1.0,unknown,n,ZrNiSn,10.1039/c4ta01380h,,0.183,526.9947084343222,574.8246220610804,0.14575836620089588,0.21338264968537474,False,False,False,55,yes,yes,high-ZT false positive; important candidate for paper; high predicted ZT; carried from Step14,https://doi.org/10.1039/c4ta01380h
10.1039_c4ta01380h__sample_82196,false_positive,1.0,unknown,n,Zr9Ni7Sn8,10.1039/c4ta01380h,,0.3214,579.1294547702419,732.5162008450083,600.4210861667972,0.14862120725031425,False,False,False,80,yes,yes,high-ZT false positive; important candidate for paper; high predicted ZT; carried from Step14,https://doi.org/10.1039/c4ta01380h
10.1039_c4ta01554a__sample_8176,false_negative,1.0,unknown,p,Bi0.48Sb1.52Te3,10.1039/c4ta01554a,,1.033371,0.9855054211556863,1.035621766457692,0.16481678132685088,0.16242602488006672,False,True,True,90,yes,yes,high observed ZT; high-ZT false negative; important candidate for paper; carried from Step14,https://doi.org/10.1039/c4ta01554a
10.1039_c4ta01554a__sample_8177,true_positive,1.0,unknown,p,(Bi0.48Sb1.52Te3)92.47(WSe2)7.53,10.1039/c4ta01554a,,1.269911,1.1618798848775345,1.270635369556325,0.18172026122669482,0.1794249086012058,False,True,True,65,yes,yes,high observed ZT; important candidate for paper; high predicted ZT,https://doi.org/10.1039/c4ta01554a
10.1039_c5ce00228a__sample_13852,false_negative,1.0,unknown,p,Ge0.87Sb0.09Te,10.1039/c5ce00228a,,1.12626,0.6867161444584757,0.5860444383591115,0.14386156128930955,0.17178169352010042,False,True,True,100,yes,yes,high observed ZT; high-ZT false negative; important candidate for paper; carried from Step14,https://doi.org/10.1039/c5ce00228a
10.1039_c5ce00228a__sample_13853,false_negative,1.0,unknown,p,Ge0.86Sb0.09Te,10.1039/c5ce00228a,,1.06556,0.9261683056055179,1.0258049732322203,0.1308154345081292,0.06620253005760425,False,True,True,100,yes,yes,high observed ZT; high-ZT false negative; important candidate for paper; carried from Step14,https://doi.org/10.1039/c5ce00228a
10.1039_c5ce00228a__sample_13854,true_positive,1.0,unknown,p,Ge0.86Sb0.09Te,10.1039/c5ce00228a,,1.297,1.1174766561101084,1.335969329556835,0.13246425500635184,0.13759284847968198,False,True,True,75,yes,yes,high observed ZT; important candidate for paper; high predicted ZT,https://doi.org/10.1039/c5ce00228a
10.1039_c5cp07620j__sample_3030,true_positive,1.0,unknown,p,Sn0.93Mn0.04Te,10.1039/c5cp07620j,,,2.3340645183333413,1.5455459917065866,,0.40894587044587066,False,True,True,35,no,yes,high predicted ZT,https://doi.org/10.1039/c5cp07620j
10.1039_c5ee01147g__sample_185,true_positive,1.0,unknown,p,Pb1Te0.9S0.1Na0.06,10.1039/c5ee01147g,,,3.6529849894676367,2.059068348022619,,0.376839337740725,False,True,True,35,no,yes,high predicted ZT,https://doi.org/10.1039/c5ee01147g
10.1039_c5ee01147g__sample_224,true_positive,1.0,unknown,p,Pb1Te0.8S0.2Na0.06,10.1039/c5ee01147g,,,3.737232372223239,2.2754451091948824,,0.3618070759217517,False,True,True,35,no,yes,high predicted ZT,https://doi.org/10.1039/c5ee01147g
10.1039_c5ee01147g__sample_230,true_positive,1.0,unknown,p,Pb1Te0.75S0.25Na0.06,10.1039/c5ee01147g,,,3.4818656488156106,2.1821050789050576,,0.34013049874090306,False,True,True,35,no,yes,high predicted ZT,https://doi.org/10.1039/c5ee01147g
10.1039_c5ee01147g__sample_265,true_positive,1.0,unknown,p,Pb1Te0.85S0.15Na0.06,10.1039/c5ee01147g,,,3.6434039249886028,2.1990981022771985,,0.3463786653393207,False,True,True,35,no,yes,high predicted ZT,https://doi.org/10.1039/c5ee01147g
10.1039_c5ee01147g__sample_317,true_positive,1.0,unknown,p,Pb1Te0.7S0.3Na0.06,10.1039/c5ee01147g,,,3.1126246018493564,2.0892899890688126,,0.3194374036633027,False,True,True,35,no,yes,high predicted ZT,https://doi.org/10.1039/c5ee01147g
10.1039_c5ee01147g__sample_329,true_positive,1.0,unknown,p,Pb1Te0.65S0.35Na0.06,10.1039/c5ee01147g,,,2.872763845002026,1.940487973865055,,0.33066069152073496,False,True,True,35,no,yes,high predicted ZT,https://doi.org/10.1039/c5ee01147g
10.1039_c5ee01147g__sample_6053,true_positive,1.0,unknown,p,Pb1Te0.9S0.1Na0.03,10.1039/c5ee01147g,,2.035604,2.1133057660305563,3.8200592412263648,0.502255453230434,0.37437593627270527,False,True,True,115,yes,yes,high observed ZT; large ZT prediction error; important candidate for paper; high predicted ZT; carried from Step14,https://doi.org/10.1039/c5ee01147g
10.1039_c5ee01147g__sample_6054,true_positive,1.0,unknown,p,Pb1Te0.8S0.2Na0.03,10.1039/c5ee01147g,,2.291022,3.34534246081223,7.596790003024584,0.5065186755469784,0.4314496620799395,False,True,True,75,yes,yes,high observed ZT; important candidate for paper; high predicted ZT,https://doi.org/10.1039/c5ee01147g
10.1039_c5ee01147g__sample_6055,false_negative,1.0,unknown,p,Pb1Te0.7S0.3Na0.03,10.1039/c5ee01147g,,2.10526,0.9546195508407666,1.2207124680119137,,1.645790438919497,False,True,True,120,yes,yes,high observed ZT; high-ZT false negative; important candidate for paper; carried from Step14,https://doi.org/10.1039/c5ee01147g
10.1039_c5ee01147g__sample_6056,false_negative,1.0,unknown,p,Pb1Te0.88S0.12Na0.02,10.1039/c5ee01147g,,1.369969,0.43954735668964545,0.5471978687001388,,0.19673050311072238,False,True,True,100,yes,yes,high observed ZT; high-ZT false negative; important candidate for paper; carried from Step14,https://doi.org/10.1039/c5ee01147g
10.1039_c5ee02423d__sample_196,true_positive,1.0,unknown,p,Sn0.83Mn0.17Te1,10.1039/c5ee02423d,,1.304564,1.3177904035460974,1.3444471797927051,0.1615180350960953,0.14448730006943178,False,True,True,65,yes,yes,high observed ZT; important candidate for paper; high predicted ZT,https://doi.org/10.1039/c5ee02423d
10.1039_c5ee02423d__sample_215,false_positive,1.0,unknown,p,Sn0.93Mn0.07Te1,10.1039/c5ee02423d,,0.8514523,1.0310120957603148,0.9710991610431358,0.15928400967978518,0.18859792171420578,False,True,True,65,yes,yes,high-ZT false positive; important candidate for paper; high predicted ZT; carried from Step14,https://doi.org/10.1039/c5ee02423d
10.1039_c5ee02423d__sample_222,false_positive,1.0,unknown,p,Sn0.91Mn0.09Te1,10.1039/c5ee02423d,,0.9062241,1.2823865603673266,1.1795396434040564,0.19966695521890465,0.19276714378893964,False,True,True,75,yes,yes,high-ZT false positive; important candidate for paper; high predicted ZT; carried from Step14,https://doi.org/10.1039/c5ee02423d
10.1039_c5ee02423d__sample_390,false_positive,1.0,unknown,p,Sn0.85Mn0.15Te1,10.1039/c5ee02423d,,0.9311203,1.0595697288658403,0.9713463092582262,0.15230059113688305,0.20797994398815753,False,True,True,65,yes,yes,high-ZT false positive; important candidate for paper; high predicted ZT; carried from Step14,https://doi.org/10.1039/c5ee02423d
10.1039_c5ee02423d__sample_412,true_positive,1.0,unknown,p,Sn0.89Mn0.11Te1,10.1039/c5ee02423d,,1.030705,1.0576034632252997,1.0470965684867606,0.11731402468113826,0.2102962615661259,False,True,True,65,yes,yes,high observed ZT; important candidate for paper; high predicted ZT,https://doi.org/10.1039/c5ee02423d
10.1039_c5ee02423d__sample_416,false_positive,1.0,unknown,p,Sn0.97Mn0.03Te1,10.1039/c5ee02423d,,0.8614108,1.0217983639088715,0.8783935207144499,0.15493889571717956,0.24452950318744218,False,True,True,65,yes,yes,high-ZT false positive; important candidate for paper; high predicted ZT; carried from Step14,https://doi.org/10.1039/c5ee02423d
10.1039_c5ee03366g__sample_9274,false_negative,1.0,unknown,p,Sn0.99Na0.01Se,10.1039/c5ee03366g,,1.335113,0.14776202118935927,0.3695207435957627,0.5975499768508354,0.6001252331560483,False,True,True,100,yes,yes,high observed ZT; high-ZT false negative; important candidate for paper; carried from Step14,https://doi.org/10.1039/c5ee03366g
10.1039_c5ee03366g__sample_9280,false_negative,1.0,unknown,p,Sn0.97Ag0.03Se,10.1039/c5ee03366g,,1.218291,0.9549776255529339,1.003580415178334,0.2915090726099334,0.30200209984749754,False,True,True,100,yes,yes,high observed ZT; high-ZT false negative; important candidate for paper; carried from Step14,https://doi.org/10.1039/c5ee03366g
10.1039_c5ra13191j__sample_28077,false_positive,1.0,unknown,p,Bi0.94Pb0.06CuSeO,10.1039/c5ra13191j,,,1.0164641813557536,0.8892200929762373,,0.12571290363531326,False,True,True,35,no,yes,high predicted ZT,https://doi.org/10.1039/c5ra13191j
10.1039_c5ta00470e__sample_1745,false_positive,1.0,unknown,n,Bi2Te2.4Se0.6,10.1039/c5ta00470e,,0.9284305,1.0013587907983532,0.93995014,0.09870541476961336,0.0998356094705823,False,True,True,65,yes,yes,high-ZT false positive; important candidate for paper; high predicted ZT; carried from Step14,https://doi.org/10.1039/c5ta00470e
10.1039_c5ta00470e__sample_1746,false_positive,1.0,unknown,n,Bi2Te2.2Se0.8,10.1039/c5ta00470e,,0.8390692,1.0243880818741624,0.8644843983539096,0.10275858233271036,0.1087066158186144,False,True,True,65,yes,yes,high-ZT false positive; important candidate for paper; high predicted ZT; carried from Step14,https://doi.org/10.1039/c5ta00470e
10.1039_c5ta01266j__sample_14450,false_negative,1.0,unknown,p,(Ag0.885Cu0.1)2Te,10.1039/c5ta01266j,,1.022224,0.43614357444131624,0.9560940196761126,0.5507665258179242,0.5438277350703807,False,True,True,100,yes,yes,high observed ZT; high-ZT false negative; important candidate for paper; carried from Step14,https://doi.org/10.1039/c5ta01266j
10.1039_c5ta01266j__sample_14451,false_negative,1.0,unknown,p,(Ag0.785Cu0.2)2Te,10.1039/c5ta01266j,,1.031602,0.6728578605621368,0.9677699618710972,0.34775440473929203,0.3047336794156889,False,True,True,100,yes,yes,high observed ZT; high-ZT false negative; important candidate for paper; carried from Step14,https://doi.org/10.1039/c5ta01266j
10.1039_c5ta01667c__sample_7223,false_positive,1.0,unknown,p,Cu2S,10.1039/c5ta01667c,,0.1255448,3.2004327049382946,4.479903768566705,23.719650200853035,0.48353526363420074,False,False,False,90,yes,yes,high-ZT false positive; important candidate for paper; high predicted ZT; carried from Step14,https://doi.org/10.1039/c5ta01667c
10.1039_c5ta01667c__sample_7224,false_negative,1.0,unknown,p,Cu1.97S,10.1039/c5ta01667c,,1.89418,0.17331183335999645,0.2107504195074948,0.8817679745023771,0.16849211483463858,False,False,False,90,yes,yes,high observed ZT; high-ZT false negative; important candidate for paper; carried from Step14,https://doi.org/10.1039/c5ta01667c
10.1039_c5ta05535k__sample_294,false_positive,1.0,unknown,p,Sn1Mn0.03Te1,10.1039/c5ta05535k,,0.8773457,1.2428925056478313,0.8908481808435859,0.2601216496932861,0.2670722555521033,False,True,True,65,yes,yes,high-ZT false positive; important candidate for paper; high predicted ZT; carried from Step14,https://doi.org/10.1039/c5ta05535k
10.1039_c5ta05535k__sample_335,false_positive,1.0,unknown,p,Sn1Mn0.05Te1,10.1039/c5ta05535k,,0.7572872,1.3142754527958294,0.8721545827104681,0.30503658545147516,0.32395015602659094,False,True,True,65,yes,yes,high-ZT false positive; important candidate for paper; high predicted ZT; carried from Step14,https://doi.org/10.1039/c5ta05535k
10.1039_c5ta05535k__sample_338,false_positive,1.0,unknown,p,Sn1Mn0.07Te1,10.1039/c5ta05535k,,0.9279967,1.4782463585698034,1.2653258552347535,0.24780731519172539,0.28009550146458734,False,True,True,65,yes,yes,high-ZT false positive; important candidate for paper; high predicted ZT; carried from Step14,https://doi.org/10.1039/c5ta05535k
10.1039_c5ta05535k__sample_350,false_positive,1.0,unknown,p,Sn1Mn0.01Te1,10.1039/c5ta05535k,,0.5673162,1.1183556550454707,0.7817775762247889,0.23065649357405188,0.2625520968989775,False,True,True,65,yes,yes,high-ZT false positive; important candidate for paper; high predicted ZT; carried from Step14,https://doi.org/10.1039/c5ta05535k
10.1039_c5tc01248a__sample_8259,true_positive,1.0,unknown,p,Sb2Te3,10.1039/c5tc01248a,,1.533465,1.6587497930262656,1.5101317851849454,0.07385257908324615,0.07146101250077276,False,True,True,65,yes,yes,high observed ZT; important candidate for paper; high predicted ZT,https://doi.org/10.1039/c5tc01248a
10.1039_c5tc01509j__sample_13194,false_negative,1.0,unknown,p,(CoSb2Ge0.5Te0.5)0.2(GeTe)10.5Sb2Te3,10.1039/c5tc01509j,,1.271378,0.6258891927905964,0.5604142427319048,0.20203573096267702,0.21018938023097963,False,True,True,90,yes,yes,high observed ZT; high-ZT false negative; important candidate for paper; carried from Step14,https://doi.org/10.1039/c5tc01509j
10.1039_c5tc01509j__sample_13195,true_positive,1.0,unknown,p,(GeTe)10.5Sb2Te3,10.1039/c5tc01509j,,1.108201,1.0823148407010768,1.096982781205178,0.035481803036635645,0.05306016354415411,False,True,True,75,yes,yes,high observed ZT; important candidate for paper; high predicted ZT,https://doi.org/10.1039/c5tc01509j
10.1039_c5tc01536g__sample_10136,false_positive,1.0,unknown,p,Re0.04Mn0.96Si1.8,10.1039/c5tc01536g,,0.5213151,1.1707133004602157,0.8204457380475323,,0.5583184027330672,False,True,False,70,yes,yes,high-ZT false positive; important candidate for paper; high predicted ZT; carried from Step14,https://doi.org/10.1039/c5tc01536g
10.1039_c5tc01623a__sample_28887,true_positive,1.0,unknown,p,Ag2Sb4Te7,10.1039/c5tc01623a,,1.130564,1.7266115103319062,1.002550773734612,0.5272125331532813,0.7222185205643882,False,True,True,75,yes,yes,high observed ZT; important candidate for paper; high predicted ZT,https://doi.org/10.1039/c5tc01623a
10.1039_c5tc01739d__sample_19649,false_positive,1.0,unknown,p,(InSb)0.03FeSb2.2Te0.8,10.1039/c5tc01739d,,0.7530461,1.0254400111082458,0.695404776977637,0.4639447518875297,0.3899106681539428,False,True,True,75,yes,yes,high-ZT false positive; important candidate for paper; high predicted ZT; carried from Step14,https://doi.org/10.1039/c5tc01739d
10.1039_c5tc02263k__sample_8278,false_positive,1.0,unknown,n,Bi2Te1.9Se1.1,10.1039/c5tc02263k,,0.9098214,1.0118947915262093,0.8536550452955666,0.1428166579141535,0.1629237252192863,False,True,True,65,yes,yes,high-ZT false positive; important candidate for paper; high predicted ZT; carried from Step14,https://doi.org/10.1039/c5tc02263k
10.1039_c5tc02263k__sample_8280,false_positive,1.0,unknown,n,Bi2Te1.7Se1.3,10.1039/c5tc02263k,,0.8508929,1.0344445092073167,0.8500188012901836,0.15370417895717595,0.15301326922618577,False,True,True,65,yes,yes,high-ZT false positive; important candidate for paper; high predicted ZT; carried from Step14,https://doi.org/10.1039/c5tc02263k
10.1039_c5tc02263k__sample_8368,false_positive,1.0,unknown,n,Bi2Te1.9Se1.1,10.1039/c5tc02263k,,0.909833,1.0655141806817872,0.9120870124667972,0.14908156467469616,0.14548946434293805,False,True,True,65,yes,yes,high-ZT false positive; important candidate for paper; high predicted ZT; carried from Step14,https://doi.org/10.1039/c5tc02263k
10.1039_c5tc02263k__sample_8371,false_positive,1.0,unknown,n,(SbI3)0.005(Bi2Te1.9Se1.1),10.1039/c5tc02263k,,0.9131725,1.1194321477597002,0.9138992215928878,0.12523933630082718,0.11966947461037308,False,True,True,65,yes,yes,high-ZT false positive; important candidate for paper; high predicted ZT; carried from Step14,https://doi.org/10.1039/c5tc02263k
10.1039_c5tc02263k__sample_8374,false_positive,1.0,unknown,n,(SbI3)0.001(Bi2Te1.9Se1.1),10.1039/c5tc02263k,,0.9309833,1.1352764232971262,0.9321677862029236,0.10947656530420088,0.10871617003074052,False,True,True,65,yes,yes,high-ZT false positive; important candidate for paper; high predicted ZT; carried from Step14,https://doi.org/10.1039/c5tc02263k
10.1039_c5tc02263k__sample_8375,false_positive,1.0,unknown,n,(SbI3)0.0015(Bi2Te1.9Se1.1),10.1039/c5tc02263k,,0.8719852,1.028981584311008,0.8738024333011204,0.08447501069803301,0.08231223709291766,False,True,True,65,yes,yes,high-ZT false positive; important candidate for paper; high predicted ZT; carried from Step14,https://doi.org/10.1039/c5tc02263k
10.1039_c6ee02017h__sample_33617,true_positive,1.0,unknown,p,Bi0.5Sb1.499Cd0.01Te3,10.1039/c6ee02017h,,1.252525,1.2815293505310363,1.247019444541455,0.2069219436740041,0.16337743399726723,False,True,True,65,yes,yes,high observed ZT; important candidate for paper; high predicted ZT,https://doi.org/10.1039/c6ee02017h
10.1039_c6ee02017h__sample_33618,true_positive,1.0,unknown,p,Bi0.5Sb1.485Cd0.015Te3,10.1039/c6ee02017h,,1.121212,1.2877505147472172,1.1317492049336302,0.24693375352256666,0.2165631450934684,False,True,True,65,yes,yes,high observed ZT; important candidate for paper; high predicted ZT,https://doi.org/10.1039/c6ee02017h
10.1039_c6ee02017h__sample_33619,false_positive,1.0,unknown,p,Bi0.5Sb1.495Cu0.005Te3,10.1039/c6ee02017h,,0.969697,1.4062711205315344,1.3871644913465444,0.3015963195596625,0.16673110863508195,False,True,True,75,yes,yes,high-ZT false positive; important candidate for paper; high predicted ZT; carried from Step14,https://doi.org/10.1039/c6ee02017h
10.1039_c6ee02017h__sample_33620,true_positive,1.0,unknown,p,Bi0.5Sb1.494Ag0.006Te3,10.1039/c6ee02017h,,1.025253,1.012001915847399,0.754299342755096,0.3252085848278219,0.31756492860492513,False,True,True,75,yes,yes,high observed ZT; important candidate for paper; high predicted ZT,https://doi.org/10.1039/c6ee02017h
10.1039_c6nr00719h__sample_8911,false_positive,1.0,unknown,n,Te/Bi2Te3,10.1039/c6nr00719h,,0.9699804,1.0098902996242003,0.9682265120080252,0.04510273672605533,0.04567080850309393,False,True,True,65,yes,yes,high-ZT false positive; important candidate for paper; high predicted ZT; carried from Step14,https://doi.org/10.1039/c6nr00719h
10.1039_c6qi00162a__sample_15954,false_negative,1.0,unknown,p,Cu0.75Ag0.2InTe2,10.1039/c6qi00162a,,1.2375,0.6191203593840372,0.9083506800961316,0.2650961932513625,0.2850413414941601,False,True,True,90,yes,yes,high observed ZT; high-ZT false negative; important candidate for paper; carried from Step14,https://doi.org/10.1039/c6qi00162a
10.1039_c6ra02658c__sample_3082,false_positive,1.0,unknown,p,SnCd0.12Te,10.1039/c6ra02658c,,0.07668348,1.0248952166613379,0.8722756733347379,0.21803940845745082,0.16209413834900294,False,True,True,75,yes,yes,high-ZT false positive; important candidate for paper; high predicted ZT; carried from Step14,https://doi.org/10.1039/c6ra02658c
10.1039_c6ra06688g__sample_9077,true_positive,1.0,unknown,p,Bi0.4Sb1.6Te3,10.1039/c6ra06688g,,1.089128,1.0275891547569513,1.086740714380395,0.054444829555077984,0.05295510057819744,False,True,True,65,yes,yes,high observed ZT; important candidate for paper; high predicted ZT,https://doi.org/10.1039/c6ra06688g
10.1039_c6ra06688g__sample_9080,true_positive,1.0,unknown,p,Bi0.4Sb1.6Te3,10.1039/c6ra06688g,,1.250657,1.158258854665367,1.254716014453246,0.06819720598924932,0.06804868673939946,False,True,True,65,yes,yes,high observed ZT; important candidate for paper; high predicted ZT,https://doi.org/10.1039/c6ra06688g
10.1039_c6ra06688g__sample_9081,true_positive,1.0,unknown,p,Bi0.4Sb1.6Te3,10.1039/c6ra06688g,,1.183109,1.0869744086228381,1.1777233007959262,0.05300097302730203,0.05325073846133989,False,True,True,65,yes,yes,high observed ZT; important candidate for paper; high predicted ZT,https://doi.org/10.1039/c6ra06688g
10.1039_c6ra06688g__sample_9082,true_positive,1.0,unknown,p,Bi0.4Sb1.6Te3,10.1039/c6ra06688g,,1.282962,1.196360720540687,1.27832279309244,0.09253348692073471,0.09181422250211499,False,True,True,65,yes,yes,high observed ZT; important candidate for paper; high predicted ZT,https://doi.org/10.1039/c6ra06688g
10.1039_c6ra06688g__sample_9084,true_positive,1.0,unknown,p,Bi0.4Sb1.6Te3,10.1039/c6ra06688g,,1.104036,1.072085002617999,1.1024194090991282,0.04377363420354237,0.044498922243016714,False,True,True,65,yes,yes,high observed ZT; important candidate for paper; high predicted ZT,https://doi.org/10.1039/c6ra06688g
10.1039_c6ra06688g__sample_9085,true_positive,1.0,unknown,p,Bi0.4Sb1.6Te3,10.1039/c6ra06688g,,1.28319,1.238826600515764,1.294076080553634,0.06341054049379849,0.06308133084834588,False,True,True,65,yes,yes,high observed ZT; important candidate for paper; high predicted ZT,https://doi.org/10.1039/c6ra06688g
10.1039_c6ra06688g__sample_9086,true_positive,1.0,unknown,p,Bi0.4Sb1.6Te3,10.1039/c6ra06688g,,1.17893,1.1379892108702916,1.1801213563188626,0.08876271062654045,0.08941163364930475,False,True,True,65,yes,yes,high observed ZT; important candidate for paper; high predicted ZT,https://doi.org/10.1039/c6ra06688g
10.1039_c6ra06688g__sample_9087,true_positive,1.0,unknown,p,Bi0.4Sb1.6Te3,10.1039/c6ra06688g,,1.273199,1.1809341458051226,1.2661455457899855,0.07627644271372001,0.0769963911302794,False,True,True,65,yes,yes,high observed ZT; important candidate for paper; high predicted ZT,https://doi.org/10.1039/c6ra06688g
10.1039_c6ra06688g__sample_9088,true_positive,1.0,unknown,p,Bi0.4Sb1.6Te3,10.1039/c6ra06688g,,1.286167,1.2215409017990537,1.2831574555318443,0.07761690034288944,0.07831498008091672,False,True,True,65,yes,yes,high observed ZT; important candidate for paper; high predicted ZT,https://doi.org/10.1039/c6ra06688g
10.1039_c6ra06688g__sample_9089,true_positive,1.0,unknown,p,Bi0.4Sb1.6Te3,10.1039/c6ra06688g,,1.084438,1.069484610743421,1.0828247393825434,0.06416810579167923,0.06242934581842573,False,True,True,65,yes,yes,high observed ZT; important candidate for paper; high predicted ZT,https://doi.org/10.1039/c6ra06688g
10.1039_c6ra06688g__sample_9090,true_positive,1.0,unknown,p,Bi0.4Sb1.6Te3,10.1039/c6ra06688g,,1.248703,1.1933608836100649,1.248773194745138,0.07773449916044352,0.07627190670840184,False,True,True,65,yes,yes,high observed ZT; important candidate for paper; high predicted ZT,https://doi.org/10.1039/c6ra06688g
10.1039_c6ra06688g__sample_9091,true_positive,1.0,unknown,p,Bi0.4Sb1.6Te3,10.1039/c6ra06688g,,1.249408,1.163253870088382,1.2477098256498715,0.06686448894078711,0.06586568702949432,False,True,True,65,yes,yes,high observed ZT; important candidate for paper; high predicted ZT,https://doi.org/10.1039/c6ra06688g
10.1039_c6ra06688g__sample_9092,true_positive,1.0,unknown,p,Bi0.4Sb1.6Te3,10.1039/c6ra06688g,,1.286291,1.2181484213807408,1.2804258040441014,0.07797978814123492,0.07641330654089624,False,True,True,65,yes,yes,high observed ZT; important candidate for paper; high predicted ZT,https://doi.org/10.1039/c6ra06688g
10.1039_c6ra06688g__sample_9093,true_positive,1.0,unknown,p,Bi0.4Sb1.6Te3,10.1039/c6ra06688g,,1.195161,1.1170995857863935,1.1904600753322492,0.07821919144822681,0.07755993897960282,False,True,True,65,yes,yes,high observed ZT; important candidate for paper; high predicted ZT,https://doi.org/10.1039/c6ra06688g
10.1039_c6ra06688g__sample_9094,true_positive,1.0,unknown,p,Bi0.4Sb1.6Te3,10.1039/c6ra06688g,,1.283361,1.2269597182204777,1.281904556247411,0.06513369048116718,0.06392918987407414,False,True,True,65,yes,yes,high observed ZT; important candidate for paper; high predicted ZT,https://doi.org/10.1039/c6ra06688g
10.1039_c6ra06688g__sample_9095,true_positive,1.0,unknown,p,Bi0.4Sb1.6Te3,10.1039/c6ra06688g,,1.247944,1.1869205842955572,1.244787730063578,0.0770851310239008,0.07650316570768284,False,True,True,65,yes,yes,high observed ZT; important candidate for paper; high predicted ZT,https://doi.org/10.1039/c6ra06688g
10.1039_c6ra06688g__sample_9096,true_positive,1.0,unknown,p,Bi0.4Sb1.6Te3,10.1039/c6ra06688g,,1.214441,1.1569134407244115,1.214837208421436,0.08206161097924035,0.08112883461223121,False,True,True,65,yes,yes,high observed ZT; important candidate for paper; high predicted ZT,https://doi.org/10.1039/c6ra06688g
10.1039_c6ra06688g__sample_9097,true_positive,1.0,unknown,p,Bi0.4Sb1.6Te3,10.1039/c6ra06688g,,1.235665,1.163936441867364,1.2360477865169164,0.0792562309368847,0.07811353053942009,False,True,True,65,yes,yes,high observed ZT; important candidate for paper; high predicted ZT,https://doi.org/10.1039/c6ra06688g
10.1039_c6ra06688g__sample_9098,true_positive,1.0,unknown,p,Bi0.4Sb1.6Te3,10.1039/c6ra06688g,,1.283168,1.2230358768368077,1.2885015299720723,0.07743290212134936,0.07729544922050431,False,True,True,65,yes,yes,high observed ZT; important candidate for paper; high predicted ZT,https://doi.org/10.1039/c6ra06688g
10.1039_c6ra06688g__sample_9099,true_positive,1.0,unknown,p,Bi0.4Sb1.6Te3,10.1039/c6ra06688g,,1.288673,1.203731848963233,1.2838746401245753,0.07594286476772352,0.07409664937689275,False,True,True,65,yes,yes,high observed ZT; important candidate for paper; high predicted ZT,https://doi.org/10.1039/c6ra06688g
10.1039_c6ra06688g__sample_9100,true_positive,1.0,unknown,p,Bi0.4Sb1.6Te3,10.1039/c6ra06688g,,1.238753,1.1911771716694948,1.2498883399549745,0.0619065215125486,0.0769731686886669,False,True,True,65,yes,yes,high observed ZT; important candidate for paper; high predicted ZT,https://doi.org/10.1039/c6ra06688g
10.1039_c6ra06688g__sample_9101,true_positive,1.0,unknown,p,Bi0.4Sb1.6Te3,10.1039/c6ra06688g,,1.346203,1.2699474385520442,1.3524010609489174,0.08492564836592885,0.0865452335957646,False,True,True,65,yes,yes,high observed ZT; important candidate for paper; high predicted ZT,https://doi.org/10.1039/c6ra06688g
10.1039_c6ra06688g__sample_9102,true_positive,1.0,unknown,p,Bi0.4Sb1.6Te3,10.1039/c6ra06688g,,1.248561,1.2178291367277758,1.2457606837061257,0.0820612761657369,0.07160326438764028,False,True,True,65,yes,yes,high observed ZT; important candidate for paper; high predicted ZT,https://doi.org/10.1039/c6ra06688g
10.1039_c6ta09941f__sample_2883,false_positive,1.0,unknown,p,Sn0.96Ag0.07Te,10.1039/c6ta09941f,,0.6033312,1.0063439131051086,0.5973201654725365,0.32683277521939436,0.3300523017804929,False,True,True,65,yes,yes,high-ZT false positive; important candidate for paper; high predicted ZT; carried from Step14,https://doi.org/10.1039/c6ta09941f
10.1039_c6tc00893c__sample_46785,true_positive,1.0,unknown,p,AgSb0.98Bi0.02Se2,10.1039/c6tc00893c,,1.046594,1.023931283314517,1.0576070236609258,0.14962674719752886,0.1378740645580043,False,True,True,65,yes,yes,high observed ZT; important candidate for paper; high predicted ZT,https://doi.org/10.1039/c6tc00893c
10.1039_c7cc05935c__sample_31540,false_negative,1.0,unknown,n,Ag9GaSe6,10.1039/c7cc05935c,,1.10192,0.8443096669390009,0.8210706184117726,0.08941698934532039,0.0683764314804477,False,True,True,100,yes,yes,high observed ZT; high-ZT false negative; important candidate for paper; carried from Step14,https://doi.org/10.1039/c7cc05935c
10.1039_c7ee00098g__sample_31366,false_negative,1.0,unknown,n,Mg3.2Sb1.5Bi0.49Te0.01,10.1039/c7ee00098g,,1.061538,0.8219560733685669,1.1922960099859996,0.2862585035395631,0.3013070532510156,False,True,True,100,yes,yes,high observed ZT; high-ZT false negative; important candidate for paper; carried from Step14,https://doi.org/10.1039/c7ee00098g
10.1039_c7ee00098g__sample_31367,true_positive,1.0,unknown,n,Mg3.19Nb0.01Sb1.5Bi0.49Te0.01,10.1039/c7ee00098g,,1.430769,1.0714033844294257,1.2520141089035657,0.1402319581452808,0.14425614151609467,False,True,True,75,yes,yes,high observed ZT; important candidate for paper; high predicted ZT,https://doi.org/10.1039/c7ee00098g
10.1039_c7ee00098g__sample_31368,true_positive,1.0,unknown,n,Mg3.15Nb0.05Sb1.5Bi0.49Te0.01,10.1039/c7ee00098g,,1.461538,1.2606045195475768,1.3789009062564204,,0.14444770523762845,False,True,True,75,yes,yes,high observed ZT; important candidate for paper; high predicted ZT,https://doi.org/10.1039/c7ee00098g
10.1039_c7ee00098g__sample_31369,true_positive,1.0,unknown,n,Mg3.1Nb0.1Sb1.5Bi0.49Te0.01,10.1039/c7ee00098g,,1.053846,1.0998122215145223,1.2566721194313646,,0.12482165832390736,False,True,True,75,yes,yes,high observed ZT; important candidate for paper; high predicted ZT,https://doi.org/10.1039/c7ee00098g
10.1039_c7ee00098g__sample_31370,true_positive,1.0,unknown,n,Mg3.05Nb0.15Sb1.5Bi0.49Te0.01,10.1039/c7ee00098g,,1.530769,2.185983228528951,1.5435497474647135,0.23400724809948276,0.15399749113008823,False,True,True,75,yes,yes,high observed ZT; important candidate for paper; high predicted ZT,https://doi.org/10.1039/c7ee00098g
10.1039_c7ee01871a__sample_34428,true_positive,1.0,unknown,n,PbTe0.998I0.002Sb0.02,10.1039/c7ee01871a,,1.15935,4.4736809687769545,1.7830643401857895,0.2550093458969133,0.473050683616192,False,True,True,75,yes,yes,high observed ZT; important candidate for paper; high predicted ZT,https://doi.org/10.1039/c7ee01871a
10.1039_c7ee01871a__sample_34429,true_positive,1.0,unknown,n,PbTe0.998I0.002Sb0.03,10.1039/c7ee01871a,,1.63972,5.023327020359126,1.8216783430465888,0.4962916969420352,0.5952011431987786,False,True,True,65,yes,yes,high observed ZT; important candidate for paper; high predicted ZT,https://doi.org/10.1039/c7ee01871a
10.1039_c7ee01871a__sample_34430,false_positive,1.0,unknown,n,PbTe0.998I0.002Sb0.04,10.1039/c7ee01871a,,0.822171,4.521703184038149,1.6231542018837084,0.2670179642944123,0.6483473951191073,False,True,True,65,yes,yes,high-ZT false positive; important candidate for paper; high predicted ZT; carried from Step14,https://doi.org/10.1039/c7ee01871a
10.1039_c7qi00051k__sample_2610,false_positive,1.0,unknown,n,Pb1.0034Se1S0Cl0.0034,10.1039/c7qi00051k,,0.4575766,1.3574841371212032,0.7363056821631943,,0.4659841010217717,False,True,True,75,yes,yes,high-ZT false positive; important candidate for paper; high predicted ZT; carried from Step14,https://doi.org/10.1039/c7qi00051k
10.1039_c7qi00051k__sample_2611,false_positive,1.0,unknown,n,Pb1.0234Se1S0.02Cl0.0068,10.1039/c7qi00051k,,0.6695004,1.7315807369743632,0.836846736022214,0.5215291520273301,0.5286544519079778,False,True,True,65,yes,yes,high-ZT false positive; important candidate for paper; high predicted ZT; carried from Step14,https://doi.org/10.1039/c7qi00051k
10.1039_c7qi00051k__sample_2612,false_positive,1.0,unknown,n,Pb1.0434Se1S0.04Cl0.0068,10.1039/c7qi00051k,,0.6687276,1.7249915731019476,1.0255275417929912,,0.4429071685141313,False,True,True,75,yes,yes,high-ZT false positive; important candidate for paper; high predicted ZT; carried from Step14,https://doi.org/10.1039/c7qi00051k
10.1039_c7qi00051k__sample_2613,false_positive,1.0,unknown,n,Pb1.0634Se1S0.06Cl0.0068,10.1039/c7qi00051k,,0.3230748,2.1253073964720057,1.0356206231534208,0.36668525861829804,0.5444382829377832,False,True,True,75,yes,yes,high-ZT false positive; important candidate for paper; high predicted ZT; carried from Step14,https://doi.org/10.1039/c7qi00051k
10.1039_c7qi00051k__sample_2616,false_positive,1.0,unknown,n,Pb1.1234Se1S0.12Cl0.0068,10.1039/c7qi00051k,,0.2229092,2.555478605840109,1.2169034357831938,,0.40220419646996214,False,True,True,75,yes,yes,high-ZT false positive; important candidate for paper; high predicted ZT; carried from Step14,https://doi.org/10.1039/c7qi00051k
10.1039_c7qi00051k__sample_2617,false_positive,1.0,unknown,n,Pb1.1434Se1S0.14Cl0.0068,10.1039/c7qi00051k,,0.9213635,1.6856155456075474,1.1193965615520245,,0.3849252230964473,False,True,True,75,yes,yes,high-ZT false positive; important candidate for paper; high predicted ZT; carried from Step14,https://doi.org/10.1039/c7qi00051k
10.1039_c7qi00051k__sample_2618,true_positive,1.0,unknown,n,Pb1.1634Se1S0.16Cl0.0068,10.1039/c7qi00051k,,1.407784,1.8543487412478006,1.27486301851863,0.4326574748001691,0.32449718148789575,False,True,True,75,yes,yes,high observed ZT; important candidate for paper; high predicted ZT,https://doi.org/10.1039/c7qi00051k
10.1039_c7qi00051k__sample_2619,false_negative,1.0,unknown,n,Pb1.1834Se1S0.18Cl0.0068,10.1039/c7qi00051k,,1.286586,0.8070111235488432,0.7532611855135438,0.31860977678912145,0.18131408404652918,False,True,True,90,yes,yes,high observed ZT; high-ZT false negative; important candidate for paper; carried from Step14,https://doi.org/10.1039/c7qi00051k
10.1039_c7qi00051k__sample_2620,false_positive,1.0,unknown,n,Pb1.2034Se1S0.2Cl0.0068,10.1039/c7qi00051k,,0.9791333,1.7560773231862032,1.194606208272897,0.23296153067339354,0.30149953293225823,False,True,True,75,yes,yes,high-ZT false positive; important candidate for paper; high predicted ZT; carried from Step14,https://doi.org/10.1039/c7qi00051k
10.1039_c7qi00304h__sample_45975,true_positive,1.0,unknown,p,La0.8Ti0.1Ga0.1Fe3CoSb12,10.1039/c7qi00304h,,1.131034,920958.4505242574,921496.2861998872,475218.62745309557,0.07135101394901086,False,True,True,130,yes,yes,high observed ZT; large ZT prediction error; important candidate for paper; high predicted ZT; carried from Step14,https://doi.org/10.1039/c7qi00304h
10.1039_c7qi00304h__sample_45976,true_positive,1.0,unknown,p,(La0.8Ti0.1Ga0.1Fe3CoSb12)(Fe3Si)0.05,10.1039/c7qi00304h,,1.102549,1016784.2486708487,940639.8485228542,553430.9347392605,0.08048499112540972,False,True,True,130,yes,yes,high observed ZT; large ZT prediction error; important candidate for paper; high predicted ZT; carried from Step14,https://doi.org/10.1039/c7qi00304h
10.1039_c7qi00304h__sample_45977,true_positive,1.0,unknown,p,(La0.8Ti0.1Ga0.1Fe3CoSb12)(Fe3Si)0.1,10.1039/c7qi00304h,,1.183508,1171183.7446204647,1105372.3298907515,601917.236403953,0.07666498617729103,False,True,True,130,yes,yes,high observed ZT; large ZT prediction error; important candidate for paper; high predicted ZT; carried from Step14,https://doi.org/10.1039/c7qi00304h
10.1039_c7qi00304h__sample_45978,true_positive,1.0,unknown,p,(La0.8Ti0.1Ga0.1Fe3CoSb12)(Fe3Si)0.15,10.1039/c7qi00304h,,1.087556,959536.8406894138,926832.7958628314,505178.28635885165,0.07643216047564824,False,True,True,130,yes,yes,high observed ZT; large ZT prediction error; important candidate for paper; high predicted ZT; carried from Step14,https://doi.org/10.1039/c7qi00304h
10.1039_c7ta09117f__sample_41283,false_positive,1.0,unknown,p,Mg0.015In0.015Sn0.97Te,10.1039/c7ta09117f,,0.7748331,1.0193095037356605,0.7778031365370092,0.21893747756877388,0.20999516064232818,False,True,True,65,yes,yes,high-ZT false positive; important candidate for paper; high predicted ZT; carried from Step14,https://doi.org/10.1039/c7ta09117f
10.1039_c7tc02162c__sample_43612,false_positive,1.0,unknown,p,Sn0.97Cd0.03Te,10.1039/c7tc02162c,,0.7683302,1.427669592770306,0.7832007196923182,0.23461903935601783,0.39751104710924695,False,True,True,65,yes,yes,high-ZT false positive; important candidate for paper; high predicted ZT; carried from Step14,https://doi.org/10.1039/c7tc02162c
10.1039_c8ee00112j__sample_31778,true_positive,1.0,unknown,n,PbTe0.996I0.004,10.1039/c8ee00112j,,,2.856356364083037,1.3095102049387275,,1.1812402479266566,False,True,True,95,yes,yes,large ZT prediction error; important candidate for paper; high predicted ZT; carried from Step14,https://doi.org/10.1039/c8ee00112j
10.1039_c8ee00112j__sample_31779,true_positive,1.0,unknown,n,In0.0025Pb0.9975Te0.996I0.004,10.1039/c8ee00112j,,1.387875,2.2929650526610015,1.401915300185783,0.39698262223465514,0.24686992451963433,False,True,True,65,yes,yes,high observed ZT; important candidate for paper; high predicted ZT,https://doi.org/10.1039/c8ee00112j
10.1039_c8ee00112j__sample_31780,true_positive,1.0,unknown,n,In0.0035Pb0.9965Te0.996I0.004,10.1039/c8ee00112j,,1.402614,2.2324914765368677,1.459086956550994,0.3154050744854024,0.1814734573333922,False,True,True,65,yes,yes,high observed ZT; important candidate for paper; high predicted ZT,https://doi.org/10.1039/c8ee00112j
10.1039_c8ee00112j__sample_31781,true_positive,1.0,unknown,n,In0.0050Pb0.9950Te0.996I0.004,10.1039/c8ee00112j,,1.19652,1.5318228056703964,1.235919986776428,0.18934607330259615,0.1492675548946261,False,True,True,65,yes,yes,high observed ZT; important candidate for paper; high predicted ZT,https://doi.org/10.1039/c8ee00112j
10.1039_c8ee03162b__sample_39800,true_positive,1.0,unknown,p,Sn0.57Sb0.13Ge0.3Te,10.1039/c8ee03162b,,1.252046,1.8492343837450331,1.1828248232507943,0.4769700024959412,0.5634051191644124,False,True,True,75,yes,yes,high observed ZT; important candidate for paper; high predicted ZT,https://doi.org/10.1039/c8ee03162b
10.1039_c8ee03162b__sample_39801,true_positive,1.0,unknown,p,Sn0.57Sb0.13Ge0.3Te,10.1039/c8ee03162b,,1.524231,1.4308959888688209,1.2699026399431772,0.1377522626409471,0.12322268343163507,False,True,True,75,yes,yes,high observed ZT; important candidate for paper; high predicted ZT,https://doi.org/10.1039/c8ee03162b
10.1039_c8ta03521k__sample_45820,true_positive,1.0,unknown,p,Bi0.94Pb0.06Cu0.99Fe0.01SeO,10.1039/c8ta03521k,,1.459111,1.607636290885683,1.4571680029198464,0.14151668792323002,0.13913662042310834,False,True,True,65,yes,yes,high observed ZT; important candidate for paper; high predicted ZT,https://doi.org/10.1039/c8ta03521k
10.1039_c8ta03521k__sample_45821,true_positive,1.0,unknown,p,Bi0.94Pb0.06Cu0.98Fe0.02SeO,10.1039/c8ta03521k,,1.132,1.10168151351463,1.1316840252995826,0.13732537660152097,0.0755911732072387,False,True,True,75,yes,yes,high observed ZT; important candidate for paper; high predicted ZT,https://doi.org/10.1039/c8ta03521k
10.1039_c8ta03521k__sample_45822,false_positive,1.0,unknown,p,Bi0.94Pb0.06Cu0.97Fe0.03SeO,10.1039/c8ta03521k,,0.9773333,1.0586343076179652,0.9512164382256396,0.11599376981264979,0.11326619135598154,False,True,True,75,yes,yes,high-ZT false positive; important candidate for paper; high predicted ZT; carried from Step14,https://doi.org/10.1039/c8ta03521k
10.1039_c8ta08238c__sample_40606,true_positive,1.0,unknown,p,Bi0.5Sb1.5Te3,10.1039/c8ta08238c,,1.231162,1.088556606046712,1.2288485887140974,0.08902484384995724,0.08731714480541564,False,True,True,65,yes,yes,high observed ZT; important candidate for paper; high predicted ZT,https://doi.org/10.1039/c8ta08238c
10.1039_c8ta08238c__sample_40607,true_positive,1.0,unknown,p,(Bi0.5Sb1.5Te3)97.73(Sb2O3)2.27,10.1039/c8ta08238c,,1.206727,1.1526040945715539,1.2155766634158889,0.0891428268058495,0.09031263990456753,False,True,True,65,yes,yes,high observed ZT; important candidate for paper; high predicted ZT,https://doi.org/10.1039/c8ta08238c
10.1039_c8ta08238c__sample_40608,true_positive,1.0,unknown,p,(Bi0.5Sb1.5Te3)95.52(Sb2O3)4.48,10.1039/c8ta08238c,,1.361749,1.3008678050825038,1.3498674269719295,0.11121243044630427,0.10420907639495161,False,True,True,65,yes,yes,high observed ZT; important candidate for paper; high predicted ZT,https://doi.org/10.1039/c8ta08238c
10.1039_c8ta08238c__sample_40609,true_positive,1.0,unknown,p,(Bi0.5Sb1.5Te3)91.26(Sb2O3)8.74,10.1039/c8ta08238c,,1.52305,1.4480869948882273,1.526927301872721,0.10803965582109278,0.102486282329542,False,True,True,65,yes,yes,high observed ZT; important candidate for paper; high predicted ZT,https://doi.org/10.1039/c8ta08238c
10.1039_c8ta08238c__sample_40610,true_positive,1.0,unknown,p,(Bi0.5Sb1.5Te3)87.21(Sb2O3)12.79,10.1039/c8ta08238c,,1.497599,1.414720861992444,1.4908931141459478,0.12035559701990395,0.11591197850600854,False,True,True,65,yes,yes,high observed ZT; important candidate for paper; high predicted ZT,https://doi.org/10.1039/c8ta08238c
10.1039_c8ta12210e__sample_39741,true_positive,1.0,unknown,p,(Cu2Se)99.87(SiC)0.13,10.1039/c8ta12210e,,1.047922,1.4429832629100892,1.046770322913884,0.17711212784396083,0.20085371729627421,False,True,True,65,yes,yes,high observed ZT; important candidate for paper; high predicted ZT,https://doi.org/10.1039/c8ta12210e
10.1039_c8ta12210e__sample_39742,true_positive,1.0,unknown,p,(Cu2Se)99.74(SiC)0.26,10.1039/c8ta12210e,,1.968501,1.878077565573054,1.9323313134364517,0.20360086754212767,0.21641851325996367,False,True,True,65,yes,yes,high observed ZT; important candidate for paper; high predicted ZT,https://doi.org/10.1039/c8ta12210e
10.1039_c8ta12210e__sample_39743,true_positive,1.0,unknown,p,(Cu2Se)99.49(SiC)0.51,10.1039/c8ta12210e,,1.725543,2.0497784092246314,1.6732415142569914,0.2283307136752295,0.19889532489099215,False,True,True,65,yes,yes,high observed ZT; important candidate for paper; high predicted ZT,https://doi.org/10.1039/c8ta12210e
10.1039_c8ta12210e__sample_39744,false_positive,1.0,unknown,p,(Cu2Se)98.98(SiC)1.02,10.1039/c8ta12210e,,0.962618,1.1989698559409667,0.9161238356791636,0.17983098396997127,0.18198365933508187,False,True,True,65,yes,yes,high-ZT false positive; important candidate for paper; high predicted ZT; carried from Step14,https://doi.org/10.1039/c8ta12210e
10.1039_c9ee02228g__sample_83190,false_positive,1.0,unknown,n,Zr0.5Hf0.5NiSn0.985Sb0.015,10.1039/c9ee02228g,,0.9371,1.2287362856750543,1.0789765828947369,0.20469855411617882,0.12083895940658602,False,True,True,75,yes,yes,high-ZT false positive; important candidate for paper; high predicted ZT; carried from Step14,https://doi.org/10.1039/c9ee02228g
10.1039_c9ee03087e__sample_35544,true_positive,1.0,unknown,p,GeTe,10.1039/c9ee03087e,,1.064337,1.547840870274198,1.039093090575831,0.4437077960906303,0.3050399733344558,False,True,True,65,yes,yes,high observed ZT; important candidate for paper; high predicted ZT,https://doi.org/10.1039/c9ee03087e
10.1039_c9ee03087e__sample_35545,true_positive,1.0,unknown,p,Ge0.99Cd0.01Te,10.1039/c9ee03087e,,1.367952,2.0495907466656518,1.369067046504174,0.2596463491419998,0.2615794546430325,False,True,True,65,yes,yes,high observed ZT; important candidate for paper; high predicted ZT,https://doi.org/10.1039/c9ee03087e
10.1039_c9ee03087e__sample_35546,true_positive,1.0,unknown,p,Ge0.98Cd0.02Te,10.1039/c9ee03087e,,1.406747,1.9996719307242778,1.4020985202778096,0.23910214193909898,0.24127965117034583,False,True,True,65,yes,yes,high observed ZT; important candidate for paper; high predicted ZT,https://doi.org/10.1039/c9ee03087e
10.1039_c9ee03087e__sample_35549,true_positive,1.0,unknown,p,Ge0.97Cd0.03Te,10.1039/c9ee03087e,,1.408434,1.947431350380217,1.39921536722306,0.18488246810453066,0.18789948936827025,False,True,True,65,yes,yes,high observed ZT; important candidate for paper; high predicted ZT,https://doi.org/10.1039/c9ee03087e
10.1039_c9ee03087e__sample_35550,true_positive,1.0,unknown,p,Ge0.96Cd0.04Te,10.1039/c9ee03087e,,1.280241,1.6015391600949214,1.287177540895341,0.16983052375817098,0.16644040018175088,False,True,True,65,yes,yes,high observed ZT; important candidate for paper; high predicted ZT,https://doi.org/10.1039/c9ee03087e
10.1039_c9ee03087e__sample_35551,true_positive,1.0,unknown,p,Ge0.95Cd0.05Te,10.1039/c9ee03087e,,1.116627,1.5360264753212662,1.2017670643660558,0.14406081060610532,0.1432427028953694,False,True,True,65,yes,yes,high observed ZT; important candidate for paper; high predicted ZT,https://doi.org/10.1039/c9ee03087e
10.1039_c9ee03087e__sample_35654,true_positive,1.0,unknown,p,Ge0.97Cd0.03Te,10.1039/c9ee03087e,,1.408782,1.973958142424337,1.4319476523811798,0.2036833482472704,0.1893205662431179,False,True,True,65,yes,yes,high observed ZT; important candidate for paper; high predicted ZT,https://doi.org/10.1039/c9ee03087e
10.1039_c9ee03087e__sample_35655,true_positive,1.0,unknown,p,Ge0.95Cd0.03Sb0.02Te,10.1039/c9ee03087e,,1.367289,1.8961734312950604,1.3777514588209574,0.17967259638226063,0.17800523053993308,False,True,True,65,yes,yes,high observed ZT; important candidate for paper; high predicted ZT,https://doi.org/10.1039/c9ee03087e
10.1039_c9ee03087e__sample_35656,true_positive,1.0,unknown,p,Ge0.93Cd0.03Sb0.04Te,10.1039/c9ee03087e,,1.489791,2.0423941470234843,1.52051479453727,0.17997047686480455,0.17565192683415884,False,True,True,65,yes,yes,high observed ZT; important candidate for paper; high predicted ZT,https://doi.org/10.1039/c9ee03087e
10.1039_c9ee03087e__sample_35657,true_positive,1.0,unknown,p,Ge0.91Cd0.03Sb0.06Te,10.1039/c9ee03087e,,1.602415,2.0079586273977665,1.6063917855383802,0.1050706156770242,0.10690871548174653,False,True,True,65,yes,yes,high observed ZT; important candidate for paper; high predicted ZT,https://doi.org/10.1039/c9ee03087e
10.1039_c9ee03087e__sample_35658,true_positive,1.0,unknown,p,Ge0.89Cd0.03Sb0.08Te,10.1039/c9ee03087e,,1.756531,1.867844305173344,1.763769628403076,0.05401645651136924,0.05290526171089272,False,True,True,65,yes,yes,high observed ZT; important candidate for paper; high predicted ZT,https://doi.org/10.1039/c9ee03087e
10.1039_c9ee03087e__sample_35659,false_negative,1.0,unknown,p,Ge0.87Cd0.03Sb0.10Te,10.1039/c9ee03087e,,1.400878,0.9598037758069349,1.3796347852425164,0.2605249107805843,0.2549904362475652,False,True,True,90,yes,yes,high observed ZT; high-ZT false negative; important candidate for paper; carried from Step14,https://doi.org/10.1039/c9ee03087e
10.1039_c9ee03446c__sample_35170,true_positive,1.0,unknown,p,Bi0.5Sb1.5Te3,10.1039/c9ee03446c,,1.135896,1.0545288733852316,1.1414106598271687,0.052079946760737586,0.11550295096945543,False,True,True,65,yes,yes,high observed ZT; important candidate for paper; high predicted ZT,https://doi.org/10.1039/c9ee03446c
10.1039_c9ee03446c__sample_35171,true_positive,1.0,unknown,p,(Fe3O4)0.0005Bi0.5Sb1.5Te3,10.1039/c9ee03446c,,1.25567,1.1998279085149939,1.2583609901884711,0.04280753067197606,0.07765061302575456,False,True,True,65,yes,yes,high observed ZT; important candidate for paper; high predicted ZT,https://doi.org/10.1039/c9ee03446c
10.1039_c9ee03446c__sample_35172,true_positive,1.0,unknown,p,(Fe3O4)0.001Bi0.5Sb1.5Te3,10.1039/c9ee03446c,,1.355847,1.2926816207950351,1.3770957993891293,0.06363694619775888,0.08566004932595615,False,True,True,65,yes,yes,high observed ZT; important candidate for paper; high predicted ZT,https://doi.org/10.1039/c9ee03446c
10.1039_c9ee03446c__sample_35173,true_positive,1.0,unknown,p,(Fe3O4)0.0015Bi0.5Sb1.5Te3,10.1039/c9ee03446c,,1.460736,1.3801309139096725,1.5001550169660898,0.04818371636297099,0.08705054854989373,False,True,True,65,yes,yes,high observed ZT; important candidate for paper; high predicted ZT,https://doi.org/10.1039/c9ee03446c
10.1039_c9ee03446c__sample_35174,true_positive,1.0,unknown,p,(Fe3O4)0.0025Bi0.5Sb1.5Te3,10.1039/c9ee03446c,,1.347938,1.220938637971099,1.3209224460015532,0.10473571309697123,0.07342051519061377,False,True,True,65,yes,yes,high observed ZT; important candidate for paper; high predicted ZT,https://doi.org/10.1039/c9ee03446c
10.1039_c9nr09331a__sample_35377,false_positive,1.0,unknown,p,Sn1.03Te(BiCuSeO)0.007,10.1039/c9nr09331a,,0.8730556,1.5034088848105303,0.843829527989411,0.3278891410151574,0.3367562630991846,False,True,True,65,yes,yes,high-ZT false positive; important candidate for paper; high predicted ZT; carried from Step14,https://doi.org/10.1039/c9nr09331a
10.1039_c9nr09331a__sample_35379,false_positive,1.0,unknown,p,Sn1.03Te(BiCuSeO)0.014,10.1039/c9nr09331a,,0.6533333,1.107312084415583,0.6229252589469257,0.49111413335648285,0.46942675497184966,False,True,True,65,yes,yes,high-ZT false positive; important candidate for paper; high predicted ZT; carried from Step14,https://doi.org/10.1039/c9nr09331a
10.1039_c9nr09331a__sample_35380,false_positive,1.0,unknown,p,Sn1.03Te(BiCuSeO)0.021,10.1039/c9nr09331a,,0.91,1.67179543182655,0.8847957901415113,0.48615552310974375,0.3657884700921765,False,True,True,65,yes,yes,high-ZT false positive; important candidate for paper; high predicted ZT; carried from Step14,https://doi.org/10.1039/c9nr09331a
10.1039_c9nr09331a__sample_35381,true_positive,1.0,unknown,p,Sn1.03Te(BiCuSeO)0.028,10.1039/c9nr09331a,,1.170556,2.2032031699618893,1.1733204515440334,0.3594079608387543,0.35886251311217365,False,True,True,65,yes,yes,high observed ZT; important candidate for paper; high predicted ZT,https://doi.org/10.1039/c9nr09331a
10.1039_c9nr09331a__sample_35382,true_positive,1.0,unknown,p,Sn1.03Te(BiCuSeO)0.035,10.1039/c9nr09331a,,1.209444,1.9905972519916326,1.2008685580670952,0.3859925400410862,0.38288511367673067,False,True,True,65,yes,yes,high observed ZT; important candidate for paper; high predicted ZT,https://doi.org/10.1039/c9nr09331a
10.1039_c9nr09331a__sample_35383,false_positive,1.0,unknown,p,Sn1.03Te(BiCuSeO)0.042,10.1039/c9nr09331a,,0.8866667,1.568315426777164,0.864366570973656,0.37269914580056746,0.3884881761478159,False,True,True,65,yes,yes,high-ZT false positive; important candidate for paper; high predicted ZT; carried from Step14,https://doi.org/10.1039/c9nr09331a
10.1039_c9ta00400a__sample_41008,false_negative,1.0,unknown,n,(PbTeI0.004)92.15(Sb)7.85,10.1039/c9ta00400a,,1.027972,0.4146808047842497,0.4793601279280843,0.3326369409689349,0.29092303537088826,False,True,True,100,yes,yes,high observed ZT; high-ZT false negative; important candidate for paper; carried from Step14,https://doi.org/10.1039/c9ta00400a
10.1039_c9ta00400a__sample_41009,true_positive,1.0,unknown,n,(PbTe0.95S0.05I0.004)92.25(Sb)7.75,10.1039/c9ta00400a,,1.522145,2.9347453371153738,1.613596170585938,0.3865597466801131,0.33665822163548365,False,True,True,65,yes,yes,high observed ZT; important candidate for paper; high predicted ZT,https://doi.org/10.1039/c9ta00400a
10.1039_c9ta00400a__sample_41010,true_positive,1.0,unknown,n,(PbTe0.90S0.10I0.004)92.36(Sb)7.64,10.1039/c9ta00400a,,1.48951,2.763642138358596,1.499923014979563,0.4055016680878338,0.40133931710414095,False,True,True,65,yes,yes,high observed ZT; important candidate for paper; high predicted ZT,https://doi.org/10.1039/c9ta00400a
10.1039_c9ta00400a__sample_41011,true_positive,1.0,unknown,n,(PbTe0.85S0.15I0.004)92.46(Sb)7.54,10.1039/c9ta00400a,,1.403263,1.7349805754290903,1.210757939379995,0.2438943657010162,0.21596815448556922,False,True,True,65,yes,yes,high observed ZT; important candidate for paper; high predicted ZT,https://doi.org/10.1039/c9ta00400a
10.1039_c9ta00400a__sample_41012,true_positive,1.0,unknown,n,(PbTe0.80S0.20I0.004)92.57(Sb)7.43,10.1039/c9ta00400a,,1.328671,2.390692826290967,1.346856384869119,0.329936934691696,0.31442346020545725,False,True,True,65,yes,yes,high observed ZT; important candidate for paper; high predicted ZT,https://doi.org/10.1039/c9ta00400a
10.1039_c9ta11180h__sample_35711,true_positive,1.0,unknown,p,(Sn0.95Cd0.05Te),10.1039/c9ta11180h,,1.041254,1.5044080600686336,0.9908882570528832,0.20665499150325348,0.2453640143043067,False,True,True,65,yes,yes,high observed ZT; important candidate for paper; high predicted ZT,https://doi.org/10.1039/c9ta11180h
10.1039_c9ta11180h__sample_35712,false_positive,1.0,unknown,p,(Sn0.95Cd0.05Te)0.99(Cu2Te)0.01,10.1039/c9ta11180h,,0.6794549,1.062604389140518,0.610296832006667,0.25198673065977123,0.24483382556725178,False,True,True,65,yes,yes,high-ZT false positive; important candidate for paper; high predicted ZT; carried from Step14,https://doi.org/10.1039/c9ta11180h
10.1039_c9ta11180h__sample_35713,true_positive,1.0,unknown,p,(Sn0.95Cd0.05Te)0.97(Cu2Te)0.03,10.1039/c9ta11180h,,1.029284,1.4473581738418966,0.9624098536450022,0.2245963501952437,0.2936243506897054,False,True,True,65,yes,yes,high observed ZT; important candidate for paper; high predicted ZT,https://doi.org/10.1039/c9ta11180h
10.1039_c9ta11180h__sample_35714,true_positive,1.0,unknown,p,(Sn0.95Cd0.05Te)0.95(Cu2Te)0.05,10.1039/c9ta11180h,,1.125037,1.2720676438620302,0.7674358660026951,0.1744404421645731,0.25761555864786057,False,True,True,65,yes,yes,high observed ZT; important candidate for paper; high predicted ZT,https://doi.org/10.1039/c9ta11180h
10.1039_c9ta11180h__sample_35715,false_negative,1.0,unknown,p,(Sn0.95Cd0.05Te)0.93(Cu2Te)0.07,10.1039/c9ta11180h,,1.16394,0.9033380001326099,0.6205286219340129,0.154684343353145,0.1787129823018915,False,True,True,90,yes,yes,high observed ZT; high-ZT false negative; important candidate for paper; carried from Step14,https://doi.org/10.1039/c9ta11180h
10.1039_c9ta11180h__sample_35716,false_positive,1.0,unknown,p,(Sn0.95Cd0.05Te)0.91(Cu2Te)0.09,10.1039/c9ta11180h,,0.9784045,1.523829002385102,0.9476327916798633,0.2985396901789666,0.237449884619879,False,True,True,65,yes,yes,high-ZT false positive; important candidate for paper; high predicted ZT; carried from Step14,https://doi.org/10.1039/c9ta11180h
10.1039_c9ta11180h__sample_35725,false_negative,1.0,unknown,p,(Sn0.95Cd0.05Te)0.93(Cu2Te)0.07,10.1039/c9ta11180h,,1.156863,0.9024455750754715,0.6346205544728003,0.1698102262520909,0.16798644549544964,False,True,True,90,yes,yes,high observed ZT; high-ZT false negative; important candidate for paper; carried from Step14,https://doi.org/10.1039/c9ta11180h
10.1039_c9ta11180h__sample_35726,true_positive,1.0,unknown,p,(Sn0.95Cd0.05Te)0.93(Cu2Te)0.07I0.0025,10.1039/c9ta11180h,,1.258824,1.7512575622279776,0.9890683918688284,0.22567717147566796,0.27547426510672346,False,True,True,65,yes,yes,high observed ZT; important candidate for paper; high predicted ZT,https://doi.org/10.1039/c9ta11180h
10.1039_c9ta11180h__sample_35727,true_positive,1.0,unknown,p,(Sn0.95Cd0.05Te)0.93(Cu2Te)0.07I0.005,10.1039/c9ta11180h,,1.321569,2.1927365105406675,1.3727661542115617,0.2554478370133057,0.21165206195593098,False,True,True,65,yes,yes,high observed ZT; important candidate for paper; high predicted ZT,https://doi.org/10.1039/c9ta11180h
10.1039_c9ta11180h__sample_35728,true_positive,1.0,unknown,p,(Sn0.95Cd0.05Te)0.93(Cu2Te)0.07I0.01,10.1039/c9ta11180h,,1.427451,1.937510055213378,1.387606378811041,0.22123465389987462,0.23782986443677562,False,True,True,65,yes,yes,high observed ZT; important candidate for paper; high predicted ZT,https://doi.org/10.1039/c9ta11180h
10.1039_c9ta11180h__sample_35729,true_positive,1.0,unknown,p,(Sn0.95Cd0.05Te)0.93(Cu2Te)0.07I0.015,10.1039/c9ta11180h,,1.376471,2.1884012535254724,1.422728344037378,0.2799763499531765,0.26344783383111886,False,True,True,65,yes,yes,high observed ZT; important candidate for paper; high predicted ZT,https://doi.org/10.1039/c9ta11180h
10.1039_c9ta11180h__sample_35730,true_positive,1.0,unknown,p,(Sn0.95Cd0.05Te)0.93(Cu2Te)0.07I0.02,10.1039/c9ta11180h,,1.298039,1.8933526301812658,1.3374011643860622,0.30375323668393095,0.30498695085252175,False,True,True,65,yes,yes,high observed ZT; important candidate for paper; high predicted ZT,https://doi.org/10.1039/c9ta11180h
10.1039_c9ta11180h__sample_35731,true_positive,1.0,unknown,p,(Sn0.95Cd0.05Te)0.93(Cu2Te)0.07I0.03,10.1039/c9ta11180h,,1.262745,2.0878935141242363,1.4460484506552402,0.2964046195918727,0.2507320213698488,False,True,True,65,yes,yes,high observed ZT; important candidate for paper; high predicted ZT,https://doi.org/10.1039/c9ta11180h
10.1039_c9ta12954e__sample_34038,false_positive,1.0,unknown,p,(AgCu)1.025Te0.9Se0.1,10.1039/c9ta12954e,,0.6231039,1.097081581140907,0.6291146661236299,0.44278442982810606,0.4386056061787736,False,True,True,65,yes,yes,high-ZT false positive; important candidate for paper; high predicted ZT; carried from Step14,https://doi.org/10.1039/c9ta12954e
10.1039_c9ta12954e__sample_34040,true_positive,1.0,unknown,p,(AgCu)0.995Te0.9Se0.1,10.1039/c9ta12954e,,1.011669,1.0927096957242883,1.002760506976691,0.26757694655146413,0.2688259305359118,False,True,True,65,yes,yes,high observed ZT; important candidate for paper; high predicted ZT,https://doi.org/10.1039/c9ta12954e
10.1039_c9tc03410b__sample_39802,true_positive,1.0,unknown,p,(GeTe)12Sb2Te3,10.1039/c9tc03410b,,1.275002,1.1927877832224032,1.269502024798506,0.18973194624411546,0.1919577001713377,False,True,True,65,yes,yes,high observed ZT; important candidate for paper; high predicted ZT,https://doi.org/10.1039/c9tc03410b
10.1039_c9tc03410b__sample_39803,true_positive,1.0,unknown,p,(GeTe)12Sb2Te3,10.1039/c9tc03410b,,1.303401,1.1643217747076953,1.3155351639230544,0.27033624472509904,0.27483099355479407,False,True,True,65,yes,yes,high observed ZT; important candidate for paper; high predicted ZT,https://doi.org/10.1039/c9tc03410b
10.1039_c9tc03410b__sample_39804,true_positive,1.0,unknown,p,(CoGe2)0.15(GeTe)12Sb2Te3,10.1039/c9tc03410b,,1.345822,1.0456509733080004,1.3381939847148674,0.2401861339887924,0.26048512091636866,False,True,True,65,yes,yes,high observed ZT; important candidate for paper; high predicted ZT,https://doi.org/10.1039/c9tc03410b
10.1039_c9tc03410b__sample_39805,true_positive,1.0,unknown,p,(CoGe2)0.15(GeTe)12Sb2Te3,10.1039/c9tc03410b,,1.382552,1.1692694844924445,1.3885062623429136,0.3249137341022489,0.3283182723502111,False,True,True,65,yes,yes,high observed ZT; important candidate for paper; high predicted ZT,https://doi.org/10.1039/c9tc03410b
10.1039_c9tc03410b__sample_39806,true_positive,1.0,unknown,p,(GeTe)12Sb2Te3,10.1039/c9tc03410b,,1.745595,1.2913625026325075,1.7236936242710943,0.3979190258767672,0.38784652939912,False,True,True,65,yes,yes,high observed ZT; important candidate for paper; high predicted ZT,https://doi.org/10.1039/c9tc03410b
10.1039_c9tc03410b__sample_39807,true_positive,1.0,unknown,p,(GeTe)12Sb2Te3,10.1039/c9tc03410b,,1.755638,1.3717798279761109,1.811640871407892,0.4434114544351698,0.44800042967078496,False,True,True,65,yes,yes,high observed ZT; important candidate for paper; high predicted ZT,https://doi.org/10.1039/c9tc03410b
10.1039_c9tc03410b__sample_39808,true_positive,1.0,unknown,p,(CoGe2)0.15(GeTe)12Sb2Te3,10.1039/c9tc03410b,,1.752967,1.1255334614605323,1.7641781524632036,0.47888131051846766,0.4748950241964335,False,True,True,65,yes,yes,high observed ZT; important candidate for paper; high predicted ZT,https://doi.org/10.1039/c9tc03410b
10.1039_c9tc03410b__sample_39809,true_positive,1.0,unknown,p,(CoGe2)0.15(GeTe)12Sb2Te3,10.1039/c9tc03410b,,1.722625,1.1059568335435088,1.7521564037826298,0.5307358991460709,0.5415695279567371,False,True,True,65,yes,yes,high observed ZT; important candidate for paper; high predicted ZT,https://doi.org/10.1039/c9tc03410b
10.1039_c9tc03410b__sample_39810,true_positive,1.0,unknown,p,(GeTe)17Sb2Te3,10.1039/c9tc03410b,,1.650558,1.64098258292883,1.648249889060041,0.1912437569602283,0.19247144170405975,False,True,True,65,yes,yes,high observed ZT; important candidate for paper; high predicted ZT,https://doi.org/10.1039/c9tc03410b
10.1039_c9tc03410b__sample_39811,true_positive,1.0,unknown,p,(GeTe)17Sb2Te3,10.1039/c9tc03410b,,1.596935,1.423534792967018,1.5956118803280954,0.26262967806000653,0.26880374891003506,False,True,True,65,yes,yes,high observed ZT; important candidate for paper; high predicted ZT,https://doi.org/10.1039/c9tc03410b
10.1039_c9tc03410b__sample_39812,true_positive,1.0,unknown,p,(CoGe2)0.2(GeTe)17Sb2Te3,10.1039/c9tc03410b,,1.895911,1.9066976100961057,1.8883970737968891,0.1573980614777305,0.15439513912623437,False,True,True,65,yes,yes,high observed ZT; important candidate for paper; high predicted ZT,https://doi.org/10.1039/c9tc03410b
10.1039_c9tc03410b__sample_39813,true_positive,1.0,unknown,p,(CoGe2)0.2(GeTe)17Sb2Te3,10.1039/c9tc03410b,,1.870586,1.857149804870677,1.8735804793474484,0.22124635808203488,0.22407010250221623,False,True,True,65,yes,yes,high observed ZT; important candidate for paper; high predicted ZT,https://doi.org/10.1039/c9tc03410b
10.1039_c9tc03410b__sample_39817,true_positive,1.0,unknown,p,(GeTe)17Sb2Te3,10.1039/c9tc03410b,,1.737299,1.4352903691601155,1.786459081697932,0.29384998137259477,0.29423737421915597,False,True,True,65,yes,yes,high observed ZT; important candidate for paper; high predicted ZT,https://doi.org/10.1039/c9tc03410b
10.1039_c9tc03410b__sample_39818,true_positive,1.0,unknown,p,(GeTe)17Sb2Te3,10.1039/c9tc03410b,,1.726269,1.2415748821180643,1.7344749946173554,0.3311259753797161,0.3459772100089464,False,True,True,65,yes,yes,high observed ZT; important candidate for paper; high predicted ZT,https://doi.org/10.1039/c9tc03410b
10.1039_c9tc03410b__sample_39819,true_positive,1.0,unknown,p,(CoGe2)0.2(GeTe)17Sb2Te3,10.1039/c9tc03410b,,1.702602,1.2131150263036294,1.7148613012307647,0.3288830012480303,0.3410776931434357,False,True,True,65,yes,yes,high observed ZT; important candidate for paper; high predicted ZT,https://doi.org/10.1039/c9tc03410b
10.1039_c9tc03410b__sample_39820,true_positive,1.0,unknown,p,(CoGe2)0.2(GeTe)17Sb2Te3,10.1039/c9tc03410b,,1.727203,1.404535119490976,1.7379503151082292,0.3336725406433031,0.3655213965998129,False,True,True,65,yes,yes,high observed ZT; important candidate for paper; high predicted ZT,https://doi.org/10.1039/c9tc03410b
10.1039_c9tc03410b__sample_39821,true_positive,1.0,unknown,p,(GeTe)19Sb2Te3,10.1039/c9tc03410b,,1.392941,1.3780495082335786,1.4044730930263178,0.14706882657013878,0.14238208978228417,False,True,True,65,yes,yes,high observed ZT; important candidate for paper; high predicted ZT,https://doi.org/10.1039/c9tc03410b
10.1039_c9tc03410b__sample_39822,true_positive,1.0,unknown,p,(GeTe)19Sb2Te3,10.1039/c9tc03410b,,1.374141,1.3673555395780208,1.39097618648588,0.2185186053324815,0.22636996028923992,False,True,True,65,yes,yes,high observed ZT; important candidate for paper; high predicted ZT,https://doi.org/10.1039/c9tc03410b
10.1039_c9tc03410b__sample_39823,true_positive,1.0,unknown,p,(CoGe2)0.22(GeTe)19Sb2Te3,10.1039/c9tc03410b,,1.844706,1.9877363450085868,1.8426782898307843,0.08428624310642398,0.09415768552819453,False,True,True,65,yes,yes,high observed ZT; important candidate for paper; high predicted ZT,https://doi.org/10.1039/c9tc03410b
10.1039_c9tc03410b__sample_39824,true_positive,1.0,unknown,p,(CoGe2)0.22(GeTe)19Sb2Te3,10.1039/c9tc03410b,,1.828634,1.9371290404381278,1.8384862776348745,0.1565561771808522,0.15744053742318864,False,True,True,65,yes,yes,high observed ZT; important candidate for paper; high predicted ZT,https://doi.org/10.1039/c9tc03410b
10.1039_c9tc03410b__sample_39825,true_positive,1.0,unknown,p,(GeTe)19Sb2Te3,10.1039/c9tc03410b,,1.76,2.164314105812481,2.3285588581187864,0.33417765200395033,0.15616746772045853,False,True,True,65,yes,yes,high observed ZT; important candidate for paper; high predicted ZT,https://doi.org/10.1039/c9tc03410b
10.1039_c9tc03410b__sample_39826,true_positive,1.0,unknown,p,(GeTe)19Sb2Te3,10.1039/c9tc03410b,,1.763789,1.567682685209406,1.858759382510888,0.22120797986557056,0.22505012648545744,False,True,True,65,yes,yes,high observed ZT; important candidate for paper; high predicted ZT,https://doi.org/10.1039/c9tc03410b
10.1039_c9tc03410b__sample_39827,true_positive,1.0,unknown,p,(CoGe2)0.22(GeTe)19Sb2Te3,10.1039/c9tc03410b,,1.736471,1.5055442424360066,1.763343545719379,0.20891355126054298,0.2078796076945254,False,True,True,65,yes,yes,high observed ZT; important candidate for paper; high predicted ZT,https://doi.org/10.1039/c9tc03410b
10.1039_c9tc03410b__sample_39828,true_positive,1.0,unknown,p,(CoGe2)0.22(GeTe)19Sb2Te3,10.1039/c9tc03410b,,1.726559,1.5753534757215337,1.7969126369158237,0.21832612008439992,0.2239768308903808,False,True,True,65,yes,yes,high observed ZT; important candidate for paper; high predicted ZT,https://doi.org/10.1039/c9tc03410b
10.1039_c9tc03410b__sample_39839,true_positive,1.0,unknown,p,(CoGe2)0.01GeTe,10.1039/c9tc03410b,,1.269802,1.88375342887952,1.105351112632488,0.3120771730285767,0.37746910739600237,False,True,True,65,yes,yes,high observed ZT; important candidate for paper; high predicted ZT,https://doi.org/10.1039/c9tc03410b
10.1039_c9tc03410b__sample_39840,true_positive,1.0,unknown,p,(CoGe2)0.01GeTe,10.1039/c9tc03410b,,1.133663,2.3385374492615214,1.259447374358448,0.3178678668232481,0.2837040194204686,False,True,True,65,yes,yes,high observed ZT; important candidate for paper; high predicted ZT,https://doi.org/10.1039/c9tc03410b
10.1039_c9tc03410b__sample_39845,true_positive,1.0,unknown,p,(Co5Ge7)0.0026GeTe,10.1039/c9tc03410b,,1.116337,1.845525233090203,1.214092403935492,0.37509223831340316,0.3257959939501763,False,True,True,65,yes,yes,high observed ZT; important candidate for paper; high predicted ZT,https://doi.org/10.1039/c9tc03410b
10.1039_c9tc03410b__sample_39846,true_positive,1.0,unknown,p,(Co5Ge7)0.0026GeTe,10.1039/c9tc03410b,,1.036496,1.6729165212649755,0.9878525502855462,0.32772611852184336,0.3613031567379143,False,True,True,65,yes,yes,high observed ZT; important candidate for paper; high predicted ZT,https://doi.org/10.1039/c9tc03410b
10.1039_c9tc03410b__sample_39847,true_positive,1.0,unknown,p,GeTe,10.1039/c9tc03410b,,1.039604,2.0190718259177496,1.0607259711406791,0.34839323601355454,0.3191321152674097,False,True,True,65,yes,yes,high observed ZT; important candidate for paper; high predicted ZT,https://doi.org/10.1039/c9tc03410b
10.1039_c9tc03410b__sample_39848,true_positive,1.0,unknown,p,GeTe,10.1039/c9tc03410b,,1.079208,2.072113597303224,1.1870408140930433,0.3783903695371114,0.31430043871794566,False,True,True,65,yes,yes,high observed ZT; important candidate for paper; high predicted ZT,https://doi.org/10.1039/c9tc03410b
10.1039_c9tc03410b__sample_39849,true_positive,1.0,unknown,p,(CoGe2)0.01GeTe,10.1039/c9tc03410b,,1.331683,2.0892539355466733,1.3588240339248014,0.31863013144411634,0.3153638661979232,False,True,True,65,yes,yes,high observed ZT; important candidate for paper; high predicted ZT,https://doi.org/10.1039/c9tc03410b
10.1039_c9tc03410b__sample_39850,true_positive,1.0,unknown,p,(CoGe2)0.01GeTe,10.1039/c9tc03410b,,1.173267,1.755563795529978,1.140544837843985,0.25054054247755586,0.2519794828236445,False,True,True,65,yes,yes,high observed ZT; important candidate for paper; high predicted ZT,https://doi.org/10.1039/c9tc03410b
10.1039_c9tc03410b__sample_39851,true_positive,1.0,unknown,p,(Co5Ge7)0.0026GeTe,10.1039/c9tc03410b,,1.25,1.9761252487483603,1.2472767956594115,0.29969874039192035,0.28952834172720504,False,True,True,65,yes,yes,high observed ZT; important candidate for paper; high predicted ZT,https://doi.org/10.1039/c9tc03410b
10.1039_c9tc03410b__sample_39852,true_positive,1.0,unknown,p,(Co5Ge7)0.0026GeTe,10.1039/c9tc03410b,,1.222772,1.9947184280094956,1.2835300396627132,0.3002840677573345,0.27719119460000013,False,True,True,65,yes,yes,high observed ZT; important candidate for paper; high predicted ZT,https://doi.org/10.1039/c9tc03410b
10.1039_c9tc03410b__sample_39853,true_positive,1.0,unknown,p,GeTe,10.1039/c9tc03410b,,1.425743,2.498205679607321,1.5653573202214464,0.310926391065466,0.28630976768147265,False,True,True,65,yes,yes,high observed ZT; important candidate for paper; high predicted ZT,https://doi.org/10.1039/c9tc03410b
10.1039_c9tc03410b__sample_39854,true_positive,1.0,unknown,p,GeTe,10.1039/c9tc03410b,,1.259901,1.3114218636818915,0.9337909549328374,0.2165489850884147,0.21094147860413848,False,True,True,65,yes,yes,high observed ZT; important candidate for paper; high predicted ZT,https://doi.org/10.1039/c9tc03410b
10.1039_c9tc06490g__sample_27055,false_positive,1.0,unknown,p,Sn0.96Bi0.04Te,10.1039/c9tc06490g,,0.918612,1.166871548351153,0.899896077181329,0.2670003697724468,0.17612213348929273,False,True,True,65,yes,yes,high-ZT false positive; important candidate for paper; high predicted ZT; carried from Step14,https://doi.org/10.1039/c9tc06490g
10.1039_c9tc06490g__sample_27056,false_positive,1.0,unknown,p,Sn0.96Zn0.04Te,10.1039/c9tc06490g,,0.8630915,1.4369534824024452,1.0367216607719365,0.27808474411080153,0.21728543890424118,False,True,True,65,yes,yes,high-ZT false positive; important candidate for paper; high predicted ZT; carried from Step14,https://doi.org/10.1039/c9tc06490g
10.1039_c9tc06490g__sample_27057,true_positive,1.0,unknown,p,Sn0.92Bi0.04Zn0.04Te,10.1039/c9tc06490g,,1.501577,1.8692029484751165,1.6412422710265373,0.09358198143058184,0.09191236201274998,False,True,True,65,yes,yes,high observed ZT; important candidate for paper; high predicted ZT,https://doi.org/10.1039/c9tc06490g
10.1039_d0ee01349h__sample_38254,true_positive,1.0,unknown,n,Bi0.26Sb0.01Te0.62Se0.11,10.1039/d0ee01349h,,1.037831,1.0696137442644993,1.0383672674336637,0.11764943727515076,0.11632335121509213,False,True,True,65,yes,yes,high observed ZT; important candidate for paper; high predicted ZT,https://doi.org/10.1039/d0ee01349h
10.1039_d0ee01349h__sample_38262,true_positive,1.0,unknown,n,Bi0.25Sb0.02Te0.62Se0.11,10.1039/d0ee01349h,,1.225758,1.2660191988213474,1.224738548361214,0.11721258039081522,0.1169207671113151,False,True,True,65,yes,yes,high observed ZT; important candidate for paper; high predicted ZT,https://doi.org/10.1039/d0ee01349h
10.1039_d0ee01349h__sample_38263,true_positive,1.0,unknown,n,Bi0.24Sb0.03Te0.62Se0.10,10.1039/d0ee01349h,,1.283845,1.349972798105397,1.2827469146623882,0.1051564323311263,0.10527859078692166,False,True,True,65,yes,yes,high observed ZT; important candidate for paper; high predicted ZT,https://doi.org/10.1039/d0ee01349h
10.1039_d0ee01349h__sample_38264,true_positive,1.0,unknown,n,Bi0.24Sb0.05Te0.61Se0.10,10.1039/d0ee01349h,,1.388723,1.4270423910114183,1.3603527074195847,0.08272709674118472,0.08979929748717362,False,True,True,65,yes,yes,high observed ZT; important candidate for paper; high predicted ZT,https://doi.org/10.1039/d0ee01349h
10.1039_d0ee01349h__sample_38265,true_positive,1.0,unknown,n,Bi0.23Sb0.06Te0.61Se0.10,10.1039/d0ee01349h,,1.312318,1.3723204022032105,1.3180439456108723,0.09488805764691499,0.09468166812669487,False,True,True,65,yes,yes,high observed ZT; important candidate for paper; high predicted ZT,https://doi.org/10.1039/d0ee01349h
10.1039_d0ee02323j__sample_37110,false_negative,1.0,unknown,p,Cu0.81Ag0.2In0.99Te2,10.1039/d0ee02323j,,1.201483,0.22194297793978987,0.922278977835782,1.6276424068200621,1.1736802448128176,False,True,True,135,yes,yes,high observed ZT; high-ZT false negative; important candidate for paper; carried from Step14,https://doi.org/10.1039/d0ee02323j
10.1039_d0ee02323j__sample_37111,false_negative,1.0,unknown,p,Cu0.82Ag0.2In0.98Te2,10.1039/d0ee02323j,,1.305315,0.4241814565219771,1.433686208577533,0.8560015126816528,0.7267984480379647,False,True,True,90,yes,yes,high observed ZT; high-ZT false negative; important candidate for paper; carried from Step14,https://doi.org/10.1039/d0ee02323j
10.1039_d0ee02323j__sample_37112,false_negative,1.0,unknown,p,Cu0.83Ag0.2In0.97Te2,10.1039/d0ee02323j,,1.322621,0.3530194842193213,0.3445139003416679,0.13330451823033607,0.9390461582316597,False,True,True,100,yes,yes,high observed ZT; high-ZT false negative; important candidate for paper; carried from Step14,https://doi.org/10.1039/d0ee02323j
10.1039_d0ee02323j__sample_37113,false_negative,1.0,unknown,p,Cu0.84Ag0.2In0.96Te2,10.1039/d0ee02323j,,1.290482,0.643340549175436,1.3252038247324178,0.5403252041760412,0.710883046834289,False,True,True,90,yes,yes,high observed ZT; high-ZT false negative; important candidate for paper; carried from Step14,https://doi.org/10.1039/d0ee02323j
10.1039_d0ee02323j__sample_37114,false_negative,1.0,unknown,p,Cu0.85Ag0.2In0.95Te2,10.1039/d0ee02323j,,1.409147,0.5628889567770093,1.4769365639984575,1.9788990467230907,1.6798751505834784,False,True,True,135,yes,yes,high observed ZT; high-ZT false negative; important candidate for paper; carried from Step14,https://doi.org/10.1039/d0ee02323j
10.1039_d0ee02323j__sample_37115,false_negative,1.0,unknown,p,Cu0.86Ag0.2In0.94Te2,10.1039/d0ee02323j,,1.352287,0.5118241686948213,0.5092054879185548,1.102541589933996,1.1240852244319814,False,True,True,145,yes,yes,high observed ZT; high-ZT false negative; important candidate for paper; carried from Step14,https://doi.org/10.1039/d0ee02323j
10.1039_d0ee02323j__sample_37116,false_negative,1.0,unknown,p,Cu0.87Ag0.2In0.93Te2,10.1039/d0ee02323j,,1.448702,0.41994147139999477,1.5122647320686258,1.021108417800861,0.9574097191766162,False,True,True,115,yes,yes,high observed ZT; high-ZT false negative; important candidate for paper; carried from Step14,https://doi.org/10.1039/d0ee02323j
10.1039_d0ee02323j__sample_37117,false_negative,1.0,unknown,p,Cu0.88Ag0.2In0.92Te2,10.1039/d0ee02323j,,1.530284,0.47132499742831274,1.589069283270053,0.6803319222491969,1.2279867005093028,False,True,True,110,yes,yes,high observed ZT; high-ZT false negative; important candidate for paper; carried from Step14,https://doi.org/10.1039/d0ee02323j
10.1039_d0ee02323j__sample_37118,false_negative,1.0,unknown,p,Cu0.89Ag0.2In0.91Te2,10.1039/d0ee02323j,,1.579728,0.452155942018087,1.6199674861496711,0.7339016832289591,0.6969152726540937,False,True,True,90,yes,yes,high observed ZT; high-ZT false negative; important candidate for paper; carried from Step14,https://doi.org/10.1039/d0ee02323j
10.1039_d0ee02323j__sample_37119,false_negative,1.0,unknown,p,Cu0.9Ag0.2In0.9Te2,10.1039/d0ee02323j,,1.567855,0.4855027086854241,1.6289752063227614,0.5058520097938594,0.4885308713944533,False,True,True,90,yes,yes,high observed ZT; high-ZT false negative; important candidate for paper; carried from Step14,https://doi.org/10.1039/d0ee02323j
10.1039_d0ta00174k__sample_34376,true_positive,1.0,unknown,n,PbCu0.01Se,10.1039/d0ta00174k,,1.633794,2.219228724724291,1.6239846172381889,0.3040782369836968,0.29920012667651413,False,True,True,65,yes,yes,high observed ZT; important candidate for paper; high predicted ZT,https://doi.org/10.1039/d0ta00174k
10.1039_d0ta00174k__sample_34377,true_positive,1.0,unknown,n,PbZn0.01Se,10.1039/d0ta00174k,,1.482966,3.8827795281665956,1.444550971500656,0.641603359060256,0.6657632933626549,False,True,True,65,yes,yes,high observed ZT; important candidate for paper; high predicted ZT,https://doi.org/10.1039/d0ta00174k
10.1039_d0ta00174k__sample_34378,true_positive,1.0,unknown,n,PbNi0.01Se,10.1039/d0ta00174k,,1.370815,3.501721293034921,1.392037165542742,0.622412364076269,0.6114005232125589,False,True,True,65,yes,yes,high observed ZT; important candidate for paper; high predicted ZT,https://doi.org/10.1039/d0ta00174k
10.1039_d0ta00245c__sample_34284,false_negative,1.0,unknown,p,BaCu2Te2,10.1039/d0ta00245c,,1.027948,0.39764432965313223,0.3952182569237357,0.03577114096446115,0.041119744011434096,False,True,True,90,yes,yes,high observed ZT; high-ZT false negative; important candidate for paper; carried from Step14,https://doi.org/10.1039/d0ta00245c
10.1039_d0ta00245c__sample_34286,false_negative,1.0,unknown,p,BaCu2.04Te2,10.1039/d0ta00245c,,1.310917,0.15261045367171022,0.1660203857257731,0.1476147769137267,0.08077280386646586,False,True,True,100,yes,yes,high observed ZT; high-ZT false negative; important candidate for paper; carried from Step14,https://doi.org/10.1039/d0ta00245c
10.1039_d0ta00245c__sample_34288,false_negative,1.0,unknown,p,BaCu2.08Te2,10.1039/d0ta00245c,,1.181271,0.19598528900774814,0.2128099191876472,0.10030229813010352,0.07905942657242292,False,True,True,100,yes,yes,high observed ZT; high-ZT false negative; important candidate for paper; carried from Step14,https://doi.org/10.1039/d0ta00245c
10.1039_d0ta02758h__sample_38441,true_positive,1.0,unknown,p,Ge0.96Bi0.08Te1.08,10.1039/d0ta02758h,,1.814374,2.2041649483481405,1.8522803066715767,0.10918388413204409,0.10623395586381,False,True,True,65,yes,yes,high observed ZT; important candidate for paper; high predicted ZT,https://doi.org/10.1039/d0ta02758h
10.1039_d0ta02758h__sample_38442,true_positive,1.0,unknown,p,Ge0.9024Pb0.0576Bi0.08Te1.08,10.1039/d0ta02758h,,1.867008,2.140372713278721,1.87952410865404,0.13308796959631822,0.13040578620986068,False,True,True,65,yes,yes,high observed ZT; important candidate for paper; high predicted ZT,https://doi.org/10.1039/d0ta02758h
10.1039_d0ta02758h__sample_38443,true_positive,1.0,unknown,p,Ge0.8448Pb0.1152Bi0.08Te1.08,10.1039/d0ta02758h,,1.891705,1.5668319139089966,1.903283777208552,0.16618405840178774,0.1617366344111283,False,True,True,65,yes,yes,high observed ZT; important candidate for paper; high predicted ZT,https://doi.org/10.1039/d0ta02758h
10.1039_d0ta02758h__sample_38444,true_positive,1.0,unknown,p,Ge0.9312Pb0.0288Bi0.08Te1.08,10.1039/d0ta02758h,,1.785166,1.8796892045408442,1.7894412124739638,0.0948447448272692,0.09515222835081548,False,True,True,65,yes,yes,high observed ZT; important candidate for paper; high predicted ZT,https://doi.org/10.1039/d0ta02758h
10.1039_d0ta02758h__sample_38445,true_positive,1.0,unknown,p,Ge0.8736Pb0.0864Bi0.08Te1.08,10.1039/d0ta02758h,,1.951407,1.8841378696359987,1.949780608189132,0.10273630035554399,0.11139644431199791,False,True,True,65,yes,yes,high observed ZT; important candidate for paper; high predicted ZT,https://doi.org/10.1039/d0ta02758h
10.1039_d0ta02758h__sample_38446,true_positive,1.0,unknown,p,Ge0.816Pb0.144Bi0.08Te1.08,10.1039/d0ta02758h,,1.99925,1.820289422437877,1.983310977129931,0.13392523963135863,0.1700245547169315,False,True,True,65,yes,yes,high observed ZT; important candidate for paper; high predicted ZT,https://doi.org/10.1039/d0ta02758h
10.1039_d0ta07211g__sample_37971,false_positive,1.0,unknown,p,(Cu2Sn0.97Ga0.03Se3)0.80(CuInSe2)0.20,10.1039/d0ta07211g,,0.6363887,1.3843247203877531,0.9615551089858592,0.10543057841934467,0.15431319302166946,False,True,True,65,yes,yes,high-ZT false positive; important candidate for paper; high predicted ZT; carried from Step14,https://doi.org/10.1039/d0ta07211g
10.1039_d0ta07211g__sample_37982,false_positive,1.0,unknown,p,(Cu2Sn0.97Ga0.03Se3)0.80(CuInSe2)0.20,10.1039/d0ta07211g,,0.9396165,1.3092971590748193,0.9403396552461736,0.20540618663530788,0.1879000672699934,False,True,True,65,yes,yes,high-ZT false positive; important candidate for paper; high predicted ZT; carried from Step14,https://doi.org/10.1039/d0ta07211g
10.1039_d0tc01085e__sample_39275,false_positive,1.0,unknown,p,Cu1.97Se,10.1039/d0tc01085e,,0.816675,1.1269620152109037,0.7781476440534695,0.19842238250146418,0.20906418313063999,False,True,True,65,yes,yes,high-ZT false positive; important candidate for paper; high predicted ZT; carried from Step14,https://doi.org/10.1039/d0tc01085e
10.1039_d0tc01085e__sample_39276,false_positive,1.0,unknown,p,Cu1.97Se,10.1039/d0tc01085e,,0.712651,1.0850366842064634,0.8541859762013325,0.308876932501182,0.24839013012431524,False,True,True,65,yes,yes,high-ZT false positive; important candidate for paper; high predicted ZT; carried from Step14,https://doi.org/10.1039/d0tc01085e
10.1039_d0tc02959a__sample_36438,false_negative,1.0,unknown,n,SnSe0.95(NbCl5)0.005,10.1039/d0tc02959a,,1.223425,0.47939323654527505,1.1812656451769823,0.6053953183959662,0.8901118932583602,False,True,True,90,yes,yes,high observed ZT; high-ZT false negative; important candidate for paper; carried from Step14,https://doi.org/10.1039/d0tc02959a
10.1039_d0tc02959a__sample_36439,false_negative,1.0,unknown,n,SnSe0.95(NbCl5)0.01,10.1039/d0tc02959a,,1.031975,0.39104264973255953,1.0228877706035089,1.2255608891541074,2.6216350049162913,False,True,True,135,yes,yes,high observed ZT; high-ZT false negative; important candidate for paper; carried from Step14,https://doi.org/10.1039/d0tc02959a
10.1039_d0tc02959a__sample_36440,false_negative,1.0,unknown,n,SnSe0.95(NbCl5)0.02,10.1039/d0tc02959a,,1.181122,0.3084843126833719,1.1684164470942229,1.5500860299407828,2.315576017464936,False,True,True,135,yes,yes,high observed ZT; high-ZT false negative; important candidate for paper; carried from Step14,https://doi.org/10.1039/d0tc02959a
10.1039_d1cp02545g__sample_45705,false_negative,1.0,unknown,p,Ge0.9Na0.05Bi0.05MnTe2,10.1039/d1cp02545g,,1.043216,0.9567668191183081,0.7418852268759801,0.5404256106544026,0.29393892658502435,False,True,True,100,yes,yes,high observed ZT; high-ZT false negative; important candidate for paper; carried from Step14,https://doi.org/10.1039/d1cp02545g
10.1039_d1cp02545g__sample_45706,false_negative,1.0,unknown,p,Ge0.8Na0.1Bi0.1MnTe2,10.1039/d1cp02545g,,1.070352,0.9828006061432925,1.0825632549428337,0.6514300191922627,0.46186224425531075,False,True,True,100,yes,yes,high observed ZT; high-ZT false negative; important candidate for paper; carried from Step14,https://doi.org/10.1039/d1cp02545g
10.1039_d1ta02812j__sample_45509,false_positive,1.0,unknown,p,(Cu2SnS3)0.95(CuCo2S4)0.05,10.1039/d1ta02812j,,0.833967,1.0151655624780236,0.834030602707758,0.21727306053839487,0.21718023197493486,False,False,False,65,yes,yes,high-ZT false positive; important candidate for paper; high predicted ZT; carried from Step14,https://doi.org/10.1039/d1ta02812j
10.1039_d1tc01676h__sample_45540,false_positive,1.0,unknown,p,Sn1.03Te,10.1039/d1tc01676h,,0.5789656,1.2419767111427853,0.6294651535978233,0.38279773967609504,0.45763844483325783,False,True,True,65,yes,yes,high-ZT false positive; important candidate for paper; high predicted ZT; carried from Step14,https://doi.org/10.1039/d1tc01676h
10.1039_d1tc01676h__sample_45541,false_positive,1.0,unknown,p,SnBi0.03Te,10.1039/d1tc01676h,,0.4661739,1.1122598629363831,0.6819923846902051,0.3619034576266895,0.44474389035158335,False,True,True,65,yes,yes,high-ZT false positive; important candidate for paper; high predicted ZT; carried from Step14,https://doi.org/10.1039/d1tc01676h
10.1039_d1tc01676h__sample_45542,false_positive,1.0,unknown,p,Sn0.94Bi0.03Sb0.06Te,10.1039/d1tc01676h,,0.4488842,1.1355066119716772,0.771547483801194,0.17494000215241073,0.3283136824287079,False,True,True,65,yes,yes,high-ZT false positive; important candidate for paper; high predicted ZT; carried from Step14,https://doi.org/10.1039/d1tc01676h
10.1039_d1tc02896k__sample_45863,false_positive,1.0,unknown,p,Nb26.7Ti6.7Fe33.3Sb33.3,10.1039/d1tc02896k,,0.8746646,1.5138282168501407,0.9130216436360564,0.5425754928073325,0.3463348978405463,False,True,True,75,yes,yes,high-ZT false positive; important candidate for paper; high predicted ZT; carried from Step14,https://doi.org/10.1039/d1tc02896k
10.1039_d1tc02896k__sample_45864,false_positive,1.0,unknown,p,Nb26.7Ti6.7Fe32.9Sb33.0Bi0.3,10.1039/d1tc02896k,,0.9197531,1.6400212849559868,0.9367231905208936,0.3924030067805298,0.3970512846595781,False,True,True,65,yes,yes,high-ZT false positive; important candidate for paper; high predicted ZT; carried from Step14,https://doi.org/10.1039/d1tc02896k
10.1039_d1tc02896k__sample_45865,true_positive,1.0,unknown,p,Nb26.7Ti6.7Fe33.1Sb32.3Bi1.0,10.1039/d1tc02896k,,1.202521,2.041161399910733,1.1861689996934122,0.4868911831535717,0.3383989680724104,False,True,True,75,yes,yes,high observed ZT; important candidate for paper; high predicted ZT,https://doi.org/10.1039/d1tc02896k
10.1039_d1tc02896k__sample_45866,false_positive,1.0,unknown,p,Nb26.7Ti6.7Fe33.1Sb31.7Bi1.7,10.1039/d1tc02896k,,0.5668382,1.5823914648945419,0.8948981907780054,0.23269655649337512,0.33737714590303036,False,True,True,75,yes,yes,high-ZT false positive; important candidate for paper; high predicted ZT; carried from Step14,https://doi.org/10.1039/d1tc02896k
10.1039_d2ra01546c__sample_56472,true_positive,1.0,unknown,p,(Cu2Se)98.89(CB4)1.11,10.1039/d2ra01546c,,1.024306,1.344543197747011,0.7589297618029462,0.4910248380947668,0.2827118661573258,False,True,True,65,yes,yes,high observed ZT; important candidate for paper; high predicted ZT; carried from Step14,https://doi.org/10.1039/d2ra01546c
10.1039_d2ra01546c__sample_56473,true_positive,1.0,unknown,p,(Cu2Se)98.16(CB4)1.84,10.1039/d2ra01546c,,1.461806,1.5925713083469022,1.1580966950850216,0.4397666184793847,0.1699026965026071,False,True,True,65,yes,yes,high observed ZT; important candidate for paper; high predicted ZT,https://doi.org/10.1039/d2ra01546c
10.1039_d2ra01546c__sample_56474,true_positive,1.0,unknown,p,(Cu2Se)97.44(CB4)2.56,10.1039/d2ra01546c,,1.333333,1.2344210682756862,0.9854430402791708,0.4461764005290714,0.17569998696831124,False,True,True,65,yes,yes,high observed ZT; important candidate for paper; high predicted ZT,https://doi.org/10.1039/d2ra01546c
10.1039_d4ee01652a__sample_83923,true_positive,1.0,unknown,p,Bi0.4Sb1.6Te3,10.1039/d4ee01652a,,1.156,1.7910272463883956,1.9247568875509196,0.5498097401657834,0.10958332690614242,False,True,True,65,yes,yes,high observed ZT; important candidate for paper; high predicted ZT,https://doi.org/10.1039/d4ee01652a
10.1039_d4ee01652a__sample_83924,true_positive,1.0,unknown,p,(Bi0.4Sb1.6Te3)99.42(C8H10N4Zn)0.58,10.1039/d4ee01652a,,1.403,1.5368333937647103,1.3920389010984764,0.5886753911962379,0.13498276502608028,False,True,True,75,yes,yes,high observed ZT; important candidate for paper; high predicted ZT,https://doi.org/10.1039/d4ee01652a
10.1039_d4ee01652a__sample_83925,true_positive,1.0,unknown,p,(Bi0.4Sb1.6Te3)99.13(C8H10N4Zn)0.87,10.1039/d4ee01652a,,1.48,2.1160844576731437,2.281581061865066,0.5832643071575397,0.115153582237267,False,True,True,65,yes,yes,high observed ZT; important candidate for paper; high predicted ZT,https://doi.org/10.1039/d4ee01652a
10.1039_d4ee01652a__sample_83926,true_positive,1.0,unknown,p,(Bi0.4Sb1.6Te3)98.56(C8H10N4Zn)1.44,10.1039/d4ee01652a,,1.654,2.1232398607216885,2.526025189138195,0.35180337635304076,0.1177904980191934,False,True,True,65,yes,yes,high observed ZT; important candidate for paper; high predicted ZT,https://doi.org/10.1039/d4ee01652a
10.1039_d4ee01652a__sample_83927,true_positive,1.0,unknown,p,(Bi0.4Sb1.6Te3)97.99(C8H10N4Zn)2.01,10.1039/d4ee01652a,,1.391,1.931190268672252,2.233779336379655,0.40951712934013396,0.11858385206453302,False,True,True,65,yes,yes,high observed ZT; important candidate for paper; high predicted ZT,https://doi.org/10.1039/d4ee01652a
10.1063_1.1863440__sample_24379,false_positive,1.0,unknown,n,Bi2Te3,10.1063/1.1863440,,0.9511521,1.0775265260465696,0.9630401949064212,0.09854031530349484,0.13124621933667988,False,True,True,65,yes,yes,high-ZT false positive; important candidate for paper; high predicted ZT; carried from Step14,https://doi.org/10.1063/1.1863440
10.1063_1.2163979__sample_2240,true_positive,1.0,unknown,n,Ba8Ga16Ge30,10.1063/1.2163979,,1.12547,1.080509456671827,1.3176676632833817,0.06319009010403237,0.13249309840485496,False,True,False,70,yes,yes,high observed ZT; important candidate for paper; high predicted ZT,https://doi.org/10.1063/1.2163979
10.1063_1.2397538__sample_3359,false_positive,1.0,unknown,n,K0.38Co4Sb12,10.1063/1.2397538,,0.9885264,1.1027119397122502,0.9278465540127602,0.09572786464433125,0.10470703013548413,False,True,True,65,yes,yes,high-ZT false positive; important candidate for paper; high predicted ZT; carried from Step14,https://doi.org/10.1063/1.2397538
10.1063_1.2743816__sample_7438,false_positive,1.0,unknown,p,(Pb)0.79(Bi0.4Sb1.6Te3)99.21,10.1063/1.2743816,,,2.136451319438465,0.8763794048163729,,1.8308877443650473,False,True,True,95,yes,yes,large ZT prediction error; important candidate for paper; high predicted ZT; carried from Step14,https://doi.org/10.1063/1.2743816
10.1063_1.2743816__sample_7440,false_positive,1.0,unknown,p,Bi0.4Sb1.6Te3,10.1063/1.2743816,,,2.603621356880694,0.9839961850554748,,1.801981807051083,False,True,True,95,yes,yes,large ZT prediction error; important candidate for paper; high predicted ZT; carried from Step14,https://doi.org/10.1063/1.2743816
10.1063_1.2743816__sample_7441,false_positive,1.0,unknown,p,Bi0.4Sb1.6Te3,10.1063/1.2743816,,,1.1461389278240464,0.7302460708952822,,0.3932093197474227,False,True,True,35,no,yes,high predicted ZT,https://doi.org/10.1063/1.2743816
10.1063_1.2745413__sample_9361,true_positive,1.0,unknown,p,(Cu4Te3)0.025(Bi0.5Sb1.5Te3)0.975,10.1063/1.2745413,,1.259191,1.4401571816491467,1.261175602389199,0.11752255891450186,0.11334411254075595,False,True,True,65,yes,yes,high observed ZT; important candidate for paper; high predicted ZT,https://doi.org/10.1063/1.2745413
10.1063_1.2745413__sample_9363,false_positive,1.0,unknown,p,(Cu4Te3)0.05(Bi0.5Sb1.5Te3)0.95,10.1063/1.2745413,,0.9613971,1.4687645272078305,0.9644319578644248,0.15756669408955687,0.15615261829252464,False,True,True,65,yes,yes,high-ZT false positive; important candidate for paper; high predicted ZT; carried from Step14,https://doi.org/10.1063/1.2745413
10.1063_1.2745413__sample_9364,false_positive,1.0,unknown,p,(Cu4Te3)0.1(Bi0.5Sb1.5Te3)0.9,10.1063/1.2745413,,0.8676471,1.3059097485764615,0.8642637841389813,0.15747942298702644,0.15572226200184427,False,True,True,65,yes,yes,high-ZT false positive; important candidate for paper; high predicted ZT; carried from Step14,https://doi.org/10.1063/1.2745413
10.1063_1.2745413__sample_9365,false_positive,1.0,unknown,p,(Cu4Te3)0.2(Bi0.5Sb1.5Te3)0.8,10.1063/1.2745413,,0.6985294,1.025628886905267,0.6875011756985344,0.13793200333835198,0.14410122414241228,False,True,True,65,yes,yes,high-ZT false positive; important candidate for paper; high predicted ZT; carried from Step14,https://doi.org/10.1063/1.2745413
10.1063_1.2811936__sample_3942,false_positive,1.0,unknown,n,Ba0.44Co4Sb12.13,10.1063/1.2811936,,0.8690973,1.2014474844352583,1.240433926665304,0.21189897903274948,0.10070355300668232,False,True,True,65,yes,yes,high-ZT false positive; important candidate for paper; high predicted ZT; carried from Step14,https://doi.org/10.1063/1.2811936
10.1063_1.2821364__sample_5372,true_positive,1.0,unknown,n,Ba0.09In0.17Co4Sb11.74,10.1063/1.2821364,,1.014842,1.2325652316935927,0.9492885390351282,0.28994953994261796,0.15914800724286282,False,True,True,75,yes,yes,high observed ZT; important candidate for paper; high predicted ZT,https://doi.org/10.1063/1.2821364
10.1063_1.2900960__sample_1440,false_negative,1.0,unknown,p,Bi2Te3Sb2Te3,10.1063/1.2900960,,1.012093,0.712517617787568,0.6818275555555557,,0.04501147244922629,False,True,True,100,yes,yes,high observed ZT; high-ZT false negative; important candidate for paper; carried from Step14,https://doi.org/10.1063/1.2900960
10.1063_1.2900960__sample_1442,false_negative,1.0,unknown,p,Bi2Te3(Sb2Te3)7,10.1063/1.2900960,,1.026977,0.3033431637834653,0.3118506155440413,,0.10455180230970898,False,True,True,100,yes,yes,high observed ZT; high-ZT false negative; important candidate for paper; carried from Step14,https://doi.org/10.1063/1.2900960
10.1063_1.2920210__sample_3367,true_positive,1.0,unknown,n,Ba0.11Yb0.08Co4Sb12,10.1063/1.2920210,,1.233828,1.7929406716279779,1.3098200111845746,0.4531528475832758,0.36884507513859005,False,True,True,75,yes,yes,high observed ZT; important candidate for paper; high predicted ZT,https://doi.org/10.1063/1.2920210
10.1063_1.2936277__sample_3371,true_positive,1.0,unknown,n,Yb0.2Co4Sb12,10.1063/1.2936277,,1.007634,1.0816187285402366,0.9927077848118964,,0.05549487917201581,False,True,True,75,yes,yes,high observed ZT; important candidate for paper; high predicted ZT,https://doi.org/10.1063/1.2936277
10.1063_1.2936277__sample_3372,true_positive,1.0,unknown,n,Yb0.2Co4Sb12.3,10.1063/1.2936277,,1.220611,1.4822420692492861,1.2404299129657763,0.05344170915987865,0.07373531193663185,False,True,True,65,yes,yes,high observed ZT; important candidate for paper; high predicted ZT,https://doi.org/10.1063/1.2936277
10.1063_1.2981516__sample_5345,true_positive,1.0,unknown,n,Mg2Si0.395Sn0.6Sb0.005,10.1063/1.2981516,,1.025899,1.1880480818055017,0.9571635265318288,0.2397798809875153,0.24121746062583094,False,True,True,75,yes,yes,high observed ZT; important candidate for paper; high predicted ZT,https://doi.org/10.1063/1.2981516
10.1063_1.2981516__sample_5346,true_positive,1.0,unknown,n,Mg2Si0.3925Sn0.6Sb0.0075,10.1063/1.2981516,,1.08777,1.366587669574865,1.0781775916005492,0.25632042580220565,0.2674977482570127,False,True,True,75,yes,yes,high observed ZT; important candidate for paper; high predicted ZT,https://doi.org/10.1063/1.2981516
10.1063_1.3027060__sample_21195,true_positive,1.0,unknown,n,Si80Ge20P2,10.1063/1.3027060,,1.321747,1.5933144762731144,1.3273587941813618,0.30029618235224914,0.27142098700056894,False,True,False,60,yes,yes,high observed ZT; important candidate for paper; high predicted ZT,https://doi.org/10.1063/1.3027060
10.1063_1.3027060__sample_21196,true_positive,1.0,unknown,n,Si80Ge20P2,10.1063/1.3027060,,1.310509,1.504674751160405,1.2674581350182903,0.2718118983528178,0.33358381793362596,False,True,False,60,yes,yes,high observed ZT; important candidate for paper; high predicted ZT,https://doi.org/10.1063/1.3027060
10.1063_1.3027060__sample_21197,true_positive,1.0,unknown,n,Si80Ge20P2,10.1063/1.3027060,,1.283957,1.4276390268475028,1.276968767597569,0.24742394755253377,0.2539118986348829,False,True,False,60,yes,yes,high observed ZT; important candidate for paper; high predicted ZT,https://doi.org/10.1063/1.3027060
10.1063_1.3027060__sample_21198,true_positive,1.0,unknown,n,Si80Ge20P2,10.1063/1.3027060,,1.258824,1.4919692740608475,1.2692528923311417,0.20565598394360274,0.2024393914981602,False,True,False,60,yes,yes,high observed ZT; important candidate for paper; high predicted ZT,https://doi.org/10.1063/1.3027060
10.1063_1.3040321__sample_5987,true_positive,1.0,unknown,p,YbCd1.6Zn0.4Sb2,10.1063/1.3040321,,1.09398,1.2491379418018342,1.1033195605581665,0.06418885684441074,0.06251682210123348,False,True,True,65,yes,yes,high observed ZT; important candidate for paper; high predicted ZT,https://doi.org/10.1063/1.3040321
10.1063_1.3054158__sample_3376,true_positive,1.0,unknown,n,Yb0.3Co4Sb12.3,10.1063/1.3054158,,1.238152,1.6343708032158941,1.3147564341770024,0.04298589833020986,0.1110544673887172,False,True,True,75,yes,yes,high observed ZT; important candidate for paper; high predicted ZT,https://doi.org/10.1063/1.3054158
10.1063_1.3054158__sample_3377,true_positive,1.0,unknown,n,Yb0.3Co4Sb12.6,10.1063/1.3054158,,1.094343,1.4642833139559548,1.1161876259518897,0.036005410394972466,0.09546111273905138,False,True,True,65,yes,yes,high observed ZT; important candidate for paper; high predicted ZT,https://doi.org/10.1063/1.3054158
10.1063_1.3093833__sample_46719,false_positive,1.0,unknown,n,(PbI2)0.00037(Ge)0.2(PbTe)0.8,10.1063/1.3093833,,0.6770432,1.029987949570885,0.6694068278701979,0.31355076904469503,0.26993757202801205,False,True,True,65,yes,yes,high-ZT false positive; important candidate for paper; high predicted ZT; carried from Step14,https://doi.org/10.1063/1.3093833
10.1063_1.3097026__sample_6623,true_positive,1.0,unknown,p,Bi0.52Sb1.48Te3,10.1063/1.3097026,,1.066019,1.043599427643819,1.0703982022905143,0.07818245322342236,0.07895260588111648,False,True,True,65,yes,yes,high observed ZT; important candidate for paper; high predicted ZT,https://doi.org/10.1063/1.3097026
10.1063_1.3097026__sample_6624,true_positive,1.0,unknown,p,Bi0.52Sb1.48Te3,10.1063/1.3097026,,1.154212,1.1390598445186864,1.1582004425648953,0.05290693868389817,0.054093651985870156,False,True,True,65,yes,yes,high observed ZT; important candidate for paper; high predicted ZT,https://doi.org/10.1063/1.3097026
10.1063_1.3097026__sample_6625,true_positive,1.0,unknown,p,Bi0.52Sb1.48Te3,10.1063/1.3097026,,1.55018,1.5241150370354453,1.5746170369181165,0.058470201015725205,0.06157037884087512,False,True,True,65,yes,yes,high observed ZT; important candidate for paper; high predicted ZT,https://doi.org/10.1063/1.3097026
10.1063_1.3099804__sample_4963,true_positive,1.0,unknown,n,In0.15Ce0.15Co4Sb12,10.1063/1.3099804,,1.33233,1.0983427159781665,1.15362142221372,,0.04791754484714535,False,True,True,75,yes,yes,high observed ZT; important candidate for paper; high predicted ZT,https://doi.org/10.1063/1.3099804
10.1063_1.3099804__sample_4965,true_positive,1.0,unknown,n,In0.2Ce0.2Co4Sb12,10.1063/1.3099804,,1.377166,1.578438954221693,1.3102047077388197,0.12923531896062707,0.13489374026292056,False,True,True,75,yes,yes,high observed ZT; important candidate for paper; high predicted ZT,https://doi.org/10.1063/1.3099804
10.1063_1.3099804__sample_4966,false_negative,1.0,unknown,n,In0.25Ce0.05Co4Sb12,10.1063/1.3099804,,1.173516,0.842756384794138,0.9206832361512042,0.04643558865874503,0.052051248600341715,False,True,True,90,yes,yes,high observed ZT; high-ZT false negative; important candidate for paper; carried from Step14,https://doi.org/10.1063/1.3099804
10.1063_1.3106102__sample_16672,false_negative,1.0,unknown,p,AgSbTe2,10.1063/1.3106102,,1.070998,0.5294711009650716,0.4236443981016899,0.24785555328403444,0.24980078418971427,False,True,True,100,yes,yes,high observed ZT; high-ZT false negative; important candidate for paper; carried from Step14,https://doi.org/10.1063/1.3106102
10.1063_1.3143104__sample_29964,true_positive,1.0,unknown,p,Bi0.52Sb1.48Te3,10.1063/1.3143104,,1.060028,1.0435190253782138,1.0638798885405265,0.09098403329568988,0.09351058694384845,False,True,True,65,yes,yes,high observed ZT; important candidate for paper; high predicted ZT,https://doi.org/10.1063/1.3143104
10.1063_1.3143104__sample_29965,true_positive,1.0,unknown,p,Bi0.52Sb1.48Te3,10.1063/1.3143104,,1.151382,1.1380681304296598,1.1417178971072697,0.05902368214732587,0.05278907535456021,False,True,True,65,yes,yes,high observed ZT; important candidate for paper; high predicted ZT,https://doi.org/10.1063/1.3143104
10.1063_1.3143104__sample_29966,true_positive,1.0,unknown,p,Bi0.52Sb1.48Te3,10.1063/1.3143104,,1.546085,1.5016338056641063,1.576788280649159,0.05438534405747031,0.06177247727427386,False,True,True,65,yes,yes,high observed ZT; important candidate for paper; high predicted ZT,https://doi.org/10.1063/1.3143104
10.1063_1.3427427__sample_42740,false_negative,1.0,unknown,p,Bi0.4Sb1.6Te3,10.1063/1.3427427,,1.18789,0.9467326945433271,0.8160536763636447,0.1530436885105632,0.16013532193371316,False,True,True,100,yes,yes,high observed ZT; high-ZT false negative; important candidate for paper; carried from Step14,https://doi.org/10.1063/1.3427427
10.1063_1.3427427__sample_42741,true_positive,1.0,unknown,p,Bi0.4Sb1.6Te3,10.1063/1.3427427,,1.659674,1.4787316054401818,1.5084138622150811,0.08163905476176418,0.08479039704318773,False,True,True,75,yes,yes,high observed ZT; important candidate for paper; high predicted ZT,https://doi.org/10.1063/1.3427427
10.1063_1.3427427__sample_42742,true_positive,1.0,unknown,p,Bi0.4Sb1.6Te3,10.1063/1.3427427,,1.651728,1.4531985668365675,1.4999843828314028,0.11033950099636142,0.12043467350895391,False,True,True,65,yes,yes,high observed ZT; important candidate for paper; high predicted ZT,https://doi.org/10.1063/1.3427427
10.1063_1.3427427__sample_42743,true_positive,1.0,unknown,p,Bi0.4Sb1.6Te3,10.1063/1.3427427,,1.648073,1.4320982219540332,1.8152477807897756,0.1368506490777867,0.16516330599819082,False,True,True,75,yes,yes,high observed ZT; important candidate for paper; high predicted ZT,https://doi.org/10.1063/1.3427427
10.1063_1.3427427__sample_42744,true_positive,1.0,unknown,p,Bi0.4Sb1.6Te3,10.1063/1.3427427,,1.678522,1.5140717426980088,1.5139486057395328,0.1219102785699572,0.11712078257595637,False,True,True,65,yes,yes,high observed ZT; important candidate for paper; high predicted ZT,https://doi.org/10.1063/1.3427427
10.1063_1.3541654__sample_6627,true_positive,1.0,unknown,p,(ZnAlO)1.05(BiSbTe)98.95,10.1063/1.3541654,,1.232323,1.2768851915422,1.2340162722277273,0.16224232825077262,0.1589680338080378,False,True,True,65,yes,yes,high observed ZT; important candidate for paper; high predicted ZT,https://doi.org/10.1063/1.3541654
10.1063_1.3541654__sample_6628,true_positive,1.0,unknown,p,(ZnAlO)2.08(BiSbTe)97.92,10.1063/1.3541654,,1.264646,1.296799665585633,1.2638101730052735,0.17192013317857852,0.16297614865014984,False,True,True,65,yes,yes,high observed ZT; important candidate for paper; high predicted ZT,https://doi.org/10.1063/1.3541654
10.1063_1.3541654__sample_6629,true_positive,1.0,unknown,p,(ZnAlO)3.1(BiSbTe)96.9,10.1063/1.3541654,,1.335354,1.3266500753136206,1.3379791233660878,0.19328095748455032,0.19246163206667724,False,True,True,65,yes,yes,high observed ZT; important candidate for paper; high predicted ZT,https://doi.org/10.1063/1.3541654
10.1063_1.3541654__sample_6630,true_positive,1.0,unknown,p,(ZnAlO)4.1(BiSbTe)95.9,10.1063/1.3541654,,1.018182,1.0618974202734242,1.0148474385721946,0.16946335057107856,0.16544859737247847,False,True,True,65,yes,yes,high observed ZT; important candidate for paper; high predicted ZT,https://doi.org/10.1063/1.3541654
10.1063_1.3643051__sample_1447,false_negative,1.0,unknown,p,Bi0.4Sb1.6Te3,10.1063/1.3643051,,1.025057,7.207326142767771e-05,6.522218608442293e-05,0.9998897555268075,0.10504209923885131,False,True,True,100,yes,yes,high observed ZT; high-ZT false negative; important candidate for paper; carried from Step14,https://doi.org/10.1063/1.3643051
10.1063_1.3651484__sample_16625,false_positive,1.0,unknown,n,NiZr0.5Hf0.5Sn,10.1063/1.3651484,,0.1380597,1.0938521333773037,0.8715545516100048,6.117158844179158,0.22721381931784335,False,True,False,85,yes,yes,high-ZT false positive; important candidate for paper; high predicted ZT; carried from Step14,https://doi.org/10.1063/1.3651484
10.1063_1.4754570__sample_10581,false_positive,1.0,unknown,n,Zr0.25Hf0.75NiSn,10.1063/1.4754570,,0.9412361,1.4605413279876103,1.0891379314197065,0.04974523226746019,0.0973469375355756,False,True,False,60,yes,yes,high-ZT false positive; important candidate for paper; high predicted ZT; carried from Step14,https://doi.org/10.1063/1.4754570
10.1063_1.4768297__sample_21211,false_negative,1.0,unknown,n,Si0.8Ge0.2,10.1063/1.4768297,,1.483594,0.932507119262835,1.52843979128079,0.37145396970947914,0.3898960727256257,False,True,False,95,yes,yes,high observed ZT; high-ZT false negative; important candidate for paper; carried from Step14,https://doi.org/10.1063/1.4768297
10.1063_1.4817720__sample_4967,true_positive,1.0,unknown,n,Ce0.2Co4Sb12,10.1063/1.4817720,,1.008531,1.1097984499221178,1.0079748655159149,0.09604000843179558,0.11078362098311234,False,True,True,75,yes,yes,high observed ZT; important candidate for paper; high predicted ZT,https://doi.org/10.1063/1.4817720
10.1063_1.4817720__sample_4968,true_positive,1.0,unknown,n,Ce0.2Co3.95Fe0.05Sb12,10.1063/1.4817720,,1.05916,1.068537309217403,1.1487314449098798,0.1545459680499038,0.06613244637729926,False,True,True,75,yes,yes,high observed ZT; important candidate for paper; high predicted ZT,https://doi.org/10.1063/1.4817720
10.1063_1.4817720__sample_4969,true_positive,1.0,unknown,n,Ce0.2Co3.9Fe0.1Sb12,10.1063/1.4817720,,1.06323,1.1500721933405378,1.2638237976380255,,0.07472204918211336,False,True,True,75,yes,yes,high observed ZT; important candidate for paper; high predicted ZT,https://doi.org/10.1063/1.4817720
10.1063_1.4817720__sample_4970,false_positive,1.0,unknown,n,Ce0.2Co3.975Mn0.025Sb12,10.1063/1.4817720,,0.8039159,1.4554777600615145,1.1322575025830866,0.07413146388914188,0.11860683517556676,False,True,True,75,yes,yes,high-ZT false positive; important candidate for paper; high predicted ZT; carried from Step14,https://doi.org/10.1063/1.4817720
10.1063_1.4828478__sample_16710,false_positive,1.0,unknown,p,AgSbTe2,10.1063/1.4828478,,0.92146,1.0247463014211586,0.9580244538445698,0.04876282244223495,0.03955097566233554,False,True,True,65,yes,yes,high-ZT false positive; important candidate for paper; high predicted ZT; carried from Step14,https://doi.org/10.1063/1.4828478
10.1063_1.4828478__sample_16712,true_positive,1.0,unknown,p,Ag(Sb0.95Bi0.05)Te2,10.1063/1.4828478,,1.025231,1.0508534829081986,1.0218688514872467,0.0740906748255714,0.08675002075331818,False,True,True,65,yes,yes,high observed ZT; important candidate for paper; high predicted ZT,https://doi.org/10.1063/1.4828478
10.1063_1.4869220__sample_16940,false_negative,1.0,unknown,n,AgPb20SbTe20,10.1063/1.4869220,,1.246136,0.4274428629320585,1.1086831756833726,0.6880685553459236,0.7155342973070163,False,True,True,90,yes,yes,high observed ZT; high-ZT false negative; important candidate for paper; carried from Step14,https://doi.org/10.1063/1.4869220
10.1063_1.4869220__sample_16941,false_negative,1.0,unknown,n,(SiC)0.08AgPb20SbTe20,10.1063/1.4869220,,1.248514,0.5906789440402526,1.2603594079983558,0.5866580460022529,0.6510127873679739,False,True,True,90,yes,yes,high observed ZT; high-ZT false negative; important candidate for paper; carried from Step14,https://doi.org/10.1063/1.4869220
10.1063_1.4869220__sample_16942,false_negative,1.0,unknown,n,(SiC)0.8AgPb20SbTe20,10.1063/1.4869220,,1.543401,0.4963365604288459,1.733754724808609,0.8599679908828195,0.9526155173450123,False,True,True,90,yes,yes,high observed ZT; high-ZT false negative; important candidate for paper; carried from Step14,https://doi.org/10.1063/1.4869220
10.1063_1.4869220__sample_16943,false_negative,1.0,unknown,n,(SiC)1.7AgPb20SbTe20,10.1063/1.4869220,,1.184304,0.35218913311461797,1.118533332210056,0.4973103048141578,0.48806226890923565,False,True,True,90,yes,yes,high observed ZT; high-ZT false negative; important candidate for paper; carried from Step14,https://doi.org/10.1063/1.4869220
10.1063_1.4870003__sample_4973,false_positive,1.0,unknown,n,Ba0.3In0.3Co4Sb12,10.1063/1.4870003,,0.9407247,1.181088263606348,0.950913297660446,0.10196124411051492,0.09303502498866463,False,True,True,65,yes,yes,high-ZT false positive; important candidate for paper; high predicted ZT; carried from Step14,https://doi.org/10.1063/1.4870003
10.1063_1.4870003__sample_4974,true_positive,1.0,unknown,n,Ba0.3In0.3Co4Sb12,10.1063/1.4870003,,1.157896,1.5180873932906358,1.1580482922647792,0.27743260289744437,0.27749906927011786,False,True,True,75,yes,yes,high observed ZT; important candidate for paper; high predicted ZT,https://doi.org/10.1063/1.4870003
10.1063_1.4870003__sample_4975,true_positive,1.0,unknown,n,Ba0.3In0.3Co4Sb12,10.1063/1.4870003,,1.318458,1.3812630934655654,1.2894906601037948,0.03751075898755292,0.03766451916229538,False,True,True,65,yes,yes,high observed ZT; important candidate for paper; high predicted ZT,https://doi.org/10.1063/1.4870003
10.1063_1.4870003__sample_4976,true_positive,1.0,unknown,n,Ba0.3In0.3Co4Sb12,10.1063/1.4870003,,1.363535,1.380746516276867,1.2639236457825034,0.10484755630773804,0.051676335782321205,False,True,True,75,yes,yes,high observed ZT; important candidate for paper; high predicted ZT,https://doi.org/10.1063/1.4870003
10.1063_1.4870509__sample_31142,false_positive,1.0,unknown,n,Ag2Se1.02,10.1063/1.4870509,,0.6131579,1.20401760233426,0.6208584002915669,0.381870833901468,0.28453189369973675,False,True,True,65,yes,yes,high-ZT false positive; important candidate for paper; high predicted ZT; carried from Step14,https://doi.org/10.1063/1.4870509
10.1063_1.4870509__sample_31144,false_positive,1.0,unknown,n,Ag2Se1.06,10.1063/1.4870509,,0.8447368,1.4156510449149882,0.8365727243514719,0.8504825760202217,0.41432338928243784,False,True,True,65,yes,yes,high-ZT false positive; important candidate for paper; high predicted ZT; carried from Step14,https://doi.org/10.1063/1.4870509
10.1063_1.4887504__sample_24346,true_positive,1.0,unknown,p,"Sb2Te3/poly(3,4-ethylenedioxythiophene)",10.1063/1.4887504,,1.147905,1.2316903728898227,1.2662466909070835,0.10422070869223321,0.09638780012668516,False,True,True,65,yes,yes,high observed ZT; important candidate for paper; high predicted ZT,https://doi.org/10.1063/1.4887504
10.1063_1.4896435__sample_10660,false_negative,1.0,unknown,p,Ag(Sb0.97Sn0.03)Te2,10.1063/1.4896435,,1.123516,0.8713837038980548,1.1974681445697617,0.32595642068118075,0.30818802512447285,False,True,True,90,yes,yes,high observed ZT; high-ZT false negative; important candidate for paper; carried from Step14,https://doi.org/10.1063/1.4896435
10.1063_1.4896520__sample_11489,false_positive,1.0,unknown,p,Cu1.94Al0.02Se,10.1063/1.4896520,,,1.1286757407146806,0.9615858688869732,,0.1737648994583421,False,True,True,35,no,yes,high predicted ZT,https://doi.org/10.1063/1.4896520
10.1063_1.4896520__sample_11490,true_positive,1.0,unknown,p,Cu1.94Al0.02Se,10.1063/1.4896520,,1.163074,1.2761880318375036,1.0961964029646507,,0.15865073654622083,False,True,True,75,yes,yes,high observed ZT; important candidate for paper; high predicted ZT,https://doi.org/10.1063/1.4896520
10.1063_1.4897146__sample_84084,false_positive,1.0,unknown,p,CSA 1.0M doped-Polyaniline,10.1063/1.4897146,,0.97419,1.6788387987182571,0.3788810860269972,0.8832887529003451,1.436768439227735,False,False,False,75,yes,yes,high-ZT false positive; important candidate for paper; high predicted ZT; carried from Step14,https://doi.org/10.1063/1.4897146
10.1063_1.4897146__sample_84085,false_positive,1.0,unknown,p,CSA 1.0M doped-Polyaniline,10.1063/1.4897146,,0.99355,5.065862703735115,1.887593216541573,1.1935639288087159,0.9173330922002068,False,False,False,80,yes,yes,high-ZT false positive; important candidate for paper; high predicted ZT; carried from Step14,https://doi.org/10.1063/1.4897146
10.1063_1.4901178__sample_9521,false_negative,1.0,unknown,n,Mg2.08Si0.395Sn0.6Bi0.005,10.1063/1.4901178,,1.123196,0.7460838624840305,0.8092641957634719,0.08564629704978793,0.07445092942685957,False,True,False,95,yes,yes,high observed ZT; high-ZT false negative; important candidate for paper; carried from Step14,https://doi.org/10.1063/1.4901178
10.1063_1.4901460__sample_14199,false_positive,1.0,unknown,p,Tl9BiTe6,10.1063/1.4901460,,0.7061532,1.2991937778320553,1.0850032825555231,0.01185420824196342,0.12259617649733368,False,True,True,75,yes,yes,high-ZT false positive; important candidate for paper; high predicted ZT; carried from Step14,https://doi.org/10.1063/1.4901460
10.1063_1.4901460__sample_14201,false_positive,1.0,unknown,p,Tl9Bi0.9Pb0.1Te6,10.1063/1.4901460,,0.660477,1.201622089356668,0.9127327082188038,,0.3165103852820519,False,True,True,75,yes,yes,high-ZT false positive; important candidate for paper; high predicted ZT; carried from Step14,https://doi.org/10.1063/1.4901460
10.1063_1.4901460__sample_14204,false_positive,1.0,unknown,p,Tl9Sb0.97Sn0.03Te6,10.1063/1.4901460,,0.8317844,1.0227665960772878,0.7917156275751628,0.22960540745569144,0.291835806260108,False,True,True,75,yes,yes,high-ZT false positive; important candidate for paper; high predicted ZT; carried from Step14,https://doi.org/10.1063/1.4901460
10.1063_1.4918311__sample_8494,false_positive,1.0,unknown,n,Mg2Si0.4Sn0.4Ge0.2,10.1063/1.4918311,,0.9810848,2.00026955273098,0.9225861766226654,1.0388345153558387,1.1681113411577633,False,True,False,115,yes,yes,high-ZT false positive; important candidate for paper; high predicted ZT; carried from Step14,https://doi.org/10.1063/1.4918311
10.1063_1.4936123__sample_1465,true_positive,1.0,unknown,p,"Sb2Te3/Poly(3,4-ethylenedioxythiophene)/Sb2Te3",10.1063/1.4936123,,1.30297,2.0802320620947476,1.6628782655367234,0.5980579397535777,0.11897559977982093,False,True,True,65,yes,yes,high observed ZT; important candidate for paper; high predicted ZT,https://doi.org/10.1063/1.4936123
10.1063_1.4936123__sample_1466,false_positive,1.0,unknown,p,"Sb2Te3/Poly(3,4-ethylenedioxythiophene)/Sb2Te3",10.1063/1.4936123,,0.8490099,1.374020844968159,1.2090004052054797,0.7392374813604048,0.15018362087118933,False,True,True,65,yes,yes,high-ZT false positive; important candidate for paper; high predicted ZT; carried from Step14,https://doi.org/10.1063/1.4936123
10.1063_1.4936829__sample_4933,false_negative,1.0,unknown,n,Yb0.21Co4Sb12,10.1063/1.4936829,,1.224132,0.5764109843517875,0.6068690632428939,0.0461365760279853,0.02745544669359754,False,True,True,100,yes,yes,high observed ZT; high-ZT false negative; important candidate for paper; carried from Step14,https://doi.org/10.1063/1.4936829
10.1063_1.4936829__sample_4934,true_positive,1.0,unknown,n,Yb0.23Co4Sb12,10.1063/1.4936829,,1.183311,1.5349290843443806,1.2510036347086608,0.06428724939422223,0.11328680626480608,False,True,True,65,yes,yes,high observed ZT; important candidate for paper; high predicted ZT,https://doi.org/10.1063/1.4936829
10.1063_1.4936829__sample_4935,false_negative,1.0,unknown,n,Yb0.26Co4Sb12,10.1063/1.4936829,,1.190822,0.8344383715902108,0.8818979144909788,0.0579823668931128,0.05381523430425734,False,True,True,100,yes,yes,high observed ZT; high-ZT false negative; important candidate for paper; carried from Step14,https://doi.org/10.1063/1.4936829
10.1063_1.4944434__sample_5422,false_positive,1.0,unknown,n,In0.3Co4Sb12,10.1063/1.4944434,,0.5660062,1.1834935440410301,1.112472638531436,,0.06384058632070991,False,True,True,75,yes,yes,high-ZT false positive; important candidate for paper; high predicted ZT; carried from Step14,https://doi.org/10.1063/1.4944434
10.1063_1.4952982__sample_12360,false_positive,1.0,unknown,n,(PbTe)10(AgBiTe2),10.1063/1.4952982,,0.5864454,1.1143311236344209,0.5905441907701878,0.4634210076587316,0.464220356317741,False,True,True,65,yes,yes,high-ZT false positive; important candidate for paper; high predicted ZT; carried from Step14,https://doi.org/10.1063/1.4952982
10.1063_1.4952982__sample_12362,false_positive,1.0,unknown,n,(PbTe)10(AgBiTe2),10.1063/1.4952982,,0.9128631,1.5316775036532584,0.9022948106641268,0.3661520594286159,0.36595327245513504,False,True,True,65,yes,yes,high-ZT false positive; important candidate for paper; high predicted ZT; carried from Step14,https://doi.org/10.1063/1.4952982
10.1063_1.4952982__sample_12365,false_positive,1.0,unknown,n,(PbTe)12(AgBiTe2),10.1063/1.4952982,,0.6348548,1.214640913312171,0.63590079419824,0.5129132576824278,0.5050905390430358,False,True,True,65,yes,yes,high-ZT false positive; important candidate for paper; high predicted ZT; carried from Step14,https://doi.org/10.1063/1.4952982
10.1063_1.4963779__sample_31530,false_positive,1.0,unknown,n,Ag0.99In0.01BiSe2,10.1063/1.4963779,,0.5970414,1.0727583172137054,0.5998822949548092,0.45830730461767,0.45384624107184385,False,True,True,65,yes,yes,high-ZT false positive; important candidate for paper; high predicted ZT; carried from Step14,https://doi.org/10.1063/1.4963779
10.1063_1.4974049__sample_2528,true_positive,1.0,unknown,p,PbTe,10.1063/1.4974049,,1.090536,1.3970277786485317,0.9564250245584164,0.046079414633026276,0.380469784638799,False,True,True,75,yes,yes,high observed ZT; important candidate for paper; high predicted ZT,https://doi.org/10.1063/1.4974049
10.1063_1.4974049__sample_2529,false_positive,1.0,unknown,p,PbTe,10.1063/1.4974049,,0.7252535,2.125956149829612,0.93939293717761,0.39670028824465203,0.7015197218401218,False,True,True,75,yes,yes,high-ZT false positive; important candidate for paper; high predicted ZT; carried from Step14,https://doi.org/10.1063/1.4974049
10.1063_1.4974049__sample_2531,false_positive,1.0,unknown,p,PbTe,10.1063/1.4974049,,0.8434569,1.4721842023557858,0.7846725136138712,0.4156598140946791,0.6088672756309714,False,True,True,75,yes,yes,high-ZT false positive; important candidate for paper; high predicted ZT; carried from Step14,https://doi.org/10.1063/1.4974049
10.1063_1.4974049__sample_2532,true_positive,1.0,unknown,p,PbTe,10.1063/1.4974049,,1.201688,2.435578646821097,1.1732019636407736,0.7070278235557234,0.7588362637457348,False,True,True,65,yes,yes,high observed ZT; important candidate for paper; high predicted ZT,https://doi.org/10.1063/1.4974049
10.1063_1.4974049__sample_2533,true_positive,1.0,unknown,p,PbTe,10.1063/1.4974049,,1.174694,1.4811324868253124,0.8820343302363628,0.5730058763473105,0.40487654206216794,False,True,True,75,yes,yes,high observed ZT; important candidate for paper; high predicted ZT,https://doi.org/10.1063/1.4974049
10.1063_1.4984914__sample_49635,true_positive,1.0,unknown,p,(Bi2Te3)0.25(Sb2Te3)0.75,10.1063/1.4984914,,1.124518,1.1306869039590322,1.123299336865594,0.09339601191636085,0.09167049625292704,False,True,True,65,yes,yes,high observed ZT; important candidate for paper; high predicted ZT,https://doi.org/10.1063/1.4984914
10.1063_1.4984914__sample_49636,true_positive,1.0,unknown,p,((Bi2Te3)0.25(Sb2Te3)0.75)90.01(ZrO2)9.99,10.1063/1.4984914,,1.349766,1.2544118766499661,1.3433030663700958,0.07681613372399596,0.068396684554377,False,True,True,65,yes,yes,high observed ZT; important candidate for paper; high predicted ZT,https://doi.org/10.1063/1.4984914
10.1063_1.4984914__sample_49637,true_positive,1.0,unknown,p,((Bi2Te3)0.25(Sb2Te3)0.75)81.53(ZrO2)18.47,10.1063/1.4984914,,1.269719,1.2545863379771864,1.2579880806914845,0.057017810913541744,0.03129502038350277,False,True,True,65,yes,yes,high observed ZT; important candidate for paper; high predicted ZT,https://doi.org/10.1063/1.4984914
10.1063_1.5018477__sample_43340,false_positive,1.0,unknown,p,Sn0.999In0.001Te,10.1063/1.5018477,,0.8166918,1.243916909760431,0.7875091373644134,0.3602419873900948,0.3558469307431256,False,True,True,65,yes,yes,high-ZT false positive; important candidate for paper; high predicted ZT; carried from Step14,https://doi.org/10.1063/1.5018477
10.1063_1.5018477__sample_43341,false_positive,1.0,unknown,p,Sn0.998In0.002Te,10.1063/1.5018477,,0.8443011,1.1830971598919904,0.7903900395509321,0.3205704654631351,0.3261746983762155,False,True,True,65,yes,yes,high-ZT false positive; important candidate for paper; high predicted ZT; carried from Step14,https://doi.org/10.1063/1.5018477
10.1063_1.5018477__sample_43342,false_positive,1.0,unknown,p,Sn0.995In0.005Te,10.1063/1.5018477,,0.8962603,1.1830141297477115,0.8697350937210618,0.2738186864487011,0.2816069837527292,False,True,True,65,yes,yes,high-ZT false positive; important candidate for paper; high predicted ZT; carried from Step14,https://doi.org/10.1063/1.5018477
10.1063_1.5018477__sample_43352,true_positive,1.0,unknown,p,(Sn0.995In0.005Te)0.95(Ag0.366Sb0.558Te)0.05,10.1063/1.5018477,,1.136933,1.2225476773866235,1.1488890446715525,0.16339390420677843,0.16325722097376724,False,True,True,65,yes,yes,high observed ZT; important candidate for paper; high predicted ZT,https://doi.org/10.1063/1.5018477
10.1063_1.5018477__sample_43353,true_positive,1.0,unknown,p,(Sn0.995In0.005Te)0.9(Ag0.366Sb0.558Te)0.1,10.1063/1.5018477,,1.120369,1.3759737136845234,1.1645832427323652,0.16254036900908483,0.16791517880333173,False,True,True,65,yes,yes,high observed ZT; important candidate for paper; high predicted ZT,https://doi.org/10.1063/1.5018477
10.1063_1.5018477__sample_43354,true_positive,1.0,unknown,p,(Sn0.995In0.005Te)0.85(Ag0.366Sb0.558Te)0.15,10.1063/1.5018477,,1.268586,1.559157684944172,1.3009016012368697,0.14046181504270905,0.13528024796318744,False,True,True,65,yes,yes,high observed ZT; important candidate for paper; high predicted ZT,https://doi.org/10.1063/1.5018477
10.1063_1.5018477__sample_43355,true_positive,1.0,unknown,p,(Sn0.995In0.005Te)0.8(Ag0.366Sb0.558Te)0.2,10.1063/1.5018477,,1.299267,1.709992211220278,1.3233775907069232,0.1350411721677095,0.13278560315776605,False,True,True,65,yes,yes,high observed ZT; important candidate for paper; high predicted ZT,https://doi.org/10.1063/1.5018477
10.1063_1.5018477__sample_43356,true_positive,1.0,unknown,p,(Sn0.995In0.005Te)0.75(Ag0.366Sb0.558Te)0.25,10.1063/1.5018477,,1.27102,1.4228070014956635,1.2353279403435955,0.08855064168963678,0.0847082423744024,False,True,True,65,yes,yes,high observed ZT; important candidate for paper; high predicted ZT,https://doi.org/10.1063/1.5018477
10.1063_1.5018477__sample_43357,true_positive,1.0,unknown,p,(Sn0.995In0.005Te)0.7(Ag0.366Sb0.558Te)0.3,10.1063/1.5018477,,1.112781,1.4438177934803929,1.1203395722551206,0.14235138310140502,0.14072848880981007,False,True,True,65,yes,yes,high observed ZT; important candidate for paper; high predicted ZT,https://doi.org/10.1063/1.5018477
10.1063_5.0040808__sample_38720,false_positive,1.0,unknown,p,Bi0.2Sb1.8Te3Ag0.003,10.1063/5.0040808,,0.9016937,1.1632023291613294,0.9016939576195055,0.1614267218785467,0.16142665698118414,False,True,True,65,yes,yes,high-ZT false positive; important candidate for paper; high predicted ZT; carried from Step14,https://doi.org/10.1063/5.0040808
10.1063_5.0040808__sample_38721,true_positive,1.0,unknown,p,Bi0.3Sb1.7Te3Ag0.003,10.1063/5.0040808,,1.151842,1.3545874797766735,1.1518418377363728,0.15633251523527142,0.15633254421581896,False,True,True,65,yes,yes,high observed ZT; important candidate for paper; high predicted ZT,https://doi.org/10.1063/5.0040808
10.1063_5.0040808__sample_38722,true_positive,1.0,unknown,p,Bi0.4Sb1.6Te3Ag0.003,10.1063/5.0040808,,1.398321,1.5034210345019634,1.398320959577107,0.14621371679208686,0.14621393084781653,False,True,True,65,yes,yes,high observed ZT; important candidate for paper; high predicted ZT,https://doi.org/10.1063/5.0040808
10.1063_5.0040808__sample_38723,true_positive,1.0,unknown,p,Bi0.5Sb1.5Te3Ag0.003,10.1063/5.0040808,,1.358296,1.366577718206206,1.3582963885959782,0.14850006095456117,0.14850001174416952,False,True,True,65,yes,yes,high observed ZT; important candidate for paper; high predicted ZT,https://doi.org/10.1063/5.0040808
10.1063_5.0040808__sample_38724,false_positive,1.0,unknown,p,Bi0.2Sb1.8Te3,10.1063/5.0040808,,0.8878892,1.1076662559750963,0.8878891878627155,0.1738143544599502,0.17381439290778264,False,True,True,65,yes,yes,high-ZT false positive; important candidate for paper; high predicted ZT; carried from Step14,https://doi.org/10.1063/5.0040808
10.1063_5.0040808__sample_38725,true_positive,1.0,unknown,p,Bi0.3Sb4.7Te3,10.1063/5.0040808,,1.079168,1.1645695195885677,1.0791686993070495,0.14335668639331536,0.14335655301872344,False,True,True,65,yes,yes,high observed ZT; important candidate for paper; high predicted ZT,https://doi.org/10.1063/5.0040808
10.1063_5.0040808__sample_38726,true_positive,1.0,unknown,p,Bi0.4Sb1.6Te3,10.1063/5.0040808,,1.205943,1.2117502866892869,1.205943092401911,0.10228318134380766,0.10228298548201609,False,True,True,65,yes,yes,high observed ZT; important candidate for paper; high predicted ZT,https://doi.org/10.1063/5.0040808
10.1063_5.0040808__sample_38727,true_positive,1.0,unknown,p,Bi0.5Sb1.5Te3,10.1063/5.0040808,,1.114088,1.1497615332537263,1.1140878296339545,0.06563308437836667,0.06563313725647127,False,True,True,65,yes,yes,high observed ZT; important candidate for paper; high predicted ZT,https://doi.org/10.1063/5.0040808
10.1063_5.0066932__sample_46174,false_positive,1.0,unknown,n,(Bi2Te2.7Se0.3)88.36(Sb)11.64,10.1063/5.0066932,,0.9917098,1.0367105289475127,0.9940058987108584,0.09752524580424292,0.10124452823362047,False,True,True,65,yes,yes,high-ZT false positive; important candidate for paper; high predicted ZT; carried from Step14,https://doi.org/10.1063/5.0066932
10.1063_5.0066932__sample_46175,true_positive,1.0,unknown,n,(Bi2Te2.7Se0.3)74.64(Sb)25.36,10.1063/5.0066932,,1.265148,1.2889936401338205,1.260286286817477,0.11595103121369817,0.12023588347799424,False,True,True,65,yes,yes,high observed ZT; important candidate for paper; high predicted ZT,https://doi.org/10.1063/5.0066932
10.1063_5.0066932__sample_46176,true_positive,1.0,unknown,n,(Bi2Te2.7Se0.3)64.04(Sb)35.96,10.1063/5.0066932,,1.180729,1.3011010132492278,1.2022657663277057,0.045263055788809015,0.0537002743792075,False,True,True,65,yes,yes,high observed ZT; important candidate for paper; high predicted ZT,https://doi.org/10.1063/5.0066932
10.1073_pnas.1305735110__sample_189,false_positive,1.0,unknown,p,Sn0.995In0.005Te1,10.1073/pnas.1305735110,,,1.243175158818673,0.9814367009071396,,0.23105529821874926,False,True,True,35,no,yes,high predicted ZT,https://doi.org/10.1073/pnas.1305735110
10.1073_pnas.1305735110__sample_342,true_positive,1.0,unknown,p,Sn0.9975In0.0025Te1,10.1073/pnas.1305735110,,,1.5431929177462154,1.0949129680282932,,0.296560413633942,False,True,True,35,no,yes,high predicted ZT,https://doi.org/10.1073/pnas.1305735110
10.1073_pnas.1305735110__sample_454,false_positive,1.0,unknown,p,Sn1Te1,10.1073/pnas.1305735110,,,1.4290594971862716,0.8261512860608724,,0.41735754704215416,False,True,True,35,no,yes,high predicted ZT,https://doi.org/10.1073/pnas.1305735110
10.1073_pnas.1424388112__sample_25020,true_positive,1.0,unknown,n,Mg2Sn0.75Ge0.25,10.1073/pnas.1424388112,,1.251576,1.693226359233816,1.4084214705717566,0.0704451943006802,0.08555785944852694,False,True,False,60,yes,yes,high observed ZT; important candidate for paper; high predicted ZT,https://doi.org/10.1073/pnas.1424388112
10.1073_pnas.1617663113__sample_20540,false_positive,1.0,unknown,p,Fe1.00Nb0.89Ti0.1Sb0.99,10.1073/pnas.1617663113,,0.6552632,2.020505461807333,0.99922659534582,,1.0220693396456895,False,True,True,95,yes,yes,high-ZT false positive; important candidate for paper; high predicted ZT; carried from Step14,https://doi.org/10.1073/pnas.1617663113
10.1073_pnas.1617663113__sample_20644,false_positive,1.0,unknown,p,Fe0.99Nb0.92Ti0.07Sb1.01,10.1073/pnas.1617663113,,0.7703669,1.6783371260949353,0.7644742747209975,0.7403961589198735,0.7371395423908045,False,True,True,75,yes,yes,high-ZT false positive; important candidate for paper; high predicted ZT; carried from Step14,https://doi.org/10.1073/pnas.1617663113
10.1073_pnas.1711725114__sample_24309,false_negative,1.0,unknown,n,Mg3.2Sb1.5Bi0.49Te0.01,10.1073/pnas.1711725114,,1.388698,0.5697341661818288,0.7253304047064075,0.31279030177087086,0.41701988947456786,False,True,True,90,yes,yes,high observed ZT; high-ZT false negative; important candidate for paper; carried from Step14,https://doi.org/10.1073/pnas.1711725114
10.1073_pnas.1711725114__sample_24310,true_positive,1.0,unknown,n,Mg3.1Fe0.1Sb1.5Bi0.49Te0.01,10.1073/pnas.1711725114,,1.627518,1.4370735149978011,1.4207555508875285,0.11975782892317115,0.09758329721766662,False,True,True,65,yes,yes,high observed ZT; important candidate for paper; high predicted ZT,https://doi.org/10.1073/pnas.1711725114
10.1073_pnas.1711725114__sample_24311,true_positive,1.0,unknown,n,Mg3.1Co0.1Sb1.5Bi0.49Te0.01,10.1073/pnas.1711725114,,1.685012,1.2277094415582566,1.4138164326401412,0.1300869495451687,0.10815573693740385,False,True,True,65,yes,yes,high observed ZT; important candidate for paper; high predicted ZT,https://doi.org/10.1073/pnas.1711725114
10.1073_pnas.1711725114__sample_24312,true_positive,1.0,unknown,n,Mg3.1Hf0.1Sb1.5Bi0.49Te0.01,10.1073/pnas.1711725114,,1.543489,2.1233498685968613,1.547427586155907,0.1297761583197114,0.1962576057299263,False,True,True,75,yes,yes,high observed ZT; important candidate for paper; high predicted ZT,https://doi.org/10.1073/pnas.1711725114
10.1073_pnas.1711725114__sample_24313,true_positive,1.0,unknown,n,Mg3.1Ta0.1Sb1.5Bi0.49Te0.01,10.1073/pnas.1711725114,,1.490418,2.011806700026296,1.4810309599233171,0.14923047430149902,0.18444302311649244,False,True,True,65,yes,yes,high observed ZT; important candidate for paper; high predicted ZT,https://doi.org/10.1073/pnas.1711725114
10.1073_pnas.1711725114__sample_24314,true_positive,1.0,unknown,n,Mg3.1W0.1Sb1.5Bi0.49Te0.01,10.1073/pnas.1711725114,,1.487884,1.5047420542842591,1.4533777290674927,0.27601489851504996,0.25023673439002103,False,True,True,65,yes,yes,high observed ZT; important candidate for paper; high predicted ZT,https://doi.org/10.1073/pnas.1711725114
10.1073_pnas.1711725114__sample_24316,false_negative,1.0,unknown,n,Mg3.1Mo0.1Sb1.5Bi0.49Te0.01,10.1073/pnas.1711725114,,1.478163,0.5951279328115909,0.7423275862213624,0.4683911856905545,0.4688384762949021,False,True,True,90,yes,yes,high observed ZT; high-ZT false negative; important candidate for paper; carried from Step14,https://doi.org/10.1073/pnas.1711725114
10.1073_pnas.1711725114__sample_24317,false_negative,1.0,unknown,n,Mg3.1V0.1Sb1.5Bi0.49Te0.01,10.1073/pnas.1711725114,,1.329892,0.9368024487461225,1.2313943400322898,0.7659387496718214,0.4892610755095153,False,True,True,90,yes,yes,high observed ZT; high-ZT false negative; important candidate for paper; carried from Step14,https://doi.org/10.1073/pnas.1711725114
10.1073_pnas.1711725114__sample_24318,true_positive,1.0,unknown,n,Mg3.1Zn0.1Sb1.5Bi0.49Te0.01,10.1073/pnas.1711725114,,1.370776,1.545690171588628,1.366408717003156,0.23216954580529736,0.22466000202325973,False,True,True,65,yes,yes,high observed ZT; important candidate for paper; high predicted ZT,https://doi.org/10.1073/pnas.1711725114
10.1073_pnas.1711725114__sample_24320,false_negative,1.0,unknown,n,Mg3.15Co0.05Sb1.5Bi0.49Te0.01,10.1073/pnas.1711725114,,1.480865,0.8893532659862902,1.081998942390318,0.07838868508692667,0.10974371921546415,False,True,True,100,yes,yes,high observed ZT; high-ZT false negative; important candidate for paper; carried from Step14,https://doi.org/10.1073/pnas.1711725114
10.1073_pnas.1711725114__sample_24321,true_positive,1.0,unknown,n,Mg3.125Co0.075Sb1.5Bi0.49Te0.01,10.1073/pnas.1711725114,,1.556083,1.6040984042734954,1.4124037074184723,0.07462666783531237,0.09884576217957824,False,True,True,65,yes,yes,high observed ZT; important candidate for paper; high predicted ZT,https://doi.org/10.1073/pnas.1711725114
10.1073_pnas.1819157116__sample_23727,true_positive,1.0,unknown,p,Eu2Zn0.98Sb2,10.1073/pnas.1819157116,,1.002786,1.13766014869274,0.987209066113023,0.10742609542305058,0.12413360864364527,False,True,True,65,yes,yes,high observed ZT; important candidate for paper; high predicted ZT,https://doi.org/10.1073/pnas.1819157116
10.1073_pnas.1819157116__sample_23728,false_positive,1.0,unknown,p,Eu2Zn0.96Sb2,10.1073/pnas.1819157116,,0.945961,1.1375688461890294,0.9555773268784732,0.1320874653986112,0.10399269165174223,False,True,True,65,yes,yes,high-ZT false positive; important candidate for paper; high predicted ZT; carried from Step14,https://doi.org/10.1073/pnas.1819157116
10.1080_08957959.2012.656624__sample_16659,false_positive,1.0,unknown,n,AgPb18SbTe20,10.1080/08957959.2012.656624,,0.2300162,2.248373980628603,2.245032395324366,8.94258569439849,0.0737625696862605,False,True,True,90,yes,yes,high-ZT false positive; important candidate for paper; high predicted ZT; carried from Step14,https://doi.org/10.1080/08957959.2012.656624
10.1080_08957959.2012.656624__sample_16660,false_positive,1.0,unknown,n,AgPb18SbTe20,10.1080/08957959.2012.656624,,0.7416191,10.026512214243162,7.452058623792839,9.211346037371117,0.17926101845752385,False,True,True,90,yes,yes,high-ZT false positive; important candidate for paper; high predicted ZT; carried from Step14,https://doi.org/10.1080/08957959.2012.656624
10.1080_08957959.2012.656624__sample_16661,false_positive,1.0,unknown,n,AgPb18SbTe20,10.1080/08957959.2012.656624,,0.5723062,7.9945827037860795,5.73109752021183,9.228051404373915,0.18722898035470786,False,True,True,90,yes,yes,high-ZT false positive; important candidate for paper; high predicted ZT; carried from Step14,https://doi.org/10.1080/08957959.2012.656624
10.1080_21870764.2020.1723197__sample_35631,true_positive,1.0,unknown,p,Bi2Te3,10.1080/21870764.2020.1723197,,1.595056,1.0046015517331923,1.59168857187017,0.32310360267259663,0.3182798724840284,False,True,True,65,yes,yes,high observed ZT; important candidate for paper; high predicted ZT,https://doi.org/10.1080/21870764.2020.1723197
10.1080_21870764.2020.1723197__sample_35632,true_positive,1.0,unknown,p,Bi2Te3,10.1080/21870764.2020.1723197,,1.670562,1.1165207133874795,1.6749155743950026,0.2880252578188497,0.29008888585514214,False,True,True,65,yes,yes,high observed ZT; important candidate for paper; high predicted ZT,https://doi.org/10.1080/21870764.2020.1723197
10.1088_0022-3727_42_14_145409__sample_4329,true_positive,1.0,unknown,n,Yb0.2Co4Sb12,10.1088/0022-3727/42/14/145409,,1.014013,1.15361809970036,1.063987138659771,0.04144880748049097,0.04692132647740029,False,True,True,65,yes,yes,high observed ZT; important candidate for paper; high predicted ZT,https://doi.org/10.1088/0022-3727/42/14/145409
10.1088_0022-3727_42_14_145409__sample_4331,false_positive,1.0,unknown,n,Yb0.3Co4Sb12,10.1088/0022-3727/42/14/145409,,0.988535,1.1508713648600508,0.9538397649445104,,0.09495464944677107,False,True,True,75,yes,yes,high-ZT false positive; important candidate for paper; high predicted ZT; carried from Step14,https://doi.org/10.1088/0022-3727/42/14/145409
10.1088_0022-3727_42_14_145409__sample_4332,true_positive,1.0,unknown,n,Yb0.3Co4Sb12,10.1088/0022-3727/42/14/145409,,,1.0420415974345414,1.0835115480975908,,0.04599320856746113,False,True,True,35,no,yes,high predicted ZT,https://doi.org/10.1088/0022-3727/42/14/145409
10.1088_0022-3727_43_3_035405__sample_201,false_positive,1.0,unknown,n,Pb0.96Bi0.02Te0.2Se0.8,10.1088/0022-3727/43/3/035405,,,1.6531562737678827,0.7353648867165563,,0.47089152432692694,False,True,True,35,no,yes,high predicted ZT,https://doi.org/10.1088/0022-3727/43/3/035405
10.1088_0022-3727_43_3_035405__sample_208,false_positive,1.0,unknown,n,Pb0.96Bi0.02Te0.3Se0.7,10.1088/0022-3727/43/3/035405,,,1.576608546507713,0.7214745299435157,,0.4779167905241919,False,True,True,35,no,yes,high predicted ZT,https://doi.org/10.1088/0022-3727/43/3/035405
10.1088_0022-3727_43_3_035405__sample_217,true_positive,1.0,unknown,n,Pb0.96Sb0.02Te0.2Se0.8,10.1088/0022-3727/43/3/035405,,,1.4377547186907298,1.0325910490857089,,0.14513016112763555,False,True,True,35,no,yes,high predicted ZT,https://doi.org/10.1088/0022-3727/43/3/035405
10.1088_0022-3727_43_3_035405__sample_245,true_positive,1.0,unknown,n,Pb0.96Sb0.02Te0.3Se0.7,10.1088/0022-3727/43/3/035405,,,1.249790828551973,1.0345205322189384,,0.19224080792732137,False,True,True,35,no,yes,high predicted ZT,https://doi.org/10.1088/0022-3727/43/3/035405
10.1088_0022-3727_43_3_035405__sample_247,true_positive,1.0,unknown,n,Pb0.96Sb0.02Te0.4Se0.6,10.1088/0022-3727/43/3/035405,,,1.2449046978822897,1.0927689129504692,,0.15592948870939727,False,True,True,35,no,yes,high predicted ZT,https://doi.org/10.1088/0022-3727/43/3/035405
10.1088_0022-3727_43_3_035405__sample_380,false_positive,1.0,unknown,n,Pb0.96Bi0.02Te0.4Se0.6,10.1088/0022-3727/43/3/035405,,,1.4568311820774107,0.7067968955318986,,0.4730879090430109,False,True,True,35,no,yes,high predicted ZT,https://doi.org/10.1088/0022-3727/43/3/035405
10.1088_0022-3727_43_8_085406__sample_8869,true_positive,1.0,unknown,n,Mg2Si0.59Sn0.4Sb0.01,10.1088/0022-3727/43/8/085406,,1.048739,1.5599226626323253,1.0634121089197706,0.21633312843718397,0.20948429012377504,False,True,True,65,yes,yes,high observed ZT; important candidate for paper; high predicted ZT,https://doi.org/10.1088/0022-3727/43/8/085406
10.1088_0022-3727_43_8_085406__sample_8870,true_positive,1.0,unknown,n,Mg2Si0.5875Sn0.4Sb0.0125,10.1088/0022-3727/43/8/085406,,1.102521,1.7514576318023332,1.170721830330143,0.58859344339231,0.30696206430509915,False,True,True,75,yes,yes,high observed ZT; important candidate for paper; high predicted ZT,https://doi.org/10.1088/0022-3727/43/8/085406
10.1088_0022-3727_43_8_085406__sample_8871,true_positive,1.0,unknown,n,Mg2Si0.585Sn0.4Sb0.015,10.1088/0022-3727/43/8/085406,,1.089076,1.02939753282142,0.9890508508008792,0.20504344735300864,0.15415387096349772,False,True,True,75,yes,yes,high observed ZT; important candidate for paper; high predicted ZT,https://doi.org/10.1088/0022-3727/43/8/085406
10.1088_0022-3727_44_47_475304__sample_31654,false_positive,1.0,unknown,p,Pb0.985Ag0.015Se,10.1088/0022-3727/44/47/475304,,0.9656608,2.028787860190194,0.9730406661200448,0.6211303824869612,0.8472607354640557,False,True,True,75,yes,yes,high-ZT false positive; important candidate for paper; high predicted ZT; carried from Step14,https://doi.org/10.1088/0022-3727/44/47/475304
10.1088_0957-4484_23_41_415604__sample_29811,false_negative,1.0,unknown,p,Bi0.5Sb1.5Te3,10.1088/0957-4484/23/41/415604,,1.003472,0.885142613202963,0.9988721180525814,0.11002813487449185,0.11035026185417447,False,True,True,90,yes,yes,high observed ZT; high-ZT false negative; important candidate for paper; carried from Step14,https://doi.org/10.1088/0957-4484/23/41/415604
10.1088_0957-4484_23_41_415604__sample_29812,true_positive,1.0,unknown,p,Bi0.5Sb1.5Te3,10.1088/0957-4484/23/41/415604,,1.36219,1.2695026862616665,1.3606273399853817,0.14061410955911086,0.14267928143715383,False,True,True,65,yes,yes,high observed ZT; important candidate for paper; high predicted ZT,https://doi.org/10.1088/0957-4484/23/41/415604
10.1088_0957-4484_24_28_285702__sample_30527,true_positive,1.0,unknown,n,Cu0.008Bi2Te2.7Se0.3,10.1088/0957-4484/24/28/285702,,1.069255,1.0668023289362105,1.038383352175616,0.06243817776771981,0.11282638347639064,False,True,True,65,yes,yes,high observed ZT; important candidate for paper; high predicted ZT,https://doi.org/10.1088/0957-4484/24/28/285702
10.1088_0957-4484_24_28_285702__sample_30528,true_positive,1.0,unknown,n,Cu0.01Bi2Te2.7Se0.3,10.1088/0957-4484/24/28/285702,,1.143468,1.1434392047602917,1.172070088319678,0.09805371441641522,0.1039459737604577,False,True,True,65,yes,yes,high observed ZT; important candidate for paper; high predicted ZT,https://doi.org/10.1088/0957-4484/24/28/285702
10.1088_0957-4484_24_28_285702__sample_30529,true_positive,1.0,unknown,n,Cu0.015Bi2Te2.7Se0.3,10.1088/0957-4484/24/28/285702,,1.066598,1.163748039924407,1.0812854664513332,0.12972045590843972,0.12438173472212773,False,True,True,65,yes,yes,high observed ZT; important candidate for paper; high predicted ZT,https://doi.org/10.1088/0957-4484/24/28/285702
10.1088_0957-4484_24_28_285702__sample_30532,true_positive,1.0,unknown,n,Cu0.005Bi2Te2.7Se0.3I0.05,10.1088/0957-4484/24/28/285702,,1.093059,1.1447872290251877,1.0867817822296473,0.10760894215329309,0.09969892221256299,False,True,True,65,yes,yes,high observed ZT; important candidate for paper; high predicted ZT,https://doi.org/10.1088/0957-4484/24/28/285702
10.1088_0957-4484_24_28_285702__sample_30533,true_positive,1.0,unknown,n,Cu0.01Bi2Te2.7Se0.3I0.005,10.1088/0957-4484/24/28/285702,,,1.1609729269443785,1.054399175062383,,0.08156893201090967,False,True,True,35,no,yes,high predicted ZT,https://doi.org/10.1088/0957-4484/24/28/285702
10.1088_0957-4484_24_28_285702__sample_30534,true_positive,1.0,unknown,n,Cu0.015Bi2Te2.7Se0.3I0.005,10.1088/0957-4484/24/28/285702,,,1.1499900291873897,1.0480132681407086,,0.07932626609202766,False,True,True,35,no,yes,high predicted ZT,https://doi.org/10.1088/0957-4484/24/28/285702
10.1088_0957-4484_24_34_345705__sample_194,true_positive,1.0,unknown,n,Al0.04Pb1Te1,10.1088/0957-4484/24/34/345705,,1.12918,1.5324474164520383,1.1409039313384175,0.26674119376549155,0.2620690563441429,False,True,True,65,yes,yes,high observed ZT; important candidate for paper; high predicted ZT,https://doi.org/10.1088/0957-4484/24/34/345705
10.1088_0957-4484_24_34_345705__sample_348,true_positive,1.0,unknown,n,Al0.03Pb1Te1,10.1088/0957-4484/24/34/345705,,1.198033,1.8255434996702844,1.195696400558874,0.3377860528289375,0.3382841264214517,False,True,True,65,yes,yes,high observed ZT; important candidate for paper; high predicted ZT,https://doi.org/10.1088/0957-4484/24/34/345705
10.1088_0957-4484_24_34_345705__sample_391,true_positive,1.0,unknown,n,Al0.02Pb1Te1,10.1088/0957-4484/24/34/345705,,1.137049,1.7561013838162653,1.1243786178909112,0.3654479665560549,0.3671753399223706,False,True,True,65,yes,yes,high observed ZT; important candidate for paper; high predicted ZT,https://doi.org/10.1088/0957-4484/24/34/345705
10.1088_0957-4484_24_34_345705__sample_457,false_positive,1.0,unknown,n,Al0.01Pb1Te1,10.1088/0957-4484/24/34/345705,,0.8891803,1.2636663430607191,0.8900412261608592,0.38293436147686694,0.3777337112340834,False,True,True,65,yes,yes,high-ZT false positive; important candidate for paper; high predicted ZT; carried from Step14,https://doi.org/10.1088/0957-4484/24/34/345705
10.1088_0960-1317_24_3_035002__sample_8536,false_positive,1.0,unknown,p,Bi2Te3,10.1088/0960-1317/24/3/035002,,,1.2165824503811349,0.6150978021254423,,0.5502013297265057,False,True,True,35,no,yes,high predicted ZT,https://doi.org/10.1088/0960-1317/24/3/035002
10.1103_physrevb.80.115329__sample_4721,true_positive,1.0,unknown,n,Yb0.3Co4Sb12,10.1103/physrevb.80.115329,,1.032536,1.1207823454960641,1.0923003875532802,,0.026075206296120326,False,True,True,75,yes,yes,high observed ZT; important candidate for paper; high predicted ZT,https://doi.org/10.1103/physrevb.80.115329
10.1103_physrevb.80.115329__sample_4722,true_positive,1.0,unknown,n,Yb0.35Co4Sb12,10.1103/physrevb.80.115329,,1.238547,1.2815825730612473,1.2021985452570314,0.05026292503909974,0.040726217515643384,False,True,True,75,yes,yes,high observed ZT; important candidate for paper; high predicted ZT,https://doi.org/10.1103/physrevb.80.115329
10.1103_physrevb.80.115329__sample_4723,false_positive,1.0,unknown,n,Yb0.4Co4Sb12,10.1103/physrevb.80.115329,,0.810534,1.1454360187908574,1.0837515904418384,0.05855725915880357,0.03950423868906394,False,True,True,75,yes,yes,high-ZT false positive; important candidate for paper; high predicted ZT; carried from Step14,https://doi.org/10.1103/physrevb.80.115329
10.1103_physrevb.83.195209__sample_160,false_positive,1.0,unknown,n,Pb0.993Ga0.007Se1,10.1103/physrevb.83.195209,,,1.802941796452818,0.8657357515871994,,0.4374302916408835,False,True,True,35,no,yes,high predicted ZT,https://doi.org/10.1103/physrevb.83.195209
10.1103_physrevb.83.195209__sample_297,false_positive,1.0,unknown,n,Pb1.005Se1,10.1103/physrevb.83.195209,,,1.5495002428146092,0.6523075225432151,,0.5531999211898818,False,True,True,35,no,yes,high predicted ZT,https://doi.org/10.1103/physrevb.83.195209
10.1103_physrevb.83.195209__sample_322,false_positive,1.0,unknown,n,Pb0.985Ga0.015Se1,10.1103/physrevb.83.195209,,,1.2791708887771902,0.4917895868027496,,0.9877865269518046,False,True,True,35,no,yes,high predicted ZT,https://doi.org/10.1103/physrevb.83.195209
10.1103_physrevb.83.195209__sample_435,false_positive,1.0,unknown,n,Pb0.995Ga0.005Se1,10.1103/physrevb.83.195209,,,2.4238076689299786,0.9172831807285678,,0.6009641098301316,False,True,True,35,no,yes,high predicted ZT,https://doi.org/10.1103/physrevb.83.195209
10.1103_physrevb.83.195209__sample_6204,false_positive,1.0,unknown,n,Pb0.97Ga0.03Se1,10.1103/physrevb.83.195209,,0.8933284,2.2176266640505067,0.9537580496533764,,1.2113064960732247,False,True,True,95,yes,yes,high-ZT false positive; important candidate for paper; high predicted ZT; carried from Step14,https://doi.org/10.1103/physrevb.83.195209
10.1103_physrevb.83.195209__sample_6205,false_positive,1.0,unknown,n,Pb0.992Ga0.008Se,10.1103/physrevb.83.195209,,0.5918396,1.1339241043009949,0.495699996909628,,1.2875209025020886,False,True,True,95,yes,yes,high-ZT false positive; important candidate for paper; high predicted ZT; carried from Step14,https://doi.org/10.1103/physrevb.83.195209
10.1103_physrevb.84.155207__sample_237,false_positive,1.0,unknown,n,Pb1.002Se1Cl0.004,10.1103/physrevb.84.155207,,,2.08477898916823,0.8876097991416518,,0.43715943980118765,False,True,True,35,no,yes,high predicted ZT,https://doi.org/10.1103/physrevb.84.155207
10.1103_physrevb.84.155207__sample_266,false_positive,1.0,unknown,n,Pb1.003Se1Cl0.006,10.1103/physrevb.84.155207,,,1.413869766323676,0.6780314849425709,,0.3620256893396898,False,True,True,35,no,yes,high predicted ZT,https://doi.org/10.1103/physrevb.84.155207
10.1103_physrevb.84.155207__sample_288,false_positive,1.0,unknown,n,Pb1.004Se1Cl0.008,10.1103/physrevb.84.155207,,,1.1716856977664472,0.581834250473788,,0.3865072135321733,False,True,True,35,no,yes,high predicted ZT,https://doi.org/10.1103/physrevb.84.155207
10.1109_ict.2002.1190254__sample_6996,false_negative,1.0,unknown,p,(Bi2Te3)0.2(Sb2Te3)0.8,10.1109/ict.2002.1190254,,1.023614,0.8460143729868776,1.0079458234618852,0.09229327306861183,0.09889631907502844,False,True,True,90,yes,yes,high observed ZT; high-ZT false negative; important candidate for paper; carried from Step14,https://doi.org/10.1109/ict.2002.1190254
10.1109_ict.2002.1190254__sample_6999,true_positive,1.0,unknown,p,((Bi2Te3)0.2(Sb2Te3)0.8)99.05(Pb)0.95,10.1109/ict.2002.1190254,,1.117673,1.1033787252354503,1.1039128332911965,0.14567074224653542,0.15037078907941,False,True,True,65,yes,yes,high observed ZT; important candidate for paper; high predicted ZT,https://doi.org/10.1109/ict.2002.1190254
10.1109_ict.2002.1190254__sample_7000,false_positive,1.0,unknown,p,((Bi2Te3)0.2(Sb2Te3)0.8)98.42(Pb)1.58,10.1109/ict.2002.1190254,,0.9207915,1.0519534552869652,0.9155106217331276,0.15766723391409918,0.1611753083903646,False,True,True,65,yes,yes,high-ZT false positive; important candidate for paper; high predicted ZT; carried from Step14,https://doi.org/10.1109/ict.2002.1190254
10.1109_ict.2005.1519880__sample_24217,false_negative,1.0,unknown,p,TiO1.1,10.1109/ict.2005.1519880,,1.543128,0.5837148207394245,1.4726503597260654,0.6069072523067268,0.6036297299733767,False,False,False,90,yes,yes,high observed ZT; high-ZT false negative; important candidate for paper; carried from Step14,https://doi.org/10.1109/ict.2005.1519880
10.1109_ict.2006.331277__sample_15777,false_positive,1.0,unknown,p,PbTeIn0.003,10.1109/ict.2006.331277,,,1.1378449590945467,0.9745812607923056,,0.09501976091242618,False,True,True,35,no,yes,high predicted ZT,https://doi.org/10.1109/ict.2006.331277
10.1109_ict.2006.331277__sample_15778,false_positive,1.0,unknown,p,PbTeIn0.005,10.1109/ict.2006.331277,,,1.175897219609082,0.9611300423494776,,0.16293452256529953,False,True,True,35,no,yes,high predicted ZT,https://doi.org/10.1109/ict.2006.331277
10.1109_ict.2006.331277__sample_15779,true_positive,1.0,unknown,p,PbTe doped Pb2I,10.1109/ict.2006.331277,,,2.3977729722643955,1.0932324947086454,,0.6008166342304697,False,True,True,35,no,yes,high predicted ZT,https://doi.org/10.1109/ict.2006.331277
10.1109_ict.2006.331277__sample_15780,true_positive,1.0,unknown,p,PbTeIn0.003(PbI2)0.0004,10.1109/ict.2006.331277,,1.089206,1.4091033528733192,1.080898137213872,0.2141838730993475,0.15842746576726505,False,True,True,65,yes,yes,high observed ZT; important candidate for paper; high predicted ZT,https://doi.org/10.1109/ict.2006.331277
10.1109_ict.2006.331277__sample_15781,false_positive,1.0,unknown,p,PbTeIn0.003(PbI2)0.0006,10.1109/ict.2006.331277,,0.9904446,1.32247642852168,1.004245278328676,0.24681511983731305,0.17180481810014608,False,True,True,65,yes,yes,high-ZT false positive; important candidate for paper; high predicted ZT; carried from Step14,https://doi.org/10.1109/ict.2006.331277
10.1109_ict.2006.331277__sample_15782,true_positive,1.0,unknown,p,PbTeIn0.003(PbI2)0.0007,10.1109/ict.2006.331277,,1.148891,2.1099726548042326,1.1505280272467666,0.3938291248391207,0.40118348811700955,False,True,True,65,yes,yes,high observed ZT; important candidate for paper; high predicted ZT,https://doi.org/10.1109/ict.2006.331277
10.1109_ict.2006.331277__sample_15783,false_positive,1.0,unknown,p,PbTe,10.1109/ict.2006.331277,,0.934779,2.3868875529537195,1.0867719655739994,0.6700734068513832,0.6069324027861903,False,True,True,65,yes,yes,high-ZT false positive; important candidate for paper; high predicted ZT; carried from Step14,https://doi.org/10.1109/ict.2006.331277
10.1109_ict.2006.331300__sample_5141,false_positive,1.0,unknown,n,Sr0.23Co3.95Ni0.05Sb12,10.1109/ict.2006.331300,,0.7994764,1.2033045681699082,0.9627415356659343,,0.10013483508470386,False,True,True,75,yes,yes,high-ZT false positive; important candidate for paper; high predicted ZT; carried from Step14,https://doi.org/10.1109/ict.2006.331300
10.1109_ict.2006.331300__sample_5142,false_positive,1.0,unknown,n,Sr0.21Co3.92Ni0.08Sb12,10.1109/ict.2006.331300,,0.9841001,1.1510862510649544,0.9368575218429204,0.17250361184462532,0.12118907758042881,False,True,True,75,yes,yes,high-ZT false positive; important candidate for paper; high predicted ZT; carried from Step14,https://doi.org/10.1109/ict.2006.331300
10.1109_ict.2006.331300__sample_5143,false_positive,1.0,unknown,n,Sr0.26Co3.95Ni0.05Sb12,10.1109/ict.2006.331300,,0.9279752,1.0782949969040239,0.9147952345845816,0.09742052522663373,0.09018412391456987,False,True,True,65,yes,yes,high-ZT false positive; important candidate for paper; high predicted ZT; carried from Step14,https://doi.org/10.1109/ict.2006.331300
10.1109_ict.2006.331301__sample_5146,false_positive,1.0,unknown,n,Sr0.3Yb0.3Co4Sb12,10.1109/ict.2006.331301,,0.8285714,1.2633329546003096,1.040942616506953,0.04268676158256595,0.11323340523554637,False,True,True,65,yes,yes,high-ZT false positive; important candidate for paper; high predicted ZT; carried from Step14,https://doi.org/10.1109/ict.2006.331301
10.1109_ict.2006.331301__sample_5147,false_negative,1.0,unknown,n,Sr0.3Yb0.2Co4Sb12,10.1109/ict.2006.331301,,1.085714,0.17502799240372338,0.1997662412651258,0.12486003798138315,0.12383598302062608,False,True,True,100,yes,yes,high observed ZT; high-ZT false negative; important candidate for paper; carried from Step14,https://doi.org/10.1109/ict.2006.331301
10.1109_ict.2007.4569410__sample_9898,true_positive,1.0,unknown,n,Bi2Te3,10.1109/ict.2007.4569410,,1.308782,1.5240840448023416,1.289395779790319,0.0743246305428859,0.07348405601492898,False,True,True,65,yes,yes,high observed ZT; important candidate for paper; high predicted ZT,https://doi.org/10.1109/ict.2007.4569410
10.1111_ijac.12476__sample_16970,true_positive,1.0,unknown,p,(GeTe)90(AgSbTe2)10,10.1111/ijac.12476,,1.104396,1.0897383346776999,1.0980840399365537,0.11667492580296075,0.10056457926390368,False,True,True,65,yes,yes,high observed ZT; important candidate for paper; high predicted ZT,https://doi.org/10.1111/ijac.12476
10.1111_ijac.13750__sample_44690,true_positive,1.0,unknown,p,GeTe,10.1111/ijac.13750,,1.375126,1.8662430628837434,1.3720728192762088,0.10392344762175619,0.13223922209994832,False,True,True,65,yes,yes,high observed ZT; important candidate for paper; high predicted ZT,https://doi.org/10.1111/ijac.13750
10.1111_ijac.13750__sample_44691,true_positive,1.0,unknown,p,Ge1.05Te,10.1111/ijac.13750,,1.335217,2.622997413563488,1.3259831429402695,0.32545205611371286,0.3327061555289564,False,True,True,65,yes,yes,high observed ZT; important candidate for paper; high predicted ZT,https://doi.org/10.1111/ijac.13750
10.1111_ijac.13750__sample_44692,true_positive,1.0,unknown,p,Ge1.075Te,10.1111/ijac.13750,,1.019231,1.63916580686325,1.0138842706565674,0.2187854438414707,0.2324425082446383,False,True,True,65,yes,yes,high observed ZT; important candidate for paper; high predicted ZT,https://doi.org/10.1111/ijac.13750
10.1111_ijac.13750__sample_44693,true_positive,1.0,unknown,p,Ge1.1Te,10.1111/ijac.13750,,1.082119,1.790549796175531,1.0824559135688536,0.22441855511035402,0.2225932619315231,False,True,True,65,yes,yes,high observed ZT; important candidate for paper; high predicted ZT,https://doi.org/10.1111/ijac.13750
10.1111_ijac.13750__sample_44704,false_negative,1.0,unknown,p,GeTe,10.1111/ijac.13750,,1.026006,0.41279468387001655,0.4185381436604289,0.15335794571659397,0.09677127375811996,False,True,True,90,yes,yes,high observed ZT; high-ZT false negative; important candidate for paper; carried from Step14,https://doi.org/10.1111/ijac.13750
10.1111_ijac.13750__sample_44705,false_positive,1.0,unknown,p,Ge1.05Te,10.1111/ijac.13750,,0.9495662,1.7352780071547513,0.9450133963840625,0.27698066041058517,0.2848354437036117,False,True,True,65,yes,yes,high-ZT false positive; important candidate for paper; high predicted ZT; carried from Step14,https://doi.org/10.1111/ijac.13750
10.1111_ijac.13750__sample_44706,false_positive,1.0,unknown,p,Ge1.075Te,10.1111/ijac.13750,,0.8998499,1.6055279191062377,0.90755660553653,0.3959139753381698,0.4058663938474136,False,True,True,65,yes,yes,high-ZT false positive; important candidate for paper; high predicted ZT; carried from Step14,https://doi.org/10.1111/ijac.13750
10.1111_ijac.13750__sample_44707,false_positive,1.0,unknown,p,Ge1.1Te,10.1111/ijac.13750,,0.7254218,1.2406928586533499,0.7191401034897068,0.4194723163309755,0.34295728115945917,False,True,True,65,yes,yes,high-ZT false positive; important candidate for paper; high predicted ZT; carried from Step14,https://doi.org/10.1111/ijac.13750
10.1126_sciadv.aar5606__sample_40279,false_negative,1.0,unknown,p,Bi0.5Sb1.5Te3,10.1126/sciadv.aar5606,,1.051312,0.9091296726731922,1.0548742440897994,0.11257688640688013,0.10927733982676768,False,True,True,90,yes,yes,high observed ZT; high-ZT false negative; important candidate for paper; carried from Step14,https://doi.org/10.1126/sciadv.aar5606
10.1126_sciadv.aar5606__sample_40280,false_negative,1.0,unknown,p,(Bi0.5Sb1.5Te3)79.21(Te)20.79,10.1126/sciadv.aar5606,,1.107289,0.8356640676496401,0.758232126874258,0.08705832089265568,0.10175515175209149,False,True,True,100,yes,yes,high observed ZT; high-ZT false negative; important candidate for paper; carried from Step14,https://doi.org/10.1126/sciadv.aar5606
10.1126_sciadv.aar5606__sample_40281,true_positive,1.0,unknown,p,(Bi0.5Sb1.5Te3)65.57(Te)34.43,10.1126/sciadv.aar5606,,1.100292,1.036927832399153,1.1278225022051542,0.10724870893182174,0.09650171920383596,False,True,True,65,yes,yes,high observed ZT; important candidate for paper; high predicted ZT,https://doi.org/10.1126/sciadv.aar5606
10.1126_sciadv.aar5606__sample_40282,true_positive,1.0,unknown,p,(Bi0.5Sb1.5Te3)55.94(Te)44.06,10.1126/sciadv.aar5606,,1.10379,1.0471728936406732,1.1060852893842894,0.12467567940872419,0.11742191824410973,False,True,True,65,yes,yes,high observed ZT; important candidate for paper; high predicted ZT,https://doi.org/10.1126/sciadv.aar5606
10.1126_sciadv.aar5606__sample_40283,true_positive,1.0,unknown,p,(Bi0.5Sb1.5Te3)48.78(Te)51.22,10.1126/sciadv.aar5606,,1.180758,1.0841954405624026,1.018795365797465,0.0935263962163529,0.1061723231542842,False,True,True,65,yes,yes,high observed ZT; important candidate for paper; high predicted ZT,https://doi.org/10.1126/sciadv.aar5606
10.1126_sciadv.aar5606__sample_40284,true_positive,1.0,unknown,p,(Bi0.5Sb1.5Te3)43.24(Te)56.76,10.1126/sciadv.aar5606,,1.142274,1.122092492792127,1.20466503981243,0.08657215295610264,0.10293855912350498,False,True,True,65,yes,yes,high observed ZT; important candidate for paper; high predicted ZT,https://doi.org/10.1126/sciadv.aar5606
10.1126_sciadv.aar5606__sample_40287,true_positive,1.0,unknown,p,(Bi0.5Sb1.5Te3)65.57(Te)34.43,10.1126/sciadv.aar5606,,,1.0638350195951227,1.0015188503641006,,0.07371107863243925,False,True,True,35,no,yes,high predicted ZT,https://doi.org/10.1126/sciadv.aar5606
10.1126_sciadv.aar5606__sample_40289,true_positive,1.0,unknown,p,(Bi0.5Sb1.5Te3)48.78(Te)51.22,10.1126/sciadv.aar5606,,1.156268,1.056568532478997,1.1347168004732344,0.05816095900955185,0.09895821152928559,False,True,True,65,yes,yes,high observed ZT; important candidate for paper; high predicted ZT,https://doi.org/10.1126/sciadv.aar5606
10.1126_sciadv.aar5606__sample_40290,false_negative,1.0,unknown,p,(Bi0.5Sb1.5Te3)43.24(Te)56.76,10.1126/sciadv.aar5606,,1.163265,0.9898542341866605,1.1424229105337176,0.17145324358991323,0.10196843025556947,False,True,True,90,yes,yes,high observed ZT; high-ZT false negative; important candidate for paper; carried from Step14,https://doi.org/10.1126/sciadv.aar5606
10.1126_sciadv.abc0726__sample_39483,false_negative,1.0,unknown,p,(Ge0.99Cu0.02Te)0.73(PbSe)0.27,10.1126/sciadv.abc0726,,1.312486,0.2860043640617504,0.4959882599438055,0.4503022642074526,0.4452384825877809,False,True,True,90,yes,yes,high observed ZT; high-ZT false negative; important candidate for paper; carried from Step14,https://doi.org/10.1126/sciadv.abc0726
10.1126_sciadv.abc0726__sample_39484,false_negative,1.0,unknown,p,(Ge0.98Cu0.04Te)0.77(PbSe)0.23,10.1126/sciadv.abc0726,,1.09622,0.7314540778491918,0.6302844949307291,0.41561307587435864,0.3932407445993843,False,True,True,90,yes,yes,high observed ZT; high-ZT false negative; important candidate for paper; carried from Step14,https://doi.org/10.1126/sciadv.abc0726
10.1126_sciadv.abc0726__sample_39485,true_positive,1.0,unknown,n,Mg3.0482Y0.0018SbBi,10.1126/sciadv.abc0726,,1.205751,1.5668466945780106,1.2108383111665175,0.16587020556557874,0.15235491106169285,False,True,True,65,yes,yes,high observed ZT; important candidate for paper; high predicted ZT,https://doi.org/10.1126/sciadv.abc0726
10.1126_sciadv.abc0726__sample_39486,false_negative,1.0,unknown,n,Mg3.0480Y0.0020SbBi,10.1126/sciadv.abc0726,,1.044728,0.7986233702614975,0.933796393664829,0.13386170641185507,0.1190651385086153,False,True,True,90,yes,yes,high observed ZT; high-ZT false negative; important candidate for paper; carried from Step14,https://doi.org/10.1126/sciadv.abc0726
10.1126_sciadv.abc0726__sample_39487,false_negative,1.0,unknown,n,Mg3.0476Y0.0024SbBi,10.1126/sciadv.abc0726,,1.026837,0.9864921968650442,1.0182238532587322,0.14065109175084087,0.13657709006556634,False,True,True,90,yes,yes,high observed ZT; high-ZT false negative; important candidate for paper; carried from Step14,https://doi.org/10.1126/sciadv.abc0726
10.1126_sciadv.abc0726__sample_39488,false_negative,1.0,unknown,n,Mg3.0472Y0.0028SbBi,10.1126/sciadv.abc0726,,1.074121,0.7534068233538945,0.8822684501556011,0.06650309384138302,0.1282668312985883,False,True,True,100,yes,yes,high observed ZT; high-ZT false negative; important candidate for paper; carried from Step14,https://doi.org/10.1126/sciadv.abc0726
10.1126_science.1092963__sample_42651,true_positive,1.0,unknown,n,AgPb18SbTe20,10.1126/science.1092963,,1.583578,3.2523077212946157,1.6536178540892914,,0.9667831435490771,False,True,True,75,yes,yes,high observed ZT; important candidate for paper; high predicted ZT,https://doi.org/10.1126/science.1092963
10.1126_science.1156446__sample_9107,true_positive,1.0,unknown,p,Bi8Sb44Te48,10.1126/science.1156446,,1.430189,1.4970387059232682,1.4320870414752211,0.16172995538685617,0.15962172813254336,False,True,True,65,yes,yes,high observed ZT; important candidate for paper; high predicted ZT,https://doi.org/10.1126/science.1156446
10.1126_science.1156446__sample_9108,false_negative,1.0,unknown,p,BiSbTe alloy,10.1126/science.1156446,,1.050943,0.9361061751833102,1.051366701716796,0.13051305411957514,0.1343985136363368,False,True,True,90,yes,yes,high observed ZT; high-ZT false negative; important candidate for paper; carried from Step14,https://doi.org/10.1126/science.1156446
10.1126_science.aaa4166__sample_42662,true_positive,1.0,unknown,p,Bi0.5Sb1.5Te3,10.1126/science.aaa4166,,1.861821,1.6314438478596256,1.616876301894259,0.10730069361496096,0.0795679669063771,False,True,True,75,yes,yes,high observed ZT; important candidate for paper; high predicted ZT,https://doi.org/10.1126/science.aaa4166
10.1126_science.aaa4166__sample_42663,false_negative,1.0,unknown,p,Bi0.5Sb1.5Te3,10.1126/science.aaa4166,,1.269292,0.7663722342185988,0.6832935496462831,0.10745896331293495,0.12158564150843017,False,True,True,100,yes,yes,high observed ZT; high-ZT false negative; important candidate for paper; carried from Step14,https://doi.org/10.1126/science.aaa4166
10.1126_science.aaa4166__sample_42664,false_negative,1.0,unknown,p,Bi0.5Sb1.5Te3,10.1126/science.aaa4166,,1.016133,0.9707915922153452,0.974712217234452,0.014558439367670421,0.004022341107235545,False,True,True,100,yes,yes,high observed ZT; high-ZT false negative; important candidate for paper; carried from Step14,https://doi.org/10.1126/science.aaa4166
10.1126_science.aad3749__sample_42728,false_negative,1.0,unknown,p,SnSe,10.1126/science.aad3749,,1.515385,0.225559164964852,0.1420607939882442,0.3328493688196949,0.5877650591162925,False,True,True,100,yes,yes,high observed ZT; high-ZT false negative; important candidate for paper; carried from Step14,https://doi.org/10.1126/science.aad3749
10.1126_science.aax5123__sample_43815,false_positive,1.0,unknown,p,SnS,10.1126/science.aax5123,,0.9057971,2.0681816055378843,0.7189752853222914,0.6003527625246592,0.779502889833035,False,False,False,55,yes,yes,high-ZT false positive; important candidate for paper; high predicted ZT; carried from Step14,https://doi.org/10.1126/science.aax5123
10.1126_science.aax5123__sample_43816,false_positive,1.0,unknown,p,SnS0.97Se0.03,10.1126/science.aax5123,,0.8090415,2.046940153886835,0.8785544420911859,0.810710359993503,0.6227833033513365,False,True,True,65,yes,yes,high-ZT false positive; important candidate for paper; high predicted ZT; carried from Step14,https://doi.org/10.1126/science.aax5123
10.1126_science.aax5123__sample_43817,true_positive,1.0,unknown,p,SnS0.94Se0.06,10.1126/science.aax5123,,1.248293,2.2822301109178733,1.1816076596319374,0.397067741232548,0.404383782736825,False,True,True,65,yes,yes,high observed ZT; important candidate for paper; high predicted ZT,https://doi.org/10.1126/science.aax5123
10.1126_science.aax5123__sample_43818,true_positive,1.0,unknown,p,SnS0.91Se0.09,10.1126/science.aax5123,,1.637022,3.6464319294778207,1.8983420607902968,0.8113762589792005,0.4295752678469783,False,True,True,75,yes,yes,high observed ZT; important candidate for paper; high predicted ZT,https://doi.org/10.1126/science.aax5123
10.1126_science.aax5123__sample_43819,false_positive,1.0,unknown,p,SnS0.88Se0.12,10.1126/science.aax5123,,0.8672623,2.231872523436367,0.8546069579261949,0.8707201233667179,0.884762260983729,False,True,True,65,yes,yes,high-ZT false positive; important candidate for paper; high predicted ZT; carried from Step14,https://doi.org/10.1126/science.aax5123
10.1134_s0020168506070041__sample_6881,true_positive,1.0,unknown,p,(Bi0.5Sb1.5Te3)0.96(Bi2Se3)0.04,10.1134/s0020168506070041,,,2.589800822036032,1.017312946419995,,0.6170651693969544,False,True,True,35,no,yes,high predicted ZT,https://doi.org/10.1134/s0020168506070041
10.1134_s0020168509020034__sample_30396,false_positive,1.0,unknown,n,Bi2Te2.82Se0.18,10.1134/s0020168509020034,,,1.1216097316234785,0.6964799215959343,,0.5730454158118675,False,True,True,75,yes,yes,large ZT prediction error; important candidate for paper; high predicted ZT; carried from Step14,https://doi.org/10.1134/s0020168509020034
10.1134_s0020168511050104__sample_6893,false_positive,1.0,unknown,p,Bi0.6Sb1.4Te3,10.1134/s0020168511050104,,,1.720791148478098,0.5633810895142125,,0.6905546722904085,False,True,True,35,no,yes,high predicted ZT,https://doi.org/10.1134/s0020168511050104
10.1134_s0020168511050104__sample_6895,false_positive,1.0,unknown,p,Bi0.6Sb1.4Se0.12Te2.88,10.1134/s0020168511050104,,,2.212813094798226,0.8138130264352114,,0.4464779669262519,False,True,True,35,no,yes,high predicted ZT,https://doi.org/10.1134/s0020168511050104
10.1134_s0020168511050104__sample_6896,false_positive,1.0,unknown,n,Bi2Te2.82Se0.18,10.1134/s0020168511050104,,,1.4022977687803866,0.8629407044258206,,0.4332943856088793,False,True,True,35,no,yes,high predicted ZT,https://doi.org/10.1134/s0020168511050104
10.1134_s0020168511050104__sample_6897,false_positive,1.0,unknown,n,Bi2Te2.82Se0.18,10.1134/s0020168511050104,,,1.775096067925708,0.8772872848825074,,0.4930034677965226,False,True,True,35,no,yes,high predicted ZT,https://doi.org/10.1134/s0020168511050104
10.1134_s0020168511050104__sample_6898,false_positive,1.0,unknown,n,Bi2Te2.82Se0.18,10.1134/s0020168511050104,,,1.0423558033262794,0.6178617763406163,,0.4611372715222134,False,True,True,35,no,yes,high predicted ZT,https://doi.org/10.1134/s0020168511050104
10.1134_s002016851112017x__sample_30392,true_positive,1.0,unknown,n,Bi2Te2.7Se0.3,10.1134/s002016851112017x,,,1.6348641277691716,1.09208047848238,,0.33777632004314484,False,True,True,35,no,yes,high predicted ZT,https://doi.org/10.1134/s002016851112017x
10.1134_s002016851112017x__sample_30393,true_positive,1.0,unknown,n,(Bi2Te2.7Se0.3)0.998(In2Te3)0.002,10.1134/s002016851112017x,,,1.782066300730245,1.3632658930767627,,0.2684111992258506,False,True,True,35,no,yes,high predicted ZT,https://doi.org/10.1134/s002016851112017x
10.1134_s002016851112017x__sample_30394,true_positive,1.0,unknown,n,(Bi2Te2.7Se0.3)0.995(In2Te3)0.005,10.1134/s002016851112017x,,,1.3677605923714933,1.141491377244065,,0.20405224441456388,False,True,True,35,no,yes,high predicted ZT,https://doi.org/10.1134/s002016851112017x
10.1134_s0020168515070067__sample_6916,false_positive,1.0,unknown,n,Bi2Te2.7Se0.3,10.1134/s0020168515070067,,0.900271,1.079730917227613,0.7584876722011383,,0.42353126728378304,False,True,True,75,yes,yes,high-ZT false positive; important candidate for paper; high predicted ZT; carried from Step14,https://doi.org/10.1134/s0020168515070067
10.1134_s0020168516080070__sample_6917,false_positive,1.0,unknown,p,(Bi0.5Sb1.5Te3)99.55(Pb)0.45,10.1134/s0020168516080070,,0.5240076,1.0657950319727645,0.460934468215573,1.2588366576114214,1.3122484983577019,False,True,True,120,yes,yes,high-ZT false positive; important candidate for paper; high predicted ZT; carried from Step14,https://doi.org/10.1134/s0020168516080070
10.1134_s0020168516080070__sample_6921,false_positive,1.0,unknown,p,Bi0.4Sb1.6Te3,10.1134/s0020168516080070,,0.9073973,1.801633620475927,1.0061471855078483,0.6123358430791075,0.49951907980426585,False,True,True,75,yes,yes,high-ZT false positive; important candidate for paper; high predicted ZT; carried from Step14,https://doi.org/10.1134/s0020168516080070
10.1134_s002016852003005x__sample_34503,true_positive,1.0,unknown,p,Sb1.6Bi0.4Te3,10.1134/s002016852003005x,,1.212372,2.105556323352061,1.2294784623919288,0.5873591859062912,0.698976794903001,False,True,True,65,yes,yes,high observed ZT; important candidate for paper; high predicted ZT,https://doi.org/10.1134/s002016852003005x
10.1134_s002016852003005x__sample_34504,false_positive,1.0,unknown,p,Pb0.04Sb1.5Bi0.5Te3,10.1134/s002016852003005x,,0.6382807,1.119684260299201,0.6012088320672867,0.5635919944669529,0.6427598233361258,False,True,True,65,yes,yes,high-ZT false positive; important candidate for paper; high predicted ZT; carried from Step14,https://doi.org/10.1134/s002016852003005x
10.1134_s002016852003005x__sample_34505,true_positive,1.0,unknown,p,Sb1.6Bi0.4Te3,10.1134/s002016852003005x,,1.06903,1.9823659548802601,1.0305648824214604,0.8525817657842865,0.9414840292295741,False,True,True,65,yes,yes,high observed ZT; important candidate for paper; high predicted ZT,https://doi.org/10.1134/s002016852003005x
10.1134_s002016852003005x__sample_34506,true_positive,1.0,unknown,p,Pb0.02Sb1.6Bi0.4Te3,10.1134/s002016852003005x,,1.20056,2.1628264522523404,1.1453626238484056,0.7110371775416373,0.7320448659622184,False,True,True,65,yes,yes,high observed ZT; important candidate for paper; high predicted ZT,https://doi.org/10.1134/s002016852003005x
10.1134_s0020168520080063__sample_41824,false_positive,1.0,unknown,n,PbTe0.96I0.04,10.1134/s0020168520080063,,0.9004752,1.5542462330203386,0.9074614499694204,0.5378527456996949,0.5302468387668449,False,True,True,65,yes,yes,high-ZT false positive; important candidate for paper; high predicted ZT; carried from Step14,https://doi.org/10.1134/s0020168520080063
10.1134_s0020168520080063__sample_41825,true_positive,1.0,unknown,n,PbTe0.96I0.04,10.1134/s0020168520080063,,1.338657,2.473430308157221,1.2250257549787873,0.5560655679155504,0.47354960964015136,False,True,True,75,yes,yes,high observed ZT; important candidate for paper; high predicted ZT,https://doi.org/10.1134/s0020168520080063
10.1134_s0020168520080063__sample_41826,false_positive,1.0,unknown,n,PbTe0.96I0.04,10.1134/s0020168520080063,,0.9669691,2.4429396012782,0.8660574931199617,0.6967971143379343,0.6983695041033329,False,True,True,65,yes,yes,high-ZT false positive; important candidate for paper; high predicted ZT; carried from Step14,https://doi.org/10.1134/s0020168520080063
10.1134_s1063739713080052__sample_5841,true_positive,1.0,unknown,p,Bi0.4Sb1.6Te3,10.1134/s1063739713080052,,1.24716,1.2136149946381485,1.2695445742582274,0.10097328535813047,0.10571380365940987,False,True,True,75,yes,yes,high observed ZT; important candidate for paper; high predicted ZT,https://doi.org/10.1134/s1063739713080052
10.1134_s1063782619050063__sample_40306,false_positive,1.0,unknown,n,Mg2(Ge0.02Si0.8Sn0.18)0.99Sb0.01,10.1134/s1063782619050063,,0.3051731,1.512144715034217,1.0912334281305875,0.04494108805236697,0.1353861408071969,False,True,True,75,yes,yes,high-ZT false positive; important candidate for paper; high predicted ZT; carried from Step14,https://doi.org/10.1134/s1063782619050063
10.1134_s1063782619050063__sample_40307,false_positive,1.0,unknown,n,Mg2(Ge0.03Si0.8Sn0.17)0.99Sb0.01,10.1134/s1063782619050063,,0.929456,1.0754964785621186,0.9287057034496488,0.14751291200731842,0.11098053352696005,False,True,True,65,yes,yes,high-ZT false positive; important candidate for paper; high predicted ZT; carried from Step14,https://doi.org/10.1134/s1063782619050063
10.1134_s1063783406120080__sample_5636,false_positive,1.0,unknown,p,Bi1.8Sb0.15Te2.7Se0.15S0.15,10.1134/s1063783406120080,,,1.0309262105151242,0.9619264483794366,,0.039768702420937364,False,True,True,35,no,yes,high predicted ZT,https://doi.org/10.1134/s1063783406120080
10.1142_s1793604713400031__sample_27589,false_positive,1.0,unknown,p,CeFe3.9Mn0.1Sb12,10.1142/s1793604713400031,,0.8314099,1.000923253503096,0.8912660469971192,0.06057851131736894,0.09590114502799721,False,True,True,75,yes,yes,high-ZT false positive; important candidate for paper; high predicted ZT; carried from Step14,https://doi.org/10.1142/s1793604713400031
10.1143_jjap.46.5033__sample_7156,false_positive,1.0,unknown,n,(SbI3)0.1(Bi2Te3)99.9,10.1143/jjap.46.5033,,,1.0394707345528156,0.8401138803807646,,0.15131489133329784,False,True,True,35,no,yes,high predicted ZT,https://doi.org/10.1143/jjap.46.5033
10.1143_jjap.46.5033__sample_7157,false_positive,1.0,unknown,n,(SbI3)0.07(Bi2Te3)99.93,10.1143/jjap.46.5033,,,1.0052723569955773,0.7922512919943083,,0.1639742612381565,False,True,True,35,no,yes,high predicted ZT,https://doi.org/10.1143/jjap.46.5033
10.1143_jjap.46.5033__sample_7158,false_positive,1.0,unknown,n,(CuBr)0.17(Bi2Te3)99.83,10.1143/jjap.46.5033,,,1.0638053981584592,0.8500955987521676,,0.1556793423214698,False,True,True,35,no,yes,high predicted ZT,https://doi.org/10.1143/jjap.46.5033
10.1143_jjap.46.5033__sample_7159,false_positive,1.0,unknown,n,(CuBr)0.14(Bi2Te3)99.86,10.1143/jjap.46.5033,,,1.0148517237408046,0.815557945281018,,0.16063651953252908,False,True,True,35,no,yes,high predicted ZT,https://doi.org/10.1143/jjap.46.5033
10.1155_2013_973060__sample_10805,true_positive,1.0,unknown,n,In0.225Ba0.075Co4Sb12,10.1155/2013/973060,,1.023636,1.1225597908279485,1.0215846935035453,0.06927164808888248,0.06908114343464683,False,True,True,65,yes,yes,high observed ZT; important candidate for paper; high predicted ZT,https://doi.org/10.1155/2013/973060
10.1155_2013_973060__sample_10806,true_positive,1.0,unknown,n,In0.225Ce0.075Co4Sb12,10.1155/2013/973060,,1.015371,1.375289124797754,1.0678696477531977,0.026204243557920184,0.08867982715715123,False,True,True,65,yes,yes,high observed ZT; important candidate for paper; high predicted ZT,https://doi.org/10.1155/2013/973060
10.1155_2013_973060__sample_10807,true_positive,1.0,unknown,n,In0.3Co4Sb12,10.1155/2013/973060,,1.10254,1.3786165232701242,1.1055631751127224,0.1559145291551359,0.11814219035894406,False,True,True,65,yes,yes,high observed ZT; important candidate for paper; high predicted ZT,https://doi.org/10.1155/2013/973060
10.1515_amm-2017-0171__sample_14239,false_positive,1.0,unknown,p,Bi0.5Sb1.5Te3,10.1515/amm-2017-0171,,0.9919325,1.109277157624913,0.9798205403231248,0.04856270060939112,0.05065420733505692,False,True,True,65,yes,yes,high-ZT false positive; important candidate for paper; high predicted ZT; carried from Step14,https://doi.org/10.1515/amm-2017-0171
10.1515_amm-2017-0171__sample_14240,false_positive,1.0,unknown,p,Bi0.5Sb1.5Te3,10.1515/amm-2017-0171,,0.9324734,1.0323010222507594,0.921897735711154,0.049242102979668766,0.050436072128449784,False,True,True,65,yes,yes,high-ZT false positive; important candidate for paper; high predicted ZT; carried from Step14,https://doi.org/10.1515/amm-2017-0171
10.1515_amm-2017-0171__sample_14241,true_positive,1.0,unknown,p,Bi0.5Sb1.5Te3,10.1515/amm-2017-0171,,1.077754,1.1685467598545671,1.0811163692874524,0.04878984807962074,0.04893707748291616,False,True,True,65,yes,yes,high observed ZT; important candidate for paper; high predicted ZT,https://doi.org/10.1515/amm-2017-0171
10.15541_jim20200635__sample_45622,true_positive,1.0,unknown,n,(PbTe)0.97(PbS)0.03,10.15541/jim20200635,,1.242892,1.5182241322350836,1.2525760524473435,0.17727575090316458,0.19891517093870262,False,True,True,65,yes,yes,high observed ZT; important candidate for paper; high predicted ZT,https://doi.org/10.15541/jim20200635
10.15541_jim20200635__sample_45623,true_positive,1.0,unknown,n,(PbTe)0.95(PbS)0.05,10.15541/jim20200635,,1.304529,1.8517022104626857,1.3037818607587333,0.35343822652786977,0.4596609270626843,False,True,True,75,yes,yes,high observed ZT; important candidate for paper; high predicted ZT,https://doi.org/10.15541/jim20200635
10.15541_jim20200635__sample_45624,true_positive,1.0,unknown,n,(PbTe)0.93(PbS)0.07,10.15541/jim20200635,,1.175974,1.2982047972956048,1.0378016394716156,0.12234154389037377,0.2188314184520452,False,True,True,75,yes,yes,high observed ZT; important candidate for paper; high predicted ZT,https://doi.org/10.15541/jim20200635
10.15541_jim20200635__sample_45625,true_positive,1.0,unknown,n,(PbTe)0.945(PbS)0.05(Sb2Se3)0.005,10.15541/jim20200635,,1.436633,2.703913234053344,1.445341739192893,0.6702955778521162,0.5300918451775061,False,True,True,75,yes,yes,high observed ZT; important candidate for paper; high predicted ZT,https://doi.org/10.15541/jim20200635
10.15541_jim20200635__sample_45626,true_positive,1.0,unknown,n,(PbTe)0.94(PbS)0.05(Sb2Se3)0.01,10.15541/jim20200635,,1.603744,2.54217285914675,1.6026019611349822,0.5851487888009246,0.4338568319888108,False,True,True,75,yes,yes,high observed ZT; important candidate for paper; high predicted ZT,https://doi.org/10.15541/jim20200635
10.15541_jim20200635__sample_45627,false_negative,1.0,unknown,n,(PbTe)0.935(PbS)0.05(Sb2Se3)0.015,10.15541/jim20200635,,1.045183,0.8432256059721625,0.822091106725776,0.1497140192837455,0.14735566732299088,False,True,True,90,yes,yes,high observed ZT; high-ZT false negative; important candidate for paper; carried from Step14,https://doi.org/10.15541/jim20200635
10.1557_jmr.2014.90__sample_13747,false_negative,1.0,unknown,p,Cu1.96Se,10.1557/jmr.2014.90,,1.220125,0.7404383163011703,0.5645217669579924,0.35057438769182714,0.18856763534330392,False,True,True,90,yes,yes,high observed ZT; high-ZT false negative; important candidate for paper; carried from Step14,https://doi.org/10.1557/jmr.2014.90
10.2320_matertrans.46.959__sample_5542,true_positive,1.0,unknown,p,(Bi2Te3)0.16(Sb2Te3)0.84,10.2320/matertrans.46.959,,1.015875,1.0155764306012254,1.02084945632029,0.13017325068156593,0.1328098681402224,False,True,True,65,yes,yes,high observed ZT; important candidate for paper; high predicted ZT,https://doi.org/10.2320/matertrans.46.959
10.2320_matertrans.46.959__sample_5543,false_negative,1.0,unknown,p,(Bi2Te3)0.2(Sb2Te3)0.8,10.2320/matertrans.46.959,,1.000176,0.8921950033429726,0.9988998531755446,0.1363170727208641,0.1382122169637602,False,True,True,90,yes,yes,high observed ZT; high-ZT false negative; important candidate for paper; carried from Step14,https://doi.org/10.2320/matertrans.46.959
10.2320_matertrans.46.959__sample_5544,true_positive,1.0,unknown,p,(Bi2Te3)0.24(Sb2Te3)0.76,10.2320/matertrans.46.959,,1.144092,1.0132248560235246,1.1444188798382229,0.11982252006034365,0.12199033025853599,False,True,True,65,yes,yes,high observed ZT; important candidate for paper; high predicted ZT,https://doi.org/10.2320/matertrans.46.959
10.2320_matertrans.46.959__sample_5545,true_positive,1.0,unknown,p,(Bi2Te3)0.16(Sb2Te3)0.84,10.2320/matertrans.46.959,,1.080778,1.1436886394290438,1.081849410309923,0.13512543764849183,0.13671847245004312,False,True,True,65,yes,yes,high observed ZT; important candidate for paper; high predicted ZT,https://doi.org/10.2320/matertrans.46.959
10.2320_matertrans.46.959__sample_5546,true_positive,1.0,unknown,p,(Bi2Te3)0.2(Sb2Te3)0.8,10.2320/matertrans.46.959,,1.138448,1.148190458950526,1.1411623778871536,0.15518341215500892,0.15757420268111738,False,True,True,65,yes,yes,high observed ZT; important candidate for paper; high predicted ZT,https://doi.org/10.2320/matertrans.46.959
10.2320_matertrans.46.959__sample_5547,true_positive,1.0,unknown,p,(Bi2Te3)0.24(Sb2Te3)0.76,10.2320/matertrans.46.959,,1.23157,1.1599481046223865,1.2317003796289907,0.126144564608358,0.12717578444168226,False,True,True,65,yes,yes,high observed ZT; important candidate for paper; high predicted ZT,https://doi.org/10.2320/matertrans.46.959
10.2320_matertrans.m2018386__sample_42943,false_positive,1.0,unknown,p,Ge0.06CeFe3.5Co0.5Sb11.98,10.2320/matertrans.m2018386,,0.6436879,6.460955313340547,7.218822967462936,,0.0523973448429205,False,True,True,75,yes,yes,high-ZT false positive; important candidate for paper; high predicted ZT; carried from Step14,https://doi.org/10.2320/matertrans.m2018386
10.2320_matertrans.m2018386__sample_42944,false_positive,1.0,unknown,p,Ge0.09CeFe3.5Co0.5Sb11.97,10.2320/matertrans.m2018386,,0.8139007,8.257744992760259,8.040852867550667,8.81790390246513,0.08115329991238508,False,True,True,90,yes,yes,high-ZT false positive; important candidate for paper; high predicted ZT; carried from Step14,https://doi.org/10.2320/matertrans.m2018386
10.2320_matertrans.m2018386__sample_42945,false_positive,1.0,unknown,p,Ge0.15CeFe3.5Co0.5Sb11.95,10.2320/matertrans.m2018386,,0.8456738,5.2572977346217264,5.168188577539758,9.08817245484609,0.01724185480948289,False,True,True,100,yes,yes,high-ZT false positive; important candidate for paper; high predicted ZT; carried from Step14,https://doi.org/10.2320/matertrans.m2018386
10.2320_matertrans.m2018386__sample_42946,false_positive,1.0,unknown,p,Ge0.21CeFe3.5Co0.5Sb11.93,10.2320/matertrans.m2018386,,0.8388652,8.617447263561482,8.453125421544216,8.723924860702274,0.05330080798417328,False,True,True,90,yes,yes,high-ZT false positive; important candidate for paper; high predicted ZT; carried from Step14,https://doi.org/10.2320/matertrans.m2018386
10.2320_matertrans.mc200908__sample_9261,false_negative,1.0,unknown,n,Bi1.3(Mg2Si0.8Sn0.2)98.7,10.2320/matertrans.mc200908,,1.061358,0.16442008878090197,0.1567424890191794,,0.04898224986578548,False,True,False,95,yes,yes,high observed ZT; high-ZT false negative; important candidate for paper; carried from Step14,https://doi.org/10.2320/matertrans.mc200908
10.3365_eml.2010.12.201__sample_27352,true_positive,1.0,unknown,p,Bi0.5Sb1.5Te3Ag0.0031048,10.3365/eml.2010.12.201,,1.094444,1.1706743484224664,1.19801821546189,0.2146857655933721,0.1245812860402742,False,True,True,75,yes,yes,high observed ZT; important candidate for paper; high predicted ZT,https://doi.org/10.3365/eml.2010.12.201
10.3365_eml.2010.12.201__sample_27353,false_positive,1.0,unknown,p,Bi0.5Sb1.5Te3Ag0.0062096,10.3365/eml.2010.12.201,,0.8888889,1.1208504443535459,0.892556747994659,0.24419955785036973,0.23630029879458894,False,True,True,75,yes,yes,high-ZT false positive; important candidate for paper; high predicted ZT; carried from Step14,https://doi.org/10.3365/eml.2010.12.201
10.3365_eml.2010.12.201__sample_27354,false_positive,1.0,unknown,p,Bi0.5Sb1.5Te3Ag0.0124192,10.3365/eml.2010.12.201,,0.8166667,1.0216299361303487,0.8107101738861047,0.20153177221173296,0.17070768712607864,False,True,True,65,yes,yes,high-ZT false positive; important candidate for paper; high predicted ZT; carried from Step14,https://doi.org/10.3365/eml.2010.12.201
10.3389_fmats.2020.569723__sample_37124,true_positive,1.0,unknown,n,Bi2Te3,10.3389/fmats.2020.569723,,1.042058,1.182947391994439,1.0469479110996678,0.060087043260477396,0.05601794838686881,False,True,True,65,yes,yes,high observed ZT; important candidate for paper; high predicted ZT,https://doi.org/10.3389/fmats.2020.569723
10.3390_en12224292__sample_43952,true_positive,1.0,unknown,n,Yb0.25Fe0.25Co3.75Sb12,10.3390/en12224292,,1.201159,1.2104198887312958,1.210530012251873,0.007709960738999344,0.07318683811861985,False,True,True,75,yes,yes,high observed ZT; important candidate for paper; high predicted ZT,https://doi.org/10.3390/en12224292
10.3390_en12224292__sample_43953,false_positive,1.0,unknown,p,La0.7Ti0.1Ga0.1Fe2.7Co1.3Sb12,10.3390/en12224292,,0.9679254,1.025192218590269,0.9623307592290196,0.17543445077685474,0.18245268824550331,False,True,True,65,yes,yes,high-ZT false positive; important candidate for paper; high predicted ZT; carried from Step14,https://doi.org/10.3390/en12224292
10.3390_en13030643__sample_36115,false_positive,1.0,unknown,p,GeTe,10.3390/en13030643,,0.9356039,1.42422107728443,0.90879396977885,0.27660246847552017,0.2794314680325573,False,True,True,65,yes,yes,high-ZT false positive; important candidate for paper; high predicted ZT; carried from Step14,https://doi.org/10.3390/en13030643
10.3390_en13030643__sample_36116,true_positive,1.0,unknown,p,(GeTe)0.98(LiI)0.02,10.3390/en13030643,,1.190705,1.921782409256147,1.2030894317964234,0.2403409703393824,0.2577825085586771,False,True,True,65,yes,yes,high observed ZT; important candidate for paper; high predicted ZT,https://doi.org/10.3390/en13030643
10.3390_en81112323__sample_27500,true_positive,1.0,unknown,p,(Al2O3)0.06Bi0.4Sb1.6Te3,10.3390/en81112323,,1.218762,1.1996664232176226,1.2236273798422543,0.01996991273308217,0.023728618233683395,False,True,True,65,yes,yes,high observed ZT; important candidate for paper; high predicted ZT,https://doi.org/10.3390/en81112323
10.3390_en81112323__sample_27501,true_positive,1.0,unknown,p,(Al2O3)0.2Bi0.4Sb1.6Te3,10.3390/en81112323,,1.207737,1.2283758106178673,1.227195663748074,0.019798691993160675,0.02024719865041369,False,True,True,65,yes,yes,high observed ZT; important candidate for paper; high predicted ZT,https://doi.org/10.3390/en81112323
10.3390_en9040236__sample_31377,true_positive,1.0,unknown,p,Bi0.48Sb1.52Te3C0.03,10.3390/en9040236,,1.247251,1.0734497410619661,1.2039493322975077,0.06888006583799786,0.07506093132856943,False,True,True,65,yes,yes,high observed ZT; important candidate for paper; high predicted ZT,https://doi.org/10.3390/en9040236
10.3390_en9040236__sample_31379,false_negative,1.0,unknown,p,Bi0.48Sb1.52Te3C0.06,10.3390/en9040236,,1.090218,0.9144980256385528,0.8379955263756842,0.08903906620635944,0.05634238989177377,False,True,True,100,yes,yes,high observed ZT; high-ZT false negative; important candidate for paper; carried from Step14,https://doi.org/10.3390/en9040236
10.3390_ma10030251__sample_21760,true_positive,1.0,unknown,p,Cu0.005Bi0.5Sb1.495Te3,10.3390/ma10030251,,1.387258,1.4248292394724569,1.3970965763681968,0.19972983172518446,0.19259155858590474,False,True,True,65,yes,yes,high observed ZT; important candidate for paper; high predicted ZT,https://doi.org/10.3390/ma10030251
10.3390_ma10030251__sample_21762,true_positive,1.0,unknown,p,Cu0.01Bi0.5Sb1.49Te3,10.3390/ma10030251,,1.303047,1.5141499208283802,1.298702716251514,0.19521970485650683,0.2041240443592391,False,True,True,65,yes,yes,high observed ZT; important candidate for paper; high predicted ZT,https://doi.org/10.3390/ma10030251
10.3390_ma10030251__sample_21763,true_positive,1.0,unknown,p,Cu0.015Bi0.5Sb1.485Te3,10.3390/ma10030251,,1.223269,1.5668336505064557,1.2292607433534175,0.2688407722529709,0.2740716985077779,False,True,True,65,yes,yes,high observed ZT; important candidate for paper; high predicted ZT,https://doi.org/10.3390/ma10030251
10.3390_ma10060617__sample_21833,true_positive,1.0,unknown,p,Bi0.5Sb1.5Te3,10.3390/ma10060617,,1.226906,1.1402443175971788,1.213202011765534,0.07974543064234232,0.08080044578927446,False,True,True,65,yes,yes,high observed ZT; important candidate for paper; high predicted ZT,https://doi.org/10.3390/ma10060617
10.3390_ma10060617__sample_21834,true_positive,1.0,unknown,p,Bi0.5Sb1.5Te3,10.3390/ma10060617,,1.186547,1.0395413363367958,1.1143318226421652,0.07986424339720227,0.07752859677790233,False,True,True,65,yes,yes,high observed ZT; important candidate for paper; high predicted ZT,https://doi.org/10.3390/ma10060617
10.3390_ma11112237__sample_39705,false_positive,1.0,unknown,p,GeTe,10.3390/ma11112237,,0.7209456,1.0383872984417217,0.7255749883184319,0.21516734918768068,0.22388287310928132,False,True,True,65,yes,yes,high-ZT false positive; important candidate for paper; high predicted ZT; carried from Step14,https://doi.org/10.3390/ma11112237
10.3390_ma11112237__sample_79051,false_positive,1.0,unknown,p,GeTe,10.3390/ma11112237,,0.8952924,1.507346477232806,0.8899741746002856,0.21520658184489094,0.29932039561481516,False,True,True,65,yes,yes,high-ZT false positive; important candidate for paper; high predicted ZT; carried from Step14,https://doi.org/10.3390/ma11112237
10.3390_ma13040984__sample_38589,true_positive,1.0,unknown,p,La0.8Ti0.1Ga0.1Fe3CoSb12,10.3390/ma13040984,,1.196941,1.3214430571288507,1.1948575125397969,0.11004784014543241,0.10854205158068708,False,True,True,65,yes,yes,high observed ZT; important candidate for paper; high predicted ZT,https://doi.org/10.3390/ma13040984
10.3390_ma14174870__sample_45607,true_positive,1.0,unknown,p,Cu0.07Bi0.5Sb1.5Te3,10.3390/ma14174870,,1.193165,1.197350899732405,1.2002484603242645,0.10435305906082736,0.11936058772297305,False,True,True,75,yes,yes,high observed ZT; important candidate for paper; high predicted ZT,https://doi.org/10.3390/ma14174870
10.3390_ma14174870__sample_45608,true_positive,1.0,unknown,p,Cu0.07Bi0.5Sb1.5Te3,10.3390/ma14174870,,1.226833,1.2232611903787833,1.225792176367826,0.10132936328779923,0.09733646973402668,False,True,True,65,yes,yes,high observed ZT; important candidate for paper; high predicted ZT,https://doi.org/10.3390/ma14174870
10.3390_ma14174870__sample_45609,true_positive,1.0,unknown,p,Cu0.07Bi0.5Sb1.5Te3,10.3390/ma14174870,,1.260499,1.2587351160820168,1.2491785451154125,0.09287549377594381,0.09312261098263033,False,True,True,65,yes,yes,high observed ZT; important candidate for paper; high predicted ZT,https://doi.org/10.3390/ma14174870
10.3390_ma14174870__sample_45610,true_positive,1.0,unknown,p,Cu0.07Bi0.5Sb1.5Te3,10.3390/ma14174870,,1.134989,1.2421916659321728,1.244103602670294,0.12290769925665768,0.09757382425299399,False,True,True,65,yes,yes,high observed ZT; important candidate for paper; high predicted ZT,https://doi.org/10.3390/ma14174870
10.3390_ma8030959__sample_15282,false_negative,1.0,unknown,p,Bi0.48Sb1.52Te3,10.3390/ma8030959,,1.001749,0.888746547657417,1.0059678915368904,0.11484474634524304,0.13667362314523282,False,True,True,90,yes,yes,high observed ZT; high-ZT false negative; important candidate for paper; carried from Step14,https://doi.org/10.3390/ma8030959
10.3390_ma8030959__sample_15283,false_negative,1.0,unknown,p,Bi0.48Sb1.52Te3,10.3390/ma8030959,,1.00758,0.9872228437866064,0.9774992741856152,0.029019909356211328,0.04043091061894983,False,True,True,90,yes,yes,high observed ZT; high-ZT false negative; important candidate for paper; carried from Step14,https://doi.org/10.3390/ma8030959
10.3390_ma8030959__sample_15284,true_positive,1.0,unknown,p,Bi0.48Sb1.515Fe0.005Te3,10.3390/ma8030959,,1.054227,1.0106964752462106,1.053483876869612,0.06107676852144123,0.06447646417857776,False,True,True,65,yes,yes,high observed ZT; important candidate for paper; high predicted ZT,https://doi.org/10.3390/ma8030959
10.3390_ma8030959__sample_15285,true_positive,1.0,unknown,p,Bi0.48Sb1.51Fe0.01Te3,10.3390/ma8030959,,1.091156,1.0359187704757045,1.0826305050983258,0.10090779004149371,0.10768631256169212,False,True,True,65,yes,yes,high observed ZT; important candidate for paper; high predicted ZT,https://doi.org/10.3390/ma8030959
10.3390_ma8030959__sample_15286,false_negative,1.0,unknown,p,Bi0.48Sb1.5Fe0.02Te3,10.3390/ma8030959,,1.011467,0.9551654203674248,0.9868684716754312,0.052922712274312764,0.053108838869927046,False,True,True,90,yes,yes,high observed ZT; high-ZT false negative; important candidate for paper; carried from Step14,https://doi.org/10.3390/ma8030959
10.34133_2020_5016564__sample_38160,true_positive,1.0,unknown,p,Ca0.995Na0.005Mg2Bi1.98,10.34133/2020/5016564,,1.026367,1.1694998340864315,1.0329597643128772,0.21389916256569677,0.20174754220884603,False,True,False,60,yes,yes,high observed ZT; important candidate for paper; high predicted ZT,https://doi.org/10.34133/2020/5016564
10.34133_2020_5016564__sample_38161,true_positive,1.0,unknown,p,(Ca0.75Ba0.25)0.995Na0.005Mg2Bi1.98,10.34133/2020/5016564,,1.17717,1.2002727376305493,1.1723287687885804,0.06835361518655447,0.05613166216699027,False,True,False,60,yes,yes,high observed ZT; important candidate for paper; high predicted ZT,https://doi.org/10.34133/2020/5016564
10.34133_2020_5016564__sample_38162,true_positive,1.0,unknown,p,(Ca0.5Ba0.5)0.995Na0.005Mg2Bi1.98,10.34133/2020/5016564,,1.098392,1.263488656265064,1.1026494359829615,0.1307214215270782,0.1346268033953685,False,True,False,60,yes,yes,high observed ZT; important candidate for paper; high predicted ZT,https://doi.org/10.34133/2020/5016564
10.34133_2020_5016564__sample_38163,false_positive,1.0,unknown,p,(Ca0.25Ba0.75)0.995Na0.005Mg2Bi1.98,10.34133/2020/5016564,,0.9993569,1.0377457367250507,0.9946587647679422,0.1739081565145325,0.15475657565929518,False,True,False,60,yes,yes,high-ZT false positive; important candidate for paper; high predicted ZT; carried from Step14,https://doi.org/10.34133/2020/5016564
10.34133_2020_6591981__sample_38191,false_positive,1.0,unknown,n,Ag2Se,10.34133/2020/6591981,,0.6174008,1.0359789107411208,0.6189047571628807,0.4210602508417403,0.4260102036054061,False,True,True,65,yes,yes,high-ZT false positive; important candidate for paper; high predicted ZT; carried from Step14,https://doi.org/10.34133/2020/6591981
10.3724_sp.j.1077.2010.00583__sample_5685,false_positive,1.0,unknown,p,(Ag2Te)0.5(Bi0.5Sb1.5Te3)0.5,10.3724/sp.j.1077.2010.00583,,0.8372618,1.0860167856797858,0.8332580238397563,0.1527146892491359,0.15314812955145526,False,True,True,65,yes,yes,high-ZT false positive; important candidate for paper; high predicted ZT; carried from Step14,https://doi.org/10.3724/sp.j.1077.2010.00583
10.3724_sp.j.1077.2010.00598__sample_17220,true_positive,1.0,unknown,p,Zn4Sb2.94In0.06,10.3724/sp.j.1077.2010.00598,,1.089881,1.0792756220255435,1.057572735225452,0.12699113100557152,0.09022995654269195,False,True,True,65,yes,yes,high observed ZT; important candidate for paper; high predicted ZT,https://doi.org/10.3724/sp.j.1077.2010.00598
10.3724_sp.j.1077.2010.00598__sample_17221,true_positive,1.0,unknown,p,Zn4Sb2.92In0.08,10.3724/sp.j.1077.2010.00598,,1.101786,1.044010701676137,1.038586886399523,0.039958976473215446,0.034393897250730145,False,True,True,65,yes,yes,high observed ZT; important candidate for paper; high predicted ZT,https://doi.org/10.3724/sp.j.1077.2010.00598
10.3724_sp.j.1077.2011.00680__sample_16914,true_positive,1.0,unknown,p,AgNa0.01SbTe2,10.3724/sp.j.1077.2011.00680,,1.229374,1.0753010770193745,1.228917515899207,0.3330115718579578,0.3328088152421722,False,True,True,65,yes,yes,high observed ZT; important candidate for paper; high predicted ZT,https://doi.org/10.3724/sp.j.1077.2011.00680
10.3724_sp.j.1077.2011.00680__sample_16915,true_positive,1.0,unknown,p,Ag0.99Na0.01SbTe2,10.3724/sp.j.1077.2011.00680,,1.188339,1.0697284533715905,1.1878053376949256,0.23580739879257556,0.23632048564980318,False,True,True,65,yes,yes,high observed ZT; important candidate for paper; high predicted ZT,https://doi.org/10.3724/sp.j.1077.2011.00680
10.3724_sp.j.1077.2011.00680__sample_16916,true_positive,1.0,unknown,p,AgNa0.01SbTe2Se0.04,10.3724/sp.j.1077.2011.00680,,1.268422,1.006993365275646,1.268605355020126,0.32081364873678364,0.32541042902925316,False,True,True,65,yes,yes,high observed ZT; important candidate for paper; high predicted ZT,https://doi.org/10.3724/sp.j.1077.2011.00680
10.3724_sp.j.1077.2011.00680__sample_16917,false_negative,1.0,unknown,p,Ag0.99Na0.01SbTe1.96Se0.04,10.3724/sp.j.1077.2011.00680,,1.401413,0.9991234841267445,1.4056932474592718,0.44003689015385306,0.4422714791129755,False,True,True,90,yes,yes,high observed ZT; high-ZT false negative; important candidate for paper; carried from Step14,https://doi.org/10.3724/sp.j.1077.2011.00680
10.3724_sp.j.1077.2012.12615__sample_4829,true_positive,1.0,unknown,n,Ba0.23Co4Sb12.22,10.3724/sp.j.1077.2012.12615,,1.01049,1.0179300702671534,0.9479952303292158,0.07321833157177018,0.06608607416674844,False,True,True,65,yes,yes,high observed ZT; important candidate for paper; high predicted ZT,https://doi.org/10.3724/sp.j.1077.2012.12615
10.3724_sp.j.1077.2012.12615__sample_4830,true_positive,1.0,unknown,n,Yb0.14Co4Sb12.05,10.3724/sp.j.1077.2012.12615,,1.153846,1.4655172677670547,1.187398381393429,0.06958197353358632,0.0891178240888533,False,True,True,75,yes,yes,high observed ZT; important candidate for paper; high predicted ZT,https://doi.org/10.3724/sp.j.1077.2012.12615
10.3724_sp.j.1077.2012.12615__sample_4831,false_positive,1.0,unknown,n,Ba0.15Yb0.09Co4Sb11.86,10.3724/sp.j.1077.2012.12615,,0.9440559,1.5068109071222258,1.212357275509794,,0.17321090017258642,False,True,True,75,yes,yes,high-ZT false positive; important candidate for paper; high predicted ZT; carried from Step14,https://doi.org/10.3724/sp.j.1077.2012.12615
10.3724_sp.j.1077.2012.12615__sample_4833,false_positive,1.0,unknown,n,Ba0.14Eu0.13Co4Sb12.05,10.3724/sp.j.1077.2012.12615,,0.6398601,1.3793837517384453,1.151371853263688,0.08358352659023441,0.10308860003171691,False,True,True,75,yes,yes,high-ZT false positive; important candidate for paper; high predicted ZT; carried from Step14,https://doi.org/10.3724/sp.j.1077.2012.12615
10.3724_sp.j.1077.2012.12615__sample_4834,true_positive,1.0,unknown,n,Ba0.19Eu0.23Co4Sb12.03,10.3724/sp.j.1077.2012.12615,,1.132867,1.331818454705181,1.0366866847819594,0.10085714099159529,0.12814749820742916,False,True,True,75,yes,yes,high observed ZT; important candidate for paper; high predicted ZT,https://doi.org/10.3724/sp.j.1077.2012.12615
10.3724_sp.j.1077.2014.13261__sample_4835,true_positive,1.0,unknown,n,Yb0.6Co4Sb12,10.3724/sp.j.1077.2014.13261,,1.091733,1.2099421088657194,1.0860559499992757,0.11505143520298122,0.08430330100191387,False,True,True,65,yes,yes,high observed ZT; important candidate for paper; high predicted ZT,https://doi.org/10.3724/sp.j.1077.2014.13261
10.3724_sp.j.1077.2014.13261__sample_4836,false_negative,1.0,unknown,n,Yb0.6Co4Sb12,10.3724/sp.j.1077.2014.13261,,1.144735,0.9373327714769907,0.9029344976710804,0.04040887134813767,0.04526028630979386,False,True,True,100,yes,yes,high observed ZT; high-ZT false negative; important candidate for paper; carried from Step14,https://doi.org/10.3724/sp.j.1077.2014.13261
10.3724_sp.j.1077.2014.13261__sample_4837,true_positive,1.0,unknown,n,Yb0.6Co4Sb12,10.3724/sp.j.1077.2014.13261,,1.068536,1.2053509828487268,0.9775799507574066,0.09180431769844521,0.09495626161858865,False,True,True,65,yes,yes,high observed ZT; important candidate for paper; high predicted ZT,https://doi.org/10.3724/sp.j.1077.2014.13261
10.3724_sp.j.1077.2014.13261__sample_4838,true_positive,1.0,unknown,n,Yb0.6Co4Sb12,10.3724/sp.j.1077.2014.13261,,1.177862,1.2871139388468453,1.0675645181474347,0.0997063574837412,0.11227016515011516,False,True,True,75,yes,yes,high observed ZT; important candidate for paper; high predicted ZT,https://doi.org/10.3724/sp.j.1077.2014.13261
10.3938_jkps.61.1376__sample_30461,false_positive,1.0,unknown,n,Cu0.02Bi2Te2.7Se0.3,10.3938/jkps.61.1376,,0.985928,1.0844597139967513,1.0093469434461944,0.1891023889694034,0.07545477771463209,False,True,True,75,yes,yes,high-ZT false positive; important candidate for paper; high predicted ZT; carried from Step14,https://doi.org/10.3938/jkps.61.1376
10.3938_jkps.64.695__sample_13983,true_positive,1.0,unknown,n,Bi1.95Cu0.05Bi2Se3,10.3938/jkps.64.695,,,1.8568005183516663,1.6001678656290534,,0.15944298513757738,False,True,True,35,no,yes,high predicted ZT,https://doi.org/10.3938/jkps.64.695
10.3938_jkps.64.695__sample_13984,true_positive,1.0,unknown,n,Bi1.9Cu0.1Bi2Se3,10.3938/jkps.64.695,,,14.565197576258644,12.15460260489421,,0.1468643135850587,False,True,True,35,no,yes,high predicted ZT,https://doi.org/10.3938/jkps.64.695
10.3938_jkps.65.491__sample_4430,false_positive,1.0,unknown,n,Yb0.2Co4Sb12,10.3938/jkps.65.491,,0.4304636,1.0676631301105997,0.9960148521616145,,0.04048746450576305,False,True,True,75,yes,yes,high-ZT false positive; important candidate for paper; high predicted ZT; carried from Step14,https://doi.org/10.3938/jkps.65.491
10.3938_jkps.65.491__sample_4431,false_positive,1.0,unknown,n,Yb0.3Co4Sb12,10.3938/jkps.65.491,,0.9205298,1.0212705473760841,0.9615984840744146,0.12154077919964966,0.06646414864807124,False,True,True,75,yes,yes,high-ZT false positive; important candidate for paper; high predicted ZT; carried from Step14,https://doi.org/10.3938/jkps.65.491
10.3938_jkps.67.1208__sample_4465,false_positive,1.0,unknown,p,Pr0.25Yb0.75Fe3.5Co0.5Sb12,10.3938/jkps.67.1208,,0.6306129,1.0704036216655517,0.9305545865537562,,0.15028568676418713,False,True,True,75,yes,yes,high-ZT false positive; important candidate for paper; high predicted ZT; carried from Step14,https://doi.org/10.3938/jkps.67.1208
10.4028_www.scientific.net_amr.415-417.47__sample_30760,false_positive,1.0,unknown,n,Mg2Si0.8Sn0.2,10.4028/www.scientific.net/amr.415-417.47,,0.2032442,671.5030535703972,606.2215995838486,,0.10768579349756296,False,False,False,65,yes,yes,high-ZT false positive; important candidate for paper; high predicted ZT; carried from Step14,https://doi.org/10.4028/www.scientific.net/amr.415-417.47
10.4028_www.scientific.net_kem.512-515.1647__sample_8746,false_positive,1.0,unknown,n,Bi2Te2.7Se0.3,10.4028/www.scientific.net/kem.512-515.1647,,0.9874346,1.0084375164044246,0.9829022478924102,0.07734494224582462,0.077025446095656,False,True,True,65,yes,yes,high-ZT false positive; important candidate for paper; high predicted ZT; carried from Step14,https://doi.org/10.4028/www.scientific.net/kem.512-515.1647
10.4028_www.scientific.net_kem.512-515.1647__sample_8749,false_positive,1.0,unknown,n,(Bi2Te2.7Se0.3)99.85((Al2O3)4(ZnO)96)0.15,10.4028/www.scientific.net/kem.512-515.1647,,0.9287958,1.0114943343083416,0.9305055759154106,0.10122902690213675,0.10066783207442408,False,True,True,65,yes,yes,high-ZT false positive; important candidate for paper; high predicted ZT; carried from Step14,https://doi.org/10.4028/www.scientific.net/kem.512-515.1647
10.4028_www.scientific.net_kem.512-515.1651__sample_8751,false_negative,1.0,unknown,p,(BiSbTe)96.67(RuO2)3.33,10.4028/www.scientific.net/kem.512-515.1651,,1.01061,0.9456646568267522,1.0064022809235074,0.06689806899196384,0.06321948926088163,False,True,True,90,yes,yes,high observed ZT; high-ZT false negative; important candidate for paper; carried from Step14,https://doi.org/10.4028/www.scientific.net/kem.512-515.1651
10.7498_aps.70.20202020__sample_45457,true_positive,1.0,unknown,p,Sn1.04In0.01Te(Cu2Te)0.05,10.7498/aps.70.20202020,,1.39271,1.8667788093934203,1.405788879946967,0.2380992806198393,0.22906072696070368,False,True,True,65,yes,yes,high observed ZT; important candidate for paper; high predicted ZT,https://doi.org/10.7498/aps.70.20202020
10.7498_aps.70.20202020__sample_45458,true_positive,1.0,unknown,p,Sn1.01Mn0.03In0.01Te(Cu2Te)0.05,10.7498/aps.70.20202020,,1.298961,1.7087081226568217,1.326627847325396,0.2272826106411473,0.22952953440693663,False,True,True,65,yes,yes,high observed ZT; important candidate for paper; high predicted ZT,https://doi.org/10.7498/aps.70.20202020
10.7498_aps.70.20202020__sample_45459,true_positive,1.0,unknown,p,Sn0.98Mn0.06In0.01Te(Cu2Te)0.05,10.7498/aps.70.20202020,,1.04403,1.3671105717204715,1.0097163006786691,0.2557769055394991,0.24086548570738087,False,True,True,65,yes,yes,high observed ZT; important candidate for paper; high predicted ZT,https://doi.org/10.7498/aps.70.20202020
10.7498_aps.70.20202020__sample_45460,true_positive,1.0,unknown,p,Sn0.95Mn0.09In0.01Te(Cu2Te)0.05,10.7498/aps.70.20202020,,1.173632,1.4762978065343817,1.1923570702986732,0.23563303231804433,0.22574542702472147,False,True,True,65,yes,yes,high observed ZT; important candidate for paper; high predicted ZT,https://doi.org/10.7498/aps.70.20202020
10.7498_aps.70.20202020__sample_45461,true_positive,1.0,unknown,p,Sn0.93Mn0.11In0.01Te(Cu2Te)0.05,10.7498/aps.70.20202020,,1.338186,1.2502664184788679,0.8839304018699304,0.17404126657251817,0.17454212387143306,False,True,True,65,yes,yes,high observed ZT; important candidate for paper; high predicted ZT,https://doi.org/10.7498/aps.70.20202020
10.7498_aps.70.20202020__sample_45462,true_positive,1.0,unknown,p,Sn0.91Mn0.13In0.01Te(Cu2Te)0.05,10.7498/aps.70.20202020,,1.351444,1.6514737135136608,1.475087857348515,0.15411391033829233,0.14464073447264267,False,True,True,65,yes,yes,high observed ZT; important candidate for paper; high predicted ZT,https://doi.org/10.7498/aps.70.20202020
10.7498_aps.70.20202020__sample_45463,true_positive,1.0,unknown,p,Sn0.89Mn0.15In0.01Te(Cu2Te)0.05,10.7498/aps.70.20202020,,1.445736,1.6616430067638732,1.4874785431080626,0.07827265019956661,0.1161871286005899,False,True,True,75,yes,yes,high observed ZT; important candidate for paper; high predicted ZT,https://doi.org/10.7498/aps.70.20202020
10.7498_aps.70.20202020__sample_45464,true_positive,1.0,unknown,p,Sn0.87Mn0.17In0.01Te(Cu2Te)0.05,10.7498/aps.70.20202020,,1.399097,1.6991873140884586,1.4099539249994748,0.18004006105962372,0.16361267919306482,False,True,True,65,yes,yes,high observed ZT; important candidate for paper; high predicted ZT,https://doi.org/10.7498/aps.70.20202020
10.7567_1882-0786_ab587c__sample_30931,false_negative,1.0,unknown,n,K9Ba14.5Ga40.5Sn97.5,10.7567/1882-0786/ab587c,,1.01079,0.8052742841298575,1.0075841977263995,0.20332187286196202,0.20078710449513967,False,True,False,95,yes,yes,high observed ZT; high-ZT false negative; important candidate for paper; carried from Step14,https://doi.org/10.7567/1882-0786/ab587c
