sample_key,step17_review_priority_score,step17_review_priority_tier,step17_review_reason,DOI,paper_title,sample_id,composition,material_system,n_or_p,n_or_p_basis,n_or_p_step6,n_or_p_basis_step6,n_or_p_confidence_step6,zt_obs_max_step14,zt_pred_max_step14,zt_calc_from_obs_max_step14,zt_pred_vs_obs_mape_step14,zt_pred_vs_calc_mape_step14,classification_case_step15,zt_error_analysis_category_step15,step17_check_additive,step17_check_structure,step17_check_np_type,step17_check_sintering,additive_auto_step9,additive_manual_step9,structure_auto_step9,structure_manual_step9,nanocarbon_keyword_detected_step9,nanocarbon_type_auto_step9,rare_metal_flag_auto_step9,toxicity_flag_auto_step9,sintering_method,sintering_checked,record_checked,source_files_step16,thresholds_in_high_zt_error_file_step15,manual_review_priority_score_step15,manual_review_priority_tier_step15,sintering_check_reason_step15,n_rows_step14,n_pf_eval_rows_step14,n_zt_calc_eval_rows_step14,n_zt_obs_eval_rows_step14,pf_mape_step14,pf_log_rmse_step14,zt_pred_vs_calc_log_rmse_step14,zt_pred_vs_obs_log_rmse_step14,zt_pred_vs_obs_quality_step14,zt_pred_vs_calc_quality_step14,SID,year,tau_eff_step12,tau_eff_unit_step12,tau_eff_mode_step12,fitting_source_actual_step10,needs_sintering_check_later_step14,pf_error_level_sample_step15,zt_obs_error_level_sample_step15,zt_calc_error_level_sample_step15,zt_error_direction_sample_step15,zt_error_analysis_note_step15,needs_manual_review_step15,needs_sintering_check_later_step15,pf_zt_problem_reason_step15,doi_url
10.1016_j.nanoen.2017.11.019__sample_41296,3000,A,ZT>=1 false negative; observed ZT>=1; large ZT prediction error; best candidate sample; manual review candidate; sintering check candidate,10.1016/j.nanoen.2017.11.019,,41296,Yb1.07Zn1.90In0.10Sb2(InSb)0.07,unknown,p,"estimated from Seebeck sign: positive=16, negative=0, zero=0, positive_ratio=1.000, negative_ratio=0.000",p,"estimated from Seebeck sign: positive=16, negative=0, zero=0, positive_ratio=1.000, negative_ratio=0.000",high,3.094071,0.1997287273628427,0.1963123056722544,0.8292957712440705,0.0174029930466615,false_negative,high_zt_false_negative,yes,yes,yes,yes,unknown,,unknown,,False,unknown,True,True,unknown,no,no,best_candidate;high_zt_error;manual_review;sintering_check,1,100,A,high observed ZT; high-ZT false negative; important candidate for paper; carried from Step14,16,16,1,1,0.0292767627995774,0.0380143517692464,0.0172532952605268,1.767822876460296,poor,excellent,31657,,2.292309006478272,relative_scale,empirical_group_baseline,,yes,excellent,moderate,excellent,under_predicted,high_zt_false_negative,yes,yes,observed high ZT missed; manual review required; sintering check required later,https://doi.org/10.1016/j.nanoen.2017.11.019
10.1038_nature13184__sample_31743,3000,A,ZT>=1 false negative; observed ZT>=1; large ZT prediction error; best candidate sample; manual review candidate; sintering check candidate,10.1038/nature13184,,31743,SnSe,unknown,p,"estimated from Seebeck sign: positive=15, negative=0, zero=0, positive_ratio=1.000, negative_ratio=0.000",p,"estimated from Seebeck sign: positive=15, negative=0, zero=0, positive_ratio=1.000, negative_ratio=0.000",high,2.617264,0.7676095246817163,0.3137429060412725,2.649920977413767,2.1811210413631104,false_negative,high_zt_false_negative,yes,yes,yes,yes,unknown,,unknown,,False,unknown,True,True,unknown,no,no,best_candidate;high_zt_error;manual_review;sintering_check,1,145,A,high observed ZT; high-ZT false negative; important candidate for paper; carried from Step14,15,7,3,1,1.4559882799375774,1.2658685569719763,1.1557590598963332,1.2947055173364097,poor,poor,14595,,0.0435344869727399,relative_scale,empirical_group_baseline,,yes,poor,poor,poor,under_predicted,high_zt_false_negative,yes,yes,large PF error; large ZT error vs observed ZT; large ZT error vs calculated ZT; observed high ZT missed; manual review required; sintering check required later,https://doi.org/10.1038/nature13184
10.1021_jacs.6b07010__sample_2886,3000,A,ZT>=1 false negative; observed ZT>=1; large ZT prediction error; best candidate sample; manual review candidate; sintering check candidate,10.1021/jacs.6b07010,,2886,SnSe,unknown,p,"estimated from Seebeck sign: positive=13, negative=0, zero=0, positive_ratio=1.000, negative_ratio=0.000",p,"estimated from Seebeck sign: positive=13, negative=0, zero=0, positive_ratio=1.000, negative_ratio=0.000",high,2.462241,0.6788135734896266,0.9053938023614706,0.2549522802640206,0.2502559972035062,false_negative,high_zt_false_negative,yes,yes,yes,yes,unknown,,unknown,,False,unknown,True,True,unknown,no,no,best_candidate;high_zt_error;manual_review;sintering_check,1,100,A,high observed ZT; high-ZT false negative; important candidate for paper; carried from Step14,13,5,1,1,1.1321493426897926,0.7770448827519957,0.2880234603226644,0.2943070093170199,good,good,18599,,0.0334434175641071,relative_scale,empirical_group_baseline,,yes,poor,good,good,under_predicted,high_zt_false_negative,yes,yes,large PF error; observed high ZT missed; manual review required; sintering check required later,https://doi.org/10.1021/jacs.6b07010
10.1002_adfm.201806613__sample_41595,3000,A,ZT>=1 false negative; observed ZT>=1; large ZT prediction error; best candidate sample; manual review candidate; sintering check candidate,10.1002/adfm.201806613,,41595,Ge0.95Bi0.05Te1.025,unknown,p,"estimated from Seebeck sign: positive=10, negative=0, zero=0, positive_ratio=1.000, negative_ratio=0.000",p,"estimated from Seebeck sign: positive=10, negative=0, zero=0, positive_ratio=1.000, negative_ratio=0.000",high,2.314523,0.1960716954255574,0.3305692656530635,0.3873063250859093,0.4149545215460291,false_negative,high_zt_false_negative,yes,yes,yes,yes,unknown,,unknown,,False,unknown,True,True,unknown,no,no,best_candidate;high_zt_error;manual_review;sintering_check,1,100,A,high observed ZT; high-ZT false negative; important candidate for paper; carried from Step14,11,10,2,2,0.3254270779111744,0.372419438080372,0.536339483439621,0.490018490962287,moderate,moderate,31615,,3.5355280493884296,relative_scale,empirical_group_baseline,,yes,good,good,good,under_predicted,high_zt_false_negative,yes,yes,observed high ZT missed; manual review required; sintering check required later,https://doi.org/10.1002/adfm.201806613
10.1002_aenm.201601450__sample_3198,3000,A,ZT>=1 false negative; observed ZT>=1; large ZT prediction error; best candidate sample; manual review candidate; sintering check candidate,10.1002/aenm.201601450,,3198,PbTe0.85Se0.15Na0.02(SrTe)0.04,unknown,p,"estimated from Seebeck sign: positive=14, negative=0, zero=0, positive_ratio=1.000, negative_ratio=0.000",p,"estimated from Seebeck sign: positive=14, negative=0, zero=0, positive_ratio=1.000, negative_ratio=0.000",high,2.226909,0.5192136831800847,0.6797535579389168,0.271002789576282,0.2361736439388499,false_negative,high_zt_false_negative,yes,yes,yes,yes,unknown,,unknown,,False,unknown,True,True,unknown,no,no,best_candidate;high_zt_error;manual_review;sintering_check,1,100,A,high observed ZT; high-ZT false negative; important candidate for paper; carried from Step14,14,4,1,1,0.2231150862873878,0.3107015541119642,0.2694147982907044,0.3160853735600624,good,good,18492,,1.8377942113720185,relative_scale,empirical_group_baseline,,yes,good,good,good,under_predicted,high_zt_false_negative,yes,yes,observed high ZT missed; manual review required; sintering check required later,https://doi.org/10.1002/aenm.201601450
10.1016_j.nanoen.2018.09.025__sample_43728,3000,A,ZT>=1 false negative; observed ZT>=1; large ZT prediction error; best candidate sample; manual review candidate; sintering check candidate,10.1016/j.nanoen.2018.09.025,,43728,Sn0.98Pb0.01Zn0.01Se,unknown,p,"estimated from Seebeck sign: positive=14, negative=0, zero=0, positive_ratio=1.000, negative_ratio=0.000",p,"estimated from Seebeck sign: positive=14, negative=0, zero=0, positive_ratio=1.000, negative_ratio=0.000",high,2.205143,0.6852833329738071,2.1631623248410867,1.4137167940557194,0.8498191884979206,false_negative,high_zt_false_negative,yes,yes,yes,yes,unknown,,unknown,,False,unknown,True,True,unknown,no,no,best_candidate;high_zt_error;manual_review;sintering_check,1,115,A,high observed ZT; high-ZT false negative; important candidate for paper; carried from Step14,14,11,7,7,0.998441461330956,1.0267885413986608,1.1072911894858966,1.261752735678561,poor,poor,32098,,0.0544258376178311,relative_scale,empirical_group_baseline,,yes,moderate,poor,moderate,under_predicted,high_zt_false_negative,yes,yes,large ZT error vs observed ZT; observed high ZT missed; manual review required; sintering check required later,https://doi.org/10.1016/j.nanoen.2018.09.025
10.1002_adfm.201806613__sample_41584,3000,A,ZT>=1 false negative; observed ZT>=1; large ZT prediction error; best candidate sample; manual review candidate; sintering check candidate,10.1002/adfm.201806613,,41584,Ge0.95Bi0.05Te1.025,unknown,p,"estimated from Seebeck sign: positive=12, negative=0, zero=0, positive_ratio=1.000, negative_ratio=0.000",p,"estimated from Seebeck sign: positive=12, negative=0, zero=0, positive_ratio=1.000, negative_ratio=0.000",high,2.179321,0.3494173345641866,0.4835334992235847,0.2930561190014687,0.3344345924500544,false_negative,high_zt_false_negative,yes,yes,yes,yes,unknown,,unknown,,False,unknown,True,True,unknown,no,no,best_candidate;high_zt_error;manual_review;sintering_check,1,100,A,high observed ZT; high-ZT false negative; important candidate for paper; carried from Step14,10,6,2,1,0.3067242252612259,0.3421770728542278,0.4197037867571073,0.3468039924757258,good,moderate,31615,,3.680535323621135,relative_scale,empirical_group_baseline,,yes,good,good,good,under_predicted,high_zt_false_negative,yes,yes,observed high ZT missed; manual review required; sintering check required later,https://doi.org/10.1002/adfm.201806613
10.1038_ncomms13713__sample_33473,3000,A,ZT>=1 false negative; observed ZT>=1; large ZT prediction error; best candidate sample; manual review candidate; sintering check candidate,10.1038/ncomms13713,,33473,Sn0.94SeBi0.06,unknown,n,"estimated from Seebeck sign: positive=0, negative=11, zero=0, positive_ratio=0.000, negative_ratio=1.000",n,"estimated from Seebeck sign: positive=0, negative=11, zero=0, positive_ratio=0.000, negative_ratio=1.000",high,2.156489,0.7644257186790195,2.1753525122115205,1.4982254753555342,1.509500516430532,false_negative,high_zt_false_negative,yes,yes,yes,yes,unknown,,unknown,,False,unknown,True,True,unknown,no,no,best_candidate;high_zt_error;manual_review;sintering_check,1,135,A,high observed ZT; high-ZT false negative; important candidate for paper; carried from Step14,11,9,8,8,1.4176812349188488,1.0660908958666957,1.115676266901374,1.1103989236146172,poor,poor,27933,,0.0368748587081502,relative_scale,empirical_group_baseline,,yes,poor,poor,poor,under_predicted,high_zt_false_negative,yes,yes,large PF error; large ZT error vs observed ZT; large ZT error vs calculated ZT; observed high ZT missed; manual review required; sintering check required later,https://doi.org/10.1038/ncomms13713
10.1021_jacs.7b11875__sample_43928,3000,A,ZT>=1 false negative; observed ZT>=1; large ZT prediction error; best candidate sample; manual review candidate; sintering check candidate,10.1021/jacs.7b11875,,43928,Sn0.95Se,unknown,p,"estimated from Seebeck sign: positive=14, negative=0, zero=0, positive_ratio=1.000, negative_ratio=0.000",p,"estimated from Seebeck sign: positive=14, negative=0, zero=0, positive_ratio=1.000, negative_ratio=0.000",high,2.137449,0.6144786643582826,1.8986619381433056,0.6276655978699592,0.6311601642463995,false_negative,high_zt_false_negative,yes,yes,yes,yes,unknown,,unknown,,False,unknown,True,True,unknown,no,no,best_candidate;high_zt_error;manual_review;sintering_check,1,100,A,high observed ZT; high-ZT false negative; important candidate for paper; carried from Step14,15,9,2,2,0.4948678595861148,0.7474285663883625,1.1704046273392714,1.1456778859328305,poor,poor,32056,,0.0821900796849222,relative_scale,empirical_group_baseline,,yes,good,moderate,moderate,under_predicted,high_zt_false_negative,yes,yes,observed high ZT missed; manual review required; sintering check required later,https://doi.org/10.1021/jacs.7b11875
10.1007_s11664-015-4122-9__sample_17048,3000,A,ZT>=1 false negative; observed ZT>=1; large ZT prediction error; best candidate sample; manual review candidate; sintering check candidate,10.1007/s11664-015-4122-9,,17048,Pb18Ag2Te20,unknown,n,"estimated from Seebeck sign: positive=0, negative=6, zero=0, positive_ratio=0.000, negative_ratio=1.000",n,"estimated from Seebeck sign: positive=0, negative=6, zero=0, positive_ratio=0.000, negative_ratio=1.000",high,2.124154,0.9139339172227188,1.1555387272854278,0.6454765238107354,0.7014557072754715,false_negative,high_zt_false_negative,yes,yes,yes,yes,unknown,,unknown,,False,unknown,True,True,unknown,no,no,best_candidate;high_zt_error;manual_review;sintering_check,1,90,A,high observed ZT; high-ZT false negative; important candidate for paper; carried from Step14,6,6,5,5,0.6474120895788766,0.603426770348967,0.626182372266329,0.8198354449484756,poor,moderate,10917,,0.0696033547326391,relative_scale,empirical_group_baseline,,yes,moderate,moderate,moderate,under_predicted,high_zt_false_negative,yes,yes,observed high ZT missed; manual review required; sintering check required later,https://doi.org/10.1007/s11664-015-4122-9
10.1021_ja4121583__sample_6132,3000,A,ZT>=1 false negative; observed ZT>=1; large ZT prediction error; best candidate sample; manual review candidate; sintering check candidate,10.1021/ja4121583,,6132,(PbTe)0.86(PbSe)0.07(PbS)0.07,unknown,p,"estimated from Seebeck sign: positive=22, negative=0, zero=0, positive_ratio=1.000, negative_ratio=0.000",p,"estimated from Seebeck sign: positive=22, negative=0, zero=0, positive_ratio=1.000, negative_ratio=0.000",high,2.121871,0.1137030450233985,0.2013352034615763,0.3847737195390062,0.4352550221298076,false_negative,high_zt_false_negative,yes,yes,yes,yes,unknown,,unknown,,False,unknown,True,True,unknown,no,no,best_candidate;high_zt_error;manual_review;sintering_check,1,100,A,high observed ZT; high-ZT false negative; important candidate for paper; carried from Step14,22,2,1,1,0.3431154962945005,0.4339459839187038,0.5713810163336928,0.4857651431384302,moderate,moderate,3508,,1.8821491603298808,relative_scale,empirical_group_baseline,,yes,good,good,good,under_predicted,high_zt_false_negative,yes,yes,observed high ZT missed; manual review required; sintering check required later,https://doi.org/10.1021/ja4121583
10.1021_acsaem.9b00057__sample_39736,3000,A,ZT>=1 false negative; observed ZT>=1; large ZT prediction error; best candidate sample; manual review candidate; sintering check candidate,10.1021/acsaem.9b00057,,39736,Ge0.93Te0.07Te1.005I0.03,unknown,p,"estimated from Seebeck sign: positive=10, negative=0, zero=0, positive_ratio=1.000, negative_ratio=0.000",p,"estimated from Seebeck sign: positive=10, negative=0, zero=0, positive_ratio=1.000, negative_ratio=0.000",high,2.116983,0.6737312385827611,0.722199810013034,0.1213783459941706,0.1363334675886556,false_negative,high_zt_false_negative,yes,yes,yes,yes,unknown,,unknown,,False,unknown,True,True,unknown,no,no,best_candidate;high_zt_error;manual_review;sintering_check,1,100,A,high observed ZT; high-ZT false negative; important candidate for paper; carried from Step14,10,4,2,2,0.1880392438754519,0.2221188987367444,0.1699664613403508,0.1670445204935635,excellent,excellent,31911,,2.496414474287635,relative_scale,empirical_group_baseline,,yes,excellent,excellent,excellent,near,high_zt_false_negative,yes,yes,observed high ZT missed; manual review required; sintering check required later,https://doi.org/10.1021/acsaem.9b00057
10.1038_ncomms13713__sample_33445,3000,A,ZT>=1 false negative; observed ZT>=1; large ZT prediction error; best candidate sample; manual review candidate; sintering check candidate,10.1038/ncomms13713,,33445,Sn0.94SeBi0.06,unknown,n,"estimated from Seebeck sign: positive=0, negative=11, zero=0, positive_ratio=0.000, negative_ratio=1.000",n,"estimated from Seebeck sign: positive=0, negative=11, zero=0, positive_ratio=0.000, negative_ratio=1.000",high,2.085641,0.8447092586783576,2.017069628833167,1.209528671336725,1.0242024465146626,false_negative,high_zt_false_negative,yes,yes,yes,yes,unknown,,unknown,,False,unknown,True,True,unknown,no,no,best_candidate;high_zt_error;manual_review;sintering_check,1,135,A,high observed ZT; high-ZT false negative; important candidate for paper; carried from Step14,11,9,8,8,0.9742209499979044,0.8343375676316461,0.8318236687701888,0.8939451343143479,poor,poor,27933,,0.0499682212473455,relative_scale,empirical_group_baseline,,yes,moderate,poor,poor,under_predicted,high_zt_false_negative,yes,yes,large ZT error vs observed ZT; large ZT error vs calculated ZT; observed high ZT missed; manual review required; sintering check required later,https://doi.org/10.1038/ncomms13713
10.1038_ncomms13713__sample_33474,3000,A,ZT>=1 false negative; observed ZT>=1; large ZT prediction error; best candidate sample; manual review candidate; sintering check candidate,10.1038/ncomms13713,,33474,Sn0.94SeBi0.06,unknown,n,"estimated from Seebeck sign: positive=0, negative=11, zero=0, positive_ratio=0.000, negative_ratio=1.000",n,"estimated from Seebeck sign: positive=0, negative=11, zero=0, positive_ratio=0.000, negative_ratio=1.000",high,2.06743,0.8961320404525395,2.340524030512344,1.0926803175624773,1.4010448795092785,false_negative,high_zt_false_negative,yes,yes,yes,yes,unknown,,unknown,,False,unknown,True,True,unknown,no,no,best_candidate;high_zt_error;manual_review;sintering_check,1,135,A,high observed ZT; high-ZT false negative; important candidate for paper; carried from Step14,11,10,8,6,1.1898022473128993,0.9771678536292412,1.039540880166906,0.9599511080076404,poor,poor,27933,,0.0449690066443395,relative_scale,empirical_group_baseline,,yes,poor,poor,poor,under_predicted,high_zt_false_negative,yes,yes,large PF error; large ZT error vs observed ZT; large ZT error vs calculated ZT; observed high ZT missed; manual review required; sintering check required later,https://doi.org/10.1038/ncomms13713
10.1016_j.nanoen.2018.09.025__sample_43730,3000,A,ZT>=1 false negative; observed ZT>=1; large ZT prediction error; best candidate sample; manual review candidate; sintering check candidate,10.1016/j.nanoen.2018.09.025,,43730,Sn0.96Pb0.01Zn0.03Se,unknown,p,"estimated from Seebeck sign: positive=14, negative=0, zero=0, positive_ratio=1.000, negative_ratio=0.000",p,"estimated from Seebeck sign: positive=14, negative=0, zero=0, positive_ratio=1.000, negative_ratio=0.000",high,2.046429,0.7748444813453762,2.027655217936993,0.2707361807298956,0.2641484923945531,false_negative,high_zt_false_negative,yes,yes,yes,yes,unknown,,unknown,,False,unknown,True,True,unknown,no,no,best_candidate;high_zt_error;manual_review;sintering_check,1,90,A,high observed ZT; high-ZT false negative; important candidate for paper; carried from Step14,14,10,6,6,0.8297446908483577,0.7490872469821481,0.5144983440100935,0.526236139368123,moderate,moderate,32098,,0.0796719498329164,relative_scale,empirical_group_baseline,,yes,moderate,good,good,under_predicted,high_zt_false_negative,yes,yes,observed high ZT missed; manual review required; sintering check required later,https://doi.org/10.1016/j.nanoen.2018.09.025
10.1002_adfm.201806613__sample_41581,3000,A,ZT>=1 false negative; observed ZT>=1; large ZT prediction error; best candidate sample; manual review candidate; sintering check candidate,10.1002/adfm.201806613,,41581,Ge0.95Bi0.05Te1.025,unknown,p,"estimated from Seebeck sign: positive=10, negative=0, zero=0, positive_ratio=1.000, negative_ratio=0.000",p,"estimated from Seebeck sign: positive=10, negative=0, zero=0, positive_ratio=1.000, negative_ratio=0.000",high,1.974289,0.1601214305083957,0.2615323299868919,0.4113020377091437,0.3877566474614397,false_negative,high_zt_false_negative,yes,yes,yes,yes,unknown,,unknown,,False,unknown,True,True,unknown,no,no,best_candidate;high_zt_error;manual_review;sintering_check,1,100,A,high observed ZT; high-ZT false negative; important candidate for paper; carried from Step14,10,5,1,1,0.2442293896906467,0.3345293065977827,0.4906254406386749,0.5298420243249728,moderate,moderate,31615,,3.447998410163899,relative_scale,empirical_group_baseline,,yes,good,good,good,under_predicted,high_zt_false_negative,yes,yes,observed high ZT missed; manual review required; sintering check required later,https://doi.org/10.1002/adfm.201806613
10.1016_j.nanoen.2018.09.025__sample_43729,3000,A,ZT>=1 false negative; observed ZT>=1; large ZT prediction error; best candidate sample; manual review candidate; sintering check candidate,10.1016/j.nanoen.2018.09.025,,43729,Sn0.97Pb0.01Zn0.02Se,unknown,p,"estimated from Seebeck sign: positive=14, negative=0, zero=0, positive_ratio=1.000, negative_ratio=0.000",p,"estimated from Seebeck sign: positive=14, negative=0, zero=0, positive_ratio=1.000, negative_ratio=0.000",high,1.921429,0.4691363472483598,1.832502879027999,0.6727275467664744,0.9038880237932102,false_negative,high_zt_false_negative,yes,yes,yes,yes,unknown,,unknown,,False,unknown,True,True,unknown,no,no,best_candidate;high_zt_error;manual_review;sintering_check,1,90,A,high observed ZT; high-ZT false negative; important candidate for paper; carried from Step14,14,7,6,6,1.5478528865115055,1.1188947684190405,0.9408228350798278,0.8695976525099027,poor,poor,32098,,0.0481568183449459,relative_scale,empirical_group_baseline,,yes,poor,moderate,moderate,under_predicted,high_zt_false_negative,yes,yes,large PF error; observed high ZT missed; manual review required; sintering check required later,https://doi.org/10.1016/j.nanoen.2018.09.025
10.1021_jacs.7b11875__sample_43929,3000,A,ZT>=1 false negative; observed ZT>=1; large ZT prediction error; best candidate sample; manual review candidate; sintering check candidate,10.1021/jacs.7b11875,,43929,Sn0.925Se,unknown,p,"estimated from Seebeck sign: positive=14, negative=0, zero=0, positive_ratio=1.000, negative_ratio=0.000",p,"estimated from Seebeck sign: positive=14, negative=0, zero=0, positive_ratio=1.000, negative_ratio=0.000",high,1.918817,0.6296535455360153,1.9502729117030888,0.431534850022864,0.4322961142769381,false_negative,high_zt_false_negative,yes,yes,yes,yes,unknown,,unknown,,False,unknown,True,True,unknown,no,no,best_candidate;high_zt_error;manual_review;sintering_check,1,90,A,high observed ZT; high-ZT false negative; important candidate for paper; carried from Step14,14,5,3,3,0.4257460854038845,0.8981275129767992,0.7615809681052971,0.7538902493639735,moderate,moderate,32056,,0.0748509234948335,relative_scale,empirical_group_baseline,,yes,good,good,good,under_predicted,high_zt_false_negative,yes,yes,observed high ZT missed; manual review required; sintering check required later,https://doi.org/10.1021/jacs.7b11875
10.1039_c5ta01667c__sample_7224,3000,A,ZT>=1 false negative; observed ZT>=1; large ZT prediction error; best candidate sample; manual review candidate; sintering check candidate,10.1039/c5ta01667c,,7224,Cu1.97S,unknown,p,"estimated from Seebeck sign: positive=19, negative=0, zero=0, positive_ratio=1.000, negative_ratio=0.000",p,"estimated from Seebeck sign: positive=19, negative=0, zero=0, positive_ratio=1.000, negative_ratio=0.000",high,1.89418,0.1733118333599964,0.2107504195074948,0.8817679745023771,0.1684921148346385,false_negative,high_zt_false_negative,yes,yes,yes,yes,unknown,,unknown,,False,unknown,False,False,unknown,no,no,best_candidate;high_zt_error;manual_review;sintering_check,1,90,A,high observed ZT; high-ZT false negative; important candidate for paper; carried from Step14,19,6,2,1,0.432232578830367,0.6091164345677306,0.2347463484040206,2.135106267412344,poor,good,2812,,0.0529618668805655,relative_scale,empirical_group_baseline,,yes,good,moderate,excellent,under_predicted,high_zt_false_negative,yes,yes,observed high ZT missed; manual review required; sintering check required later,https://doi.org/10.1039/c5ta01667c
10.1007_s11664-014-3507-5__sample_14354,3000,A,ZT>=1 false negative; observed ZT>=1; large ZT prediction error; best candidate sample; manual review candidate; sintering check candidate,10.1007/s11664-014-3507-5,,14354,In0.1Ge0.9Te,unknown,p,"estimated from Seebeck sign: positive=10, negative=0, zero=0, positive_ratio=1.000, negative_ratio=0.000",p,"estimated from Seebeck sign: positive=10, negative=0, zero=0, positive_ratio=1.000, negative_ratio=0.000",high,1.822857,0.9871869847409536,1.1113670099043529,0.4584396994712401,0.1117362887837444,false_negative,high_zt_false_negative,yes,yes,yes,yes,unknown,,unknown,,False,unknown,True,True,unknown,no,no,best_candidate;high_zt_error;manual_review;sintering_check,1,100,A,high observed ZT; high-ZT false negative; important candidate for paper; carried from Step14,10,7,1,1,0.1698577707386156,0.1844417507322056,0.118486607987072,0.6133008604237762,moderate,excellent,2631,,2.020645523915161,relative_scale,empirical_group_baseline,,yes,excellent,good,excellent,under_predicted,high_zt_false_negative,yes,yes,observed high ZT missed; manual review required; sintering check required later,https://doi.org/10.1007/s11664-014-3507-5
10.1021_acsaem.9b00057__sample_39738,3000,A,ZT>=1 false negative; observed ZT>=1; large ZT prediction error; best candidate sample; manual review candidate; sintering check candidate,10.1021/acsaem.9b00057,,39738,Ge0.97Bi0.03Te1.015,unknown,p,"estimated from Seebeck sign: positive=10, negative=0, zero=0, positive_ratio=1.000, negative_ratio=0.000",p,"estimated from Seebeck sign: positive=10, negative=0, zero=0, positive_ratio=1.000, negative_ratio=0.000",high,1.728111,0.7672298355113123,0.7467669132169898,0.034847135126698,0.1289617070540069,false_negative,high_zt_false_negative,yes,yes,yes,yes,unknown,,unknown,,False,unknown,True,True,unknown,no,no,best_candidate;high_zt_error;manual_review;sintering_check,1,100,A,high observed ZT; high-ZT false negative; important candidate for paper; carried from Step14,10,6,2,1,0.3212538053084238,0.3394894809853487,0.1862751680483033,0.0354687809934312,excellent,excellent,31911,,5.787923731937339,relative_scale,empirical_group_baseline,,yes,good,excellent,excellent,near,high_zt_false_negative,yes,yes,observed high ZT missed; manual review required; sintering check required later,https://doi.org/10.1021/acsaem.9b00057
10.1021_ic5010243__sample_20821,3000,A,ZT>=1 false negative; observed ZT>=1; large ZT prediction error; best candidate sample; manual review candidate; sintering check candidate,10.1021/ic5010243,,20821,(GeTe)80(AgSbTe)20,unknown,p,"estimated from Seebeck sign: positive=42, negative=0, zero=0, positive_ratio=1.000, negative_ratio=0.000",p,"estimated from Seebeck sign: positive=42, negative=0, zero=0, positive_ratio=1.000, negative_ratio=0.000",high,1.71947,0.7112186769210426,0.7587613868134382,0.5513162976026689,0.1264770389320066,false_negative,high_zt_false_negative,yes,yes,yes,yes,unknown,,unknown,,False,unknown,True,True,unknown,no,no,best_candidate;high_zt_error;manual_review;sintering_check,1,100,A,high observed ZT; high-ZT false negative; important candidate for paper; carried from Step14,41,6,2,2,0.0114238790859622,0.159667102187072,0.1561160591760582,19.687908950847483,poor,excellent,1185,,1.739943729793986,relative_scale,empirical_group_baseline,,yes,excellent,moderate,excellent,under_predicted,high_zt_false_negative,yes,yes,observed high ZT missed; manual review required; sintering check required later,https://doi.org/10.1021/ic5010243
10.1002_aenm.201601450__sample_3194,3000,A,ZT>=1 false negative; observed ZT>=1; large ZT prediction error; best candidate sample; manual review candidate; sintering check candidate,10.1002/aenm.201601450,,3194,PbTe0.85Se0.15Na0.02,unknown,p,"estimated from Seebeck sign: positive=13, negative=0, zero=0, positive_ratio=1.000, negative_ratio=0.000",p,"estimated from Seebeck sign: positive=13, negative=0, zero=0, positive_ratio=1.000, negative_ratio=0.000",high,1.712166,0.4333909967632904,0.5487952585120652,0.2753126691767213,0.2102865503278353,false_negative,high_zt_false_negative,yes,yes,yes,yes,unknown,,unknown,,False,unknown,True,True,unknown,no,no,best_candidate;high_zt_error;manual_review;sintering_check,1,100,A,high observed ZT; high-ZT false negative; important candidate for paper; carried from Step14,14,3,1,1,0.2214641791250381,0.2506528200924102,0.2360851212545511,0.3220149849801393,good,good,18492,,2.008678850309027,relative_scale,empirical_group_baseline,,yes,good,good,good,under_predicted,high_zt_false_negative,yes,yes,observed high ZT missed; manual review required; sintering check required later,https://doi.org/10.1002/aenm.201601450
10.1016_j.nanoen.2018.09.025__sample_43732,3000,A,ZT>=1 false negative; observed ZT>=1; large ZT prediction error; best candidate sample; manual review candidate; sintering check candidate,10.1016/j.nanoen.2018.09.025,,43732,Sn0.99Pb0.01Se,unknown,p,"estimated from Seebeck sign: positive=14, negative=0, zero=0, positive_ratio=1.000, negative_ratio=0.000",p,"estimated from Seebeck sign: positive=14, negative=0, zero=0, positive_ratio=1.000, negative_ratio=0.000",high,1.704202,0.6695805494544428,1.7358385207614828,2.259650680263664,0.6375928655976638,false_negative,high_zt_false_negative,yes,yes,yes,yes,unknown,,unknown,,False,unknown,True,True,unknown,no,no,best_candidate;high_zt_error;manual_review;sintering_check,1,115,A,high observed ZT; high-ZT false negative; important candidate for paper; carried from Step14,14,13,11,5,0.6120429842140116,0.7357331019420625,0.6474241278602134,1.2421564593562886,poor,moderate,32098,,0.0497275641254015,relative_scale,empirical_group_baseline,,yes,moderate,poor,moderate,under_predicted,high_zt_false_negative,yes,yes,large ZT error vs observed ZT; observed high ZT missed; manual review required; sintering check required later,https://doi.org/10.1016/j.nanoen.2018.09.025
10.1021_jacs.6b07010__sample_2895,3000,A,ZT>=1 false negative; observed ZT>=1; large ZT prediction error; best candidate sample; manual review candidate; sintering check candidate,10.1021/jacs.6b07010,,2895,Sn0.99SePb0.01,unknown,p,"estimated from Seebeck sign: positive=14, negative=0, zero=0, positive_ratio=1.000, negative_ratio=0.000",p,"estimated from Seebeck sign: positive=14, negative=0, zero=0, positive_ratio=1.000, negative_ratio=0.000",high,1.688373,0.6167004866850939,0.8927561213659754,0.3080212813025156,0.4058445397865944,false_negative,high_zt_false_negative,yes,yes,yes,yes,unknown,,unknown,,False,unknown,True,True,unknown,no,no,best_candidate;high_zt_error;manual_review;sintering_check,1,90,A,high observed ZT; high-ZT false negative; important candidate for paper; carried from Step14,15,6,4,3,0.4364616676066226,0.6587915116797768,0.4032793282186562,0.3393066027560174,good,moderate,18599,,0.0478583005694043,relative_scale,empirical_group_baseline,,yes,good,good,good,under_predicted,high_zt_false_negative,yes,yes,observed high ZT missed; manual review required; sintering check required later,https://doi.org/10.1021/jacs.6b07010
10.1021_acsaem.9b00057__sample_39726,3000,A,ZT>=1 false negative; observed ZT>=1; large ZT prediction error; best candidate sample; manual review candidate; sintering check candidate,10.1021/acsaem.9b00057,,39726,Ge0.93Bi0.07Te1.035,unknown,p,"estimated from Seebeck sign: positive=10, negative=0, zero=0, positive_ratio=1.000, negative_ratio=0.000",p,"estimated from Seebeck sign: positive=10, negative=0, zero=0, positive_ratio=1.000, negative_ratio=0.000",high,1.651443,0.8973571590283497,0.9285339127505589,0.0598280035030744,0.0851697616502292,false_negative,high_zt_false_negative,yes,yes,yes,yes,unknown,,unknown,,False,unknown,True,True,unknown,no,no,best_candidate;high_zt_error;manual_review;sintering_check,1,90,A,high observed ZT; high-ZT false negative; important candidate for paper; carried from Step14,10,9,4,4,0.0861637155921379,0.0986939619129037,0.1010837070140707,0.0790549822823612,excellent,excellent,31911,,3.4974492665056705,relative_scale,empirical_group_baseline,,yes,excellent,excellent,excellent,near,high_zt_false_negative,yes,yes,observed high ZT missed; manual review required; sintering check required later,https://doi.org/10.1021/acsaem.9b00057
10.1038_ncomms13713__sample_33444,3000,A,ZT>=1 false negative; observed ZT>=1; large ZT prediction error; best candidate sample; manual review candidate; sintering check candidate,10.1038/ncomms13713,,33444,Sn0.96SeBi0.04,unknown,n,"estimated from Seebeck sign: positive=0, negative=11, zero=0, positive_ratio=0.000, negative_ratio=1.000",n,"estimated from Seebeck sign: positive=0, negative=11, zero=0, positive_ratio=0.000, negative_ratio=1.000",high,1.648313,0.6870568074868969,1.4750778704669327,3.04336688655957,2.534819306086567,false_negative,high_zt_false_negative,yes,yes,yes,yes,unknown,,unknown,,False,unknown,True,True,unknown,no,no,best_candidate;high_zt_error;manual_review;sintering_check,1,135,A,high observed ZT; high-ZT false negative; important candidate for paper; carried from Step14,11,11,8,7,1.9808047079350573,1.1609687987139146,1.2580802000001277,1.3443243173109314,poor,poor,27933,,0.0361832016040135,relative_scale,empirical_group_baseline,,yes,poor,poor,poor,under_predicted,high_zt_false_negative,yes,yes,large PF error; large ZT error vs observed ZT; large ZT error vs calculated ZT; observed high ZT missed; manual review required; sintering check required later,https://doi.org/10.1038/ncomms13713
10.1021_jacs.7b11875__sample_43930,3000,A,ZT>=1 false negative; observed ZT>=1; large ZT prediction error; best candidate sample; manual review candidate; sintering check candidate,10.1021/jacs.7b11875,,43930,Sn0.895Se,unknown,p,"estimated from Seebeck sign: positive=14, negative=0, zero=0, positive_ratio=1.000, negative_ratio=0.000",p,"estimated from Seebeck sign: positive=14, negative=0, zero=0, positive_ratio=1.000, negative_ratio=0.000",high,1.636578,0.5448863040620859,1.6313567163370095,0.9479770996449896,2.0473981831718246,false_negative,high_zt_false_negative,yes,yes,yes,yes,unknown,,unknown,,False,unknown,True,True,unknown,no,no,best_candidate;high_zt_error;manual_review;sintering_check,1,110,A,high observed ZT; high-ZT false negative; important candidate for paper; carried from Step14,14,6,5,4,1.7369552544502334,1.1602874320472767,1.2677447627387712,0.9409302789408636,poor,poor,32056,,0.0763884460636032,relative_scale,empirical_group_baseline,,yes,poor,moderate,poor,under_predicted,high_zt_false_negative,yes,yes,large PF error; large ZT error vs calculated ZT; observed high ZT missed; manual review required; sintering check required later,https://doi.org/10.1021/jacs.7b11875
10.1016_j.jallcom.2019.07.120__sample_39343,3000,A,ZT>=1 false negative; observed ZT>=1; large ZT prediction error; best candidate sample; manual review candidate; sintering check candidate,10.1016/j.jallcom.2019.07.120,,39343,Ge0.93Bi0.07Te,unknown,p,"estimated from Seebeck sign: positive=10, negative=0, zero=0, positive_ratio=1.000, negative_ratio=0.000",p,"estimated from Seebeck sign: positive=10, negative=0, zero=0, positive_ratio=1.000, negative_ratio=0.000",high,1.613189,0.8493977178814094,0.867298682000653,0.0487550541251212,0.1150273959202184,false_negative,high_zt_false_negative,yes,yes,yes,yes,unknown,,unknown,,False,unknown,True,True,unknown,no,no,best_candidate;high_zt_error;manual_review;sintering_check,1,100,A,high observed ZT; high-ZT false negative; important candidate for paper; carried from Step14,10,10,4,1,0.1578187048994825,0.1842006093699214,0.1478785399824875,0.0499836829610881,excellent,excellent,24398,,2.829511794677402,relative_scale,empirical_group_baseline,,yes,excellent,excellent,excellent,near,high_zt_false_negative,yes,yes,observed high ZT missed; manual review required; sintering check required later,https://doi.org/10.1016/j.jallcom.2019.07.120
10.1039_d0ee02323j__sample_37118,3000,A,ZT>=1 false negative; observed ZT>=1; large ZT prediction error; best candidate sample; manual review candidate; sintering check candidate,10.1039/d0ee02323j,,37118,Cu0.89Ag0.2In0.91Te2,unknown,p,"estimated from Seebeck sign: positive=22, negative=0, zero=0, positive_ratio=1.000, negative_ratio=0.000",p,"estimated from Seebeck sign: positive=22, negative=0, zero=0, positive_ratio=1.000, negative_ratio=0.000",high,1.579728,0.452155942018087,1.6199674861496711,0.7339016832289591,0.6969152726540937,false_negative,high_zt_false_negative,yes,yes,yes,yes,unknown,,unknown,,False,unknown,True,True,unknown,no,no,best_candidate;high_zt_error;manual_review;sintering_check,1,90,A,high observed ZT; high-ZT false negative; important candidate for paper; carried from Step14,22,18,16,16,0.8020766901065131,0.850960032465031,0.8345448484300104,0.8373722735185762,poor,poor,29287,,0.1199282144930946,relative_scale,empirical_group_baseline,,yes,moderate,moderate,moderate,under_predicted,high_zt_false_negative,yes,yes,observed high ZT missed; manual review required; sintering check required later,https://doi.org/10.1039/d0ee02323j
10.1039_d0ee02323j__sample_37119,3000,A,ZT>=1 false negative; observed ZT>=1; large ZT prediction error; best candidate sample; manual review candidate; sintering check candidate,10.1039/d0ee02323j,,37119,Cu0.9Ag0.2In0.9Te2,unknown,p,"estimated from Seebeck sign: positive=23, negative=0, zero=0, positive_ratio=1.000, negative_ratio=0.000",p,"estimated from Seebeck sign: positive=23, negative=0, zero=0, positive_ratio=1.000, negative_ratio=0.000",high,1.567855,0.4855027086854241,1.6289752063227614,0.5058520097938594,0.4885308713944533,false_negative,high_zt_false_negative,yes,yes,yes,yes,unknown,,unknown,,False,unknown,True,True,unknown,no,no,best_candidate;high_zt_error;manual_review;sintering_check,1,90,A,high observed ZT; high-ZT false negative; important candidate for paper; carried from Step14,24,18,13,10,0.8266014097288865,0.8744995183511542,0.8087748128163956,0.7965749124596861,moderate,poor,29287,,0.1181430365299335,relative_scale,empirical_group_baseline,,yes,moderate,moderate,good,under_predicted,high_zt_false_negative,yes,yes,observed high ZT missed; manual review required; sintering check required later,https://doi.org/10.1039/d0ee02323j
10.1016_j.joule.2019.10.010__sample_31519,3000,A,ZT>=1 false negative; observed ZT>=1; large ZT prediction error; best candidate sample; manual review candidate; sintering check candidate,10.1016/j.joule.2019.10.010,,31519,Sb2Si2Te6.93,unknown,p,"estimated from Seebeck sign: positive=12, negative=0, zero=0, positive_ratio=1.000, negative_ratio=0.000",p,"estimated from Seebeck sign: positive=12, negative=0, zero=0, positive_ratio=1.000, negative_ratio=0.000",high,1.562176,0.2842900549712808,0.3581959605707568,0.0687255214177805,0.1427015455758962,false_negative,high_zt_false_negative,yes,yes,yes,yes,unknown,,unknown,,False,unknown,True,True,unknown,no,no,best_candidate;high_zt_error;manual_review;sintering_check,1,100,A,high observed ZT; high-ZT false negative; important candidate for paper; carried from Step14,9,9,2,1,0.1533446618805564,0.1788724897534796,0.1734737258477804,0.071201223907958,excellent,excellent,23953,,0.7141405979079789,relative_scale,empirical_group_baseline,,yes,excellent,excellent,excellent,near,high_zt_false_negative,yes,yes,observed high ZT missed; manual review required; sintering check required later,https://doi.org/10.1016/j.joule.2019.10.010
10.1016_j.jallcom.2019.07.120__sample_39342,3000,A,ZT>=1 false negative; observed ZT>=1; large ZT prediction error; best candidate sample; manual review candidate; sintering check candidate,10.1016/j.jallcom.2019.07.120,,39342,Ge0.95Bi0.05Te,unknown,p,"estimated from Seebeck sign: positive=10, negative=0, zero=0, positive_ratio=1.000, negative_ratio=0.000",p,"estimated from Seebeck sign: positive=10, negative=0, zero=0, positive_ratio=1.000, negative_ratio=0.000",high,1.545962,0.8066877238236204,0.7949846087736143,0.159965403332972,0.1610468546804935,false_negative,high_zt_false_negative,yes,yes,yes,yes,unknown,,unknown,,False,unknown,True,True,unknown,no,no,best_candidate;high_zt_error;manual_review;sintering_check,1,90,A,high observed ZT; high-ZT false negative; important candidate for paper; carried from Step14,10,10,5,5,0.2455854117729643,0.2860136757889929,0.2266645124629896,0.2241448859809596,good,good,24398,,3.891660790732628,relative_scale,empirical_group_baseline,,yes,good,excellent,excellent,near,high_zt_false_negative,yes,yes,observed high ZT missed; manual review required; sintering check required later,https://doi.org/10.1016/j.jallcom.2019.07.120
10.1063_1.4869220__sample_16942,3000,A,ZT>=1 false negative; observed ZT>=1; large ZT prediction error; best candidate sample; manual review candidate; sintering check candidate,10.1063/1.4869220,,16942,(SiC)0.8AgPb20SbTe20,unknown,n,"estimated from Seebeck sign: positive=0, negative=9, zero=0, positive_ratio=0.000, negative_ratio=1.000",n,"estimated from Seebeck sign: positive=0, negative=9, zero=0, positive_ratio=0.000, negative_ratio=1.000",high,1.543401,0.4963365604288459,1.733754724808609,0.8599679908828195,0.9526155173450124,false_negative,high_zt_false_negative,yes,yes,yes,yes,unknown,,unknown,,False,unknown,True,True,unknown,no,no,best_candidate;high_zt_error;manual_review;sintering_check,1,90,A,high observed ZT; high-ZT false negative; important candidate for paper; carried from Step14,9,9,7,7,2.2430902987863184,1.293587272110424,1.0551924864075055,1.0111635232132483,poor,poor,6895,,0.1426066554095853,relative_scale,empirical_group_baseline,,yes,poor,moderate,moderate,under_predicted,high_zt_false_negative,yes,yes,large PF error; observed high ZT missed; manual review required; sintering check required later,https://doi.org/10.1063/1.4869220
10.1109_ict.2005.1519880__sample_24217,3000,A,ZT>=1 false negative; observed ZT>=1; large ZT prediction error; best candidate sample; manual review candidate; sintering check candidate,10.1109/ict.2005.1519880,,24217,TiO1.1,unknown,p,"estimated from Seebeck sign: positive=14, negative=0, zero=0, positive_ratio=1.000, negative_ratio=0.000",p,"estimated from Seebeck sign: positive=14, negative=0, zero=0, positive_ratio=1.000, negative_ratio=0.000",high,1.543128,0.5837148207394245,1.4726503597260654,0.6069072523067268,0.6036297299733767,false_negative,high_zt_false_negative,yes,yes,yes,yes,unknown,,unknown,,False,unknown,False,False,unknown,no,no,best_candidate;high_zt_error;manual_review;sintering_check,1,90,A,high observed ZT; high-ZT false negative; important candidate for paper; carried from Step14,14,4,1,1,0.3663654079286413,0.601400480967002,0.9254064792717772,0.9337096957367864,poor,poor,8900,,0.391654099080162,relative_scale,empirical_group_baseline,,yes,good,moderate,moderate,under_predicted,high_zt_false_negative,yes,yes,observed high ZT missed; manual review required; sintering check required later,https://doi.org/10.1109/ict.2005.1519880
10.1021_acsami.9b12256__sample_41043,3000,A,ZT>=1 false negative; observed ZT>=1; large ZT prediction error; best candidate sample; manual review candidate; sintering check candidate,10.1021/acsami.9b12256,,41043,(Cu2Te)0.08(Cu3.52In4.16Te8),unknown,p,"estimated from Seebeck sign: positive=10, negative=0, zero=0, positive_ratio=1.000, negative_ratio=0.000",p,"estimated from Seebeck sign: positive=10, negative=0, zero=0, positive_ratio=1.000, negative_ratio=0.000",high,1.541113,0.5452761823643786,1.5909251112938188,60.3586368790694,2.4041241867359373,false_negative,high_zt_false_negative,yes,yes,yes,yes,unknown,,unknown,,False,unknown,True,True,unknown,no,no,best_candidate;high_zt_error;manual_review;sintering_check,1,135,A,high observed ZT; high-ZT false negative; important candidate for paper; carried from Step14,10,7,7,5,2.4041241867360235,1.345577896137676,1.345577896137684,2.7186862663420786,poor,poor,22290,,0.1796089076056664,relative_scale,empirical_group_baseline,,yes,poor,poor,poor,under_predicted,high_zt_false_negative,yes,yes,large PF error; large ZT error vs observed ZT; large ZT error vs calculated ZT; observed high ZT missed; manual review required; sintering check required later,https://doi.org/10.1021/acsami.9b12256
10.1039_d0ee02323j__sample_37117,3000,A,ZT>=1 false negative; observed ZT>=1; large ZT prediction error; best candidate sample; manual review candidate; sintering check candidate,10.1039/d0ee02323j,,37117,Cu0.88Ag0.2In0.92Te2,unknown,p,"estimated from Seebeck sign: positive=18, negative=0, zero=0, positive_ratio=1.000, negative_ratio=0.000",p,"estimated from Seebeck sign: positive=18, negative=0, zero=0, positive_ratio=1.000, negative_ratio=0.000",high,1.530284,0.4713249974283127,1.589069283270053,0.6803319222491969,1.2279867005093028,false_negative,high_zt_false_negative,yes,yes,yes,yes,unknown,,unknown,,False,unknown,True,True,unknown,no,no,best_candidate;high_zt_error;manual_review;sintering_check,1,110,A,high observed ZT; high-ZT false negative; important candidate for paper; carried from Step14,18,14,9,6,1.0798121745453355,0.8747603832269676,0.9439448994530636,0.7714757988025157,moderate,poor,29287,,0.1387431121224408,relative_scale,empirical_group_baseline,,yes,poor,moderate,poor,under_predicted,high_zt_false_negative,yes,yes,large PF error; large ZT error vs calculated ZT; observed high ZT missed; manual review required; sintering check required later,https://doi.org/10.1039/d0ee02323j
10.1016_j.joule.2019.10.010__sample_31522,3000,A,ZT>=1 false negative; observed ZT>=1; large ZT prediction error; best candidate sample; manual review candidate; sintering check candidate,10.1016/j.joule.2019.10.010,,31522,Sb2Si2Te7.5,unknown,p,"estimated from Seebeck sign: positive=12, negative=0, zero=0, positive_ratio=1.000, negative_ratio=0.000",p,"estimated from Seebeck sign: positive=12, negative=0, zero=0, positive_ratio=1.000, negative_ratio=0.000",high,1.515544,0.2082215597705218,0.2275884995958818,0.0761664087246565,0.0850963025800903,false_negative,high_zt_false_negative,yes,yes,yes,yes,unknown,,unknown,,False,unknown,True,True,unknown,no,no,best_candidate;high_zt_error;manual_review;sintering_check,1,100,A,high observed ZT; high-ZT false negative; important candidate for paper; carried from Step14,12,10,1,1,0.1844698534417704,0.2034876495281925,0.0889364679670612,0.0792233195820444,excellent,excellent,23953,,0.6832326569354275,relative_scale,empirical_group_baseline,,yes,excellent,excellent,excellent,near,high_zt_false_negative,yes,yes,observed high ZT missed; manual review required; sintering check required later,https://doi.org/10.1016/j.joule.2019.10.010
10.1126_science.aad3749__sample_42728,3000,A,ZT>=1 false negative; observed ZT>=1; large ZT prediction error; best candidate sample; manual review candidate; sintering check candidate,10.1126/science.aad3749,,42728,SnSe,unknown,p,"estimated from Seebeck sign: positive=11, negative=0, zero=0, positive_ratio=1.000, negative_ratio=0.000",p,"estimated from Seebeck sign: positive=11, negative=0, zero=0, positive_ratio=1.000, negative_ratio=0.000",high,1.515385,0.225559164964852,0.1420607939882442,0.3328493688196949,0.5877650591162925,false_negative,high_zt_false_negative,yes,yes,yes,yes,unknown,,unknown,,False,unknown,True,True,unknown,no,no,best_candidate;high_zt_error;manual_review;sintering_check,1,100,A,high observed ZT; high-ZT false negative; important candidate for paper; carried from Step14,11,2,1,1,0.6192923657518873,0.4821930019294962,0.462327404219844,0.287319033175768,good,moderate,16967,,0.0206215306071677,relative_scale,empirical_group_baseline,,yes,moderate,good,moderate,under_predicted,high_zt_false_negative,yes,yes,observed high ZT missed; manual review required; sintering check required later,https://doi.org/10.1126/science.aad3749
10.1021_acsaem.1c00632__sample_44401,3000,A,ZT>=1 false negative; observed ZT>=1; large ZT prediction error; best candidate sample; manual review candidate; sintering check candidate,10.1021/acsaem.1c00632,,44401,(GeTe)0.85(CuSbSe2)0.15,unknown,p,"estimated from Seebeck sign: positive=8, negative=0, zero=0, positive_ratio=1.000, negative_ratio=0.000",p,"estimated from Seebeck sign: positive=8, negative=0, zero=0, positive_ratio=1.000, negative_ratio=0.000",high,1.514646,0.5093790077408896,1.5181613784638812,0.7010764848396173,0.9508036257618612,false_negative,high_zt_false_negative,yes,yes,yes,yes,unknown,,unknown,,False,unknown,True,True,unknown,no,no,best_candidate;high_zt_error;manual_review;sintering_check,1,90,A,high observed ZT; high-ZT false negative; important candidate for paper; carried from Step14,8,7,6,6,1.103878344191734,1.0406886664277986,1.0293958331893946,0.9470629373364768,poor,poor,37840,,0.3553214186932298,relative_scale,empirical_group_baseline,,yes,poor,moderate,moderate,under_predicted,high_zt_false_negative,yes,yes,large PF error; observed high ZT missed; manual review required; sintering check required later,https://doi.org/10.1021/acsaem.1c00632
10.1021_ja308936b__sample_26613,3000,A,ZT>=1 false negative; observed ZT>=1; large ZT prediction error; best candidate sample; manual review candidate; sintering check candidate,10.1021/ja308936b,,26613,AgBiSe2,unknown,p,"estimated from Seebeck sign: positive=15, negative=3, zero=0, positive_ratio=0.833, negative_ratio=0.167",p,"estimated from Seebeck sign: positive=15, negative=3, zero=0, positive_ratio=0.833, negative_ratio=0.167",medium,1.499575,0.2064070600359248,1.516076174313822,4.067262661566643,6.214169421773348,false_negative,high_zt_false_negative,yes,yes,yes,yes,unknown,,unknown,,False,unknown,True,True,unknown,no,no,best_candidate;high_zt_error;manual_review;sintering_check,1,135,A,high observed ZT; high-ZT false negative; important candidate for paper; carried from Step14,18,18,18,18,6.214169421772926,1.9640975972589048,1.9640975972589607,2.3842827837637266,poor,poor,3500,,0.009054694378723,relative_scale,empirical_group_baseline,,yes,poor,poor,poor,under_predicted,high_zt_false_negative,yes,yes,large PF error; large ZT error vs observed ZT; large ZT error vs calculated ZT; observed high ZT missed; manual review required; sintering check required later,https://doi.org/10.1021/ja308936b
10.1007_s11664-009-0993-y__sample_16741,3000,A,ZT>=1 false negative; observed ZT>=1; large ZT prediction error; best candidate sample; manual review candidate; sintering check candidate,10.1007/s11664-009-0993-y,,16741,(GeTe)80(Ag1.2Sb0.8Te1.8)20,unknown,p,"estimated from Seebeck sign: positive=16, negative=0, zero=0, positive_ratio=1.000, negative_ratio=0.000",p,"estimated from Seebeck sign: positive=16, negative=0, zero=0, positive_ratio=1.000, negative_ratio=0.000",high,1.497537,0.8028335116444748,0.8648608537282515,0.0689617531445542,0.0661471551429456,false_negative,high_zt_false_negative,yes,yes,yes,yes,unknown,,unknown,,False,unknown,True,True,unknown,no,no,best_candidate;high_zt_error;manual_review;sintering_check,1,100,A,high observed ZT; high-ZT false negative; important candidate for paper; carried from Step14,22,7,2,2,0.0408120310888234,0.048374864841768,0.067071862259943,0.0698226170905491,excellent,excellent,2340,,1.8966974088752129,relative_scale,empirical_group_baseline,,yes,excellent,excellent,excellent,near,high_zt_false_negative,yes,yes,observed high ZT missed; manual review required; sintering check required later,https://doi.org/10.1007/s11664-009-0993-y
10.1021_jacs.1c01801__sample_44419,3000,A,ZT>=1 false negative; observed ZT>=1; large ZT prediction error; best candidate sample; manual review candidate; sintering check candidate,10.1021/jacs.1c01801,,44419,Cu0.78Ag0.2In0.2Ga0.8Te2,unknown,p,"estimated from Seebeck sign: positive=23, negative=0, zero=0, positive_ratio=1.000, negative_ratio=0.000",p,"estimated from Seebeck sign: positive=23, negative=0, zero=0, positive_ratio=1.000, negative_ratio=0.000",high,1.496356,0.9878496182274374,1.124161694520154,0.0881981387989732,0.1069304251213541,false_negative,high_zt_false_negative,yes,yes,yes,yes,unknown,,unknown,,False,unknown,True,True,unknown,no,no,best_candidate;high_zt_error;manual_review;sintering_check,1,90,A,high observed ZT; high-ZT false negative; important candidate for paper; carried from Step14,21,17,11,9,0.1137581822092786,0.1748279822947626,0.1289197117506198,0.1136566024876949,excellent,excellent,37843,,0.6437059218937083,relative_scale,empirical_group_baseline,,yes,excellent,excellent,excellent,near,high_zt_false_negative,yes,yes,observed high ZT missed; manual review required; sintering check required later,https://doi.org/10.1021/jacs.1c01801
10.1016_j.jallcom.2019.07.120__sample_39344,3000,A,ZT>=1 false negative; observed ZT>=1; large ZT prediction error; best candidate sample; manual review candidate; sintering check candidate,10.1016/j.jallcom.2019.07.120,,39344,GeTe,unknown,p,"estimated from Seebeck sign: positive=10, negative=0, zero=0, positive_ratio=1.000, negative_ratio=0.000",p,"estimated from Seebeck sign: positive=10, negative=0, zero=0, positive_ratio=1.000, negative_ratio=0.000",high,1.491939,0.2978033046961092,0.3162844164336892,0.2601893504472949,0.2301916209761176,false_negative,high_zt_false_negative,yes,yes,yes,yes,unknown,,unknown,,False,unknown,True,True,unknown,no,no,best_candidate;high_zt_error;manual_review;sintering_check,1,90,A,high observed ZT; high-ZT false negative; important candidate for paper; carried from Step14,10,5,4,3,0.2948402862089344,0.3384498036763719,0.3077047218563925,0.3821083917506375,good,good,24398,,8.440216512414986,relative_scale,empirical_group_baseline,,yes,good,good,good,under_predicted,high_zt_false_negative,yes,yes,observed high ZT missed; manual review required; sintering check required later,https://doi.org/10.1016/j.jallcom.2019.07.120
10.1063_1.4768297__sample_21211,3000,A,ZT>=1 false negative; observed ZT>=1; large ZT prediction error; best candidate sample; manual review candidate; sintering check candidate,10.1063/1.4768297,,21211,Si0.8Ge0.2,unknown,n,"estimated from Seebeck sign: positive=0, negative=16, zero=0, positive_ratio=0.000, negative_ratio=1.000",n,"estimated from Seebeck sign: positive=0, negative=16, zero=0, positive_ratio=0.000, negative_ratio=1.000",high,1.483594,0.932507119262835,1.52843979128079,0.3714539697094791,0.3898960727256257,false_negative,high_zt_false_negative,yes,yes,yes,yes,unknown,,unknown,,False,unknown,True,False,unknown,no,no,best_candidate;high_zt_error;manual_review;sintering_check,1,95,A,high observed ZT; high-ZT false negative; important candidate for paper; carried from Step14,19,2,1,1,0.2124397072014368,0.3503059620630724,0.4941259637455985,0.4643460153034462,moderate,moderate,6847,,1.0947434108418963,relative_scale,empirical_group_baseline,,yes,good,good,good,under_predicted,high_zt_false_negative,yes,yes,observed high ZT missed; manual review required; sintering check required later,https://doi.org/10.1063/1.4768297
10.1073_pnas.1711725114__sample_24320,3000,A,ZT>=1 false negative; observed ZT>=1; large ZT prediction error; best candidate sample; manual review candidate; sintering check candidate,10.1073/pnas.1711725114,,24320,Mg3.15Co0.05Sb1.5Bi0.49Te0.01,unknown,n,"estimated from Seebeck sign: positive=0, negative=12, zero=0, positive_ratio=0.000, negative_ratio=1.000",n,"estimated from Seebeck sign: positive=0, negative=12, zero=0, positive_ratio=0.000, negative_ratio=1.000",high,1.480865,0.8893532659862902,1.081998942390318,0.0783886850869266,0.1097437192154641,false_negative,high_zt_false_negative,yes,yes,yes,yes,unknown,,unknown,,False,unknown,True,True,unknown,no,no,best_candidate;high_zt_error;manual_review;sintering_check,1,100,A,high observed ZT; high-ZT false negative; important candidate for paper; carried from Step14,12,7,3,2,0.1043369190942058,0.1187019243720786,0.1328603703698924,0.1164166135362525,excellent,excellent,21294,,0.6273343475261041,relative_scale,empirical_group_baseline,,yes,excellent,excellent,excellent,near,high_zt_false_negative,yes,yes,observed high ZT missed; manual review required; sintering check required later,https://doi.org/10.1073/pnas.1711725114
10.1073_pnas.1711725114__sample_24316,3000,A,ZT>=1 false negative; observed ZT>=1; large ZT prediction error; best candidate sample; manual review candidate; sintering check candidate,10.1073/pnas.1711725114,,24316,Mg3.1Mo0.1Sb1.5Bi0.49Te0.01,unknown,n,"estimated from Seebeck sign: positive=0, negative=12, zero=0, positive_ratio=0.000, negative_ratio=1.000",n,"estimated from Seebeck sign: positive=0, negative=12, zero=0, positive_ratio=0.000, negative_ratio=1.000",high,1.478163,0.5951279328115909,0.7423275862213624,0.4683911856905545,0.4688384762949021,false_negative,high_zt_false_negative,yes,yes,yes,yes,unknown,,unknown,,False,unknown,True,True,unknown,no,no,best_candidate;high_zt_error;manual_review;sintering_check,1,90,A,high observed ZT; high-ZT false negative; important candidate for paper; carried from Step14,12,7,6,6,0.4508921373592853,0.428312542446316,0.4296175890593524,0.4269008915281314,moderate,moderate,21294,,0.3652185498569649,relative_scale,empirical_group_baseline,,yes,good,good,good,under_predicted,high_zt_false_negative,yes,yes,observed high ZT missed; manual review required; sintering check required later,https://doi.org/10.1073/pnas.1711725114
10.1016_j.jallcom.2019.07.120__sample_39295,3000,A,ZT>=1 false negative; observed ZT>=1; large ZT prediction error; best candidate sample; manual review candidate; sintering check candidate,10.1016/j.jallcom.2019.07.120,,39295,Ge0.97Bi0.03Te,unknown,p,"estimated from Seebeck sign: positive=10, negative=0, zero=0, positive_ratio=1.000, negative_ratio=0.000",p,"estimated from Seebeck sign: positive=10, negative=0, zero=0, positive_ratio=1.000, negative_ratio=0.000",high,1.45369,0.6597083881991587,0.6514168683352024,0.147789597369518,0.1585607799973749,false_negative,high_zt_false_negative,yes,yes,yes,yes,unknown,,unknown,,False,unknown,True,True,unknown,no,no,best_candidate;high_zt_error;manual_review;sintering_check,1,90,A,high observed ZT; high-ZT false negative; important candidate for paper; carried from Step14,10,9,5,5,0.211672323585436,0.2562199846312723,0.2195785814531665,0.2060938428644198,good,good,24398,,5.859164480155544,relative_scale,empirical_group_baseline,,yes,good,excellent,excellent,near,high_zt_false_negative,yes,yes,observed high ZT missed; manual review required; sintering check required later,https://doi.org/10.1016/j.jallcom.2019.07.120
10.1038_ncomms9144__sample_20839,3000,A,ZT>=1 false negative; observed ZT>=1; large ZT prediction error; best candidate sample; manual review candidate; sintering check candidate,10.1038/ncomms9144,,20839,FeNb0.86Hf0.14Sb,unknown,p,"estimated from Seebeck sign: positive=19, negative=0, zero=0, positive_ratio=1.000, negative_ratio=0.000",p,"estimated from Seebeck sign: positive=19, negative=0, zero=0, positive_ratio=1.000, negative_ratio=0.000",high,1.452751,0.9185284158676472,1.2257659329901942,0.2810310333748481,0.3466433643825145,false_negative,high_zt_false_negative,yes,yes,yes,yes,unknown,,unknown,,False,unknown,True,True,unknown,no,no,best_candidate;high_zt_error;manual_review;sintering_check,1,90,A,high observed ZT; high-ZT false negative; important candidate for paper; carried from Step14,19,8,5,3,0.2334363100343155,0.3566759944824496,0.449729307617474,0.3630173590805668,good,moderate,14609,,5.991455230201786,relative_scale,empirical_group_baseline,,yes,good,good,good,under_predicted,high_zt_false_negative,yes,yes,observed high ZT missed; manual review required; sintering check required later,https://doi.org/10.1038/ncomms9144
10.1039_d0ee02323j__sample_37116,3000,A,ZT>=1 false negative; observed ZT>=1; large ZT prediction error; best candidate sample; manual review candidate; sintering check candidate,10.1039/d0ee02323j,,37116,Cu0.87Ag0.2In0.93Te2,unknown,p,"estimated from Seebeck sign: positive=19, negative=0, zero=0, positive_ratio=1.000, negative_ratio=0.000",p,"estimated from Seebeck sign: positive=19, negative=0, zero=0, positive_ratio=1.000, negative_ratio=0.000",high,1.448702,0.4199414713999947,1.5122647320686258,1.021108417800861,0.9574097191766162,false_negative,high_zt_false_negative,yes,yes,yes,yes,unknown,,unknown,,False,unknown,True,True,unknown,no,no,best_candidate;high_zt_error;manual_review;sintering_check,1,115,A,high observed ZT; high-ZT false negative; important candidate for paper; carried from Step14,18,11,7,7,0.7828660069469637,0.8512813868674934,0.9748814576761332,0.9780316186556473,poor,poor,29287,,0.111935049249804,relative_scale,empirical_group_baseline,,yes,moderate,poor,moderate,under_predicted,high_zt_false_negative,yes,yes,large ZT error vs observed ZT; observed high ZT missed; manual review required; sintering check required later,https://doi.org/10.1039/d0ee02323j
10.1002_adfm.201806613__sample_41585,2800,A,ZT>=1 false negative; observed ZT>=1; large ZT prediction error; best candidate sample; sintering check candidate,10.1002/adfm.201806613,,41585,Ge0.95Bi0.05Te1.025,unknown,p,"estimated from Seebeck sign: positive=10, negative=0, zero=0, positive_ratio=1.000, negative_ratio=0.000",p,"estimated from Seebeck sign: positive=10, negative=0, zero=0, positive_ratio=1.000, negative_ratio=0.000",high,2.33381,0.5756288916116479,0.7182383403401189,0.2973380874798095,0.2885523618234494,false_negative,high_zt_false_negative,no,no,yes,yes,unknown,,unknown,,False,unknown,True,True,unknown,no,no,best_candidate;high_zt_error;sintering_check,1,90,A,high observed ZT; high-ZT false negative; important candidate for paper; carried from Step14,10,10,3,3,0.3168999760158679,0.3547775462887056,0.3636163243307729,0.3787888341716965,good,good,31615,,3.710886127717312,relative_scale,empirical_group_baseline,,yes,good,good,good,under_predicted,high_zt_false_negative,yes,yes,observed high ZT missed; manual review required; sintering check required later,https://doi.org/10.1002/adfm.201806613
10.1002_adfm.201806613__sample_41571,2800,A,ZT>=1 false negative; observed ZT>=1; large ZT prediction error; best candidate sample; sintering check candidate,10.1002/adfm.201806613,,41571,Ge0.97Bi0.03Te1.015,unknown,p,"estimated from Seebeck sign: positive=10, negative=0, zero=0, positive_ratio=1.000, negative_ratio=0.000",p,"estimated from Seebeck sign: positive=10, negative=0, zero=0, positive_ratio=1.000, negative_ratio=0.000",high,1.732102,0.5731696280166164,0.5569760894867827,0.162525963624099,0.2105542427938497,false_negative,high_zt_false_negative,no,no,yes,yes,unknown,,unknown,,False,unknown,True,True,unknown,no,no,best_candidate;high_zt_error;sintering_check,1,90,A,high observed ZT; high-ZT false negative; important candidate for paper; carried from Step14,10,8,4,3,0.3026509587155167,0.3364612610337444,0.2893027276276206,0.2140733326516553,good,good,31615,,5.874836815704123,relative_scale,empirical_group_baseline,,yes,good,excellent,good,near,high_zt_false_negative,yes,yes,observed high ZT missed; manual review required; sintering check required later,https://doi.org/10.1002/adfm.201806613
10.1002_adfm.201806613__sample_41573,2800,A,ZT>=1 false negative; observed ZT>=1; large ZT prediction error; best candidate sample; sintering check candidate,10.1002/adfm.201806613,,41573,Ge0.93Bi0.07Te1.035,unknown,p,"estimated from Seebeck sign: positive=10, negative=0, zero=0, positive_ratio=1.000, negative_ratio=0.000",p,"estimated from Seebeck sign: positive=10, negative=0, zero=0, positive_ratio=1.000, negative_ratio=0.000",high,1.649844,0.96243956300754,1.0619285869450243,0.0541746361851664,0.0557460699208806,false_negative,high_zt_false_negative,no,no,yes,yes,unknown,,unknown,,False,unknown,True,True,unknown,no,no,best_candidate;high_zt_error;sintering_check,1,90,A,high observed ZT; high-ZT false negative; important candidate for paper; carried from Step14,10,10,4,4,0.0753143714983723,0.0843331089113709,0.0616772420674551,0.0580643383545346,excellent,excellent,31615,,2.8370030338992964,relative_scale,empirical_group_baseline,,yes,excellent,excellent,excellent,near,high_zt_false_negative,yes,yes,observed high ZT missed; manual review required; sintering check required later,https://doi.org/10.1002/adfm.201806613
10.1002_adma.201705942__sample_31970,2800,A,ZT>=1 false negative; observed ZT>=1; large ZT prediction error; best candidate sample; sintering check candidate,10.1002/adma.201705942,,31970,Ge0.88Sb0.12Te,unknown,p,"estimated from Seebeck sign: positive=12, negative=0, zero=0, positive_ratio=1.000, negative_ratio=0.000",p,"estimated from Seebeck sign: positive=12, negative=0, zero=0, positive_ratio=1.000, negative_ratio=0.000",high,1.53783,0.9552443002942465,1.5409190210230352,0.4669882605410297,0.5186845544250624,false_negative,high_zt_false_negative,no,no,yes,yes,unknown,,unknown,,False,unknown,True,True,unknown,no,no,best_candidate;high_zt_error;sintering_check,1,90,A,high observed ZT; high-ZT false negative; important candidate for paper; carried from Step14,12,10,10,9,0.5186845544250922,0.5212036939039505,0.5212036939039371,0.4848609749973717,moderate,moderate,27941,,0.9235596355828136,relative_scale,empirical_group_baseline,,yes,moderate,good,moderate,under_predicted,high_zt_false_negative,yes,yes,observed high ZT missed; manual review required; sintering check required later,https://doi.org/10.1002/adma.201705942
10.1039_c5ee01147g__sample_6055,2650,A,ZT>=1 false negative; observed ZT>=1; large ZT prediction error; manual review candidate; sintering check candidate,10.1039/c5ee01147g,,6055,Pb1Te0.7S0.3Na0.03,unknown,p,"estimated from Seebeck sign: positive=42, negative=0, zero=0, positive_ratio=1.000, negative_ratio=0.000",p,"estimated from Seebeck sign: positive=42, negative=0, zero=0, positive_ratio=1.000, negative_ratio=0.000",high,2.10526,0.9546195508407666,1.2207124680119137,,1.645790438919497,false_negative,high_zt_false_negative,yes,yes,yes,yes,unknown,,unknown,,False,unknown,True,True,unknown,no,no,high_zt_error;manual_review;sintering_check,1,120,A,high observed ZT; high-ZT false negative; important candidate for paper; carried from Step14,42,25,3,0,0.9486818426887984,0.8023012934159948,1.0629317607684037,,not_evaluated,poor,874,,1.4630102200071782,relative_scale,empirical_group_baseline,,yes,moderate,not_available,poor,under_predicted,high_zt_false_negative,yes,yes,large ZT error vs calculated ZT; observed high ZT missed; insufficient ZT evaluation rows; manual review required; sintering check required later,https://doi.org/10.1039/c5ee01147g
10.1002_aenm.201601450__sample_3189,2650,A,ZT>=1 false negative; observed ZT>=1; large ZT prediction error; manual review candidate; sintering check candidate,10.1002/aenm.201601450,,3189,PbTe0.85Se0.15TeNa0.02(SrTe)0.04,unknown,p,"estimated from Seebeck sign: positive=14, negative=0, zero=0, positive_ratio=1.000, negative_ratio=0.000",p,"estimated from Seebeck sign: positive=14, negative=0, zero=0, positive_ratio=1.000, negative_ratio=0.000",high,2.059395,0.0773481319785295,0.1432460961826674,,0.4600332292483896,false_negative,high_zt_false_negative,yes,yes,yes,yes,unknown,,unknown,,False,unknown,True,True,unknown,no,no,high_zt_error;manual_review;sintering_check,1,100,A,high observed ZT; high-ZT false negative; important candidate for paper; carried from Step14,14,4,1,0,0.3941735002974262,0.4269600675932333,0.6162476769623784,,not_evaluated,moderate,18492,,1.937051357737868,relative_scale,empirical_group_baseline,,yes,good,not_available,good,under_predicted,high_zt_false_negative,yes,yes,observed high ZT missed; insufficient ZT evaluation rows; manual review required; sintering check required later,https://doi.org/10.1002/aenm.201601450
10.1016_j.joule.2019.10.010__sample_31520,2650,A,ZT>=1 false negative; observed ZT>=1; large ZT prediction error; manual review candidate; sintering check candidate,10.1016/j.joule.2019.10.010,,31520,Sb2Si2Te6.93,unknown,p,"estimated from Seebeck sign: positive=12, negative=0, zero=0, positive_ratio=1.000, negative_ratio=0.000",p,"estimated from Seebeck sign: positive=12, negative=0, zero=0, positive_ratio=1.000, negative_ratio=0.000",high,1.645078,0.2835322450579773,0.3581016459322723,,0.2082352921896323,false_negative,high_zt_false_negative,yes,yes,yes,yes,unknown,,unknown,,False,unknown,True,True,unknown,no,no,high_zt_error;manual_review;sintering_check,1,100,A,high observed ZT; high-ZT false negative; important candidate for paper; carried from Step14,12,9,1,0,0.1804160531585553,0.1999871371679437,0.2334910174045488,,not_evaluated,good,23953,,0.7016211009696237,relative_scale,empirical_group_baseline,,yes,excellent,not_available,good,under_predicted,high_zt_false_negative,yes,yes,observed high ZT missed; insufficient ZT evaluation rows; manual review required; sintering check required later,https://doi.org/10.1016/j.joule.2019.10.010
10.1002_adma.201400515__sample_7654,2650,A,ZT>=1 false negative; observed ZT>=1; large ZT prediction error; manual review candidate; sintering check candidate,10.1002/adma.201400515,,7654,Cu1.97S,unknown,p,"estimated from Seebeck sign: positive=15, negative=0, zero=0, positive_ratio=1.000, negative_ratio=0.000",p,"estimated from Seebeck sign: positive=15, negative=0, zero=0, positive_ratio=1.000, negative_ratio=0.000",high,1.553548,0.5318182689261721,1.097835203305677,,0.5155755004714541,false_negative,high_zt_false_negative,yes,yes,yes,yes,unknown,,unknown,,False,unknown,False,False,unknown,no,no,high_zt_error;manual_review;sintering_check,1,90,A,high observed ZT; high-ZT false negative; important candidate for paper; carried from Step14,15,5,1,0,0.7406175531200431,0.6312994005818876,0.7247936915207684,,not_evaluated,moderate,6018,,0.314568710819146,relative_scale,empirical_group_baseline,,yes,moderate,not_available,moderate,under_predicted,high_zt_false_negative,yes,yes,observed high ZT missed; insufficient ZT evaluation rows; manual review required; sintering check required later,https://doi.org/10.1002/adma.201400515
10.1021_ja206380h__sample_6119,2650,A,ZT>=1 false negative; observed ZT>=1; large ZT prediction error; manual review candidate; sintering check candidate,10.1021/ja206380h,,6119,Pb0.98Na0.02Te0.88S0.12,unknown,p,"estimated from Seebeck sign: positive=36, negative=0, zero=0, positive_ratio=1.000, negative_ratio=0.000",p,"estimated from Seebeck sign: positive=36, negative=0, zero=0, positive_ratio=1.000, negative_ratio=0.000",high,1.524417,0.8063988335852094,0.8440893043031282,,0.0446522311392581,false_negative,high_zt_false_negative,yes,yes,yes,yes,unknown,,unknown,,False,unknown,True,True,unknown,no,no,high_zt_error;manual_review;sintering_check,1,100,A,high observed ZT; high-ZT false negative; important candidate for paper; carried from Step14,25,15,1,0,0.3390825051234356,0.3775276502962417,0.0456798489149426,,not_evaluated,excellent,3490,,1.4081526037931236,relative_scale,empirical_group_baseline,,yes,good,not_available,excellent,under_predicted,high_zt_false_negative,yes,yes,observed high ZT missed; insufficient ZT evaluation rows; manual review required; sintering check required later,https://doi.org/10.1021/ja206380h
10.1002_adfm.201908315__sample_36225,2650,A,ZT>=1 false negative; observed ZT>=1; large ZT prediction error; manual review candidate; sintering check candidate,10.1002/adfm.201908315,,36225,Cu2Se,unknown,p,"estimated from Seebeck sign: positive=16, negative=0, zero=0, positive_ratio=1.000, negative_ratio=0.000",p,"estimated from Seebeck sign: positive=16, negative=0, zero=0, positive_ratio=1.000, negative_ratio=0.000",high,1.520356,0.2329336355537135,0.2717610274253166,,0.1428732892256721,false_negative,high_zt_false_negative,yes,yes,yes,yes,unknown,,unknown,,False,unknown,True,True,unknown,no,no,high_zt_error;manual_review;sintering_check,1,100,A,high observed ZT; high-ZT false negative; important candidate for paper; carried from Step14,16,3,1,0,0.1970866863190218,0.1988867748421251,0.1541695174346358,,not_evaluated,excellent,24752,,1.0140148338951869,relative_scale,empirical_group_baseline,,yes,excellent,not_available,excellent,under_predicted,high_zt_false_negative,yes,yes,observed high ZT missed; insufficient ZT evaluation rows; manual review required; sintering check required later,https://doi.org/10.1002/adfm.201908315
10.1016_j.nanoen.2017.11.019__sample_41295,2650,A,ZT>=1 false negative; observed ZT>=1; large ZT prediction error; manual review candidate; sintering check candidate,10.1016/j.nanoen.2017.11.019,,41295,Yb1.05Zn1.90In0.10Sb2(InSb)0.05,unknown,p,"estimated from Seebeck sign: positive=16, negative=0, zero=0, positive_ratio=1.000, negative_ratio=0.000",p,"estimated from Seebeck sign: positive=16, negative=0, zero=0, positive_ratio=1.000, negative_ratio=0.000",high,1.484265,0.0439379768099799,0.0452933823480351,,0.0299250236522457,false_negative,high_zt_false_negative,yes,yes,yes,yes,unknown,,unknown,,False,unknown,True,True,unknown,no,no,high_zt_error;manual_review;sintering_check,1,100,A,high observed ZT; high-ZT false negative; important candidate for paper; carried from Step14,16,16,1,0,0.0451974307081867,0.0543199194476085,0.0303819152679585,,not_evaluated,excellent,31657,,1.509081959857978,relative_scale,empirical_group_baseline,,yes,excellent,not_available,excellent,under_predicted,high_zt_false_negative,yes,yes,observed high ZT missed; insufficient ZT evaluation rows; manual review required; sintering check required later,https://doi.org/10.1016/j.nanoen.2017.11.019
10.1016_j.joule.2019.08.017__sample_42871,2650,A,ZT>=1 false negative; observed ZT>=1; large ZT prediction error; manual review candidate; sintering check candidate,10.1016/j.joule.2019.08.017,,42871,Ge0.93In0.01Bi0.06Te,unknown,p,"estimated from Seebeck sign: positive=10, negative=0, zero=0, positive_ratio=1.000, negative_ratio=0.000",p,"estimated from Seebeck sign: positive=10, negative=0, zero=0, positive_ratio=1.000, negative_ratio=0.000",high,1.47819,0.2712075082993104,0.2642322001895972,,0.0263984030133652,false_negative,high_zt_false_negative,yes,yes,yes,yes,unknown,,unknown,,False,unknown,True,True,unknown,no,no,high_zt_error;manual_review;sintering_check,1,100,A,high observed ZT; high-ZT false negative; important candidate for paper; carried from Step14,10,9,1,0,0.1007204675379337,0.1220232254187135,0.0260559784074843,,not_evaluated,excellent,24388,,3.2820438610943623,relative_scale,empirical_group_baseline,,yes,excellent,not_available,excellent,under_predicted,high_zt_false_negative,yes,yes,observed high ZT missed; insufficient ZT evaluation rows; manual review required; sintering check required later,https://doi.org/10.1016/j.joule.2019.08.017
10.1007_s10853-016-9980-x__sample_2535,2650,A,ZT>=1 false negative; observed ZT>=1; large ZT prediction error; manual review candidate; sintering check candidate,10.1007/s10853-016-9980-x,,2535,Pb0.98Ca0.02Te,unknown,p,"estimated from Seebeck sign: positive=13, negative=4, zero=0, positive_ratio=0.765, negative_ratio=0.235",p,"estimated from Seebeck sign: positive=13, negative=4, zero=0, positive_ratio=0.765, negative_ratio=0.235",medium,1.467123,0.4510302665079453,0.075898163531966,,4.9425715395338266,false_negative,high_zt_false_negative,yes,yes,yes,yes,unknown,,unknown,,False,unknown,True,True,unknown,no,no,high_zt_error;manual_review;sintering_check,1,120,A,high observed ZT; high-ZT false negative; important candidate for paper; carried from Step14,38,6,1,0,4.3827780418597095,1.938414707876236,1.7821419588055498,,not_evaluated,poor,11722,,0.3326959672586814,relative_scale,empirical_group_baseline,,yes,poor,not_available,poor,under_predicted,high_zt_false_negative,yes,yes,large PF error; large ZT error vs calculated ZT; observed high ZT missed; insufficient ZT evaluation rows; manual review required; sintering check required later,https://doi.org/10.1007/s10853-016-9980-x
10.1038_s41598-020-58998-1__sample_28170,2650,A,ZT>=1 false negative; observed ZT>=1; large ZT prediction error; manual review candidate; sintering check candidate,10.1038/s41598-020-58998-1,,28170,Mg2Sn,unknown,n,"estimated from Seebeck sign: positive=0, negative=8, zero=0, positive_ratio=0.000, negative_ratio=1.000",n,"estimated from Seebeck sign: positive=0, negative=8, zero=0, positive_ratio=0.000, negative_ratio=1.000",high,1.423474,0.0481090908885856,0.033992919698806,0.8378601759791743,0.4152679827109846,false_negative,high_zt_false_negative,yes,yes,yes,yes,unknown,,unknown,,False,unknown,False,False,unknown,no,no,high_zt_error;manual_review;sintering_check,1,90,A,high observed ZT; high-ZT false negative; important candidate for paper; carried from Step14,8,7,1,1,0.3328683747030369,0.3653330765506797,0.3473189002386334,1.819296204776405,poor,good,24687,,1.0896517422184169,relative_scale,empirical_group_baseline,,yes,good,moderate,good,under_predicted,high_zt_false_negative,yes,yes,observed high ZT missed; manual review required; sintering check required later,https://doi.org/10.1038/s41598-020-58998-1
10.1039_d0ee02323j__sample_37114,2650,A,ZT>=1 false negative; observed ZT>=1; large ZT prediction error; manual review candidate; sintering check candidate,10.1039/d0ee02323j,,37114,Cu0.85Ag0.2In0.95Te2,unknown,p,"estimated from Seebeck sign: positive=19, negative=0, zero=0, positive_ratio=1.000, negative_ratio=0.000",p,"estimated from Seebeck sign: positive=19, negative=0, zero=0, positive_ratio=1.000, negative_ratio=0.000",high,1.409147,0.5628889567770093,1.4769365639984575,1.9788990467230907,1.6798751505834784,false_negative,high_zt_false_negative,yes,yes,yes,yes,unknown,,unknown,,False,unknown,True,True,unknown,no,no,high_zt_error;manual_review;sintering_check,1,135,A,high observed ZT; high-ZT false negative; important candidate for paper; carried from Step14,11,9,7,6,1.3454457830025135,0.9885511092450884,1.1156941552288957,1.20255779552058,poor,poor,29287,,0.1479668126924197,relative_scale,empirical_group_baseline,,yes,poor,poor,poor,under_predicted,high_zt_false_negative,yes,yes,large PF error; large ZT error vs observed ZT; large ZT error vs calculated ZT; observed high ZT missed; manual review required; sintering check required later,https://doi.org/10.1039/d0ee02323j
10.3724_sp.j.1077.2011.00680__sample_16917,2650,A,ZT>=1 false negative; observed ZT>=1; large ZT prediction error; manual review candidate; sintering check candidate,10.3724/sp.j.1077.2011.00680,,16917,Ag0.99Na0.01SbTe1.96Se0.04,unknown,p,"estimated from Seebeck sign: positive=8, negative=0, zero=0, positive_ratio=1.000, negative_ratio=0.000",p,"estimated from Seebeck sign: positive=8, negative=0, zero=0, positive_ratio=1.000, negative_ratio=0.000",high,1.401413,0.9991234841267445,1.4056932474592718,0.440036890153853,0.4422714791129755,false_negative,high_zt_false_negative,yes,yes,yes,yes,unknown,,unknown,,False,unknown,True,True,unknown,no,no,high_zt_error;manual_review;sintering_check,1,90,A,high observed ZT; high-ZT false negative; important candidate for paper; carried from Step14,8,8,8,8,0.4422714791129685,0.4356289918978335,0.4356289918978422,0.4335380815936979,moderate,moderate,5551,,0.3906745625124235,relative_scale,empirical_group_baseline,,yes,good,good,good,under_predicted,high_zt_false_negative,yes,yes,observed high ZT missed; manual review required; sintering check required later,https://doi.org/10.3724/sp.j.1077.2011.00680
10.1039_c9ee03087e__sample_35659,2650,A,ZT>=1 false negative; observed ZT>=1; large ZT prediction error; manual review candidate; sintering check candidate,10.1039/c9ee03087e,,35659,Ge0.87Cd0.03Sb0.10Te,unknown,p,"estimated from Seebeck sign: positive=11, negative=0, zero=0, positive_ratio=1.000, negative_ratio=0.000",p,"estimated from Seebeck sign: positive=11, negative=0, zero=0, positive_ratio=1.000, negative_ratio=0.000",high,1.400878,0.9598037758069348,1.3796347852425164,0.2605249107805843,0.2549904362475652,false_negative,high_zt_false_negative,yes,yes,yes,yes,unknown,,unknown,,False,unknown,True,True,unknown,no,no,high_zt_error;manual_review;sintering_check,1,90,A,high observed ZT; high-ZT false negative; important candidate for paper; carried from Step14,11,10,8,8,0.2825824223224217,0.299295839471866,0.281305879080175,0.2846603322801024,good,good,24107,,1.0307159757119766,relative_scale,empirical_group_baseline,,yes,good,good,good,under_predicted,high_zt_false_negative,yes,yes,observed high ZT missed; manual review required; sintering check required later,https://doi.org/10.1039/c9ee03087e
10.1007_s11664-014-3235-x__sample_9913,2650,A,ZT>=1 false negative; observed ZT>=1; large ZT prediction error; manual review candidate; sintering check candidate,10.1007/s11664-014-3235-x,,9913,Mg2Si0.53Sn0.4Bi0.02Ge0.05,unknown,n,"estimated from Seebeck sign: positive=0, negative=12, zero=0, positive_ratio=0.000, negative_ratio=1.000",n,"estimated from Seebeck sign: positive=0, negative=12, zero=0, positive_ratio=0.000, negative_ratio=1.000",high,1.395122,0.6038146639087891,0.6395539976703715,0.1045683213001501,0.1031663147768358,false_negative,high_zt_false_negative,yes,yes,yes,yes,unknown,,unknown,,False,unknown,True,False,unknown,no,no,high_zt_error;manual_review;sintering_check,1,95,A,high observed ZT; high-ZT false negative; important candidate for paper; carried from Step14,12,4,2,2,0.2031101584395599,0.2221430326436009,0.1222535564016358,0.1179969061511413,excellent,excellent,10833,,1.8943524281754216,relative_scale,empirical_group_baseline,,yes,good,excellent,excellent,near,high_zt_false_negative,yes,yes,observed high ZT missed; manual review required; sintering check required later,https://doi.org/10.1007/s11664-014-3235-x
10.1073_pnas.1711725114__sample_24309,2650,A,ZT>=1 false negative; observed ZT>=1; large ZT prediction error; manual review candidate; sintering check candidate,10.1073/pnas.1711725114,,24309,Mg3.2Sb1.5Bi0.49Te0.01,unknown,n,"estimated from Seebeck sign: positive=0, negative=12, zero=0, positive_ratio=0.000, negative_ratio=1.000",n,"estimated from Seebeck sign: positive=0, negative=12, zero=0, positive_ratio=0.000, negative_ratio=1.000",high,1.388698,0.5697341661818288,0.7253304047064075,0.3127903017708708,0.4170198894745678,false_negative,high_zt_false_negative,yes,yes,yes,yes,unknown,,unknown,,False,unknown,True,True,unknown,no,no,high_zt_error;manual_review;sintering_check,1,90,A,high observed ZT; high-ZT false negative; important candidate for paper; carried from Step14,12,6,6,3,0.4170198894746752,0.3883432864190521,0.3883432864189695,0.2946357166045304,good,good,21294,,0.4502062833429767,relative_scale,empirical_group_baseline,,yes,good,good,good,under_predicted,high_zt_false_negative,yes,yes,observed high ZT missed; manual review required; sintering check required later,https://doi.org/10.1073/pnas.1711725114
10.1021_jacs.6b07010__sample_2892,2650,A,ZT>=1 false negative; observed ZT>=1; large ZT prediction error; manual review candidate; sintering check candidate,10.1021/jacs.6b07010,,2892,Sn0.97SePb0.03,unknown,p,"estimated from Seebeck sign: positive=13, negative=0, zero=0, positive_ratio=1.000, negative_ratio=0.000",p,"estimated from Seebeck sign: positive=13, negative=0, zero=0, positive_ratio=1.000, negative_ratio=0.000",high,1.386518,0.6849331011657487,0.4615822255073738,0.667495167435482,0.5801027194572456,false_negative,high_zt_false_negative,yes,yes,yes,yes,unknown,,unknown,,False,unknown,True,True,unknown,no,no,high_zt_error;manual_review;sintering_check,1,100,A,high observed ZT; high-ZT false negative; important candidate for paper; carried from Step14,13,5,2,2,0.4725433414580321,0.4741624082664519,0.4596936520032493,0.516297279702867,moderate,moderate,18599,,0.0960996860324762,relative_scale,empirical_group_baseline,,yes,good,moderate,moderate,under_predicted,high_zt_false_negative,yes,yes,observed high ZT missed; manual review required; sintering check required later,https://doi.org/10.1021/jacs.6b07010
10.1016_j.nanoen.2020.105649__sample_40664,2650,A,ZT>=1 false negative; observed ZT>=1; large ZT prediction error; manual review candidate; sintering check candidate,10.1016/j.nanoen.2020.105649,,40664,(Mn0.703Te0.285)(Sn0.006Te0.006),unknown,p,"estimated from Seebeck sign: positive=12, negative=0, zero=0, positive_ratio=1.000, negative_ratio=0.000",p,"estimated from Seebeck sign: positive=12, negative=0, zero=0, positive_ratio=1.000, negative_ratio=0.000",high,1.377934,0.2033155411485511,1.3639507477577246,0.5938017688068026,7.4389218900140435,false_negative,high_zt_false_negative,yes,yes,yes,yes,unknown,,unknown,,False,unknown,True,True,unknown,no,no,high_zt_error;manual_review;sintering_check,1,110,A,high observed ZT; high-ZT false negative; important candidate for paper; carried from Step14,11,8,8,7,7.438921890013895,2.088423979205259,2.088423979205275,1.376137571789522,poor,poor,31291,,0.0192075627953974,relative_scale,empirical_group_baseline,,yes,poor,moderate,poor,under_predicted,high_zt_false_negative,yes,yes,large PF error; large ZT error vs calculated ZT; observed high ZT missed; manual review required; sintering check required later,https://doi.org/10.1016/j.nanoen.2020.105649
10.1021_acs.chemmater.6b02308__sample_9545,2650,A,ZT>=1 false negative; observed ZT>=1; large ZT prediction error; manual review candidate; sintering check candidate,10.1021/acs.chemmater.6b02308,,9545,Mg2.16(Si0.3Ge0.03Sn0.67)0.98Sb0.02,unknown,n,"estimated from Seebeck sign: positive=0, negative=21, zero=0, positive_ratio=0.000, negative_ratio=1.000",n,"estimated from Seebeck sign: positive=0, negative=21, zero=0, positive_ratio=0.000, negative_ratio=1.000",high,1.371927,0.5065587151652491,0.6080510680579477,0.1180070208084046,0.1178484793942336,false_negative,high_zt_false_negative,yes,yes,yes,yes,unknown,,unknown,,False,unknown,True,True,unknown,no,no,high_zt_error;manual_review;sintering_check,1,100,A,high observed ZT; high-ZT false negative; important candidate for paper; carried from Step14,23,7,2,1,0.1106379931128575,0.14147428793918,0.1386144588172319,0.1255711831072594,excellent,excellent,7401,,2.1772827591713257,relative_scale,empirical_group_baseline,,yes,excellent,excellent,excellent,near,high_zt_false_negative,yes,yes,observed high ZT missed; manual review required; sintering check required later,https://doi.org/10.1021/acs.chemmater.6b02308
10.1039_c5ee01147g__sample_6056,2650,A,ZT>=1 false negative; observed ZT>=1; large ZT prediction error; manual review candidate; sintering check candidate,10.1039/c5ee01147g,,6056,Pb1Te0.88S0.12Na0.02,unknown,p,"estimated from Seebeck sign: positive=17, negative=0, zero=0, positive_ratio=1.000, negative_ratio=0.000",p,"estimated from Seebeck sign: positive=17, negative=0, zero=0, positive_ratio=1.000, negative_ratio=0.000",high,1.369969,0.4395473566896454,0.5471978687001388,,0.1967305031107223,false_negative,high_zt_false_negative,yes,yes,yes,yes,unknown,,unknown,,False,unknown,True,True,unknown,no,no,high_zt_error;manual_review;sintering_check,1,100,A,high observed ZT; high-ZT false negative; important candidate for paper; carried from Step14,17,4,1,0,0.3301408957264512,0.4317165532302243,0.2190650087761944,,not_evaluated,good,874,,1.4906971701827787,relative_scale,empirical_group_baseline,,yes,good,not_available,excellent,under_predicted,high_zt_false_negative,yes,yes,observed high ZT missed; insufficient ZT evaluation rows; manual review required; sintering check required later,https://doi.org/10.1039/c5ee01147g
10.1007_s11664-009-0993-y__sample_16743,2650,A,ZT>=1 false negative; observed ZT>=1; large ZT prediction error; manual review candidate; sintering check candidate,10.1007/s11664-009-0993-y,,16743,(GeTe)80(Ag0.8Sb1.2Te2.2)20,unknown,p,"estimated from Seebeck sign: positive=19, negative=0, zero=0, positive_ratio=1.000, negative_ratio=0.000",p,"estimated from Seebeck sign: positive=19, negative=0, zero=0, positive_ratio=1.000, negative_ratio=0.000",high,1.36355,0.8588505524495809,0.8758898775588613,0.0227207994720398,0.0194537299103965,false_negative,high_zt_false_negative,yes,yes,yes,yes,unknown,,unknown,,False,unknown,True,True,unknown,no,no,high_zt_error;manual_review;sintering_check,1,100,A,high observed ZT; high-ZT false negative; important candidate for paper; carried from Step14,19,19,1,1,0.0770109637932691,0.0905232396563601,0.0196454441587008,0.0229828944505837,excellent,excellent,2340,,1.855016856749265,relative_scale,empirical_group_baseline,,yes,excellent,excellent,excellent,near,high_zt_false_negative,yes,yes,observed high ZT missed; manual review required; sintering check required later,https://doi.org/10.1007/s11664-009-0993-y
10.1002_adma.201400515__sample_7653,2650,A,ZT>=1 false negative; observed ZT>=1; large ZT prediction error; manual review candidate; sintering check candidate,10.1002/adma.201400515,,7653,Cu1.98S,unknown,p,"estimated from Seebeck sign: positive=15, negative=0, zero=0, positive_ratio=1.000, negative_ratio=0.000",p,"estimated from Seebeck sign: positive=15, negative=0, zero=0, positive_ratio=1.000, negative_ratio=0.000",high,1.362581,0.5571696810831649,1.062409738958936,0.5386682908409537,0.4755604540775953,false_negative,high_zt_false_negative,yes,yes,yes,yes,unknown,,unknown,,False,unknown,False,False,unknown,no,no,high_zt_error;manual_review;sintering_check,1,90,A,high observed ZT; high-ZT false negative; important candidate for paper; carried from Step14,15,6,1,1,0.4320956417583726,0.4735296380786805,0.6454251181845716,0.773637952087833,moderate,moderate,6018,,0.1451974705271161,relative_scale,empirical_group_baseline,,yes,good,moderate,good,under_predicted,high_zt_false_negative,yes,yes,observed high ZT missed; manual review required; sintering check required later,https://doi.org/10.1002/adma.201400515
10.1002_anie.200600865__sample_19450,2650,A,ZT>=1 false negative; observed ZT>=1; large ZT prediction error; manual review candidate; sintering check candidate,10.1002/anie.200600865,,19450,Na0.8Pb20Sb0.6Te22,unknown,p,"estimated from Seebeck sign: positive=43, negative=0, zero=0, positive_ratio=1.000, negative_ratio=0.000",p,"estimated from Seebeck sign: positive=43, negative=0, zero=0, positive_ratio=1.000, negative_ratio=0.000",high,1.359939,0.7726818892115305,0.7300018410451898,0.0376411772467907,0.0584656719567075,false_negative,high_zt_false_negative,yes,yes,yes,yes,unknown,,unknown,,False,unknown,True,True,unknown,no,no,high_zt_error;manual_review;sintering_check,1,100,A,high observed ZT; high-ZT false negative; important candidate for paper; carried from Step14,44,25,1,1,0.3160133940917161,0.362079722941666,0.0568203802276924,0.0369500383201655,excellent,excellent,6440,,1.429454482331343,relative_scale,empirical_group_baseline,,yes,good,excellent,excellent,near,high_zt_false_negative,yes,yes,observed high ZT missed; manual review required; sintering check required later,https://doi.org/10.1002/anie.200600865
10.1021_acsami.9b12256__sample_41042,2650,A,ZT>=1 false negative; observed ZT>=1; large ZT prediction error; manual review candidate; sintering check candidate,10.1021/acsami.9b12256,,41042,(Cu2Te)0.05(Cu3.52In4.16Te8),unknown,p,"estimated from Seebeck sign: positive=10, negative=0, zero=0, positive_ratio=1.000, negative_ratio=0.000",p,"estimated from Seebeck sign: positive=10, negative=0, zero=0, positive_ratio=1.000, negative_ratio=0.000",high,1.355412,0.375490164371683,1.3729156646772809,8.19911033260434,3.3869207210018866,false_negative,high_zt_false_negative,yes,yes,yes,yes,unknown,,unknown,,False,unknown,True,True,unknown,no,no,high_zt_error;manual_review;sintering_check,1,135,A,high observed ZT; high-ZT false negative; important candidate for paper; carried from Step14,10,7,4,4,2.2107665429328773,1.4071396021374991,1.6611385208597909,2.053294118584685,poor,poor,22290,,0.1987824743206289,relative_scale,empirical_group_baseline,,yes,poor,poor,poor,under_predicted,high_zt_false_negative,yes,yes,large PF error; large ZT error vs observed ZT; large ZT error vs calculated ZT; observed high ZT missed; manual review required; sintering check required later,https://doi.org/10.1021/acsami.9b12256
10.1039_d0ee02323j__sample_37115,2650,A,ZT>=1 false negative; observed ZT>=1; large ZT prediction error; manual review candidate; sintering check candidate,10.1039/d0ee02323j,,37115,Cu0.86Ag0.2In0.94Te2,unknown,p,"estimated from Seebeck sign: positive=19, negative=0, zero=0, positive_ratio=1.000, negative_ratio=0.000",p,"estimated from Seebeck sign: positive=19, negative=0, zero=0, positive_ratio=1.000, negative_ratio=0.000",high,1.352287,0.5118241686948213,0.5092054879185548,1.102541589933996,1.1240852244319814,false_negative,high_zt_false_negative,yes,yes,yes,yes,unknown,,unknown,,False,unknown,True,True,unknown,no,no,high_zt_error;manual_review;sintering_check,1,145,A,high observed ZT; high-ZT false negative; important candidate for paper; carried from Step14,11,6,4,2,0.9490525521339728,0.8444534820865178,0.7846892801073383,0.8175921413402794,poor,poor,29287,,0.1547749794837131,relative_scale,empirical_group_baseline,,yes,moderate,poor,poor,under_predicted,high_zt_false_negative,yes,yes,large ZT error vs observed ZT; large ZT error vs calculated ZT; observed high ZT missed; manual review required; sintering check required later,https://doi.org/10.1039/d0ee02323j
10.1039_c3tc31215a__sample_8183,2650,A,ZT>=1 false negative; observed ZT>=1; large ZT prediction error; manual review candidate; sintering check candidate,10.1039/c3tc31215a,,8183,Sb3Te9,unknown,p,"estimated from Seebeck sign: positive=5, negative=0, zero=0, positive_ratio=1.000, negative_ratio=0.000",p,"estimated from Seebeck sign: positive=5, negative=0, zero=0, positive_ratio=1.000, negative_ratio=0.000",high,1.343709,0.9792460034666663,1.1843180734394163,0.1841313312472738,0.1634794834767663,false_negative,high_zt_false_negative,yes,yes,yes,yes,unknown,,unknown,,False,unknown,True,True,unknown,no,no,high_zt_error;manual_review;sintering_check,1,90,A,high observed ZT; high-ZT false negative; important candidate for paper; carried from Step14,5,5,5,5,0.1634794834767757,0.1807652476139872,0.180765247613979,0.2169765612740112,good,excellent,11505,,1.2388579125137738,relative_scale,empirical_group_baseline,,yes,excellent,excellent,excellent,near,high_zt_false_negative,yes,yes,observed high ZT missed; manual review required; sintering check required later,https://doi.org/10.1039/c3tc31215a
10.1021_acsami.9b12256__sample_41044,2650,A,ZT>=1 false negative; observed ZT>=1; large ZT prediction error; manual review candidate; sintering check candidate,10.1021/acsami.9b12256,,41044,(Cu2Te)0.11(Cu3.52In4.16Te8),unknown,p,"estimated from Seebeck sign: positive=10, negative=0, zero=0, positive_ratio=1.000, negative_ratio=0.000",p,"estimated from Seebeck sign: positive=10, negative=0, zero=0, positive_ratio=1.000, negative_ratio=0.000",high,1.340895,0.1603323617549544,0.0540953075326759,4.262047865546736,4.39856559365989,false_negative,high_zt_false_negative,yes,yes,yes,yes,unknown,,unknown,,False,unknown,True,True,unknown,no,no,high_zt_error;manual_review;sintering_check,1,145,A,high observed ZT; high-ZT false negative; important candidate for paper; carried from Step14,10,7,2,1,2.3607488399538634,1.2887304420193846,1.6458129415452971,1.6605202790318283,poor,poor,22290,,0.1732869719778368,relative_scale,empirical_group_baseline,,yes,poor,poor,poor,under_predicted,high_zt_false_negative,yes,yes,large PF error; large ZT error vs observed ZT; large ZT error vs calculated ZT; observed high ZT missed; manual review required; sintering check required later,https://doi.org/10.1021/acsami.9b12256
10.1039_c5ee03366g__sample_9274,2650,A,ZT>=1 false negative; observed ZT>=1; large ZT prediction error; manual review candidate; sintering check candidate,10.1039/c5ee03366g,,9274,Sn0.99Na0.01Se,unknown,p,"estimated from Seebeck sign: positive=21, negative=0, zero=0, positive_ratio=1.000, negative_ratio=0.000",p,"estimated from Seebeck sign: positive=21, negative=0, zero=0, positive_ratio=1.000, negative_ratio=0.000",high,1.335113,0.1477620211893592,0.3695207435957627,0.5975499768508354,0.6001252331560483,false_negative,high_zt_false_negative,yes,yes,yes,yes,unknown,,unknown,,False,unknown,True,True,unknown,no,no,high_zt_error;manual_review;sintering_check,1,100,A,high observed ZT; high-ZT false negative; important candidate for paper; carried from Step14,21,21,1,1,0.4205804985355161,0.4828341180549551,0.9166038637849556,0.910184355921798,poor,poor,7981,,0.3578861919512007,relative_scale,empirical_group_baseline,,yes,good,moderate,moderate,under_predicted,high_zt_false_negative,yes,yes,observed high ZT missed; manual review required; sintering check required later,https://doi.org/10.1039/c5ee03366g
10.1016_j.jmat.2017.07.003__sample_15416,2650,A,ZT>=1 false negative; observed ZT>=1; large ZT prediction error; manual review candidate; sintering check candidate,10.1016/j.jmat.2017.07.003,,15416,In0.20Ce0.20Co4Sb12.3,unknown,n,"estimated from Seebeck sign: positive=0, negative=21, zero=0, positive_ratio=0.000, negative_ratio=1.000",n,"estimated from Seebeck sign: positive=0, negative=21, zero=0, positive_ratio=0.000, negative_ratio=1.000",high,1.330923,0.7569487514562854,0.8730075967973061,0.0838370133106566,0.0562504051987921,false_negative,high_zt_false_negative,yes,yes,yes,yes,unknown,,unknown,,False,unknown,True,True,unknown,no,no,high_zt_error;manual_review;sintering_check,1,90,A,high observed ZT; high-ZT false negative; important candidate for paper; carried from Step14,22,8,8,7,0.0562504051987922,0.0707083896980019,0.0707083896980058,0.1133023824732294,excellent,excellent,18772,,2.402387591368447,relative_scale,empirical_group_baseline,,yes,excellent,excellent,excellent,near,high_zt_false_negative,yes,yes,observed high ZT missed; manual review required; sintering check required later,https://doi.org/10.1016/j.jmat.2017.07.003
10.1073_pnas.1711725114__sample_24317,2650,A,ZT>=1 false negative; observed ZT>=1; large ZT prediction error; manual review candidate; sintering check candidate,10.1073/pnas.1711725114,,24317,Mg3.1V0.1Sb1.5Bi0.49Te0.01,unknown,n,"estimated from Seebeck sign: positive=0, negative=12, zero=0, positive_ratio=0.000, negative_ratio=1.000",n,"estimated from Seebeck sign: positive=0, negative=12, zero=0, positive_ratio=0.000, negative_ratio=1.000",high,1.329892,0.9368024487461224,1.2313943400322898,0.7659387496718214,0.4892610755095153,false_negative,high_zt_false_negative,yes,yes,yes,yes,unknown,,unknown,,False,unknown,True,True,unknown,no,no,high_zt_error;manual_review;sintering_check,1,90,A,high observed ZT; high-ZT false negative; important candidate for paper; carried from Step14,12,8,5,3,0.4351874368336511,0.428921367407329,0.4567173291926766,0.5969107795015913,moderate,moderate,21294,,0.3034743593774424,relative_scale,empirical_group_baseline,,yes,good,moderate,good,under_predicted,high_zt_false_negative,yes,yes,observed high ZT missed; manual review required; sintering check required later,https://doi.org/10.1073/pnas.1711725114
10.1002_anie.201605015__sample_15233,2650,A,ZT>=1 false negative; observed ZT>=1; large ZT prediction error; manual review candidate; sintering check candidate,10.1002/anie.201605015,,15233,CsAg5Te3,unknown,p,"estimated from Seebeck sign: positive=19, negative=0, zero=0, positive_ratio=1.000, negative_ratio=0.000",p,"estimated from Seebeck sign: positive=19, negative=0, zero=0, positive_ratio=1.000, negative_ratio=0.000",high,1.327528,0.6861067237634578,1.2621406830925617,0.6529072236286019,0.7047752516193904,false_negative,high_zt_false_negative,yes,yes,yes,yes,unknown,,unknown,,False,unknown,True,True,unknown,no,no,high_zt_error;manual_review;sintering_check,1,100,A,high observed ZT; high-ZT false negative; important candidate for paper; carried from Step14,21,7,4,1,3.5152289203786458,1.4531964121624246,0.8691041158678238,1.058163167706934,poor,poor,6453,,0.0378324102162274,relative_scale,empirical_group_baseline,,yes,poor,moderate,moderate,under_predicted,high_zt_false_negative,yes,yes,large PF error; observed high ZT missed; manual review required; sintering check required later,https://doi.org/10.1002/anie.201605015
10.1021_jacs.1c01801__sample_44413,2650,A,ZT>=1 false negative; observed ZT>=1; large ZT prediction error; manual review candidate; sintering check candidate,10.1021/jacs.1c01801,,44413,Cu0.8Ag0.2In0.2Ga0.8Te2,unknown,p,"estimated from Seebeck sign: positive=23, negative=0, zero=0, positive_ratio=1.000, negative_ratio=0.000",p,"estimated from Seebeck sign: positive=23, negative=0, zero=0, positive_ratio=1.000, negative_ratio=0.000",high,1.324401,0.4944121157194108,1.304902070903999,1.0638589027453964,1.035867079300793,false_negative,high_zt_false_negative,yes,yes,yes,yes,unknown,,unknown,,False,unknown,True,True,unknown,no,no,high_zt_error;manual_review;sintering_check,1,135,A,high observed ZT; high-ZT false negative; important candidate for paper; carried from Step14,23,20,13,6,0.9489678010268096,0.8544123280334978,0.8808331507594912,0.9393210566649008,poor,poor,37843,,0.2060674632339822,relative_scale,empirical_group_baseline,,yes,moderate,poor,poor,under_predicted,high_zt_false_negative,yes,yes,large ZT error vs observed ZT; large ZT error vs calculated ZT; observed high ZT missed; manual review required; sintering check required later,https://doi.org/10.1021/jacs.1c01801
10.1039_d0ee02323j__sample_37112,2650,A,ZT>=1 false negative; observed ZT>=1; large ZT prediction error; manual review candidate; sintering check candidate,10.1039/d0ee02323j,,37112,Cu0.83Ag0.2In0.97Te2,unknown,p,"estimated from Seebeck sign: positive=22, negative=0, zero=0, positive_ratio=1.000, negative_ratio=0.000",p,"estimated from Seebeck sign: positive=22, negative=0, zero=0, positive_ratio=1.000, negative_ratio=0.000",high,1.322621,0.3530194842193213,0.3445139003416679,0.133304518230336,0.9390461582316596,false_negative,high_zt_false_negative,yes,yes,yes,yes,unknown,,unknown,,False,unknown,True,True,unknown,no,no,high_zt_error;manual_review;sintering_check,1,100,A,high observed ZT; high-ZT false negative; important candidate for paper; carried from Step14,22,12,2,1,0.7487058158304315,0.7595730964271175,0.7416108755224751,0.1251377175399028,excellent,moderate,29287,,0.1265795480390042,relative_scale,empirical_group_baseline,,yes,moderate,excellent,moderate,near,high_zt_false_negative,yes,yes,observed high ZT missed; manual review required; sintering check required later,https://doi.org/10.1039/d0ee02323j
10.1021_jacs.1c01801__sample_44415,2650,A,ZT>=1 false negative; observed ZT>=1; large ZT prediction error; manual review candidate; sintering check candidate,10.1021/jacs.1c01801,,44415,Cu0.8Ag0.2GaTe2,unknown,p,"estimated from Seebeck sign: positive=23, negative=0, zero=0, positive_ratio=1.000, negative_ratio=0.000",p,"estimated from Seebeck sign: positive=23, negative=0, zero=0, positive_ratio=1.000, negative_ratio=0.000",high,1.319976,0.4760985162332238,1.3190030348681532,0.8878820135421466,0.9450531415228116,false_negative,high_zt_false_negative,yes,yes,yes,yes,unknown,,unknown,,False,unknown,True,True,unknown,no,no,high_zt_error;manual_review;sintering_check,1,90,A,high observed ZT; high-ZT false negative; important candidate for paper; carried from Step14,23,22,20,19,0.9080249256093073,0.846479046868271,0.8742305366218236,0.8502192661905779,poor,poor,37843,,0.224220192302479,relative_scale,empirical_group_baseline,,yes,moderate,moderate,moderate,under_predicted,high_zt_false_negative,yes,yes,observed high ZT missed; manual review required; sintering check required later,https://doi.org/10.1021/jacs.1c01801
10.1126_sciadv.abc0726__sample_39483,2650,A,ZT>=1 false negative; observed ZT>=1; large ZT prediction error; manual review candidate; sintering check candidate,10.1126/sciadv.abc0726,,39483,(Ge0.99Cu0.02Te)0.73(PbSe)0.27,unknown,p,"estimated from Seebeck sign: positive=26, negative=0, zero=0, positive_ratio=1.000, negative_ratio=0.000",p,"estimated from Seebeck sign: positive=26, negative=0, zero=0, positive_ratio=1.000, negative_ratio=0.000",high,1.312486,0.2860043640617504,0.4959882599438055,0.4503022642074526,0.4452384825877809,false_negative,high_zt_false_negative,yes,yes,yes,yes,unknown,,unknown,,False,unknown,True,True,unknown,no,no,high_zt_error;manual_review;sintering_check,1,90,A,high observed ZT; high-ZT false negative; important candidate for paper; carried from Step14,25,14,3,3,0.3366506998826989,0.4268754423395269,0.5907204860824196,0.5988143243570888,moderate,moderate,29153,,0.4292479380951856,relative_scale,empirical_group_baseline,,yes,good,good,good,under_predicted,high_zt_false_negative,yes,yes,observed high ZT missed; manual review required; sintering check required later,https://doi.org/10.1126/sciadv.abc0726
10.1039_d0ta00245c__sample_34286,2650,A,ZT>=1 false negative; observed ZT>=1; large ZT prediction error; manual review candidate; sintering check candidate,10.1039/d0ta00245c,,34286,BaCu2.04Te2,unknown,p,"estimated from Seebeck sign: positive=12, negative=0, zero=0, positive_ratio=1.000, negative_ratio=0.000",p,"estimated from Seebeck sign: positive=12, negative=0, zero=0, positive_ratio=1.000, negative_ratio=0.000",high,1.310917,0.1526104536717102,0.1660203857257731,0.1476147769137267,0.0807728038664658,false_negative,high_zt_false_negative,yes,yes,yes,yes,unknown,,unknown,,False,unknown,True,True,unknown,no,no,high_zt_error;manual_review;sintering_check,1,100,A,high observed ZT; high-ZT false negative; important candidate for paper; carried from Step14,12,9,1,1,0.0665128797237501,0.0775109352957122,0.0842219661429573,0.1597167145645872,excellent,excellent,27613,,0.8008981656401944,relative_scale,empirical_group_baseline,,yes,excellent,excellent,excellent,near,high_zt_false_negative,yes,yes,observed high ZT missed; manual review required; sintering check required later,https://doi.org/10.1039/d0ta00245c
10.1021_jacs.1c01801__sample_44411,2650,A,ZT>=1 false negative; observed ZT>=1; large ZT prediction error; manual review candidate; sintering check candidate,10.1021/jacs.1c01801,,44411,Cu0.8Ag0.2In0.4Ga0.6Te2,unknown,p,"estimated from Seebeck sign: positive=23, negative=0, zero=0, positive_ratio=1.000, negative_ratio=0.000",p,"estimated from Seebeck sign: positive=23, negative=0, zero=0, positive_ratio=1.000, negative_ratio=0.000",high,1.307475,0.3761697264663756,1.0769446136658165,2.398121729288654,1.268208178059696,false_negative,high_zt_false_negative,yes,yes,yes,yes,unknown,,unknown,,False,unknown,True,True,unknown,no,no,high_zt_error;manual_review;sintering_check,1,145,A,high observed ZT; high-ZT false negative; important candidate for paper; carried from Step14,23,15,5,2,1.000055423641799,1.0262558028824842,0.9611062758715848,1.2212317483874549,poor,poor,37843,,0.1445850829295351,relative_scale,empirical_group_baseline,,yes,poor,poor,poor,under_predicted,high_zt_false_negative,yes,yes,large PF error; large ZT error vs observed ZT; large ZT error vs calculated ZT; observed high ZT missed; manual review required; sintering check required later,https://doi.org/10.1021/jacs.1c01801
10.1016_j.actamat.2020.07.045__sample_39466,2650,A,ZT>=1 false negative; observed ZT>=1; large ZT prediction error; manual review candidate; sintering check candidate,10.1016/j.actamat.2020.07.045,,39466,Mg2Si0.385Sn0.6Sb0.015,unknown,n,"estimated from Seebeck sign: positive=0, negative=21, zero=0, positive_ratio=0.000, negative_ratio=1.000",n,"estimated from Seebeck sign: positive=0, negative=21, zero=0, positive_ratio=0.000, negative_ratio=1.000",high,1.307036,0.8569279586127331,0.8971233144428513,0.0444204981198668,0.0448047165679571,false_negative,high_zt_false_negative,yes,yes,yes,yes,unknown,,unknown,,False,unknown,True,True,unknown,no,no,high_zt_error;manual_review;sintering_check,1,100,A,high observed ZT; high-ZT false negative; important candidate for paper; carried from Step14,21,14,1,1,0.1062294606976879,0.1265319368470197,0.0458394741365149,0.0454373142836404,excellent,excellent,29196,,1.8916663790975847,relative_scale,empirical_group_baseline,,yes,excellent,excellent,excellent,near,high_zt_false_negative,yes,yes,observed high ZT missed; manual review required; sintering check required later,https://doi.org/10.1016/j.actamat.2020.07.045
10.1021_jacs.1c01801__sample_44414,2650,A,ZT>=1 false negative; observed ZT>=1; large ZT prediction error; manual review candidate; sintering check candidate,10.1021/jacs.1c01801,,44414,Cu0.8Ag0.2In0.1Ga0.9Te2,unknown,p,"estimated from Seebeck sign: positive=23, negative=0, zero=0, positive_ratio=1.000, negative_ratio=0.000",p,"estimated from Seebeck sign: positive=23, negative=0, zero=0, positive_ratio=1.000, negative_ratio=0.000",high,1.30536,0.4715135343750936,1.2939627376378635,0.6902479296777158,0.8906773148670487,false_negative,high_zt_false_negative,yes,yes,yes,yes,unknown,,unknown,,False,unknown,True,True,unknown,no,no,high_zt_error;manual_review;sintering_check,1,90,A,high observed ZT; high-ZT false negative; important candidate for paper; carried from Step14,23,20,14,11,1.0201028399102163,0.931252224150973,0.957594434144156,0.9373069534427791,poor,poor,37843,,0.2094979039671367,relative_scale,empirical_group_baseline,,yes,poor,moderate,moderate,under_predicted,high_zt_false_negative,yes,yes,large PF error; observed high ZT missed; manual review required; sintering check required later,https://doi.org/10.1021/jacs.1c01801
10.1039_d0ee02323j__sample_37111,2650,A,ZT>=1 false negative; observed ZT>=1; large ZT prediction error; manual review candidate; sintering check candidate,10.1039/d0ee02323j,,37111,Cu0.82Ag0.2In0.98Te2,unknown,p,"estimated from Seebeck sign: positive=18, negative=0, zero=0, positive_ratio=1.000, negative_ratio=0.000",p,"estimated from Seebeck sign: positive=18, negative=0, zero=0, positive_ratio=1.000, negative_ratio=0.000",high,1.305315,0.4241814565219771,1.433686208577533,0.8560015126816528,0.7267984480379647,false_negative,high_zt_false_negative,yes,yes,yes,yes,unknown,,unknown,,False,unknown,True,True,unknown,no,no,high_zt_error;manual_review;sintering_check,1,90,A,high observed ZT; high-ZT false negative; important candidate for paper; carried from Step14,23,14,11,9,0.8972328740178315,0.8776988069289007,0.8642079840293796,0.9395840359685016,poor,poor,29287,,0.1259448030342874,relative_scale,empirical_group_baseline,,yes,moderate,moderate,moderate,under_predicted,high_zt_false_negative,yes,yes,observed high ZT missed; manual review required; sintering check required later,https://doi.org/10.1039/d0ee02323j
10.1016_j.actamat.2020.07.045__sample_39468,2650,A,ZT>=1 false negative; observed ZT>=1; large ZT prediction error; manual review candidate; sintering check candidate,10.1016/j.actamat.2020.07.045,,39468,Mg2Si0.385Sn0.6Sb0.015,unknown,n,"estimated from Seebeck sign: positive=0, negative=21, zero=0, positive_ratio=0.000, negative_ratio=1.000",n,"estimated from Seebeck sign: positive=0, negative=21, zero=0, positive_ratio=0.000, negative_ratio=1.000",high,1.294303,0.792849123234754,0.9188840130855862,0.1199782058981849,0.1371608255840807,false_negative,high_zt_false_negative,yes,yes,yes,yes,unknown,,unknown,,False,unknown,True,True,unknown,no,no,high_zt_error;manual_review;sintering_check,1,100,A,high observed ZT; high-ZT false negative; important candidate for paper; carried from Step14,21,9,1,1,0.0947283475472384,0.1092762924050084,0.1475269616778309,0.1278086057917679,excellent,excellent,29196,,1.24910111251386,relative_scale,empirical_group_baseline,,yes,excellent,excellent,excellent,near,high_zt_false_negative,yes,yes,observed high ZT missed; manual review required; sintering check required later,https://doi.org/10.1016/j.actamat.2020.07.045
10.1021_jacs.5b07856__sample_9484,2650,A,ZT>=1 false negative; observed ZT>=1; large ZT prediction error; manual review candidate; sintering check candidate,10.1021/jacs.5b07856,,9484,(GeTe)12Sb2Te3,unknown,p,"estimated from Seebeck sign: positive=8, negative=0, zero=0, positive_ratio=1.000, negative_ratio=0.000",p,"estimated from Seebeck sign: positive=8, negative=0, zero=0, positive_ratio=1.000, negative_ratio=0.000",high,1.293827,0.9016162096972992,1.1085007449114108,0.122120844718475,0.1252105832829345,false_negative,high_zt_false_negative,yes,yes,yes,yes,unknown,,unknown,,False,unknown,True,True,unknown,no,no,high_zt_error;manual_review;sintering_check,1,90,A,high observed ZT; high-ZT false negative; important candidate for paper; carried from Step14,15,8,4,4,0.1131077321434952,0.1370011777311018,0.1461619303891028,0.1452613183307717,excellent,excellent,3515,,1.2058696078296511,relative_scale,empirical_group_baseline,,yes,excellent,excellent,excellent,near,high_zt_false_negative,yes,yes,observed high ZT missed; manual review required; sintering check required later,https://doi.org/10.1021/jacs.5b07856
10.1016_j.jmat.2017.07.003__sample_15411,2650,A,ZT>=1 false negative; observed ZT>=1; large ZT prediction error; manual review candidate; sintering check candidate,10.1016/j.jmat.2017.07.003,,15411,In0.15Ce0.15Co4Sb12,unknown,n,"estimated from Seebeck sign: positive=0, negative=21, zero=0, positive_ratio=0.000, negative_ratio=1.000",n,"estimated from Seebeck sign: positive=0, negative=21, zero=0, positive_ratio=0.000, negative_ratio=1.000",high,1.291095,0.7676096147584918,0.7742537133307605,0.0834013301256718,0.0558023442111428,false_negative,high_zt_false_negative,yes,yes,yes,yes,unknown,,unknown,,False,unknown,True,True,unknown,no,no,high_zt_error;manual_review;sintering_check,1,90,A,high observed ZT; high-ZT false negative; important candidate for paper; carried from Step14,21,6,6,3,0.0558023442111414,0.0704758267741072,0.0704758267741088,0.0966453959089819,excellent,excellent,18772,,1.8428583828304488,relative_scale,empirical_group_baseline,,yes,excellent,excellent,excellent,near,high_zt_false_negative,yes,yes,observed high ZT missed; manual review required; sintering check required later,https://doi.org/10.1016/j.jmat.2017.07.003
10.1021_acsaem.7b00128__sample_45684,2650,A,ZT>=1 false negative; observed ZT>=1; large ZT prediction error; manual review candidate; sintering check candidate,10.1021/acsaem.7b00128,,45684,Mg2Si0.4Sn0.6,unknown,n,"estimated from Seebeck sign: positive=0, negative=19, zero=0, positive_ratio=0.000, negative_ratio=1.000",n,"estimated from Seebeck sign: positive=0, negative=19, zero=0, positive_ratio=0.000, negative_ratio=1.000",high,1.290761,0.8742342360814985,0.9247924701113404,,0.0546698158385252,false_negative,high_zt_false_negative,yes,yes,yes,yes,unknown,,unknown,,False,unknown,False,False,unknown,no,no,high_zt_error;manual_review;sintering_check,1,90,A,high observed ZT; high-ZT false negative; important candidate for paper; carried from Step14,19,8,1,0,0.1267289852821039,0.1435584285356325,0.0562210112857152,,not_evaluated,excellent,38695,,2.1734223359816403,relative_scale,empirical_group_baseline,,yes,excellent,not_available,excellent,under_predicted,high_zt_false_negative,yes,yes,observed high ZT missed; insufficient ZT evaluation rows; manual review required; sintering check required later,https://doi.org/10.1021/acsaem.7b00128
10.1039_d0ee02323j__sample_37113,2650,A,ZT>=1 false negative; observed ZT>=1; large ZT prediction error; manual review candidate; sintering check candidate,10.1039/d0ee02323j,,37113,Cu0.84Ag0.2In0.96Te2,unknown,p,"estimated from Seebeck sign: positive=17, negative=0, zero=0, positive_ratio=1.000, negative_ratio=0.000",p,"estimated from Seebeck sign: positive=17, negative=0, zero=0, positive_ratio=1.000, negative_ratio=0.000",high,1.290482,0.643340549175436,1.3252038247324178,0.5403252041760412,0.710883046834289,false_negative,high_zt_false_negative,yes,yes,yes,yes,unknown,,unknown,,False,unknown,True,True,unknown,no,no,high_zt_error;manual_review;sintering_check,1,90,A,high observed ZT; high-ZT false negative; important candidate for paper; carried from Step14,14,13,8,6,0.6308378057318672,0.6170877474405401,0.6852357537518056,0.6146813042810858,moderate,moderate,29287,,0.1740987648072392,relative_scale,empirical_group_baseline,,yes,moderate,moderate,moderate,under_predicted,high_zt_false_negative,yes,yes,observed high ZT missed; manual review required; sintering check required later,https://doi.org/10.1039/d0ee02323j
10.1021_jacs.1c01801__sample_44421,2650,A,ZT>=1 false negative; observed ZT>=1; large ZT prediction error; manual review candidate; sintering check candidate,10.1021/jacs.1c01801,,44421,Cu0.76Ag0.2In0.2Ga0.8Te2,unknown,p,"estimated from Seebeck sign: positive=19, negative=0, zero=0, positive_ratio=1.000, negative_ratio=0.000",p,"estimated from Seebeck sign: positive=19, negative=0, zero=0, positive_ratio=1.000, negative_ratio=0.000",high,1.289879,0.9558796952744492,1.3066723118503212,0.1478288561998335,0.1650120151232615,false_negative,high_zt_false_negative,yes,yes,yes,yes,unknown,,unknown,,False,unknown,True,True,unknown,no,no,high_zt_error;manual_review;sintering_check,1,90,A,high observed ZT; high-ZT false negative; important candidate for paper; carried from Step14,23,16,8,8,0.1283889536106043,0.1919239178064289,0.2431049908295743,0.2286833180921468,good,good,37843,,0.6235442946539379,relative_scale,empirical_group_baseline,,yes,excellent,excellent,excellent,near,high_zt_false_negative,yes,yes,observed high ZT missed; manual review required; sintering check required later,https://doi.org/10.1021/jacs.1c01801
10.1021_ja8089334__sample_4395,2650,A,ZT>=1 false negative; observed ZT>=1; large ZT prediction error; manual review candidate; sintering check candidate,10.1021/ja8089334,,4395,Ba0.14In0.23Co4Sb12,unknown,n,"estimated from Seebeck sign: positive=0, negative=23, zero=0, positive_ratio=0.000, negative_ratio=1.000",n,"estimated from Seebeck sign: positive=0, negative=23, zero=0, positive_ratio=0.000, negative_ratio=1.000",high,1.289459,0.7908760512387679,0.83026901157306,,0.0474460202478912,false_negative,high_zt_false_negative,yes,yes,yes,yes,unknown,,unknown,,False,unknown,True,True,unknown,no,no,high_zt_error;manual_review;sintering_check,1,100,A,high observed ZT; high-ZT false negative; important candidate for paper; carried from Step14,23,8,1,0,0.0608905043575842,0.0755239206249354,0.0486085019313014,,not_evaluated,excellent,3481,,2.356408608194274,relative_scale,empirical_group_baseline,,yes,excellent,not_available,excellent,under_predicted,high_zt_false_negative,yes,yes,observed high ZT missed; insufficient ZT evaluation rows; manual review required; sintering check required later,https://doi.org/10.1021/ja8089334
10.1021_acsenergylett.9b01093__sample_42849,2650,A,ZT>=1 false negative; observed ZT>=1; large ZT prediction error; manual review candidate; sintering check candidate,10.1021/acsenergylett.9b01093,,42849,(Sn1.03Te0.85Se0.075S0.075)0.96Ag0.02In0.02,unknown,p,"estimated from Seebeck sign: positive=13, negative=0, zero=0, positive_ratio=1.000, negative_ratio=0.000",p,"estimated from Seebeck sign: positive=13, negative=0, zero=0, positive_ratio=1.000, negative_ratio=0.000",high,1.287515,0.4409341959471115,0.4471331055518991,0.0135139173173581,0.0138636784613302,false_negative,high_zt_false_negative,yes,yes,yes,yes,unknown,,unknown,,False,unknown,True,True,unknown,no,no,high_zt_error;manual_review;sintering_check,1,100,A,high observed ZT; high-ZT false negative; important candidate for paper; carried from Step14,13,5,1,1,0.1773310881914954,0.2563886111523073,0.0139606767975287,0.0134234187518547,excellent,excellent,32023,,2.772190682862651,relative_scale,empirical_group_baseline,,yes,excellent,excellent,excellent,near,high_zt_false_negative,yes,yes,observed high ZT missed; manual review required; sintering check required later,https://doi.org/10.1021/acsenergylett.9b01093
10.1039_c7qi00051k__sample_2619,2650,A,ZT>=1 false negative; observed ZT>=1; large ZT prediction error; manual review candidate; sintering check candidate,10.1039/c7qi00051k,,2619,Pb1.1834Se1S0.18Cl0.0068,unknown,n,"estimated from Seebeck sign: positive=0, negative=14, zero=0, positive_ratio=0.000, negative_ratio=1.000",n,"estimated from Seebeck sign: positive=0, negative=14, zero=0, positive_ratio=0.000, negative_ratio=1.000",high,1.286586,0.8070111235488432,0.7532611855135438,0.3186097767891214,0.1813140840465291,false_negative,high_zt_false_negative,yes,yes,yes,yes,unknown,,unknown,,False,unknown,True,True,unknown,no,no,high_zt_error;manual_review;sintering_check,1,90,A,high observed ZT; high-ZT false negative; important candidate for paper; carried from Step14,14,6,5,5,0.1911866732922063,0.2369574311300873,0.2285518581485518,0.470567974140227,moderate,good,18578,,1.7698162196390217,relative_scale,empirical_group_baseline,,yes,excellent,good,excellent,under_predicted,high_zt_false_negative,yes,yes,observed high ZT missed; manual review required; sintering check required later,https://doi.org/10.1039/c7qi00051k
10.1021_acs.chemmater.6b02308__sample_9539,2650,A,ZT>=1 false negative; observed ZT>=1; large ZT prediction error; manual review candidate; sintering check candidate,10.1021/acs.chemmater.6b02308,,9539,Mg2.16(Si0.3Sn0.7)0.98Sb0.02,unknown,n,"estimated from Seebeck sign: positive=0, negative=25, zero=0, positive_ratio=0.000, negative_ratio=1.000",n,"estimated from Seebeck sign: positive=0, negative=25, zero=0, positive_ratio=0.000, negative_ratio=1.000",high,1.282953,0.4884247679327324,0.5836520423472459,,0.1631576136211953,false_negative,high_zt_false_negative,yes,yes,yes,yes,unknown,,unknown,,False,unknown,True,True,unknown,no,no,high_zt_error;manual_review;sintering_check,1,100,A,high observed ZT; high-ZT false negative; important candidate for paper; carried from Step14,23,5,1,0,0.1287263505254289,0.15954397945243,0.1781195340159531,,not_evaluated,excellent,7401,,2.2534662671507086,relative_scale,empirical_group_baseline,,yes,excellent,not_available,excellent,under_predicted,high_zt_false_negative,yes,yes,observed high ZT missed; insufficient ZT evaluation rows; manual review required; sintering check required later,https://doi.org/10.1021/acs.chemmater.6b02308
10.1021_jacs.1c01801__sample_44409,2650,A,ZT>=1 false negative; observed ZT>=1; large ZT prediction error; manual review candidate; sintering check candidate,10.1021/jacs.1c01801,,44409,Cu0.8Ag0.2In0.6Ga0.4Te2,unknown,p,"estimated from Seebeck sign: positive=23, negative=0, zero=0, positive_ratio=1.000, negative_ratio=0.000",p,"estimated from Seebeck sign: positive=23, negative=0, zero=0, positive_ratio=1.000, negative_ratio=0.000",high,1.282087,0.3391938631708962,1.2058566222980296,0.475316774116191,0.5238592621202622,false_negative,high_zt_false_negative,yes,yes,yes,yes,unknown,,unknown,,False,unknown,True,True,unknown,no,no,high_zt_error;manual_review;sintering_check,1,90,A,high observed ZT; high-ZT false negative; important candidate for paper; carried from Step14,23,11,6,5,0.9659487024908544,0.9605802213575616,0.8874594751532047,0.8436333455501976,poor,poor,37843,,0.1108689234689885,relative_scale,empirical_group_baseline,,yes,moderate,good,moderate,under_predicted,high_zt_false_negative,yes,yes,observed high ZT missed; manual review required; sintering check required later,https://doi.org/10.1021/jacs.1c01801
10.1016_j.jmat.2017.07.003__sample_15412,2650,A,ZT>=1 false negative; observed ZT>=1; large ZT prediction error; manual review candidate; sintering check candidate,10.1016/j.jmat.2017.07.003,,15412,In0.15Ce0.15Co4Sb12,unknown,n,"estimated from Seebeck sign: positive=0, negative=21, zero=0, positive_ratio=0.000, negative_ratio=1.000",n,"estimated from Seebeck sign: positive=0, negative=21, zero=0, positive_ratio=0.000, negative_ratio=1.000",high,1.27482,0.7994359725895281,0.8474648139504002,0.0510524083151077,0.0499992161662667,false_negative,high_zt_false_negative,yes,yes,yes,yes,unknown,,unknown,,False,unknown,True,True,unknown,no,no,high_zt_error;manual_review;sintering_check,1,90,A,high observed ZT; high-ZT false negative; important candidate for paper; carried from Step14,21,9,9,9,0.0499992161662608,0.0643919969507608,0.0643919969507693,0.0629195853367761,excellent,excellent,18772,,2.517480724867706,relative_scale,empirical_group_baseline,,yes,excellent,excellent,excellent,near,high_zt_false_negative,yes,yes,observed high ZT missed; manual review required; sintering check required later,https://doi.org/10.1016/j.jmat.2017.07.003
10.1021_jacs.1c01801__sample_44422,2650,A,ZT>=1 false negative; observed ZT>=1; large ZT prediction error; manual review candidate; sintering check candidate,10.1021/jacs.1c01801,,44422,Cu0.75Ag0.2In0.2Ga0.8Te2,unknown,p,"estimated from Seebeck sign: positive=23, negative=0, zero=0, positive_ratio=1.000, negative_ratio=0.000",p,"estimated from Seebeck sign: positive=23, negative=0, zero=0, positive_ratio=1.000, negative_ratio=0.000",high,1.272874,0.9944918391998754,1.2777071946916123,0.1674325740276355,0.184489126745294,false_negative,high_zt_false_negative,yes,yes,yes,yes,unknown,,unknown,,False,unknown,True,True,unknown,no,no,high_zt_error;manual_review;sintering_check,1,90,A,high observed ZT; high-ZT false negative; important candidate for paper; carried from Step14,23,14,9,9,0.1550145160125573,0.218114558293265,0.2556493773526861,0.243655569089788,good,good,37843,,0.5971634640688412,relative_scale,empirical_group_baseline,,yes,excellent,excellent,excellent,near,high_zt_false_negative,yes,yes,observed high ZT missed; manual review required; sintering check required later,https://doi.org/10.1021/jacs.1c01801
10.1016_j.jmat.2017.07.003__sample_15415,2650,A,ZT>=1 false negative; observed ZT>=1; large ZT prediction error; manual review candidate; sintering check candidate,10.1016/j.jmat.2017.07.003,,15415,In0.20Ce0.15Co4Sb12.3,unknown,n,"estimated from Seebeck sign: positive=0, negative=21, zero=0, positive_ratio=0.000, negative_ratio=1.000",n,"estimated from Seebeck sign: positive=0, negative=21, zero=0, positive_ratio=0.000, negative_ratio=1.000",high,1.272515,0.9408701173443192,0.929298957839815,0.0464357051065528,0.0404875390519558,false_negative,high_zt_false_negative,yes,yes,yes,yes,unknown,,unknown,,False,unknown,True,True,unknown,no,no,high_zt_error;manual_review;sintering_check,1,90,A,high observed ZT; high-ZT false negative; important candidate for paper; carried from Step14,21,8,8,7,0.04048753905195,0.049095484474847,0.0490954844748524,0.0612891295006805,excellent,excellent,18772,,2.2380624427015543,relative_scale,empirical_group_baseline,,yes,excellent,excellent,excellent,near,high_zt_false_negative,yes,yes,observed high ZT missed; manual review required; sintering check required later,https://doi.org/10.1016/j.jmat.2017.07.003
10.1039_c5tc01509j__sample_13194,2650,A,ZT>=1 false negative; observed ZT>=1; large ZT prediction error; manual review candidate; sintering check candidate,10.1039/c5tc01509j,,13194,(CoSb2Ge0.5Te0.5)0.2(GeTe)10.5Sb2Te3,unknown,p,"estimated from Seebeck sign: positive=17, negative=0, zero=0, positive_ratio=1.000, negative_ratio=0.000",p,"estimated from Seebeck sign: positive=17, negative=0, zero=0, positive_ratio=1.000, negative_ratio=0.000",high,1.271378,0.6258891927905964,0.5604142427319048,0.202035730962677,0.2101893802309796,false_negative,high_zt_false_negative,yes,yes,yes,yes,unknown,,unknown,,False,unknown,True,True,unknown,no,no,high_zt_error;manual_review;sintering_check,1,90,A,high observed ZT; high-ZT false negative; important candidate for paper; carried from Step14,17,6,3,3,0.2109235962188783,0.2324498766678995,0.1972702725736209,0.1880917789670677,good,good,2850,,0.8582149526282173,relative_scale,empirical_group_baseline,,yes,good,good,good,under_predicted,high_zt_false_negative,yes,yes,observed high ZT missed; manual review required; sintering check required later,https://doi.org/10.1039/c5tc01509j
10.1021_cm504398d__sample_12863,2650,A,ZT>=1 false negative; observed ZT>=1; large ZT prediction error; manual review candidate; sintering check candidate,10.1021/cm504398d,,12863,Cd0.995Ag0.005Sb,unknown,p,"estimated from Seebeck sign: positive=13, negative=0, zero=0, positive_ratio=1.000, negative_ratio=0.000",p,"estimated from Seebeck sign: positive=13, negative=0, zero=0, positive_ratio=1.000, negative_ratio=0.000",high,1.269967,0.6178069701109264,0.6475744925426207,,0.0459677191960043,false_negative,high_zt_false_negative,yes,yes,yes,yes,unknown,,unknown,,False,unknown,True,True,unknown,no,no,high_zt_error;manual_review;sintering_check,1,100,A,high observed ZT; high-ZT false negative; important candidate for paper; carried from Step14,13,7,1,0,0.0704438327632514,0.0735929010441406,0.0470577707855696,,not_evaluated,excellent,628,,0.771031661460832,relative_scale,empirical_group_baseline,,yes,excellent,not_available,excellent,under_predicted,high_zt_false_negative,yes,yes,observed high ZT missed; insufficient ZT evaluation rows; manual review required; sintering check required later,https://doi.org/10.1021/cm504398d
10.1126_science.aaa4166__sample_42663,2650,A,ZT>=1 false negative; observed ZT>=1; large ZT prediction error; manual review candidate; sintering check candidate,10.1126/science.aaa4166,,42663,Bi0.5Sb1.5Te3,unknown,p,"estimated from Seebeck sign: positive=8, negative=0, zero=0, positive_ratio=1.000, negative_ratio=0.000",p,"estimated from Seebeck sign: positive=8, negative=0, zero=0, positive_ratio=1.000, negative_ratio=0.000",high,1.269292,0.7663722342185988,0.6832935496462831,0.1074589633129349,0.1215856415084301,false_negative,high_zt_false_negative,yes,yes,yes,yes,unknown,,unknown,,False,unknown,True,True,unknown,no,no,high_zt_error;manual_review;sintering_check,1,100,A,high observed ZT; high-ZT false negative; important candidate for paper; carried from Step14,8,1,1,1,0.1215856415084712,0.1147434354227989,0.1147434354227625,0.1020681688086126,excellent,excellent,34282,,1.0002815083589394,relative_scale,empirical_group_baseline,,yes,excellent,excellent,excellent,near,high_zt_false_negative,yes,yes,observed high ZT missed; manual review required; sintering check required later,https://doi.org/10.1126/science.aaa4166
10.1021_jacs.9b11405__sample_41252,2650,A,ZT>=1 false negative; observed ZT>=1; large ZT prediction error; manual review candidate; sintering check candidate,10.1021/jacs.9b11405,,41252,(GeTe)80(AgBiSe2)20,unknown,p,"estimated from Seebeck sign: positive=10, negative=0, zero=0, positive_ratio=1.000, negative_ratio=0.000",p,"estimated from Seebeck sign: positive=10, negative=0, zero=0, positive_ratio=1.000, negative_ratio=0.000",high,1.266579,0.9599459900772562,0.6042896379908892,0.5192610248012048,0.5885527894683662,false_negative,high_zt_false_negative,yes,yes,yes,yes,unknown,,unknown,,False,unknown,True,True,unknown,no,no,high_zt_error;manual_review;sintering_check,1,100,A,high observed ZT; high-ZT false negative; important candidate for paper; carried from Step14,10,6,1,1,0.4126983202030578,0.4069119451486017,0.4628234064499573,0.4182240487463129,moderate,moderate,24153,,0.349599725627115,relative_scale,empirical_group_baseline,,yes,good,moderate,moderate,under_predicted,high_zt_false_negative,yes,yes,observed high ZT missed; manual review required; sintering check required later,https://doi.org/10.1021/jacs.9b11405
10.1039_c2jm31919e__sample_8707,2650,A,ZT>=1 false negative; observed ZT>=1; large ZT prediction error; manual review candidate; sintering check candidate,10.1039/c2jm31919e,,8707,Mg2.16(Si0.4Sn0.6)0.975Sb0.025,unknown,n,"estimated from Seebeck sign: positive=0, negative=26, zero=0, positive_ratio=0.000, negative_ratio=1.000",n,"estimated from Seebeck sign: positive=0, negative=26, zero=0, positive_ratio=0.000, negative_ratio=1.000",high,1.259504,0.9090501162053636,0.9821978823758032,0.0864197132266132,0.0967811270054512,false_negative,high_zt_false_negative,yes,yes,yes,yes,unknown,,unknown,,False,unknown,True,True,unknown,no,no,high_zt_error;manual_review;sintering_check,1,100,A,high observed ZT; high-ZT false negative; important candidate for paper; carried from Step14,26,14,2,1,0.0705725202223132,0.0857617661114429,0.1050414899186831,0.0903840178379412,excellent,excellent,2744,,2.1476713361549016,relative_scale,empirical_group_baseline,,yes,excellent,excellent,excellent,near,high_zt_false_negative,yes,yes,observed high ZT missed; manual review required; sintering check required later,https://doi.org/10.1039/c2jm31919e
10.1021_jacs.1c01801__sample_44412,2650,A,ZT>=1 false negative; observed ZT>=1; large ZT prediction error; manual review candidate; sintering check candidate,10.1021/jacs.1c01801,,44412,Cu0.8Ag0.2In0.3Ga0.7Te2,unknown,p,"estimated from Seebeck sign: positive=23, negative=0, zero=0, positive_ratio=1.000, negative_ratio=0.000",p,"estimated from Seebeck sign: positive=23, negative=0, zero=0, positive_ratio=1.000, negative_ratio=0.000",high,1.2567,0.4194975568428633,1.2220935404057127,1.0737883509765882,1.060857717150996,false_negative,high_zt_false_negative,yes,yes,yes,yes,unknown,,unknown,,False,unknown,True,True,unknown,no,no,high_zt_error;manual_review;sintering_check,1,135,A,high observed ZT; high-ZT false negative; important candidate for paper; carried from Step14,23,16,13,9,1.0376387730659835,0.9635617419499226,0.9943270148734462,1.0517084737006683,poor,poor,37843,,0.1721118178995964,relative_scale,empirical_group_baseline,,yes,poor,poor,poor,under_predicted,high_zt_false_negative,yes,yes,large PF error; large ZT error vs observed ZT; large ZT error vs calculated ZT; observed high ZT missed; manual review required; sintering check required later,https://doi.org/10.1021/jacs.1c01801
10.1021_jacs.1c01801__sample_44408,2650,A,ZT>=1 false negative; observed ZT>=1; large ZT prediction error; manual review candidate; sintering check candidate,10.1021/jacs.1c01801,,44408,Cu0.8Ag0.2In0.7Ga0.3Te2,unknown,p,"estimated from Seebeck sign: positive=23, negative=0, zero=0, positive_ratio=1.000, negative_ratio=0.000",p,"estimated from Seebeck sign: positive=23, negative=0, zero=0, positive_ratio=1.000, negative_ratio=0.000",high,1.254584,0.3569973006578723,1.3323855061154517,2.139108328052001,1.439979089721583,false_negative,high_zt_false_negative,yes,yes,yes,yes,unknown,,unknown,,False,unknown,True,True,unknown,no,no,high_zt_error;manual_review;sintering_check,1,135,A,high observed ZT; high-ZT false negative; important candidate for paper; carried from Step14,23,20,15,7,1.3955741333728084,1.1213154400553391,1.1666664850936128,1.2940039214689862,poor,poor,37843,,0.0992409315632124,relative_scale,empirical_group_baseline,,yes,poor,poor,poor,under_predicted,high_zt_false_negative,yes,yes,large PF error; large ZT error vs observed ZT; large ZT error vs calculated ZT; observed high ZT missed; manual review required; sintering check required later,https://doi.org/10.1021/jacs.1c01801
10.1021_jacs.1c01801__sample_44418,2650,A,ZT>=1 false negative; observed ZT>=1; large ZT prediction error; manual review candidate; sintering check candidate,10.1021/jacs.1c01801,,44418,Cu0.79Ag0.2In0.2Ga0.8Te2,unknown,p,"estimated from Seebeck sign: positive=23, negative=0, zero=0, positive_ratio=1.000, negative_ratio=0.000",p,"estimated from Seebeck sign: positive=23, negative=0, zero=0, positive_ratio=1.000, negative_ratio=0.000",high,1.253441,0.5922727267692133,1.2026951243318589,0.4277259119848827,0.4258818534632922,false_negative,high_zt_false_negative,yes,yes,yes,yes,unknown,,unknown,,False,unknown,True,True,unknown,no,no,high_zt_error;manual_review;sintering_check,1,90,A,high observed ZT; high-ZT false negative; important candidate for paper; carried from Step14,23,17,11,7,0.4841556386558124,0.5487264756059543,0.5511438807635705,0.6220930708857386,moderate,moderate,37843,,0.315432281640663,relative_scale,empirical_group_baseline,,yes,good,good,good,under_predicted,high_zt_false_negative,yes,yes,observed high ZT missed; manual review required; sintering check required later,https://doi.org/10.1021/jacs.1c01801
10.1016_j.jallcom.2015.03.213__sample_5295,2650,A,ZT>=1 false negative; observed ZT>=1; large ZT prediction error; manual review candidate; sintering check candidate,10.1016/j.jallcom.2015.03.213,,5295,Yb0.3Co4Sb12,unknown,n,"estimated from Seebeck sign: positive=0, negative=12, zero=0, positive_ratio=0.000, negative_ratio=1.000",n,"estimated from Seebeck sign: positive=0, negative=12, zero=0, positive_ratio=0.000, negative_ratio=1.000",high,1.25315,0.6589842822081752,0.6782609593044119,0.0134990970643668,0.0242446509076167,false_negative,high_zt_false_negative,yes,yes,yes,yes,unknown,,unknown,,False,unknown,True,True,unknown,no,no,high_zt_error;manual_review;sintering_check,1,100,A,high observed ZT; high-ZT false negative; important candidate for paper; carried from Step14,12,3,2,1,0.0496510591406399,0.0644257489789422,0.0249227814459584,0.0135910382278097,excellent,excellent,9738,,2.8609349721413,relative_scale,empirical_group_baseline,,yes,excellent,excellent,excellent,near,high_zt_false_negative,yes,yes,observed high ZT missed; manual review required; sintering check required later,https://doi.org/10.1016/j.jallcom.2015.03.213
10.1021_jacs.1c01801__sample_44410,2650,A,ZT>=1 false negative; observed ZT>=1; large ZT prediction error; manual review candidate; sintering check candidate,10.1021/jacs.1c01801,,44410,Cu0.8Ag0.2In0.5Ga0.5Te2,unknown,p,"estimated from Seebeck sign: positive=23, negative=0, zero=0, positive_ratio=1.000, negative_ratio=0.000",p,"estimated from Seebeck sign: positive=23, negative=0, zero=0, positive_ratio=1.000, negative_ratio=0.000",high,1.252468,0.3743151960609059,1.2604672441693587,1.3031360229280504,1.4743132853540044,false_negative,high_zt_false_negative,yes,yes,yes,yes,unknown,,unknown,,False,unknown,True,True,unknown,no,no,high_zt_error;manual_review;sintering_check,1,135,A,high observed ZT; high-ZT false negative; important candidate for paper; carried from Step14,23,14,7,5,1.4858984789780647,1.1109524618309328,1.0771258197561848,1.0509598651817649,poor,poor,37843,,0.1332536908960169,relative_scale,empirical_group_baseline,,yes,poor,poor,poor,under_predicted,high_zt_false_negative,yes,yes,large PF error; large ZT error vs observed ZT; large ZT error vs calculated ZT; observed high ZT missed; manual review required; sintering check required later,https://doi.org/10.1021/jacs.1c01801
10.1021_acsami.9b12256__sample_41041,2650,A,ZT>=1 false negative; observed ZT>=1; large ZT prediction error; manual review candidate; sintering check candidate,10.1021/acsami.9b12256,,41041,(Cu2Te)0.03(Cu3.52In4.16Te8),unknown,p,"estimated from Seebeck sign: positive=10, negative=0, zero=0, positive_ratio=1.000, negative_ratio=0.000",p,"estimated from Seebeck sign: positive=10, negative=0, zero=0, positive_ratio=1.000, negative_ratio=0.000",high,1.250922,0.4784125580607957,1.2358774564988302,0.6175520471613772,0.6128964441052992,false_negative,high_zt_false_negative,yes,yes,yes,yes,unknown,,unknown,,False,unknown,True,True,unknown,no,no,high_zt_error;manual_review;sintering_check,1,100,A,high observed ZT; high-ZT false negative; important candidate for paper; carried from Step14,10,3,1,1,2.223193583959189,1.2441131491601114,0.9490630354559648,0.9611627059841829,poor,poor,22290,,0.2776745836456566,relative_scale,empirical_group_baseline,,yes,poor,moderate,moderate,under_predicted,high_zt_false_negative,yes,yes,large PF error; observed high ZT missed; manual review required; sintering check required later,https://doi.org/10.1021/acsami.9b12256
10.1063_1.4869220__sample_16941,2650,A,ZT>=1 false negative; observed ZT>=1; large ZT prediction error; manual review candidate; sintering check candidate,10.1063/1.4869220,,16941,(SiC)0.08AgPb20SbTe20,unknown,n,"estimated from Seebeck sign: positive=0, negative=9, zero=0, positive_ratio=0.000, negative_ratio=1.000",n,"estimated from Seebeck sign: positive=0, negative=9, zero=0, positive_ratio=0.000, negative_ratio=1.000",high,1.248514,0.5906789440402526,1.2603594079983558,0.5866580460022529,0.6510127873679739,false_negative,high_zt_false_negative,yes,yes,yes,yes,unknown,,unknown,,False,unknown,True,True,unknown,no,no,high_zt_error;manual_review;sintering_check,1,90,A,high observed ZT; high-ZT false negative; important candidate for paper; carried from Step14,9,9,8,7,0.8351662440016994,0.7742335861825731,0.7038657077445131,0.6936351829488845,moderate,moderate,6895,,0.2210110214165695,relative_scale,empirical_group_baseline,,yes,moderate,moderate,moderate,under_predicted,high_zt_false_negative,yes,yes,observed high ZT missed; manual review required; sintering check required later,https://doi.org/10.1063/1.4869220
10.1063_1.4869220__sample_16940,2650,A,ZT>=1 false negative; observed ZT>=1; large ZT prediction error; manual review candidate; sintering check candidate,10.1063/1.4869220,,16940,AgPb20SbTe20,unknown,n,"estimated from Seebeck sign: positive=0, negative=9, zero=0, positive_ratio=0.000, negative_ratio=1.000",n,"estimated from Seebeck sign: positive=0, negative=9, zero=0, positive_ratio=0.000, negative_ratio=1.000",high,1.246136,0.4274428629320585,1.1086831756833726,0.6880685553459236,0.7155342973070163,false_negative,high_zt_false_negative,yes,yes,yes,yes,unknown,,unknown,,False,unknown,True,True,unknown,no,no,high_zt_error;manual_review;sintering_check,1,90,A,high observed ZT; high-ZT false negative; important candidate for paper; carried from Step14,9,9,7,7,1.0938027321269068,0.9249826260745768,0.8222402081816936,0.8613416628312539,poor,poor,6895,,0.1682886324840759,relative_scale,empirical_group_baseline,,yes,poor,moderate,moderate,under_predicted,high_zt_false_negative,yes,yes,large PF error; observed high ZT missed; manual review required; sintering check required later,https://doi.org/10.1063/1.4869220
10.1039_c2jm31919e__sample_8702,2650,A,ZT>=1 false negative; observed ZT>=1; large ZT prediction error; manual review candidate; sintering check candidate,10.1039/c2jm31919e,,8702,Mg2.16(Si0.4Sn0.6)0.99Sb0.01,unknown,n,"estimated from Seebeck sign: positive=0, negative=26, zero=0, positive_ratio=0.000, negative_ratio=1.000",n,"estimated from Seebeck sign: positive=0, negative=26, zero=0, positive_ratio=0.000, negative_ratio=1.000",high,1.239669,0.9180112118462704,0.9762876998675885,0.1398807559791208,0.1395230142371316,false_negative,high_zt_false_negative,yes,yes,yes,yes,unknown,,unknown,,False,unknown,True,True,unknown,no,no,high_zt_error;manual_review;sintering_check,1,100,A,high observed ZT; high-ZT false negative; important candidate for paper; carried from Step14,26,12,3,1,0.1779980216636099,0.2082853910023311,0.1771507180097567,0.1506842435081842,excellent,excellent,2744,,1.540689980806545,relative_scale,empirical_group_baseline,,yes,excellent,excellent,excellent,near,high_zt_false_negative,yes,yes,observed high ZT missed; manual review required; sintering check required later,https://doi.org/10.1039/c2jm31919e
10.1039_c6qi00162a__sample_15954,2650,A,ZT>=1 false negative; observed ZT>=1; large ZT prediction error; manual review candidate; sintering check candidate,10.1039/c6qi00162a,,15954,Cu0.75Ag0.2InTe2,unknown,p,"estimated from Seebeck sign: positive=12, negative=0, zero=0, positive_ratio=1.000, negative_ratio=0.000",p,"estimated from Seebeck sign: positive=12, negative=0, zero=0, positive_ratio=1.000, negative_ratio=0.000",high,1.2375,0.6191203593840372,0.9083506800961316,0.2650961932513625,0.2850413414941601,false_negative,high_zt_false_negative,yes,yes,yes,yes,unknown,,unknown,,False,unknown,True,True,unknown,no,no,high_zt_error;manual_review;sintering_check,1,90,A,high observed ZT; high-ZT false negative; important candidate for paper; carried from Step14,12,5,4,4,0.2830355276094476,0.3023236486028913,0.315424483816186,0.3005079765188319,good,good,8566,,0.2132385858252004,relative_scale,empirical_group_baseline,,yes,good,good,good,under_predicted,high_zt_false_negative,yes,yes,observed high ZT missed; manual review required; sintering check required later,https://doi.org/10.1039/c6qi00162a
10.1007_s11664-012-2370-5__sample_5485,2650,A,ZT>=1 false negative; observed ZT>=1; large ZT prediction error; manual review candidate; sintering check candidate,10.1007/s11664-012-2370-5,,5485,Yb2O3,unknown,n,"estimated from Seebeck sign: positive=0, negative=12, zero=0, positive_ratio=0.000, negative_ratio=1.000",n,"estimated from Seebeck sign: positive=0, negative=12, zero=0, positive_ratio=0.000, negative_ratio=1.000",high,1.235854,0.800869201963421,0.8804203406866917,0.0695424063369465,0.0803626623620668,false_negative,high_zt_false_negative,yes,yes,yes,yes,unknown,,unknown,,False,unknown,True,False,unknown,no,no,high_zt_error;manual_review;sintering_check,1,95,A,high observed ZT; high-ZT false negative; important candidate for paper; carried from Step14,12,3,2,1,0.0627241814247007,0.0692038583285649,0.0824407703941427,0.067230899373189,excellent,excellent,10754,,1.624333908101636,relative_scale,empirical_group_baseline,,yes,excellent,excellent,excellent,near,high_zt_false_negative,yes,yes,observed high ZT missed; manual review required; sintering check required later,https://doi.org/10.1007/s11664-012-2370-5
10.1039_c0jm00138d__sample_16919,2650,A,ZT>=1 false negative; observed ZT>=1; large ZT prediction error; manual review candidate; sintering check candidate,10.1039/c0jm00138d,,16919,(Ag2Te)52(Sb2Te3)48,unknown,p,"estimated from Seebeck sign: positive=6, negative=0, zero=0, positive_ratio=1.000, negative_ratio=0.000",p,"estimated from Seebeck sign: positive=6, negative=0, zero=0, positive_ratio=1.000, negative_ratio=0.000",high,1.235722,0.9370716086727154,1.2408342375154993,0.2019174545029879,0.2061091643591894,false_negative,high_zt_false_negative,yes,yes,yes,yes,unknown,,unknown,,False,unknown,True,True,unknown,no,no,high_zt_error;manual_review;sintering_check,1,90,A,high observed ZT; high-ZT false negative; important candidate for paper; carried from Step14,6,6,6,6,0.206109164359186,0.2158972223846232,0.2158972223846385,0.2121359349638851,good,good,2729,,0.4399217466020201,relative_scale,empirical_group_baseline,,yes,good,good,good,under_predicted,high_zt_false_negative,yes,yes,observed high ZT missed; manual review required; sintering check required later,https://doi.org/10.1039/c0jm00138d
10.1016_j.scriptamat.2016.05.016__sample_2708,2650,A,ZT>=1 false negative; observed ZT>=1; large ZT prediction error; manual review candidate; sintering check candidate,10.1016/j.scriptamat.2016.05.016,,2708,PbTeCd0.01,unknown,n,"estimated from Seebeck sign: positive=0, negative=11, zero=0, positive_ratio=0.000, negative_ratio=1.000",n,"estimated from Seebeck sign: positive=0, negative=11, zero=0, positive_ratio=0.000, negative_ratio=1.000",high,1.230295,0.4811764322821732,0.7274206320946808,0.2908185560033548,0.350555540555259,false_negative,high_zt_false_negative,yes,yes,yes,yes,unknown,,unknown,,False,unknown,True,True,unknown,no,no,high_zt_error;manual_review;sintering_check,1,100,A,high observed ZT; high-ZT false negative; important candidate for paper; carried from Step14,11,5,2,1,0.4580389420265301,0.4579497136155234,0.4322075774551582,0.3436438698217277,good,moderate,17096,,1.397668431781225,relative_scale,empirical_group_baseline,,yes,good,good,good,under_predicted,high_zt_false_negative,yes,yes,observed high ZT missed; manual review required; sintering check required later,https://doi.org/10.1016/j.scriptamat.2016.05.016
10.1016_j.jallcom.2021.162221__sample_44494,2650,A,ZT>=1 false negative; observed ZT>=1; large ZT prediction error; manual review candidate; sintering check candidate,10.1016/j.jallcom.2021.162221,,44494,Sn0.94Mg0.03Zn0.03Te,unknown,p,"estimated from Seebeck sign: positive=13, negative=0, zero=0, positive_ratio=1.000, negative_ratio=0.000",p,"estimated from Seebeck sign: positive=13, negative=0, zero=0, positive_ratio=1.000, negative_ratio=0.000",high,1.229901,0.1527465846473979,0.2046962010266905,,0.2537888642716863,false_negative,high_zt_false_negative,yes,yes,yes,yes,unknown,,unknown,,False,unknown,True,True,unknown,no,no,high_zt_error;manual_review;sintering_check,1,100,A,high observed ZT; high-ZT false negative; important candidate for paper; carried from Step14,13,2,1,0,0.256909100122665,0.2969754029846799,0.292746695057551,,not_evaluated,good,37136,,5.2605384607435495,relative_scale,empirical_group_baseline,,yes,good,not_available,good,under_predicted,high_zt_false_negative,yes,yes,observed high ZT missed; insufficient ZT evaluation rows; manual review required; sintering check required later,https://doi.org/10.1016/j.jallcom.2021.162221
10.1016_j.intermet.2011.07.020__sample_16534,2650,A,ZT>=1 false negative; observed ZT>=1; large ZT prediction error; manual review candidate; sintering check candidate,10.1016/j.intermet.2011.07.020,,16534,Zn3.91Cd0.04Sb3,unknown,p,"estimated from Seebeck sign: positive=19, negative=0, zero=0, positive_ratio=1.000, negative_ratio=0.000",p,"estimated from Seebeck sign: positive=19, negative=0, zero=0, positive_ratio=1.000, negative_ratio=0.000",high,1.228446,0.8130247067701405,0.8373851371180738,0.1863258064879454,0.1488977584001088,false_negative,high_zt_false_negative,yes,yes,yes,yes,unknown,,unknown,,False,unknown,True,True,unknown,no,no,high_zt_error;manual_review;sintering_check,1,90,A,high observed ZT; high-ZT false negative; important candidate for paper; carried from Step14,19,7,5,4,0.1427345113741655,0.1629765240933735,0.175600449079408,0.2016742065948702,good,excellent,1253,,0.8998163320753158,relative_scale,empirical_group_baseline,,yes,excellent,excellent,excellent,near,high_zt_false_negative,yes,yes,observed high ZT missed; manual review required; sintering check required later,https://doi.org/10.1016/j.intermet.2011.07.020
10.1039_c3tc31215a__sample_8252,2650,A,ZT>=1 false negative; observed ZT>=1; large ZT prediction error; manual review candidate; sintering check candidate,10.1039/c3tc31215a,,8252,Sb3Te9,unknown,p,"estimated from Seebeck sign: positive=5, negative=0, zero=0, positive_ratio=1.000, negative_ratio=0.000",p,"estimated from Seebeck sign: positive=5, negative=0, zero=0, positive_ratio=1.000, negative_ratio=0.000",high,1.227835,0.7006883208443023,0.8282264005313448,0.2989915027923125,0.1454653112883598,false_negative,high_zt_false_negative,yes,yes,yes,yes,unknown,,unknown,,False,unknown,True,True,unknown,no,no,high_zt_error;manual_review;sintering_check,1,90,A,high observed ZT; high-ZT false negative; important candidate for paper; carried from Step14,5,5,5,5,0.1454653112883623,0.1621467520129404,0.1621467520129438,0.4059739448535417,moderate,excellent,11505,,2.4103935662121048,relative_scale,empirical_group_baseline,,yes,excellent,good,excellent,under_predicted,high_zt_false_negative,yes,yes,observed high ZT missed; manual review required; sintering check required later,https://doi.org/10.1039/c3tc31215a
10.1063_1.4936829__sample_4933,2650,A,ZT>=1 false negative; observed ZT>=1; large ZT prediction error; manual review candidate; sintering check candidate,10.1063/1.4936829,,4933,Yb0.21Co4Sb12,unknown,n,"estimated from Seebeck sign: positive=0, negative=11, zero=0, positive_ratio=0.000, negative_ratio=1.000",n,"estimated from Seebeck sign: positive=0, negative=11, zero=0, positive_ratio=0.000, negative_ratio=1.000",high,1.224132,0.5764109843517875,0.6068690632428939,0.0461365760279853,0.0274554466935975,false_negative,high_zt_false_negative,yes,yes,yes,yes,unknown,,unknown,,False,unknown,True,True,unknown,no,no,high_zt_error;manual_review;sintering_check,1,100,A,high observed ZT; high-ZT false negative; important candidate for paper; carried from Step14,11,3,2,2,0.0677763073874108,0.0852923469019774,0.0365639384777016,0.0473235139772798,excellent,excellent,6207,,2.6118316753559614,relative_scale,empirical_group_baseline,,yes,excellent,excellent,excellent,near,high_zt_false_negative,yes,yes,observed high ZT missed; manual review required; sintering check required later,https://doi.org/10.1063/1.4936829
10.1016_j.nanoen.2017.11.019__sample_41294,2650,A,ZT>=1 false negative; observed ZT>=1; large ZT prediction error; manual review candidate; sintering check candidate,10.1016/j.nanoen.2017.11.019,,41294,YbZn1.90In0.10Sb2,unknown,p,"estimated from Seebeck sign: positive=16, negative=0, zero=0, positive_ratio=1.000, negative_ratio=0.000",p,"estimated from Seebeck sign: positive=16, negative=0, zero=0, positive_ratio=1.000, negative_ratio=0.000",high,1.223556,0.0618591247931767,0.0618913421179116,0.833534991306814,0.028716813451127,false_negative,high_zt_false_negative,yes,yes,yes,yes,unknown,,unknown,,False,unknown,True,True,unknown,no,no,high_zt_error;manual_review;sintering_check,1,100,A,high observed ZT; high-ZT false negative; important candidate for paper; carried from Step14,16,15,2,2,0.06005552153777,0.0740448227654228,0.0414358495190246,1.793181330341074,poor,excellent,31657,,1.5090731681768603,relative_scale,empirical_group_baseline,,yes,excellent,moderate,excellent,under_predicted,high_zt_false_negative,yes,yes,observed high ZT missed; manual review required; sintering check required later,https://doi.org/10.1016/j.nanoen.2017.11.019
10.1039_d0tc02959a__sample_36438,2650,A,ZT>=1 false negative; observed ZT>=1; large ZT prediction error; manual review candidate; sintering check candidate,10.1039/d0tc02959a,,36438,SnSe0.95(NbCl5)0.005,unknown,n,"estimated from Seebeck sign: positive=0, negative=17, zero=0, positive_ratio=0.000, negative_ratio=1.000",n,"estimated from Seebeck sign: positive=0, negative=17, zero=0, positive_ratio=0.000, negative_ratio=1.000",high,1.223425,0.479393236545275,1.1812656451769823,0.6053953183959662,0.8901118932583602,false_negative,high_zt_false_negative,yes,yes,yes,yes,unknown,,unknown,,False,unknown,True,True,unknown,no,no,high_zt_error;manual_review;sintering_check,1,90,A,high observed ZT; high-ZT false negative; important candidate for paper; carried from Step14,17,11,6,5,0.9644058047715676,0.971981331683317,1.0132586064435984,0.989375541012347,poor,poor,29207,,0.0223293600952791,relative_scale,empirical_group_baseline,,yes,moderate,moderate,moderate,under_predicted,high_zt_false_negative,yes,yes,observed high ZT missed; manual review required; sintering check required later,https://doi.org/10.1039/d0tc02959a
10.1021_cm803437x__sample_27013,2650,A,ZT>=1 false negative; observed ZT>=1; large ZT prediction error; manual review candidate; sintering check candidate,10.1021/cm803437x,,27013,Ag0.03Pb0.99La0.01Te,unknown,n,"estimated from Seebeck sign: positive=0, negative=10, zero=0, positive_ratio=0.000, negative_ratio=1.000",n,"estimated from Seebeck sign: positive=0, negative=10, zero=0, positive_ratio=0.000, negative_ratio=1.000",high,1.221437,0.6776475126531799,0.6796652226864781,0.1052832663155755,0.0029686821775622,false_negative,high_zt_false_negative,yes,yes,yes,yes,unknown,,unknown,,False,unknown,True,True,unknown,no,no,high_zt_error;manual_review;sintering_check,1,100,A,high observed ZT; high-ZT false negative; important candidate for paper; carried from Step14,10,3,1,1,0.1340202087139713,0.2671297164666124,0.0029730974550334,0.1001016517246256,excellent,excellent,585,,2.2004654190929607,relative_scale,empirical_group_baseline,,yes,excellent,excellent,excellent,near,high_zt_false_negative,yes,yes,observed high ZT missed; manual review required; sintering check required later,https://doi.org/10.1021/cm803437x
10.1557_jmr.2014.90__sample_13747,2650,A,ZT>=1 false negative; observed ZT>=1; large ZT prediction error; manual review candidate; sintering check candidate,10.1557/jmr.2014.90,,13747,Cu1.96Se,unknown,p,"estimated from Seebeck sign: positive=10, negative=0, zero=0, positive_ratio=1.000, negative_ratio=0.000",p,"estimated from Seebeck sign: positive=10, negative=0, zero=0, positive_ratio=1.000, negative_ratio=0.000",high,1.220125,0.7404383163011703,0.5645217669579924,0.3505743876918271,0.1885676353433039,false_negative,high_zt_false_negative,yes,yes,yes,yes,unknown,,unknown,,False,unknown,True,True,unknown,no,no,high_zt_error;manual_review;sintering_check,1,90,A,high observed ZT; high-ZT false negative; important candidate for paper; carried from Step14,10,10,10,10,0.1885676353433101,0.2065771431156248,0.2065771431156282,0.4388232236122583,moderate,good,2908,,1.7833506193263575,relative_scale,empirical_group_baseline,,yes,excellent,good,excellent,under_predicted,high_zt_false_negative,yes,yes,observed high ZT missed; manual review required; sintering check required later,https://doi.org/10.1557/jmr.2014.90
10.1021_acs.chemmater.6b02308__sample_9542,2650,A,ZT>=1 false negative; observed ZT>=1; large ZT prediction error; manual review candidate; sintering check candidate,10.1021/acs.chemmater.6b02308,,9542,Mg2.16(Si0.26Ge0.04Sn0.7)0.98Sb0.02,unknown,n,"estimated from Seebeck sign: positive=0, negative=20, zero=0, positive_ratio=0.000, negative_ratio=1.000",n,"estimated from Seebeck sign: positive=0, negative=20, zero=0, positive_ratio=0.000, negative_ratio=1.000",high,1.218319,0.8046979175496463,0.8554644881807899,,0.0700112317413139,false_negative,high_zt_false_negative,yes,yes,yes,yes,unknown,,unknown,,False,unknown,True,True,unknown,no,no,high_zt_error;manual_review;sintering_check,1,100,A,high observed ZT; high-ZT false negative; important candidate for paper; carried from Step14,21,4,2,0,0.0726623929827623,0.094998810450413,0.0735485919602726,,not_evaluated,excellent,7401,,2.071918381343909,relative_scale,empirical_group_baseline,,yes,excellent,not_available,excellent,under_predicted,high_zt_false_negative,yes,yes,observed high ZT missed; insufficient ZT evaluation rows; manual review required; sintering check required later,https://doi.org/10.1021/acs.chemmater.6b02308
10.1039_c5ee03366g__sample_9280,2650,A,ZT>=1 false negative; observed ZT>=1; large ZT prediction error; manual review candidate; sintering check candidate,10.1039/c5ee03366g,,9280,Sn0.97Ag0.03Se,unknown,p,"estimated from Seebeck sign: positive=21, negative=0, zero=0, positive_ratio=1.000, negative_ratio=0.000",p,"estimated from Seebeck sign: positive=21, negative=0, zero=0, positive_ratio=1.000, negative_ratio=0.000",high,1.218291,0.954977625552934,1.003580415178334,0.2915090726099334,0.3020020998474975,false_negative,high_zt_false_negative,yes,yes,yes,yes,unknown,,unknown,,False,unknown,True,True,unknown,no,no,high_zt_error;manual_review;sintering_check,1,100,A,high observed ZT; high-ZT false negative; important candidate for paper; carried from Step14,21,21,2,2,0.3916598333275796,0.4440993277114516,0.5745182068322632,0.5595506417186326,moderate,moderate,7981,,0.2077631043773947,relative_scale,empirical_group_baseline,,yes,good,good,good,under_predicted,high_zt_false_negative,yes,yes,observed high ZT missed; manual review required; sintering check required later,https://doi.org/10.1039/c5ee03366g
10.1007_s11664-010-1454-3__sample_5747,2650,A,ZT>=1 false negative; observed ZT>=1; large ZT prediction error; manual review candidate; sintering check candidate,10.1007/s11664-010-1454-3,,5747,Ba0.09Yb0.07In0.06Co4Sb12,unknown,n,"estimated from Seebeck sign: positive=0, negative=11, zero=0, positive_ratio=0.000, negative_ratio=1.000",n,"estimated from Seebeck sign: positive=0, negative=11, zero=0, positive_ratio=0.000, negative_ratio=1.000",high,1.218188,0.8835671330468322,0.918496183262157,0.0145314007052128,0.0254797418114315,false_negative,high_zt_false_negative,yes,yes,yes,yes,unknown,,unknown,,False,unknown,True,True,unknown,no,no,high_zt_error;manual_review;sintering_check,1,90,A,high observed ZT; high-ZT false negative; important candidate for paper; carried from Step14,11,6,3,3,0.0412488698968553,0.0483463568407354,0.0274217331314316,0.0187517376660367,excellent,excellent,11109,,2.3850957057494058,relative_scale,empirical_group_baseline,,yes,excellent,excellent,excellent,near,high_zt_false_negative,yes,yes,observed high ZT missed; manual review required; sintering check required later,https://doi.org/10.1007/s11664-010-1454-3
10.1002_adfm.201402211__sample_7643,2650,A,ZT>=1 false negative; observed ZT>=1; large ZT prediction error; manual review candidate; sintering check candidate,10.1002/adfm.201402211,,7643,BiAgSeS0.985Cl 0.015,unknown,n,"estimated from Seebeck sign: positive=0, negative=12, zero=0, positive_ratio=0.000, negative_ratio=1.000",n,"estimated from Seebeck sign: positive=0, negative=12, zero=0, positive_ratio=0.000, negative_ratio=1.000",high,1.217969,0.6119276364558642,1.2341276042743918,0.3174486785664825,0.6605617014598559,false_negative,high_zt_false_negative,yes,yes,yes,yes,unknown,,unknown,,False,unknown,True,True,unknown,no,no,high_zt_error;manual_review;sintering_check,1,100,A,high observed ZT; high-ZT false negative; important candidate for paper; carried from Step14,12,7,4,2,0.960241506818256,0.7821060039727646,0.7040931638035448,0.6211474130810919,moderate,moderate,5977,,0.0889585386013411,relative_scale,empirical_group_baseline,,yes,moderate,good,moderate,under_predicted,high_zt_false_negative,yes,yes,observed high ZT missed; manual review required; sintering check required later,https://doi.org/10.1002/adfm.201402211
10.1016_j.actamat.2011.01.064__sample_3135,2650,A,ZT>=1 false negative; observed ZT>=1; large ZT prediction error; manual review candidate; sintering check candidate,10.1016/j.actamat.2011.01.064,,3135,Ba0.3In0.2Co3.95Ni0.05Sb12,unknown,n,"estimated from Seebeck sign: positive=0, negative=21, zero=0, positive_ratio=0.000, negative_ratio=1.000",n,"estimated from Seebeck sign: positive=0, negative=21, zero=0, positive_ratio=0.000, negative_ratio=1.000",high,1.216632,0.7558280785658009,0.795044208383306,0.0374802760605145,0.0659945504581706,false_negative,high_zt_false_negative,yes,yes,yes,yes,unknown,,unknown,,False,unknown,True,True,unknown,no,no,high_zt_error;manual_review;sintering_check,1,100,A,high observed ZT; high-ZT false negative; important candidate for paper; carried from Step14,21,9,4,2,0.0513337520216895,0.063909645407649,0.0783446324247568,0.0377969150789678,excellent,excellent,42,,3.1154072494255143,relative_scale,empirical_group_baseline,,yes,excellent,excellent,excellent,near,high_zt_false_negative,yes,yes,observed high ZT missed; manual review required; sintering check required later,https://doi.org/10.1016/j.actamat.2011.01.064
10.1021_jacs.1c01801__sample_44406,2650,A,ZT>=1 false negative; observed ZT>=1; large ZT prediction error; manual review candidate; sintering check candidate,10.1021/jacs.1c01801,,44406,Cu0.8Ag0.2In0.9Ga0.1Te2,unknown,p,"estimated from Seebeck sign: positive=23, negative=0, zero=0, positive_ratio=1.000, negative_ratio=0.000",p,"estimated from Seebeck sign: positive=23, negative=0, zero=0, positive_ratio=1.000, negative_ratio=0.000",high,1.214386,0.3035554952982547,1.187820695515326,2.0399756251605345,2.206285266459337,false_negative,high_zt_false_negative,yes,yes,yes,yes,unknown,,unknown,,False,unknown,True,True,unknown,no,no,high_zt_error;manual_review;sintering_check,1,135,A,high observed ZT; high-ZT false negative; important candidate for paper; carried from Step14,23,22,9,6,1.6641910336064696,1.2283542811289514,1.435858653377724,1.3698859473011498,poor,poor,37843,,0.0774587016795874,relative_scale,empirical_group_baseline,,yes,poor,poor,poor,under_predicted,high_zt_false_negative,yes,yes,large PF error; large ZT error vs observed ZT; large ZT error vs calculated ZT; observed high ZT missed; manual review required; sintering check required later,https://doi.org/10.1021/jacs.1c01801
10.1021_jacs.6b07010__sample_2887,2650,A,ZT>=1 false negative; observed ZT>=1; large ZT prediction error; manual review candidate; sintering check candidate,10.1021/jacs.6b07010,,2887,SnSe,unknown,p,"estimated from Seebeck sign: positive=13, negative=0, zero=0, positive_ratio=1.000, negative_ratio=0.000",p,"estimated from Seebeck sign: positive=13, negative=0, zero=0, positive_ratio=1.000, negative_ratio=0.000",high,1.213513,0.6964442385174736,0.8263283683628586,0.8176258947863175,0.6559330288884687,false_negative,high_zt_false_negative,yes,yes,yes,yes,unknown,,unknown,,False,unknown,True,True,unknown,no,no,high_zt_error;manual_review;sintering_check,1,100,A,high observed ZT; high-ZT false negative; important candidate for paper; carried from Step14,13,6,3,2,0.665479037127244,0.6153195442161397,0.5585841564804822,0.6573545361515282,moderate,moderate,18599,,0.0327403925354813,relative_scale,empirical_group_baseline,,yes,moderate,moderate,moderate,under_predicted,high_zt_false_negative,yes,yes,observed high ZT missed; manual review required; sintering check required later,https://doi.org/10.1021/jacs.6b07010
10.1039_c4ee01463d__sample_407,2650,A,ZT>=1 false negative; observed ZT>=1; large ZT prediction error; manual review candidate; sintering check candidate,10.1039/c4ee01463d,,407,Sn0.98Bi0.02Hg0.03Te1.03,unknown,p,"estimated from Seebeck sign: positive=14, negative=0, zero=0, positive_ratio=1.000, negative_ratio=0.000",p,"estimated from Seebeck sign: positive=14, negative=0, zero=0, positive_ratio=1.000, negative_ratio=0.000",high,1.210341,0.1189285786531679,0.1541288796292329,0.1996903252879619,0.2283822542585244,false_negative,high_zt_false_negative,yes,yes,yes,yes,unknown,,unknown,,False,unknown,True,True,unknown,no,no,high_zt_error;manual_review;sintering_check,1,100,A,high observed ZT; high-ZT false negative; important candidate for paper; carried from Step14,14,13,1,1,0.20596697803191,0.2293264837172075,0.2592659995868838,0.2227565328254797,good,good,7975,,3.7659993458398144,relative_scale,empirical_group_baseline,,yes,good,excellent,good,near,high_zt_false_negative,yes,yes,observed high ZT missed; manual review required; sintering check required later,https://doi.org/10.1039/c4ee01463d
10.1021_jacs.1c01801__sample_44407,2650,A,ZT>=1 false negative; observed ZT>=1; large ZT prediction error; manual review candidate; sintering check candidate,10.1021/jacs.1c01801,,44407,Cu0.8Ag0.2In0.8Ga0.2Te2,unknown,p,"estimated from Seebeck sign: positive=23, negative=0, zero=0, positive_ratio=1.000, negative_ratio=0.000",p,"estimated from Seebeck sign: positive=23, negative=0, zero=0, positive_ratio=1.000, negative_ratio=0.000",high,1.208039,0.320479752497125,1.269387782306198,1.902380483690669,1.5746846213008885,false_negative,high_zt_false_negative,yes,yes,yes,yes,unknown,,unknown,,False,unknown,True,True,unknown,no,no,high_zt_error;manual_review;sintering_check,1,135,A,high observed ZT; high-ZT false negative; important candidate for paper; carried from Step14,23,21,18,12,1.440928348204045,1.1614446754256147,1.1857700101373216,1.120220359346545,poor,poor,37843,,0.0873850350552221,relative_scale,empirical_group_baseline,,yes,poor,poor,poor,under_predicted,high_zt_false_negative,yes,yes,large PF error; large ZT error vs observed ZT; large ZT error vs calculated ZT; observed high ZT missed; manual review required; sintering check required later,https://doi.org/10.1021/jacs.1c01801
10.1002_adfm.201502782__sample_26767,2650,A,ZT>=1 false negative; observed ZT>=1; large ZT prediction error; manual review candidate; sintering check candidate,10.1002/adfm.201502782,,26767,Ce0.25Co3.95Cr0.05Sb12,unknown,n,"estimated from Seebeck sign: positive=0, negative=12, zero=0, positive_ratio=0.000, negative_ratio=1.000",n,"estimated from Seebeck sign: positive=0, negative=12, zero=0, positive_ratio=0.000, negative_ratio=1.000",high,1.207511,0.3941056450569442,0.3898508000759873,,0.0109140342411188,false_negative,high_zt_false_negative,yes,yes,yes,yes,unknown,,unknown,,False,unknown,True,True,unknown,no,no,high_zt_error;manual_review;sintering_check,1,100,A,high observed ZT; high-ZT false negative; important candidate for paper; carried from Step14,12,4,1,0,0.0469343760223752,0.0586767506591648,0.0108549059988282,,not_evaluated,excellent,146,,1.845604838969592,relative_scale,empirical_group_baseline,,yes,excellent,not_available,excellent,under_predicted,high_zt_false_negative,yes,yes,observed high ZT missed; insufficient ZT evaluation rows; manual review required; sintering check required later,https://doi.org/10.1002/adfm.201502782
10.1021_acs.chemmater.6b02308__sample_9541,2650,A,ZT>=1 false negative; observed ZT>=1; large ZT prediction error; manual review candidate; sintering check candidate,10.1021/acs.chemmater.6b02308,,9541,Mg2.16(Si0.27Ge0.03Sn0.7)0.98Sb0.02,unknown,n,"estimated from Seebeck sign: positive=0, negative=21, zero=0, positive_ratio=0.000, negative_ratio=1.000",n,"estimated from Seebeck sign: positive=0, negative=21, zero=0, positive_ratio=0.000, negative_ratio=1.000",high,1.206697,0.8350695901623945,0.8845512079976819,0.0925904501502104,0.0851164327704296,false_negative,high_zt_false_negative,yes,yes,yes,yes,unknown,,unknown,,False,unknown,True,True,unknown,no,no,high_zt_error;manual_review;sintering_check,1,100,A,high observed ZT; high-ZT false negative; important candidate for paper; carried from Step14,22,6,2,1,0.1151148924167732,0.123270762723239,0.0949848435196354,0.0971613873974833,excellent,excellent,7401,,2.1107598610629443,relative_scale,empirical_group_baseline,,yes,excellent,excellent,excellent,near,high_zt_false_negative,yes,yes,observed high ZT missed; manual review required; sintering check required later,https://doi.org/10.1021/acs.chemmater.6b02308
10.1016_j.cej.2019.123917__sample_29429,2650,A,ZT>=1 false negative; observed ZT>=1; large ZT prediction error; manual review candidate; sintering check candidate,10.1016/j.cej.2019.123917,,29429,AgCuTe,unknown,p,"estimated from Seebeck sign: positive=9, negative=0, zero=0, positive_ratio=1.000, negative_ratio=0.000",p,"estimated from Seebeck sign: positive=9, negative=0, zero=0, positive_ratio=1.000, negative_ratio=0.000",high,1.206015,0.0133637931396781,0.0216802141492191,0.5960490195731187,0.3835949660045428,false_negative,high_zt_false_negative,yes,yes,yes,yes,unknown,,unknown,,False,unknown,True,True,unknown,no,no,high_zt_error;manual_review;sintering_check,1,100,A,high observed ZT; high-ZT false negative; important candidate for paper; carried from Step14,9,8,1,1,0.3079082265615775,0.3534717125917242,0.4838510088020729,0.9064617439597704,poor,moderate,23628,,0.8774461263641393,relative_scale,empirical_group_baseline,,yes,good,moderate,good,under_predicted,high_zt_false_negative,yes,yes,observed high ZT missed; manual review required; sintering check required later,https://doi.org/10.1016/j.cej.2019.123917
10.1021_jacs.0c05650__sample_38439,2650,A,ZT>=1 false negative; observed ZT>=1; large ZT prediction error; manual review candidate; sintering check candidate,10.1021/jacs.0c05650,,38439,NaSn5SbTe7,unknown,p,"estimated from Seebeck sign: positive=12, negative=0, zero=0, positive_ratio=1.000, negative_ratio=0.000",p,"estimated from Seebeck sign: positive=12, negative=0, zero=0, positive_ratio=1.000, negative_ratio=0.000",high,1.203191,0.8866406481896065,1.1883379489663306,0.1621614489127389,0.1746978669525357,false_negative,high_zt_false_negative,yes,yes,yes,yes,unknown,,unknown,,False,unknown,True,True,unknown,no,no,high_zt_error;manual_review;sintering_check,1,100,A,high observed ZT; high-ZT false negative; important candidate for paper; carried from Step14,12,7,3,2,0.1386277029662238,0.1676408191874803,0.2073429892949473,0.2204495680054457,good,good,29626,,2.096454500574821,relative_scale,empirical_group_baseline,,yes,excellent,excellent,excellent,near,high_zt_false_negative,yes,yes,observed high ZT missed; manual review required; sintering check required later,https://doi.org/10.1021/jacs.0c05650
10.1039_d0ee02323j__sample_37110,2650,A,ZT>=1 false negative; observed ZT>=1; large ZT prediction error; manual review candidate; sintering check candidate,10.1039/d0ee02323j,,37110,Cu0.81Ag0.2In0.99Te2,unknown,p,"estimated from Seebeck sign: positive=21, negative=0, zero=0, positive_ratio=1.000, negative_ratio=0.000",p,"estimated from Seebeck sign: positive=21, negative=0, zero=0, positive_ratio=1.000, negative_ratio=0.000",high,1.201483,0.2219429779397898,0.922278977835782,1.627642406820062,1.1736802448128176,false_negative,high_zt_false_negative,yes,yes,yes,yes,unknown,,unknown,,False,unknown,True,True,unknown,no,no,high_zt_error;manual_review;sintering_check,1,135,A,high observed ZT; high-ZT false negative; important candidate for paper; carried from Step14,19,13,5,4,0.8762443077665265,1.0889655904809732,1.0135720575621925,1.211645788921203,poor,poor,29287,,0.0689153408579838,relative_scale,empirical_group_baseline,,yes,moderate,poor,poor,under_predicted,high_zt_false_negative,yes,yes,large ZT error vs observed ZT; large ZT error vs calculated ZT; observed high ZT missed; manual review required; sintering check required later,https://doi.org/10.1039/d0ee02323j
10.1016_j.physb.2019.411797__sample_35159,2650,A,ZT>=1 false negative; observed ZT>=1; large ZT prediction error; manual review candidate; sintering check candidate,10.1016/j.physb.2019.411797,,35159,Pb1.15Se,unknown,n,"estimated from Seebeck sign: positive=0, negative=14, zero=0, positive_ratio=0.000, negative_ratio=1.000",n,"estimated from Seebeck sign: positive=0, negative=14, zero=0, positive_ratio=0.000, negative_ratio=1.000",high,1.193416,0.9674723256073108,0.4941174399521246,0.5237254558460114,0.5803462706187622,false_negative,high_zt_false_negative,yes,yes,yes,yes,unknown,,unknown,,False,unknown,True,True,unknown,no,no,high_zt_error;manual_review;sintering_check,1,90,A,high observed ZT; high-ZT false negative; important candidate for paper; carried from Step14,14,14,14,13,0.5803462706187938,0.6127796612785498,0.6127796612785382,1.0856064384933857,poor,moderate,23876,,0.3737300480376146,relative_scale,empirical_group_baseline,,yes,moderate,moderate,moderate,under_predicted,high_zt_false_negative,yes,yes,observed high ZT missed; manual review required; sintering check required later,https://doi.org/10.1016/j.physb.2019.411797
10.1016_j.jallcom.2010.10.131__sample_20835,2650,A,ZT>=1 false negative; observed ZT>=1; large ZT prediction error; manual review candidate; sintering check candidate,10.1016/j.jallcom.2010.10.131,,20835,Na0.01Ag0.99SbTe2,unknown,p,"estimated from Seebeck sign: positive=8, negative=0, zero=0, positive_ratio=1.000, negative_ratio=0.000",p,"estimated from Seebeck sign: positive=8, negative=0, zero=0, positive_ratio=1.000, negative_ratio=0.000",high,1.192728,0.92335546659787,1.0791569632009368,0.178687663356113,0.144373341335756,false_negative,high_zt_false_negative,yes,yes,yes,yes,unknown,,unknown,,False,unknown,True,True,unknown,no,no,high_zt_error;manual_review;sintering_check,1,100,A,high observed ZT; high-ZT false negative; important candidate for paper; carried from Step14,8,2,1,1,0.1757601925778475,0.197724477385893,0.1559211444001848,0.1968518074747165,excellent,excellent,1676,,0.3533099632463508,relative_scale,empirical_group_baseline,,yes,excellent,excellent,excellent,near,high_zt_false_negative,yes,yes,observed high ZT missed; manual review required; sintering check required later,https://doi.org/10.1016/j.jallcom.2010.10.131
10.1063_1.4936829__sample_4935,2650,A,ZT>=1 false negative; observed ZT>=1; large ZT prediction error; manual review candidate; sintering check candidate,10.1063/1.4936829,,4935,Yb0.26Co4Sb12,unknown,n,"estimated from Seebeck sign: positive=0, negative=11, zero=0, positive_ratio=0.000, negative_ratio=1.000",n,"estimated from Seebeck sign: positive=0, negative=11, zero=0, positive_ratio=0.000, negative_ratio=1.000",high,1.190822,0.8344383715902108,0.8818979144909788,0.0579823668931128,0.0538152343042573,false_negative,high_zt_false_negative,yes,yes,yes,yes,unknown,,unknown,,False,unknown,True,True,unknown,no,no,high_zt_error;manual_review;sintering_check,1,100,A,high observed ZT; high-ZT false negative; important candidate for paper; carried from Step14,11,4,1,1,0.0417528745187143,0.0502240646274483,0.0553174164264957,0.0597312857838483,excellent,excellent,6207,,3.3434512445147027,relative_scale,empirical_group_baseline,,yes,excellent,excellent,excellent,near,high_zt_false_negative,yes,yes,observed high ZT missed; manual review required; sintering check required later,https://doi.org/10.1063/1.4936829
10.1002_adfm.201502782__sample_26766,2650,A,ZT>=1 false negative; observed ZT>=1; large ZT prediction error; manual review candidate; sintering check candidate,10.1002/adfm.201502782,,26766,Ce0.25Co3.975Cr0.025Sb12,unknown,n,"estimated from Seebeck sign: positive=0, negative=12, zero=0, positive_ratio=0.000, negative_ratio=1.000",n,"estimated from Seebeck sign: positive=0, negative=12, zero=0, positive_ratio=0.000, negative_ratio=1.000",high,1.189896,0.7042077156842516,0.715666454475293,,0.0160112839149945,false_negative,high_zt_false_negative,yes,yes,yes,yes,unknown,,unknown,,False,unknown,True,True,unknown,no,no,high_zt_error;manual_review;sintering_check,1,100,A,high observed ZT; high-ZT false negative; important candidate for paper; carried from Step14,12,1,1,0,0.0160112839149707,0.016140849388897,0.0161408493889218,,not_evaluated,excellent,146,,1.8787054270679684,relative_scale,empirical_group_baseline,,yes,excellent,not_available,excellent,under_predicted,high_zt_false_negative,yes,yes,observed high ZT missed; insufficient ZT evaluation rows; manual review required; sintering check required later,https://doi.org/10.1002/adfm.201502782
10.1002_advs.201600035__sample_31641,2650,A,ZT>=1 false negative; observed ZT>=1; large ZT prediction error; manual review candidate; sintering check candidate,10.1002/advs.201600035,,31641,Fe1.03Nb0.75Ti0.25Sb,unknown,p,"estimated from Seebeck sign: positive=10, negative=0, zero=0, positive_ratio=1.000, negative_ratio=0.000",p,"estimated from Seebeck sign: positive=10, negative=0, zero=0, positive_ratio=1.000, negative_ratio=0.000",high,1.188465,0.1354523089104669,0.2250152977745028,0.3767014613767785,0.3980306661362671,false_negative,high_zt_false_negative,yes,yes,yes,yes,unknown,,unknown,,False,unknown,True,True,unknown,no,no,high_zt_error;manual_review;sintering_check,1,100,A,high observed ZT; high-ZT false negative; important candidate for paper; carried from Step14,10,4,1,1,0.3407067449247803,0.4253625659052122,0.5075487753965164,0.4727296797501843,moderate,moderate,27925,,4.80064973405687,relative_scale,empirical_group_baseline,,yes,good,good,good,under_predicted,high_zt_false_negative,yes,yes,observed high ZT missed; manual review required; sintering check required later,https://doi.org/10.1002/advs.201600035
10.1021_acsami.0c00873__sample_34365,2650,A,ZT>=1 false negative; observed ZT>=1; large ZT prediction error; manual review candidate; sintering check candidate,10.1021/acsami.0c00873,,34365,SnSeC0.05,unknown,p,"estimated from Seebeck sign: positive=11, negative=0, zero=0, positive_ratio=1.000, negative_ratio=0.000",p,"estimated from Seebeck sign: positive=11, negative=0, zero=0, positive_ratio=1.000, negative_ratio=0.000",high,1.188304,0.204963035695709,1.2115060557509842,0.7573699178450466,0.7650740381984216,false_negative,high_zt_false_negative,yes,yes,yes,yes,unknown,,unknown,,False,unknown,True,True,unknown,no,no,high_zt_error;manual_review;sintering_check,1,100,A,high observed ZT; high-ZT false negative; important candidate for paper; carried from Step14,11,10,3,2,1.1397198357793594,1.199860906587406,1.7348666051753694,1.789490870591354,poor,poor,28078,,0.0130531390254565,relative_scale,empirical_group_baseline,,yes,poor,moderate,moderate,under_predicted,high_zt_false_negative,yes,yes,large PF error; observed high ZT missed; manual review required; sintering check required later,https://doi.org/10.1021/acsami.0c00873
10.1063_1.3427427__sample_42740,2650,A,ZT>=1 false negative; observed ZT>=1; large ZT prediction error; manual review candidate; sintering check candidate,10.1063/1.3427427,,42740,Bi0.4Sb1.6Te3,unknown,p,"estimated from Seebeck sign: positive=7, negative=0, zero=0, positive_ratio=1.000, negative_ratio=0.000",p,"estimated from Seebeck sign: positive=7, negative=0, zero=0, positive_ratio=1.000, negative_ratio=0.000",high,1.18789,0.9467326945433272,0.8160536763636447,0.1530436885105632,0.1601353219337131,false_negative,high_zt_false_negative,yes,yes,yes,yes,unknown,,unknown,,False,unknown,True,True,unknown,no,no,high_zt_error;manual_review;sintering_check,1,100,A,high observed ZT; high-ZT false negative; important candidate for paper; carried from Step14,7,5,1,1,0.1465832117658472,0.1553079413540619,0.1485366551538012,0.142405131731744,excellent,excellent,34287,,1.489283021323233,relative_scale,empirical_group_baseline,,yes,excellent,excellent,excellent,near,high_zt_false_negative,yes,yes,observed high ZT missed; manual review required; sintering check required later,https://doi.org/10.1063/1.3427427
10.1021_cm404115k__sample_15889,2650,A,ZT>=1 false negative; observed ZT>=1; large ZT prediction error; manual review candidate; sintering check candidate,10.1021/cm404115k,,15889,Ga7Sb2Te8Se2,unknown,p,"estimated from Seebeck sign: positive=16, negative=0, zero=0, positive_ratio=1.000, negative_ratio=0.000",p,"estimated from Seebeck sign: positive=16, negative=0, zero=0, positive_ratio=1.000, negative_ratio=0.000",high,1.187005,0.6314135596724081,1.1065531069868264,0.3984064075617513,0.4174294423182522,false_negative,high_zt_false_negative,yes,yes,yes,yes,unknown,,unknown,,False,unknown,True,True,unknown,no,no,high_zt_error;manual_review;sintering_check,1,90,A,high observed ZT; high-ZT false negative; important candidate for paper; carried from Step14,16,16,8,8,0.3978150345480468,0.4326749178987476,0.4227726036277425,0.4168968882119634,moderate,moderate,615,,0.4573765555245209,relative_scale,empirical_group_baseline,,yes,good,good,good,under_predicted,high_zt_false_negative,yes,yes,observed high ZT missed; manual review required; sintering check required later,https://doi.org/10.1021/cm404115k
10.1016_j.jallcom.2021.159659__sample_45494,2650,A,ZT>=1 false negative; observed ZT>=1; large ZT prediction error; manual review candidate; sintering check candidate,10.1016/j.jallcom.2021.159659,,45494,Cu2.85Ag0.15Sb0.985Bi0.015Se4,unknown,p,"estimated from Seebeck sign: positive=9, negative=0, zero=0, positive_ratio=1.000, negative_ratio=0.000",p,"estimated from Seebeck sign: positive=9, negative=0, zero=0, positive_ratio=1.000, negative_ratio=0.000",high,1.184615,0.6426655992487297,1.2024131639055509,0.3661753140518774,0.4321677257313547,false_negative,high_zt_false_negative,yes,yes,yes,yes,unknown,,unknown,,False,unknown,True,True,unknown,no,no,high_zt_error;manual_review;sintering_check,1,100,A,high observed ZT; high-ZT false negative; important candidate for paper; carried from Step14,9,5,2,2,0.3528559545346846,0.4192769468460649,0.5025426823298942,0.4652748891459448,moderate,moderate,36327,,0.1434497254090581,relative_scale,empirical_group_baseline,,yes,good,good,good,under_predicted,high_zt_false_negative,yes,yes,observed high ZT missed; manual review required; sintering check required later,https://doi.org/10.1016/j.jallcom.2021.159659
10.1063_1.4869220__sample_16943,2650,A,ZT>=1 false negative; observed ZT>=1; large ZT prediction error; manual review candidate; sintering check candidate,10.1063/1.4869220,,16943,(SiC)1.7AgPb20SbTe20,unknown,n,"estimated from Seebeck sign: positive=0, negative=9, zero=0, positive_ratio=0.000, negative_ratio=1.000",n,"estimated from Seebeck sign: positive=0, negative=9, zero=0, positive_ratio=0.000, negative_ratio=1.000",high,1.184304,0.3521891331146179,1.118533332210056,0.4973103048141578,0.4880622689092356,false_negative,high_zt_false_negative,yes,yes,yes,yes,unknown,,unknown,,False,unknown,True,True,unknown,no,no,high_zt_error;manual_review;sintering_check,1,90,A,high observed ZT; high-ZT false negative; important candidate for paper; carried from Step14,9,8,4,4,1.829814030572909,1.2719405388120897,0.8415587166948709,0.8399738841492268,poor,poor,6895,,0.056925588038239,relative_scale,empirical_group_baseline,,yes,poor,good,good,under_predicted,high_zt_false_negative,yes,yes,large PF error; observed high ZT missed; manual review required; sintering check required later,https://doi.org/10.1063/1.4869220
10.1021_jacs.1c01801__sample_44423,2650,A,ZT>=1 false negative; observed ZT>=1; large ZT prediction error; manual review candidate; sintering check candidate,10.1021/jacs.1c01801,,44423,Cu0.74Ag0.2In0.2Ga0.8Te2,unknown,p,"estimated from Seebeck sign: positive=23, negative=0, zero=0, positive_ratio=1.000, negative_ratio=0.000",p,"estimated from Seebeck sign: positive=23, negative=0, zero=0, positive_ratio=1.000, negative_ratio=0.000",high,1.182677,0.1675752882229709,0.1313775137647611,0.8940522399832073,0.5191341990567268,false_negative,high_zt_false_negative,yes,yes,yes,yes,unknown,,unknown,,False,unknown,True,True,unknown,no,no,high_zt_error;manual_review;sintering_check,1,100,A,high observed ZT; high-ZT false negative; important candidate for paper; carried from Step14,23,4,4,1,0.5191341990568903,0.4315446766560814,0.4315446766559834,0.63871857621203,moderate,moderate,37843,,0.5565516246223431,relative_scale,empirical_group_baseline,,yes,moderate,moderate,moderate,under_predicted,high_zt_false_negative,yes,yes,observed high ZT missed; manual review required; sintering check required later,https://doi.org/10.1021/jacs.1c01801
10.1021_jacs.6b07010__sample_2896,2650,A,ZT>=1 false negative; observed ZT>=1; large ZT prediction error; manual review candidate; sintering check candidate,10.1021/jacs.6b07010,,2896,SnSe,unknown,p,"estimated from Seebeck sign: positive=14, negative=0, zero=0, positive_ratio=1.000, negative_ratio=0.000",p,"estimated from Seebeck sign: positive=14, negative=0, zero=0, positive_ratio=1.000, negative_ratio=0.000",high,1.181911,0.4995187910934242,1.1613901303726388,0.4431567553485889,0.3407109153471985,false_negative,high_zt_false_negative,yes,yes,yes,yes,unknown,,unknown,,False,unknown,True,True,unknown,no,no,high_zt_error;manual_review;sintering_check,1,100,A,high observed ZT; high-ZT false negative; important candidate for paper; carried from Step14,14,4,3,2,0.3383727870137094,0.724521349406731,0.8201248748937199,1.0108095855651127,poor,poor,18599,,0.0441256722472417,relative_scale,empirical_group_baseline,,yes,good,good,good,under_predicted,high_zt_false_negative,yes,yes,observed high ZT missed; manual review required; sintering check required later,https://doi.org/10.1021/jacs.6b07010
10.1016_j.mssp.2016.07.024__sample_2801,2650,A,ZT>=1 false negative; observed ZT>=1; large ZT prediction error; manual review candidate; sintering check candidate,10.1016/j.mssp.2016.07.024,,2801,PbTe0.85Se0.15,unknown,p,"estimated from Seebeck sign: positive=13, negative=0, zero=0, positive_ratio=1.000, negative_ratio=0.000",p,"estimated from Seebeck sign: positive=13, negative=0, zero=0, positive_ratio=1.000, negative_ratio=0.000",high,1.181292,0.9117403122091376,1.0954544384999567,,0.1677058578012474,false_negative,high_zt_false_negative,yes,yes,yes,yes,unknown,,unknown,,False,unknown,True,True,unknown,no,no,high_zt_error;manual_review;sintering_check,1,100,A,high observed ZT; high-ZT false negative; important candidate for paper; carried from Step14,13,4,1,0,0.1685319426847426,0.1948258472734773,0.1835693643435819,,not_evaluated,excellent,14038,,0.9174034238409476,relative_scale,empirical_group_baseline,,yes,excellent,not_available,excellent,under_predicted,high_zt_false_negative,yes,yes,observed high ZT missed; insufficient ZT evaluation rows; manual review required; sintering check required later,https://doi.org/10.1016/j.mssp.2016.07.024
10.1039_d0ta00245c__sample_34288,2650,A,ZT>=1 false negative; observed ZT>=1; large ZT prediction error; manual review candidate; sintering check candidate,10.1039/d0ta00245c,,34288,BaCu2.08Te2,unknown,p,"estimated from Seebeck sign: positive=11, negative=0, zero=0, positive_ratio=1.000, negative_ratio=0.000",p,"estimated from Seebeck sign: positive=11, negative=0, zero=0, positive_ratio=1.000, negative_ratio=0.000",high,1.181271,0.1959852890077481,0.2128099191876472,0.1003022981301035,0.0790594265724229,false_negative,high_zt_false_negative,yes,yes,yes,yes,unknown,,unknown,,False,unknown,True,True,unknown,no,no,high_zt_error;manual_review;sintering_check,1,100,A,high observed ZT; high-ZT false negative; important candidate for paper; carried from Step14,11,10,1,1,0.0833302758338995,0.101269504761246,0.0823597687743051,0.1056964588916622,excellent,excellent,27613,,0.3102397299297429,relative_scale,empirical_group_baseline,,yes,excellent,excellent,excellent,near,high_zt_false_negative,yes,yes,observed high ZT missed; manual review required; sintering check required later,https://doi.org/10.1039/d0ta00245c
10.1039_d0tc02959a__sample_36440,2650,A,ZT>=1 false negative; observed ZT>=1; large ZT prediction error; manual review candidate; sintering check candidate,10.1039/d0tc02959a,,36440,SnSe0.95(NbCl5)0.02,unknown,n,"estimated from Seebeck sign: positive=0, negative=17, zero=0, positive_ratio=0.000, negative_ratio=1.000",n,"estimated from Seebeck sign: positive=0, negative=17, zero=0, positive_ratio=0.000, negative_ratio=1.000",high,1.181122,0.3084843126833719,1.1684164470942229,1.5500860299407828,2.315576017464936,false_negative,high_zt_false_negative,yes,yes,yes,yes,unknown,,unknown,,False,unknown,True,True,unknown,no,no,high_zt_error;manual_review;sintering_check,1,135,A,high observed ZT; high-ZT false negative; important candidate for paper; carried from Step14,17,13,12,11,2.1995230839379394,1.3459887452953965,1.3180663047839023,1.1433555881852766,poor,poor,29207,,0.0145865752347139,relative_scale,empirical_group_baseline,,yes,poor,poor,poor,under_predicted,high_zt_false_negative,yes,yes,large PF error; large ZT error vs observed ZT; large ZT error vs calculated ZT; observed high ZT missed; manual review required; sintering check required later,https://doi.org/10.1039/d0tc02959a
10.1016_j.actamat.2011.04.023__sample_16445,2650,A,ZT>=1 false negative; observed ZT>=1; large ZT prediction error; manual review candidate; sintering check candidate,10.1016/j.actamat.2011.04.023,,16445,(Zn0.985Cd0.015)4Sb3,unknown,p,"estimated from Seebeck sign: positive=21, negative=0, zero=0, positive_ratio=1.000, negative_ratio=0.000",p,"estimated from Seebeck sign: positive=21, negative=0, zero=0, positive_ratio=1.000, negative_ratio=0.000",high,1.176577,0.8584958797276068,0.965068779452718,0.0449626921918424,0.0939021541454888,false_negative,high_zt_false_negative,yes,yes,yes,yes,unknown,,unknown,,False,unknown,True,True,unknown,no,no,high_zt_error;manual_review;sintering_check,1,90,A,high observed ZT; high-ZT false negative; important candidate for paper; carried from Step14,21,6,6,3,0.0939021541454969,0.1299424597117702,0.1299424597117478,0.0696954703208588,excellent,excellent,43,,0.8300667864856826,relative_scale,empirical_group_baseline,,yes,excellent,excellent,excellent,near,high_zt_false_negative,yes,yes,observed high ZT missed; manual review required; sintering check required later,https://doi.org/10.1016/j.actamat.2011.04.023
10.1021_acsaem.7b00128__sample_45724,2650,A,ZT>=1 false negative; observed ZT>=1; large ZT prediction error; manual review candidate; sintering check candidate,10.1021/acsaem.7b00128,,45724,Mg2Si0.4Sn0.6,unknown,n,"estimated from Seebeck sign: positive=0, negative=18, zero=0, positive_ratio=0.000, negative_ratio=1.000",n,"estimated from Seebeck sign: positive=0, negative=18, zero=0, positive_ratio=0.000, negative_ratio=1.000",high,1.176195,0.8614812683271419,0.8533475771635199,0.1448132828432569,0.0095315102325102,false_negative,high_zt_false_negative,yes,yes,yes,yes,unknown,,unknown,,False,unknown,False,False,unknown,no,no,high_zt_error;manual_review;sintering_check,1,90,A,high observed ZT; high-ZT false negative; important candidate for paper; carried from Step14,18,15,1,1,0.1110492426644222,0.1404790860102482,0.0094863719859557,0.135241551955945,excellent,excellent,38695,,1.8663197768573312,relative_scale,empirical_group_baseline,,yes,excellent,excellent,excellent,near,high_zt_false_negative,yes,yes,observed high ZT missed; manual review required; sintering check required later,https://doi.org/10.1021/acsaem.7b00128
10.1002_aenm.201700099__sample_31729,2650,A,ZT>=1 false negative; observed ZT>=1; large ZT prediction error; manual review candidate; sintering check candidate,10.1002/aenm.201700099,,31729,Pb0.9875Sb0.0125Te0.92S0.08,unknown,n,"estimated from Seebeck sign: positive=0, negative=7, zero=0, positive_ratio=0.000, negative_ratio=1.000",n,"estimated from Seebeck sign: positive=0, negative=7, zero=0, positive_ratio=0.000, negative_ratio=1.000",high,1.174833,0.1777273328558568,0.3009983982549443,0.4174178934492477,0.4095406025871186,false_negative,high_zt_false_negative,yes,yes,yes,yes,unknown,,unknown,,False,unknown,True,True,unknown,no,no,high_zt_error;manual_review;sintering_check,1,100,A,high observed ZT; high-ZT false negative; important candidate for paper; carried from Step14,7,2,1,1,0.2233236903851577,0.3735005815547081,0.5268544053821342,0.5402851480236326,moderate,moderate,18596,,1.3177718869787012,relative_scale,empirical_group_baseline,,yes,good,good,good,under_predicted,high_zt_false_negative,yes,yes,observed high ZT missed; manual review required; sintering check required later,https://doi.org/10.1002/aenm.201700099
10.1063_1.3099804__sample_4966,2650,A,ZT>=1 false negative; observed ZT>=1; large ZT prediction error; manual review candidate; sintering check candidate,10.1063/1.3099804,,4966,In0.25Ce0.05Co4Sb12,unknown,n,"estimated from Seebeck sign: positive=0, negative=21, zero=0, positive_ratio=0.000, negative_ratio=1.000",n,"estimated from Seebeck sign: positive=0, negative=21, zero=0, positive_ratio=0.000, negative_ratio=1.000",high,1.173516,0.842756384794138,0.9206832361512042,0.046435588658745,0.0520512486003417,false_negative,high_zt_false_negative,yes,yes,yes,yes,unknown,,unknown,,False,unknown,True,True,unknown,no,no,high_zt_error;manual_review;sintering_check,1,90,A,high observed ZT; high-ZT false negative; important candidate for paper; carried from Step14,21,6,3,3,0.0980578994882917,0.1126094453853173,0.0593471492309822,0.0512852741091598,excellent,excellent,6750,,1.8014238937565887,relative_scale,empirical_group_baseline,,yes,excellent,excellent,excellent,near,high_zt_false_negative,yes,yes,observed high ZT missed; manual review required; sintering check required later,https://doi.org/10.1063/1.3099804
10.1021_jacs.0c05650__sample_38434,2650,A,ZT>=1 false negative; observed ZT>=1; large ZT prediction error; manual review candidate; sintering check candidate,10.1021/jacs.0c05650,,38434,NaSn4SbTe6,unknown,p,"estimated from Seebeck sign: positive=13, negative=0, zero=0, positive_ratio=1.000, negative_ratio=0.000",p,"estimated from Seebeck sign: positive=13, negative=0, zero=0, positive_ratio=1.000, negative_ratio=0.000",high,1.167332,0.8065568667717193,0.8191537477209633,0.0618458901486164,0.055451722462565,false_negative,high_zt_false_negative,yes,yes,yes,yes,unknown,,unknown,,False,unknown,True,True,unknown,no,no,high_zt_error;manual_review;sintering_check,1,90,A,high observed ZT; high-ZT false negative; important candidate for paper; carried from Step14,13,8,3,3,0.1271552368666209,0.1564844916757007,0.0653169608093364,0.0700005610302256,excellent,excellent,29626,,2.255475973047199,relative_scale,empirical_group_baseline,,yes,excellent,excellent,excellent,near,high_zt_false_negative,yes,yes,observed high ZT missed; manual review required; sintering check required later,https://doi.org/10.1021/jacs.0c05650
10.1039_c9ta11180h__sample_35715,2650,A,ZT>=1 false negative; observed ZT>=1; large ZT prediction error; manual review candidate; sintering check candidate,10.1039/c9ta11180h,,35715,(Sn0.95Cd0.05Te)0.93(Cu2Te)0.07,unknown,p,"estimated from Seebeck sign: positive=11, negative=0, zero=0, positive_ratio=1.000, negative_ratio=0.000",p,"estimated from Seebeck sign: positive=11, negative=0, zero=0, positive_ratio=1.000, negative_ratio=0.000",high,1.16394,0.90333800013261,0.6205286219340129,0.154684343353145,0.1787129823018915,false_negative,high_zt_false_negative,yes,yes,yes,yes,unknown,,unknown,,False,unknown,True,True,unknown,no,no,high_zt_error;manual_review;sintering_check,1,90,A,high observed ZT; high-ZT false negative; important candidate for paper; carried from Step14,11,10,8,7,0.2580200130905726,0.2759814075630457,0.2087458387556393,0.1821706276864455,excellent,good,24797,,5.714407711661784,relative_scale,empirical_group_baseline,,yes,good,excellent,excellent,near,high_zt_false_negative,yes,yes,observed high ZT missed; manual review required; sintering check required later,https://doi.org/10.1039/c9ta11180h
10.1126_sciadv.aar5606__sample_40290,2650,A,ZT>=1 false negative; observed ZT>=1; large ZT prediction error; manual review candidate; sintering check candidate,10.1126/sciadv.aar5606,,40290,(Bi0.5Sb1.5Te3)43.24(Te)56.76,unknown,p,"estimated from Seebeck sign: positive=8, negative=0, zero=0, positive_ratio=1.000, negative_ratio=0.000",p,"estimated from Seebeck sign: positive=8, negative=0, zero=0, positive_ratio=1.000, negative_ratio=0.000",high,1.163265,0.9898542341866604,1.1424229105337176,0.1714532435899132,0.1019684302555694,false_negative,high_zt_false_negative,yes,yes,yes,yes,unknown,,unknown,,False,unknown,True,True,unknown,no,no,high_zt_error;manual_review;sintering_check,1,90,A,high observed ZT; high-ZT false negative; important candidate for paper; carried from Step14,8,6,3,3,0.0943249153403319,0.0999219682882397,0.1068046462053629,0.2067831062699563,good,excellent,31786,,0.6761469759408648,relative_scale,empirical_group_baseline,,yes,excellent,excellent,excellent,near,high_zt_false_negative,yes,yes,observed high ZT missed; manual review required; sintering check required later,https://doi.org/10.1126/sciadv.aar5606
10.1021_jacs.7b05339__sample_44840,2650,A,ZT>=1 false negative; observed ZT>=1; large ZT prediction error; manual review candidate; sintering check candidate,10.1021/jacs.7b05339,,44840,Na0.005K0.005Sn0.99Se,unknown,p,"estimated from Seebeck sign: positive=10, negative=0, zero=0, positive_ratio=1.000, negative_ratio=0.000",p,"estimated from Seebeck sign: positive=10, negative=0, zero=0, positive_ratio=1.000, negative_ratio=0.000",high,1.160232,0.7845928576946218,1.162812449926989,0.3908400104361881,0.3787158092559969,false_negative,high_zt_false_negative,yes,yes,yes,yes,unknown,,unknown,,False,unknown,True,True,unknown,no,no,high_zt_error;manual_review;sintering_check,1,90,A,high observed ZT; high-ZT false negative; important candidate for paper; carried from Step14,10,10,10,10,0.3787158092561682,0.4077784074325321,0.4077784074323806,0.4176817754818928,moderate,moderate,18623,,0.0657710676109671,relative_scale,empirical_group_baseline,,yes,good,good,good,under_predicted,high_zt_false_negative,yes,yes,observed high ZT missed; manual review required; sintering check required later,https://doi.org/10.1021/jacs.7b05339
10.1016_j.physb.2019.411797__sample_35160,2650,A,ZT>=1 false negative; observed ZT>=1; large ZT prediction error; manual review candidate; sintering check candidate,10.1016/j.physb.2019.411797,,35160,Pb1.2Se,unknown,n,"estimated from Seebeck sign: positive=0, negative=14, zero=0, positive_ratio=0.000, negative_ratio=1.000",n,"estimated from Seebeck sign: positive=0, negative=14, zero=0, positive_ratio=0.000, negative_ratio=1.000",high,1.159035,0.9395005988405044,0.4898598465955757,0.5706135212650918,0.5912581430794377,false_negative,high_zt_false_negative,yes,yes,yes,yes,unknown,,unknown,,False,unknown,True,True,unknown,no,no,high_zt_error;manual_review;sintering_check,1,90,A,high observed ZT; high-ZT false negative; important candidate for paper; carried from Step14,14,13,13,13,0.5912581430794543,0.637901110870362,0.6379011108703584,1.1911532112806889,poor,moderate,23876,,0.4088676043026791,relative_scale,empirical_group_baseline,,yes,moderate,moderate,moderate,under_predicted,high_zt_false_negative,yes,yes,observed high ZT missed; manual review required; sintering check required later,https://doi.org/10.1016/j.physb.2019.411797
10.1039_c9ta11180h__sample_35725,2650,A,ZT>=1 false negative; observed ZT>=1; large ZT prediction error; manual review candidate; sintering check candidate,10.1039/c9ta11180h,,35725,(Sn0.95Cd0.05Te)0.93(Cu2Te)0.07,unknown,p,"estimated from Seebeck sign: positive=11, negative=0, zero=0, positive_ratio=1.000, negative_ratio=0.000",p,"estimated from Seebeck sign: positive=11, negative=0, zero=0, positive_ratio=1.000, negative_ratio=0.000",high,1.156863,0.9024455750754716,0.6346205544728003,0.1698102262520909,0.1679864454954496,false_negative,high_zt_false_negative,yes,yes,yes,yes,unknown,,unknown,,False,unknown,True,True,unknown,no,no,high_zt_error;manual_review;sintering_check,1,90,A,high observed ZT; high-ZT false negative; important candidate for paper; carried from Step14,11,10,8,8,0.2397299227910332,0.2596357650480387,0.198403081989986,0.205574413295865,good,excellent,24797,,5.795845818428498,relative_scale,empirical_group_baseline,,yes,good,excellent,excellent,near,high_zt_false_negative,yes,yes,observed high ZT missed; manual review required; sintering check required later,https://doi.org/10.1039/c9ta11180h
10.1007_s10904-011-9583-6__sample_30338,2650,A,ZT>=1 false negative; observed ZT>=1; large ZT prediction error; manual review candidate; sintering check candidate,10.1007/s10904-011-9583-6,,30338,Yb0.2Co4Sb12,unknown,n,"estimated from Seebeck sign: positive=0, negative=11, zero=0, positive_ratio=0.000, negative_ratio=1.000",n,"estimated from Seebeck sign: positive=0, negative=11, zero=0, positive_ratio=0.000, negative_ratio=1.000",high,1.155556,0.6622055398549078,0.7055959234050645,0.0489601339905039,0.0614946630371153,false_negative,high_zt_false_negative,yes,yes,yes,yes,unknown,,unknown,,False,unknown,True,True,unknown,no,no,high_zt_error;manual_review;sintering_check,1,100,A,high observed ZT; high-ZT false negative; important candidate for paper; carried from Step14,11,2,1,1,0.0620782452160112,0.0640919643838938,0.06346673627714,0.050199297221262,excellent,excellent,2683,,1.8573954685921128,relative_scale,empirical_group_baseline,,yes,excellent,excellent,excellent,near,high_zt_false_negative,yes,yes,observed high ZT missed; manual review required; sintering check required later,https://doi.org/10.1007/s10904-011-9583-6
10.1016_j.jallcom.2017.01.340__sample_39761,2650,A,ZT>=1 false negative; observed ZT>=1; large ZT prediction error; manual review candidate; sintering check candidate,10.1016/j.jallcom.2017.01.340,,39761,(Bi0.5Sb1.5Te3)97(Ta2O5)3,unknown,p,"estimated from Seebeck sign: positive=8, negative=0, zero=0, positive_ratio=1.000, negative_ratio=0.000",p,"estimated from Seebeck sign: positive=8, negative=0, zero=0, positive_ratio=1.000, negative_ratio=0.000",high,1.152642,0.8414292042021106,1.1653797449703795,0.0955064536124969,0.0926674077153793,false_negative,high_zt_false_negative,yes,yes,yes,yes,unknown,,unknown,,False,unknown,True,True,unknown,no,no,high_zt_error;manual_review;sintering_check,1,90,A,high observed ZT; high-ZT false negative; important candidate for paper; carried from Step14,8,8,4,4,0.091604533063504,0.1383543248297323,0.1673443077838491,0.1629126314915853,excellent,excellent,31871,,0.5117663950829751,relative_scale,empirical_group_baseline,,yes,excellent,excellent,excellent,near,high_zt_false_negative,yes,yes,observed high ZT missed; manual review required; sintering check required later,https://doi.org/10.1016/j.jallcom.2017.01.340
10.1039_c4ee01463d__sample_375,2650,A,ZT>=1 false negative; observed ZT>=1; large ZT prediction error; manual review candidate; sintering check candidate,10.1039/c4ee01463d,,375,Sn0.98Bi0.02Hg0.04Te1.04,unknown,p,"estimated from Seebeck sign: positive=12, negative=0, zero=0, positive_ratio=1.000, negative_ratio=0.000",p,"estimated from Seebeck sign: positive=12, negative=0, zero=0, positive_ratio=1.000, negative_ratio=0.000",high,1.152044,0.2452321065840023,0.2834281392706895,,0.1668948752559176,false_negative,high_zt_false_negative,yes,yes,yes,yes,unknown,,unknown,,False,unknown,True,True,unknown,no,no,high_zt_error;manual_review;sintering_check,1,100,A,high observed ZT; high-ZT false negative; important candidate for paper; carried from Step14,12,12,4,0,0.1805752274171631,0.2026621056054817,0.1914485755065399,,not_evaluated,excellent,7975,,3.4539622001662504,relative_scale,empirical_group_baseline,,yes,excellent,not_available,excellent,under_predicted,high_zt_false_negative,yes,yes,observed high ZT missed; insufficient ZT evaluation rows; manual review required; sintering check required later,https://doi.org/10.1039/c4ee01463d
10.1039_c4cp00641k__sample_9327,2650,A,ZT>=1 false negative; observed ZT>=1; large ZT prediction error; manual review candidate; sintering check candidate,10.1039/c4cp00641k,,9327,Mg2(Si0.3Sn0.7)0.985Bi0.015,unknown,n,"estimated from Seebeck sign: positive=0, negative=26, zero=0, positive_ratio=0.000, negative_ratio=1.000",n,"estimated from Seebeck sign: positive=0, negative=26, zero=0, positive_ratio=0.000, negative_ratio=1.000",high,1.149186,0.7914310629032599,0.9244308955273276,,0.1438721198821464,false_negative,high_zt_false_negative,yes,yes,yes,yes,unknown,,unknown,,False,unknown,True,False,unknown,no,no,high_zt_error;manual_review;sintering_check,1,95,A,high observed ZT; high-ZT false negative; important candidate for paper; carried from Step14,26,13,1,0,0.184561806026803,0.2186759951375821,0.1553355213373234,,not_evaluated,excellent,4600,,2.077499691857449,relative_scale,empirical_group_baseline,,yes,excellent,not_available,excellent,under_predicted,high_zt_false_negative,yes,yes,observed high ZT missed; insufficient ZT evaluation rows; manual review required; sintering check required later,https://doi.org/10.1039/c4cp00641k
10.1021_acsaem.7b00128__sample_45682,2650,A,ZT>=1 false negative; observed ZT>=1; large ZT prediction error; manual review candidate; sintering check candidate,10.1021/acsaem.7b00128,,45682,Mg2Si0.4Sn0.6,unknown,n,"estimated from Seebeck sign: positive=0, negative=19, zero=0, positive_ratio=0.000, negative_ratio=1.000",n,"estimated from Seebeck sign: positive=0, negative=19, zero=0, positive_ratio=0.000, negative_ratio=1.000",high,1.147283,0.9093744367286088,0.9892121425252588,0.0774301617228665,0.0807083762567254,false_negative,high_zt_false_negative,yes,yes,yes,yes,unknown,,unknown,,False,unknown,False,False,unknown,no,no,high_zt_error;manual_review;sintering_check,1,90,A,high observed ZT; high-ZT false negative; important candidate for paper; carried from Step14,19,11,1,1,0.1311266967374146,0.1388160476824448,0.0841518797135224,0.0745787257887876,excellent,excellent,38695,,1.5780051498443073,relative_scale,empirical_group_baseline,,yes,excellent,excellent,excellent,near,high_zt_false_negative,yes,yes,observed high ZT missed; manual review required; sintering check required later,https://doi.org/10.1021/acsaem.7b00128
10.1002_ejic.201100282__sample_6265,2650,A,ZT>=1 false negative; observed ZT>=1; large ZT prediction error; manual review candidate; sintering check candidate,10.1002/ejic.201100282,,6265,YbCd1.85Mn0.15Sb2,unknown,p,"estimated from Seebeck sign: positive=8, negative=0, zero=0, positive_ratio=1.000, negative_ratio=0.000",p,"estimated from Seebeck sign: positive=8, negative=0, zero=0, positive_ratio=1.000, negative_ratio=0.000",high,1.146987,0.6559240518350802,0.7623862315756752,0.400932186193385,0.0870508651793224,false_negative,high_zt_false_negative,yes,yes,yes,yes,unknown,,unknown,,False,unknown,True,True,unknown,no,no,high_zt_error;manual_review;sintering_check,1,100,A,high observed ZT; high-ZT false negative; important candidate for paper; carried from Step14,8,5,4,2,0.1267298030073095,0.1424373405512819,0.0979643576243445,0.5154189697364616,moderate,excellent,925,,0.4652445028738444,relative_scale,empirical_group_baseline,,yes,excellent,good,excellent,under_predicted,high_zt_false_negative,yes,yes,observed high ZT missed; manual review required; sintering check required later,https://doi.org/10.1002/ejic.201100282
10.3724_sp.j.1077.2014.13261__sample_4836,2650,A,ZT>=1 false negative; observed ZT>=1; large ZT prediction error; manual review candidate; sintering check candidate,10.3724/sp.j.1077.2014.13261,,4836,Yb0.6Co4Sb12,unknown,n,"estimated from Seebeck sign: positive=0, negative=12, zero=0, positive_ratio=0.000, negative_ratio=1.000",n,"estimated from Seebeck sign: positive=0, negative=12, zero=0, positive_ratio=0.000, negative_ratio=1.000",high,1.144735,0.9373327714769908,0.9029344976710804,0.0404088713481376,0.0452602863097938,false_negative,high_zt_false_negative,yes,yes,yes,yes,unknown,,unknown,,False,unknown,True,True,unknown,no,no,high_zt_error;manual_review;sintering_check,1,100,A,high observed ZT; high-ZT false negative; important candidate for paper; carried from Step14,12,6,4,2,0.0611805940339475,0.0697650232600118,0.0526117403216159,0.0462685370254223,excellent,excellent,5557,,3.8909466623833913,relative_scale,empirical_group_baseline,,yes,excellent,excellent,excellent,near,high_zt_false_negative,yes,yes,observed high ZT missed; manual review required; sintering check required later,https://doi.org/10.3724/sp.j.1077.2014.13261
10.1021_acsenergylett.7b00742__sample_31107,2650,A,ZT>=1 false negative; observed ZT>=1; large ZT prediction error; manual review candidate; sintering check candidate,10.1021/acsenergylett.7b00742,,31107,Mg3.2Sb1.5Bi0.49Te0.01,unknown,n,"estimated from Seebeck sign: positive=0, negative=12, zero=0, positive_ratio=0.000, negative_ratio=1.000",n,"estimated from Seebeck sign: positive=0, negative=12, zero=0, positive_ratio=0.000, negative_ratio=1.000",high,1.141748,0.5100227386199608,0.564644909823533,0.5486085284231672,0.535286808882026,false_negative,high_zt_false_negative,yes,yes,yes,yes,unknown,,unknown,,False,unknown,True,True,unknown,no,no,high_zt_error;manual_review;sintering_check,1,90,A,high observed ZT; high-ZT false negative; important candidate for paper; carried from Step14,11,7,4,4,0.4174187685650971,0.3981315057215564,0.4603554976558097,0.4719106926189351,moderate,moderate,27909,,0.352823996723427,relative_scale,empirical_group_baseline,,yes,good,moderate,moderate,under_predicted,high_zt_false_negative,yes,yes,observed high ZT missed; manual review required; sintering check required later,https://doi.org/10.1021/acsenergylett.7b00742
10.1016_j.synthmet.2020.116606__sample_38779,2650,A,ZT>=1 false negative; observed ZT>=1; large ZT prediction error; manual review candidate; sintering check candidate,10.1016/j.synthmet.2020.116606,,38779,(GeTe)75(AgSbTe2)23.75(AgSbSe2)1.25,unknown,p,"estimated from Seebeck sign: positive=22, negative=0, zero=0, positive_ratio=1.000, negative_ratio=0.000",p,"estimated from Seebeck sign: positive=22, negative=0, zero=0, positive_ratio=1.000, negative_ratio=0.000",high,1.137724,0.765955785796241,0.7491891468270666,0.0940332773730701,0.0780465211959808,false_negative,high_zt_false_negative,yes,yes,yes,yes,unknown,,unknown,,False,unknown,True,True,unknown,no,no,high_zt_error;manual_review;sintering_check,1,90,A,high observed ZT; high-ZT false negative; important candidate for paper; carried from Step14,22,22,6,5,0.0924783943907316,0.1115993375076338,0.0995489888699383,0.110749932757689,excellent,excellent,28938,,1.7087906607111023,relative_scale,empirical_group_baseline,,yes,excellent,excellent,excellent,near,high_zt_false_negative,yes,yes,observed high ZT missed; manual review required; sintering check required later,https://doi.org/10.1016/j.synthmet.2020.116606
10.1007_s10854-013-1538-y__sample_30419,2650,A,ZT>=1 false negative; observed ZT>=1; large ZT prediction error; manual review candidate; sintering check candidate,10.1007/s10854-013-1538-y,,30419,(TiN)0.1Co4Sb11.5Te0.5,unknown,n,"estimated from Seebeck sign: positive=0, negative=21, zero=0, positive_ratio=0.000, negative_ratio=1.000",n,"estimated from Seebeck sign: positive=0, negative=21, zero=0, positive_ratio=0.000, negative_ratio=1.000",high,1.135489,0.2668645106296353,0.2820050399262848,,0.0536888606693239,false_negative,high_zt_false_negative,yes,yes,yes,yes,unknown,,unknown,,False,unknown,True,True,unknown,no,no,high_zt_error;manual_review;sintering_check,1,100,A,high observed ZT; high-ZT false negative; important candidate for paper; carried from Step14,21,4,1,0,0.0450483740879159,0.0510632607411168,0.0551838640792641,,not_evaluated,excellent,3022,,1.568782750650651,relative_scale,empirical_group_baseline,,yes,excellent,not_available,excellent,under_predicted,high_zt_false_negative,yes,yes,observed high ZT missed; insufficient ZT evaluation rows; manual review required; sintering check required later,https://doi.org/10.1007/s10854-013-1538-y
10.1021_acs.chemmater.8b03994__sample_43371,2650,A,ZT>=1 false negative; observed ZT>=1; large ZT prediction error; manual review candidate; sintering check candidate,10.1021/acs.chemmater.8b03994,,43371,Yb0.4Co3.9Fe0.1Sb12,unknown,n,"estimated from Seebeck sign: positive=0, negative=8, zero=0, positive_ratio=0.000, negative_ratio=1.000",n,"estimated from Seebeck sign: positive=0, negative=8, zero=0, positive_ratio=0.000, negative_ratio=1.000",high,1.135314,0.9450037773750616,1.0831653064819295,0.0421869652349344,0.0483225067457972,false_negative,high_zt_false_negative,yes,yes,yes,yes,unknown,,unknown,,False,unknown,True,True,unknown,no,no,high_zt_error;manual_review;sintering_check,1,90,A,high observed ZT; high-ZT false negative; important candidate for paper; carried from Step14,8,7,4,3,0.0719309622712201,0.0923396375678536,0.0723509687819508,0.0525512887610722,excellent,excellent,32117,,2.903684163992244,relative_scale,empirical_group_baseline,,yes,excellent,excellent,excellent,near,high_zt_false_negative,yes,yes,observed high ZT missed; manual review required; sintering check required later,https://doi.org/10.1021/acs.chemmater.8b03994
10.1039_c3ee41935e__sample_21121,2650,A,ZT>=1 false negative; observed ZT>=1; large ZT prediction error; manual review candidate; sintering check candidate,10.1039/c3ee41935e,,21121,AgSb0.98Bi0.02Se2,unknown,p,"estimated from Seebeck sign: positive=18, negative=0, zero=0, positive_ratio=1.000, negative_ratio=0.000",p,"estimated from Seebeck sign: positive=18, negative=0, zero=0, positive_ratio=1.000, negative_ratio=0.000",high,1.134111,0.4579828488712903,0.3527263000553766,0.2876076306578216,0.2984085643724011,false_negative,high_zt_false_negative,yes,yes,yes,yes,unknown,,unknown,,False,unknown,True,True,unknown,no,no,high_zt_error;manual_review;sintering_check,1,100,A,high observed ZT; high-ZT false negative; important candidate for paper; carried from Step14,18,5,1,1,0.1682330726950035,0.1900870895536524,0.2611393332935338,0.2527859466891852,good,good,7973,,0.1243491458369726,relative_scale,empirical_group_baseline,,yes,excellent,good,good,under_predicted,high_zt_false_negative,yes,yes,observed high ZT missed; manual review required; sintering check required later,https://doi.org/10.1039/c3ee41935e
10.1002_adfm.201801617__sample_39938,2650,A,ZT>=1 false negative; observed ZT>=1; large ZT prediction error; manual review candidate; sintering check candidate,10.1002/adfm.201801617,,39938,Pb0.988Sb0.012Te(GeTe)0.12,unknown,n,"estimated from Seebeck sign: positive=0, negative=11, zero=0, positive_ratio=0.000, negative_ratio=1.000",n,"estimated from Seebeck sign: positive=0, negative=11, zero=0, positive_ratio=0.000, negative_ratio=1.000",high,1.132345,0.11084392057988,0.1717038203132291,0.3394177344934628,0.3544469751594689,false_negative,high_zt_false_negative,yes,yes,yes,yes,unknown,,unknown,,False,unknown,True,True,unknown,no,no,high_zt_error;manual_review;sintering_check,1,100,A,high observed ZT; high-ZT false negative; important candidate for paper; carried from Step14,11,7,1,1,0.429027558762417,0.430097831063843,0.437647926692686,0.4146336124249596,moderate,moderate,31851,,0.7785643641408078,relative_scale,empirical_group_baseline,,yes,good,good,good,under_predicted,high_zt_false_negative,yes,yes,observed high ZT missed; manual review required; sintering check required later,https://doi.org/10.1002/adfm.201801617
10.1016_j.matlet.2021.130180__sample_45721,2650,A,ZT>=1 false negative; observed ZT>=1; large ZT prediction error; manual review candidate; sintering check candidate,10.1016/j.matlet.2021.130180,,45721,Na0.98CoO2,unknown,p,"estimated from Seebeck sign: positive=29, negative=0, zero=0, positive_ratio=1.000, negative_ratio=0.000",p,"estimated from Seebeck sign: positive=29, negative=0, zero=0, positive_ratio=1.000, negative_ratio=0.000",high,1.131547,0.8881592361201934,0.7991013083403107,0.2150929337268417,0.203220145421609,false_negative,high_zt_false_negative,yes,yes,yes,yes,unknown,,unknown,,False,unknown,False,False,unknown,no,no,high_zt_error;manual_review;sintering_check,1,90,A,high observed ZT; high-ZT false negative; important candidate for paper; carried from Step14,34,6,4,1,0.1666522881069687,0.1968572411664675,0.2322713161729281,0.2421899551211866,good,good,37373,,0.2481343993449911,relative_scale,empirical_group_baseline,,yes,excellent,good,good,under_predicted,high_zt_false_negative,yes,yes,observed high ZT missed; manual review required; sintering check required later,https://doi.org/10.1016/j.matlet.2021.130180
10.1007_s12613-011-0446-5__sample_16671,2650,A,ZT>=1 false negative; observed ZT>=1; large ZT prediction error; manual review candidate; sintering check candidate,10.1007/s12613-011-0446-5,,16671,Ag0.84Sb1.15Cu0.01Te2.16,unknown,p,"estimated from Seebeck sign: positive=37, negative=0, zero=0, positive_ratio=1.000, negative_ratio=0.000",p,"estimated from Seebeck sign: positive=37, negative=0, zero=0, positive_ratio=1.000, negative_ratio=0.000",high,1.130121,0.9737821062527272,1.0387575711026744,0.0686726945980083,0.0720857144984207,false_negative,high_zt_false_negative,yes,yes,yes,yes,unknown,,unknown,,False,unknown,True,True,unknown,no,no,high_zt_error;manual_review;sintering_check,1,100,A,high observed ZT; high-ZT false negative; important candidate for paper; carried from Step14,24,11,3,2,0.0861178126508413,0.0948631895129243,0.0750565509258917,0.0760986850638991,excellent,excellent,1319,,0.477840136066912,relative_scale,empirical_group_baseline,,yes,excellent,excellent,excellent,near,high_zt_false_negative,yes,yes,observed high ZT missed; manual review required; sintering check required later,https://doi.org/10.1007/s12613-011-0446-5
10.1039_c5ce00228a__sample_13852,2650,A,ZT>=1 false negative; observed ZT>=1; large ZT prediction error; manual review candidate; sintering check candidate,10.1039/c5ce00228a,,13852,Ge0.87Sb0.09Te,unknown,p,"estimated from Seebeck sign: positive=15, negative=0, zero=0, positive_ratio=1.000, negative_ratio=0.000",p,"estimated from Seebeck sign: positive=15, negative=0, zero=0, positive_ratio=1.000, negative_ratio=0.000",high,1.12626,0.6867161444584757,0.5860444383591115,0.1438615612893095,0.1717816935201004,false_negative,high_zt_false_negative,yes,yes,yes,yes,unknown,,unknown,,False,unknown,True,True,unknown,no,no,high_zt_error;manual_review;sintering_check,1,100,A,high observed ZT; high-ZT false negative; important candidate for paper; carried from Step14,15,1,1,1,0.1717816935201437,0.1585254054771985,0.1585254054771619,0.1344098727759641,excellent,excellent,741,,2.9883716866427226,relative_scale,empirical_group_baseline,,yes,excellent,excellent,excellent,near,high_zt_false_negative,yes,yes,observed high ZT missed; manual review required; sintering check required later,https://doi.org/10.1039/c5ce00228a
10.1007_s11664-012-1927-7__sample_16896,2650,A,ZT>=1 false negative; observed ZT>=1; large ZT prediction error; manual review candidate; sintering check candidate,10.1007/s11664-012-1927-7,,16896,(Zn0.985Pb0.015)4Sb3,unknown,p,"estimated from Seebeck sign: positive=19, negative=0, zero=0, positive_ratio=1.000, negative_ratio=0.000",p,"estimated from Seebeck sign: positive=19, negative=0, zero=0, positive_ratio=1.000, negative_ratio=0.000",high,1.125465,0.7596410454436179,0.7353607042265744,0.038393957414503,0.0330182739946386,false_negative,high_zt_false_negative,yes,yes,yes,yes,unknown,,unknown,,False,unknown,True,True,unknown,no,no,high_zt_error;manual_review;sintering_check,1,100,A,high observed ZT; high-ZT false negative; important candidate for paper; carried from Step14,19,2,1,1,0.0421033176899746,0.0436820489468693,0.0324848801984938,0.0376752478198857,excellent,excellent,2350,,1.060860316110524,relative_scale,empirical_group_baseline,,yes,excellent,excellent,excellent,near,high_zt_false_negative,yes,yes,observed high ZT missed; manual review required; sintering check required later,https://doi.org/10.1007/s11664-012-1927-7
10.1016_j.actamat.2009.03.018__sample_3131,2650,A,ZT>=1 false negative; observed ZT>=1; large ZT prediction error; manual review candidate; sintering check candidate,10.1016/j.actamat.2009.03.018,,3131,Ba0.27Ce0.04Co4Sb12.02,unknown,n,"estimated from Seebeck sign: positive=0, negative=12, zero=0, positive_ratio=0.000, negative_ratio=1.000",n,"estimated from Seebeck sign: positive=0, negative=12, zero=0, positive_ratio=0.000, negative_ratio=1.000",high,1.124827,0.8137771833979125,0.7799645255024135,0.1782330061484682,0.0740371997512857,false_negative,high_zt_false_negative,yes,yes,yes,yes,unknown,,unknown,,False,unknown,True,True,unknown,no,no,high_zt_error;manual_review;sintering_check,1,90,A,high observed ZT; high-ZT false negative; important candidate for paper; carried from Step14,12,8,4,3,0.0924261398858782,0.1006390644421956,0.0812690644300313,0.197702991977161,excellent,excellent,34,,4.228938697699705,relative_scale,empirical_group_baseline,,yes,excellent,excellent,excellent,near,high_zt_false_negative,yes,yes,observed high ZT missed; manual review required; sintering check required later,https://doi.org/10.1016/j.actamat.2009.03.018
10.1039_c3ee43240h__sample_3421,2650,A,ZT>=1 false negative; observed ZT>=1; large ZT prediction error; manual review candidate; sintering check candidate,10.1039/c3ee43240h,,3421,In0.276Co4Sb11.908,unknown,n,"estimated from Seebeck sign: positive=0, negative=11, zero=0, positive_ratio=0.000, negative_ratio=1.000",n,"estimated from Seebeck sign: positive=0, negative=11, zero=0, positive_ratio=0.000, negative_ratio=1.000",high,1.124436,0.9985566533196244,1.073561659695953,,0.0698655784685631,false_negative,high_zt_false_negative,yes,yes,yes,yes,unknown,,unknown,,False,unknown,True,True,unknown,no,no,high_zt_error;manual_review;sintering_check,1,100,A,high observed ZT; high-ZT false negative; important candidate for paper; carried from Step14,11,3,1,0,0.0546529669539756,0.0577560412727861,0.0724261639985159,,not_evaluated,excellent,870,,1.5033278232250178,relative_scale,empirical_group_baseline,,yes,excellent,not_available,excellent,under_predicted,high_zt_false_negative,yes,yes,observed high ZT missed; insufficient ZT evaluation rows; manual review required; sintering check required later,https://doi.org/10.1039/c3ee43240h
10.1002_aenm.201000072__sample_15209,2650,A,ZT>=1 false negative; observed ZT>=1; large ZT prediction error; manual review candidate; sintering check candidate,10.1002/aenm.201000072,,15209,(Ag0.01PbTe)0.945(Ag2Te)0.055,unknown,n,"estimated from Seebeck sign: positive=0, negative=16, zero=0, positive_ratio=0.000, negative_ratio=1.000",n,"estimated from Seebeck sign: positive=0, negative=16, zero=0, positive_ratio=0.000, negative_ratio=1.000",high,1.123745,0.6398754962539888,0.830774530978185,0.8962563067744143,0.528880424857278,false_negative,high_zt_false_negative,yes,yes,yes,yes,unknown,,unknown,,False,unknown,True,True,unknown,no,no,high_zt_error;manual_review;sintering_check,1,100,A,high observed ZT; high-ZT false negative; important candidate for paper; carried from Step14,21,4,2,1,0.4059099924804555,0.4171920599599967,0.4647725701848185,0.6398815775943432,moderate,moderate,5922,,0.2586283022817018,relative_scale,empirical_group_baseline,,yes,good,moderate,moderate,under_predicted,high_zt_false_negative,yes,yes,observed high ZT missed; manual review required; sintering check required later,https://doi.org/10.1002/aenm.201000072
10.1063_1.4896435__sample_10660,2650,A,ZT>=1 false negative; observed ZT>=1; large ZT prediction error; manual review candidate; sintering check candidate,10.1063/1.4896435,,10660,Ag(Sb0.97Sn0.03)Te2,unknown,p,"estimated from Seebeck sign: positive=11, negative=0, zero=0, positive_ratio=1.000, negative_ratio=0.000",p,"estimated from Seebeck sign: positive=11, negative=0, zero=0, positive_ratio=1.000, negative_ratio=0.000",high,1.123516,0.8713837038980548,1.1974681445697617,0.3259564206811807,0.3081880251244728,false_negative,high_zt_false_negative,yes,yes,yes,yes,unknown,,unknown,,False,unknown,True,True,unknown,no,no,high_zt_error;manual_review;sintering_check,1,90,A,high observed ZT; high-ZT false negative; important candidate for paper; carried from Step14,11,10,8,7,0.2926731473291571,0.3159506422538375,0.3348935189678378,0.3433550224375092,good,good,204,,0.583694458272805,relative_scale,empirical_group_baseline,,yes,good,good,good,under_predicted,high_zt_false_negative,yes,yes,observed high ZT missed; manual review required; sintering check required later,https://doi.org/10.1063/1.4896435
10.1063_1.4901178__sample_9521,2650,A,ZT>=1 false negative; observed ZT>=1; large ZT prediction error; manual review candidate; sintering check candidate,10.1063/1.4901178,,9521,Mg2.08Si0.395Sn0.6Bi0.005,unknown,n,"estimated from Seebeck sign: positive=0, negative=11, zero=0, positive_ratio=0.000, negative_ratio=1.000",n,"estimated from Seebeck sign: positive=0, negative=11, zero=0, positive_ratio=0.000, negative_ratio=1.000",high,1.123196,0.7460838624840305,0.8092641957634719,0.0856462970497879,0.0744509294268595,false_negative,high_zt_false_negative,yes,yes,yes,yes,unknown,,unknown,,False,unknown,True,False,unknown,no,no,high_zt_error;manual_review;sintering_check,1,95,A,high observed ZT; high-ZT false negative; important candidate for paper; carried from Step14,11,6,2,1,0.1205857817791168,0.1275469779196896,0.0774745895982921,0.0895377988526539,excellent,excellent,6914,,1.0306822470557158,relative_scale,empirical_group_baseline,,yes,excellent,excellent,excellent,near,high_zt_false_negative,yes,yes,observed high ZT missed; manual review required; sintering check required later,https://doi.org/10.1063/1.4901178
10.1016_j.jallcom.2013.09.124__sample_3733,2650,A,ZT>=1 false negative; observed ZT>=1; large ZT prediction error; manual review candidate; sintering check candidate,10.1016/j.jallcom.2013.09.124,,3733,Ba0.32Yb0.1Fe0.37Co3.67Sb12,unknown,n,"estimated from Seebeck sign: positive=0, negative=11, zero=0, positive_ratio=0.000, negative_ratio=1.000",n,"estimated from Seebeck sign: positive=0, negative=11, zero=0, positive_ratio=0.000, negative_ratio=1.000",high,1.12177,0.9350547936310704,0.924287411871856,0.06962234998786,0.0355714847959515,false_negative,high_zt_false_negative,yes,yes,yes,yes,unknown,,unknown,,False,unknown,True,True,unknown,no,no,high_zt_error;manual_review;sintering_check,1,100,A,high observed ZT; high-ZT false negative; important candidate for paper; carried from Step14,11,5,4,2,0.0460648187587426,0.0551399667901828,0.04095468172131,0.0722701024602854,excellent,excellent,1752,,2.7697540683094504,relative_scale,empirical_group_baseline,,yes,excellent,excellent,excellent,near,high_zt_false_negative,yes,yes,observed high ZT missed; manual review required; sintering check required later,https://doi.org/10.1016/j.jallcom.2013.09.124
10.1016_j.jmat.2020.11.007__sample_39624,2650,A,ZT>=1 false negative; observed ZT>=1; large ZT prediction error; manual review candidate; sintering check candidate,10.1016/j.jmat.2020.11.007,,39624,Mn0.92Te0.96(Ag2S)0.04,unknown,p,"estimated from Seebeck sign: positive=12, negative=0, zero=0, positive_ratio=1.000, negative_ratio=0.000",p,"estimated from Seebeck sign: positive=12, negative=0, zero=0, positive_ratio=1.000, negative_ratio=0.000",high,1.117923,0.6214542519948693,1.1507576717103718,0.6469836101505274,0.5736295940089733,false_negative,high_zt_false_negative,yes,yes,yes,yes,unknown,,unknown,,False,unknown,True,True,unknown,no,no,high_zt_error;manual_review;sintering_check,1,90,A,high observed ZT; high-ZT false negative; important candidate for paper; carried from Step14,12,12,12,10,0.5736295940091537,0.6902490905384188,0.6902490905383435,0.7373627091428031,moderate,moderate,31179,,0.1688040435017586,relative_scale,empirical_group_baseline,,yes,moderate,moderate,moderate,under_predicted,high_zt_false_negative,yes,yes,observed high ZT missed; manual review required; sintering check required later,https://doi.org/10.1016/j.jmat.2020.11.007
10.1021_acsami.9b12256__sample_41040,2650,A,ZT>=1 false negative; observed ZT>=1; large ZT prediction error; manual review candidate; sintering check candidate,10.1021/acsami.9b12256,,41040,Cu3.52In4.16Te8,unknown,p,"estimated from Seebeck sign: positive=9, negative=0, zero=0, positive_ratio=1.000, negative_ratio=0.000",p,"estimated from Seebeck sign: positive=9, negative=0, zero=0, positive_ratio=1.000, negative_ratio=0.000",high,1.117395,0.6425510623350644,1.1188747526360892,0.3332694589037865,0.3307757478230683,false_negative,high_zt_false_negative,yes,yes,yes,yes,unknown,,unknown,,False,unknown,True,True,unknown,no,no,high_zt_error;manual_review;sintering_check,1,90,A,high observed ZT; high-ZT false negative; important candidate for paper; carried from Step14,10,4,3,3,0.6104173027436316,0.5770745027041565,0.4201458169410101,0.422720558153277,moderate,moderate,22290,,0.3882977474155334,relative_scale,empirical_group_baseline,,yes,moderate,good,good,under_predicted,high_zt_false_negative,yes,yes,observed high ZT missed; manual review required; sintering check required later,https://doi.org/10.1021/acsami.9b12256
10.1016_j.actamat.2014.05.019__sample_3310,2650,A,ZT>=1 false negative; observed ZT>=1; large ZT prediction error; manual review candidate; sintering check candidate,10.1016/j.actamat.2014.05.019,,3310,Yb0.35Co4Sb12,unknown,n,"estimated from Seebeck sign: positive=0, negative=23, zero=0, positive_ratio=0.000, negative_ratio=1.000",n,"estimated from Seebeck sign: positive=0, negative=23, zero=0, positive_ratio=0.000, negative_ratio=1.000",high,1.11736,0.5891743974230429,0.5683322309881506,,0.0366725047401488,false_negative,high_zt_false_negative,yes,yes,yes,yes,unknown,,unknown,,False,unknown,True,True,unknown,no,no,high_zt_error;manual_review;sintering_check,1,100,A,high observed ZT; high-ZT false negative; important candidate for paper; carried from Step14,22,2,1,0,0.0393626576296899,0.0396418003248259,0.0360160690893129,,not_evaluated,excellent,65,,2.6024361999023222,relative_scale,empirical_group_baseline,,yes,excellent,not_available,excellent,under_predicted,high_zt_false_negative,yes,yes,observed high ZT missed; insufficient ZT evaluation rows; manual review required; sintering check required later,https://doi.org/10.1016/j.actamat.2014.05.019
10.1007_s12598-018-1005-2__sample_40884,2650,A,ZT>=1 false negative; observed ZT>=1; large ZT prediction error; manual review candidate; sintering check candidate,10.1007/s12598-018-1005-2,,40884,(Bi0.5Sb1.5Te3)86.03(Te)13.97,unknown,p,"estimated from Seebeck sign: positive=9, negative=0, zero=0, positive_ratio=1.000, negative_ratio=0.000",p,"estimated from Seebeck sign: positive=9, negative=0, zero=0, positive_ratio=1.000, negative_ratio=0.000",high,1.117052,0.9465704231882054,1.108623882156619,0.1371920271150575,0.1402387179601056,false_negative,high_zt_false_negative,yes,yes,yes,yes,unknown,,unknown,,False,unknown,True,True,unknown,no,no,high_zt_error;manual_review;sintering_check,1,90,A,high observed ZT; high-ZT false negative; important candidate for paper; carried from Step14,9,9,9,9,0.1402387179601195,0.1515155200424328,0.1515155200424248,0.1504512982469704,excellent,excellent,31713,,1.607924841018143,relative_scale,empirical_group_baseline,,yes,excellent,excellent,excellent,near,high_zt_false_negative,yes,yes,observed high ZT missed; manual review required; sintering check required later,https://doi.org/10.1007/s12598-018-1005-2
10.1021_ja400069s__sample_299,2650,A,ZT>=1 false negative; observed ZT>=1; large ZT prediction error; manual review candidate; sintering check candidate,10.1021/ja400069s,,299,Pb0.95Ca0.04Na0.01Se1,unknown,p,"estimated from Seebeck sign: positive=22, negative=0, zero=0, positive_ratio=1.000, negative_ratio=0.000",p,"estimated from Seebeck sign: positive=22, negative=0, zero=0, positive_ratio=1.000, negative_ratio=0.000",high,1.114985,0.6017826088202513,0.5425803963935357,0.2788930796279784,0.2786572486675992,false_negative,high_zt_false_negative,yes,yes,yes,yes,unknown,,unknown,,False,unknown,True,True,unknown,no,no,high_zt_error;manual_review;sintering_check,1,90,A,high observed ZT; high-ZT false negative; important candidate for paper; carried from Step14,22,15,13,11,0.2872885542387134,0.3597539675197717,0.3671834984322971,0.3784752124247745,good,good,3503,,2.449865556969579,relative_scale,empirical_group_baseline,,yes,good,good,good,under_predicted,high_zt_false_negative,yes,yes,observed high ZT missed; manual review required; sintering check required later,https://doi.org/10.1021/ja400069s
10.1007_s11664-014-3512-8__sample_4181,2650,A,ZT>=1 false negative; observed ZT>=1; large ZT prediction error; manual review candidate; sintering check candidate,10.1007/s11664-014-3512-8,,4181,CoSb2.79Te0.16Se0.05,unknown,n,"estimated from Seebeck sign: positive=0, negative=21, zero=0, positive_ratio=0.000, negative_ratio=1.000",n,"estimated from Seebeck sign: positive=0, negative=21, zero=0, positive_ratio=0.000, negative_ratio=1.000",high,1.114109,0.5186521955358246,0.5937086670837918,0.0920041251627142,0.0874725951401315,false_negative,high_zt_false_negative,yes,yes,yes,yes,unknown,,unknown,,False,unknown,True,True,unknown,no,no,high_zt_error;manual_review;sintering_check,1,100,A,high observed ZT; high-ZT false negative; important candidate for paper; carried from Step14,21,11,3,2,0.0899450824141208,0.1099190946377148,0.0957203688732177,0.1131151640641639,excellent,excellent,2634,,1.7069264506734505,relative_scale,empirical_group_baseline,,yes,excellent,excellent,excellent,near,high_zt_false_negative,yes,yes,observed high ZT missed; manual review required; sintering check required later,https://doi.org/10.1007/s11664-014-3512-8
10.1016_j.actamat.2011.04.023__sample_16438,2650,A,ZT>=1 false negative; observed ZT>=1; large ZT prediction error; manual review candidate; sintering check candidate,10.1016/j.actamat.2011.04.023,,16438,Zn4Sb3,unknown,p,"estimated from Seebeck sign: positive=21, negative=0, zero=0, positive_ratio=1.000, negative_ratio=0.000",p,"estimated from Seebeck sign: positive=21, negative=0, zero=0, positive_ratio=1.000, negative_ratio=0.000",high,1.111712,0.8791771858430343,0.9418251510142982,0.0809254715247198,0.0750345992486397,false_negative,high_zt_false_negative,yes,yes,yes,yes,unknown,,unknown,,False,unknown,True,True,unknown,no,no,high_zt_error;manual_review;sintering_check,1,90,A,high observed ZT; high-ZT false negative; important candidate for paper; carried from Step14,21,14,11,9,0.0707946955372422,0.0858415308360047,0.0903932362762609,0.095396606114245,excellent,excellent,43,,1.009214341545583,relative_scale,empirical_group_baseline,,yes,excellent,excellent,excellent,near,high_zt_false_negative,yes,yes,observed high ZT missed; manual review required; sintering check required later,https://doi.org/10.1016/j.actamat.2011.04.023
10.1007_s11664-014-3512-8__sample_4182,2650,A,ZT>=1 false negative; observed ZT>=1; large ZT prediction error; manual review candidate; sintering check candidate,10.1007/s11664-014-3512-8,,4182,CoSb2.79Te0.16Se0.04S0.01,unknown,n,"estimated from Seebeck sign: positive=0, negative=21, zero=0, positive_ratio=0.000, negative_ratio=1.000",n,"estimated from Seebeck sign: positive=0, negative=21, zero=0, positive_ratio=0.000, negative_ratio=1.000",high,1.110755,0.4834074310222429,0.5192035198988373,,0.1033922449165573,false_negative,high_zt_false_negative,yes,yes,yes,yes,unknown,,unknown,,False,unknown,True,True,unknown,no,no,high_zt_error;manual_review;sintering_check,1,100,A,high observed ZT; high-ZT false negative; important candidate for paper; carried from Step14,21,11,2,0,0.0656526778441895,0.0800158640921502,0.1043507986341978,,not_evaluated,excellent,2634,,1.677966114000886,relative_scale,empirical_group_baseline,,yes,excellent,not_available,excellent,under_predicted,high_zt_false_negative,yes,yes,observed high ZT missed; insufficient ZT evaluation rows; manual review required; sintering check required later,https://doi.org/10.1007/s11664-014-3512-8
10.1016_j.jallcom.2019.07.120__sample_39213,2650,A,ZT>=1 false negative; observed ZT>=1; large ZT prediction error; manual review candidate; sintering check candidate,10.1016/j.jallcom.2019.07.120,,39213,GeTe,unknown,p,"estimated from Seebeck sign: positive=10, negative=0, zero=0, positive_ratio=1.000, negative_ratio=0.000",p,"estimated from Seebeck sign: positive=10, negative=0, zero=0, positive_ratio=1.000, negative_ratio=0.000",high,1.108244,0.7065552025056394,0.6004177607675827,0.1522108302105076,0.1668800790792418,false_negative,high_zt_false_negative,yes,yes,yes,yes,unknown,,unknown,,False,unknown,True,True,unknown,no,no,high_zt_error;manual_review;sintering_check,1,90,A,high observed ZT; high-ZT false negative; important candidate for paper; carried from Step14,10,10,6,6,0.2822354094441823,0.315940585172152,0.2304198681569574,0.2046609281622435,good,good,24398,,8.948108081773483,relative_scale,empirical_group_baseline,,yes,good,excellent,excellent,near,high_zt_false_negative,yes,yes,observed high ZT missed; manual review required; sintering check required later,https://doi.org/10.1016/j.jallcom.2019.07.120
10.1126_sciadv.aar5606__sample_40280,2650,A,ZT>=1 false negative; observed ZT>=1; large ZT prediction error; manual review candidate; sintering check candidate,10.1126/sciadv.aar5606,,40280,(Bi0.5Sb1.5Te3)79.21(Te)20.79,unknown,p,"estimated from Seebeck sign: positive=8, negative=0, zero=0, positive_ratio=1.000, negative_ratio=0.000",p,"estimated from Seebeck sign: positive=8, negative=0, zero=0, positive_ratio=1.000, negative_ratio=0.000",high,1.107289,0.8356640676496401,0.758232126874258,0.0870583208926556,0.1017551517520914,false_negative,high_zt_false_negative,yes,yes,yes,yes,unknown,,unknown,,False,unknown,True,True,unknown,no,no,high_zt_error;manual_review;sintering_check,1,100,A,high observed ZT; high-ZT false negative; important candidate for paper; carried from Step14,8,6,2,1,0.1050031981842666,0.1122167826324376,0.0969050164163286,0.0834752597749178,excellent,excellent,31786,,0.953386174527444,relative_scale,empirical_group_baseline,,yes,excellent,excellent,excellent,near,high_zt_false_negative,yes,yes,observed high ZT missed; manual review required; sintering check required later,https://doi.org/10.1126/sciadv.aar5606
10.1016_j.physb.2019.411797__sample_35158,2650,A,ZT>=1 false negative; observed ZT>=1; large ZT prediction error; manual review candidate; sintering check candidate,10.1016/j.physb.2019.411797,,35158,Pb1.1Se,unknown,n,"estimated from Seebeck sign: positive=0, negative=14, zero=0, positive_ratio=0.000, negative_ratio=1.000",n,"estimated from Seebeck sign: positive=0, negative=14, zero=0, positive_ratio=0.000, negative_ratio=1.000",high,1.106573,0.9172084097256562,0.5160712431464098,0.6034552051803787,0.6458357527561377,false_negative,high_zt_false_negative,yes,yes,yes,yes,unknown,,unknown,,False,unknown,True,True,unknown,no,no,high_zt_error;manual_review;sintering_check,1,90,A,high observed ZT; high-ZT false negative; important candidate for paper; carried from Step14,14,14,14,14,0.6458357527562175,0.6637082030722526,0.663708203072223,1.119673994512785,poor,moderate,23876,,0.3248302565525869,relative_scale,empirical_group_baseline,,yes,moderate,moderate,moderate,under_predicted,high_zt_false_negative,yes,yes,observed high ZT missed; manual review required; sintering check required later,https://doi.org/10.1016/j.physb.2019.411797
10.1016_j.intermet.2011.07.020__sample_16535,2650,A,ZT>=1 false negative; observed ZT>=1; large ZT prediction error; manual review candidate; sintering check candidate,10.1016/j.intermet.2011.07.020,,16535,Zn3.96Cd0.04Sb3,unknown,p,"estimated from Seebeck sign: positive=19, negative=0, zero=0, positive_ratio=1.000, negative_ratio=0.000",p,"estimated from Seebeck sign: positive=19, negative=0, zero=0, positive_ratio=1.000, negative_ratio=0.000",high,1.105908,0.8530619422922433,0.8565605878654852,0.226889250860824,0.1406449796398355,false_negative,high_zt_false_negative,yes,yes,yes,yes,unknown,,unknown,,False,unknown,True,True,unknown,no,no,high_zt_error;manual_review;sintering_check,1,100,A,high observed ZT; high-ZT false negative; important candidate for paper; carried from Step14,19,7,3,2,0.1155326268682054,0.1425695842371429,0.180375370932804,0.2352207967492895,good,excellent,1253,,0.946732820329512,relative_scale,empirical_group_baseline,,yes,excellent,good,excellent,under_predicted,high_zt_false_negative,yes,yes,observed high ZT missed; manual review required; sintering check required later,https://doi.org/10.1016/j.intermet.2011.07.020
10.1039_c7cc05935c__sample_31540,2650,A,ZT>=1 false negative; observed ZT>=1; large ZT prediction error; manual review candidate; sintering check candidate,10.1039/c7cc05935c,,31540,Ag9GaSe6,unknown,n,"estimated from Seebeck sign: positive=0, negative=11, zero=0, positive_ratio=0.000, negative_ratio=1.000",n,"estimated from Seebeck sign: positive=0, negative=11, zero=0, positive_ratio=0.000, negative_ratio=1.000",high,1.10192,0.8443096669390009,0.8210706184117726,0.0894169893453203,0.0683764314804477,false_negative,high_zt_false_negative,yes,yes,yes,yes,unknown,,unknown,,False,unknown,True,True,unknown,no,no,high_zt_error;manual_review;sintering_check,1,100,A,high observed ZT; high-ZT false negative; important candidate for paper; carried from Step14,11,4,2,1,0.3258378117101597,0.3363803764881138,0.0754327361141334,0.0856426809856545,excellent,excellent,27919,,0.1135737576196065,relative_scale,empirical_group_baseline,,yes,good,excellent,excellent,near,high_zt_false_negative,yes,yes,observed high ZT missed; manual review required; sintering check required later,https://doi.org/10.1039/c7cc05935c
10.1016_j.materresbull.2012.03.059__sample_4592,2650,A,ZT>=1 false negative; observed ZT>=1; large ZT prediction error; manual review candidate; sintering check candidate,10.1016/j.materresbull.2012.03.059,,4592,Co4Sb11.3Te0.58Se0.12,unknown,n,"estimated from Seebeck sign: positive=0, negative=21, zero=0, positive_ratio=0.000, negative_ratio=1.000",n,"estimated from Seebeck sign: positive=0, negative=21, zero=0, positive_ratio=0.000, negative_ratio=1.000",high,1.100432,0.8152118359771393,0.8642265318625498,0.107124662646124,0.0875867496202192,false_negative,high_zt_false_negative,yes,yes,yes,yes,unknown,,unknown,,False,unknown,True,True,unknown,no,no,high_zt_error;manual_review;sintering_check,1,100,A,high observed ZT; high-ZT false negative; important candidate for paper; carried from Step14,21,5,2,1,0.1035839111048835,0.1270422973210585,0.098249622351066,0.1133083076782874,excellent,excellent,3816,,1.8559773497422145,relative_scale,empirical_group_baseline,,yes,excellent,excellent,excellent,near,high_zt_false_negative,yes,yes,observed high ZT missed; manual review required; sintering check required later,https://doi.org/10.1016/j.materresbull.2012.03.059
10.1016_j.jallcom.2020.155804__sample_36303,2650,A,ZT>=1 false negative; observed ZT>=1; large ZT prediction error; manual review candidate; sintering check candidate,10.1016/j.jallcom.2020.155804,,36303,Bi0.5Sb1.5Te3,unknown,p,"estimated from Seebeck sign: positive=9, negative=0, zero=0, positive_ratio=1.000, negative_ratio=0.000",p,"estimated from Seebeck sign: positive=9, negative=0, zero=0, positive_ratio=1.000, negative_ratio=0.000",high,1.094132,0.0099892905325542,0.0106208635540314,0.98990576923755,0.0737234196169586,false_negative,high_zt_false_negative,yes,yes,yes,yes,unknown,,unknown,,False,unknown,True,True,unknown,no,no,high_zt_error;manual_review;sintering_check,1,90,A,high observed ZT; high-ZT false negative; important candidate for paper; carried from Step14,9,9,5,5,0.0848268388729593,0.0917811963432818,0.082458345184888,4.602542335438752,poor,excellent,29061,,0.0111508734654776,relative_scale,empirical_group_baseline,,yes,excellent,moderate,excellent,under_predicted,high_zt_false_negative,yes,yes,observed high ZT missed; manual review required; sintering check required later,https://doi.org/10.1016/j.jallcom.2020.155804
10.1007_s12598-021-01753-w__sample_45738,2650,A,ZT>=1 false negative; observed ZT>=1; large ZT prediction error; manual review candidate; sintering check candidate,10.1007/s12598-021-01753-w,,45738,Sn0.9750Na0.02In0.0050Se,unknown,p,"estimated from Seebeck sign: positive=11, negative=0, zero=0, positive_ratio=1.000, negative_ratio=0.000",p,"estimated from Seebeck sign: positive=11, negative=0, zero=0, positive_ratio=1.000, negative_ratio=0.000",high,1.093832,0.661967507484403,1.118157224352801,0.2360735867550726,0.2263865113438909,false_negative,high_zt_false_negative,yes,yes,yes,yes,unknown,,unknown,,False,unknown,True,True,unknown,no,no,high_zt_error;manual_review;sintering_check,1,90,A,high observed ZT; high-ZT false negative; important candidate for paper; carried from Step14,11,7,4,3,0.2188973214215337,0.2948119325139068,0.3399318110020045,0.360192738835054,good,good,37376,,0.1202130642143578,relative_scale,empirical_group_baseline,,yes,good,good,good,under_predicted,high_zt_false_negative,yes,yes,observed high ZT missed; manual review required; sintering check required later,https://doi.org/10.1007/s12598-021-01753-w
10.1002_aenm.201800775__sample_39703,2650,A,ZT>=1 false negative; observed ZT>=1; large ZT prediction error; manual review candidate; sintering check candidate,10.1002/aenm.201800775,,39703,SnSb0.02Se0.96,unknown,n,"estimated from Seebeck sign: positive=0, negative=12, zero=0, positive_ratio=0.000, negative_ratio=1.000",n,"estimated from Seebeck sign: positive=0, negative=12, zero=0, positive_ratio=0.000, negative_ratio=1.000",high,1.093714,0.1046340740147344,1.0198604399469224,9.883872925683306,10.631617050325636,false_negative,high_zt_false_negative,yes,yes,yes,yes,unknown,,unknown,,False,unknown,True,True,unknown,no,no,high_zt_error;manual_review;sintering_check,1,135,A,high observed ZT; high-ZT false negative; important candidate for paper; carried from Step14,12,11,7,7,7.197037093878806,2.054340423261704,2.403543175299878,2.5245072891909808,poor,poor,31935,,0.0068604196699143,relative_scale,empirical_group_baseline,,yes,poor,poor,poor,under_predicted,high_zt_false_negative,yes,yes,large PF error; large ZT error vs observed ZT; large ZT error vs calculated ZT; observed high ZT missed; manual review required; sintering check required later,https://doi.org/10.1002/aenm.201800775
10.1007_s11664-014-3076-7__sample_16795,2650,A,ZT>=1 false negative; observed ZT>=1; large ZT prediction error; manual review candidate; sintering check candidate,10.1007/s11664-014-3076-7,,16795,AgCe0.005Sb0.995Te2.01,unknown,p,"estimated from Seebeck sign: positive=7, negative=0, zero=0, positive_ratio=1.000, negative_ratio=0.000",p,"estimated from Seebeck sign: positive=7, negative=0, zero=0, positive_ratio=1.000, negative_ratio=0.000",high,1.093639,0.8808031655728635,1.0883483911202898,0.1939637740165979,0.1944079761585779,false_negative,high_zt_false_negative,yes,yes,yes,yes,unknown,,unknown,,False,unknown,True,True,unknown,no,no,high_zt_error;manual_review;sintering_check,1,90,A,high observed ZT; high-ZT false negative; important candidate for paper; carried from Step14,7,7,7,7,0.1944079761585876,0.2294750467051706,0.2294750467051803,0.2301135984637068,good,good,2579,,0.4390385996311464,relative_scale,empirical_group_baseline,,yes,excellent,excellent,excellent,near,high_zt_false_negative,yes,yes,observed high ZT missed; manual review required; sintering check required later,https://doi.org/10.1007/s11664-014-3076-7
10.1002_aenm.201400348__sample_13676,2650,A,ZT>=1 false negative; observed ZT>=1; large ZT prediction error; manual review candidate; sintering check candidate,10.1002/aenm.201400348,,13676,Tl7.95Sn2.05Te6,unknown,p,"estimated from Seebeck sign: positive=9, negative=0, zero=0, positive_ratio=1.000, negative_ratio=0.000",p,"estimated from Seebeck sign: positive=9, negative=0, zero=0, positive_ratio=1.000, negative_ratio=0.000",high,1.092151,0.3291646023454191,0.4665405759681081,0.2637785677803194,0.2944566468578281,false_negative,high_zt_false_negative,yes,yes,yes,yes,unknown,,unknown,,False,unknown,True,True,unknown,no,no,high_zt_error;manual_review;sintering_check,1,100,A,high observed ZT; high-ZT false negative; important candidate for paper; carried from Step14,9,7,1,1,0.2954490156797331,0.3777913017208146,0.3487870593403016,0.3062243465081212,good,good,118,,0.3146496629913978,relative_scale,empirical_group_baseline,,yes,good,good,good,under_predicted,high_zt_false_negative,yes,yes,observed high ZT missed; manual review required; sintering check required later,https://doi.org/10.1002/aenm.201400348
10.1021_jacs.0c05650__sample_38433,2650,A,ZT>=1 false negative; observed ZT>=1; large ZT prediction error; manual review candidate; sintering check candidate,10.1021/jacs.0c05650,,38433,NaSn10SbTe12,unknown,p,"estimated from Seebeck sign: positive=12, negative=0, zero=0, positive_ratio=1.000, negative_ratio=0.000",p,"estimated from Seebeck sign: positive=12, negative=0, zero=0, positive_ratio=1.000, negative_ratio=0.000",high,1.091321,0.1977028458698785,0.2401061418103429,0.2157844505994058,0.2048321061749567,false_negative,high_zt_false_negative,yes,yes,yes,yes,unknown,,unknown,,False,unknown,True,True,unknown,no,no,high_zt_error;manual_review;sintering_check,1,90,A,high observed ZT; high-ZT false negative; important candidate for paper; carried from Step14,12,8,3,3,0.2117227933065766,0.236429018193784,0.2314709710641854,0.2464537093981282,good,good,29626,,3.746568039938994,relative_scale,empirical_group_baseline,,yes,good,good,good,under_predicted,high_zt_false_negative,yes,yes,observed high ZT missed; manual review required; sintering check required later,https://doi.org/10.1021/jacs.0c05650
10.1016_j.jallcom.2020.155804__sample_36305,2650,A,ZT>=1 false negative; observed ZT>=1; large ZT prediction error; manual review candidate; sintering check candidate,10.1016/j.jallcom.2020.155804,,36305,Bi0.5Sb1.5Te3,unknown,p,"estimated from Seebeck sign: positive=9, negative=0, zero=0, positive_ratio=1.000, negative_ratio=0.000",p,"estimated from Seebeck sign: positive=9, negative=0, zero=0, positive_ratio=1.000, negative_ratio=0.000",high,1.0913,0.0108896122179159,0.0108962762332567,0.9899387560760624,0.0944833890278902,false_negative,high_zt_false_negative,yes,yes,yes,yes,unknown,,unknown,,False,unknown,True,True,unknown,no,no,high_zt_error;manual_review;sintering_check,1,90,A,high observed ZT; high-ZT false negative; important candidate for paper; carried from Step14,9,7,5,5,0.0965201117414738,0.1048792836938507,0.1061720573587929,4.605614200112302,poor,excellent,29061,,0.0142126696756135,relative_scale,empirical_group_baseline,,yes,excellent,moderate,excellent,under_predicted,high_zt_false_negative,yes,yes,observed high ZT missed; manual review required; sintering check required later,https://doi.org/10.1016/j.jallcom.2020.155804
10.3390_en9040236__sample_31379,2650,A,ZT>=1 false negative; observed ZT>=1; large ZT prediction error; manual review candidate; sintering check candidate,10.3390/en9040236,,31379,Bi0.48Sb1.52Te3C0.06,unknown,p,"estimated from Seebeck sign: positive=14, negative=0, zero=0, positive_ratio=1.000, negative_ratio=0.000",p,"estimated from Seebeck sign: positive=14, negative=0, zero=0, positive_ratio=1.000, negative_ratio=0.000",high,1.090218,0.9144980256385528,0.8379955263756842,0.0890390662063594,0.0563423898917737,false_negative,high_zt_false_negative,yes,yes,yes,yes,unknown,,unknown,,False,unknown,True,True,unknown,no,no,high_zt_error;manual_review;sintering_check,1,100,A,high observed ZT; high-ZT false negative; important candidate for paper; carried from Step14,14,6,4,2,0.0865394632872265,0.1040824221045014,0.0578786991804675,0.0912918301698717,excellent,excellent,7925,,1.3418189300160728,relative_scale,empirical_group_baseline,,yes,excellent,excellent,excellent,near,high_zt_false_negative,yes,yes,observed high ZT missed; manual review required; sintering check required later,https://doi.org/10.3390/en9040236
10.1007_s12598-018-1005-2__sample_40886,2650,A,ZT>=1 false negative; observed ZT>=1; large ZT prediction error; manual review candidate; sintering check candidate,10.1007/s12598-018-1005-2,,40886,(Bi0.5Sb1.5Te2.95Se0.05)86.07(Te)13.93,unknown,p,"estimated from Seebeck sign: positive=9, negative=0, zero=0, positive_ratio=1.000, negative_ratio=0.000",p,"estimated from Seebeck sign: positive=9, negative=0, zero=0, positive_ratio=1.000, negative_ratio=0.000",high,1.089706,0.9517177125781232,1.0796663852249766,0.1473525553323257,0.1410717307846336,false_negative,high_zt_false_negative,yes,yes,yes,yes,unknown,,unknown,,False,unknown,True,True,unknown,no,no,high_zt_error;manual_review;sintering_check,1,90,A,high observed ZT; high-ZT false negative; important candidate for paper; carried from Step14,9,9,9,9,0.1410717307846384,0.1520814986544938,0.1520814986544935,0.1586489306822364,excellent,excellent,31713,,1.6885785444321444,relative_scale,empirical_group_baseline,,yes,excellent,excellent,excellent,near,high_zt_false_negative,yes,yes,observed high ZT missed; manual review required; sintering check required later,https://doi.org/10.1007/s12598-018-1005-2
10.1038_s41598-020-58998-1__sample_28171,2650,A,ZT>=1 false negative; observed ZT>=1; large ZT prediction error; manual review candidate; sintering check candidate,10.1038/s41598-020-58998-1,,28171,Mg2Sn,unknown,n,"estimated from Seebeck sign: positive=0, negative=8, zero=0, positive_ratio=0.000, negative_ratio=1.000",n,"estimated from Seebeck sign: positive=0, negative=8, zero=0, positive_ratio=0.000, negative_ratio=1.000",high,1.089202,0.0758058833595585,0.0396493318831531,,0.9119082153252692,false_negative,high_zt_false_negative,yes,yes,yes,yes,unknown,,unknown,,False,unknown,False,False,unknown,no,no,high_zt_error;manual_review;sintering_check,1,90,A,high observed ZT; high-ZT false negative; important candidate for paper; carried from Step14,8,8,1,0,0.3222099244148168,0.352675483847604,0.6481018089399617,,not_evaluated,moderate,24687,,1.0732657230608134,relative_scale,empirical_group_baseline,,yes,good,not_available,moderate,under_predicted,high_zt_false_negative,yes,yes,observed high ZT missed; insufficient ZT evaluation rows; manual review required; sintering check required later,https://doi.org/10.1038/s41598-020-58998-1
10.1021_ja071875h__sample_158,2650,A,ZT>=1 false negative; observed ZT>=1; large ZT prediction error; manual review candidate; sintering check candidate,10.1021/ja071875h,,158,Pb0.952Sn0.048Te0.96S0.04,unknown,n,"estimated from Seebeck sign: positive=0, negative=32, zero=0, positive_ratio=0.000, negative_ratio=1.000",n,"estimated from Seebeck sign: positive=0, negative=32, zero=0, positive_ratio=0.000, negative_ratio=1.000",high,1.087106,0.3136157774810172,0.5540540025190537,0.4501820435596305,0.4339617148235796,false_negative,high_zt_false_negative,yes,yes,yes,yes,unknown,,unknown,,False,unknown,True,True,unknown,no,no,high_zt_error;manual_review;sintering_check,1,100,A,high observed ZT; high-ZT false negative; important candidate for paper; carried from Step14,32,32,1,1,0.4271104670491558,0.4802342169463945,0.5690935614120946,0.5981680438345718,moderate,moderate,3480,,0.8948836722516261,relative_scale,empirical_group_baseline,,yes,good,good,good,under_predicted,high_zt_false_negative,yes,yes,observed high ZT missed; manual review required; sintering check required later,https://doi.org/10.1021/ja071875h
10.1021_cm402593f__sample_13844,2650,A,ZT>=1 false negative; observed ZT>=1; large ZT prediction error; manual review candidate; sintering check candidate,10.1021/cm402593f,,13844,Tl9Bi0.98Te6,unknown,p,"estimated from Seebeck sign: positive=8, negative=0, zero=0, positive_ratio=1.000, negative_ratio=0.000",p,"estimated from Seebeck sign: positive=8, negative=0, zero=0, positive_ratio=1.000, negative_ratio=0.000",high,1.086775,0.9409053337091056,0.905575014038799,0.0556025698589259,0.0643458009963565,false_negative,high_zt_false_negative,yes,yes,yes,yes,unknown,,unknown,,False,unknown,True,True,unknown,no,no,high_zt_error;manual_review;sintering_check,1,100,A,high observed ZT; high-ZT false negative; important candidate for paper; carried from Step14,8,6,2,1,0.0472802514921033,0.0530251821082177,0.0717375240557873,0.0541117601447562,excellent,excellent,609,,0.4343698431670721,relative_scale,empirical_group_baseline,,yes,excellent,excellent,excellent,near,high_zt_false_negative,yes,yes,observed high ZT missed; manual review required; sintering check required later,https://doi.org/10.1021/cm402593f
10.1109_ict.2006.331301__sample_5147,2650,A,ZT>=1 false negative; observed ZT>=1; large ZT prediction error; manual review candidate; sintering check candidate,10.1109/ict.2006.331301,,5147,Sr0.3Yb0.2Co4Sb12,unknown,n,"estimated from Seebeck sign: positive=0, negative=12, zero=0, positive_ratio=0.000, negative_ratio=1.000",n,"estimated from Seebeck sign: positive=0, negative=12, zero=0, positive_ratio=0.000, negative_ratio=1.000",high,1.085714,0.1750279924037233,0.1997662412651258,0.1248600379813831,0.123835983020626,false_negative,high_zt_false_negative,yes,yes,yes,yes,unknown,,unknown,,False,unknown,True,True,unknown,no,no,high_zt_error;manual_review;sintering_check,1,100,A,high observed ZT; high-ZT false negative; important candidate for paper; carried from Step14,12,3,1,1,0.1511270552822098,0.1555870965246083,0.1322019715771232,0.1333714488235093,excellent,excellent,9014,,2.967015563919081,relative_scale,empirical_group_baseline,,yes,excellent,excellent,excellent,near,high_zt_false_negative,yes,yes,observed high ZT missed; manual review required; sintering check required later,https://doi.org/10.1109/ict.2006.331301
10.1016_j.jallcom.2020.155804__sample_36302,2650,A,ZT>=1 false negative; observed ZT>=1; large ZT prediction error; manual review candidate; sintering check candidate,10.1016/j.jallcom.2020.155804,,36302,Bi0.5Sb1.5Te3,unknown,p,"estimated from Seebeck sign: positive=9, negative=0, zero=0, positive_ratio=1.000, negative_ratio=0.000",p,"estimated from Seebeck sign: positive=9, negative=0, zero=0, positive_ratio=1.000, negative_ratio=0.000",high,1.085144,0.0099154083237964,0.0109034731218706,0.989983735833256,0.0856461036108461,false_negative,high_zt_false_negative,yes,yes,yes,yes,unknown,,unknown,,False,unknown,True,True,unknown,no,no,high_zt_error;manual_review;sintering_check,1,90,A,high observed ZT; high-ZT false negative; important candidate for paper; carried from Step14,9,9,5,5,0.0958448670454038,0.1024597430018352,0.0922063636909248,4.608818636092095,poor,excellent,29061,,0.0107166669922281,relative_scale,empirical_group_baseline,,yes,excellent,moderate,excellent,under_predicted,high_zt_false_negative,yes,yes,observed high ZT missed; manual review required; sintering check required later,https://doi.org/10.1016/j.jallcom.2020.155804
10.1016_j.ceramint.2020.08.182__sample_41951,2650,A,ZT>=1 false negative; observed ZT>=1; large ZT prediction error; manual review candidate; sintering check candidate,10.1016/j.ceramint.2020.08.182,,41951,(Bi0.48Sb1.52Te3)99.86(AgSbTe2)0.14,unknown,p,"estimated from Seebeck sign: positive=9, negative=0, zero=0, positive_ratio=1.000, negative_ratio=0.000",p,"estimated from Seebeck sign: positive=9, negative=0, zero=0, positive_ratio=1.000, negative_ratio=0.000",high,1.083297,0.9223551130454646,1.138299793629795,0.1613930146125986,0.1665007246579394,false_negative,high_zt_false_negative,yes,yes,yes,yes,unknown,,unknown,,False,unknown,True,True,unknown,no,no,high_zt_error;manual_review;sintering_check,1,90,A,high observed ZT; high-ZT false negative; important candidate for paper; carried from Step14,9,7,5,3,0.1484577204167086,0.1539619198179276,0.1697944454356881,0.1613687726996532,excellent,excellent,28831,,1.5143249562079473,relative_scale,empirical_group_baseline,,yes,excellent,excellent,excellent,near,high_zt_false_negative,yes,yes,observed high ZT missed; manual review required; sintering check required later,https://doi.org/10.1016/j.ceramint.2020.08.182
10.1007_s11664-019-07720-7__sample_35575,2650,A,ZT>=1 false negative; observed ZT>=1; large ZT prediction error; manual review candidate; sintering check candidate,10.1007/s11664-019-07720-7,,35575,Bi0.94In0.06CuSeO,unknown,p,"estimated from Seebeck sign: positive=13, negative=0, zero=0, positive_ratio=1.000, negative_ratio=0.000",p,"estimated from Seebeck sign: positive=13, negative=0, zero=0, positive_ratio=1.000, negative_ratio=0.000",high,1.082461,0.6527166541597892,0.7506747653055187,0.3139018789076108,0.4260944580270163,false_negative,high_zt_false_negative,yes,yes,yes,yes,unknown,,unknown,,False,unknown,True,True,unknown,no,no,high_zt_error;manual_review;sintering_check,1,90,A,high observed ZT; high-ZT false negative; important candidate for paper; carried from Step14,13,9,8,7,0.3954453967390694,0.3848169620170386,0.4040803806376105,0.3157561107493255,good,moderate,24026,,0.4146897076785093,relative_scale,empirical_group_baseline,,yes,good,good,good,under_predicted,high_zt_false_negative,yes,yes,observed high ZT missed; manual review required; sintering check required later,https://doi.org/10.1007/s11664-019-07720-7
10.1002_adfm.201402211__sample_7642,2650,A,ZT>=1 false negative; observed ZT>=1; large ZT prediction error; manual review candidate; sintering check candidate,10.1002/adfm.201402211,,7642,BiAgSeS0.985Cl0.015,unknown,n,"estimated from Seebeck sign: positive=0, negative=12, zero=0, positive_ratio=0.000, negative_ratio=1.000",n,"estimated from Seebeck sign: positive=0, negative=12, zero=0, positive_ratio=0.000, negative_ratio=1.000",high,1.07977,0.5074408662712181,1.0753698850208973,,1.232812567662576,false_negative,high_zt_false_negative,yes,yes,yes,yes,unknown,,unknown,,False,unknown,True,True,unknown,no,no,high_zt_error;manual_review;sintering_check,1,120,A,high observed ZT; high-ZT false negative; important candidate for paper; carried from Step14,12,6,3,0,0.8326674684103729,0.7664456428887033,0.9124532392211316,,not_evaluated,poor,5977,,0.0802254004555456,relative_scale,empirical_group_baseline,,yes,moderate,not_available,poor,under_predicted,high_zt_false_negative,yes,yes,large ZT error vs calculated ZT; observed high ZT missed; insufficient ZT evaluation rows; manual review required; sintering check required later,https://doi.org/10.1002/adfm.201402211
10.1021_jacs.8b04639__sample_45095,2650,A,ZT>=1 false negative; observed ZT>=1; large ZT prediction error; manual review candidate; sintering check candidate,10.1021/jacs.8b04639,,45095,Tl4Ag22Te15,unknown,p,"estimated from Seebeck sign: positive=5, negative=0, zero=0, positive_ratio=1.000, negative_ratio=0.000",p,"estimated from Seebeck sign: positive=5, negative=0, zero=0, positive_ratio=1.000, negative_ratio=0.000",high,1.079672,0.5127732038292935,1.0794552876710846,1.6970203731820277,1.7218958580204595,false_negative,high_zt_false_negative,yes,yes,yes,yes,unknown,,unknown,,False,unknown,True,True,unknown,no,no,high_zt_error;manual_review;sintering_check,1,135,A,high observed ZT; high-ZT false negative; important candidate for paper; carried from Step14,5,5,4,4,1.3832785008618365,1.158854812185947,1.2955566233396247,1.2889982062941348,poor,poor,38438,,0.0273220005570684,relative_scale,empirical_group_baseline,,yes,poor,poor,poor,under_predicted,high_zt_false_negative,yes,yes,large PF error; large ZT error vs observed ZT; large ZT error vs calculated ZT; observed high ZT missed; manual review required; sintering check required later,https://doi.org/10.1021/jacs.8b04639
10.1016_j.scriptamat.2018.05.026__sample_39767,2650,A,ZT>=1 false negative; observed ZT>=1; large ZT prediction error; manual review candidate; sintering check candidate,10.1016/j.scriptamat.2018.05.026,,39767,Bi0.4Sb1.6Te3,unknown,p,"estimated from Seebeck sign: positive=10, negative=0, zero=0, positive_ratio=1.000, negative_ratio=0.000",p,"estimated from Seebeck sign: positive=10, negative=0, zero=0, positive_ratio=1.000, negative_ratio=0.000",high,1.079542,0.9247248077112395,1.0824089686793303,0.1434100686112817,0.1456789120663739,false_negative,high_zt_false_negative,yes,yes,yes,yes,unknown,,unknown,,False,unknown,True,True,unknown,no,no,high_zt_error;manual_review;sintering_check,1,100,A,high observed ZT; high-ZT false negative; important candidate for paper; carried from Step14,10,10,1,1,0.1114462216654546,0.1224188275466526,0.1574481746698664,0.1547959680274089,excellent,excellent,31837,,1.3071712771722792,relative_scale,empirical_group_baseline,,yes,excellent,excellent,excellent,near,high_zt_false_negative,yes,yes,observed high ZT missed; manual review required; sintering check required later,https://doi.org/10.1016/j.scriptamat.2018.05.026
10.1038_ncomms9144__sample_20277,2650,A,ZT>=1 false negative; observed ZT>=1; large ZT prediction error; manual review candidate; sintering check candidate,10.1038/ncomms9144,,20277,FeNb0.92Hf0.08Sb,unknown,p,"estimated from Seebeck sign: positive=19, negative=0, zero=0, positive_ratio=1.000, negative_ratio=0.000",p,"estimated from Seebeck sign: positive=19, negative=0, zero=0, positive_ratio=1.000, negative_ratio=0.000",high,1.075182,0.6685041633771613,0.8639854523610355,0.2217186827918517,0.2726840131502189,false_negative,high_zt_false_negative,yes,yes,yes,yes,unknown,,unknown,,False,unknown,True,True,unknown,no,no,high_zt_error;manual_review;sintering_check,1,90,A,high observed ZT; high-ZT false negative; important candidate for paper; carried from Step14,19,6,4,3,0.3088090695506524,0.3802292429657233,0.3755588357773908,0.3147856820505451,good,good,14609,,3.529989767219053,relative_scale,empirical_group_baseline,,yes,good,good,good,under_predicted,high_zt_false_negative,yes,yes,observed high ZT missed; manual review required; sintering check required later,https://doi.org/10.1038/ncomms9144
10.1021_jacs.1c01801__sample_44405,2650,A,ZT>=1 false negative; observed ZT>=1; large ZT prediction error; manual review candidate; sintering check candidate,10.1021/jacs.1c01801,,44405,Cu0.8Ag0.2InTe2,unknown,p,"estimated from Seebeck sign: positive=24, negative=0, zero=0, positive_ratio=1.000, negative_ratio=0.000",p,"estimated from Seebeck sign: positive=24, negative=0, zero=0, positive_ratio=1.000, negative_ratio=0.000",high,1.074753,0.278957340687205,0.8923495566082685,1.4822648647036798,1.2622309463783554,false_negative,high_zt_false_negative,yes,yes,yes,yes,unknown,,unknown,,False,unknown,True,True,unknown,no,no,high_zt_error;manual_review;sintering_check,1,135,A,high observed ZT; high-ZT false negative; important candidate for paper; carried from Step14,23,21,18,13,1.5749617190834109,1.1989394741975643,1.1430921283671585,1.200214234514581,poor,poor,37843,,0.0803887127555929,relative_scale,empirical_group_baseline,,yes,poor,poor,poor,under_predicted,high_zt_false_negative,yes,yes,large PF error; large ZT error vs observed ZT; large ZT error vs calculated ZT; observed high ZT missed; manual review required; sintering check required later,https://doi.org/10.1021/jacs.1c01801
10.1126_sciadv.abc0726__sample_39488,2650,A,ZT>=1 false negative; observed ZT>=1; large ZT prediction error; manual review candidate; sintering check candidate,10.1126/sciadv.abc0726,,39488,Mg3.0472Y0.0028SbBi,unknown,n,"estimated from Seebeck sign: positive=0, negative=22, zero=0, positive_ratio=0.000, negative_ratio=1.000",n,"estimated from Seebeck sign: positive=0, negative=22, zero=0, positive_ratio=0.000, negative_ratio=1.000",high,1.074121,0.7534068233538945,0.8822684501556011,0.066503093841383,0.1282668312985883,false_negative,high_zt_false_negative,yes,yes,yes,yes,unknown,,unknown,,False,unknown,True,True,unknown,no,no,high_zt_error;manual_review;sintering_check,1,100,A,high observed ZT; high-ZT false negative; important candidate for paper; carried from Step14,19,8,3,1,0.0960484190167002,0.1257101853469094,0.1604045622410273,0.0688176302440768,excellent,excellent,29153,,0.6764324460546646,relative_scale,empirical_group_baseline,,yes,excellent,excellent,excellent,near,high_zt_false_negative,yes,yes,observed high ZT missed; manual review required; sintering check required later,https://doi.org/10.1126/sciadv.abc0726
10.1016_j.materresbull.2020.110885__sample_33614,2650,A,ZT>=1 false negative; observed ZT>=1; large ZT prediction error; manual review candidate; sintering check candidate,10.1016/j.materresbull.2020.110885,,33614,Mg2(Si0.3Sn0.7)0.980Sb0.020,unknown,n,"estimated from Seebeck sign: positive=0, negative=21, zero=0, positive_ratio=0.000, negative_ratio=1.000",n,"estimated from Seebeck sign: positive=0, negative=21, zero=0, positive_ratio=0.000, negative_ratio=1.000",high,1.07404,0.7614045277039625,0.819485557606763,0.1071973808397431,0.1170311482317237,false_negative,high_zt_false_negative,yes,yes,yes,yes,unknown,,unknown,,False,unknown,True,True,unknown,no,no,high_zt_error;manual_review;sintering_check,1,90,A,high observed ZT; high-ZT false negative; important candidate for paper; carried from Step14,21,20,11,10,0.1387817677124262,0.1649684748436369,0.1461061007757737,0.1258118456624457,excellent,excellent,27819,,2.666904648327725,relative_scale,empirical_group_baseline,,yes,excellent,excellent,excellent,near,high_zt_false_negative,yes,yes,observed high ZT missed; manual review required; sintering check required later,https://doi.org/10.1016/j.materresbull.2020.110885
10.1021_acsami.0c10932__sample_37273,2650,A,ZT>=1 false negative; observed ZT>=1; large ZT prediction error; manual review candidate; sintering check candidate,10.1021/acsami.0c10932,,37273,Ag2Sb0.015Te0.985,unknown,n,"estimated from Seebeck sign: positive=0, negative=6, zero=0, positive_ratio=0.000, negative_ratio=1.000",n,"estimated from Seebeck sign: positive=0, negative=6, zero=0, positive_ratio=0.000, negative_ratio=1.000",high,1.073911,0.9691871765037486,1.0668934068874592,0.0897774245161793,0.0927937472848212,false_negative,high_zt_false_negative,yes,yes,yes,yes,unknown,,unknown,,False,unknown,True,True,unknown,no,no,high_zt_error;manual_review;sintering_check,1,90,A,high observed ZT; high-ZT false negative; important candidate for paper; carried from Step14,6,6,6,6,0.0927937472848066,0.117540304056387,0.1175403040563943,0.1154687940577058,excellent,excellent,29417,,1.183385261049302,relative_scale,empirical_group_baseline,,yes,excellent,excellent,excellent,near,high_zt_false_negative,yes,yes,observed high ZT missed; manual review required; sintering check required later,https://doi.org/10.1021/acsami.0c10932
10.1021_acsaem.8b01977__sample_39958,2650,A,ZT>=1 false negative; observed ZT>=1; large ZT prediction error; manual review candidate; sintering check candidate,10.1021/acsaem.8b01977,,39958,BaCu1.9Ag0.1Te2,unknown,p,"estimated from Seebeck sign: positive=11, negative=0, zero=0, positive_ratio=1.000, negative_ratio=0.000",p,"estimated from Seebeck sign: positive=11, negative=0, zero=0, positive_ratio=1.000, negative_ratio=0.000",high,1.073865,0.7306567620643732,1.0728827771758205,0.4021998352327021,0.3983009904264635,false_negative,high_zt_false_negative,yes,yes,yes,yes,unknown,,unknown,,False,unknown,True,True,unknown,no,no,high_zt_error;manual_review;sintering_check,1,90,A,high observed ZT; high-ZT false negative; important candidate for paper; carried from Step14,11,11,11,11,0.3983009904265513,0.4287211053117575,0.4287211053117038,0.4316274371542039,moderate,moderate,31838,,0.4506751615898871,relative_scale,empirical_group_baseline,,yes,good,good,good,under_predicted,high_zt_false_negative,yes,yes,observed high ZT missed; manual review required; sintering check required later,https://doi.org/10.1021/acsaem.8b01977
10.1063_1.3106102__sample_16672,2650,A,ZT>=1 false negative; observed ZT>=1; large ZT prediction error; manual review candidate; sintering check candidate,10.1063/1.3106102,,16672,AgSbTe2,unknown,p,"estimated from Seebeck sign: positive=10, negative=0, zero=0, positive_ratio=1.000, negative_ratio=0.000",p,"estimated from Seebeck sign: positive=10, negative=0, zero=0, positive_ratio=1.000, negative_ratio=0.000",high,1.070998,0.5294711009650716,0.4236443981016899,0.2478555532840344,0.2498007841897142,false_negative,high_zt_false_negative,yes,yes,yes,yes,unknown,,unknown,,False,unknown,True,True,unknown,no,no,high_zt_error;manual_review;sintering_check,1,100,A,high observed ZT; high-ZT false negative; important candidate for paper; carried from Step14,10,1,1,1,0.2498007841897311,0.2229841659648244,0.2229841659648112,0.2214265206876789,good,good,1990,,0.8642510433057129,relative_scale,empirical_group_baseline,,yes,good,good,good,under_predicted,high_zt_false_negative,yes,yes,observed high ZT missed; manual review required; sintering check required later,https://doi.org/10.1063/1.3106102
10.1002_aenm.201400348__sample_13677,2650,A,ZT>=1 false negative; observed ZT>=1; large ZT prediction error; manual review candidate; sintering check candidate,10.1002/aenm.201400348,,13677,Tl4SnTe3,unknown,p,"estimated from Seebeck sign: positive=9, negative=0, zero=0, positive_ratio=1.000, negative_ratio=0.000",p,"estimated from Seebeck sign: positive=9, negative=0, zero=0, positive_ratio=1.000, negative_ratio=0.000",high,1.070921,0.7659541149679477,0.6620955755244754,0.2039169489092861,0.1568633642676155,false_negative,high_zt_false_negative,yes,yes,yes,yes,unknown,,unknown,,False,unknown,True,True,unknown,no,no,high_zt_error;manual_review;sintering_check,1,100,A,high observed ZT; high-ZT false negative; important candidate for paper; carried from Step14,9,4,1,1,0.3302394508617028,0.377325044982459,0.1457123463956299,0.185580365196223,good,excellent,118,,0.3083809731257474,relative_scale,empirical_group_baseline,,yes,good,good,excellent,under_predicted,high_zt_false_negative,yes,yes,observed high ZT missed; manual review required; sintering check required later,https://doi.org/10.1002/aenm.201400348
10.1039_d1cp02545g__sample_45706,2650,A,ZT>=1 false negative; observed ZT>=1; large ZT prediction error; manual review candidate; sintering check candidate,10.1039/d1cp02545g,,45706,Ge0.8Na0.1Bi0.1MnTe2,unknown,p,"estimated from Seebeck sign: positive=8, negative=0, zero=0, positive_ratio=1.000, negative_ratio=0.000",p,"estimated from Seebeck sign: positive=8, negative=0, zero=0, positive_ratio=1.000, negative_ratio=0.000",high,1.070352,0.9828006061432925,1.0825632549428337,0.6514300191922627,0.4618622442553107,false_negative,high_zt_false_negative,yes,yes,yes,yes,unknown,,unknown,,False,unknown,True,True,unknown,no,no,high_zt_error;manual_review;sintering_check,1,100,A,high observed ZT; high-ZT false negative; important candidate for paper; carried from Step14,8,3,2,1,0.4804286718711265,0.6746035775163082,0.7717815610899982,1.0539162631792542,poor,moderate,37425,,0.6740331811715468,relative_scale,empirical_group_baseline,,yes,good,moderate,good,under_predicted,high_zt_false_negative,yes,yes,observed high ZT missed; manual review required; sintering check required later,https://doi.org/10.1039/d1cp02545g
10.1021_acsami.9b12599__sample_83169,2650,A,ZT>=1 false negative; observed ZT>=1; large ZT prediction error; manual review candidate; sintering check candidate,10.1021/acsami.9b12599,,83169,ZrNi1.03Sn,unknown,n,"estimated from Seebeck sign: positive=0, negative=12, zero=0, positive_ratio=0.000, negative_ratio=1.000",n,"estimated from Seebeck sign: positive=0, negative=12, zero=0, positive_ratio=0.000, negative_ratio=1.000",high,1.069,0.4685802711289435,0.6337693515670397,0.1602212975763332,0.3179473262173443,false_negative,high_zt_false_negative,yes,yes,yes,yes,unknown,,unknown,,False,unknown,False,False,unknown,no,no,high_zt_error;manual_review;sintering_check,1,90,A,high observed ZT; high-ZT false negative; important candidate for paper; carried from Step14,12,7,4,2,0.3367343492559103,0.3980878915189648,0.3471133229043149,0.2195669363357354,good,good,24122,,0.9323750617541228,relative_scale,empirical_group_baseline,,yes,good,excellent,good,near,high_zt_false_negative,yes,yes,observed high ZT missed; manual review required; sintering check required later,https://doi.org/10.1021/acsami.9b12599
10.1016_j.scriptamat.2019.01.046__sample_27910,2650,A,ZT>=1 false negative; observed ZT>=1; large ZT prediction error; manual review candidate; sintering check candidate,10.1016/j.scriptamat.2019.01.046,,27910,(CuTe)0.0052Bi0.5Sb1.5Te3,unknown,p,"estimated from Seebeck sign: positive=8, negative=0, zero=0, positive_ratio=1.000, negative_ratio=0.000",p,"estimated from Seebeck sign: positive=8, negative=0, zero=0, positive_ratio=1.000, negative_ratio=0.000",high,1.068526,0.967563627711392,1.0421680608975394,0.0646471194365708,0.0715857988604029,false_negative,high_zt_false_negative,yes,yes,yes,yes,unknown,,unknown,,False,unknown,True,True,unknown,no,no,high_zt_error;manual_review;sintering_check,1,100,A,high observed ZT; high-ZT false negative; important candidate for paper; carried from Step14,8,8,1,1,0.1421623460764058,0.1526109049335013,0.0742773083399493,0.0668314085282791,excellent,excellent,24829,,1.9782622172380269,relative_scale,empirical_group_baseline,,yes,excellent,excellent,excellent,near,high_zt_false_negative,yes,yes,observed high ZT missed; manual review required; sintering check required later,https://doi.org/10.1016/j.scriptamat.2019.01.046
10.1007_s11664-014-3076-7__sample_16797,2650,A,ZT>=1 false negative; observed ZT>=1; large ZT prediction error; manual review candidate; sintering check candidate,10.1007/s11664-014-3076-7,,16797,AgCe0.03Sb0.97Te2.01,unknown,p,"estimated from Seebeck sign: positive=7, negative=0, zero=0, positive_ratio=1.000, negative_ratio=0.000",p,"estimated from Seebeck sign: positive=7, negative=0, zero=0, positive_ratio=1.000, negative_ratio=0.000",high,1.06772,0.8747885643780583,1.0677110954598863,0.2007072642691012,0.2025341333289992,false_negative,high_zt_false_negative,yes,yes,yes,yes,unknown,,unknown,,False,unknown,True,True,unknown,no,no,high_zt_error;manual_review;sintering_check,1,90,A,high observed ZT; high-ZT false negative; important candidate for paper; carried from Step14,7,7,7,7,0.2025341333290219,0.2222799487753582,0.2222799487753472,0.219885920399956,good,good,2579,,0.344073870637204,relative_scale,empirical_group_baseline,,yes,good,good,good,under_predicted,high_zt_false_negative,yes,yes,observed high ZT missed; manual review required; sintering check required later,https://doi.org/10.1007/s11664-014-3076-7
10.1016_j.cej.2019.123917__sample_29431,2650,A,ZT>=1 false negative; observed ZT>=1; large ZT prediction error; manual review candidate; sintering check candidate,10.1016/j.cej.2019.123917,,29431,AgCuTe,unknown,p,"estimated from Seebeck sign: positive=9, negative=0, zero=0, positive_ratio=1.000, negative_ratio=0.000",p,"estimated from Seebeck sign: positive=9, negative=0, zero=0, positive_ratio=1.000, negative_ratio=0.000",high,1.067669,0.0140920435967039,0.0237939352122781,0.5740359965461114,0.4077464080245016,false_negative,high_zt_false_negative,yes,yes,yes,yes,unknown,,unknown,,False,unknown,True,True,unknown,no,no,high_zt_error;manual_review;sintering_check,1,100,A,high observed ZT; high-ZT false negative; important candidate for paper; carried from Step14,9,9,1,1,0.2538553829347678,0.3016872143867283,0.5238203709966727,0.8534004352175364,poor,moderate,23628,,0.7464563350889402,relative_scale,empirical_group_baseline,,yes,good,moderate,good,under_predicted,high_zt_false_negative,yes,yes,observed high ZT missed; manual review required; sintering check required later,https://doi.org/10.1016/j.cej.2019.123917
10.1016_j.cej.2019.123917__sample_29428,2650,A,ZT>=1 false negative; observed ZT>=1; large ZT prediction error; manual review candidate; sintering check candidate,10.1016/j.cej.2019.123917,,29428,AgCuTe,unknown,p,"estimated from Seebeck sign: positive=9, negative=0, zero=0, positive_ratio=1.000, negative_ratio=0.000",p,"estimated from Seebeck sign: positive=9, negative=0, zero=0, positive_ratio=1.000, negative_ratio=0.000",high,1.067669,0.0157330631120017,0.0252509278808761,0.3460945541901555,0.3769312879818078,false_negative,high_zt_false_negative,yes,yes,yes,yes,unknown,,unknown,,False,unknown,True,True,unknown,no,no,high_zt_error;manual_review;sintering_check,1,100,A,high observed ZT; high-ZT false negative; important candidate for paper; carried from Step14,9,8,1,1,0.3336460060606405,0.3696738311753303,0.4730984741123856,0.4247925162497936,moderate,moderate,23628,,0.9103791627560408,relative_scale,empirical_group_baseline,,yes,good,good,good,under_predicted,high_zt_false_negative,yes,yes,observed high ZT missed; manual review required; sintering check required later,https://doi.org/10.1016/j.cej.2019.123917
10.1039_c5ce00228a__sample_13853,2650,A,ZT>=1 false negative; observed ZT>=1; large ZT prediction error; manual review candidate; sintering check candidate,10.1039/c5ce00228a,,13853,Ge0.86Sb0.09Te,unknown,p,"estimated from Seebeck sign: positive=16, negative=0, zero=0, positive_ratio=1.000, negative_ratio=0.000",p,"estimated from Seebeck sign: positive=16, negative=0, zero=0, positive_ratio=1.000, negative_ratio=0.000",high,1.06556,0.926168305605518,1.0258049732322203,0.1308154345081292,0.0662025300576042,false_negative,high_zt_false_negative,yes,yes,yes,yes,unknown,,unknown,,False,unknown,True,True,unknown,no,no,high_zt_error;manual_review;sintering_check,1,100,A,high observed ZT; high-ZT false negative; important candidate for paper; carried from Step14,16,4,3,1,0.0813881866227197,0.0923554348112908,0.0723145182213867,0.1401997878998707,excellent,excellent,741,,2.626931900420462,relative_scale,empirical_group_baseline,,yes,excellent,excellent,excellent,near,high_zt_false_negative,yes,yes,observed high ZT missed; manual review required; sintering check required later,https://doi.org/10.1039/c5ce00228a
10.1016_j.nanoen.2019.104395__sample_34166,2650,A,ZT>=1 false negative; observed ZT>=1; large ZT prediction error; manual review candidate; sintering check candidate,10.1016/j.nanoen.2019.104395,,34166,Sn0.5Ge0.25Pb0.25Te,unknown,p,"estimated from Seebeck sign: positive=7, negative=0, zero=0, positive_ratio=1.000, negative_ratio=0.000",p,"estimated from Seebeck sign: positive=7, negative=0, zero=0, positive_ratio=1.000, negative_ratio=0.000",high,1.064263,0.0649985745370756,0.0990666868138542,0.2976780669658595,0.3438907000169735,false_negative,high_zt_false_negative,yes,yes,yes,yes,unknown,,unknown,,False,unknown,True,True,unknown,no,no,high_zt_error;manual_review;sintering_check,1,100,A,high observed ZT; high-ZT false negative; important candidate for paper; carried from Step14,7,4,1,1,0.3950467723068759,0.4018101333577573,0.4214278880891391,0.3533633860127194,good,moderate,23740,,3.1466416339819325,relative_scale,empirical_group_baseline,,yes,good,good,good,under_predicted,high_zt_false_negative,yes,yes,observed high ZT missed; manual review required; sintering check required later,https://doi.org/10.1016/j.nanoen.2019.104395
10.1016_s1002-0721_12_60398-6__sample_31232,2650,A,ZT>=1 false negative; observed ZT>=1; large ZT prediction error; manual review candidate; sintering check candidate,10.1016/s1002-0721(12)60398-6,,31232,Eu(Zn0.9Cd0.1)2Sb2,unknown,p,"estimated from Seebeck sign: positive=8, negative=0, zero=0, positive_ratio=1.000, negative_ratio=0.000",p,"estimated from Seebeck sign: positive=8, negative=0, zero=0, positive_ratio=1.000, negative_ratio=0.000",high,1.062373,0.8707587694384707,0.8536557557043702,0.1008474353214927,0.038730262616798,false_negative,high_zt_false_negative,yes,yes,yes,yes,unknown,,unknown,,False,unknown,True,True,unknown,no,no,high_zt_error;manual_review;sintering_check,1,100,A,high observed ZT; high-ZT false negative; important candidate for paper; carried from Step14,8,6,4,2,0.0491229691666475,0.0577500126341345,0.0412322804639012,0.1092438035789662,excellent,excellent,24838,,1.768787201980183,relative_scale,empirical_group_baseline,,yes,excellent,excellent,excellent,near,high_zt_false_negative,yes,yes,observed high ZT missed; manual review required; sintering check required later,https://doi.org/10.1016/s1002-0721%2812%2960398-6
10.1039_c7ee00098g__sample_31366,2650,A,ZT>=1 false negative; observed ZT>=1; large ZT prediction error; manual review candidate; sintering check candidate,10.1039/c7ee00098g,,31366,Mg3.2Sb1.5Bi0.49Te0.01,unknown,n,"estimated from Seebeck sign: positive=0, negative=12, zero=0, positive_ratio=0.000, negative_ratio=1.000",n,"estimated from Seebeck sign: positive=0, negative=12, zero=0, positive_ratio=0.000, negative_ratio=1.000",high,1.061538,0.8219560733685669,1.1922960099859996,0.2862585035395631,0.3013070532510156,false_negative,high_zt_false_negative,yes,yes,yes,yes,unknown,,unknown,,False,unknown,True,True,unknown,no,no,high_zt_error;manual_review;sintering_check,1,100,A,high observed ZT; high-ZT false negative; important candidate for paper; carried from Step14,12,6,4,2,0.4440309772297902,0.4284299520472654,0.3474715938873548,0.3088046911647426,good,good,27915,,0.4505399917441892,relative_scale,empirical_group_baseline,,yes,good,good,good,under_predicted,high_zt_false_negative,yes,yes,observed high ZT missed; manual review required; sintering check required later,https://doi.org/10.1039/c7ee00098g
10.2320_matertrans.mc200908__sample_9261,2650,A,ZT>=1 false negative; observed ZT>=1; large ZT prediction error; manual review candidate; sintering check candidate,10.2320/matertrans.mc200908,,9261,Bi1.3(Mg2Si0.8Sn0.2)98.7,unknown,n,"estimated from Seebeck sign: positive=0, negative=9, zero=0, positive_ratio=0.000, negative_ratio=1.000",n,"estimated from Seebeck sign: positive=0, negative=9, zero=0, positive_ratio=0.000, negative_ratio=1.000",high,1.061358,0.1644200887809019,0.1567424890191794,,0.0489822498657854,false_negative,high_zt_false_negative,yes,yes,yes,yes,unknown,,unknown,,False,unknown,True,False,unknown,no,no,high_zt_error;manual_review;sintering_check,1,95,A,high observed ZT; high-ZT false negative; important candidate for paper; carried from Step14,9,3,1,0,0.0810862590918663,0.1253900678550386,0.0478204082660274,,not_evaluated,excellent,4010,,0.7884198030237507,relative_scale,empirical_group_baseline,,yes,excellent,not_available,excellent,under_predicted,high_zt_false_negative,yes,yes,observed high ZT missed; insufficient ZT evaluation rows; manual review required; sintering check required later,https://doi.org/10.2320/matertrans.mc200908
10.1021_jacs.0c05650__sample_38440,2650,A,ZT>=1 false negative; observed ZT>=1; large ZT prediction error; manual review candidate; sintering check candidate,10.1021/jacs.0c05650,,38440,NaSn3SbTe5,unknown,p,"estimated from Seebeck sign: positive=13, negative=0, zero=0, positive_ratio=1.000, negative_ratio=0.000",p,"estimated from Seebeck sign: positive=13, negative=0, zero=0, positive_ratio=1.000, negative_ratio=0.000",high,1.060972,0.7779657397568542,0.7066288884217322,0.0945985949857191,0.0562823898187852,false_negative,high_zt_false_negative,yes,yes,yes,yes,unknown,,unknown,,False,unknown,True,True,unknown,no,no,high_zt_error;manual_review;sintering_check,1,90,A,high observed ZT; high-ZT false negative; important candidate for paper; carried from Step14,13,11,4,3,0.1051766513910398,0.2000429229070682,0.0667342946183346,0.1020531297695381,excellent,excellent,29626,,1.6247002716606864,relative_scale,empirical_group_baseline,,yes,excellent,excellent,excellent,near,high_zt_false_negative,yes,yes,observed high ZT missed; manual review required; sintering check required later,https://doi.org/10.1021/jacs.0c05650
10.1016_j.nanoen.2020.105638__sample_40604,2650,A,ZT>=1 false negative; observed ZT>=1; large ZT prediction error; manual review candidate; sintering check candidate,10.1016/j.nanoen.2020.105638,,40604,Bi0.55Sb1.45Te3,unknown,p,"estimated from Seebeck sign: positive=10, negative=0, zero=0, positive_ratio=1.000, negative_ratio=0.000",p,"estimated from Seebeck sign: positive=10, negative=0, zero=0, positive_ratio=1.000, negative_ratio=0.000",high,1.060832,0.9943692760057962,1.061216656527881,0.1074234734515406,0.1174679346598859,false_negative,high_zt_false_negative,yes,yes,yes,yes,unknown,,unknown,,False,unknown,True,True,unknown,no,no,high_zt_error;manual_review;sintering_check,1,90,A,high observed ZT; high-ZT false negative; important candidate for paper; carried from Step14,10,10,10,10,0.1174679346599038,0.1296099285306983,0.1296099285306899,0.1218369826865311,excellent,excellent,31282,,0.8291713390123848,relative_scale,empirical_group_baseline,,yes,excellent,excellent,excellent,near,high_zt_false_negative,yes,yes,observed high ZT missed; manual review required; sintering check required later,https://doi.org/10.1016/j.nanoen.2020.105638
10.1016_j.synthmet.2020.116606__sample_38780,2650,A,ZT>=1 false negative; observed ZT>=1; large ZT prediction error; manual review candidate; sintering check candidate,10.1016/j.synthmet.2020.116606,,38780,(GeTe)75(AgSbTe2)18.75(AgSbSe2)6.25,unknown,p,"estimated from Seebeck sign: positive=24, negative=0, zero=0, positive_ratio=1.000, negative_ratio=0.000",p,"estimated from Seebeck sign: positive=24, negative=0, zero=0, positive_ratio=1.000, negative_ratio=0.000",high,1.058356,0.5039133131307864,0.4895237118901002,0.0575889025454231,0.0470304726026521,false_negative,high_zt_false_negative,yes,yes,yes,yes,unknown,,unknown,,False,unknown,True,True,unknown,no,no,high_zt_error;manual_review;sintering_check,1,90,A,high observed ZT; high-ZT false negative; important candidate for paper; carried from Step14,19,19,3,3,0.0764868804218405,0.0878737524004971,0.0595513355042185,0.0678351533564154,excellent,excellent,28938,,1.7764572093259452,relative_scale,empirical_group_baseline,,yes,excellent,excellent,excellent,near,high_zt_false_negative,yes,yes,observed high ZT missed; manual review required; sintering check required later,https://doi.org/10.1016/j.synthmet.2020.116606
10.1021_jacs.8b04639__sample_45094,2650,A,ZT>=1 false negative; observed ZT>=1; large ZT prediction error; manual review candidate; sintering check candidate,10.1021/jacs.8b04639,,45094,Tl4Ag22Te14.5,unknown,p,"estimated from Seebeck sign: positive=6, negative=0, zero=0, positive_ratio=1.000, negative_ratio=0.000",p,"estimated from Seebeck sign: positive=6, negative=0, zero=0, positive_ratio=1.000, negative_ratio=0.000",high,1.05668,0.167674243883496,1.052796926115581,0.8413197525424007,0.8407344857073719,false_negative,high_zt_false_negative,yes,yes,yes,yes,unknown,,unknown,,False,unknown,True,True,unknown,no,no,high_zt_error;manual_review;sintering_check,1,100,A,high observed ZT; high-ZT false negative; important candidate for paper; carried from Step14,6,6,1,1,4.547645405040897,1.701186959589796,1.837182568285165,1.8408641238615533,poor,poor,38438,,0.0223391130833963,relative_scale,empirical_group_baseline,,yes,poor,moderate,moderate,under_predicted,high_zt_false_negative,yes,yes,large PF error; observed high ZT missed; manual review required; sintering check required later,https://doi.org/10.1021/jacs.8b04639
10.1007_s11664-014-3016-6__sample_4157,2650,A,ZT>=1 false negative; observed ZT>=1; large ZT prediction error; manual review candidate; sintering check candidate,10.1007/s11664-014-3016-6,,4157,Co3.8Ni0.2Sb11.5Te0.4Se0.1,unknown,n,"estimated from Seebeck sign: positive=0, negative=21, zero=0, positive_ratio=0.000, negative_ratio=1.000",n,"estimated from Seebeck sign: positive=0, negative=21, zero=0, positive_ratio=0.000, negative_ratio=1.000",high,1.052917,0.8876594424348101,0.942969545930748,0.1662233612717679,0.0752194621295907,false_negative,high_zt_false_negative,yes,yes,yes,yes,unknown,,unknown,,False,unknown,True,True,unknown,no,no,high_zt_error;manual_review;sintering_check,1,100,A,high observed ZT; high-ZT false negative; important candidate for paper; carried from Step14,21,11,3,1,0.0799647920861067,0.097961428979595,0.0876582428599657,0.1537706315652951,excellent,excellent,2568,,1.7373046209614225,relative_scale,empirical_group_baseline,,yes,excellent,excellent,excellent,near,high_zt_false_negative,yes,yes,observed high ZT missed; manual review required; sintering check required later,https://doi.org/10.1007/s11664-014-3016-6
10.1021_acsami.0c02408__sample_32485,2650,A,ZT>=1 false negative; observed ZT>=1; large ZT prediction error; manual review candidate; sintering check candidate,10.1021/acsami.0c02408,,32485,Pb0.0049Bi0.5Sb1.5Te3,unknown,p,"estimated from Seebeck sign: positive=7, negative=0, zero=0, positive_ratio=1.000, negative_ratio=0.000",p,"estimated from Seebeck sign: positive=7, negative=0, zero=0, positive_ratio=1.000, negative_ratio=0.000",high,1.052813,0.926158061502645,1.0540420729560045,0.1009822680224947,0.0961791820566892,false_negative,high_zt_false_negative,yes,yes,yes,yes,unknown,,unknown,,False,unknown,True,True,unknown,no,no,high_zt_error;manual_review;sintering_check,1,90,A,high observed ZT; high-ZT false negative; important candidate for paper; carried from Step14,7,7,5,5,0.0980544726449794,0.1184827144785969,0.1072343814031171,0.1111397760726603,excellent,excellent,27993,,1.348042289381672,relative_scale,empirical_group_baseline,,yes,excellent,excellent,excellent,near,high_zt_false_negative,yes,yes,observed high ZT missed; manual review required; sintering check required later,https://doi.org/10.1021/acsami.0c02408
10.1016_j.jallcom.2020.155804__sample_36304,2650,A,ZT>=1 false negative; observed ZT>=1; large ZT prediction error; manual review candidate; sintering check candidate,10.1016/j.jallcom.2020.155804,,36304,Bi0.5Sb1.5Te3,unknown,p,"estimated from Seebeck sign: positive=9, negative=0, zero=0, positive_ratio=1.000, negative_ratio=0.000",p,"estimated from Seebeck sign: positive=9, negative=0, zero=0, positive_ratio=1.000, negative_ratio=0.000",high,1.052041,0.0101647963079947,0.0105376608778379,0.9899300927978484,0.0906077108094119,false_negative,high_zt_false_negative,yes,yes,yes,yes,unknown,,unknown,,False,unknown,True,True,unknown,no,no,high_zt_error;manual_review;sintering_check,1,90,A,high observed ZT; high-ZT false negative; important candidate for paper; carried from Step14,9,9,5,5,0.0975799542550738,0.1042990357640127,0.0988081389560317,4.603973493396574,poor,excellent,29061,,0.0113086943479224,relative_scale,empirical_group_baseline,,yes,excellent,moderate,excellent,under_predicted,high_zt_false_negative,yes,yes,observed high ZT missed; manual review required; sintering check required later,https://doi.org/10.1016/j.jallcom.2020.155804
10.1016_j.jallcom.2010.05.034__sample_16729,2650,A,ZT>=1 false negative; observed ZT>=1; large ZT prediction error; manual review candidate; sintering check candidate,10.1016/j.jallcom.2010.05.034,,16729,Zn4Sb2.94Bi0.06,unknown,p,"estimated from Seebeck sign: positive=15, negative=0, zero=0, positive_ratio=1.000, negative_ratio=0.000",p,"estimated from Seebeck sign: positive=15, negative=0, zero=0, positive_ratio=1.000, negative_ratio=0.000",high,1.051986,0.1122625159854057,0.1039238894186921,,0.0802378222500765,false_negative,high_zt_false_negative,yes,yes,yes,yes,unknown,,unknown,,False,unknown,True,True,unknown,no,no,high_zt_error;manual_review;sintering_check,1,100,A,high observed ZT; high-ZT false negative; important candidate for paper; carried from Step14,15,8,1,0,0.1339423272991309,0.1551979875823837,0.0771812226815007,,not_evaluated,excellent,1658,,0.9062979225235792,relative_scale,empirical_group_baseline,,yes,excellent,not_available,excellent,under_predicted,high_zt_false_negative,yes,yes,observed high ZT missed; insufficient ZT evaluation rows; manual review required; sintering check required later,https://doi.org/10.1016/j.jallcom.2010.05.034
10.1126_sciadv.aar5606__sample_40279,2650,A,ZT>=1 false negative; observed ZT>=1; large ZT prediction error; manual review candidate; sintering check candidate,10.1126/sciadv.aar5606,,40279,Bi0.5Sb1.5Te3,unknown,p,"estimated from Seebeck sign: positive=8, negative=0, zero=0, positive_ratio=1.000, negative_ratio=0.000",p,"estimated from Seebeck sign: positive=8, negative=0, zero=0, positive_ratio=1.000, negative_ratio=0.000",high,1.051312,0.9091296726731922,1.0548742440897994,0.1125768864068801,0.1092773398267676,false_negative,high_zt_false_negative,yes,yes,yes,yes,unknown,,unknown,,False,unknown,True,True,unknown,no,no,high_zt_error;manual_review;sintering_check,1,90,A,high observed ZT; high-ZT false negative; important candidate for paper; carried from Step14,8,7,3,3,0.1057332627193373,0.1105908935636199,0.1133258454635167,0.1150605186498087,excellent,excellent,31786,,0.9118373010002728,relative_scale,empirical_group_baseline,,yes,excellent,excellent,excellent,near,high_zt_false_negative,yes,yes,observed high ZT missed; manual review required; sintering check required later,https://doi.org/10.1126/sciadv.aar5606
10.1039_c2jm30906h__sample_16991,2650,A,ZT>=1 false negative; observed ZT>=1; large ZT prediction error; manual review candidate; sintering check candidate,10.1039/c2jm30906h,,16991,Zn4Sb3,unknown,p,"estimated from Seebeck sign: positive=20, negative=0, zero=0, positive_ratio=1.000, negative_ratio=0.000",p,"estimated from Seebeck sign: positive=20, negative=0, zero=0, positive_ratio=1.000, negative_ratio=0.000",high,1.050251,0.310703013777226,0.2485763811740075,0.0308792688239787,0.249929749197406,false_negative,high_zt_false_negative,yes,yes,yes,yes,unknown,,unknown,,False,unknown,True,True,unknown,no,no,high_zt_error;manual_review;sintering_check,1,100,A,high observed ZT; high-ZT false negative; important candidate for paper; carried from Step14,20,2,1,1,0.1998432056397786,0.1860675383275537,0.2230873490928193,0.0313660812756004,excellent,good,2745,,0.8667299034278925,relative_scale,empirical_group_baseline,,yes,excellent,excellent,good,near,high_zt_false_negative,yes,yes,observed high ZT missed; manual review required; sintering check required later,https://doi.org/10.1039/c2jm30906h
10.1016_j.jallcom.2013.09.124__sample_3734,2650,A,ZT>=1 false negative; observed ZT>=1; large ZT prediction error; manual review candidate; sintering check candidate,10.1016/j.jallcom.2013.09.124,,3734,Ba0.27Yb0.17Fe0.37Co3.67Sb12,unknown,n,"estimated from Seebeck sign: positive=0, negative=11, zero=0, positive_ratio=0.000, negative_ratio=1.000",n,"estimated from Seebeck sign: positive=0, negative=11, zero=0, positive_ratio=0.000, negative_ratio=1.000",high,1.050226,0.7935651738914883,0.845446045789029,0.164915247288446,0.0613650890626875,false_negative,high_zt_false_negative,yes,yes,yes,yes,unknown,,unknown,,False,unknown,True,True,unknown,no,no,high_zt_error;manual_review;sintering_check,1,100,A,high observed ZT; high-ZT false negative; important candidate for paper; carried from Step14,11,3,1,1,0.0421622680692387,0.0486448437561072,0.063328681622163,0.1802220590287256,excellent,excellent,1752,,2.6189971168041053,relative_scale,empirical_group_baseline,,yes,excellent,excellent,excellent,near,high_zt_false_negative,yes,yes,observed high ZT missed; manual review required; sintering check required later,https://doi.org/10.1016/j.jallcom.2013.09.124
10.1016_j.jallcom.2020.153869__sample_28868,2650,A,ZT>=1 false negative; observed ZT>=1; large ZT prediction error; manual review candidate; sintering check candidate,10.1016/j.jallcom.2020.153869,,28868,SnSe,unknown,p,"estimated from Seebeck sign: positive=12, negative=0, zero=0, positive_ratio=1.000, negative_ratio=0.000",p,"estimated from Seebeck sign: positive=12, negative=0, zero=0, positive_ratio=1.000, negative_ratio=0.000",high,1.049083,0.1709479699571688,0.5018005197786397,0.6919546773665132,0.7097169095221263,false_negative,high_zt_false_negative,yes,yes,yes,yes,unknown,,unknown,,False,unknown,True,True,unknown,no,no,high_zt_error;manual_review;sintering_check,1,90,A,high observed ZT; high-ZT false negative; important candidate for paper; carried from Step14,12,10,3,3,0.9855747855694,1.1475023002662534,1.2366105427006608,1.2345136796664815,poor,poor,23604,,0.0320364029388209,relative_scale,empirical_group_baseline,,yes,moderate,moderate,moderate,under_predicted,high_zt_false_negative,yes,yes,observed high ZT missed; manual review required; sintering check required later,https://doi.org/10.1016/j.jallcom.2020.153869
10.1016_j.jallcom.2020.154732__sample_28197,2650,A,ZT>=1 false negative; observed ZT>=1; large ZT prediction error; manual review candidate; sintering check candidate,10.1016/j.jallcom.2020.154732,,28197,Bi1.5Sb0.5Te2.7Se0.3,unknown,p,"estimated from Seebeck sign: positive=10, negative=0, zero=0, positive_ratio=1.000, negative_ratio=0.000",p,"estimated from Seebeck sign: positive=10, negative=0, zero=0, positive_ratio=1.000, negative_ratio=0.000",high,1.048933,0.9248597637970436,1.073785317399146,0.0956086178551068,0.107867771384751,false_negative,high_zt_false_negative,yes,yes,yes,yes,unknown,,unknown,,False,unknown,True,True,unknown,no,no,high_zt_error;manual_review;sintering_check,1,90,A,high observed ZT; high-ZT false negative; important candidate for paper; carried from Step14,10,10,10,10,0.1078677713847777,0.1193863679087495,0.1193863679087359,0.1074391989462575,excellent,excellent,27516,,1.5153147362274235,relative_scale,empirical_group_baseline,,yes,excellent,excellent,excellent,near,high_zt_false_negative,yes,yes,observed high ZT missed; manual review required; sintering check required later,https://doi.org/10.1016/j.jallcom.2020.154732
10.1021_acsami.0c04331__sample_39125,2650,A,ZT>=1 false negative; observed ZT>=1; large ZT prediction error; manual review candidate; sintering check candidate,10.1021/acsami.0c04331,,39125,SnSe0.98Te0.02,unknown,p,"estimated from Seebeck sign: positive=26, negative=0, zero=0, positive_ratio=1.000, negative_ratio=0.000",p,"estimated from Seebeck sign: positive=26, negative=0, zero=0, positive_ratio=1.000, negative_ratio=0.000",high,1.045241,0.4503614019345906,0.4520260193324872,,0.0628590475716532,false_negative,high_zt_false_negative,yes,yes,yes,yes,unknown,,unknown,,False,unknown,True,True,unknown,no,no,high_zt_error;manual_review;sintering_check,1,100,A,high observed ZT; high-ZT false negative; important candidate for paper; carried from Step14,26,13,2,0,0.4556993256218126,0.5124927571884446,0.0920663133075341,,not_evaluated,excellent,29723,,0.0360904089240771,relative_scale,empirical_group_baseline,,yes,good,not_available,excellent,under_predicted,high_zt_false_negative,yes,yes,observed high ZT missed; insufficient ZT evaluation rows; manual review required; sintering check required later,https://doi.org/10.1021/acsami.0c04331
10.15541_jim20200635__sample_45627,2650,A,ZT>=1 false negative; observed ZT>=1; large ZT prediction error; manual review candidate; sintering check candidate,10.15541/jim20200635,,45627,(PbTe)0.935(PbS)0.05(Sb2Se3)0.015,unknown,n,"estimated from Seebeck sign: positive=0, negative=12, zero=0, positive_ratio=0.000, negative_ratio=1.000",n,"estimated from Seebeck sign: positive=0, negative=12, zero=0, positive_ratio=0.000, negative_ratio=1.000",high,1.045183,0.8432256059721625,0.822091106725776,0.1497140192837455,0.1473556673229908,false_negative,high_zt_false_negative,yes,yes,yes,yes,unknown,,unknown,,False,unknown,True,True,unknown,no,no,high_zt_error;manual_review;sintering_check,1,90,A,high observed ZT; high-ZT false negative; important candidate for paper; carried from Step14,12,6,4,4,0.1709752838604394,0.1938370808376641,0.1792733193487051,0.1757060863889787,excellent,excellent,37434,,0.2894852369767098,relative_scale,empirical_group_baseline,,yes,excellent,excellent,excellent,near,high_zt_false_negative,yes,yes,observed high ZT missed; manual review required; sintering check required later,https://doi.org/10.15541/jim20200635
10.1039_d1cp02545g__sample_45705,2650,A,ZT>=1 false negative; observed ZT>=1; large ZT prediction error; manual review candidate; sintering check candidate,10.1039/d1cp02545g,,45705,Ge0.9Na0.05Bi0.05MnTe2,unknown,p,"estimated from Seebeck sign: positive=8, negative=0, zero=0, positive_ratio=1.000, negative_ratio=0.000",p,"estimated from Seebeck sign: positive=8, negative=0, zero=0, positive_ratio=1.000, negative_ratio=0.000",high,1.043216,0.956766819118308,0.7418852268759801,0.5404256106544026,0.2939389265850243,false_negative,high_zt_false_negative,yes,yes,yes,yes,unknown,,unknown,,False,unknown,True,True,unknown,no,no,high_zt_error;manual_review;sintering_check,1,100,A,high observed ZT; high-ZT false negative; important candidate for paper; carried from Step14,8,4,3,1,0.3336786366780964,0.3960281019816965,0.2964229988659617,0.432058748797038,moderate,good,37425,,1.2839094298825535,relative_scale,empirical_group_baseline,,yes,good,moderate,good,under_predicted,high_zt_false_negative,yes,yes,observed high ZT missed; manual review required; sintering check required later,https://doi.org/10.1039/d1cp02545g
10.1016_j.jallcom.2009.06.145__sample_16646,2650,A,ZT>=1 false negative; observed ZT>=1; large ZT prediction error; manual review candidate; sintering check candidate,10.1016/j.jallcom.2009.06.145,,16646,Zn4Sb2.92Te0.08,unknown,p,"estimated from Seebeck sign: positive=17, negative=0, zero=0, positive_ratio=1.000, negative_ratio=0.000",p,"estimated from Seebeck sign: positive=17, negative=0, zero=0, positive_ratio=1.000, negative_ratio=0.000",high,1.042471,0.7170134971314056,0.8027464054744894,0.1774529242338315,0.1604643913720498,false_negative,high_zt_false_negative,yes,yes,yes,yes,unknown,,unknown,,False,unknown,True,True,unknown,no,no,high_zt_error;manual_review;sintering_check,1,90,A,high observed ZT; high-ZT false negative; important candidate for paper; carried from Step14,17,10,9,7,0.1702740643154868,0.1902381023324547,0.1739754531940756,0.1949252617984277,excellent,excellent,1632,,0.6890209213533254,relative_scale,empirical_group_baseline,,yes,excellent,excellent,excellent,near,high_zt_false_negative,yes,yes,observed high ZT missed; manual review required; sintering check required later,https://doi.org/10.1016/j.jallcom.2009.06.145
10.1016_j.matdes.2016.09.089__sample_42712,2650,A,ZT>=1 false negative; observed ZT>=1; large ZT prediction error; manual review candidate; sintering check candidate,10.1016/j.matdes.2016.09.089,,42712,(Bi2Te3)0.25(Sb2Te3)0.75,unknown,p,"estimated from Seebeck sign: positive=9, negative=0, zero=0, positive_ratio=1.000, negative_ratio=0.000",p,"estimated from Seebeck sign: positive=9, negative=0, zero=0, positive_ratio=1.000, negative_ratio=0.000",high,1.041133,0.9585192990262512,1.0360913147767272,0.1114163413205705,0.1222564857287617,false_negative,high_zt_false_negative,yes,yes,yes,yes,unknown,,unknown,,False,unknown,True,True,unknown,no,no,high_zt_error;manual_review;sintering_check,1,90,A,high observed ZT; high-ZT false negative; important candidate for paper; carried from Step14,9,8,4,4,0.1192072046877571,0.1232644550283749,0.1245603666092251,0.1175923709492095,excellent,excellent,31965,,1.252363324086019,relative_scale,empirical_group_baseline,,yes,excellent,excellent,excellent,near,high_zt_false_negative,yes,yes,observed high ZT missed; manual review required; sintering check required later,https://doi.org/10.1016/j.matdes.2016.09.089
10.1016_s1002-0721_12_60398-6__sample_31240,2650,A,ZT>=1 false negative; observed ZT>=1; large ZT prediction error; manual review candidate; sintering check candidate,10.1016/s1002-0721(12)60398-6,,31240,Yb(Zn0.2Cd0.8)2Sb2,unknown,p,"estimated from Seebeck sign: positive=9, negative=0, zero=0, positive_ratio=1.000, negative_ratio=0.000",p,"estimated from Seebeck sign: positive=9, negative=0, zero=0, positive_ratio=1.000, negative_ratio=0.000",high,1.040164,0.2218002042552802,0.1949517345132757,0.0160134818660049,0.1377185476653258,false_negative,high_zt_false_negative,yes,yes,yes,yes,unknown,,unknown,,False,unknown,True,True,unknown,no,no,high_zt_error;manual_review;sintering_check,1,100,A,high observed ZT; high-ZT false negative; important candidate for paper; carried from Step14,9,2,1,1,0.104021171961813,0.1047965061452081,0.1290249832040702,0.0161430831070827,excellent,excellent,24838,,2.033304634736617,relative_scale,empirical_group_baseline,,yes,excellent,excellent,excellent,near,high_zt_false_negative,yes,yes,observed high ZT missed; manual review required; sintering check required later,https://doi.org/10.1016/s1002-0721%2812%2960398-6
10.1016_j.cap.2020.09.019__sample_38631,2650,A,ZT>=1 false negative; observed ZT>=1; large ZT prediction error; manual review candidate; sintering check candidate,10.1016/j.cap.2020.09.019,,38631,Mg3.185Co0.015(Sb0.3Bi0.7)1.99Te0.01,unknown,n,"estimated from Seebeck sign: positive=0, negative=19, zero=0, positive_ratio=0.000, negative_ratio=1.000",n,"estimated from Seebeck sign: positive=0, negative=19, zero=0, positive_ratio=0.000, negative_ratio=1.000",high,1.04,0.8214584034162746,1.025167629527157,0.1819909361135159,0.1828774643931079,false_negative,high_zt_false_negative,yes,yes,yes,yes,unknown,,unknown,,False,unknown,True,True,unknown,no,no,high_zt_error;manual_review;sintering_check,1,90,A,high observed ZT; high-ZT false negative; important candidate for paper; carried from Step14,19,12,9,8,0.2033878595092363,0.2294657167182116,0.2082495043163718,0.2135003983060952,good,good,28819,,0.6667700921011666,relative_scale,empirical_group_baseline,,yes,good,excellent,excellent,near,high_zt_false_negative,yes,yes,observed high ZT missed; manual review required; sintering check required later,https://doi.org/10.1016/j.cap.2020.09.019
10.1016_j.joule.2019.08.017__sample_42868,2650,A,ZT>=1 false negative; observed ZT>=1; large ZT prediction error; manual review candidate; sintering check candidate,10.1016/j.joule.2019.08.017,,42868,Ge0.94In0.06Te,unknown,p,"estimated from Seebeck sign: positive=10, negative=0, zero=0, positive_ratio=1.000, negative_ratio=0.000",p,"estimated from Seebeck sign: positive=10, negative=0, zero=0, positive_ratio=1.000, negative_ratio=0.000",high,1.037369,0.3453794059089418,0.2689099653410259,0.0985563203005587,0.2843681916768648,false_negative,high_zt_false_negative,yes,yes,yes,yes,unknown,,unknown,,False,unknown,True,True,unknown,no,no,high_zt_error;manual_review;sintering_check,1,100,A,high observed ZT; high-ZT false negative; important candidate for paper; carried from Step14,10,5,1,1,0.173045256884426,0.1933722515384697,0.2502669178042198,0.0939968817153835,excellent,good,24388,,2.4750575154771544,relative_scale,empirical_group_baseline,,yes,excellent,excellent,good,near,high_zt_false_negative,yes,yes,observed high ZT missed; manual review required; sintering check required later,https://doi.org/10.1016/j.joule.2019.08.017
10.1007_s10853-016-9980-x__sample_2539,2650,A,ZT>=1 false negative; observed ZT>=1; large ZT prediction error; manual review candidate; sintering check candidate,10.1007/s10853-016-9980-x,,2539,Pb0.99Ca0.01Te,unknown,p,"estimated from Seebeck sign: positive=15, negative=6, zero=0, positive_ratio=0.714, negative_ratio=0.286",p,"estimated from Seebeck sign: positive=15, negative=6, zero=0, positive_ratio=0.714, negative_ratio=0.286",medium,1.036861,0.1058466134500231,0.074291060271572,0.749993118508652,0.4247557251585776,false_negative,high_zt_false_negative,yes,yes,yes,yes,unknown,,unknown,,False,unknown,True,True,unknown,no,no,high_zt_error;manual_review;sintering_check,1,100,A,high observed ZT; high-ZT false negative; important candidate for paper; carried from Step14,21,5,1,1,0.3901975542503289,0.35750092234697,0.3540003780850158,1.3862668355333314,poor,good,11722,,0.0675620990283266,relative_scale,empirical_group_baseline,,yes,good,moderate,good,under_predicted,high_zt_false_negative,yes,yes,observed high ZT missed; manual review required; sintering check required later,https://doi.org/10.1007/s10853-016-9980-x
10.1016_j.jallcom.2013.11.065__sample_1632,2650,A,ZT>=1 false negative; observed ZT>=1; large ZT prediction error; manual review candidate; sintering check candidate,10.1016/j.jallcom.2013.11.065,,1632,Bi0.4Sb1.6Te3,unknown,p,"estimated from Seebeck sign: positive=9, negative=0, zero=0, positive_ratio=1.000, negative_ratio=0.000",p,"estimated from Seebeck sign: positive=9, negative=0, zero=0, positive_ratio=1.000, negative_ratio=0.000",high,1.036571,0.7578811861324868,0.8701983134328358,0.1720539576737972,0.1227277915414376,false_negative,high_zt_false_negative,yes,yes,yes,yes,unknown,,unknown,,False,unknown,True,True,unknown,no,no,high_zt_error;manual_review;sintering_check,1,90,A,high observed ZT; high-ZT false negative; important candidate for paper; carried from Step14,10,9,9,6,0.1227277915414589,0.137469473589555,0.1374694735895396,0.2372124180357651,good,excellent,1761,,1.2597513541581569,relative_scale,empirical_group_baseline,,yes,excellent,excellent,excellent,near,high_zt_false_negative,yes,yes,observed high ZT missed; manual review required; sintering check required later,https://doi.org/10.1016/j.jallcom.2013.11.065
10.1016_j.jallcom.2010.10.131__sample_20836,2650,A,ZT>=1 false negative; observed ZT>=1; large ZT prediction error; manual review candidate; sintering check candidate,10.1016/j.jallcom.2010.10.131,,20836,Na0.02Ag1.98SbTe2,unknown,p,"estimated from Seebeck sign: positive=8, negative=0, zero=0, positive_ratio=1.000, negative_ratio=0.000",p,"estimated from Seebeck sign: positive=8, negative=0, zero=0, positive_ratio=1.000, negative_ratio=0.000",high,1.035286,0.8027444043754517,0.7775211362933437,,0.0324406204599841,false_negative,high_zt_false_negative,yes,yes,yes,yes,unknown,,unknown,,False,unknown,True,True,unknown,no,no,high_zt_error;manual_review;sintering_check,1,100,A,high observed ZT; high-ZT false negative; important candidate for paper; carried from Step14,8,3,1,0,0.1670669233914571,0.314926303391919,0.0319255337488828,,not_evaluated,excellent,1676,,0.3252979863824237,relative_scale,empirical_group_baseline,,yes,excellent,not_available,excellent,under_predicted,high_zt_false_negative,yes,yes,observed high ZT missed; insufficient ZT evaluation rows; manual review required; sintering check required later,https://doi.org/10.1016/j.jallcom.2010.10.131
10.1039_c4ta01554a__sample_8176,2650,A,ZT>=1 false negative; observed ZT>=1; large ZT prediction error; manual review candidate; sintering check candidate,10.1039/c4ta01554a,,8176,Bi0.48Sb1.52Te3,unknown,p,"estimated from Seebeck sign: positive=26, negative=0, zero=0, positive_ratio=1.000, negative_ratio=0.000",p,"estimated from Seebeck sign: positive=26, negative=0, zero=0, positive_ratio=1.000, negative_ratio=0.000",high,1.033371,0.9855054211556864,1.035621766457692,0.1648167813268508,0.1624260248800667,false_negative,high_zt_false_negative,yes,yes,yes,yes,unknown,,unknown,,False,unknown,True,True,unknown,no,no,high_zt_error;manual_review;sintering_check,1,90,A,high observed ZT; high-ZT false negative; important candidate for paper; carried from Step14,26,26,26,26,0.1624260248800782,0.1812081133471622,0.1812081133471549,0.1830867559132037,excellent,excellent,11454,,2.2730179151683383,relative_scale,empirical_group_baseline,,yes,excellent,excellent,excellent,near,high_zt_false_negative,yes,yes,observed high ZT missed; manual review required; sintering check required later,https://doi.org/10.1039/c4ta01554a
10.1016_j.mtphys.2020.100221__sample_33592,2650,A,ZT>=1 false negative; observed ZT>=1; large ZT prediction error; manual review candidate; sintering check candidate,10.1016/j.mtphys.2020.100221,,33592,Na0.02Sn0.98S0.5Se0.5,unknown,p,"estimated from Seebeck sign: positive=11, negative=0, zero=0, positive_ratio=1.000, negative_ratio=0.000",p,"estimated from Seebeck sign: positive=11, negative=0, zero=0, positive_ratio=1.000, negative_ratio=0.000",high,1.032763,0.4033096739244318,0.6225598157021484,0.4204139416371682,0.2207003839078475,false_negative,high_zt_false_negative,yes,yes,yes,yes,unknown,,unknown,,False,unknown,True,True,unknown,no,no,high_zt_error;manual_review;sintering_check,1,100,A,high observed ZT; high-ZT false negative; important candidate for paper; carried from Step14,11,6,4,1,0.3445174506415021,0.6433944942589939,0.2955215820753581,0.5454411227192644,moderate,good,27851,,0.0257039777380402,relative_scale,empirical_group_baseline,,yes,good,good,good,under_predicted,high_zt_false_negative,yes,yes,observed high ZT missed; manual review required; sintering check required later,https://doi.org/10.1016/j.mtphys.2020.100221
10.1007_s11664-010-1288-z__sample_16880,2650,A,ZT>=1 false negative; observed ZT>=1; large ZT prediction error; manual review candidate; sintering check candidate,10.1007/s11664-010-1288-z,,16880,Zn4Sb3,unknown,p,"estimated from Seebeck sign: positive=21, negative=0, zero=0, positive_ratio=1.000, negative_ratio=0.000",p,"estimated from Seebeck sign: positive=21, negative=0, zero=0, positive_ratio=1.000, negative_ratio=0.000",high,1.032085,0.8731413963916973,0.942324096931624,0.0500595924744412,0.0568230449902645,false_negative,high_zt_false_negative,yes,yes,yes,yes,unknown,,unknown,,False,unknown,True,True,unknown,no,no,high_zt_error;manual_review;sintering_check,1,90,A,high observed ZT; high-ZT false negative; important candidate for paper; carried from Step14,21,11,9,6,0.047777308007317,0.0560620923462035,0.0618886038550858,0.0594501585359076,excellent,excellent,2292,,0.9521550157425088,relative_scale,empirical_group_baseline,,yes,excellent,excellent,excellent,near,high_zt_false_negative,yes,yes,observed high ZT missed; manual review required; sintering check required later,https://doi.org/10.1007/s11664-010-1288-z
10.1039_d0tc02959a__sample_36439,2650,A,ZT>=1 false negative; observed ZT>=1; large ZT prediction error; manual review candidate; sintering check candidate,10.1039/d0tc02959a,,36439,SnSe0.95(NbCl5)0.01,unknown,n,"estimated from Seebeck sign: positive=0, negative=17, zero=0, positive_ratio=0.000, negative_ratio=1.000",n,"estimated from Seebeck sign: positive=0, negative=17, zero=0, positive_ratio=0.000, negative_ratio=1.000",high,1.031975,0.3910426497325595,1.0228877706035089,1.2255608891541074,2.621635004916292,false_negative,high_zt_false_negative,yes,yes,yes,yes,unknown,,unknown,,False,unknown,True,True,unknown,no,no,high_zt_error;manual_review;sintering_check,1,135,A,high observed ZT; high-ZT false negative; important candidate for paper; carried from Step14,17,12,6,6,1.6449009466903852,1.14735949924761,1.3713191196429546,0.9771761830624168,poor,poor,29207,,0.023343093178159,relative_scale,empirical_group_baseline,,yes,poor,poor,poor,under_predicted,high_zt_false_negative,yes,yes,large PF error; large ZT error vs observed ZT; large ZT error vs calculated ZT; observed high ZT missed; manual review required; sintering check required later,https://doi.org/10.1039/d0tc02959a
10.1039_c5ta01266j__sample_14451,2650,A,ZT>=1 false negative; observed ZT>=1; large ZT prediction error; manual review candidate; sintering check candidate,10.1039/c5ta01266j,,14451,(Ag0.785Cu0.2)2Te,unknown,p,"estimated from Seebeck sign: positive=13, negative=2, zero=0, positive_ratio=0.867, negative_ratio=0.133",p,"estimated from Seebeck sign: positive=13, negative=2, zero=0, positive_ratio=0.867, negative_ratio=0.133",medium,1.031602,0.6728578605621368,0.9677699618710972,0.347754404739292,0.3047336794156889,false_negative,high_zt_false_negative,yes,yes,yes,yes,unknown,,unknown,,False,unknown,True,True,unknown,no,no,high_zt_error;manual_review;sintering_check,1,100,A,high observed ZT; high-ZT false negative; important candidate for paper; carried from Step14,16,6,1,1,0.7224537824129497,0.6084815707093257,0.3634603117324914,0.4273341081338159,moderate,good,2815,,0.6946833767797742,relative_scale,empirical_group_baseline,,yes,moderate,good,good,under_predicted,high_zt_false_negative,yes,yes,observed high ZT missed; manual review required; sintering check required later,https://doi.org/10.1039/c5ta01266j
10.1039_c4ee01463d__sample_243,2650,A,ZT>=1 false negative; observed ZT>=1; large ZT prediction error; manual review candidate; sintering check candidate,10.1039/c4ee01463d,,243,Sn0.98Bi0.02Hg0.02Te1.02,unknown,p,"estimated from Seebeck sign: positive=24, negative=0, zero=0, positive_ratio=1.000, negative_ratio=0.000",p,"estimated from Seebeck sign: positive=24, negative=0, zero=0, positive_ratio=1.000, negative_ratio=0.000",high,1.031169,0.4142476149653705,0.4241949819607221,0.3276570346546622,0.1984152888810753,false_negative,high_zt_false_negative,yes,yes,yes,yes,unknown,,unknown,,False,unknown,True,True,unknown,no,no,high_zt_error;manual_review;sintering_check,1,100,A,high observed ZT; high-ZT false negative; important candidate for paper; carried from Step14,12,12,5,1,0.249499303679845,0.2741472352370321,0.2593738470089547,0.3969867035537295,good,good,7975,,3.7230183192225232,relative_scale,empirical_group_baseline,,yes,good,good,excellent,under_predicted,high_zt_false_negative,yes,yes,observed high ZT missed; manual review required; sintering check required later,https://doi.org/10.1039/c4ee01463d
10.1007_s11664-019-07745-y__sample_32521,2650,A,ZT>=1 false negative; observed ZT>=1; large ZT prediction error; manual review candidate; sintering check candidate,10.1007/s11664-019-07745-y,,32521,Ni/Bi0.5Sb1.5Te3,unknown,p,"estimated from Seebeck sign: positive=21, negative=0, zero=0, positive_ratio=1.000, negative_ratio=0.000",p,"estimated from Seebeck sign: positive=21, negative=0, zero=0, positive_ratio=1.000, negative_ratio=0.000",high,1.029548,0.9568741491384656,1.0246056595409854,0.1071393919230753,0.1034592684306739,false_negative,high_zt_false_negative,yes,yes,yes,yes,unknown,,unknown,,False,unknown,True,True,unknown,no,no,high_zt_error;manual_review;sintering_check,1,90,A,high observed ZT; high-ZT false negative; important candidate for paper; carried from Step14,21,21,21,21,0.1034592684306796,0.1150295479950379,0.1150295479950346,0.117982605262004,excellent,excellent,21493,,1.2594532988218736,relative_scale,empirical_group_baseline,,yes,excellent,excellent,excellent,near,high_zt_false_negative,yes,yes,observed high ZT missed; manual review required; sintering check required later,https://doi.org/10.1007/s11664-019-07745-y
10.1016_j.scriptamat.2019.01.046__sample_27908,2650,A,ZT>=1 false negative; observed ZT>=1; large ZT prediction error; manual review candidate; sintering check candidate,10.1016/j.scriptamat.2019.01.046,,27908,(CuTe)0.0013Bi0.5Sb1.5Te3,unknown,p,"estimated from Seebeck sign: positive=8, negative=0, zero=0, positive_ratio=1.000, negative_ratio=0.000",p,"estimated from Seebeck sign: positive=8, negative=0, zero=0, positive_ratio=1.000, negative_ratio=0.000",high,1.029293,0.9293478451658572,1.0211414416413742,0.1025090222578135,0.1089674686960783,false_negative,high_zt_false_negative,yes,yes,yes,yes,unknown,,unknown,,False,unknown,True,True,unknown,no,no,high_zt_error;manual_review;sintering_check,1,90,A,high observed ZT; high-ZT false negative; important candidate for paper; carried from Step14,8,8,6,6,0.1176749105585551,0.1236739406039931,0.1111214698911883,0.105641416693844,excellent,excellent,24829,,1.0022822618684208,relative_scale,empirical_group_baseline,,yes,excellent,excellent,excellent,near,high_zt_false_negative,yes,yes,observed high ZT missed; manual review required; sintering check required later,https://doi.org/10.1016/j.scriptamat.2019.01.046
10.1039_c9ta00400a__sample_41008,2650,A,ZT>=1 false negative; observed ZT>=1; large ZT prediction error; manual review candidate; sintering check candidate,10.1039/c9ta00400a,,41008,(PbTeI0.004)92.15(Sb)7.85,unknown,n,"estimated from Seebeck sign: positive=0, negative=12, zero=0, positive_ratio=0.000, negative_ratio=1.000",n,"estimated from Seebeck sign: positive=0, negative=12, zero=0, positive_ratio=0.000, negative_ratio=1.000",high,1.027972,0.4146808047842497,0.4793601279280843,0.3326369409689349,0.2909230353708882,false_negative,high_zt_false_negative,yes,yes,yes,yes,unknown,,unknown,,False,unknown,True,True,unknown,no,no,high_zt_error;manual_review;sintering_check,1,100,A,high observed ZT; high-ZT false negative; important candidate for paper; carried from Step14,11,7,2,2,0.4552708715462669,0.4847132784156647,0.4311418259395349,0.502578014770813,moderate,moderate,31735,,2.912057924282405,relative_scale,empirical_group_baseline,,yes,good,good,good,under_predicted,high_zt_false_negative,yes,yes,observed high ZT missed; manual review required; sintering check required later,https://doi.org/10.1039/c9ta00400a
10.1039_d0ta00245c__sample_34284,2650,A,ZT>=1 false negative; observed ZT>=1; large ZT prediction error; manual review candidate; sintering check candidate,10.1039/d0ta00245c,,34284,BaCu2Te2,unknown,p,"estimated from Seebeck sign: positive=12, negative=0, zero=0, positive_ratio=1.000, negative_ratio=0.000",p,"estimated from Seebeck sign: positive=12, negative=0, zero=0, positive_ratio=1.000, negative_ratio=0.000",high,1.027948,0.3976443296531322,0.3952182569237357,0.0357711409644611,0.041119744011434,false_negative,high_zt_false_negative,yes,yes,yes,yes,unknown,,unknown,,False,unknown,True,True,unknown,no,no,high_zt_error;manual_review;sintering_check,1,90,A,high observed ZT; high-ZT false negative; important candidate for paper; carried from Step14,12,10,3,3,0.0773652777245438,0.0929033742701369,0.0504199523385622,0.0439635117815802,excellent,excellent,27613,,0.9579635234979108,relative_scale,empirical_group_baseline,,yes,excellent,excellent,excellent,near,high_zt_false_negative,yes,yes,observed high ZT missed; manual review required; sintering check required later,https://doi.org/10.1039/d0ta00245c
10.1063_1.2900960__sample_1442,2650,A,ZT>=1 false negative; observed ZT>=1; large ZT prediction error; manual review candidate; sintering check candidate,10.1063/1.2900960,,1442,Bi2Te3(Sb2Te3)7,unknown,p,"estimated from Seebeck sign: positive=11, negative=0, zero=0, positive_ratio=1.000, negative_ratio=0.000",p,"estimated from Seebeck sign: positive=11, negative=0, zero=0, positive_ratio=1.000, negative_ratio=0.000",high,1.026977,0.3033431637834653,0.3118506155440413,,0.1045518023097089,false_negative,high_zt_false_negative,yes,yes,yes,yes,unknown,,unknown,,False,unknown,True,True,unknown,no,no,high_zt_error;manual_review;sintering_check,1,100,A,high observed ZT; high-ZT false negative; important candidate for paper; carried from Step14,12,5,4,0,0.0850515898095025,0.109747737130723,0.122651400681644,,not_evaluated,excellent,299,,0.7367469510717919,relative_scale,empirical_group_baseline,,yes,excellent,not_available,excellent,under_predicted,high_zt_false_negative,yes,yes,observed high ZT missed; insufficient ZT evaluation rows; manual review required; sintering check required later,https://doi.org/10.1063/1.2900960
10.1039_c2ee22622g__sample_21020,2650,A,ZT>=1 false negative; observed ZT>=1; large ZT prediction error; manual review candidate; sintering check candidate,10.1039/c2ee22622g,,21020,Bi0.875Ba0.125CuSeO,unknown,p,"estimated from Seebeck sign: positive=25, negative=0, zero=0, positive_ratio=1.000, negative_ratio=0.000",p,"estimated from Seebeck sign: positive=25, negative=0, zero=0, positive_ratio=1.000, negative_ratio=0.000",high,1.026838,0.993239225463374,0.8063096486424693,0.6174369253226588,0.2318334862240899,false_negative,high_zt_false_negative,yes,yes,yes,yes,unknown,,unknown,,False,unknown,True,True,unknown,no,no,high_zt_error;manual_review;sintering_check,1,100,A,high observed ZT; high-ZT false negative; important candidate for paper; carried from Step14,26,2,1,1,0.1646967034406379,0.161461203207164,0.2085036986911177,0.4808427514688525,moderate,good,7964,,0.7807272022576417,relative_scale,empirical_group_baseline,,yes,excellent,moderate,good,under_predicted,high_zt_false_negative,yes,yes,observed high ZT missed; manual review required; sintering check required later,https://doi.org/10.1039/c2ee22622g
10.1126_sciadv.abc0726__sample_39487,2650,A,ZT>=1 false negative; observed ZT>=1; large ZT prediction error; manual review candidate; sintering check candidate,10.1126/sciadv.abc0726,,39487,Mg3.0476Y0.0024SbBi,unknown,n,"estimated from Seebeck sign: positive=0, negative=22, zero=0, positive_ratio=0.000, negative_ratio=1.000",n,"estimated from Seebeck sign: positive=0, negative=22, zero=0, positive_ratio=0.000, negative_ratio=1.000",high,1.026837,0.9864921968650442,1.0182238532587322,0.1406510917508408,0.1365770900655663,false_negative,high_zt_false_negative,yes,yes,yes,yes,unknown,,unknown,,False,unknown,True,True,unknown,no,no,high_zt_error;manual_review;sintering_check,1,90,A,high observed ZT; high-ZT false negative; important candidate for paper; carried from Step14,17,9,5,5,0.1097592201543882,0.1345552395070977,0.1649876791667722,0.1702946925302126,excellent,excellent,29153,,0.5444366488901187,relative_scale,empirical_group_baseline,,yes,excellent,excellent,excellent,near,high_zt_false_negative,yes,yes,observed high ZT missed; manual review required; sintering check required later,https://doi.org/10.1126/sciadv.abc0726
10.1021_acs.chemmater.8b03994__sample_43394,2650,A,ZT>=1 false negative; observed ZT>=1; large ZT prediction error; manual review candidate; sintering check candidate,10.1021/acs.chemmater.8b03994,,43394,Yb0.3Co3.7Fe0.3Sb12,unknown,n,"estimated from Seebeck sign: positive=0, negative=8, zero=0, positive_ratio=0.000, negative_ratio=1.000",n,"estimated from Seebeck sign: positive=0, negative=8, zero=0, positive_ratio=0.000, negative_ratio=1.000",high,1.02679,0.4761158839132883,0.4239184358398948,0.1683468440968512,0.1621425394386128,false_negative,high_zt_false_negative,yes,yes,yes,yes,unknown,,unknown,,False,unknown,True,True,unknown,no,no,high_zt_error;manual_review;sintering_check,1,100,A,high observed ZT; high-ZT false negative; important candidate for paper; carried from Step14,8,3,2,2,0.1166117053863286,0.1261565421211146,0.1534218625990318,0.1585472624729257,excellent,excellent,32117,,1.1717277046191783,relative_scale,empirical_group_baseline,,yes,excellent,excellent,excellent,near,high_zt_false_negative,yes,yes,observed high ZT missed; manual review required; sintering check required later,https://doi.org/10.1021/acs.chemmater.8b03994
10.1111_ijac.13750__sample_44704,2650,A,ZT>=1 false negative; observed ZT>=1; large ZT prediction error; manual review candidate; sintering check candidate,10.1111/ijac.13750,,44704,GeTe,unknown,p,"estimated from Seebeck sign: positive=9, negative=0, zero=0, positive_ratio=1.000, negative_ratio=0.000",p,"estimated from Seebeck sign: positive=9, negative=0, zero=0, positive_ratio=1.000, negative_ratio=0.000",high,1.026006,0.4127946838700165,0.4185381436604289,0.1533579457165939,0.0967712737581199,false_negative,high_zt_false_negative,yes,yes,yes,yes,unknown,,unknown,,False,unknown,True,True,unknown,no,no,high_zt_error;manual_review;sintering_check,1,90,A,high observed ZT; high-ZT false negative; important candidate for paper; carried from Step14,9,8,3,3,0.1286653481252537,0.1569239817572965,0.1281477615901939,0.2642945344907905,good,excellent,37665,,7.15795811873334,relative_scale,empirical_group_baseline,,yes,excellent,excellent,excellent,near,high_zt_false_negative,yes,yes,observed high ZT missed; manual review required; sintering check required later,https://doi.org/10.1111/ijac.13750
10.1063_1.3643051__sample_1447,2650,A,ZT>=1 false negative; observed ZT>=1; large ZT prediction error; manual review candidate; sintering check candidate,10.1063/1.3643051,,1447,Bi0.4Sb1.6Te3,unknown,p,"estimated from Seebeck sign: positive=8, negative=0, zero=0, positive_ratio=1.000, negative_ratio=0.000",p,"estimated from Seebeck sign: positive=8, negative=0, zero=0, positive_ratio=1.000, negative_ratio=0.000",high,1.025057,7.207326142767771e-05,6.522218608442293e-05,0.9998897555268076,0.1050420992388513,false_negative,high_zt_false_negative,yes,yes,yes,yes,unknown,,unknown,,False,unknown,True,True,unknown,no,no,high_zt_error;manual_review;sintering_check,1,100,A,high observed ZT; high-ZT false negative; important candidate for paper; carried from Step14,8,8,1,1,0.0856783376156454,0.0910545931997625,0.0998834331026632,9.112810174666286,poor,excellent,352,,0.0001098705862529,relative_scale,empirical_group_baseline,,yes,excellent,moderate,excellent,under_predicted,high_zt_false_negative,yes,yes,observed high ZT missed; manual review required; sintering check required later,https://doi.org/10.1063/1.3643051
10.1021_acs.chemmater.8b03994__sample_43400,2650,A,ZT>=1 false negative; observed ZT>=1; large ZT prediction error; manual review candidate; sintering check candidate,10.1021/acs.chemmater.8b03994,,43400,Yb0.5Co3.7Fe0.3Sb12,unknown,n,"estimated from Seebeck sign: positive=0, negative=10, zero=0, positive_ratio=0.000, negative_ratio=1.000",n,"estimated from Seebeck sign: positive=0, negative=10, zero=0, positive_ratio=0.000, negative_ratio=1.000",high,1.024561,0.280846815837693,0.2531607494573593,,0.1093616069618921,false_negative,high_zt_false_negative,yes,yes,yes,yes,unknown,,unknown,,False,unknown,True,True,unknown,no,no,high_zt_error;manual_review;sintering_check,1,100,A,high observed ZT; high-ZT false negative; important candidate for paper; carried from Step14,10,2,1,0,0.1512045689872584,0.1447884590630532,0.103784721011038,,not_evaluated,excellent,32117,,2.4444512765498523,relative_scale,empirical_group_baseline,,yes,excellent,not_available,excellent,under_predicted,high_zt_false_negative,yes,yes,observed high ZT missed; insufficient ZT evaluation rows; manual review required; sintering check required later,https://doi.org/10.1021/acs.chemmater.8b03994
10.1016_j.scriptamat.2019.01.046__sample_27907,2650,A,ZT>=1 false negative; observed ZT>=1; large ZT prediction error; manual review candidate; sintering check candidate,10.1016/j.scriptamat.2019.01.046,,27907,Bi0.5Sb1.5Te3,unknown,p,"estimated from Seebeck sign: positive=8, negative=0, zero=0, positive_ratio=1.000, negative_ratio=0.000",p,"estimated from Seebeck sign: positive=8, negative=0, zero=0, positive_ratio=1.000, negative_ratio=0.000",high,1.024104,0.9230692563198518,0.973743892592376,0.0438279634055909,0.0423189856914237,false_negative,high_zt_false_negative,yes,yes,yes,yes,unknown,,unknown,,False,unknown,True,True,unknown,no,no,high_zt_error;manual_review;sintering_check,1,100,A,high observed ZT; high-ZT false negative; important candidate for paper; carried from Step14,8,8,2,2,0.0714661518049546,0.0776692958640353,0.0444664524488369,0.0474982707635432,excellent,excellent,24829,,0.8176231367625512,relative_scale,empirical_group_baseline,,yes,excellent,excellent,excellent,near,high_zt_false_negative,yes,yes,observed high ZT missed; manual review required; sintering check required later,https://doi.org/10.1016/j.scriptamat.2019.01.046
10.1109_ict.2002.1190254__sample_6996,2650,A,ZT>=1 false negative; observed ZT>=1; large ZT prediction error; manual review candidate; sintering check candidate,10.1109/ict.2002.1190254,,6996,(Bi2Te3)0.2(Sb2Te3)0.8,unknown,p,"estimated from Seebeck sign: positive=5, negative=0, zero=0, positive_ratio=1.000, negative_ratio=0.000",p,"estimated from Seebeck sign: positive=5, negative=0, zero=0, positive_ratio=1.000, negative_ratio=0.000",high,1.023614,0.8460143729868776,1.0079458234618852,0.0922932730686118,0.0988963190750284,false_negative,high_zt_false_negative,yes,yes,yes,yes,unknown,,unknown,,False,unknown,True,True,unknown,no,no,high_zt_error;manual_review;sintering_check,1,90,A,high observed ZT; high-ZT false negative; important candidate for paper; carried from Step14,5,5,5,5,0.0988963190750429,0.1090036183463381,0.1090036183463342,0.106904654282455,excellent,excellent,8761,,0.9336897884158736,relative_scale,empirical_group_baseline,,yes,excellent,excellent,excellent,near,high_zt_false_negative,yes,yes,observed high ZT missed; manual review required; sintering check required later,https://doi.org/10.1109/ict.2002.1190254
10.1007_s11664-019-07745-y__sample_32542,2650,A,ZT>=1 false negative; observed ZT>=1; large ZT prediction error; manual review candidate; sintering check candidate,10.1007/s11664-019-07745-y,,32542,Ni/Bi0.5Sb1.5Te3,unknown,p,"estimated from Seebeck sign: positive=21, negative=0, zero=0, positive_ratio=1.000, negative_ratio=0.000",p,"estimated from Seebeck sign: positive=21, negative=0, zero=0, positive_ratio=1.000, negative_ratio=0.000",high,1.023117,0.9928854830703082,1.056199507651585,0.1085686338312361,0.0986856888776408,false_negative,high_zt_false_negative,yes,yes,yes,yes,unknown,,unknown,,False,unknown,True,True,unknown,no,no,high_zt_error;manual_review;sintering_check,1,90,A,high observed ZT; high-ZT false negative; important candidate for paper; carried from Step14,21,21,21,21,0.0986856888776455,0.1101612879433627,0.110161287943361,0.1171097123547621,excellent,excellent,21493,,1.2881077157982448,relative_scale,empirical_group_baseline,,yes,excellent,excellent,excellent,near,high_zt_false_negative,yes,yes,observed high ZT missed; manual review required; sintering check required later,https://doi.org/10.1007/s11664-019-07745-y
10.1039_c5ta01266j__sample_14450,2650,A,ZT>=1 false negative; observed ZT>=1; large ZT prediction error; manual review candidate; sintering check candidate,10.1039/c5ta01266j,,14450,(Ag0.885Cu0.1)2Te,unknown,p,"estimated from Seebeck sign: positive=13, negative=4, zero=0, positive_ratio=0.765, negative_ratio=0.235",p,"estimated from Seebeck sign: positive=13, negative=4, zero=0, positive_ratio=0.765, negative_ratio=0.235",medium,1.022224,0.4361435744413162,0.9560940196761126,0.5507665258179242,0.5438277350703807,false_negative,high_zt_false_negative,yes,yes,yes,yes,unknown,,unknown,,False,unknown,True,True,unknown,no,no,high_zt_error;manual_review;sintering_check,1,100,A,high observed ZT; high-ZT false negative; important candidate for paper; carried from Step14,16,6,1,1,0.9764063968339896,0.91779863322414,0.7848847668379073,0.8002125393438123,poor,moderate,2815,,0.4299858881983528,relative_scale,empirical_group_baseline,,yes,moderate,moderate,moderate,under_predicted,high_zt_false_negative,yes,yes,observed high ZT missed; manual review required; sintering check required later,https://doi.org/10.1039/c5ta01266j
10.1021_acs.chemmater.6b01291__sample_20999,2650,A,ZT>=1 false negative; observed ZT>=1; large ZT prediction error; manual review candidate; sintering check candidate,10.1021/acs.chemmater.6b01291,,20999,Bi0.96Pb0.04CuSeO,unknown,p,"estimated from Seebeck sign: positive=8, negative=0, zero=0, positive_ratio=1.000, negative_ratio=0.000",p,"estimated from Seebeck sign: positive=8, negative=0, zero=0, positive_ratio=1.000, negative_ratio=0.000",high,1.022211,0.9212474764131564,1.0044985546196643,0.0904050790910052,0.0837495429558571,false_negative,high_zt_false_negative,yes,yes,yes,yes,unknown,,unknown,,False,unknown,True,True,unknown,no,no,high_zt_error;manual_review;sintering_check,1,90,A,high observed ZT; high-ZT false negative; important candidate for paper; carried from Step14,8,8,4,4,0.1233672059177782,0.1467373773309182,0.1032246813578974,0.1129258444927362,excellent,excellent,7398,,0.4229606645530202,relative_scale,empirical_group_baseline,,yes,excellent,excellent,excellent,near,high_zt_false_negative,yes,yes,observed high ZT missed; manual review required; sintering check required later,https://doi.org/10.1021/acs.chemmater.6b01291
10.1021_acsami.0c00873__sample_34366,2650,A,ZT>=1 false negative; observed ZT>=1; large ZT prediction error; manual review candidate; sintering check candidate,10.1021/acsami.0c00873,,34366,SnSeC0.08,unknown,p,"estimated from Seebeck sign: positive=11, negative=0, zero=0, positive_ratio=1.000, negative_ratio=0.000",p,"estimated from Seebeck sign: positive=11, negative=0, zero=0, positive_ratio=1.000, negative_ratio=0.000",high,1.02027,0.2633077415159651,1.0280921466857862,0.6667793077413836,0.8283546665414478,false_negative,high_zt_false_negative,yes,yes,yes,yes,unknown,,unknown,,False,unknown,True,True,unknown,no,no,high_zt_error;manual_review;sintering_check,1,90,A,high observed ZT; high-ZT false negative; important candidate for paper; carried from Step14,11,8,8,6,0.8283546665413289,0.823889575919221,0.823889575919284,0.81173420026374,poor,poor,28078,,0.0206374076837669,relative_scale,empirical_group_baseline,,yes,moderate,moderate,moderate,under_predicted,high_zt_false_negative,yes,yes,observed high ZT missed; manual review required; sintering check required later,https://doi.org/10.1021/acsami.0c00873
10.1007_s11664-014-3235-x__sample_9917,2650,A,ZT>=1 false negative; observed ZT>=1; large ZT prediction error; manual review candidate; sintering check candidate,10.1007/s11664-014-3235-x,,9917,Mg2Si0.43Sn0.4Ge0.15Bi0.02,unknown,n,"estimated from Seebeck sign: positive=0, negative=12, zero=0, positive_ratio=0.000, negative_ratio=1.000",n,"estimated from Seebeck sign: positive=0, negative=12, zero=0, positive_ratio=0.000, negative_ratio=1.000",high,1.019512,0.2827748164713486,0.3238726471107399,0.0828256440076089,0.0866762216604629,false_negative,high_zt_false_negative,yes,yes,yes,yes,unknown,,unknown,,False,unknown,True,False,unknown,no,no,high_zt_error;manual_review;sintering_check,1,95,A,high observed ZT; high-ZT false negative; important candidate for paper; carried from Step14,12,6,2,2,0.1856459858543643,0.2125428936602764,0.1016793260230885,0.0966597970818155,excellent,excellent,10833,,1.8081264483144963,relative_scale,empirical_group_baseline,,yes,excellent,excellent,excellent,near,high_zt_false_negative,yes,yes,observed high ZT missed; manual review required; sintering check required later,https://doi.org/10.1007/s11664-014-3235-x
10.1007_s11664-019-07745-y__sample_32543,2650,A,ZT>=1 false negative; observed ZT>=1; large ZT prediction error; manual review candidate; sintering check candidate,10.1007/s11664-019-07745-y,,32543,Ni/Bi0.5Sb1.5Te3,unknown,p,"estimated from Seebeck sign: positive=21, negative=0, zero=0, positive_ratio=1.000, negative_ratio=0.000",p,"estimated from Seebeck sign: positive=21, negative=0, zero=0, positive_ratio=1.000, negative_ratio=0.000",high,1.018247,0.9749850681183588,1.0240457033547767,0.0911972356516245,0.093939687263982,false_negative,high_zt_false_negative,yes,yes,yes,yes,unknown,,unknown,,False,unknown,True,True,unknown,no,no,high_zt_error;manual_review;sintering_check,1,90,A,high observed ZT; high-ZT false negative; important candidate for paper; carried from Step14,21,21,21,21,0.0939396872639925,0.1047049685609195,0.104704968560913,0.1026053171346381,excellent,excellent,21493,,1.269163353667941,relative_scale,empirical_group_baseline,,yes,excellent,excellent,excellent,near,high_zt_false_negative,yes,yes,observed high ZT missed; manual review required; sintering check required later,https://doi.org/10.1007/s11664-019-07745-y
10.1039_c3ee41935e__sample_21122,2650,A,ZT>=1 false negative; observed ZT>=1; large ZT prediction error; manual review candidate; sintering check candidate,10.1039/c3ee41935e,,21122,AgSb0.96Bi0.04Se2,unknown,p,"estimated from Seebeck sign: positive=10, negative=0, zero=0, positive_ratio=1.000, negative_ratio=0.000",p,"estimated from Seebeck sign: positive=10, negative=0, zero=0, positive_ratio=1.000, negative_ratio=0.000",high,1.017493,0.359950961205689,0.2825349931735328,,0.2740048840060223,false_negative,high_zt_false_negative,yes,yes,yes,yes,unknown,,unknown,,False,unknown,True,True,unknown,no,no,high_zt_error;manual_review;sintering_check,1,100,A,high observed ZT; high-ZT false negative; important candidate for paper; carried from Step14,10,4,1,0,0.2485488518499403,0.244014235817125,0.2421653907423269,,not_evaluated,good,7973,,0.1220119948876452,relative_scale,empirical_group_baseline,,yes,good,not_available,good,under_predicted,high_zt_false_negative,yes,yes,observed high ZT missed; insufficient ZT evaluation rows; manual review required; sintering check required later,https://doi.org/10.1039/c3ee41935e
10.1016_j.jssc.2020.121203__sample_28933,2650,A,ZT>=1 false negative; observed ZT>=1; large ZT prediction error; manual review candidate; sintering check candidate,10.1016/j.jssc.2020.121203,,28933,Hf0.25Zr0.75NiSn0.99Sb0.01,unknown,p,"estimated from Seebeck sign: positive=8, negative=0, zero=0, positive_ratio=1.000, negative_ratio=0.000",p,"estimated from Seebeck sign: positive=8, negative=0, zero=0, positive_ratio=1.000, negative_ratio=0.000",high,1.017378,0.9296877740029702,1.0078362852770415,0.165071530897703,0.1629017294269919,false_negative,high_zt_false_negative,yes,yes,yes,yes,unknown,,unknown,,False,unknown,True,True,unknown,no,no,high_zt_error;manual_review;sintering_check,1,90,A,high observed ZT; high-ZT false negative; important candidate for paper; carried from Step14,8,8,8,8,0.1629017294269955,0.2231937848144111,0.2231937848144118,0.2254073584144665,good,good,24707,,3.2306126688870616,relative_scale,empirical_group_baseline,,yes,excellent,excellent,excellent,near,high_zt_false_negative,yes,yes,observed high ZT missed; manual review required; sintering check required later,https://doi.org/10.1016/j.jssc.2020.121203
10.1016_j.jssc.2016.02.012__sample_2442,2650,A,ZT>=1 false negative; observed ZT>=1; large ZT prediction error; manual review candidate; sintering check candidate,10.1016/j.jssc.2016.02.012,,2442,Sn0.95Ag0.05Te0.95I0.05,unknown,p,"estimated from Seebeck sign: positive=22, negative=0, zero=0, positive_ratio=1.000, negative_ratio=0.000",p,"estimated from Seebeck sign: positive=22, negative=0, zero=0, positive_ratio=1.000, negative_ratio=0.000",high,1.016378,0.0208645875917477,0.0297458113232574,,0.2502425165582017,false_negative,high_zt_false_negative,yes,yes,yes,yes,unknown,,unknown,,False,unknown,True,True,unknown,no,no,high_zt_error;manual_review;sintering_check,1,100,A,high observed ZT; high-ZT false negative; important candidate for paper; carried from Step14,22,17,3,0,0.2263170798128236,0.2589302941778606,0.3024559745793433,,not_evaluated,good,12896,,5.173857000265405,relative_scale,empirical_group_baseline,,yes,good,not_available,good,under_predicted,high_zt_false_negative,yes,yes,observed high ZT missed; insufficient ZT evaluation rows; manual review required; sintering check required later,https://doi.org/10.1016/j.jssc.2016.02.012
10.1016_j.pnsc.2019.12.007__sample_35971,2650,A,ZT>=1 false negative; observed ZT>=1; large ZT prediction error; manual review candidate; sintering check candidate,10.1016/j.pnsc.2019.12.007,,35971,Ti0.30Hf0.25 Zr0.45NiSn0.985Sb0.015,unknown,n,"estimated from Seebeck sign: positive=0, negative=8, zero=0, positive_ratio=0.000, negative_ratio=1.000",n,"estimated from Seebeck sign: positive=0, negative=8, zero=0, positive_ratio=0.000, negative_ratio=1.000",high,1.016184,0.8988073612600275,1.018288718971882,0.1155072690969081,0.1130359377372672,false_negative,high_zt_false_negative,yes,yes,yes,yes,unknown,,unknown,,False,unknown,True,True,unknown,no,no,high_zt_error;manual_review;sintering_check,1,100,A,high observed ZT; high-ZT false negative; important candidate for paper; carried from Step14,8,5,4,1,0.0933680758210167,0.1217401417980154,0.1359081510291901,0.1227409837280044,excellent,excellent,28176,,3.302556416767413,relative_scale,empirical_group_baseline,,yes,excellent,excellent,excellent,near,high_zt_false_negative,yes,yes,observed high ZT missed; manual review required; sintering check required later,https://doi.org/10.1016/j.pnsc.2019.12.007
