sample_key,candidate_score_step24,candidate_tier_step24,candidate_reason_step24,candidate_caution_step24,DOI,paper_title,sample_id,composition,material_system,n_or_p,n_or_p_final_step17,n_or_p_basis,n_or_p_step6,n_or_p_basis_step6,n_or_p_confidence_step6,zt_obs_max_step24,zt_pred_ML_max_step24,zt_pred_fitting_max_step24,zt_calc_from_obs_max_step24,zt_obs_max_step21,zt_pred_ML_max_step21,zt_pred_fitting_max_step21,zt_calc_from_obs_max_step21,zt_obs_max_step22,zt_pred_ML_max_step22,zt_pred_fitting_max_step22,zt_calc_from_obs_max_step22,sigma_obs_max_step24,sigma_obs_median_step24,sigma_pred_ML_max_step24,sigma_pred_ML_median_step24,kappa_obs_min_step24,kappa_obs_median_step24,seebeck_abs_max_step24,seebeck_abs_median_step24,zt_obs_max_from_rows_step24,zt_pred_ML_max_from_rows_step24,zt_calc_from_obs_max_from_rows_step24,temperature_min_step24,temperature_max_step24,temperature_span_step24,n_temperature_rows_step24,is_high_zt_observed_step24,is_high_zt_ml_predicted_step24,is_high_zt_fitting_predicted_step24,is_low_kappa_step24,is_high_sigma_obs_step24,is_high_sigma_ml_step24,is_low_kappa_high_sigma_step24,elements_detected_step24,contains_carbon_element_step24,rare_metal_elements_step24,rare_metal_flag_step24,toxicity_attention_elements_step24,toxicity_attention_flag_step24,is_low_rare_metal_attention_step24,is_low_toxicity_attention_step24,is_nanocarbon_candidate_step24,is_ml_supported_candidate_step24,is_fitting_supported_candidate_step24,is_balanced_recommended_candidate_step24,nanocarbon_keyword_detected_step9,nanocarbon_type_auto_step9,rare_metal_flag_auto_step9,toxicity_flag_auto_step9,additive_final_step17,additive_source_step17,additive_confidence_final_step17,structure_final_step17,structure_source_step17,structure_confidence_final_step17,sintering_method_final_step17,sintering_condition_final_step17,sintering_checked_final_step17,sintering_source_step17,sintering_confidence_final_step17,paper_checked_step17,manual_review_status_step17,comparison_category_step22,primary_error_source_hypothesis_step23,secondary_error_source_hypothesis_step23,error_pattern_step23,error_cause_note_step23,sigma_fitting_log_rmse_step22,sigma_ML_log_rmse_step22,sigma_log_rmse_gap_ML_minus_fitting_step22,pf_fitting_mape_step22,pf_ML_mape_step22,pf_mape_gap_ML_minus_fitting_step22,zt_obs_fitting_mape_step22,zt_obs_ML_mape_step22,zt_obs_mape_gap_ML_minus_fitting_step22,missing_additive_info_step23,missing_structure_info_step23,missing_sintering_info_step23,manual_annotation_needed_step23,step23_review_priority_score,step23_review_priority_tier,step23_review_reason,in_manual_review_priority_step24,in_sintering_check_priority_step24,in_high_zt_error_step24,needs_manual_review_step24,needs_sintering_check_step24,sintering_method,sintering_checked,record_checked,evaluation_scope_step21,downstream_evaluation_note_step21,doi_url
10.1002_adma.201400515__sample_7654,165,A,observed ZT >= threshold; ML predicted ZT >= threshold; low thermal conductivity; high observed electrical conductivity; high ML predicted electrical conductivity; low kappa and high sigma; rare metal attention elements not detected; toxicity attention elements not detected; balanced recommended candidate,downstream ML prediction is not unbiased evaluation; structure unknown; additive unknown; sintering unknown,10.1002/adma.201400515,,7654,Cu1.97S,unknown,p,p,"estimated from Seebeck sign: positive=15, negative=0, zero=0, positive_ratio=1.000, negative_ratio=0.000",p,"estimated from Seebeck sign: positive=15, negative=0, zero=0, positive_ratio=1.000, negative_ratio=0.000",high,1.553548,1.0534731725036417,0.5318182689261721,1.097835203305677,1.553548,3.11036269136487,0.5318182689261721,1.097835203305677,1.553548,1.0534731725036417,0.5318182689261721,1.097835203305677,13947.23,10319.37,116844.99148565027,63675.5836614407,0.4716863,0.4765097,0.0002592593,0.0001498316,1.553548,3.11036269136487,1.097835203305677,301.614,994.852,693.238,15,True,True,False,True,True,True,True,Cu;S,False,,False,,False,True,True,False,True,True,True,False,unknown,False,False,unknown,auto_step9,unknown,unknown,auto_step9,unknown,unknown,,no,unknown,unknown,no,not_checked,not_evaluated,not_evaluable,missing_additive_or_structure_annotation; possible_sintering_or_microstructure_effect; tau_eff_ML_prediction_error,not_evaluable,candidate hypothesis only; no causal mechanism proven,0.4761489516156775,0.8330383373825694,0.3568893857668918,0.740617553119639,2.0556151026008616,1.3149975494812227,,,,True,True,True,True,60.0,B,observed high ZT; missing sintering info for high-ZT/error sample; manual review not checked,False,False,True,True,True,unknown,no,no,downstream_all_samples,not_unbiased_evaluation,https://doi.org/10.1002/adma.201400515
10.1039_c5ta01667c__sample_7224,145,A,observed ZT >= threshold; ML predicted ZT >= threshold; low thermal conductivity; high ML predicted electrical conductivity; low kappa and high sigma; rare metal attention elements not detected; toxicity attention elements not detected; balanced recommended candidate,downstream ML prediction is not unbiased evaluation; structure unknown; additive unknown; sintering unknown,10.1039/c5ta01667c,,7224,Cu1.97S,,p,p,"estimated from Seebeck sign: positive=19, negative=0, zero=0, positive_ratio=1.000, negative_ratio=0.000",p,"estimated from Seebeck sign: positive=19, negative=0, zero=0, positive_ratio=1.000, negative_ratio=0.000",high,1.89418,6.02044003986307,0.1733118333599964,0.2107504195074948,1.89418,6.02044003986307,0.1733118333599964,0.2107504195074948,,,,,2782.609,1739.13,85485.3280298994,58304.26758538444,0.3471321,0.3526949,0.0002370761,0.0002143591,1.89418,6.02044003986307,0.2107504195074948,401.811,966.796,564.9850000000001,19,True,True,False,True,False,True,True,Cu;S,False,,False,,False,True,True,False,True,True,True,False,,False,False,,auto_step9,,,auto_step9,,,,no,,,no,,,,,,,,,,,,,,,,,,,,,,,False,False,False,True,True,unknown,no,no,downstream_all_samples,not_unbiased_evaluation,https://doi.org/10.1039/c5ta01667c
10.1109_ict.2005.1519880__sample_24217,145,A,observed ZT >= threshold; ML predicted ZT >= threshold; low thermal conductivity; high ML predicted electrical conductivity; low kappa and high sigma; rare metal attention elements not detected; toxicity attention elements not detected; balanced recommended candidate,downstream ML prediction is not unbiased evaluation; structure unknown; additive unknown; sintering unknown,10.1109/ict.2005.1519880,,24217,TiO1.1,,p,p,"estimated from Seebeck sign: positive=14, negative=0, zero=0, positive_ratio=1.000, negative_ratio=0.000",p,"estimated from Seebeck sign: positive=14, negative=0, zero=0, positive_ratio=1.000, negative_ratio=0.000",high,1.543128,1.2277392673317538,0.5837148207394245,1.4726503597260654,1.543128,1.2277392673317538,0.5837148207394245,1.4726503597260654,,,,,8985.675,8280.326000000001,31700.29965189816,19745.375675831478,1.445161,4.2064515,0.001008116,0.0007930434499999999,1.543128,1.2277392673317538,1.4726503597260654,569.954,1220.182,650.2280000000001,14,True,True,False,True,False,True,True,O;Ti,False,,False,,False,True,True,False,True,True,True,False,,False,False,,auto_step9,,,auto_step9,,,,no,,,no,,,,,,,,,,,,,,,,,,,,,,,False,False,False,True,True,unknown,no,no,downstream_all_samples,not_unbiased_evaluation,https://doi.org/10.1109/ict.2005.1519880
10.1021_jacs.8b09029__sample_45134,130,A,observed ZT >= threshold; ML predicted ZT >= threshold; fitting predicted ZT >= threshold; low thermal conductivity; high observed electrical conductivity; high ML predicted electrical conductivity; low kappa and high sigma; balanced recommended candidate,downstream ML prediction is not unbiased evaluation; toxicity attention element detected; rare metal attention element detected; structure unknown; additive unknown; sintering unknown,10.1021/jacs.8b09029,,45134,(Pb0.99Sn0.01)(Te0.99Se0.01),unknown,n,n,,,,,1.147118,1.132245216944308,2.199810570298052,1.1560939688418226,1.147118,1.820990459094463,2.199810570298052,1.1560939688418226,1.147118,1.132245216944308,2.199810570298052,1.1560939688418226,258732.8,122874.7,140547.6821888572,87519.99548466974,1.297465,1.860287,0.0001965213,0.0001322153,1.147118,1.820990459094463,1.1560939688418226,300.0,873.267,573.267,13,True,True,True,True,True,True,True,Pb;Se;Sn;Te,False,Se;Te,True,Pb;Se;Te,True,False,False,False,True,True,True,False,,True,True,,,,,,,,,no,,,no,unknown,ML_close_to_fitting,material_system_out_of_distribution,missing_additive_or_structure_annotation; possible_sintering_or_microstructure_effect,both_good,candidate hypothesis only; no causal mechanism proven,0.4664634232100858,0.8116083733123224,0.3451449501022365,0.4646152745636538,0.4284123441312892,-0.0362029304323646,0.490330370634378,0.4110343255280058,-0.0792960451063722,True,True,True,True,60.0,B,observed high ZT; missing sintering info for high-ZT/error sample; manual review not checked,False,False,True,True,False,unknown,no,no,downstream_all_samples,not_unbiased_evaluation,https://doi.org/10.1021/jacs.8b09029
10.1021_acsami.0c01004__sample_32842,130,A,observed ZT >= threshold; ML predicted ZT >= threshold; fitting predicted ZT >= threshold; low thermal conductivity; high observed electrical conductivity; high ML predicted electrical conductivity; low kappa and high sigma; balanced recommended candidate,downstream ML prediction is not unbiased evaluation; toxicity attention element detected; rare metal attention element detected; structure unknown; additive unknown; sintering unknown,10.1021/acsami.0c01004,,32842,Mn3.2Sb1.5Bi0.49Se0.01,unknown,n,n,,,,,1.24757,1.6607647207936105,1.0273330173023696,1.2455792308147842,1.24757,2.319670340254694,1.0273330173023696,1.2455792308147842,1.24757,1.6607647207936105,1.0273330173023696,1.2455792308147842,22261.97,20091.97,48756.74469805619,37423.26556557509,0.9972414,1.077931,0.0003008422,0.0002829659,1.24757,2.319670340254694,1.2455792308147842,322.51,723.593,401.08299999999997,9,True,True,True,True,True,True,True,Bi;Mn;Sb;Se,False,Bi;Sb;Se,True,Sb;Se,True,False,False,False,True,True,True,False,,True,True,,,,,,,,,no,,,no,unknown,ML_much_worse,insufficient_material_features,missing_additive_or_structure_annotation; possible_sintering_or_microstructure_effect,fitting_good_ML_bad,candidate hypothesis only; no causal mechanism proven,0.3903929513737687,0.6189558170589564,0.2285628656851877,0.4342646686172247,1.0350811307708785,0.6008164621536536,0.4983127692149559,1.13736361796507,0.639050848750114,True,True,True,True,120.0,A,ML much worse than fitting; observed high ZT; missing additive info and ML bad; missing structure info and ML bad; missing sintering info for high-ZT/error sample; manual review not checked,True,True,True,True,True,unknown,no,no,downstream_all_samples,not_unbiased_evaluation,https://doi.org/10.1021/acsami.0c01004
10.1021_acsami.7b04098__sample_2830,130,A,observed ZT >= threshold; ML predicted ZT >= threshold; fitting predicted ZT >= threshold; low thermal conductivity; high observed electrical conductivity; high ML predicted electrical conductivity; low kappa and high sigma; balanced recommended candidate,downstream ML prediction is not unbiased evaluation; toxicity attention element detected; rare metal attention element detected; structure unknown; additive unknown; sintering unknown,10.1021/acsami.7b04098,,2830,Pb0.94Na0.02Sr0.04Te,unknown,p,p,,,,,1.758954,1.864589789279556,2.241591807400201,1.471938157354183,1.758954,1.8393003096157696,2.241591807400201,1.471938157354183,1.758954,1.864589789279556,2.241591807400201,1.471938157354183,117041.7,35130.845,65197.57118106019,40666.4427919717,0.9572483,1.3081055,0.000266484,0.00026525965,1.758954,1.8393003096157696,1.471938157354183,316.854,916.854,600.0,8,True,True,True,True,True,True,True,Na;Pb;Sr;Te,False,Te,True,Pb;Te,True,False,False,False,True,True,True,False,,True,True,,,,,,,,,no,,,no,unknown,not_evaluated,not_evaluable,missing_additive_or_structure_annotation; possible_sintering_or_microstructure_effect,not_evaluable,candidate hypothesis only; no causal mechanism proven,0.3136108966001271,0.3636773793715966,0.0500664827714694,0.319922538768543,0.2661163808588722,-0.0538061579096708,,,,True,True,True,True,60.0,B,observed high ZT; missing sintering info for high-ZT/error sample; manual review not checked,False,False,True,True,False,unknown,no,no,downstream_all_samples,not_unbiased_evaluation,https://doi.org/10.1021/acsami.7b04098
10.1021_acsami.1c12282__sample_45840,130,A,observed ZT >= threshold; ML predicted ZT >= threshold; fitting predicted ZT >= threshold; low thermal conductivity; high observed electrical conductivity; high ML predicted electrical conductivity; low kappa and high sigma; balanced recommended candidate,downstream ML prediction is not unbiased evaluation; toxicity attention element detected; rare metal attention element detected; structure unknown; additive unknown; sintering unknown,10.1021/acsami.1c12282,,45840,Al0.01Sb0.1Ge0.89Te,unknown,p,p,,,,,1.961611,2.1004422874243884,1.796694238598504,2.141704682008004,1.961611,3.0405728651502124,1.796694238598504,2.141704682008004,1.961611,2.1004422874243884,1.796694238598504,2.141704682008004,59181.8,51632.97,124862.74681967527,81771.37112546842,1.35454,1.39544,0.0002681874,0.0002460426,1.961611,3.0405728651502124,2.141704682008004,322.435,823.68,501.24499999999995,9,True,True,True,True,True,True,True,Al;Ge;Sb;Te,False,Ge;Sb;Te,True,Sb;Te,True,False,False,False,True,True,True,False,,True,True,,,,,,,,,no,,,no,unknown,ML_close_to_fitting,material_system_out_of_distribution,missing_additive_or_structure_annotation; possible_sintering_or_microstructure_effect,both_good,candidate hypothesis only; no causal mechanism proven,0.2680131640171172,0.3102085392112647,0.0421953751941475,0.2197518001076268,0.2868421681369009,0.067090368029274,0.2823526861099285,0.3758831683946986,0.0935304822847701,True,True,True,True,60.0,B,observed high ZT; missing sintering info for high-ZT/error sample; manual review not checked,False,False,True,True,False,unknown,no,no,downstream_all_samples,not_unbiased_evaluation,https://doi.org/10.1021/acsami.1c12282
10.1021_acsami.1c12282__sample_45839,130,A,observed ZT >= threshold; ML predicted ZT >= threshold; fitting predicted ZT >= threshold; low thermal conductivity; high observed electrical conductivity; high ML predicted electrical conductivity; low kappa and high sigma; balanced recommended candidate,downstream ML prediction is not unbiased evaluation; toxicity attention element detected; rare metal attention element detected; structure unknown; additive unknown; sintering unknown,10.1021/acsami.1c12282,,45839,Al0.0075Sb0.1Ge0.8925Te,unknown,p,p,,,,,1.986617,1.9161067588573089,1.7133689423095575,2.077037975795474,1.986617,2.7737311577632098,1.7133689423095575,2.077037975795474,1.986617,1.9161067588573089,1.7133689423095575,2.077037975795474,60619.33,53365.88,124862.74681967527,81771.37112546842,1.419731,1.460814,0.0002599663,0.0002402741,1.986617,2.7737311577632098,2.077037975795474,322.435,822.998,500.56300000000005,9,True,True,True,True,True,True,True,Al;Ge;Sb;Te,False,Ge;Sb;Te,True,Sb;Te,True,False,False,False,True,True,True,False,,True,True,,,,,,,,,no,,,no,unknown,ML_close_to_fitting,material_system_out_of_distribution,missing_additive_or_structure_annotation; possible_sintering_or_microstructure_effect,both_good,candidate hypothesis only; no causal mechanism proven,0.223117906572646,0.2495764498875319,0.0264585433148859,0.1953235754411361,0.2214779450613735,0.0261543696202373,0.1709992987497942,0.1817008651630461,0.0107015664132519,True,True,True,True,60.0,B,observed high ZT; missing sintering info for high-ZT/error sample; manual review not checked,False,False,True,True,False,unknown,no,no,downstream_all_samples,not_unbiased_evaluation,https://doi.org/10.1021/acsami.1c12282
10.1021_acsami.1c12282__sample_45838,130,A,observed ZT >= threshold; ML predicted ZT >= threshold; fitting predicted ZT >= threshold; low thermal conductivity; high observed electrical conductivity; high ML predicted electrical conductivity; low kappa and high sigma; balanced recommended candidate,downstream ML prediction is not unbiased evaluation; toxicity attention element detected; rare metal attention element detected; structure unknown; additive unknown; sintering unknown,10.1021/acsami.1c12282,,45838,Al0.005Sb0.1Ge0.895Te,unknown,p,p,,,,,1.788779,1.535452665516902,1.4307129728459604,1.7593480239975354,1.788779,2.222701256037876,1.4307129728459604,1.7593480239975354,1.788779,1.535452665516902,1.4307129728459604,1.7593480239975354,63836.88,55184.89,124862.74681967527,81771.37112546842,1.426083,1.512674,0.0002540581,0.00022902915,1.788779,2.222701256037876,1.7593480239975354,323.117,822.998,499.88100000000003,9,True,True,True,True,True,True,True,Al;Ge;Sb;Te,False,Ge;Sb;Te,True,Sb;Te,True,False,False,False,True,True,True,False,,True,True,,,,,,,,,no,,,no,unknown,ML_close_to_fitting,material_system_out_of_distribution,missing_additive_or_structure_annotation; possible_sintering_or_microstructure_effect,both_good,candidate hypothesis only; no causal mechanism proven,0.2266493263669219,0.2374061268203895,0.0107568004534676,0.2015204310841011,0.2162733468815271,0.014752915797426,0.2141023493619264,0.2309281626867725,0.0168258133248461,True,True,True,True,60.0,B,observed high ZT; missing sintering info for high-ZT/error sample; manual review not checked,False,False,True,True,False,unknown,no,no,downstream_all_samples,not_unbiased_evaluation,https://doi.org/10.1021/acsami.1c12282
10.1021_acsami.1c12282__sample_45837,130,A,observed ZT >= threshold; ML predicted ZT >= threshold; fitting predicted ZT >= threshold; low thermal conductivity; high observed electrical conductivity; high ML predicted electrical conductivity; low kappa and high sigma; balanced recommended candidate,downstream ML prediction is not unbiased evaluation; toxicity attention element detected; rare metal attention element detected; structure unknown; additive unknown; sintering unknown,10.1021/acsami.1c12282,,45837,Sb0.15Ge0.85Te,unknown,p,p,,,,,1.580759,2.056541622028945,1.0922831709185763,1.6502837719995238,1.580759,1.5945832314656654,1.0922831709185763,1.6502837719995238,1.580759,2.056541622028945,1.0922831709185763,1.6502837719995238,47772.85,39822.11,67785.685218102,44388.61369993419,1.204964,1.419108,0.0002657858,0.0002400086,1.580759,1.5945832314656654,1.6502837719995238,327.294,826.619,499.32500000000005,9,True,True,True,True,True,True,True,Ge;Sb;Te,False,Ge;Sb;Te,True,Sb;Te,True,False,False,False,True,True,True,False,,True,True,,,,,,,,,no,,,no,unknown,ML_much_worse,missing_additive_or_structure_annotation,possible_sintering_or_microstructure_effect,both_poor,candidate hypothesis only; no causal mechanism proven,0.4875489039653377,0.7988013335239303,0.3112524295585926,0.469299612421951,1.1495622356124295,0.6802626231904785,0.5003815890063253,1.2813413325174852,0.7809597435111598,True,True,True,True,120.0,A,ML much worse than fitting; observed high ZT; missing additive info and ML bad; missing structure info and ML bad; missing sintering info for high-ZT/error sample; manual review not checked,True,True,True,True,True,unknown,no,no,downstream_all_samples,not_unbiased_evaluation,https://doi.org/10.1021/acsami.1c12282
10.1021_acsami.0c01004__sample_32845,130,A,observed ZT >= threshold; ML predicted ZT >= threshold; fitting predicted ZT >= threshold; low thermal conductivity; high observed electrical conductivity; high ML predicted electrical conductivity; low kappa and high sigma; balanced recommended candidate,downstream ML prediction is not unbiased evaluation; toxicity attention element detected; rare metal attention element detected; structure unknown; additive unknown; sintering unknown,10.1021/acsami.0c01004,,32845,Mg3.17Mn0.03Sb1.5Bi0.49Se0.01,unknown,n,n,,,,,1.539898,1.328787545743905,1.516693504985138,1.496086684880488,1.539898,1.3235629503121389,1.516693504985138,1.496086684880488,1.539898,1.328787545743905,1.516693504985138,1.496086684880488,27149.04,23949.12,25683.194322030387,19713.14958859286,0.9137931,0.9951724,0.000299649,0.0002795996,1.539898,1.3235629503121389,1.496086684880488,322.955,723.932,400.97700000000003,9,True,True,True,True,True,True,True,Bi;Mg;Mn;Sb;Se,False,Bi;Sb;Se,True,Sb;Se,True,False,False,False,True,True,True,False,,True,True,,,,,,,,,no,,,no,unknown,ML_close_to_fitting,material_system_out_of_distribution,missing_additive_or_structure_annotation; possible_sintering_or_microstructure_effect,both_good,candidate hypothesis only; no causal mechanism proven,0.1649985719762901,0.2114680895197737,0.0464695175434835,0.1438697755800698,0.1696704803247299,0.0258007047446601,0.1452959538188135,0.1783878997756965,0.033091945956883,True,True,True,True,60.0,B,observed high ZT; missing sintering info for high-ZT/error sample; manual review not checked,False,False,True,True,False,unknown,no,no,downstream_all_samples,not_unbiased_evaluation,https://doi.org/10.1021/acsami.0c01004
10.1021_acsami.0c01004__sample_32844,130,A,observed ZT >= threshold; ML predicted ZT >= threshold; fitting predicted ZT >= threshold; low thermal conductivity; high observed electrical conductivity; high ML predicted electrical conductivity; low kappa and high sigma; balanced recommended candidate,downstream ML prediction is not unbiased evaluation; toxicity attention element detected; rare metal attention element detected; structure unknown; additive unknown; sintering unknown,10.1021/acsami.0c01004,,32844,Mg3.18Mn0.02Sb1.5Bi0.49Se0.01,unknown,n,n,,,,,1.590537,1.2796995829792763,1.5568157927804482,1.5874121140645954,1.590537,1.2746679941322248,1.5568157927804482,1.5874121140645954,1.590537,1.2796995829792763,1.5568157927804482,1.5874121140645954,29127.51,25887.4,25683.194322030387,19713.14958859286,0.8986207,0.9613792999999999,0.0002918076,0.0002731331,1.590537,1.2746679941322248,1.5874121140645954,322.955,722.955,400.00000000000006,9,True,True,True,True,True,True,True,Bi;Mg;Mn;Sb;Se,False,Bi;Sb;Se,True,Sb;Se,True,False,False,False,True,True,True,False,,True,True,,,,,,,,,no,,,no,unknown,ML_close_to_fitting,material_system_out_of_distribution,missing_additive_or_structure_annotation; possible_sintering_or_microstructure_effect,both_good,candidate hypothesis only; no causal mechanism proven,0.1913165123550221,0.2739064826863664,0.0825899703313443,0.1816039202721586,0.2177104928057837,0.036106572533625,0.1853330328988672,0.2193851194506754,0.0340520865518081,True,True,True,True,60.0,B,observed high ZT; missing sintering info for high-ZT/error sample; manual review not checked,False,False,True,True,False,unknown,no,no,downstream_all_samples,not_unbiased_evaluation,https://doi.org/10.1021/acsami.0c01004
10.1021_acsami.0c01004__sample_32843,130,A,observed ZT >= threshold; ML predicted ZT >= threshold; fitting predicted ZT >= threshold; low thermal conductivity; high observed electrical conductivity; high ML predicted electrical conductivity; low kappa and high sigma; balanced recommended candidate,downstream ML prediction is not unbiased evaluation; toxicity attention element detected; rare metal attention element detected; structure unknown; additive unknown; sintering unknown,10.1021/acsami.0c01004,,32843,Mg3.19Mn0.01Sb1.5Bi0.49Se0.01,unknown,n,n,,,,,1.429412,1.2872473255517924,1.4999755497847551,1.5077492932231178,1.429412,1.282186060101065,1.4999755497847551,1.5077492932231178,1.429412,1.2872473255517924,1.4999755497847551,1.5077492932231178,28239.22,24676.0,25683.194322030387,19713.14958859286,0.957931,1.035172,0.0003018651,0.00027739409999999996,1.429412,1.282186060101065,1.5077492932231178,322.955,724.42,401.465,9,True,True,True,True,True,True,True,Bi;Mg;Mn;Sb;Se,False,Bi;Sb;Se,True,Sb;Se,True,False,False,False,True,True,True,False,,True,True,,,,,,,,,no,,,no,unknown,ML_close_to_fitting,material_system_out_of_distribution,missing_additive_or_structure_annotation; possible_sintering_or_microstructure_effect,both_good,candidate hypothesis only; no causal mechanism proven,0.1914322126953841,0.2450260585150231,0.0535938458196389,0.1808447686383782,0.2034861936673635,0.0226414250289853,0.202353046058932,0.2070175324394179,0.0046644863804858,True,True,True,True,60.0,B,observed high ZT; missing sintering info for high-ZT/error sample; manual review not checked,False,False,True,True,False,unknown,no,no,downstream_all_samples,not_unbiased_evaluation,https://doi.org/10.1021/acsami.0c01004
10.1021_acsaem.1c02589__sample_46143,130,A,observed ZT >= threshold; ML predicted ZT >= threshold; fitting predicted ZT >= threshold; low thermal conductivity; high observed electrical conductivity; high ML predicted electrical conductivity; low kappa and high sigma; balanced recommended candidate,downstream ML prediction is not unbiased evaluation; toxicity attention element detected; rare metal attention element detected; structure unknown; additive unknown; sintering unknown,10.1021/acsaem.1c02589,,46143,Pb0.785Sn0.20Sb0.015Te,unknown,n,n,,,,,1.092267,1.8982850438674177,1.64810882121953,1.114868202372148,1.092267,1.829877013722172,1.64810882121953,1.114868202372148,1.092267,1.8982850438674177,1.64810882121953,1.114868202372148,78670.54,62439.27500000001,85137.61426299649,56353.29127013979,1.028662,1.318367,0.0002307727,0.0001752187,1.092267,1.829877013722172,1.114868202372148,300.181,721.288,421.107,10,True,True,True,True,True,True,True,Pb;Sb;Sn;Te,False,Sb;Te,True,Pb;Sb;Te,True,False,False,False,True,True,True,False,,True,True,,,,,,,,,no,,,no,unknown,ML_close_to_fitting,material_system_out_of_distribution,missing_additive_or_structure_annotation; possible_sintering_or_microstructure_effect,both_good,candidate hypothesis only; no causal mechanism proven,0.2764946007926868,0.3105177730942159,0.0340231723015291,0.1917134439947526,0.2039485506320246,0.0122351066372719,0.2545445172215106,0.2281279391654658,-0.0264165780560447,True,True,True,True,60.0,B,observed high ZT; missing sintering info for high-ZT/error sample; manual review not checked,False,False,True,True,False,unknown,no,no,downstream_all_samples,not_unbiased_evaluation,https://doi.org/10.1021/acsaem.1c02589
10.1021_acsaem.1c02589__sample_46144,130,A,observed ZT >= threshold; ML predicted ZT >= threshold; fitting predicted ZT >= threshold; low thermal conductivity; high observed electrical conductivity; high ML predicted electrical conductivity; low kappa and high sigma; balanced recommended candidate,downstream ML prediction is not unbiased evaluation; toxicity attention element detected; rare metal attention element detected; structure unknown; additive unknown; sintering unknown,10.1021/acsaem.1c02589,,46144,Pb0.735Sn0.25Sb0.015Te,unknown,n,n,,,,,1.035649,2.358574017656254,1.3153822908154047,1.091784866751251,1.035649,2.273578667236746,1.3153822908154047,1.091784866751251,1.035649,2.358574017656254,1.3153822908154047,1.091784866751251,48964.68,40386.505000000005,85137.61426299649,56424.910947248296,0.9619226,1.073598,0.0002551938,0.0002217254,1.035649,2.273578667236746,1.091784866751251,300.853,723.333,422.47999999999996,10,True,True,True,True,True,True,True,Pb;Sb;Sn;Te,False,Sb;Te,True,Pb;Sb;Te,True,False,False,False,True,True,True,False,,True,True,,,,,,,,,no,,,no,unknown,ML_much_worse,insufficient_material_features,missing_additive_or_structure_annotation; possible_sintering_or_microstructure_effect,fitting_good_ML_bad,candidate hypothesis only; no causal mechanism proven,0.2693547089788848,0.6430599114671807,0.3737052024882958,0.2553367849265475,0.8371399930509036,0.581803208124356,0.2369132589489319,1.026748773026511,0.7898355140775791,True,True,True,True,120.0,A,ML much worse than fitting; observed high ZT; missing additive info and ML bad; missing structure info and ML bad; missing sintering info for high-ZT/error sample; manual review not checked,True,True,True,True,True,unknown,no,no,downstream_all_samples,not_unbiased_evaluation,https://doi.org/10.1021/acsaem.1c02589
10.1007_s11664-019-07745-y__sample_32579,130,A,observed ZT >= threshold; ML predicted ZT >= threshold; fitting predicted ZT >= threshold; low thermal conductivity; high observed electrical conductivity; high ML predicted electrical conductivity; low kappa and high sigma; balanced recommended candidate,downstream ML prediction is not unbiased evaluation; toxicity attention element detected; rare metal attention element detected; structure unknown; additive unknown; sintering unknown,10.1007/s11664-019-07745-y,,32579,Ni/Bi0.5Sb1.5Te3,unknown,p,p,,,,,1.029422,1.789439259473042,1.053255968864892,1.0570290917531262,1.029422,1.49822916548671,1.053255968864892,1.0570290917531262,1.029422,1.789439259473042,1.053255968864892,1.0570290917531262,53826.85,32145.55,63889.22114611183,46771.88784195783,0.8333267,0.8847874,0.0002584972,0.0002472244,1.029422,1.49822916548671,1.0570290917531262,299.782,500.218,200.43600000000004,21,True,True,True,True,True,True,True,Bi;Ni;Sb;Te,False,Bi;Sb;Te,True,Sb;Te,True,False,False,False,True,True,True,False,,True,True,,,,,,,,,no,,,no,unknown,ML_much_worse,missing_additive_or_structure_annotation,possible_sintering_or_microstructure_effect,both_poor,candidate hypothesis only; no causal mechanism proven,0.1320159410609876,0.5462098397562399,0.4141938986952523,0.1194486362364559,0.7136102494822415,0.5941616132457855,0.1251594018813528,0.7333073063090559,0.6081479044277032,True,True,True,True,120.0,A,ML much worse than fitting; observed high ZT; missing additive info and ML bad; missing structure info and ML bad; missing sintering info for high-ZT/error sample; manual review not checked,True,True,True,True,True,unknown,no,no,downstream_all_samples,not_unbiased_evaluation,https://doi.org/10.1007/s11664-019-07745-y
10.1021_acsaem.1c02589__sample_46142,130,A,observed ZT >= threshold; ML predicted ZT >= threshold; fitting predicted ZT >= threshold; low thermal conductivity; high observed electrical conductivity; high ML predicted electrical conductivity; low kappa and high sigma; balanced recommended candidate,downstream ML prediction is not unbiased evaluation; toxicity attention element detected; rare metal attention element detected; structure unknown; additive unknown; sintering unknown,10.1021/acsaem.1c02589,,46142,Pb0.835Sn0.15Sb0.015Te,unknown,n,n,,,,,1.068676,1.1116249309606572,1.3321831480891786,1.097476793464458,1.068676,1.0715655773704098,1.3321831480891786,1.097476793464458,1.068676,1.1116249309606572,1.3321831480891786,1.097476793464458,117901.1,84920.37,85122.27477562483,56353.29127013979,1.052548,1.7002095000000002,0.000191216,0.0001309524,1.068676,1.0715655773704098,1.097476793464458,300.853,721.288,420.435,10,True,True,True,True,True,True,True,Pb;Sb;Sn;Te,False,Sb;Te,True,Pb;Sb;Te,True,False,False,False,True,True,True,False,,True,True,,,,,,,,,no,,,no,unknown,ML_close_to_fitting,material_system_out_of_distribution,missing_additive_or_structure_annotation; possible_sintering_or_microstructure_effect,both_good,candidate hypothesis only; no causal mechanism proven,0.3195460824612939,0.367245597000302,0.047699514539008,0.1791051854230112,0.2685076105786612,0.0894024251556499,0.1991560928792239,0.2765578366193331,0.0774017437401091,True,True,True,True,60.0,B,observed high ZT; missing sintering info for high-ZT/error sample; manual review not checked,False,False,True,True,False,unknown,no,no,downstream_all_samples,not_unbiased_evaluation,https://doi.org/10.1021/acsaem.1c02589
10.1021_acsaem.1c02589__sample_46141,130,A,observed ZT >= threshold; ML predicted ZT >= threshold; fitting predicted ZT >= threshold; low thermal conductivity; high observed electrical conductivity; high ML predicted electrical conductivity; low kappa and high sigma; balanced recommended candidate,downstream ML prediction is not unbiased evaluation; toxicity attention element detected; rare metal attention element detected; structure unknown; additive unknown; sintering unknown,10.1021/acsaem.1c02589,,46141,Pb0.885Sn0.10Sb0.015Te,unknown,n,n,,,,,1.170118,1.127923507314512,1.9446462419644777,1.1488196865158202,1.170118,1.0872768059462576,1.9446462419644777,1.1488196865158202,1.170118,1.127923507314512,1.9446462419644777,1.1488196865158202,194569.2,117542.75,85122.27477562483,56353.29127013979,1.171975,1.6684774999999998,0.0001899823,0.0001173972,1.170118,1.0872768059462576,1.1488196865158202,300.853,721.96,421.107,10,True,True,True,True,True,True,True,Pb;Sb;Sn;Te,False,Sb;Te,True,Pb;Sb;Te,True,False,False,False,True,True,True,False,,True,True,,,,,,,,,no,,,no,unknown,ML_moderately_worse,material_system_out_of_distribution,missing_additive_or_structure_annotation; possible_sintering_or_microstructure_effect,both_good,candidate hypothesis only; no causal mechanism proven,0.3592458186473994,0.6525009927982386,0.2932551741508391,0.2652673019641223,0.4394583959718122,0.1741910940076898,0.2557210353890732,0.413668177508842,0.1579471421197688,True,True,True,True,60.0,B,observed high ZT; missing sintering info for high-ZT/error sample; manual review not checked,False,False,True,True,False,unknown,no,no,downstream_all_samples,not_unbiased_evaluation,https://doi.org/10.1021/acsaem.1c02589
10.1021_acsaem.1c02589__sample_46140,130,A,observed ZT >= threshold; ML predicted ZT >= threshold; fitting predicted ZT >= threshold; low thermal conductivity; high observed electrical conductivity; high ML predicted electrical conductivity; low kappa and high sigma; balanced recommended candidate,downstream ML prediction is not unbiased evaluation; toxicity attention element detected; rare metal attention element detected; structure unknown; additive unknown; sintering unknown,10.1021/acsaem.1c02589,,46140,Pb0.935Sn0.05Sb0.015Te,unknown,n,n,,,,,1.290433,1.0541369651612025,1.991445051728127,1.2759643663529012,1.290433,1.0161492912220706,1.991445051728127,1.2759643663529012,1.290433,1.0541369651612025,1.991445051728127,1.2759643663529012,192282.1,129322.3,85122.27477562483,56353.29127013979,1.31266,2.06034,0.0001942772,0.00014973805,1.290433,1.0161492912220706,1.2759643663529012,301.524,721.96,420.43600000000004,10,True,True,True,True,True,True,True,Pb;Sb;Sn;Te,False,Sb;Te,True,Pb;Sb;Te,True,False,False,False,True,True,True,False,,True,True,,,,,,,,,no,,,no,unknown,ML_moderately_worse,material_system_out_of_distribution,missing_additive_or_structure_annotation; possible_sintering_or_microstructure_effect; tau_eff_ML_prediction_error,both_good,candidate hypothesis only; no causal mechanism proven,0.2979326962423135,0.7024497330537296,0.404517036811416,0.2176482537961333,0.4449128755962127,0.2272646218000793,0.2436819217965685,0.4147337669152535,0.171051845118685,True,True,True,True,60.0,B,observed high ZT; missing sintering info for high-ZT/error sample; manual review not checked,False,False,True,True,False,unknown,no,no,downstream_all_samples,not_unbiased_evaluation,https://doi.org/10.1021/acsaem.1c02589
10.1021_acsaem.1c02589__sample_46137,130,A,observed ZT >= threshold; ML predicted ZT >= threshold; fitting predicted ZT >= threshold; low thermal conductivity; high observed electrical conductivity; high ML predicted electrical conductivity; low kappa and high sigma; balanced recommended candidate,downstream ML prediction is not unbiased evaluation; toxicity attention element detected; rare metal attention element detected; structure unknown; additive unknown; sintering unknown,10.1021/acsaem.1c02589,,46137,Pb0.985Sb0.015Te,unknown,n,n,,,,,1.122933,1.1809375089744512,2.6866820605492667,1.1665160945614423,1.122933,0.8777960611658646,2.6866820605492667,1.1665160945614423,1.122933,1.1809375089744512,2.6866820605492667,1.1665160945614423,298335.7,143724.5,62560.36232210843,39122.71579405223,1.243511,2.360814,0.0001963809,0.0001136197,1.122933,0.8777960611658646,1.1665160945614423,299.907,821.246,521.3389999999999,12,True,True,True,True,True,True,True,Pb;Sb;Te,False,Sb;Te,True,Pb;Sb;Te,True,False,False,False,True,True,True,False,,True,True,,,,,,,,,no,,,no,unknown,ML_moderately_worse,not_evaluable,missing_additive_or_structure_annotation; possible_sintering_or_microstructure_effect; tau_eff_ML_prediction_error,not_evaluable,candidate hypothesis only; no causal mechanism proven,0.4845070088284293,0.954163702293162,0.4696566934647327,0.4250395709349973,0.5442347909638877,0.1191952200288903,0.2729360348087313,0.6727542394986888,0.3998182046899575,True,True,True,True,60.0,B,observed high ZT; missing sintering info for high-ZT/error sample; manual review not checked,False,False,True,True,False,unknown,no,no,downstream_all_samples,not_unbiased_evaluation,https://doi.org/10.1021/acsaem.1c02589
10.1021_acsaem.1c02589__sample_46136,130,A,observed ZT >= threshold; ML predicted ZT >= threshold; fitting predicted ZT >= threshold; low thermal conductivity; high observed electrical conductivity; high ML predicted electrical conductivity; low kappa and high sigma; balanced recommended candidate,downstream ML prediction is not unbiased evaluation; toxicity attention element detected; rare metal attention element detected; structure unknown; additive unknown; sintering unknown,10.1021/acsaem.1c02589,,46136,Pb0.99Sb0.01Te,unknown,n,n,,,,,1.129555,1.904690235858565,1.7805634698572748,1.1102008626443567,1.129555,1.41576465653095,1.7805634698572748,1.1102008626443567,1.129555,1.904690235858565,1.7805634698572748,1.1102008626443567,108295.3,58192.86,62560.36232210843,39130.67392603488,1.072411,1.3830445,0.0002378159,0.0001720351,1.129555,1.41576465653095,1.1102008626443567,303.184,820.204,517.02,12,True,True,True,True,True,True,True,Pb;Sb;Te,False,Sb;Te,True,Pb;Sb;Te,True,False,False,False,True,True,True,False,,True,True,,,,,,,,,no,,,no,unknown,ML_close_to_fitting,material_system_out_of_distribution,missing_additive_or_structure_annotation; possible_sintering_or_microstructure_effect,both_good,candidate hypothesis only; no causal mechanism proven,0.4055148115515674,0.4110761604440897,0.0055613488925223,0.2905113586245833,0.2837078714933911,-0.0068034871311922,0.2635539203999075,0.2520502082494138,-0.0115037121504936,True,True,True,True,60.0,B,observed high ZT; missing sintering info for high-ZT/error sample; manual review not checked,False,False,True,True,False,unknown,no,no,downstream_all_samples,not_unbiased_evaluation,https://doi.org/10.1021/acsaem.1c02589
10.1021_acs.chemmater.7b04023__sample_31998,130,A,observed ZT >= threshold; ML predicted ZT >= threshold; fitting predicted ZT >= threshold; low thermal conductivity; high observed electrical conductivity; high ML predicted electrical conductivity; low kappa and high sigma; balanced recommended candidate,downstream ML prediction is not unbiased evaluation; toxicity attention element detected; rare metal attention element detected; structure unknown; additive unknown; sintering unknown,10.1021/acs.chemmater.7b04023,,31998,Ge0.85Bi0.05Sb0.10Te,unknown,p,p,,,,,1.758491,1.3371227833618191,1.4503022938196657,1.7065864455985131,1.758491,1.2118011675983027,1.4503022938196657,1.7065864455985131,1.758491,1.3371227833618191,1.4503022938196657,1.7065864455985131,90206.2,73711.3,92186.89219056642,58460.19874095752,0.9099099,1.108108,0.0002325843,0.000201573,1.758491,1.2118011675983027,1.7065864455985131,294.953,771.924,476.971,11,True,True,True,True,True,True,True,Bi;Ge;Sb;Te,False,Bi;Ge;Sb;Te,True,Sb;Te,True,False,False,False,True,True,True,False,,True,True,,,,,,,,,no,,,no,unknown,ML_close_to_fitting,material_system_out_of_distribution,missing_additive_or_structure_annotation; possible_sintering_or_microstructure_effect,both_good,candidate hypothesis only; no causal mechanism proven,0.244247055383828,0.2574072508098954,0.0131601954260673,0.2223482318720274,0.196325543114472,-0.0260226887575553,0.2175944408786185,0.2266265380109056,0.009032097132287,True,True,True,True,60.0,B,observed high ZT; missing sintering info for high-ZT/error sample; manual review not checked,False,False,True,True,False,unknown,no,no,downstream_all_samples,not_unbiased_evaluation,https://doi.org/10.1021/acs.chemmater.7b04023
10.1021_acs.chemmater.7b04023__sample_31997,130,A,observed ZT >= threshold; ML predicted ZT >= threshold; fitting predicted ZT >= threshold; low thermal conductivity; high observed electrical conductivity; high ML predicted electrical conductivity; low kappa and high sigma; balanced recommended candidate,downstream ML prediction is not unbiased evaluation; toxicity attention element detected; rare metal attention element detected; structure unknown; additive unknown; sintering unknown,10.1021/acs.chemmater.7b04023,,31997,Ge0.88Bi0.02Sb0.10Te,unknown,p,p,,,,,1.373585,1.664937698353403,1.0466311695309527,1.206747150851662,1.373585,1.5088916829092265,1.0466311695309527,1.206747150851662,1.373585,1.664937698353403,1.0466311695309527,1.206747150851662,57216.5,44845.4,92290.76359081145,58461.34673209061,1.234234,1.27027,0.0002716854,0.0002578652,1.373585,1.5088916829092265,1.206747150851662,294.953,769.401,474.448,11,True,True,True,True,True,True,True,Bi;Ge;Sb;Te,False,Bi;Ge;Sb;Te,True,Sb;Te,True,False,False,False,True,True,True,False,,True,True,,,,,,,,,no,,,no,unknown,ML_much_worse,insufficient_material_features,missing_additive_or_structure_annotation; possible_sintering_or_microstructure_effect,fitting_good_ML_bad,candidate hypothesis only; no causal mechanism proven,0.3472946278608971,0.5797460749618294,0.2324514471009323,0.3340513962391568,0.7542730702351019,0.4202216739959451,0.3678832520909403,1.1759722619125628,0.8080890098216225,True,True,True,True,120.0,A,ML much worse than fitting; observed high ZT; missing additive info and ML bad; missing structure info and ML bad; missing sintering info for high-ZT/error sample; manual review not checked,True,True,True,True,True,unknown,no,no,downstream_all_samples,not_unbiased_evaluation,https://doi.org/10.1021/acs.chemmater.7b04023
10.1021_acs.chemmater.7b04023__sample_31993,130,A,observed ZT >= threshold; ML predicted ZT >= threshold; fitting predicted ZT >= threshold; low thermal conductivity; high observed electrical conductivity; high ML predicted electrical conductivity; low kappa and high sigma; balanced recommended candidate,downstream ML prediction is not unbiased evaluation; toxicity attention element detected; rare metal attention element detected; structure unknown; additive unknown; sintering unknown,10.1021/acs.chemmater.7b04023,,31993,Ge0.90Sb0.10Te,unknown,p,p,,,,,1.78566,1.237581314218317,1.7717421755270673,1.7167421416667572,1.78566,0.9595849605420694,1.7717421755270673,1.7167421416667572,1.78566,1.237581314218317,1.7717421755270673,1.7167421416667572,152062.0,85051.55,79494.1234075557,46555.96468106318,1.900901,2.045045,0.000246742,0.0001773035,1.78566,0.9595849605420694,1.7167421416667572,298.738,774.448,475.71,10,True,True,True,True,True,True,True,Ge;Sb;Te,False,Ge;Sb;Te,True,Sb;Te,True,False,False,False,True,True,True,False,,True,True,,,,,,,,,no,,,no,unknown,ML_moderately_worse,material_system_out_of_distribution,missing_additive_or_structure_annotation; possible_sintering_or_microstructure_effect,both_good,candidate hypothesis only; no causal mechanism proven,0.0705524052751874,0.3656750664211391,0.2951226611459517,0.0334030500932988,0.3024429370560794,0.2690398869627805,0.0077942186490892,0.3069333948129448,0.2991391761638555,True,True,True,True,60.0,B,observed high ZT; missing sintering info for high-ZT/error sample; manual review not checked,False,False,True,True,False,unknown,no,no,downstream_all_samples,not_unbiased_evaluation,https://doi.org/10.1021/acs.chemmater.7b04023
10.1007_s11664-019-07745-y__sample_32581,130,A,observed ZT >= threshold; ML predicted ZT >= threshold; fitting predicted ZT >= threshold; low thermal conductivity; high observed electrical conductivity; high ML predicted electrical conductivity; low kappa and high sigma; balanced recommended candidate,downstream ML prediction is not unbiased evaluation; toxicity attention element detected; rare metal attention element detected; structure unknown; additive unknown; sintering unknown,10.1007/s11664-019-07745-y,,32581,Ni/Bi0.5Sb1.5Te3,unknown,p,p,,,,,1.075657,1.8029297399150088,1.075610054160922,1.1093250082167434,1.075657,1.5095242296514109,1.075610054160922,1.1093250082167434,1.075657,1.8029297399150088,1.075610054160922,1.1093250082167434,54691.78,32617.93,63889.22114611183,46771.88784195783,0.8338484,0.8834639,0.0002602015,0.0002502075,1.075657,1.5095242296514109,1.1093250082167434,300.008,499.09,199.082,21,True,True,True,True,True,True,True,Bi;Ni;Sb;Te,False,Bi;Sb;Te,True,Sb;Te,True,False,False,False,True,True,True,False,,True,True,,,,,,,,,no,,,no,unknown,ML_much_worse,missing_additive_or_structure_annotation,possible_sintering_or_microstructure_effect,both_poor,candidate hypothesis only; no causal mechanism proven,0.1324070359685656,0.5332257311672866,0.4008186951987209,0.1204945381918755,0.6907465001840111,0.5702519619921356,0.135807275979387,0.7520402128552752,0.6162329368758882,True,True,True,True,120.0,A,ML much worse than fitting; observed high ZT; missing additive info and ML bad; missing structure info and ML bad; missing sintering info for high-ZT/error sample; manual review not checked,True,True,True,True,True,unknown,no,no,downstream_all_samples,not_unbiased_evaluation,https://doi.org/10.1007/s11664-019-07745-y
10.1021_jacs.6b09568__sample_44732,130,A,observed ZT >= threshold; ML predicted ZT >= threshold; fitting predicted ZT >= threshold; low thermal conductivity; high observed electrical conductivity; high ML predicted electrical conductivity; low kappa and high sigma; balanced recommended candidate,downstream ML prediction is not unbiased evaluation; toxicity attention element detected; rare metal attention element detected; structure unknown; additive unknown; sintering unknown,10.1021/jacs.6b09568,,44732,(K2Bi8Se13)91.83(BiCl3)8.17,unknown,n,n,,,,,1.137768,1.6650042333261743,1.453093156289082,1.1692174305523722,1.137768,1.6962357472153016,1.453093156289082,1.1692174305523722,1.137768,1.6650042333261743,1.453093156289082,1.1692174305523722,21822.75,9488.552,18911.5283174744,11779.025744872306,0.3127853,0.3703581,0.0002504814,0.0002145805,1.137768,1.6962357472153016,1.1692174305523722,302.797,872.028,569.231,13,True,True,True,True,True,True,True,Bi;Cl;K;Se,False,Bi;Se,True,Se,True,False,False,False,True,True,True,False,,True,True,,,,,,,,,no,,,no,unknown,ML_close_to_fitting,material_system_out_of_distribution,missing_additive_or_structure_annotation; possible_sintering_or_microstructure_effect,both_good,candidate hypothesis only; no causal mechanism proven,0.2715824725309702,0.3037915065629886,0.0322090340320184,0.2471708613377275,0.3037210112302744,0.0565501498925468,0.2741621722234265,0.3257655323823687,0.0516033601589422,True,True,True,True,60.0,B,observed high ZT; missing sintering info for high-ZT/error sample; manual review not checked,False,False,True,True,False,unknown,no,no,downstream_all_samples,not_unbiased_evaluation,https://doi.org/10.1021/jacs.6b09568
10.1007_s11664-019-07745-y__sample_32524,130,A,observed ZT >= threshold; ML predicted ZT >= threshold; fitting predicted ZT >= threshold; low thermal conductivity; high observed electrical conductivity; high ML predicted electrical conductivity; low kappa and high sigma; balanced recommended candidate,downstream ML prediction is not unbiased evaluation; toxicity attention element detected; rare metal attention element detected; structure unknown; additive unknown; sintering unknown,10.1007/s11664-019-07745-y,,32524,Ni/Bi0.5Sb1.5Te3,unknown,p,p,,,,,1.049448,1.7798086268614666,1.0426063258508786,1.0615868349303914,1.049448,1.490165804529156,1.0426063258508786,1.0615868349303914,1.049448,1.7798086268614666,1.0426063258508786,1.0615868349303914,54486.49,32000.0,63889.22114611183,46771.88784195783,0.8345453,0.8767551,0.0002590988,0.00025009675,1.049448,1.490165804529156,1.0615868349303914,300.438,500.219,199.781,21,True,True,True,True,True,True,True,Bi;Ni;Sb;Te,False,Bi;Sb;Te,True,Sb;Te,True,False,False,False,True,True,True,False,,True,True,,,,,,,,,no,,,no,unknown,ML_much_worse,missing_additive_or_structure_annotation,possible_sintering_or_microstructure_effect,both_poor,candidate hypothesis only; no causal mechanism proven,0.1361159723487905,0.5518328941986226,0.4157169218498321,0.1233676955143071,0.7133244174966077,0.5899567219823005,0.1149808021616222,0.7069261203671867,0.5919453182055645,True,True,True,True,120.0,A,ML much worse than fitting; observed high ZT; missing additive info and ML bad; missing structure info and ML bad; missing sintering info for high-ZT/error sample; manual review not checked,True,True,True,True,True,unknown,no,no,downstream_all_samples,not_unbiased_evaluation,https://doi.org/10.1007/s11664-019-07745-y
10.1016_j.scriptamat.2019.09.009__sample_35188,130,A,observed ZT >= threshold; ML predicted ZT >= threshold; fitting predicted ZT >= threshold; low thermal conductivity; high observed electrical conductivity; high ML predicted electrical conductivity; low kappa and high sigma; balanced recommended candidate,downstream ML prediction is not unbiased evaluation; toxicity attention element detected; rare metal attention element detected; structure unknown; additive unknown; sintering unknown,10.1016/j.scriptamat.2019.09.009,,35188,Cu2Se,unknown,p,p,,,,,1.997573,3.0319598175513733,2.3748485954315965,1.979470734067005,1.997573,6.0691662629783325,2.3748485954315965,1.979470734067005,1.997573,3.0319598175513733,2.3748485954315965,1.979470734067005,43656.69,27720.835,98832.73929134678,67523.0335208499,0.4146739,0.5152174,0.0002840025,0.00017484315,1.997573,6.0691662629783325,1.979470734067005,324.304,874.724,550.4200000000001,12,True,True,True,True,True,True,True,Cu;Se,False,Se,True,Se,True,False,False,False,True,True,True,False,,True,True,,,,,,,,,no,,,no,unknown,ML_moderately_worse,material_system_out_of_distribution,missing_additive_or_structure_annotation; possible_sintering_or_microstructure_effect; tau_eff_ML_prediction_error,both_good,candidate hypothesis only; no causal mechanism proven,0.2154176120521585,0.3256920040852205,0.1102743920330619,0.1981268843325274,0.3193761406295181,0.1212492562969906,0.2115451862827778,0.4289613506344034,0.2174161643516255,True,True,True,True,60.0,B,observed high ZT; missing sintering info for high-ZT/error sample; manual review not checked,False,False,True,True,False,unknown,no,no,downstream_all_samples,not_unbiased_evaluation,https://doi.org/10.1016/j.scriptamat.2019.09.009
10.1039_c1jm10163c__sample_8149,130,A,observed ZT >= threshold; ML predicted ZT >= threshold; fitting predicted ZT >= threshold; low thermal conductivity; high observed electrical conductivity; high ML predicted electrical conductivity; low kappa and high sigma; balanced recommended candidate,downstream ML prediction is not unbiased evaluation; toxicity attention element detected; rare metal attention element detected; structure unknown; additive unknown; sintering unknown,10.1039/c1jm10163c,,8149,Cu0.07Bi2Te3,unknown,n,n,,,,,1.152324,1.2537657871502708,1.940720880098869,1.1541349059549346,1.152324,1.1938691292138897,1.940720880098869,1.1541349059549346,1.152324,1.2537657871502708,1.940720880098869,1.1541349059549346,125695.4,73960.265,70505.49630384294,50738.78770896494,0.9930521,1.7275435,0.0002359953,0.00018434225000000002,1.152324,1.1938691292138897,1.1541349059549346,301.925,616.338,314.41299999999995,8,True,True,True,True,True,True,True,Bi;Cu;Te,False,Bi;Te,True,Te,True,False,False,False,True,True,True,False,,True,True,,,,,,,,,no,,,no,unknown,ML_close_to_fitting,material_system_out_of_distribution,missing_additive_or_structure_annotation; possible_sintering_or_microstructure_effect,both_good,candidate hypothesis only; no causal mechanism proven,0.4235642872878118,0.6085188294105255,0.1849545421227136,0.3846700219839029,0.3187049390557423,-0.0659650829281605,0.3845194542742738,0.3221131650066982,-0.0624062892675755,True,True,True,True,60.0,B,observed high ZT; missing sintering info for high-ZT/error sample; manual review not checked,False,False,True,True,False,unknown,no,no,downstream_all_samples,not_unbiased_evaluation,https://doi.org/10.1039/c1jm10163c
10.1039_c0ee00012d__sample_1517,130,A,observed ZT >= threshold; ML predicted ZT >= threshold; fitting predicted ZT >= threshold; low thermal conductivity; high observed electrical conductivity; high ML predicted electrical conductivity; low kappa and high sigma; balanced recommended candidate,downstream ML prediction is not unbiased evaluation; toxicity attention element detected; rare metal attention element detected; structure unknown; additive unknown; sintering unknown,10.1039/c0ee00012d,,1517,Bi0.5Sb1.5Te3,unknown,p,p,,,,,1.247601,1.7500445887292535,1.157981176443421,1.2343955175416137,1.247601,1.4418691917650384,1.157981176443421,1.2343955175416137,1.247601,1.7500445887292535,1.157981176443421,1.2343955175416137,52600.0,38800.0,61440.85781993635,49407.39169402095,0.776,0.781,0.000248,0.000238,1.247601,1.4418691917650384,1.2343955175416137,298.0,411.0,113.0,11,True,True,True,True,True,True,True,Bi;Sb;Te,False,Bi;Sb;Te,True,Sb;Te,True,False,False,False,True,True,True,False,,True,True,,,,,,,,,no,,,no,unknown,ML_moderately_worse,material_system_out_of_distribution,missing_additive_or_structure_annotation; possible_sintering_or_microstructure_effect,both_good,candidate hypothesis only; no causal mechanism proven,0.0396783225185907,0.4148649501148431,0.3751866275962524,0.0332670463869702,0.5124686558702325,0.4792016094832623,0.0617607989484288,0.4484419752664252,0.3866811763179963,True,True,True,True,60.0,B,observed high ZT; missing sintering info for high-ZT/error sample; manual review not checked,False,False,True,True,False,unknown,no,no,downstream_all_samples,not_unbiased_evaluation,https://doi.org/10.1039/c0ee00012d
10.1039_c0ee00012d__sample_1516,130,A,observed ZT >= threshold; ML predicted ZT >= threshold; fitting predicted ZT >= threshold; low thermal conductivity; high observed electrical conductivity; high ML predicted electrical conductivity; low kappa and high sigma; balanced recommended candidate,downstream ML prediction is not unbiased evaluation; toxicity attention element detected; rare metal attention element detected; structure unknown; additive unknown; sintering unknown,10.1039/c0ee00012d,,1516,Bi0.5Sb1.5Te3,unknown,p,p,,,,,1.247889,1.578328973503158,1.15492629805024,1.310109680791618,1.247889,1.300391964879483,1.15492629805024,1.310109680791618,1.247889,1.578328973503158,1.15492629805024,1.310109680791618,61900.0,42100.0,61440.85781993635,49407.39169402095,0.826,0.859,0.000247,0.000236,1.247889,1.300391964879483,1.310109680791618,298.0,412.0,114.0,11,True,True,True,True,True,True,True,Bi;Sb;Te,False,Bi;Sb;Te,True,Sb;Te,True,False,False,False,True,True,True,False,,True,True,,,,,,,,,no,,,no,unknown,ML_moderately_worse,material_system_out_of_distribution,missing_additive_or_structure_annotation; possible_sintering_or_microstructure_effect,both_good,candidate hypothesis only; no causal mechanism proven,0.0613816803131084,0.3183046184341082,0.2569229381209997,0.0486511723304046,0.3691470521592259,0.3204958798288213,0.0816436589642789,0.2550310989576004,0.1733874399933214,True,True,True,True,60.0,B,observed high ZT; missing sintering info for high-ZT/error sample; manual review not checked,False,False,True,True,False,unknown,no,no,downstream_all_samples,not_unbiased_evaluation,https://doi.org/10.1039/c0ee00012d
10.1038_s41598-017-05428-4__sample_15696,130,A,observed ZT >= threshold; ML predicted ZT >= threshold; fitting predicted ZT >= threshold; low thermal conductivity; high observed electrical conductivity; high ML predicted electrical conductivity; low kappa and high sigma; balanced recommended candidate,downstream ML prediction is not unbiased evaluation; toxicity attention element detected; rare metal attention element detected; structure unknown; additive unknown; sintering unknown,10.1038/s41598-017-05428-4,,15696,Bi0.35Sb1.65Te3,unknown,p,p,,,,,1.036584,2.224167206906468,1.5085915104154342,0.80905472821462,1.036584,1.832500836622211,1.5085915104154342,0.80905472821462,1.036584,2.224167206906468,1.5085915104154342,0.80905472821462,70654.14,38206.785,76539.20170531934,46471.44037174905,0.9216548,0.9800475,0.0003144097,0.000184479,1.036584,1.832500836622211,0.80905472821462,8.555,379.972,371.417,24,True,True,True,True,True,True,True,Bi;Sb;Te,False,Bi;Sb;Te,True,Sb;Te,True,False,False,False,True,True,True,False,,True,True,,,,,,,,,no,,,no,unknown,ML_much_worse,missing_additive_or_structure_annotation,possible_sintering_or_microstructure_effect,both_poor,candidate hypothesis only; no causal mechanism proven,0.3711267400168466,0.5370652151411618,0.1659384751243152,0.3085115518235272,0.4444046790669185,0.1358931272433913,0.716704117126438,1.5309946230722735,0.8142905059458355,True,True,True,True,120.0,A,ML much worse than fitting; observed high ZT; missing additive info and ML bad; missing structure info and ML bad; missing sintering info for high-ZT/error sample; manual review not checked,True,True,True,True,True,unknown,no,no,downstream_all_samples,not_unbiased_evaluation,https://doi.org/10.1038/s41598-017-05428-4
10.1021_jacs.8b12450__sample_45323,130,A,observed ZT >= threshold; ML predicted ZT >= threshold; fitting predicted ZT >= threshold; low thermal conductivity; high observed electrical conductivity; high ML predicted electrical conductivity; low kappa and high sigma; balanced recommended candidate,downstream ML prediction is not unbiased evaluation; toxicity attention element detected; rare metal attention element detected; structure unknown; additive unknown; sintering unknown,10.1021/jacs.8b12450,,45323,Sn0.98Na0.02Se0.97Te0.03,unknown,p,p,,,,,1.409971,6.449321854757853,2.8498953504397,1.403439868454466,1.409971,3.125233885881603,2.8498953504397,1.403439868454466,1.409971,6.449321854757853,2.8498953504397,1.403439868454466,75619.3,17079.53,37097.132187595606,23014.21419453596,0.5552216,0.8008916500000001,0.000368637,0.0002856403,1.409971,3.125233885881603,1.403439868454466,300.602,792.78,492.178,12,True,True,True,True,True,True,True,Na;Se;Sn;Te,False,Se;Te,True,Se;Te,True,False,False,False,True,True,True,False,,True,True,,,,,,,,,no,,,no,unknown,ML_much_worse,missing_additive_or_structure_annotation,possible_sintering_or_microstructure_effect; tau_eff_ML_prediction_error,both_poor,candidate hypothesis only; no causal mechanism proven,0.5614163499939582,0.9910475790334264,0.4296312290394682,0.5219322018652556,1.6204250077715263,1.0984928059062709,0.5301421294500591,1.6651355630109974,1.1349934335609384,True,True,True,True,120.0,A,ML much worse than fitting; observed high ZT; missing additive info and ML bad; missing structure info and ML bad; missing sintering info for high-ZT/error sample; manual review not checked,True,True,True,True,True,unknown,no,no,downstream_all_samples,not_unbiased_evaluation,https://doi.org/10.1021/jacs.8b12450
10.1021_jacs.8b12450__sample_45322,130,A,observed ZT >= threshold; ML predicted ZT >= threshold; fitting predicted ZT >= threshold; low thermal conductivity; high observed electrical conductivity; high ML predicted electrical conductivity; low kappa and high sigma; balanced recommended candidate,downstream ML prediction is not unbiased evaluation; toxicity attention element detected; rare metal attention element detected; structure unknown; additive unknown; sintering unknown,10.1021/jacs.8b12450,,45322,Sn0.98Na0.02Se0.975Te0.025,unknown,p,p,,,,,1.441642,5.816557160106036,3.69839627954153,1.6393132326199114,1.441642,2.8186066605623243,3.69839627954153,1.6393132326199114,1.441642,5.816557160106036,3.69839627954153,1.6393132326199114,132724.9,23076.92,37097.132187595606,23013.983211704224,0.555218,0.876976,0.0003594123,0.0002722811,1.441642,2.8186066605623243,1.6393132326199114,301.203,793.382,492.179,12,True,True,True,True,True,True,True,Na;Se;Sn;Te,False,Se;Te,True,Se;Te,True,False,False,False,True,True,True,False,,True,True,,,,,,,,,no,,,no,unknown,ML_much_worse,missing_additive_or_structure_annotation,possible_sintering_or_microstructure_effect; tau_eff_ML_prediction_error,both_poor,candidate hypothesis only; no causal mechanism proven,0.7169023714450858,0.8479299636202939,0.1310275921752081,0.7003927596032299,1.2096742036752313,0.5092814440720014,0.739267089893673,1.3107865739917808,0.5715194840981078,True,True,True,True,120.0,A,ML much worse than fitting; observed high ZT; missing additive info and ML bad; missing structure info and ML bad; missing sintering info for high-ZT/error sample; manual review not checked,True,True,True,True,True,unknown,no,no,downstream_all_samples,not_unbiased_evaluation,https://doi.org/10.1021/jacs.8b12450
10.1021_jacs.8b12450__sample_45320,130,A,observed ZT >= threshold; ML predicted ZT >= threshold; fitting predicted ZT >= threshold; low thermal conductivity; high observed electrical conductivity; high ML predicted electrical conductivity; low kappa and high sigma; balanced recommended candidate,downstream ML prediction is not unbiased evaluation; toxicity attention element detected; rare metal attention element detected; structure unknown; additive unknown; sintering unknown,10.1021/jacs.8b12450,,45320,Sn0.98Na0.02Se0.985Te0.015,unknown,p,p,,,,,1.800587,6.192897975943038,4.72182803109198,1.8537862615598524,1.800587,3.00097514778962,4.72182803109198,1.8537862615598524,1.800587,6.192897975943038,4.72182803109198,1.8537862615598524,159322.0,29986.96,37097.132187595606,23013.983211704224,0.5742368,0.9372192500000001,0.0003571223,0.0002368929,1.800587,3.00097514778962,1.8537862615598524,300.602,792.78,492.178,12,True,True,True,True,True,True,True,Na;Se;Sn;Te,False,Se;Te,True,Se;Te,True,False,False,False,True,True,True,False,,True,True,,,,,,,,,no,,,no,unknown,ML_moderately_worse,not_evaluable,missing_additive_or_structure_annotation; possible_sintering_or_microstructure_effect; tau_eff_ML_prediction_error,not_evaluable,candidate hypothesis only; no causal mechanism proven,0.7184599428982058,0.7679440057952325,0.0494840628970266,0.6250622204236638,0.7851819929045927,0.1601197724809289,0.6398238520492117,0.8045425621615734,0.1647187101123617,True,True,True,True,60.0,B,observed high ZT; missing sintering info for high-ZT/error sample; manual review not checked,False,False,True,True,False,unknown,no,no,downstream_all_samples,not_unbiased_evaluation,https://doi.org/10.1021/jacs.8b12450
10.1021_jacs.8b12450__sample_45319,130,A,observed ZT >= threshold; ML predicted ZT >= threshold; fitting predicted ZT >= threshold; low thermal conductivity; high observed electrical conductivity; high ML predicted electrical conductivity; low kappa and high sigma; balanced recommended candidate,downstream ML prediction is not unbiased evaluation; toxicity attention element detected; rare metal attention element detected; structure unknown; additive unknown; sintering unknown,10.1021/jacs.8b12450,,45319,Sn0.98Na0.02Se0.99Te0.01,unknown,p,p,,,,,1.6,6.135089991961833,3.9314591074394936,1.5901641218870377,1.6,2.972962362184993,3.9314591074394936,1.5901641218870377,1.6,6.135089991961833,3.9314591074394936,1.5901641218870377,137418.5,24250.324999999997,37097.132187595606,23013.983211704224,0.5647292,1.032493,0.0003667279,0.00027641674999999996,1.6,2.972962362184993,1.5901641218870377,300.602,794.585,493.98300000000006,12,True,True,True,True,True,True,True,Na;Se;Sn;Te,False,Se;Te,True,Se;Te,True,False,False,False,True,True,True,False,,True,True,,,,,,,,,no,,,no,unknown,ML_moderately_worse,not_evaluable,missing_additive_or_structure_annotation; possible_sintering_or_microstructure_effect; tau_eff_ML_prediction_error,not_evaluable,candidate hypothesis only; no causal mechanism proven,0.7315086368381717,0.8562373787665519,0.1247287419283802,0.7128814813054243,1.2206723310007197,0.5077908496952952,0.7416138071179972,1.219522442713109,0.4779086355951119,True,True,True,True,60.0,B,observed high ZT; missing sintering info for high-ZT/error sample; manual review not checked,False,False,True,True,False,unknown,no,no,downstream_all_samples,not_unbiased_evaluation,https://doi.org/10.1021/jacs.8b12450
10.1021_jacs.8b12450__sample_45318,130,A,observed ZT >= threshold; ML predicted ZT >= threshold; fitting predicted ZT >= threshold; low thermal conductivity; high observed electrical conductivity; high ML predicted electrical conductivity; low kappa and high sigma; balanced recommended candidate,downstream ML prediction is not unbiased evaluation; toxicity attention element detected; rare metal attention element detected; structure unknown; additive unknown; sintering unknown,10.1021/jacs.8b12450,,45318,Sn0.98Na0.02Se0.995Te0.005,unknown,p,p,,,,,1.63871,4.17952253544954,2.3204182449106208,1.366583356738578,1.63871,2.025326964408899,2.3204182449106208,1.366583356738578,1.63871,4.17952253544954,2.3204182449106208,1.366583356738578,110821.4,21642.765,37097.132187595606,23014.21419453596,0.558381,1.016634,0.0003499355,0.0002419827,1.63871,2.025326964408899,1.366583356738578,300.602,793.382,492.78,12,True,True,True,True,True,True,True,Na;Se;Sn;Te,False,Se;Te,True,Se;Te,True,False,False,False,True,True,True,False,,True,True,,,,,,,,,no,,,no,unknown,ML_moderately_worse,not_evaluable,missing_additive_or_structure_annotation; possible_sintering_or_microstructure_effect; tau_eff_ML_prediction_error,not_evaluable,candidate hypothesis only; no causal mechanism proven,0.6696077424276563,0.8914299867019637,0.2218222442743074,0.4746739519955078,0.8375336978322774,0.3628597458367695,0.4380870635164434,0.7693466127335554,0.331259549217112,True,True,True,True,60.0,B,observed high ZT; missing sintering info for high-ZT/error sample; manual review not checked,False,False,True,True,False,unknown,no,no,downstream_all_samples,not_unbiased_evaluation,https://doi.org/10.1021/jacs.8b12450
10.1021_jacs.8b12450__sample_45317,130,A,observed ZT >= threshold; ML predicted ZT >= threshold; fitting predicted ZT >= threshold; low thermal conductivity; high observed electrical conductivity; high ML predicted electrical conductivity; low kappa and high sigma; balanced recommended candidate,downstream ML prediction is not unbiased evaluation; toxicity attention element detected; rare metal attention element detected; structure unknown; additive unknown; sintering unknown,10.1021/jacs.8b12450,,45317,SnSe,unknown,p,p,,,,,1.332551,5.846437061051606,2.512300065318994,1.1711950756641838,1.332551,20.28878714718085,2.512300065318994,1.1711950756641838,1.332551,5.846437061051606,2.512300065318994,1.1711950756641838,99869.62,23337.68,340239.5500454021,211076.8520488412,0.6852084,0.9527594500000001,0.0003243629,0.0002786432,1.332551,20.28878714718085,1.1711950756641838,300.602,793.382,492.78,12,True,True,True,True,True,True,True,Se;Sn,False,Se,True,Se,True,False,False,False,True,True,True,False,,True,True,,,,,,,,,no,,,no,unknown,ML_much_worse,missing_additive_or_structure_annotation,possible_sintering_or_microstructure_effect; tau_eff_ML_prediction_error,both_poor,candidate hypothesis only; no causal mechanism proven,0.6054743038221186,1.039233021970433,0.4337587181483147,0.5655363050499181,1.7687306870352826,1.2031943819853643,0.627730943012652,1.8491789595760344,1.2214480165633823,True,True,True,True,120.0,A,ML much worse than fitting; observed high ZT; missing additive info and ML bad; missing structure info and ML bad; missing sintering info for high-ZT/error sample; manual review not checked,True,True,True,True,True,unknown,no,no,downstream_all_samples,not_unbiased_evaluation,https://doi.org/10.1021/jacs.8b12450
10.1021_jacs.8b09029__sample_45145,130,A,observed ZT >= threshold; ML predicted ZT >= threshold; fitting predicted ZT >= threshold; low thermal conductivity; high observed electrical conductivity; high ML predicted electrical conductivity; low kappa and high sigma; balanced recommended candidate,downstream ML prediction is not unbiased evaluation; toxicity attention element detected; rare metal attention element detected; structure unknown; additive unknown; sintering unknown,10.1021/jacs.8b09029,,45145,(Pb0.89Sn0.11)(Te0.89Se0.11),unknown,n,n,,,,,1.271973,1.929243494740614,2.251548923122972,1.2449894068244194,1.271973,3.102803124815955,2.251548923122972,1.2449894068244194,1.271973,1.929243494740614,2.251548923122972,1.2449894068244194,154913.1,64933.149999999994,115217.1263606313,87190.7387510761,1.011733,1.2053495,0.0002173302,0.00017136445,1.271973,3.102803124815955,1.2449894068244194,322.277,872.525,550.248,12,True,True,True,True,True,True,True,Pb;Se;Sn;Te,False,Se;Te,True,Pb;Se;Te,True,False,False,False,True,True,True,False,,True,True,,,,,,,,,no,,,no,unknown,ML_close_to_fitting,material_system_out_of_distribution,missing_additive_or_structure_annotation; possible_sintering_or_microstructure_effect; tau_eff_ML_prediction_error,both_good,candidate hypothesis only; no causal mechanism proven,0.4524236271894115,0.47807366901995,0.0256500418305384,0.4403641776597886,0.3942340637975646,-0.046130113862224,0.4293875338171786,0.3849615410300931,-0.0444259927870855,True,True,True,True,60.0,B,observed high ZT; missing sintering info for high-ZT/error sample; manual review not checked,False,False,True,True,False,unknown,no,no,downstream_all_samples,not_unbiased_evaluation,https://doi.org/10.1021/jacs.8b09029
10.1021_jacs.8b09029__sample_45142,130,A,observed ZT >= threshold; ML predicted ZT >= threshold; fitting predicted ZT >= threshold; low thermal conductivity; high observed electrical conductivity; high ML predicted electrical conductivity; low kappa and high sigma; balanced recommended candidate,downstream ML prediction is not unbiased evaluation; toxicity attention element detected; rare metal attention element detected; structure unknown; additive unknown; sintering unknown,10.1021/jacs.8b09029,,45142,(Pb0.91Sn0.09)(Te0.91Se0.09),unknown,n,n,,,,,1.262719,1.6303915940406926,2.443382259102391,1.214266744646258,1.262719,2.6221594871015896,2.443382259102391,1.214266744646258,1.262719,1.6303915940406926,2.443382259102391,1.214266744646258,214423.3,94677.74,140547.6821888572,87519.99548466974,1.066537,1.757771,0.000214729,0.0001426192,1.262719,2.6221594871015896,1.214266744646258,300.0,874.01,574.01,13,True,True,True,True,True,True,True,Pb;Se;Sn;Te,False,Se;Te,True,Pb;Se;Te,True,False,False,False,True,True,True,False,,True,True,,,,,,,,,no,,,no,unknown,ML_better_than_fitting,not_evaluable,missing_additive_or_structure_annotation; possible_sintering_or_microstructure_effect; tau_eff_ML_prediction_error,not_evaluable,candidate hypothesis only; no causal mechanism proven,0.5065434620994512,0.6482727196082165,0.1417292575087653,0.4684371151491458,0.4036179075453835,-0.0648192076037622,0.5843943958207458,0.4374809672734397,-0.1469134285473061,True,True,True,True,60.0,B,observed high ZT; missing sintering info for high-ZT/error sample; manual review not checked,False,False,True,True,False,unknown,no,no,downstream_all_samples,not_unbiased_evaluation,https://doi.org/10.1021/jacs.8b09029
10.1021_jacs.8b09029__sample_45137,130,A,observed ZT >= threshold; ML predicted ZT >= threshold; fitting predicted ZT >= threshold; low thermal conductivity; high observed electrical conductivity; high ML predicted electrical conductivity; low kappa and high sigma; balanced recommended candidate,downstream ML prediction is not unbiased evaluation; toxicity attention element detected; rare metal attention element detected; structure unknown; additive unknown; sintering unknown,10.1021/jacs.8b09029,,45137,(Pb0.93Sn0.07)(Te0.93Se0.07),unknown,n,n,,,,,1.35521,1.4712194527108493,2.4241768099919043,1.2298181811121882,1.35521,2.3661628651882487,2.4241768099919043,1.2298181811121882,1.35521,1.4712194527108493,2.4241768099919043,1.2298181811121882,232327.2,103181.0,140547.6821888572,87519.99548466974,1.121363,1.452263,0.0002023016,0.00015069999999999998,1.35521,2.3661628651882487,1.2298181811121882,301.485,872.525,571.04,13,True,True,True,True,True,True,True,Pb;Se;Sn;Te,False,Se;Te,True,Pb;Se;Te,True,False,False,False,True,True,True,False,,True,True,,,,,,,,,no,,,no,unknown,ML_close_to_fitting,material_system_out_of_distribution,missing_additive_or_structure_annotation; possible_sintering_or_microstructure_effect,both_good,candidate hypothesis only; no causal mechanism proven,0.484258100652752,0.6956339971413247,0.2113758964885727,0.4914759558632876,0.3827586147549507,-0.1087173411083368,0.4208833624152957,0.411695045328306,-0.0091883170869897,True,True,True,True,60.0,B,observed high ZT; missing sintering info for high-ZT/error sample; manual review not checked,False,False,True,True,False,unknown,no,no,downstream_all_samples,not_unbiased_evaluation,https://doi.org/10.1021/jacs.8b09029
10.1021_jacs.8b09029__sample_45136,130,A,observed ZT >= threshold; ML predicted ZT >= threshold; fitting predicted ZT >= threshold; low thermal conductivity; high observed electrical conductivity; high ML predicted electrical conductivity; low kappa and high sigma; balanced recommended candidate,downstream ML prediction is not unbiased evaluation; toxicity attention element detected; rare metal attention element detected; structure unknown; additive unknown; sintering unknown,10.1021/jacs.8b09029,,45136,(Pb0.95Sn0.05)(Te0.95Se0.05),unknown,n,n,,,,,1.251164,1.3588849944973131,2.477988934589272,1.248527559756588,1.251164,2.185495308749848,2.477988934589272,1.248527559756588,1.251164,1.3588849944973131,2.477988934589272,1.248527559756588,269922.0,112133.0,140547.6821888572,87519.99548466974,1.127446,1.7021995,0.0001991224,0.0001307695,1.251164,2.185495308749848,1.248527559756588,300.0,873.267,573.267,13,True,True,True,True,True,True,True,Pb;Se;Sn;Te,False,Se;Te,True,Pb;Se;Te,True,False,False,False,True,True,True,False,,True,True,,,,,,,,,no,,,no,unknown,ML_close_to_fitting,not_evaluable,missing_additive_or_structure_annotation; possible_sintering_or_microstructure_effect,not_evaluable,candidate hypothesis only; no causal mechanism proven,0.5046151505423849,0.7845867934405651,0.2799716428981802,0.5019348347846561,0.4200558184971639,-0.0818790162874921,0.513310840124357,0.4422048591821135,-0.0711059809422434,True,True,True,True,60.0,B,observed high ZT; missing sintering info for high-ZT/error sample; manual review not checked,False,False,True,True,False,unknown,no,no,downstream_all_samples,not_unbiased_evaluation,https://doi.org/10.1021/jacs.8b09029
10.1021_jacs.8b09029__sample_45135,130,A,observed ZT >= threshold; ML predicted ZT >= threshold; fitting predicted ZT >= threshold; low thermal conductivity; high observed electrical conductivity; high ML predicted electrical conductivity; low kappa and high sigma; balanced recommended candidate,downstream ML prediction is not unbiased evaluation; toxicity attention element detected; rare metal attention element detected; structure unknown; additive unknown; sintering unknown,10.1021/jacs.8b09029,,45135,(Pb0.97Sn0.03)(Te0.97Se0.03),unknown,n,n,,,,,1.1423,1.1713545029839108,2.308894480548418,1.1600065214549675,1.1423,1.883889940297232,2.308894480548418,1.1600065214549675,1.1423,1.1713545029839108,2.308894480548418,1.1600065214549675,284244.3,122874.1,140547.6821888572,87519.99548466974,1.224384,1.964331,0.0001950762,0.0001278793,1.1423,1.883889940297232,1.1600065214549675,300.0,873.267,573.267,13,True,True,True,True,True,True,True,Pb;Se;Sn;Te,False,Se;Te,True,Pb;Se;Te,True,False,False,False,True,True,True,False,,True,True,,,,,,,,,no,,,no,unknown,ML_close_to_fitting,not_evaluable,missing_additive_or_structure_annotation; possible_sintering_or_microstructure_effect,not_evaluable,candidate hypothesis only; no causal mechanism proven,0.499996646571625,0.8429149069448693,0.3429182603732442,0.4992187305566917,0.4303219874372482,-0.0688967431194435,0.5154072751877355,0.4617990497914693,-0.0536082253962662,True,True,True,True,60.0,B,observed high ZT; missing sintering info for high-ZT/error sample; manual review not checked,False,False,True,True,False,unknown,no,no,downstream_all_samples,not_unbiased_evaluation,https://doi.org/10.1021/jacs.8b09029
10.1016_j.jallcom.2017.06.296__sample_2756,130,A,observed ZT >= threshold; ML predicted ZT >= threshold; fitting predicted ZT >= threshold; low thermal conductivity; high observed electrical conductivity; high ML predicted electrical conductivity; low kappa and high sigma; balanced recommended candidate,downstream ML prediction is not unbiased evaluation; toxicity attention element detected; rare metal attention element detected; structure unknown; additive unknown; sintering unknown,10.1016/j.jallcom.2017.06.296,,2756,PbTe0.997I0.003,unknown,n,n,,,,,1.041651,1.5073953664708295,1.2838767605818713,1.0787315948261955,1.041651,1.5366198234573802,1.2838767605818713,1.0787315948261955,1.041651,1.5073953664708295,1.2838767605818713,1.0787315948261955,71374.34,51950.685,81050.76270460045,50471.74506615752,1.337931,1.665069,0.000245122,0.0002001524,1.041651,1.5366198234573802,1.0787315948261955,298.288,819.448,521.16,18,True,True,True,True,True,True,True,I;Pb;Te,False,Te,True,Pb;Te,True,False,False,False,True,True,True,False,,True,True,,,,,,,,,no,,,no,unknown,ML_close_to_fitting,material_system_out_of_distribution,missing_additive_or_structure_annotation; possible_sintering_or_microstructure_effect,both_good,candidate hypothesis only; no causal mechanism proven,0.2779003489764337,0.3209182746192201,0.0430179256427864,0.2264260559368068,0.2816730327497608,0.0552469768129539,0.3460261645668099,0.4062681506200694,0.0602419860532595,True,True,True,True,60.0,B,observed high ZT; missing sintering info for high-ZT/error sample; manual review not checked,False,False,True,True,False,unknown,no,no,downstream_all_samples,not_unbiased_evaluation,https://doi.org/10.1016/j.jallcom.2017.06.296
10.1021_jacs.8b04193__sample_44994,130,A,observed ZT >= threshold; ML predicted ZT >= threshold; fitting predicted ZT >= threshold; low thermal conductivity; high observed electrical conductivity; high ML predicted electrical conductivity; low kappa and high sigma; balanced recommended candidate,downstream ML prediction is not unbiased evaluation; toxicity attention element detected; rare metal attention element detected; structure unknown; additive unknown; sintering unknown,10.1021/jacs.8b04193,,44994,Na1.15Pb19.85Sb0.85Te22,unknown,p,p,,,,,1.59401,4.061244016173675,2.755981197566784,1.585959357458763,1.59401,1.7522218176962596,2.755981197566784,1.585959357458763,1.59401,4.061244016173675,2.755981197566784,1.585959357458763,90398.94,22513.300000000003,25417.36129184592,17366.66307221297,0.8218379,0.8916622999999999,0.0003369723,0.00030611349999999996,1.59401,1.7522218176962596,1.585959357458763,323.122,870.843,547.721,12,True,True,True,True,True,True,True,Na;Pb;Sb;Te,False,Sb;Te,True,Pb;Sb;Te,True,False,False,False,True,True,True,False,,True,True,,,,,,,,,no,,,no,unknown,ML_moderately_worse,not_evaluable,missing_additive_or_structure_annotation; possible_sintering_or_microstructure_effect,not_evaluable,candidate hypothesis only; no causal mechanism proven,0.4372419329266601,0.584383480650123,0.1471415477234628,0.3662133898232043,0.7138026744181262,0.3475892845949219,0.3360762617617419,0.753645764226659,0.4175695024649171,True,True,True,True,60.0,B,observed high ZT; missing sintering info for high-ZT/error sample; manual review not checked,False,False,True,True,False,unknown,no,no,downstream_all_samples,not_unbiased_evaluation,https://doi.org/10.1021/jacs.8b04193
10.1021_jacs.6b09568__sample_44734,130,A,observed ZT >= threshold; ML predicted ZT >= threshold; fitting predicted ZT >= threshold; low thermal conductivity; high observed electrical conductivity; high ML predicted electrical conductivity; low kappa and high sigma; balanced recommended candidate,downstream ML prediction is not unbiased evaluation; toxicity attention element detected; rare metal attention element detected; structure unknown; additive unknown; sintering unknown,10.1021/jacs.6b09568,,44734,(K2Bi8Se13)78.6(BiCl3)21.4,unknown,n,n,,,,,1.276964,1.0965398115649465,1.5932268987536775,1.308340955396297,1.276964,1.117108286809275,1.5932268987536775,1.308340955396297,1.276964,1.0965398115649465,1.5932268987536775,1.308340955396297,35267.14,16249.21,18911.5283174744,11779.025744872306,0.365331,0.4306705,0.000219945,0.0001823934,1.276964,1.117108286809275,1.308340955396297,303.496,873.427,569.931,13,True,True,True,True,True,True,True,Bi;Cl;K;Se,False,Bi;Se,True,Se,True,False,False,False,True,True,True,False,,True,True,,,,,,,,,no,,,no,unknown,ML_close_to_fitting,material_system_out_of_distribution,missing_additive_or_structure_annotation; possible_sintering_or_microstructure_effect,both_good,candidate hypothesis only; no causal mechanism proven,0.2507606202175568,0.4499547067621417,0.1991940865445848,0.2286855185966811,0.2904972702818312,0.06181175168515,0.2289962308381964,0.2468258805032348,0.0178296496650384,True,True,True,True,60.0,B,observed high ZT; missing sintering info for high-ZT/error sample; manual review not checked,False,False,True,True,False,unknown,no,no,downstream_all_samples,not_unbiased_evaluation,https://doi.org/10.1021/jacs.6b09568
10.1021_jacs.6b09568__sample_44733,130,A,observed ZT >= threshold; ML predicted ZT >= threshold; fitting predicted ZT >= threshold; low thermal conductivity; high observed electrical conductivity; high ML predicted electrical conductivity; low kappa and high sigma; balanced recommended candidate,downstream ML prediction is not unbiased evaluation; toxicity attention element detected; rare metal attention element detected; structure unknown; additive unknown; sintering unknown,10.1021/jacs.6b09568,,44733,(K2Bi8Se13)84.77(BiCl3)15.23,unknown,n,n,,,,,1.238635,1.3118509865649937,1.5492189009273474,1.17058729856855,1.238635,1.336458186647315,1.5492189009273474,1.17058729856855,1.238635,1.3118509865649937,1.5492189009273474,1.17058729856855,28429.75,13713.99,18911.5283174744,11779.025744872306,0.3418323,0.42091105,0.0002343879,0.00019951855,1.238635,1.336458186647315,1.17058729856855,303.496,872.727,569.231,13,True,True,True,True,True,True,True,Bi;Cl;K;Se,False,Bi;Se,True,Se,True,False,False,False,True,True,True,False,,True,True,,,,,,,,,no,,,no,unknown,ML_close_to_fitting,material_system_out_of_distribution,missing_additive_or_structure_annotation; possible_sintering_or_microstructure_effect,both_good,candidate hypothesis only; no causal mechanism proven,0.2471989523589663,0.2979377859831631,0.0507388336241967,0.2325251845977505,0.2127444111866381,-0.0197807734111123,0.2387143014731063,0.2194132328367726,-0.0193010686363336,True,True,True,True,60.0,B,observed high ZT; missing sintering info for high-ZT/error sample; manual review not checked,False,False,True,True,False,unknown,no,no,downstream_all_samples,not_unbiased_evaluation,https://doi.org/10.1021/jacs.6b09568
10.1016_j.scriptamat.2019.09.009__sample_35189,130,A,observed ZT >= threshold; ML predicted ZT >= threshold; fitting predicted ZT >= threshold; low thermal conductivity; high observed electrical conductivity; high ML predicted electrical conductivity; low kappa and high sigma; balanced recommended candidate,downstream ML prediction is not unbiased evaluation; toxicity attention element detected; rare metal attention element detected; structure unknown; additive unknown; sintering unknown,10.1016/j.scriptamat.2019.09.009,,35189,Cu2Se,unknown,p,p,,,,,1.963592,2.9537259709586703,2.1317482157251497,1.943869253789703,1.963592,5.912563190729533,2.1317482157251497,1.943869253789703,1.963592,2.9537259709586703,2.1317482157251497,1.943869253789703,39677.53,25155.34,98832.73929134678,67523.0335208499,0.4505435,0.5027174,0.0002758469,0.0001971142,1.963592,5.912563190729533,1.943869253789703,325.449,875.819,550.3699999999999,12,True,True,True,True,True,True,True,Cu;Se,False,Se,True,Se,True,False,False,False,True,True,True,False,,True,True,,,,,,,,,no,,,no,unknown,ML_moderately_worse,material_system_out_of_distribution,missing_additive_or_structure_annotation; possible_sintering_or_microstructure_effect; tau_eff_ML_prediction_error,both_good,candidate hypothesis only; no causal mechanism proven,0.2041424876520907,0.3847488521175982,0.1806063644655074,0.1923955361461595,0.4982702376873718,0.3058747015412122,0.1944602334732371,0.4844739486010971,0.29001371512786,True,True,True,True,60.0,B,observed high ZT; missing sintering info for high-ZT/error sample; manual review not checked,False,False,True,True,False,unknown,no,no,downstream_all_samples,not_unbiased_evaluation,https://doi.org/10.1016/j.scriptamat.2019.09.009
10.1016_j.scriptamat.2019.09.009__sample_35187,130,A,observed ZT >= threshold; ML predicted ZT >= threshold; fitting predicted ZT >= threshold; low thermal conductivity; high observed electrical conductivity; high ML predicted electrical conductivity; low kappa and high sigma; balanced recommended candidate,downstream ML prediction is not unbiased evaluation; toxicity attention element detected; rare metal attention element detected; structure unknown; additive unknown; sintering unknown,10.1016/j.scriptamat.2019.09.009,,35187,Cu2Se,unknown,p,p,,,,,1.764563,2.7686259618970706,2.101478425241965,1.5839648484795683,1.764563,5.542042867943425,2.101478425241965,1.5839648484795683,1.764563,2.7686259618970706,2.101478425241965,1.5839648484795683,42086.01,26673.695,98832.73929134678,67523.0335208499,0.4581522,0.5467391500000001,0.0002733375,0.0001638645,1.764563,5.542042867943425,1.5839648484795683,325.425,876.365,550.94,12,True,True,True,True,True,True,True,Cu;Se,False,Se,True,Se,True,False,False,False,True,True,True,False,,True,True,,,,,,,,,no,,,no,unknown,ML_moderately_worse,material_system_out_of_distribution,missing_additive_or_structure_annotation; possible_sintering_or_microstructure_effect; tau_eff_ML_prediction_error,both_good,candidate hypothesis only; no causal mechanism proven,0.2021236807288434,0.3418625622527353,0.1397388815238919,0.1855913724772931,0.3253455044166946,0.1397541319394014,0.2164896956123694,0.3715095841055328,0.1550198884931633,True,True,True,True,60.0,B,observed high ZT; missing sintering info for high-ZT/error sample; manual review not checked,False,False,True,True,False,unknown,no,no,downstream_all_samples,not_unbiased_evaluation,https://doi.org/10.1016/j.scriptamat.2019.09.009
10.1039_c6ra06688g__sample_9080,130,A,observed ZT >= threshold; ML predicted ZT >= threshold; fitting predicted ZT >= threshold; low thermal conductivity; high observed electrical conductivity; high ML predicted electrical conductivity; low kappa and high sigma; balanced recommended candidate,downstream ML prediction is not unbiased evaluation; toxicity attention element detected; rare metal attention element detected; structure unknown; additive unknown; sintering unknown,10.1039/c6ra06688g,,9080,Bi0.4Sb1.6Te3,unknown,p,p,,,,,1.250657,1.165791484416259,1.158258854665367,1.254716014453246,1.250657,0.960500570229692,1.158258854665367,1.254716014453246,1.250657,1.165791484416259,1.158258854665367,1.254716014453246,81750.37,53722.44500000001,61342.81348641334,45194.55059773344,1.159207,1.2256375,0.0002546524,0.0002452817,1.250657,0.960500570229692,1.254716014453246,296.545,469.549,173.00399999999996,8,True,True,True,True,True,True,True,Bi;Sb;Te,False,Bi;Sb;Te,True,Sb;Te,True,False,False,False,True,True,True,False,,True,True,,,,,,,,,no,,,no,unknown,ML_close_to_fitting,material_system_out_of_distribution,missing_additive_or_structure_annotation; possible_sintering_or_microstructure_effect,both_good,candidate hypothesis only; no causal mechanism proven,0.0750698828221523,0.075349241494425,0.0002793586722727,0.0680486867394012,0.0684912351042759,0.0004425483648747,0.0681972059892493,0.0686407202353895,0.0004435142461402,True,True,True,True,60.0,B,observed high ZT; missing sintering info for high-ZT/error sample; manual review not checked,False,False,True,True,False,unknown,no,no,downstream_all_samples,not_unbiased_evaluation,https://doi.org/10.1039/c6ra06688g
10.1016_j.mtphys.2021.100444__sample_45586,130,A,observed ZT >= threshold; ML predicted ZT >= threshold; fitting predicted ZT >= threshold; low thermal conductivity; high observed electrical conductivity; high ML predicted electrical conductivity; low kappa and high sigma; balanced recommended candidate,downstream ML prediction is not unbiased evaluation; toxicity attention element detected; rare metal attention element detected; structure unknown; additive unknown; sintering unknown,10.1016/j.mtphys.2021.100444,,45586,(Ge0.9Sb0.1Te)0.99(FeTe2)0.01,unknown,p,p,,,,,1.916967,1.747547114677393,1.974290638450576,2.0002292864197555,1.916967,2.0985031023823373,1.9742906384505756,2.0002292864197555,1.916967,1.747547114677393,1.974290638450576,2.0002292864197555,83811.55,69410.74,112605.0075201284,71408.32023326802,1.362567,1.4109444999999998,0.0002442911,0.0002151836,1.916967,2.0985031023823373,2.0002292864197555,302.322,772.787,470.46500000000003,11,True,True,True,True,True,True,True,Fe;Ge;Sb;Te,False,Ge;Sb;Te,True,Sb;Te,True,False,False,False,True,True,True,False,,True,True,,,,,,,,,no,,,no,unknown,ML_close_to_fitting,material_system_out_of_distribution,missing_additive_or_structure_annotation; possible_sintering_or_microstructure_effect,both_good,candidate hypothesis only; no causal mechanism proven,0.1725211276629254,0.2112973386750307,0.0387762110121053,0.1570706295941032,0.1492668171621361,-0.0078038124319671,0.18757086124232,0.1581704395115716,-0.0294004217307484,True,True,True,True,60.0,B,observed high ZT; missing sintering info for high-ZT/error sample; manual review not checked,False,False,True,True,False,unknown,no,no,downstream_all_samples,not_unbiased_evaluation,https://doi.org/10.1016/j.mtphys.2021.100444
10.1016_j.mtphys.2021.100444__sample_45584,130,A,observed ZT >= threshold; ML predicted ZT >= threshold; fitting predicted ZT >= threshold; low thermal conductivity; high observed electrical conductivity; high ML predicted electrical conductivity; low kappa and high sigma; balanced recommended candidate,downstream ML prediction is not unbiased evaluation; toxicity attention element detected; rare metal attention element detected; structure unknown; additive unknown; sintering unknown,10.1016/j.mtphys.2021.100444,,45584,Ge0.9Sb0.1Te,unknown,p,p,,,,,1.792042,1.808171611790291,1.6106151382121343,1.8098876452789168,1.792042,1.402004268179339,1.6106151382121343,1.8098876452789168,1.792042,1.808171611790291,1.6106151382121343,1.8098876452789168,71929.9,60783.26,79494.1234075557,50411.095793719214,1.430108,1.4843535,0.0002458333,0.00022445385000000002,1.792042,1.402004268179339,1.8098876452789168,302.99,773.111,470.121,11,True,True,True,True,True,True,True,Ge;Sb;Te,False,Ge;Sb;Te,True,Sb;Te,True,False,False,False,True,True,True,False,,True,True,,,,,,,,,no,,,no,unknown,ML_close_to_fitting,material_system_out_of_distribution,missing_additive_or_structure_annotation; possible_sintering_or_microstructure_effect,both_good,candidate hypothesis only; no causal mechanism proven,0.2030583610500196,0.2337074818583467,0.0306491208083271,0.1864281109335083,0.2541542344502796,0.0677261235167712,0.193513091882988,0.1266532095345633,-0.0668598823484247,True,True,True,True,60.0,B,observed high ZT; missing sintering info for high-ZT/error sample; manual review not checked,False,False,True,True,False,unknown,no,no,downstream_all_samples,not_unbiased_evaluation,https://doi.org/10.1016/j.mtphys.2021.100444
10.1016_j.mtphys.2018.05.001__sample_44014,130,A,observed ZT >= threshold; ML predicted ZT >= threshold; fitting predicted ZT >= threshold; low thermal conductivity; high observed electrical conductivity; high ML predicted electrical conductivity; low kappa and high sigma; balanced recommended candidate,downstream ML prediction is not unbiased evaluation; toxicity attention element detected; rare metal attention element detected; structure unknown; additive unknown; sintering unknown,10.1016/j.mtphys.2018.05.001,,44014,Ag9GaSe5.38Te0.6,unknown,n,n,,,,,1.376961,3.333036771373201,2.010641816501765,1.3633260101345632,1.376961,2.162945527580864,2.010641816501765,1.3633260101345632,1.376961,3.333036771373201,2.010641816501765,1.3633260101345632,35194.62,21350.345,30329.970812425,22535.197750245155,0.3212611,0.37000679999999997,0.0002106918,0.00016841030000000002,1.376961,2.162945527580864,1.3633260101345632,300.964,848.808,547.844,12,True,True,True,True,True,True,True,Ag;Ga;Se;Te,False,Ag;Ga;Se;Te,True,Se;Te,True,False,False,False,True,True,True,False,,True,True,,,,,,,,,no,,,no,unknown,ML_moderately_worse,not_evaluable,missing_additive_or_structure_annotation; possible_sintering_or_microstructure_effect,not_evaluable,candidate hypothesis only; no causal mechanism proven,0.2896873840705134,0.5825616814855793,0.2928742974150659,0.2724772556899196,0.732584712704836,0.4601074570149164,0.2788424443565495,0.7724648438437821,0.4936223994872326,True,True,True,True,60.0,B,observed high ZT; missing sintering info for high-ZT/error sample; manual review not checked,False,False,True,True,False,unknown,no,no,downstream_all_samples,not_unbiased_evaluation,https://doi.org/10.1016/j.mtphys.2018.05.001
10.1016_j.mtphys.2018.05.001__sample_44013,130,A,observed ZT >= threshold; ML predicted ZT >= threshold; fitting predicted ZT >= threshold; low thermal conductivity; high observed electrical conductivity; high ML predicted electrical conductivity; low kappa and high sigma; balanced recommended candidate,downstream ML prediction is not unbiased evaluation; toxicity attention element detected; rare metal attention element detected; structure unknown; additive unknown; sintering unknown,10.1016/j.mtphys.2018.05.001,,44013,Ag9GaSe5.53Te0.45,unknown,n,n,,,,,1.560953,2.6835555153593216,2.279633773765108,1.5808941584113956,1.560953,1.741470256138223,2.279633773765108,1.5808941584113956,1.560953,2.6835555153593216,2.279633773765108,1.5808941584113956,42244.63,29127.23,30329.970812425,22333.525058038067,0.3418531,0.48410970000000003,0.0001881509,0.0001462727,1.560953,1.741470256138223,1.5808941584113956,299.644,849.537,549.893,13,True,True,True,True,True,True,True,Ag;Ga;Se;Te,False,Ag;Ga;Se;Te,True,Se;Te,True,False,False,False,True,True,True,False,,True,True,,,,,,,,,no,,,no,unknown,ML_close_to_fitting,material_system_out_of_distribution,missing_additive_or_structure_annotation; possible_sintering_or_microstructure_effect,both_good,candidate hypothesis only; no causal mechanism proven,0.1994782068853883,0.2576863067929792,0.0582080999075909,0.1798628867119712,0.2104582151364604,0.0305953284244892,0.1769216816684738,0.1971035192078807,0.0201818375394068,True,True,True,True,60.0,B,observed high ZT; missing sintering info for high-ZT/error sample; manual review not checked,False,False,True,True,False,unknown,no,no,downstream_all_samples,not_unbiased_evaluation,https://doi.org/10.1016/j.mtphys.2018.05.001
10.1016_j.jallcom.2011.06.116__sample_1628,130,A,observed ZT >= threshold; ML predicted ZT >= threshold; fitting predicted ZT >= threshold; low thermal conductivity; high observed electrical conductivity; high ML predicted electrical conductivity; low kappa and high sigma; balanced recommended candidate,downstream ML prediction is not unbiased evaluation; toxicity attention element detected; rare metal attention element detected; structure unknown; additive unknown; sintering unknown,10.1016/j.jallcom.2011.06.116,,1628,Bi2Se0.36Te2.64,unknown,p,p,,,,,1.192206,1.379321150730733,1.202912410781794,1.20491325,1.192206,0.3018623148544474,1.202912410781794,1.20491325,1.192206,1.379321150730733,1.202912410781794,1.20491325,54500.0,38700.0,13653.676859780058,9989.209039532408,0.676,0.716,0.000222,0.000205,1.192206,0.3018623148544474,1.20491325,306.0,502.0,196.0,5,True,True,True,True,True,True,True,Bi;Se;Te,False,Bi;Se;Te,True,Se;Te,True,False,False,False,True,True,True,False,,True,True,,,,,,,,,no,,,no,unknown,ML_moderately_worse,material_system_out_of_distribution,missing_additive_or_structure_annotation; possible_sintering_or_microstructure_effect,both_good,candidate hypothesis only; no causal mechanism proven,0.0404904488233784,0.1427104006822336,0.1022199518588552,0.0354423250581234,0.1475944230538756,0.1121520979957522,0.0091962406192327,0.1464037921077939,0.1372075514885612,True,True,True,True,60.0,B,observed high ZT; missing sintering info for high-ZT/error sample; manual review not checked,False,False,True,True,False,unknown,no,no,downstream_all_samples,not_unbiased_evaluation,https://doi.org/10.1016/j.jallcom.2011.06.116
10.1016_j.mtphys.2018.05.001__sample_44012,130,A,observed ZT >= threshold; ML predicted ZT >= threshold; fitting predicted ZT >= threshold; low thermal conductivity; high observed electrical conductivity; high ML predicted electrical conductivity; low kappa and high sigma; balanced recommended candidate,downstream ML prediction is not unbiased evaluation; toxicity attention element detected; rare metal attention element detected; structure unknown; additive unknown; sintering unknown,10.1016/j.mtphys.2018.05.001,,44012,Ag9GaSe5.68Te0.3,unknown,n,n,,,,,1.45101,2.4607361300244364,2.0128600270072186,1.4478222940882948,1.45101,1.5968735336814692,2.0128600270072186,1.4478222940882948,1.45101,2.4607361300244364,2.0128600270072186,1.4478222940882948,47204.41,27681.574999999997,30329.970812425,22535.197750245155,0.387488,0.5210173,0.0001894415,0.0001498524,1.45101,1.5968735336814692,1.4478222940882948,300.964,849.721,548.7570000000001,12,True,True,True,True,True,True,True,Ag;Ga;Se;Te,False,Ag;Ga;Se;Te,True,Se;Te,True,False,False,False,True,True,True,False,,True,True,,,,,,,,,no,,,no,unknown,ML_close_to_fitting,material_system_out_of_distribution,missing_additive_or_structure_annotation; possible_sintering_or_microstructure_effect,both_good,candidate hypothesis only; no causal mechanism proven,0.2038976012954606,0.286245738897885,0.0823481376024243,0.1858750206727221,0.2556237048079469,0.0697486841352247,0.1839945276249464,0.2334378670697923,0.0494433394448458,True,True,True,True,60.0,B,observed high ZT; missing sintering info for high-ZT/error sample; manual review not checked,False,False,True,True,False,unknown,no,no,downstream_all_samples,not_unbiased_evaluation,https://doi.org/10.1016/j.mtphys.2018.05.001
10.1016_j.mtphys.2018.05.001__sample_44011,130,A,observed ZT >= threshold; ML predicted ZT >= threshold; fitting predicted ZT >= threshold; low thermal conductivity; high observed electrical conductivity; high ML predicted electrical conductivity; low kappa and high sigma; balanced recommended candidate,downstream ML prediction is not unbiased evaluation; toxicity attention element detected; rare metal attention element detected; structure unknown; additive unknown; sintering unknown,10.1016/j.mtphys.2018.05.001,,44011,Ag9GaSe5.98,unknown,n,n,,,,,1.302239,2.1774384047084894,1.6528342992830671,1.3087280880493497,1.302239,1.2320209612842328,1.6528342992830671,1.3087280880493497,1.302239,2.1774384047084894,1.6528342992830671,1.3087280880493497,49443.95,24972.559999999998,27342.128693840023,20315.228156300123,0.4138403,0.5265204,0.0001801294,0.0001424977,1.302239,1.2320209612842328,1.3087280880493497,299.644,798.707,499.063,12,True,True,True,True,True,True,True,Ag;Ga;Se,False,Ag;Ga;Se,True,Se,True,False,False,False,True,True,True,False,,True,True,,,,,,,,,no,,,no,unknown,ML_close_to_fitting,material_system_out_of_distribution,missing_additive_or_structure_annotation; possible_sintering_or_microstructure_effect,both_good,candidate hypothesis only; no causal mechanism proven,0.206894527242512,0.3446627942432512,0.1377682670007392,0.1859382381186218,0.2904130851960205,0.1044748470773987,0.1668120445089765,0.2157367796269438,0.0489247351179672,True,True,True,True,60.0,B,observed high ZT; missing sintering info for high-ZT/error sample; manual review not checked,False,False,True,True,False,unknown,no,no,downstream_all_samples,not_unbiased_evaluation,https://doi.org/10.1016/j.mtphys.2018.05.001
10.1016_j.jpcs.2019.109262__sample_34136,130,A,observed ZT >= threshold; ML predicted ZT >= threshold; fitting predicted ZT >= threshold; low thermal conductivity; high observed electrical conductivity; high ML predicted electrical conductivity; low kappa and high sigma; balanced recommended candidate,downstream ML prediction is not unbiased evaluation; toxicity attention element detected; rare metal attention element detected; structure unknown; additive unknown; sintering unknown,10.1016/j.jpcs.2019.109262,,34136,Sb1.65Bi0.35Te3,unknown,p,p,,,,,1.149557,1.1271385159578589,1.181397762452148,1.1540459602661608,1.149557,0.9286542248569144,1.181397762452148,1.1540459602661608,1.149557,1.1271385159578589,1.181397762452148,1.1540459602661608,81617.3,52588.33,61302.62203000144,42401.343489924795,0.7797693,0.8638344,0.0001967484,0.0001931818,1.149557,0.9286542248569144,1.1540459602661608,300.139,573.001,272.86199999999997,44,True,True,True,True,True,True,True,Bi;Sb;Te,False,Bi;Sb;Te,True,Sb;Te,True,False,False,False,True,True,True,False,,True,True,,,,,,,,,no,,,no,unknown,ML_close_to_fitting,material_system_out_of_distribution,missing_additive_or_structure_annotation; possible_sintering_or_microstructure_effect,both_good,candidate hypothesis only; no causal mechanism proven,0.0985479049216175,0.1091888625293283,0.0106409576077108,0.0706232651567122,0.0892439312830171,0.0186206661263049,0.0474313638159808,0.0150167798620314,-0.0324145839539493,True,True,True,True,60.0,B,observed high ZT; missing sintering info for high-ZT/error sample; manual review not checked,False,False,True,True,False,unknown,no,no,downstream_all_samples,not_unbiased_evaluation,https://doi.org/10.1016/j.jpcs.2019.109262
10.1016_j.jallcom.2013.12.068__sample_7177,130,A,observed ZT >= threshold; ML predicted ZT >= threshold; fitting predicted ZT >= threshold; low thermal conductivity; high observed electrical conductivity; high ML predicted electrical conductivity; low kappa and high sigma; balanced recommended candidate,downstream ML prediction is not unbiased evaluation; toxicity attention element detected; rare metal attention element detected; structure unknown; additive unknown; sintering unknown,10.1016/j.jallcom.2013.12.068,,7177,Bi0.4Sb1.6Te3,unknown,p,p,,,,,1.189669,1.184626092762941,1.2850568326196998,1.190444544118261,1.189669,0.9760184842811056,1.2850568326196998,1.190444544118261,1.189669,1.184626092762941,1.2850568326196998,1.190444544118261,80444.44,61703.7,61342.81348641334,45194.55059773344,0.7609816,0.7855214500000001,0.0002105569,0.00019883775,1.189669,0.9760184842811056,1.190444544118261,307.982,458.839,150.85699999999997,6,True,True,True,True,True,True,True,Bi;Sb;Te,False,Bi;Sb;Te,True,Sb;Te,True,False,False,False,True,True,True,False,,True,True,,,,,,,,,no,,,no,unknown,ML_close_to_fitting,material_system_out_of_distribution,missing_additive_or_structure_annotation; possible_sintering_or_microstructure_effect,both_good,candidate hypothesis only; no causal mechanism proven,0.0736055885507127,0.1097260041042526,0.0361204155535398,0.0628637424061229,0.0789598850566663,0.0160961426505433,0.0636211162911613,0.0791967815005246,0.0155756652093633,True,True,True,True,60.0,B,observed high ZT; missing sintering info for high-ZT/error sample; manual review not checked,False,False,True,True,False,unknown,no,no,downstream_all_samples,not_unbiased_evaluation,https://doi.org/10.1016/j.jallcom.2013.12.068
10.1016_j.joule.2020.07.021__sample_37079,130,A,observed ZT >= threshold; ML predicted ZT >= threshold; fitting predicted ZT >= threshold; low thermal conductivity; high observed electrical conductivity; high ML predicted electrical conductivity; low kappa and high sigma; balanced recommended candidate,downstream ML prediction is not unbiased evaluation; toxicity attention element detected; rare metal attention element detected; structure unknown; additive unknown; sintering unknown,10.1016/j.joule.2020.07.021,,37079,Ge0.85Sn0.05Sb0.1Te,unknown,p,p,,,,,1.890416,1.137264345205492,1.196993468383016,1.5488149937160445,1.890416,1.949146118245387,1.196993468383016,1.5488149937160445,1.890416,1.137264345205492,1.196993468383016,1.5488149937160445,116550.1,89044.29,234757.28986191563,145511.0266594247,1.416834,1.416834,0.0002091701,0.00018940489999999999,1.890416,1.949146118245387,1.5488149937160445,296.981,780.17,483.18899999999996,12,True,True,True,True,True,True,True,Ge;Sb;Sn;Te,False,Ge;Sb;Te,True,Sb;Te,True,False,False,False,True,True,True,False,,True,True,,,,,,,,,no,,,no,unknown,ML_close_to_fitting,material_system_out_of_distribution,missing_additive_or_structure_annotation; possible_sintering_or_microstructure_effect,both_good,candidate hypothesis only; no causal mechanism proven,0.1449094430221864,0.1536843687192614,0.008774925697075,0.1281302047650695,0.1257624891827414,-0.0023677155823281,0.1984679952061723,0.2384638724683356,0.0399958772621632,True,True,True,True,60.0,B,observed high ZT; missing sintering info for high-ZT/error sample; manual review not checked,False,False,True,True,False,unknown,no,no,downstream_all_samples,not_unbiased_evaluation,https://doi.org/10.1016/j.joule.2020.07.021
10.1016_j.joule.2020.07.021__sample_37078,130,A,observed ZT >= threshold; ML predicted ZT >= threshold; fitting predicted ZT >= threshold; low thermal conductivity; high observed electrical conductivity; high ML predicted electrical conductivity; low kappa and high sigma; balanced recommended candidate,downstream ML prediction is not unbiased evaluation; toxicity attention element detected; rare metal attention element detected; structure unknown; additive unknown; sintering unknown,10.1016/j.joule.2020.07.021,,37078,Ge0.87Sn0.05Sb0.08Te,unknown,p,p,,,,,2.198108,1.8052656097581268,2.197447718020858,2.357190698386603,2.198108,3.094026881697541,2.197447718020858,2.357190698386603,2.198108,1.8052656097581268,2.197447718020858,2.357190698386603,148251.7,98368.3,234757.28986191563,145511.0266594247,1.252859,1.404658,0.0002060005,0.00017770079999999998,2.198108,3.094026881697541,2.357190698386603,300.737,780.178,479.441,12,True,True,True,True,True,True,True,Ge;Sb;Sn;Te,False,Ge;Sb;Te,True,Sb;Te,True,False,False,False,True,True,True,False,,True,True,,,,,,,,,no,,,no,unknown,ML_close_to_fitting,material_system_out_of_distribution,missing_additive_or_structure_annotation; possible_sintering_or_microstructure_effect,both_good,candidate hypothesis only; no causal mechanism proven,0.1151149751887554,0.2278126946440412,0.1126977194552858,0.1039584995954737,0.1827027277921343,0.0787442281966605,0.1101784498236275,0.1811213236838986,0.0709428738602711,True,True,True,True,60.0,B,observed high ZT; missing sintering info for high-ZT/error sample; manual review not checked,False,False,True,True,False,unknown,no,no,downstream_all_samples,not_unbiased_evaluation,https://doi.org/10.1016/j.joule.2020.07.021
10.1016_j.jmat.2019.01.008__sample_41039,130,A,observed ZT >= threshold; ML predicted ZT >= threshold; fitting predicted ZT >= threshold; low thermal conductivity; high observed electrical conductivity; high ML predicted electrical conductivity; low kappa and high sigma; balanced recommended candidate,downstream ML prediction is not unbiased evaluation; toxicity attention element detected; rare metal attention element detected; structure unknown; additive unknown; sintering unknown,10.1016/j.jmat.2019.01.008,,41039,Ag1.2Cu0.8Te,unknown,p,p,,,,,1.329073,1.2758650304593355,1.4736137363636062,1.3313264503006113,1.329073,1.2363927661456722,1.4736137363636062,1.3313264503006113,1.329073,1.2758650304593355,1.4736137363636062,1.3313264503006113,30777.8,28415.135000000002,26245.622552147448,22527.633501604054,0.4714797,0.49039575,0.0001861491,0.0001623263,1.329073,1.2363927661456722,1.3313264503006113,522.448,767.891,245.44299999999998,6,True,True,True,True,True,True,True,Ag;Cu;Te,False,Ag;Te,True,Te,True,False,False,False,True,True,True,False,,True,True,,,,,,,,,no,,,no,unknown,ML_close_to_fitting,material_system_out_of_distribution,missing_additive_or_structure_annotation; possible_sintering_or_microstructure_effect,both_good,candidate hypothesis only; no causal mechanism proven,0.0907458690585149,0.1702870902073178,0.0795412211488028,0.0841620845905616,0.1305874934611559,0.0464254088705942,0.0848630903325351,0.1440125750660217,0.0591494847334866,True,True,True,True,60.0,B,observed high ZT; missing sintering info for high-ZT/error sample; manual review not checked,False,False,True,True,False,unknown,no,no,downstream_all_samples,not_unbiased_evaluation,https://doi.org/10.1016/j.jmat.2019.01.008
10.1016_j.jmat.2019.01.008__sample_41038,130,A,observed ZT >= threshold; ML predicted ZT >= threshold; fitting predicted ZT >= threshold; low thermal conductivity; high observed electrical conductivity; high ML predicted electrical conductivity; low kappa and high sigma; balanced recommended candidate,downstream ML prediction is not unbiased evaluation; toxicity attention element detected; rare metal attention element detected; structure unknown; additive unknown; sintering unknown,10.1016/j.jmat.2019.01.008,,41038,Ag1.4Cu0.6Te,unknown,p,p,,,,,1.025394,1.7348450950651528,1.1249269861044713,1.0479245942410789,1.025394,1.6811730666758953,1.1249269861044713,1.0479245942410789,1.025394,1.7348450950651528,1.1249269861044713,1.0479245942410789,17367.73,15198.904999999999,26245.622552147448,22527.633501604054,0.3813081,0.4206038,0.000207487,0.00020172975,1.025394,1.6811730666758953,1.0479245942410789,522.91,766.626,243.716,6,True,True,True,True,True,True,True,Ag;Cu;Te,False,Ag;Te,True,Te,True,False,False,False,True,True,True,False,,True,True,,,,,,,,,no,,,no,unknown,ML_moderately_worse,not_evaluable,missing_additive_or_structure_annotation; possible_sintering_or_microstructure_effect; tau_eff_ML_prediction_error,not_evaluable,candidate hypothesis only; no causal mechanism proven,0.0561093974122183,0.4368186121301983,0.3807092147179799,0.038147650507413,0.5445706788530076,0.5064230283455945,0.0529921263575124,0.5518088396781357,0.4988167133206232,True,True,True,True,60.0,B,observed high ZT; missing sintering info for high-ZT/error sample; manual review not checked,False,False,True,True,False,unknown,no,no,downstream_all_samples,not_unbiased_evaluation,https://doi.org/10.1016/j.jmat.2019.01.008
10.1016_j.jallcom.2020.158376__sample_39630,130,A,observed ZT >= threshold; ML predicted ZT >= threshold; fitting predicted ZT >= threshold; low thermal conductivity; high observed electrical conductivity; high ML predicted electrical conductivity; low kappa and high sigma; balanced recommended candidate,downstream ML prediction is not unbiased evaluation; toxicity attention element detected; rare metal attention element detected; structure unknown; additive unknown; sintering unknown,10.1016/j.jallcom.2020.158376,,39630,(Bi0.3Sb1.7Te3)92.39(TiC)7.61,unknown,p,p,,,,,1.139484,1.0043708515020542,1.3020766501223215,1.1168271905120155,1.139484,1.0016931466214496,1.3020766501223215,1.1168271905120155,1.139484,1.0043708515020542,1.3020766501223215,1.1168271905120155,109018.6,71734.61,75507.33483744622,55260.242746314034,0.9752587,1.010211,0.0002093747,0.0002019976,1.139484,1.0016931466214496,1.1168271905120155,302.086,499.369,197.28300000000002,9,True,True,True,True,True,True,True,Bi;C;Sb;Te;Ti,True,Bi;Sb;Te,True,Sb;Te,True,False,False,False,True,True,True,False,,True,True,,,,,,,,,no,,,no,unknown,ML_close_to_fitting,material_system_out_of_distribution,missing_additive_or_structure_annotation; possible_sintering_or_microstructure_effect,both_good,candidate hypothesis only; no causal mechanism proven,0.1329849277598481,0.2916790641867348,0.1586941364268866,0.1203881030725022,0.2218032220986311,0.1014151190261289,0.1913836497341872,0.124811778883863,-0.0665718708503241,True,True,True,True,60.0,B,observed high ZT; missing sintering info for high-ZT/error sample; manual review not checked,False,False,True,True,False,unknown,no,no,downstream_all_samples,not_unbiased_evaluation,https://doi.org/10.1016/j.jallcom.2020.158376
10.1016_j.jallcom.2020.155181__sample_31078,130,A,observed ZT >= threshold; ML predicted ZT >= threshold; fitting predicted ZT >= threshold; low thermal conductivity; high observed electrical conductivity; high ML predicted electrical conductivity; low kappa and high sigma; balanced recommended candidate,downstream ML prediction is not unbiased evaluation; toxicity attention element detected; rare metal attention element detected; structure unknown; additive unknown; sintering unknown,10.1016/j.jallcom.2020.155181,,31078,Sn0.69Pb0.3Zn0.01Te,unknown,p,p,,,,,1.3455,1.3620795927190776,1.7177023768483908,1.1559128707150623,1.3455,0.4651494155339901,1.7177023768483908,1.1559128707150623,1.3455,1.3620795927190776,1.7177023768483908,1.1559128707150623,320526.2,121814.5,60627.653426568606,34302.0634106718,1.767956,2.0580115,0.0001938336,0.0001938336,1.3455,0.4651494155339901,1.1559128707150623,304.223,842.271,538.048,13,True,True,True,True,True,True,True,Pb;Sn;Te;Zn,False,Te,True,Pb;Te,True,False,False,False,True,True,True,False,,True,True,,,,,,,,,no,,,no,unknown,ML_better_than_fitting,material_system_out_of_distribution,missing_additive_or_structure_annotation; possible_sintering_or_microstructure_effect; tau_eff_ML_prediction_error,both_good,candidate hypothesis only; no causal mechanism proven,0.3018735928802694,0.3807099059538811,0.0788363130736117,0.4860137129417467,0.1783583583393319,-0.3076553546024148,0.4851077683802179,0.1776399750990195,-0.3074677932811984,True,True,True,True,60.0,B,observed high ZT; missing sintering info for high-ZT/error sample; manual review not checked,False,False,True,True,False,unknown,no,no,downstream_all_samples,not_unbiased_evaluation,https://doi.org/10.1016/j.jallcom.2020.155181
10.1016_j.jallcom.2019.153284__sample_34310,130,A,observed ZT >= threshold; ML predicted ZT >= threshold; fitting predicted ZT >= threshold; low thermal conductivity; high observed electrical conductivity; high ML predicted electrical conductivity; low kappa and high sigma; balanced recommended candidate,downstream ML prediction is not unbiased evaluation; toxicity attention element detected; rare metal attention element detected; structure unknown; additive unknown; sintering unknown,10.1016/j.jallcom.2019.153284,,34310,Bi0.5Sb1.5Te3,unknown,p,p,,,,,1.269527,2.134415790532956,1.298949893978629,1.2664996214174389,1.269527,1.75855426233509,1.298949893978629,1.2664996214174389,1.269527,2.134415790532956,1.298949893978629,1.2664996214174389,46664.71,32706.595,61411.93138138079,45243.430138732394,1.011413,1.1098819999999998,0.0003228847,0.0003090218,1.269527,1.75855426233509,1.2664996214174389,299.512,479.859,180.34699999999998,10,True,True,True,True,True,True,True,Bi;Sb;Te,False,Bi;Sb;Te,True,Sb;Te,True,False,False,False,True,True,True,False,,True,True,,,,,,,,,no,,,no,unknown,ML_much_worse,missing_additive_or_structure_annotation,possible_sintering_or_microstructure_effect,both_poor,candidate hypothesis only; no causal mechanism proven,0.0448521945055521,0.498658040183725,0.4538058456781729,0.0350026684619067,0.6448306041349715,0.6098279356730647,0.0341260112132162,0.6460050284776578,0.6118790172644416,True,True,True,True,120.0,A,ML much worse than fitting; observed high ZT; missing additive info and ML bad; missing structure info and ML bad; missing sintering info for high-ZT/error sample; manual review not checked,True,True,True,True,True,unknown,no,no,downstream_all_samples,not_unbiased_evaluation,https://doi.org/10.1016/j.jallcom.2019.153284
10.1016_j.jallcom.2019.153284__sample_34309,130,A,observed ZT >= threshold; ML predicted ZT >= threshold; fitting predicted ZT >= threshold; low thermal conductivity; high observed electrical conductivity; high ML predicted electrical conductivity; low kappa and high sigma; balanced recommended candidate,downstream ML prediction is not unbiased evaluation; toxicity attention element detected; rare metal attention element detected; structure unknown; additive unknown; sintering unknown,10.1016/j.jallcom.2019.153284,,34309,Bi0.5Sb1.5Te3,unknown,p,p,,,,,1.170681,1.6341326261048903,1.2243420131706375,1.168142864181147,1.170681,1.3463688319790927,1.2243420131706375,1.168142864181147,1.170681,1.6341326261048903,1.2243420131706375,1.168142864181147,62267.83,40506.205,61411.93138138079,45243.430138732394,1.112433,1.179509,0.0002945721,0.0002830542,1.170681,1.3463688319790927,1.168142864181147,299.751,480.336,180.58500000000004,10,True,True,True,True,True,True,True,Bi;Sb;Te,False,Bi;Sb;Te,True,Sb;Te,True,False,False,False,True,True,True,False,,True,True,,,,,,,,,no,,,no,unknown,ML_moderately_worse,material_system_out_of_distribution,missing_additive_or_structure_annotation; possible_sintering_or_microstructure_effect,both_good,candidate hypothesis only; no causal mechanism proven,0.0982225952226131,0.3049595536412281,0.206736958418615,0.0868786960823782,0.3410676503923688,0.2541889543099905,0.0883214278699393,0.3401968108786906,0.2518753830087512,True,True,True,True,60.0,B,observed high ZT; missing sintering info for high-ZT/error sample; manual review not checked,False,False,True,True,False,unknown,no,no,downstream_all_samples,not_unbiased_evaluation,https://doi.org/10.1016/j.jallcom.2019.153284
10.1016_j.jallcom.2019.153284__sample_34308,130,A,observed ZT >= threshold; ML predicted ZT >= threshold; fitting predicted ZT >= threshold; low thermal conductivity; high observed electrical conductivity; high ML predicted electrical conductivity; low kappa and high sigma; balanced recommended candidate,downstream ML prediction is not unbiased evaluation; toxicity attention element detected; rare metal attention element detected; structure unknown; additive unknown; sintering unknown,10.1016/j.jallcom.2019.153284,,34308,Bi0.5Sb1.5Te3,unknown,p,p,,,,,1.290238,2.264590374184837,1.3202672316463615,1.2930137771605352,1.290238,1.8658056563437293,1.3202672316463615,1.2930137771605352,1.290238,2.264590374184837,1.3202672316463615,1.2930137771605352,45161.5,31039.025,61411.93138138079,45243.430138732394,0.895905,1.0769145,0.000329212,0.00031865175,1.290238,1.8658056563437293,1.2930137771605352,299.751,480.043,180.29200000000003,10,True,True,True,True,True,True,True,Bi;Sb;Te,False,Bi;Sb;Te,True,Sb;Te,True,False,False,False,True,True,True,False,,True,True,,,,,,,,,no,,,no,unknown,ML_much_worse,missing_additive_or_structure_annotation,possible_sintering_or_microstructure_effect,both_poor,candidate hypothesis only; no causal mechanism proven,0.0522931108534879,0.5420878798933799,0.489794769039892,0.0402805177973021,0.7175835470322764,0.6773030292349743,0.0410737887663579,0.7161101188995342,0.6750363301331763,True,True,True,True,120.0,A,ML much worse than fitting; observed high ZT; missing additive info and ML bad; missing structure info and ML bad; missing sintering info for high-ZT/error sample; manual review not checked,True,True,True,True,True,unknown,no,no,downstream_all_samples,not_unbiased_evaluation,https://doi.org/10.1016/j.jallcom.2019.153284
10.1016_j.jallcom.2017.06.296__sample_2753,130,A,observed ZT >= threshold; ML predicted ZT >= threshold; fitting predicted ZT >= threshold; low thermal conductivity; high observed electrical conductivity; high ML predicted electrical conductivity; low kappa and high sigma; balanced recommended candidate,downstream ML prediction is not unbiased evaluation; toxicity attention element detected; rare metal attention element detected; structure unknown; additive unknown; sintering unknown,10.1016/j.jallcom.2017.06.296,,2753,PbTe0.997I0.003,unknown,n,n,,,,,1.004167,1.5605755028454422,1.2935281508532015,1.022641596030074,1.004167,1.590830983704421,1.2935281508532015,1.022641596030074,1.004167,1.5605755028454422,1.2935281508532015,1.022641596030074,70634.92,49206.350000000006,81050.2330851662,50271.59706723165,1.297078,2.433442,0.000244043,0.000240433,1.004167,1.590830983704421,1.022641596030074,299.166,819.99,520.8240000000001,10,True,True,True,True,True,True,True,I;Pb;Te,False,Te,True,Pb;Te,True,False,False,False,True,True,True,False,,True,True,,,,,,,,,no,,,no,unknown,not_evaluated,not_evaluable,missing_additive_or_structure_annotation; possible_sintering_or_microstructure_effect,not_evaluable,candidate hypothesis only; no causal mechanism proven,0.2973852460936317,0.3516563802411938,0.054271134147562,0.3828223855975146,0.5306718840629686,0.1478494984654539,,,,True,True,True,True,60.0,B,observed high ZT; missing sintering info for high-ZT/error sample; manual review not checked,False,False,True,True,False,unknown,no,no,downstream_all_samples,not_unbiased_evaluation,https://doi.org/10.1016/j.jallcom.2017.06.296
10.1016_j.jallcom.2018.08.291__sample_41606,130,A,observed ZT >= threshold; ML predicted ZT >= threshold; fitting predicted ZT >= threshold; low thermal conductivity; high observed electrical conductivity; high ML predicted electrical conductivity; low kappa and high sigma; balanced recommended candidate,downstream ML prediction is not unbiased evaluation; toxicity attention element detected; rare metal attention element detected; structure unknown; additive unknown; sintering unknown,10.1016/j.jallcom.2018.08.291,,41606,Cu2Se0.97I0.03,unknown,p,p,,,,,1.138246,1.0908321047685343,1.6989722247496866,1.1362875505998096,1.138246,0.5780963645587722,1.6989722247496866,1.1362875505998096,1.138246,1.0908321047685343,1.6989722247496866,1.1362875505998096,64011.36,46352.27,17725.51969096363,14497.549976376777,0.6923859,0.9456677,0.0002148376,0.0001693729,1.138246,0.5780963645587722,1.1362875505998096,373.998,774.62,400.622,9,True,True,True,True,True,True,True,Cu;I;Se,False,Se,True,Se,True,False,False,False,True,True,True,False,,True,True,,,,,,,,,no,,,no,unknown,ML_better_than_fitting,material_system_out_of_distribution,missing_additive_or_structure_annotation; possible_sintering_or_microstructure_effect; tau_eff_ML_prediction_error,both_good,candidate hypothesis only; no causal mechanism proven,0.2701810088033509,0.5189605459994715,0.2487795371961206,0.2810324621748547,0.2680396618196294,-0.0129928003552252,0.416110209317807,0.1756201268541393,-0.2404900824636677,True,True,True,True,60.0,B,observed high ZT; missing sintering info for high-ZT/error sample; manual review not checked,False,False,True,True,False,unknown,no,no,downstream_all_samples,not_unbiased_evaluation,https://doi.org/10.1016/j.jallcom.2018.08.291
10.1016_j.mtphys.2021.100444__sample_45585,130,A,observed ZT >= threshold; ML predicted ZT >= threshold; fitting predicted ZT >= threshold; low thermal conductivity; high observed electrical conductivity; high ML predicted electrical conductivity; low kappa and high sigma; balanced recommended candidate,downstream ML prediction is not unbiased evaluation; toxicity attention element detected; rare metal attention element detected; structure unknown; additive unknown; sintering unknown,10.1016/j.mtphys.2021.100444,,45585,(Ge0.9Sb0.1Te)0.995(FeTe2)0.005,unknown,p,p,,,,,1.801592,1.322548475960904,1.387183482555912,1.7423958318713129,1.801592,1.588152935360108,1.387183482555912,1.7423958318713129,1.801592,1.322548475960904,1.387183482555912,1.7423958318713129,74986.37,66189.45,112605.0075201284,71408.32023326802,1.447312,1.473118,0.00024,0.0002029167,1.801592,1.588152935360108,1.7423958318713129,301.073,770.631,469.558,11,True,True,True,True,True,True,True,Fe;Ge;Sb;Te,False,Ge;Sb;Te,True,Sb;Te,True,False,False,False,True,True,True,False,,True,True,,,,,,,,,no,,,no,unknown,ML_close_to_fitting,material_system_out_of_distribution,missing_additive_or_structure_annotation; possible_sintering_or_microstructure_effect; tau_eff_ML_prediction_error,both_good,candidate hypothesis only; no causal mechanism proven,0.1833739408626492,0.189480109939169,0.0061061690765198,0.1426927406140973,0.1232132184539277,-0.0194795221601695,0.1981631703751173,0.1889298728444374,-0.0092332975306798,True,True,True,True,60.0,B,observed high ZT; missing sintering info for high-ZT/error sample; manual review not checked,False,False,True,True,False,unknown,no,no,downstream_all_samples,not_unbiased_evaluation,https://doi.org/10.1016/j.mtphys.2021.100444
10.1016_j.mtphys.2021.100444__sample_45587,130,A,observed ZT >= threshold; ML predicted ZT >= threshold; fitting predicted ZT >= threshold; low thermal conductivity; high observed electrical conductivity; high ML predicted electrical conductivity; low kappa and high sigma; balanced recommended candidate,downstream ML prediction is not unbiased evaluation; toxicity attention element detected; rare metal attention element detected; structure unknown; additive unknown; sintering unknown,10.1016/j.mtphys.2021.100444,,45587,(Ge0.9Sb0.1Te)0.985(FeTe2)0.015,unknown,p,p,,,,,1.928685,1.4329788027243235,1.7942304726698377,1.903948050434088,1.928685,1.7207607382420982,1.7942304726698377,1.903948050434088,1.928685,1.4329788027243235,1.7942304726698377,1.903948050434088,87717.54,77329.43,112605.0075201284,71408.32023326802,1.45491,1.4720595,0.0002287274,0.0002124726,1.928685,1.7207607382420982,1.903948050434088,301.041,772.12,471.079,11,True,True,True,True,True,True,True,Fe;Ge;Sb;Te,False,Ge;Sb;Te,True,Sb;Te,True,False,False,False,True,True,True,False,,True,True,,,,,,,,,no,,,no,unknown,ML_moderately_worse,material_system_out_of_distribution,missing_additive_or_structure_annotation; possible_sintering_or_microstructure_effect,both_good,candidate hypothesis only; no causal mechanism proven,0.1968676390077764,0.2988332139268457,0.1019655749190693,0.1443461194596215,0.2472860010478869,0.1029398815882653,0.1337003779008015,0.3081217746630727,0.1744213967622711,True,True,True,True,60.0,B,observed high ZT; missing sintering info for high-ZT/error sample; manual review not checked,False,False,True,True,False,unknown,no,no,downstream_all_samples,not_unbiased_evaluation,https://doi.org/10.1016/j.mtphys.2021.100444
10.1016_j.scriptamat.2019.09.009__sample_35186,130,A,observed ZT >= threshold; ML predicted ZT >= threshold; fitting predicted ZT >= threshold; low thermal conductivity; high observed electrical conductivity; high ML predicted electrical conductivity; low kappa and high sigma; balanced recommended candidate,downstream ML prediction is not unbiased evaluation; toxicity attention element detected; rare metal attention element detected; structure unknown; additive unknown; sintering unknown,10.1016/j.scriptamat.2019.09.009,,35186,Cu2Se,unknown,p,p,,,,,1.606796,2.4268696019774096,1.7328557539339684,1.5780691265454054,1.606796,4.857938758853416,1.7328557539339684,1.5780691265454054,1.606796,2.4268696019774096,1.7328557539339684,1.5780691265454054,39311.13,24998.37,98832.73929134678,67523.0335208499,0.4951087,0.5266304,0.0002623588,0.0001356336,1.606796,4.857938758853416,1.5780691265454054,324.356,874.177,549.821,12,True,True,True,True,True,True,True,Cu;Se,False,Se,True,Se,True,False,False,False,True,True,True,False,,True,True,,,,,,,,,no,,,no,unknown,ML_moderately_worse,material_system_out_of_distribution,missing_additive_or_structure_annotation; possible_sintering_or_microstructure_effect; tau_eff_ML_prediction_error,both_good,candidate hypothesis only; no causal mechanism proven,0.2045419950296682,0.3940721209372425,0.1895301259075743,0.1686594332564426,0.3436215407103794,0.1749621074539368,0.1509249939736568,0.425559212093366,0.2746342181197092,True,True,True,True,60.0,B,observed high ZT; missing sintering info for high-ZT/error sample; manual review not checked,False,False,True,True,False,unknown,no,no,downstream_all_samples,not_unbiased_evaluation,https://doi.org/10.1016/j.scriptamat.2019.09.009
10.1016_j.mtphys.2021.100444__sample_45588,130,A,observed ZT >= threshold; ML predicted ZT >= threshold; fitting predicted ZT >= threshold; low thermal conductivity; high observed electrical conductivity; high ML predicted electrical conductivity; low kappa and high sigma; balanced recommended candidate,downstream ML prediction is not unbiased evaluation; toxicity attention element detected; rare metal attention element detected; structure unknown; additive unknown; sintering unknown,10.1016/j.mtphys.2021.100444,,45588,(Ge0.9Sb0.1Te)0.98(FeTe2)0.02,unknown,p,p,,,,,1.826325,1.161836730536297,1.6282647710276823,1.81411460127406,1.826325,1.3951658087011074,1.6282647710276823,1.81411460127406,1.826325,1.161836730536297,1.6282647710276823,1.81411460127406,96697.88,88483.37,112605.0075201284,71408.32023326802,1.412733,1.4958095,0.0002136224,0.0001927448,1.826325,1.3951658087011074,1.81411460127406,303.564,772.637,469.0729999999999,11,True,True,True,True,True,True,True,Fe;Ge;Sb;Te,False,Ge;Sb;Te,True,Sb;Te,True,False,False,False,True,True,True,False,,True,True,,,,,,,,,no,,,no,unknown,ML_moderately_worse,material_system_out_of_distribution,missing_additive_or_structure_annotation; possible_sintering_or_microstructure_effect,both_good,candidate hypothesis only; no causal mechanism proven,0.1894932826407582,0.3870691925245708,0.1975759098838126,0.134520551071212,0.3468280160834856,0.2123074650122735,0.1431581472522749,0.359104332923655,0.2159461856713801,True,True,True,True,60.0,B,observed high ZT; missing sintering info for high-ZT/error sample; manual review not checked,False,False,True,True,False,unknown,no,no,downstream_all_samples,not_unbiased_evaluation,https://doi.org/10.1016/j.mtphys.2021.100444
10.1016_j.scriptamat.2019.09.009__sample_35185,130,A,observed ZT >= threshold; ML predicted ZT >= threshold; fitting predicted ZT >= threshold; low thermal conductivity; high observed electrical conductivity; high ML predicted electrical conductivity; low kappa and high sigma; balanced recommended candidate,downstream ML prediction is not unbiased evaluation; toxicity attention element detected; rare metal attention element detected; structure unknown; additive unknown; sintering unknown,10.1016/j.scriptamat.2019.09.009,,35185,Cu2Se,unknown,p,p,,,,,1.56068,2.4678981093674763,1.684580257750521,1.5400367621762263,1.56068,4.940066771048925,1.684580257750521,1.5400367621762263,1.56068,2.4678981093674763,1.684580257750521,1.5400367621762263,37792.9,23689.275,98832.73929134678,67523.0335208499,0.5434783,0.58097825,0.0002771016,0.0001331242,1.56068,4.940066771048925,1.5400367621762263,322.182,874.732,552.55,12,True,True,True,True,True,True,True,Cu;Se,False,Se,True,Se,True,False,False,False,True,True,True,False,,True,True,,,,,,,,,no,,,no,unknown,ML_moderately_worse,material_system_out_of_distribution,missing_additive_or_structure_annotation; possible_sintering_or_microstructure_effect; tau_eff_ML_prediction_error,both_good,candidate hypothesis only; no causal mechanism proven,0.2047285442558375,0.4332706999112563,0.2285421556554188,0.1930576108202481,0.4771217259269125,0.2840641151066643,0.1692210493270999,0.40376785258871,0.2345468032616101,True,True,True,True,60.0,B,observed high ZT; missing sintering info for high-ZT/error sample; manual review not checked,False,False,True,True,False,unknown,no,no,downstream_all_samples,not_unbiased_evaluation,https://doi.org/10.1016/j.scriptamat.2019.09.009
10.1016_j.scriptamat.2019.09.009__sample_35184,130,A,observed ZT >= threshold; ML predicted ZT >= threshold; fitting predicted ZT >= threshold; low thermal conductivity; high observed electrical conductivity; high ML predicted electrical conductivity; low kappa and high sigma; balanced recommended candidate,downstream ML prediction is not unbiased evaluation; toxicity attention element detected; rare metal attention element detected; structure unknown; additive unknown; sintering unknown,10.1016/j.scriptamat.2019.09.009,,35184,Cu2Se,unknown,p,p,,,,,1.053398,1.603586283351396,1.1881956730437415,1.0553361965266437,1.053398,3.209947478311592,1.1881956730437415,1.0553361965266437,1.053398,1.603586283351396,1.1881956730437415,1.0553361965266437,41981.39,25364.93,98832.73929134678,67523.0335208499,0.5505435,0.7059783,0.0002397742,0.00016904015000000002,1.053398,3.209947478311592,1.0553361965266437,324.334,875.271,550.9369999999999,12,True,True,True,True,True,True,True,Cu;Se,False,Se,True,Se,True,False,False,False,True,True,True,False,,True,True,,,,,,,,,no,,,no,unknown,ML_close_to_fitting,material_system_out_of_distribution,missing_additive_or_structure_annotation; possible_sintering_or_microstructure_effect; tau_eff_ML_prediction_error,both_good,candidate hypothesis only; no causal mechanism proven,0.2142490601105127,0.3684924379237654,0.1542433778132527,0.2056803401845198,0.4608557877115412,0.2551754475270213,0.1740180132679057,0.2348543303626405,0.0608363170947347,True,True,True,True,60.0,B,observed high ZT; missing sintering info for high-ZT/error sample; manual review not checked,False,False,True,True,False,unknown,no,no,downstream_all_samples,not_unbiased_evaluation,https://doi.org/10.1016/j.scriptamat.2019.09.009
10.1016_j.scriptamat.2018.09.015__sample_41873,130,A,observed ZT >= threshold; ML predicted ZT >= threshold; fitting predicted ZT >= threshold; low thermal conductivity; high observed electrical conductivity; high ML predicted electrical conductivity; low kappa and high sigma; balanced recommended candidate,downstream ML prediction is not unbiased evaluation; toxicity attention element detected; rare metal attention element detected; structure unknown; additive unknown; sintering unknown,10.1016/j.scriptamat.2018.09.015,,41873,Co4Sb11.5Te0.5,unknown,n,n,,,,,1.200355,1.068724099058731,1.442332288318858,1.2058747547255857,1.200355,2.1322148930728195,1.442332288318858,1.2058747547255857,1.200355,1.068724099058731,1.442332288318858,1.2058747547255857,96021.96,75132.185,159714.0735631992,114317.11492824982,1.967256,2.0824369999999996,0.0002108997,0.00019396125,1.200355,2.1322148930728195,1.2058747547255857,300.492,799.806,499.314,20,True,True,True,True,True,True,True,Co;Sb;Te,False,Sb;Te,True,Sb;Te,True,False,False,False,True,True,True,False,,True,True,,,,,,,,,no,,,no,unknown,ML_moderately_worse,material_system_out_of_distribution,missing_additive_or_structure_annotation; possible_sintering_or_microstructure_effect,both_good,candidate hypothesis only; no causal mechanism proven,0.082943762697381,0.3110583137141048,0.2281145510167238,0.0682534022937904,0.2564354728116602,0.1881820705178698,0.0693142769979244,0.2505781750473443,0.1812638980494199,True,True,True,True,60.0,B,observed high ZT; missing sintering info for high-ZT/error sample; manual review not checked,False,False,True,True,False,unknown,no,no,downstream_all_samples,not_unbiased_evaluation,https://doi.org/10.1016/j.scriptamat.2018.09.015
10.1016_j.scriptamat.2018.05.026__sample_39769,130,A,observed ZT >= threshold; ML predicted ZT >= threshold; fitting predicted ZT >= threshold; low thermal conductivity; high observed electrical conductivity; high ML predicted electrical conductivity; low kappa and high sigma; balanced recommended candidate,downstream ML prediction is not unbiased evaluation; toxicity attention element detected; rare metal attention element detected; structure unknown; additive unknown; sintering unknown,10.1016/j.scriptamat.2018.05.026,,39769,Bi0.4Sb1.585Ge0.015Te3,unknown,p,p,,,,,1.336809,1.08277013010528,1.0827154779523036,1.3337704745247083,1.336809,0.9812876754692884,1.0827154779523036,1.3337704745247083,1.336809,1.08277013010528,1.0827154779523036,1.3337704745247083,122484.4,70407.07,92186.89219056642,67263.03107835745,1.08277,1.08277,0.0002128693,0.00020331525,1.336809,0.9812876754692884,1.3337704745247083,298.35,520.834,222.48399999999992,10,True,True,True,True,True,True,True,Bi;Ge;Sb;Te,False,Bi;Ge;Sb;Te,True,Sb;Te,True,False,False,False,True,True,True,False,,True,True,,,,,,,,,no,,,no,unknown,ML_close_to_fitting,material_system_out_of_distribution,missing_additive_or_structure_annotation; possible_sintering_or_microstructure_effect,both_good,candidate hypothesis only; no causal mechanism proven,0.1389460072319506,0.1389460164002304,9.16827980201873e-09,0.1255992145142434,0.1256156497628749,1.6435248631513355e-05,0.1900746644043362,0.190033781860176,-4.088254416020898e-05,True,True,True,True,60.0,B,observed high ZT; missing sintering info for high-ZT/error sample; manual review not checked,False,False,True,True,False,unknown,no,no,downstream_all_samples,not_unbiased_evaluation,https://doi.org/10.1016/j.scriptamat.2018.05.026
10.1016_j.scriptamat.2018.05.026__sample_39768,130,A,observed ZT >= threshold; ML predicted ZT >= threshold; fitting predicted ZT >= threshold; low thermal conductivity; high observed electrical conductivity; high ML predicted electrical conductivity; low kappa and high sigma; balanced recommended candidate,downstream ML prediction is not unbiased evaluation; toxicity attention element detected; rare metal attention element detected; structure unknown; additive unknown; sintering unknown,10.1016/j.scriptamat.2018.05.026,,39768,Bi0.4Sb1.59Ge0.01Te3,unknown,p,p,,,,,1.478817,1.505397821872251,1.3750328876279718,1.4779111451536402,1.478817,1.3643046554469669,1.3750328876279718,1.4779111451536402,1.478817,1.505397821872251,1.3750328876279718,1.4779111451536402,110860.5,64065.085,92186.89219056642,67263.03107835745,0.9617956,1.006083,0.0002244031,0.0002138455,1.478817,1.3643046554469669,1.4779111451536402,296.761,525.199,228.43799999999993,10,True,True,True,True,True,True,True,Bi;Ge;Sb;Te,False,Bi;Ge;Sb;Te,True,Sb;Te,True,False,False,False,True,True,True,False,,True,True,,,,,,,,,no,,,no,unknown,ML_close_to_fitting,material_system_out_of_distribution,missing_additive_or_structure_annotation; possible_sintering_or_microstructure_effect,both_good,candidate hypothesis only; no causal mechanism proven,0.1167080086770055,0.1477342673140954,0.0310262586370898,0.1054694348467144,0.1376457260393299,0.0321762911926155,0.0768697099495954,0.1211640561933623,0.0442943462437669,True,True,True,True,60.0,B,observed high ZT; missing sintering info for high-ZT/error sample; manual review not checked,False,False,True,True,False,unknown,no,no,downstream_all_samples,not_unbiased_evaluation,https://doi.org/10.1016/j.scriptamat.2018.05.026
10.1016_j.physb.2019.411797__sample_35161,130,A,observed ZT >= threshold; ML predicted ZT >= threshold; fitting predicted ZT >= threshold; low thermal conductivity; high observed electrical conductivity; high ML predicted electrical conductivity; low kappa and high sigma; balanced recommended candidate,downstream ML prediction is not unbiased evaluation; toxicity attention element detected; rare metal attention element detected; structure unknown; additive unknown; sintering unknown,10.1016/j.physb.2019.411797,,35161,Pb1.3Se,unknown,n,n,,,,,1.230895,1.3116214709687215,1.0247945170459687,0.5188901138367102,1.230895,1.4052832442544962,1.0247945170459687,0.5188901138367102,1.230895,1.3116214709687215,1.0247945170459687,0.5188901138367102,105930.2,27905.595,55510.5485528333,39990.60709158055,1.407054,1.5367215,0.0002768736,0.00023987740000000002,1.230895,1.4052832442544962,0.5188901138367102,299.82,688.528,388.708,14,True,True,True,True,True,True,True,Pb;Se,False,Se,True,Pb;Se,True,False,False,False,True,True,True,False,,True,True,,,,,,,,,no,,,no,unknown,ML_close_to_fitting,not_evaluable,missing_additive_or_structure_annotation; possible_sintering_or_microstructure_effect,not_evaluable,candidate hypothesis only; no causal mechanism proven,0.6020976642447419,0.6507057894900333,0.0486081252452914,0.5651293827021439,0.7588612763316233,0.1937318936294794,0.5443333811159111,0.5887103923410255,0.0443770112251143,True,True,True,True,60.0,B,observed high ZT; missing sintering info for high-ZT/error sample; manual review not checked,False,False,True,True,False,unknown,no,no,downstream_all_samples,not_unbiased_evaluation,https://doi.org/10.1016/j.physb.2019.411797
10.1016_j.nanoen.2020.104740__sample_33425,130,A,observed ZT >= threshold; ML predicted ZT >= threshold; fitting predicted ZT >= threshold; low thermal conductivity; high observed electrical conductivity; high ML predicted electrical conductivity; low kappa and high sigma; balanced recommended candidate,downstream ML prediction is not unbiased evaluation; toxicity attention element detected; rare metal attention element detected; structure unknown; additive unknown; sintering unknown,10.1016/j.nanoen.2020.104740,,33425,Ge0.89Ti0.03Sb0.08Te,unknown,p,p,,,,,2.185198,2.2223408802034865,1.9768637486760747,2.1601225779018645,2.185198,3.2170316784788144,1.9768637486760747,2.1601225779018645,2.185198,2.2223408802034865,1.9768637486760747,2.1601225779018645,64801.82,59541.35,146606.68974068286,88673.86095998512,1.180237,1.3168685,0.0002621748,0.0002555559,2.185198,3.2170316784788144,2.1601225779018645,299.831,774.572,474.741,13,True,True,True,True,True,True,True,Ge;Sb;Te;Ti,False,Ge;Sb;Te,True,Sb;Te,True,False,False,False,True,True,True,False,,True,True,,,,,,,,,no,,,no,unknown,ML_close_to_fitting,material_system_out_of_distribution,missing_additive_or_structure_annotation; possible_sintering_or_microstructure_effect,both_good,candidate hypothesis only; no causal mechanism proven,0.2454483328562144,0.2719291486677992,0.0264808158115847,0.2202334864606654,0.1926942527106378,-0.0275392337500275,0.2244956697650537,0.2040109802077134,-0.0204846895573403,True,True,True,True,60.0,B,observed high ZT; missing sintering info for high-ZT/error sample; manual review not checked,False,False,True,True,False,unknown,no,no,downstream_all_samples,not_unbiased_evaluation,https://doi.org/10.1016/j.nanoen.2020.104740
10.1016_j.nanoen.2020.104740__sample_33424,130,A,observed ZT >= threshold; ML predicted ZT >= threshold; fitting predicted ZT >= threshold; low thermal conductivity; high observed electrical conductivity; high ML predicted electrical conductivity; low kappa and high sigma; balanced recommended candidate,downstream ML prediction is not unbiased evaluation; toxicity attention element detected; rare metal attention element detected; structure unknown; additive unknown; sintering unknown,10.1016/j.nanoen.2020.104740,,33424,Ge0.91Ti0.03Sb0.06Te,unknown,p,p,,,,,1.958661,1.66547047834953,2.128261800731428,1.9262653517720565,1.958661,2.410913346439955,2.128261800731428,1.9262653517720565,1.958661,1.66547047834953,2.128261800731428,1.9262653517720565,115348.8,78139.53,146441.68685679548,88673.86095998512,1.475216,1.6014605,0.0002488387,0.0002374053,1.958661,2.410913346439955,1.9262653517720565,296.327,775.341,479.014,13,True,True,True,True,True,True,True,Ge;Sb;Te;Ti,False,Ge;Sb;Te,True,Sb;Te,True,False,False,False,True,True,True,False,,True,True,,,,,,,,,no,,,no,unknown,ML_moderately_worse,material_system_out_of_distribution,missing_additive_or_structure_annotation; possible_sintering_or_microstructure_effect,both_good,candidate hypothesis only; no causal mechanism proven,0.0725177063147661,0.2556967858055672,0.183179079490801,0.0470215588945581,0.2111046681366987,0.1640831092421406,0.1080148185365596,0.2501309307505329,0.1421161122139732,True,True,True,True,60.0,B,observed high ZT; missing sintering info for high-ZT/error sample; manual review not checked,False,False,True,True,False,unknown,no,no,downstream_all_samples,not_unbiased_evaluation,https://doi.org/10.1016/j.nanoen.2020.104740
10.1016_j.nanoen.2020.104740__sample_33423,130,A,observed ZT >= threshold; ML predicted ZT >= threshold; fitting predicted ZT >= threshold; low thermal conductivity; high observed electrical conductivity; high ML predicted electrical conductivity; low kappa and high sigma; balanced recommended candidate,downstream ML prediction is not unbiased evaluation; toxicity attention element detected; rare metal attention element detected; structure unknown; additive unknown; sintering unknown,10.1016/j.nanoen.2020.104740,,33423,Ge0.93Ti0.03Sb0.04Te,unknown,p,p,,,,,1.600878,1.355452512460341,2.261015823039628,1.719082483160949,1.600878,1.962135381705865,2.261015823039628,1.719082483160949,1.600878,1.355452512460341,2.261015823039628,1.719082483160949,193488.4,100465.1,146441.68685679548,88673.86095998512,1.697605,1.818016,0.0002306283,0.0001916721,1.600878,1.962135381705865,1.719082483160949,299.475,775.341,475.866,13,True,True,True,True,True,True,True,Ge;Sb;Te;Ti,False,Ge;Sb;Te,True,Sb;Te,True,False,False,False,True,True,True,False,,True,True,,,,,,,,,no,,,no,unknown,ML_moderately_worse,material_system_out_of_distribution,missing_additive_or_structure_annotation; possible_sintering_or_microstructure_effect,both_good,candidate hypothesis only; no causal mechanism proven,0.1961765557812619,0.5479967806828561,0.3518202249015941,0.1396570204352548,0.3954021920754595,0.2557451716402047,0.2050904535278388,0.3571523769627411,0.1520619234349023,True,True,True,True,60.0,B,observed high ZT; missing sintering info for high-ZT/error sample; manual review not checked,False,False,True,True,False,unknown,no,no,downstream_all_samples,not_unbiased_evaluation,https://doi.org/10.1016/j.nanoen.2020.104740
10.1016_j.nanoen.2015.07.012__sample_14067,130,A,observed ZT >= threshold; ML predicted ZT >= threshold; fitting predicted ZT >= threshold; low thermal conductivity; high observed electrical conductivity; high ML predicted electrical conductivity; low kappa and high sigma; balanced recommended candidate,downstream ML prediction is not unbiased evaluation; toxicity attention element detected; rare metal attention element detected; structure unknown; additive unknown; sintering unknown,10.1016/j.nanoen.2015.07.012,,14067,Cu2Se,unknown,p,p,,,,,1.822264,3.9737412958220326,3.5572309907434425,1.9175615389338163,1.822264,7.954358916894929,3.5572309907434425,1.9175615389338163,1.822264,3.9737412958220326,3.5572309907434425,1.9175615389338163,66840.65,37458.71,115903.85121363366,84908.67377787369,0.3885842,0.4980491,0.0002963977,0.0001606148,1.822264,7.954358916894929,1.9175615389338163,300.891,854.094,553.203,21,True,True,True,True,True,True,True,Cu;Se,False,Se,True,Se,True,False,False,False,True,True,True,False,,True,True,,,,,,,,,no,,,no,unknown,ML_close_to_fitting,material_system_out_of_distribution,missing_additive_or_structure_annotation; possible_sintering_or_microstructure_effect,both_good,candidate hypothesis only; no causal mechanism proven,0.3594884934523017,0.3761544072869378,0.016665913834636,0.341252034180563,0.3994351863018086,0.0581831521212456,0.3542926318643129,0.4216222362320974,0.0673296043677845,True,True,True,True,60.0,B,observed high ZT; missing sintering info for high-ZT/error sample; manual review not checked,False,False,True,True,False,unknown,no,no,downstream_all_samples,not_unbiased_evaluation,https://doi.org/10.1016/j.nanoen.2015.07.012
10.1016_j.ceramint.2020.03.029__sample_33351,130,A,observed ZT >= threshold; ML predicted ZT >= threshold; fitting predicted ZT >= threshold; low thermal conductivity; high observed electrical conductivity; high ML predicted electrical conductivity; low kappa and high sigma; balanced recommended candidate,downstream ML prediction is not unbiased evaluation; toxicity attention element detected; rare metal attention element detected; structure unknown; additive unknown; sintering unknown,10.1016/j.ceramint.2020.03.029,,33351,Bi2Te3,unknown,n,n,,,,,1.019663,1.00477947603541,1.4188376594127925,1.2362106580037722,1.019663,1.0070647289654149,1.4188376594127925,1.2362106580037722,1.019663,1.00477947603541,1.4188376594127925,1.2362106580037722,90417.98,75147.78,57275.771899732514,53765.49327463761,0.9783304,1.064901,0.0002129407,0.0002110822,1.019663,1.0070647289654149,1.2362106580037722,317.664,430.283,112.61900000000003,5,True,True,True,True,True,True,True,Bi;Te,False,Bi;Te,True,Te,True,False,False,False,True,True,True,False,,True,True,,,,,,,,,no,,,no,unknown,ML_close_to_fitting,material_system_out_of_distribution,missing_additive_or_structure_annotation; possible_sintering_or_microstructure_effect,both_good,candidate hypothesis only; no causal mechanism proven,0.1104503092930062,0.3623154758240467,0.2518651665310404,0.0850969784909534,0.2875951721112817,0.2024981936203282,0.2075277530935428,0.1483885014454146,-0.0591392516481281,True,True,True,True,60.0,B,observed high ZT; missing sintering info for high-ZT/error sample; manual review not checked,False,False,True,True,False,unknown,no,no,downstream_all_samples,not_unbiased_evaluation,https://doi.org/10.1016/j.ceramint.2020.03.029
10.1016_j.mtphys.2021.100497__sample_45600,130,A,observed ZT >= threshold; ML predicted ZT >= threshold; fitting predicted ZT >= threshold; low thermal conductivity; high observed electrical conductivity; high ML predicted electrical conductivity; low kappa and high sigma; balanced recommended candidate,downstream ML prediction is not unbiased evaluation; toxicity attention element detected; rare metal attention element detected; structure unknown; additive unknown; sintering unknown,10.1016/j.mtphys.2021.100497,,45600,Ge0.72Al0.04Pb0.1Sb0.1Te,unknown,p,p,,,,,1.114168,1.135161177476659,1.4043345125410471,1.6365086724767142,1.114168,0.7163038113185891,1.4043345125410471,1.6365086724767142,1.114168,1.135161177476659,1.4043345125410471,1.6365086724767142,99775.84,85494.73,65334.30855525351,41431.66747445696,1.062154,1.1444649999999998,0.0001878234,0.0001496005,1.114168,0.7163038113185891,1.6365086724767142,298.991,772.998,474.00700000000006,11,True,True,True,True,True,True,True,Al;Ge;Pb;Sb;Te,False,Ge;Sb;Te,True,Pb;Sb;Te,True,False,False,False,True,True,True,False,,True,True,,,,,,,,,no,,,no,unknown,ML_close_to_fitting,material_system_out_of_distribution,missing_additive_or_structure_annotation; possible_sintering_or_microstructure_effect,both_good,candidate hypothesis only; no causal mechanism proven,0.2485975360802577,0.3272305688622569,0.0786330327819992,0.2419020146288428,0.2185380036971902,-0.0233640109316525,0.2830906357718096,0.2502305423940745,-0.0328600933777351,True,True,True,True,60.0,B,observed high ZT; missing sintering info for high-ZT/error sample; manual review not checked,False,False,True,True,False,unknown,no,no,downstream_all_samples,not_unbiased_evaluation,https://doi.org/10.1016/j.mtphys.2021.100497
10.1016_j.mtphys.2021.100497__sample_45599,130,A,observed ZT >= threshold; ML predicted ZT >= threshold; fitting predicted ZT >= threshold; low thermal conductivity; high observed electrical conductivity; high ML predicted electrical conductivity; low kappa and high sigma; balanced recommended candidate,downstream ML prediction is not unbiased evaluation; toxicity attention element detected; rare metal attention element detected; structure unknown; additive unknown; sintering unknown,10.1016/j.mtphys.2021.100497,,45599,Ge0.73Al0.03Pb0.1Sb0.1Te,unknown,p,p,,,,,2.069919,1.5396498653687234,1.5735048539443552,1.919464834759256,2.069919,0.97154226954035,1.5735048539443552,1.919464834759256,2.069919,1.5396498653687234,1.5735048539443552,1.919464834759256,84940.42,68773.12,65334.30855525351,41431.66747445696,1.034771,1.100139,0.000213889,0.00019937365,2.069919,0.97154226954035,1.919464834759256,299.866,772.123,472.25700000000006,11,True,True,True,True,True,True,True,Al;Ge;Pb;Sb;Te,False,Ge;Sb;Te,True,Pb;Sb;Te,True,False,False,False,True,True,True,False,,True,True,,,,,,,,,no,,,no,unknown,ML_close_to_fitting,material_system_out_of_distribution,missing_additive_or_structure_annotation; possible_sintering_or_microstructure_effect,both_good,candidate hypothesis only; no causal mechanism proven,0.2787769963494015,0.279624207806615,0.0008472114572135,0.279280439893439,0.2732715381234283,-0.0060089017700107,0.3372680617891638,0.3324021467191771,-0.0048659150699866,True,True,True,True,60.0,B,observed high ZT; missing sintering info for high-ZT/error sample; manual review not checked,False,False,True,True,False,unknown,no,no,downstream_all_samples,not_unbiased_evaluation,https://doi.org/10.1016/j.mtphys.2021.100497
10.1016_j.mtphys.2021.100497__sample_45598,130,A,observed ZT >= threshold; ML predicted ZT >= threshold; fitting predicted ZT >= threshold; low thermal conductivity; high observed electrical conductivity; high ML predicted electrical conductivity; low kappa and high sigma; balanced recommended candidate,downstream ML prediction is not unbiased evaluation; toxicity attention element detected; rare metal attention element detected; structure unknown; additive unknown; sintering unknown,10.1016/j.mtphys.2021.100497,,45598,Ge0.74Al0.02Pb0.1Sb0.1Te,unknown,p,p,,,,,2.22971,2.257687331665966,1.852100112319748,2.257485731723264,2.22971,1.424634732516898,1.852100112319748,2.257485731723264,2.22971,2.257687331665966,1.852100112319748,2.257485731723264,77719.03,53622.06,65407.92385947319,41431.66747445696,0.860474,0.9244269,0.0002370643,0.00021942860000000002,2.22971,1.424634732516898,2.257485731723264,299.866,772.123,472.25700000000006,11,True,True,True,True,True,True,True,Al;Ge;Pb;Sb;Te,False,Ge;Sb;Te,True,Pb;Sb;Te,True,False,False,False,True,True,True,False,,True,True,,,,,,,,,no,,,no,unknown,ML_moderately_worse,material_system_out_of_distribution,missing_additive_or_structure_annotation; possible_sintering_or_microstructure_effect,both_good,candidate hypothesis only; no causal mechanism proven,0.343533258822628,0.3965190218005622,0.0529857629779342,0.321911498592587,0.4414586896215689,0.1195471910289819,0.3148891755109723,0.432972267119974,0.1180830916090017,True,True,True,True,60.0,B,observed high ZT; missing sintering info for high-ZT/error sample; manual review not checked,False,False,True,True,False,unknown,no,no,downstream_all_samples,not_unbiased_evaluation,https://doi.org/10.1016/j.mtphys.2021.100497
10.1016_j.mtphys.2021.100497__sample_45597,130,A,observed ZT >= threshold; ML predicted ZT >= threshold; fitting predicted ZT >= threshold; low thermal conductivity; high observed electrical conductivity; high ML predicted electrical conductivity; low kappa and high sigma; balanced recommended candidate,downstream ML prediction is not unbiased evaluation; toxicity attention element detected; rare metal attention element detected; structure unknown; additive unknown; sintering unknown,10.1016/j.mtphys.2021.100497,,45597,Ge0.745Al0.015Pb0.1Sb0.1Te,unknown,p,p,,,,,2.156121,3.463022729784889,1.6525942245025231,2.141363964284315,2.156121,2.1852195346760133,1.6525942245025231,2.141363964284315,2.156121,3.463022729784889,1.6525942245025231,2.141363964284315,53622.06,27696.64,65407.92385947319,41432.481073930016,0.8013176,0.8431352999999999,0.0002828798,0.00025706655,2.156121,2.1852195346760133,2.141363964284315,299.866,772.998,473.13200000000006,11,True,True,True,True,True,True,True,Al;Ge;Pb;Sb;Te,False,Ge;Sb;Te,True,Pb;Sb;Te,True,False,False,False,True,True,True,False,,True,True,,,,,,,,,no,,,no,unknown,ML_much_worse,tau_eff_ML_prediction_error,missing_additive_or_structure_annotation; possible_sintering_or_microstructure_effect,fitting_good_ML_bad,candidate hypothesis only; no causal mechanism proven,0.4762634301227748,0.8798433179280608,0.403579887805286,0.4488605459787739,1.244074536974748,0.7952139909959742,0.3669533687497635,1.3362876568480078,0.9693342880982444,True,True,True,True,120.0,A,ML much worse than fitting; observed high ZT; missing additive info and ML bad; missing structure info and ML bad; missing sintering info for high-ZT/error sample; manual review not checked,True,True,True,True,True,unknown,no,no,downstream_all_samples,not_unbiased_evaluation,https://doi.org/10.1016/j.mtphys.2021.100497
10.1016_j.mtphys.2021.100497__sample_45592,130,A,observed ZT >= threshold; ML predicted ZT >= threshold; fitting predicted ZT >= threshold; low thermal conductivity; high observed electrical conductivity; high ML predicted electrical conductivity; low kappa and high sigma; balanced recommended candidate,downstream ML prediction is not unbiased evaluation; toxicity attention element detected; rare metal attention element detected; structure unknown; additive unknown; sintering unknown,10.1016/j.mtphys.2021.100497,,45592,Ge0.87Al0.03Sb0.1Te,unknown,p,p,,,,,2.059835,1.4884978514106773,1.9738012272711585,2.0737983996146503,2.059835,2.1547300794364825,1.9738012272711585,2.0737983996146503,2.059835,1.4884978514106773,1.9738012272711585,2.0737983996146503,106178.3,88337.35,146441.68685679548,92865.80677773828,1.440281,1.4755150000000001,0.0002201471,0.000195618,2.059835,2.1547300794364825,2.0737983996146503,299.942,772.764,472.822,11,True,True,True,True,True,True,True,Al;Ge;Sb;Te,False,Ge;Sb;Te,True,Sb;Te,True,False,False,False,True,True,True,False,,True,True,,,,,,,,,no,,,no,unknown,ML_close_to_fitting,material_system_out_of_distribution,missing_additive_or_structure_annotation; possible_sintering_or_microstructure_effect,both_good,candidate hypothesis only; no causal mechanism proven,0.2098043998014451,0.3516407500145806,0.1418363502131355,0.1883726031672321,0.2367620240001532,0.0483894208329211,0.2038001835529272,0.2806146805351295,0.0768144969822023,True,True,True,True,60.0,B,observed high ZT; missing sintering info for high-ZT/error sample; manual review not checked,False,False,True,True,False,unknown,no,no,downstream_all_samples,not_unbiased_evaluation,https://doi.org/10.1016/j.mtphys.2021.100497
10.1016_j.mtphys.2021.100497__sample_45591,130,A,observed ZT >= threshold; ML predicted ZT >= threshold; fitting predicted ZT >= threshold; low thermal conductivity; high observed electrical conductivity; high ML predicted electrical conductivity; low kappa and high sigma; balanced recommended candidate,downstream ML prediction is not unbiased evaluation; toxicity attention element detected; rare metal attention element detected; structure unknown; additive unknown; sintering unknown,10.1016/j.mtphys.2021.100497,,45591,Ge0.88Al0.02Sb0.1Te,unknown,p,p,,,,,1.84663,1.8074239630651143,1.8938734815880467,1.8897921563249789,1.84663,2.616403359816606,1.8938734815880467,1.8897921563249789,1.84663,1.8074239630651143,1.8938734815880467,1.8897921563249789,85750.36,68952.24,146441.68685679548,92865.80677773828,1.316151,1.398046,0.0002351514,0.00021520085,1.84663,2.616403359816606,1.8897921563249789,300.816,772.764,471.94800000000004,11,True,True,True,True,True,True,True,Al;Ge;Sb;Te,False,Ge;Sb;Te,True,Sb;Te,True,False,False,False,True,True,True,False,,True,True,,,,,,,,,no,,,no,unknown,ML_close_to_fitting,material_system_out_of_distribution,missing_additive_or_structure_annotation; possible_sintering_or_microstructure_effect,both_good,candidate hypothesis only; no causal mechanism proven,0.1731222668571174,0.1793159945538694,0.0061937276967519,0.1445464694700412,0.1375361489458741,-0.007010320524167,0.1452175265036145,0.1381338373993811,-0.0070836891042333,True,True,True,True,60.0,B,observed high ZT; missing sintering info for high-ZT/error sample; manual review not checked,False,False,True,True,False,unknown,no,no,downstream_all_samples,not_unbiased_evaluation,https://doi.org/10.1016/j.mtphys.2021.100497
10.1016_j.mtphys.2021.100497__sample_45590,130,A,observed ZT >= threshold; ML predicted ZT >= threshold; fitting predicted ZT >= threshold; low thermal conductivity; high observed electrical conductivity; high ML predicted electrical conductivity; low kappa and high sigma; balanced recommended candidate,downstream ML prediction is not unbiased evaluation; toxicity attention element detected; rare metal attention element detected; structure unknown; additive unknown; sintering unknown,10.1016/j.mtphys.2021.100497,,45590,Ge0.89Al0.01Sb0.1Te,unknown,p,p,,,,,1.81912,1.522367354440434,1.4523007361448117,1.8117834557154529,1.81912,2.203759130358267,1.4523007361448117,1.8117834557154529,1.81912,1.522367354440434,1.4523007361448117,1.8117834557154529,74525.78,64741.09,146441.68685679548,92865.80677773828,1.326575,1.415342,0.0002313635,0.0002156261,1.81912,2.203759130358267,1.8117834557154529,299.942,773.224,473.28200000000004,11,True,True,True,True,True,True,True,Al;Ge;Sb;Te,False,Ge;Sb;Te,True,Sb;Te,True,False,False,False,True,True,True,False,,True,True,,,,,,,,,no,,,no,unknown,ML_close_to_fitting,material_system_out_of_distribution,missing_additive_or_structure_annotation; possible_sintering_or_microstructure_effect,both_good,candidate hypothesis only; no causal mechanism proven,0.1977497969202449,0.2032856328067243,0.0055358358864794,0.1978738205301564,0.2170693441700542,0.0191955236398977,0.1970884321938045,0.2119575975272561,0.0148691653334515,True,True,True,True,60.0,B,observed high ZT; missing sintering info for high-ZT/error sample; manual review not checked,False,False,True,True,False,unknown,no,no,downstream_all_samples,not_unbiased_evaluation,https://doi.org/10.1016/j.mtphys.2021.100497
10.1016_j.mtphys.2021.100497__sample_45589,130,A,observed ZT >= threshold; ML predicted ZT >= threshold; fitting predicted ZT >= threshold; low thermal conductivity; high observed electrical conductivity; high ML predicted electrical conductivity; low kappa and high sigma; balanced recommended candidate,downstream ML prediction is not unbiased evaluation; toxicity attention element detected; rare metal attention element detected; structure unknown; additive unknown; sintering unknown,10.1016/j.mtphys.2021.100497,,45589,Ge0.9Sb0.1Te,unknown,p,p,,,,,1.746905,1.790672337227558,1.5902346471833972,1.7378535092895593,1.746905,1.3884358339295049,1.5902346471833972,1.7378535092895593,1.746905,1.790672337227558,1.5902346471833972,1.7378535092895593,69629.11,60506.44,79494.1234075557,50411.095793719214,1.361096,1.437534,0.0002345758,0.0002114396,1.746905,1.3884358339295049,1.7378535092895593,299.068,773.224,474.15600000000006,11,True,True,True,True,True,True,True,Ge;Sb;Te,False,Ge;Sb;Te,True,Sb;Te,True,False,False,False,True,True,True,False,,True,True,,,,,,,,,no,,,no,unknown,ML_close_to_fitting,material_system_out_of_distribution,missing_additive_or_structure_annotation; possible_sintering_or_microstructure_effect,both_good,candidate hypothesis only; no causal mechanism proven,0.2056881164177633,0.237485924468793,0.0317978080510297,0.1921113273128173,0.238471961097141,0.0463606337843237,0.1837022892176771,0.2053502382318881,0.0216479490142109,True,True,True,True,60.0,B,observed high ZT; missing sintering info for high-ZT/error sample; manual review not checked,False,False,True,True,False,unknown,no,no,downstream_all_samples,not_unbiased_evaluation,https://doi.org/10.1016/j.mtphys.2021.100497
10.1039_c6ra06688g__sample_9077,130,A,observed ZT >= threshold; ML predicted ZT >= threshold; fitting predicted ZT >= threshold; low thermal conductivity; high observed electrical conductivity; high ML predicted electrical conductivity; low kappa and high sigma; balanced recommended candidate,downstream ML prediction is not unbiased evaluation; toxicity attention element detected; rare metal attention element detected; structure unknown; additive unknown; sintering unknown,10.1039/c6ra06688g,,9077,Bi0.4Sb1.6Te3,unknown,p,p,,,,,1.089128,1.0755775729156052,1.0275891547569511,1.086740714380395,1.089128,0.8861729442371098,1.0275891547569511,1.086740714380395,1.089128,1.0755775729156052,1.0275891547569511,1.086740714380395,76348.43,51986.025,61342.81348641334,45194.55059773344,1.16119,1.242493,0.0002457823,0.00023431949999999998,1.089128,0.8861729442371098,1.086740714380395,296.532,469.737,173.20500000000004,8,True,True,True,True,True,True,True,Bi;Sb;Te,False,Bi;Sb;Te,True,Sb;Te,True,False,False,False,True,True,True,False,,True,True,,,,,,,,,no,,,no,unknown,ML_close_to_fitting,material_system_out_of_distribution,missing_additive_or_structure_annotation; possible_sintering_or_microstructure_effect,both_good,candidate hypothesis only; no causal mechanism proven,0.058768754080235,0.0744109647965151,0.0156422107162801,0.0529551005781995,0.0636157060458326,0.010660605467633,0.0544448295550779,0.0631602267972021,0.0087153972421241,True,True,True,True,60.0,B,observed high ZT; missing sintering info for high-ZT/error sample; manual review not checked,False,False,True,True,False,unknown,no,no,downstream_all_samples,not_unbiased_evaluation,https://doi.org/10.1039/c6ra06688g
10.1016_j.jallcom.2017.06.296__sample_2771,130,A,observed ZT >= threshold; ML predicted ZT >= threshold; fitting predicted ZT >= threshold; low thermal conductivity; high observed electrical conductivity; high ML predicted electrical conductivity; low kappa and high sigma; balanced recommended candidate,downstream ML prediction is not unbiased evaluation; toxicity attention element detected; rare metal attention element detected; structure unknown; additive unknown; sintering unknown,10.1016/j.jallcom.2017.06.296,,2771,Pb0.995Sn0.005Te0.847Se0.15I0.003,unknown,n,n,,,,,1.200913,1.948023434789801,2.1719253524490134,1.2648393486899487,1.200913,2.3718019569167983,2.1719253524490134,1.2648393486899487,1.200913,1.948023434789801,2.1719253524490134,1.2648393486899487,188229.9,64516.13,107899.78899047384,67197.26081476342,1.034454,1.173084,0.0002329749,0.0001657706,1.200913,2.3718019569167983,1.2648393486899487,296.482,826.636,530.154,19,True,True,True,True,True,True,True,I;Pb;Se;Sn;Te,False,Se;Te,True,Pb;Se;Te,True,False,False,False,True,True,True,False,,True,True,,,,,,,,,no,,,no,unknown,ML_close_to_fitting,material_system_out_of_distribution,missing_additive_or_structure_annotation; possible_sintering_or_microstructure_effect; tau_eff_ML_prediction_error,both_good,candidate hypothesis only; no causal mechanism proven,0.510878772884668,0.5223354277073822,0.0114566548227141,0.3935331142558537,0.3918426603775541,-0.0016904538782995,0.4591451158129696,0.4633568107061235,0.0042116948931539,True,True,True,True,60.0,B,observed high ZT; missing sintering info for high-ZT/error sample; manual review not checked,False,False,True,True,False,unknown,no,no,downstream_all_samples,not_unbiased_evaluation,https://doi.org/10.1016/j.jallcom.2017.06.296
10.1039_c6ra06688g__sample_9081,130,A,observed ZT >= threshold; ML predicted ZT >= threshold; fitting predicted ZT >= threshold; low thermal conductivity; high observed electrical conductivity; high ML predicted electrical conductivity; low kappa and high sigma; balanced recommended candidate,downstream ML prediction is not unbiased evaluation; toxicity attention element detected; rare metal attention element detected; structure unknown; additive unknown; sintering unknown,10.1039/c6ra06688g,,9081,Bi0.4Sb1.6Te3,unknown,p,p,,,,,1.183109,1.1076594186450817,1.086974408622838,1.1777233007959262,1.183109,0.9126053136008412,1.086974408622838,1.1777233007959262,1.183109,1.1076594186450817,1.086974408622838,1.1777233007959262,79691.18,52887.415,61342.81348641334,45194.55059773344,1.188952,1.288102,0.0002526691,0.00023892184999999998,1.183109,0.9126053136008412,1.1777233007959262,295.014,471.649,176.635,8,True,True,True,True,True,True,True,Bi;Sb;Te,False,Bi;Sb;Te,True,Sb;Te,True,False,False,False,True,True,True,False,,True,True,,,,,,,,,no,,,no,unknown,ML_close_to_fitting,material_system_out_of_distribution,missing_additive_or_structure_annotation; possible_sintering_or_microstructure_effect,both_good,candidate hypothesis only; no causal mechanism proven,0.0611884749699378,0.064026503538792,0.0028380285688542,0.0532507384613366,0.0549709087802025,0.0017201703188659,0.053000973027302,0.0553306512659652,0.0023296782386632,True,True,True,True,60.0,B,observed high ZT; missing sintering info for high-ZT/error sample; manual review not checked,False,False,True,True,False,unknown,no,no,downstream_all_samples,not_unbiased_evaluation,https://doi.org/10.1039/c6ra06688g
10.1039_c6ra06688g__sample_9093,130,A,observed ZT >= threshold; ML predicted ZT >= threshold; fitting predicted ZT >= threshold; low thermal conductivity; high observed electrical conductivity; high ML predicted electrical conductivity; low kappa and high sigma; balanced recommended candidate,downstream ML prediction is not unbiased evaluation; toxicity attention element detected; rare metal attention element detected; structure unknown; additive unknown; sintering unknown,10.1039/c6ra06688g,,9093,Bi0.4Sb1.6Te3,unknown,p,p,,,,,1.195161,1.1302056591831768,1.1170995857863937,1.1904600753322492,1.195161,0.9311812572261452,1.1170995857863937,1.1904600753322492,1.195161,1.1302056591831768,1.1170995857863937,1.1904600753322492,81615.05,53793.45,61342.81348641334,45194.55059773344,1.189459,1.2331485,0.0002541987,0.00024474175,1.195161,0.9311812572261452,1.1904600753322492,299.266,469.856,170.58999999999997,8,True,True,True,True,True,True,True,Bi;Sb;Te,False,Bi;Sb;Te,True,Sb;Te,True,False,False,False,True,True,True,False,,True,True,,,,,,,,,no,,,no,unknown,ML_close_to_fitting,material_system_out_of_distribution,missing_additive_or_structure_annotation; possible_sintering_or_microstructure_effect,both_good,candidate hypothesis only; no causal mechanism proven,0.0831562341532829,0.083970273806477,0.0008140396531941,0.0775599389796052,0.0784698903087896,0.0009099513291843,0.0782191914482268,0.0791368772814335,0.0009176858332067,True,True,True,True,60.0,B,observed high ZT; missing sintering info for high-ZT/error sample; manual review not checked,False,False,True,True,False,unknown,no,no,downstream_all_samples,not_unbiased_evaluation,https://doi.org/10.1039/c6ra06688g
10.1039_c6ra06688g__sample_9095,130,A,observed ZT >= threshold; ML predicted ZT >= threshold; fitting predicted ZT >= threshold; low thermal conductivity; high observed electrical conductivity; high ML predicted electrical conductivity; low kappa and high sigma; balanced recommended candidate,downstream ML prediction is not unbiased evaluation; toxicity attention element detected; rare metal attention element detected; structure unknown; additive unknown; sintering unknown,10.1039/c6ra06688g,,9095,Bi0.4Sb1.6Te3,unknown,p,p,,,,,1.247944,1.8922456208496392,1.1869205842955572,1.244787730063578,1.247944,1.559029227899006,1.1869205842955572,1.244787730063578,1.247944,1.8922456208496392,1.1869205842955572,1.244787730063578,51557.98,34193.405,61411.93138138079,45243.430138732394,0.7927878,0.8101248,0.0002692185,0.00026189405,1.247944,1.559029227899006,1.244787730063578,299.363,470.425,171.062,8,True,True,True,True,True,True,True,Bi;Sb;Te,False,Bi;Sb;Te,True,Sb;Te,True,False,False,False,True,True,True,False,,True,True,,,,,,,,,no,,,no,unknown,ML_much_worse,missing_additive_or_structure_annotation,possible_sintering_or_microstructure_effect,both_poor,candidate hypothesis only; no causal mechanism proven,0.0824009022871065,0.4736251718755399,0.3912242695884333,0.0765031657076969,0.5996529478237405,0.5231497821160435,0.0770851310239008,0.5966972078316973,0.5196120768077965,True,True,True,True,120.0,A,ML much worse than fitting; observed high ZT; missing additive info and ML bad; missing structure info and ML bad; missing sintering info for high-ZT/error sample; manual review not checked,True,True,True,True,True,unknown,no,no,downstream_all_samples,not_unbiased_evaluation,https://doi.org/10.1039/c6ra06688g
10.1039_c7ee00098g__sample_31368,130,A,observed ZT >= threshold; ML predicted ZT >= threshold; fitting predicted ZT >= threshold; low thermal conductivity; high observed electrical conductivity; high ML predicted electrical conductivity; low kappa and high sigma; balanced recommended candidate,downstream ML prediction is not unbiased evaluation; toxicity attention element detected; rare metal attention element detected; structure unknown; additive unknown; sintering unknown,10.1039/c7ee00098g,,31368,Mg3.15Nb0.05Sb1.5Bi0.49Te0.01,unknown,n,n,,,,,1.461538,1.5508965725173545,1.2606045195475768,1.3789009062564204,1.461538,0.7216384562105452,1.2606045195475768,1.3789009062564204,1.461538,1.5508965725173545,1.2606045195475768,1.3789009062564204,44131.91,41114.515,28875.071293490964,19136.93894801569,0.8811213,0.9594986999999999,0.0002567381,0.0002388291,1.461538,0.7216384562105452,1.3789009062564204,301.637,769.089,467.45200000000006,12,True,True,True,True,True,True,True,Bi;Mg;Nb;Sb;Te,False,Bi;Sb;Te,True,Sb;Te,True,False,False,False,True,True,True,False,,True,True,,,,,,,,,no,,,no,unknown,not_evaluated,not_evaluable,missing_additive_or_structure_annotation; possible_sintering_or_microstructure_effect,not_evaluable,candidate hypothesis only; no causal mechanism proven,0.1779253023494763,0.2731420560690035,0.0952167537195272,0.1596059319842286,0.2027559028524964,0.0431499708682677,,,,True,True,True,True,60.0,B,observed high ZT; missing sintering info for high-ZT/error sample; manual review not checked,False,False,True,True,False,unknown,no,no,downstream_all_samples,not_unbiased_evaluation,https://doi.org/10.1039/c7ee00098g
10.1039_c6ra06688g__sample_9096,130,A,observed ZT >= threshold; ML predicted ZT >= threshold; fitting predicted ZT >= threshold; low thermal conductivity; high observed electrical conductivity; high ML predicted electrical conductivity; low kappa and high sigma; balanced recommended candidate,downstream ML prediction is not unbiased evaluation; toxicity attention element detected; rare metal attention element detected; structure unknown; additive unknown; sintering unknown,10.1039/c6ra06688g,,9096,Bi0.4Sb1.6Te3,unknown,p,p,,,,,1.214441,1.8027377995460407,1.1569134407244115,1.214837208421436,1.214441,1.48528335262769,1.1569134407244115,1.214837208421436,1.214441,1.8027377995460407,1.1569134407244115,1.214837208421436,54410.77,34822.07,61411.93138138079,45243.430138732394,0.8191401,0.8607489500000001,0.0002658808,0.000255404,1.214441,1.48528335262769,1.214837208421436,293.654,469.646,175.99200000000002,8,True,True,True,True,True,True,True,Bi;Sb;Te,False,Bi;Sb;Te,True,Sb;Te,True,False,False,False,True,True,True,False,,True,True,,,,,,,,,no,,,no,unknown,ML_moderately_worse,not_evaluable,missing_additive_or_structure_annotation; possible_sintering_or_microstructure_effect,not_evaluable,candidate hypothesis only; no causal mechanism proven,0.0883731844125539,0.4522689470004772,0.3638957625879232,0.0811288346122261,0.5642906660800348,0.4831618314678086,0.0820616109792403,0.5615765526467575,0.4795149416675172,True,True,True,True,60.0,B,observed high ZT; missing sintering info for high-ZT/error sample; manual review not checked,False,False,True,True,False,unknown,no,no,downstream_all_samples,not_unbiased_evaluation,https://doi.org/10.1039/c6ra06688g
10.1039_c7ee00098g__sample_31367,130,A,observed ZT >= threshold; ML predicted ZT >= threshold; fitting predicted ZT >= threshold; low thermal conductivity; high observed electrical conductivity; high ML predicted electrical conductivity; low kappa and high sigma; balanced recommended candidate,downstream ML prediction is not unbiased evaluation; toxicity attention element detected; rare metal attention element detected; structure unknown; additive unknown; sintering unknown,10.1039/c7ee00098g,,31367,Mg3.19Nb0.01Sb1.5Bi0.49Te0.01,unknown,n,n,,,,,1.430769,1.4296561650821598,1.0714033844294255,1.2520141089035657,1.430769,0.6652248036161249,1.0714033844294255,1.2520141089035657,1.430769,1.4296561650821598,1.0714033844294255,1.2520141089035657,40313.37,35012.945,28875.071293490964,19136.93894801569,0.8999322,1.042665,0.0002649984,0.0002530446,1.430769,0.6652248036161249,1.2520141089035657,301.027,769.017,467.99000000000007,12,True,True,True,True,True,True,True,Bi;Mg;Nb;Sb;Te,False,Bi;Sb;Te,True,Sb;Te,True,False,False,False,True,True,True,False,,True,True,,,,,,,,,no,,,no,unknown,ML_close_to_fitting,material_system_out_of_distribution,missing_additive_or_structure_annotation; possible_sintering_or_microstructure_effect,both_good,candidate hypothesis only; no causal mechanism proven,0.1896985521992615,0.3452497223533287,0.1555511701540672,0.0832298022128737,0.3171090030728573,0.2338792008599835,0.1402319581452809,0.1472548056517571,0.0070228475064761,True,True,True,True,60.0,B,observed high ZT; missing sintering info for high-ZT/error sample; manual review not checked,False,False,True,True,False,unknown,no,no,downstream_all_samples,not_unbiased_evaluation,https://doi.org/10.1039/c7ee00098g
10.1134_s0020168520080063__sample_41825,130,A,observed ZT >= threshold; ML predicted ZT >= threshold; fitting predicted ZT >= threshold; low thermal conductivity; high observed electrical conductivity; high ML predicted electrical conductivity; low kappa and high sigma; balanced recommended candidate,downstream ML prediction is not unbiased evaluation; toxicity attention element detected; rare metal attention element detected; structure unknown; additive unknown; sintering unknown,10.1134/s0020168520080063,,41825,PbTe0.96I0.04,unknown,n,n,,,,,1.338657,2.175965662713175,2.473430308157221,1.2250257549787873,1.338657,2.2181519506165635,2.473430308157221,1.2250257549787873,1.338657,2.175965662713175,2.473430308157221,1.2250257549787873,165396.0,67300.405,81035.63003294724,60504.75933418054,1.06156,1.53511,0.0002664835,0.00021648355,1.338657,2.2181519506165635,1.2250257549787873,310.84,663.144,352.30400000000003,8,True,True,True,True,True,True,True,I;Pb;Te,False,Te,True,Pb;Te,True,False,False,False,True,True,True,False,,True,True,,,,,,,,,no,,,no,unknown,ML_close_to_fitting,not_evaluable,missing_additive_or_structure_annotation; possible_sintering_or_microstructure_effect,not_evaluable,candidate hypothesis only; no causal mechanism proven,0.4603168767279019,0.4778177499026601,0.0175008731747581,0.4451845754704576,0.3916448935708873,-0.0535396818995703,0.5560655679155504,0.4891908933156111,-0.0668746745999392,True,True,True,True,60.0,B,observed high ZT; missing sintering info for high-ZT/error sample; manual review not checked,False,False,True,True,False,unknown,no,no,downstream_all_samples,not_unbiased_evaluation,https://doi.org/10.1134/s0020168520080063
10.1039_c6ra06688g__sample_9097,130,A,observed ZT >= threshold; ML predicted ZT >= threshold; fitting predicted ZT >= threshold; low thermal conductivity; high observed electrical conductivity; high ML predicted electrical conductivity; low kappa and high sigma; balanced recommended candidate,downstream ML prediction is not unbiased evaluation; toxicity attention element detected; rare metal attention element detected; structure unknown; additive unknown; sintering unknown,10.1039/c6ra06688g,,9097,Bi0.4Sb1.6Te3,unknown,p,p,,,,,1.235665,1.2274277501996154,1.163936441867364,1.2360477865169164,1.235665,1.0112829521763111,1.163936441867364,1.2360477865169164,1.235665,1.2274277501996154,1.163936441867364,1.2360477865169164,78708.83,51567.855,61342.81348641334,45194.55059773344,1.090028,1.1391740000000001,0.0002535941,0.00024194534999999999,1.235665,1.0112829521763111,1.2360477865169164,297.0,469.75,172.75,8,True,True,True,True,True,True,True,Bi;Sb;Te,False,Bi;Sb;Te,True,Sb;Te,True,False,False,False,True,True,True,False,,True,True,,,,,,,,,no,,,no,unknown,ML_close_to_fitting,material_system_out_of_distribution,missing_additive_or_structure_annotation; possible_sintering_or_microstructure_effect,both_good,candidate hypothesis only; no causal mechanism proven,0.0839965123854678,0.0993800896053104,0.0153835772198426,0.0781135305394299,0.0878063099965027,0.0096927794570728,0.0792562309368847,0.0890723208635187,0.009816089926634,True,True,True,True,60.0,B,observed high ZT; missing sintering info for high-ZT/error sample; manual review not checked,False,False,True,True,False,unknown,no,no,downstream_all_samples,not_unbiased_evaluation,https://doi.org/10.1039/c6ra06688g
10.1039_c6ra06688g__sample_9098,130,A,observed ZT >= threshold; ML predicted ZT >= threshold; fitting predicted ZT >= threshold; low thermal conductivity; high observed electrical conductivity; high ML predicted electrical conductivity; low kappa and high sigma; balanced recommended candidate,downstream ML prediction is not unbiased evaluation; toxicity attention element detected; rare metal attention element detected; structure unknown; additive unknown; sintering unknown,10.1039/c6ra06688g,,9098,Bi0.4Sb1.6Te3,unknown,p,p,,,,,1.283168,1.2110828844091983,1.2230358768368077,1.2885015299720723,1.283168,0.9978163476231956,1.2230358768368077,1.2885015299720723,1.283168,1.2110828844091983,1.2230358768368077,1.2885015299720723,84716.73,54782.61,61342.81348641334,45194.55059773344,1.131339,1.213248,0.0002564444,0.0002441233,1.283168,0.9978163476231956,1.2885015299720723,295.0,469.75,174.75,8,True,True,True,True,True,True,True,Bi;Sb;Te,False,Bi;Sb;Te,True,Sb;Te,True,False,False,False,True,True,True,False,,True,True,,,,,,,,,no,,,no,unknown,ML_close_to_fitting,material_system_out_of_distribution,missing_additive_or_structure_annotation; possible_sintering_or_microstructure_effect,both_good,candidate hypothesis only; no causal mechanism proven,0.0843045054271984,0.0848746563944282,0.0005701509672298,0.0772954492205044,0.0765400241862012,-0.0007554250343032,0.0774329021213493,0.0766761337303041,-0.0007567683910452,True,True,True,True,60.0,B,observed high ZT; missing sintering info for high-ZT/error sample; manual review not checked,False,False,True,True,False,unknown,no,no,downstream_all_samples,not_unbiased_evaluation,https://doi.org/10.1039/c6ra06688g
10.1039_c6ra06688g__sample_9099,130,A,observed ZT >= threshold; ML predicted ZT >= threshold; fitting predicted ZT >= threshold; low thermal conductivity; high observed electrical conductivity; high ML predicted electrical conductivity; low kappa and high sigma; balanced recommended candidate,downstream ML prediction is not unbiased evaluation; toxicity attention element detected; rare metal attention element detected; structure unknown; additive unknown; sintering unknown,10.1039/c6ra06688g,,9099,Bi0.4Sb1.6Te3,unknown,p,p,,,,,1.288673,1.2047375852453777,1.203731848963233,1.2838746401245753,1.288673,0.9925884286114358,1.203731848963233,1.2838746401245753,1.288673,1.2047375852453777,1.203731848963233,1.2838746401245753,83873.52,53992.095,61342.81348641334,45194.55059773344,1.152707,1.2210830000000001,0.0002584547,0.00024454174999999996,1.288673,0.9925884286114358,1.2838746401245753,295.0,469.5,174.5,8,True,True,True,True,True,True,True,Bi;Sb;Te,False,Bi;Sb;Te,True,Sb;Te,True,False,False,False,True,True,True,False,,True,True,,,,,,,,,no,,,no,unknown,ML_close_to_fitting,material_system_out_of_distribution,missing_additive_or_structure_annotation; possible_sintering_or_microstructure_effect,both_good,candidate hypothesis only; no causal mechanism proven,0.0823066097747278,0.0823108468883619,4.23711363412016e-06,0.0740966493768958,0.0741585582552915,6.190887839568893e-05,0.0759428647677235,0.0760063161871842,6.345141946074995e-05,True,True,True,True,60.0,B,observed high ZT; missing sintering info for high-ZT/error sample; manual review not checked,False,False,True,True,False,unknown,no,no,downstream_all_samples,not_unbiased_evaluation,https://doi.org/10.1039/c6ra06688g
10.1126_science.1156446__sample_9107,130,A,observed ZT >= threshold; ML predicted ZT >= threshold; fitting predicted ZT >= threshold; low thermal conductivity; high observed electrical conductivity; high ML predicted electrical conductivity; low kappa and high sigma; balanced recommended candidate,downstream ML prediction is not unbiased evaluation; toxicity attention element detected; rare metal attention element detected; structure unknown; additive unknown; sintering unknown,10.1126/science.1156446,,9107,Bi8Sb44Te48,unknown,p,p,,,,,1.430189,1.080426115390007,1.4970387059232682,1.4320870414752211,1.430189,0.8901676790363418,1.4970387059232682,1.4320870414752211,1.430189,1.080426115390007,1.4970387059232682,1.4320870414752211,125146.6,75244.3,61302.62203000144,44893.90032503121,0.9930167,1.072237,0.0002182656,0.0002102525,1.430189,0.8901676790363418,1.4320870414752211,299.474,524.658,225.18400000000003,11,True,True,True,True,True,True,True,Bi;Sb;Te,False,Bi;Sb;Te,True,Sb;Te,True,False,False,False,True,True,True,False,,True,True,,,,,,,,,no,,,no,unknown,ML_moderately_worse,material_system_out_of_distribution,missing_additive_or_structure_annotation; possible_sintering_or_microstructure_effect,both_good,candidate hypothesis only; no causal mechanism proven,0.1749025361357467,0.3700728601880095,0.1951703240522628,0.159621728132543,0.2670651680283352,0.1074434398957921,0.1617299553868561,0.2647308293155699,0.1030008739287137,True,True,True,True,60.0,B,observed high ZT; missing sintering info for high-ZT/error sample; manual review not checked,False,False,True,True,False,unknown,no,no,downstream_all_samples,not_unbiased_evaluation,https://doi.org/10.1126/science.1156446
10.1002_adma.201705942__sample_31974,130,A,observed ZT >= threshold; ML predicted ZT >= threshold; fitting predicted ZT >= threshold; low thermal conductivity; high observed electrical conductivity; high ML predicted electrical conductivity; low kappa and high sigma; balanced recommended candidate,downstream ML prediction is not unbiased evaluation; toxicity attention element detected; rare metal attention element detected; structure unknown; additive unknown; sintering unknown,10.1002/adma.201705942,,31974,Ge 0.888Sb0.1In0.012Te,unknown,p,p,,,,,2.042229,2.6934070619486987,1.5596266671529255,2.4068645028886566,2.042229,2.445900986546247,1.5596266671529255,2.4068645028886566,2.042229,2.6934070619486987,1.5596266671529255,2.4068645028886566,53913.04,33913.045,87704.85774324351,54301.99229684178,0.9264706,0.9632353,0.0002796752,0.0002648038,2.042229,2.445900986546247,2.4068645028886566,300.0,779.218,479.21799999999996,12,True,True,True,True,True,True,True,Ge;In;Sb;Te,False,Ge;In;Sb;Te,True,Sb;Te,True,False,False,False,True,True,True,False,,True,True,,,,,,,,,no,,,no,unknown,ML_moderately_worse,not_evaluable,missing_additive_or_structure_annotation; possible_sintering_or_microstructure_effect,not_evaluable,candidate hypothesis only; no causal mechanism proven,0.4218587941723565,0.6902714087431505,0.268412614570794,0.4039390844233004,0.825651839107726,0.4217127546844255,0.3148219059003669,0.7758330305062142,0.4610111246058472,True,True,True,True,60.0,B,observed high ZT; missing sintering info for high-ZT/error sample; manual review not checked,False,False,True,True,False,unknown,no,no,downstream_all_samples,not_unbiased_evaluation,https://doi.org/10.1002/adma.201705942
10.1002_adma.201705942__sample_31973,130,A,observed ZT >= threshold; ML predicted ZT >= threshold; fitting predicted ZT >= threshold; low thermal conductivity; high observed electrical conductivity; high ML predicted electrical conductivity; low kappa and high sigma; balanced recommended candidate,downstream ML prediction is not unbiased evaluation; toxicity attention element detected; rare metal attention element detected; structure unknown; additive unknown; sintering unknown,10.1002/adma.201705942,,31973,Ge0.89Sb0.1In0.01Te,unknown,p,p,,,,,2.276833,2.497773949566896,1.786887955007842,2.3232014023759406,2.276833,2.2682452473392787,1.786887955007842,2.3232014023759406,2.276833,2.497773949566896,1.786887955007842,2.3232014023759406,59130.43,42608.695,87704.85774324351,52561.219480407635,0.9117647,1.0,0.0002701211,0.0002598184,2.276833,2.2682452473392787,2.3232014023759406,300.0,779.218,479.21799999999996,12,True,True,True,True,True,True,True,Ge;In;Sb;Te,False,Ge;In;Sb;Te,True,Sb;Te,True,False,False,False,True,True,True,False,,True,True,,,,,,,,,no,,,no,unknown,ML_moderately_worse,not_evaluable,missing_additive_or_structure_annotation; possible_sintering_or_microstructure_effect,not_evaluable,candidate hypothesis only; no causal mechanism proven,0.4202325275867913,0.5373729786198536,0.1171404510330622,0.3924742281961401,0.5411344958071688,0.1486602676110286,0.3555307913466481,0.5650873546037661,0.2095565632571179,True,True,True,True,60.0,B,observed high ZT; missing sintering info for high-ZT/error sample; manual review not checked,False,False,True,True,False,unknown,no,no,downstream_all_samples,not_unbiased_evaluation,https://doi.org/10.1002/adma.201705942
10.1002_adma.201705942__sample_31972,130,A,observed ZT >= threshold; ML predicted ZT >= threshold; fitting predicted ZT >= threshold; low thermal conductivity; high observed electrical conductivity; high ML predicted electrical conductivity; low kappa and high sigma; balanced recommended candidate,downstream ML prediction is not unbiased evaluation; toxicity attention element detected; rare metal attention element detected; structure unknown; additive unknown; sintering unknown,10.1002/adma.201705942,,31972,Ge0.893Sb0.1In0.007Te,unknown,p,p,,,,,1.989443,2.3302429759677814,1.7335870773932274,2.004517740307434,1.989443,2.1161092485175264,1.7335870773932274,2.004517740307434,1.989443,2.3302429759677814,1.7335870773932274,2.004517740307434,55652.17,48695.65,87704.85774324351,54301.99229684178,0.9411765,1.022059,0.0002643336,0.0002527585,1.989443,2.1161092485175264,2.004517740307434,300.0,779.218,479.21799999999996,12,True,True,True,True,True,True,True,Ge;In;Sb;Te,False,Ge;In;Sb;Te,True,Sb;Te,True,False,False,False,True,True,True,False,,True,True,,,,,,,,,no,,,no,unknown,ML_moderately_worse,material_system_out_of_distribution,missing_additive_or_structure_annotation; possible_sintering_or_microstructure_effect,both_good,candidate hypothesis only; no causal mechanism proven,0.2453355256813678,0.384285344532041,0.1389498188506731,0.2223246325292813,0.3676393266423338,0.1453146941130524,0.2114355597032625,0.3208021776505976,0.1093666179473351,True,True,True,True,60.0,B,observed high ZT; missing sintering info for high-ZT/error sample; manual review not checked,False,False,True,True,False,unknown,no,no,downstream_all_samples,not_unbiased_evaluation,https://doi.org/10.1002/adma.201705942
10.1088_0957-4484_23_41_415604__sample_29812,130,A,observed ZT >= threshold; ML predicted ZT >= threshold; fitting predicted ZT >= threshold; low thermal conductivity; high observed electrical conductivity; high ML predicted electrical conductivity; low kappa and high sigma; balanced recommended candidate,downstream ML prediction is not unbiased evaluation; toxicity attention element detected; rare metal attention element detected; structure unknown; additive unknown; sintering unknown,10.1088/0957-4484/23/41/415604,,29812,Bi0.5Sb1.5Te3,unknown,p,p,,,,,1.36219,1.1154059628238693,1.2695026862616663,1.3606273399853817,1.36219,0.918987724349673,1.2695026862616663,1.3606273399853817,1.36219,1.1154059628238693,1.2695026862616663,1.3606273399853817,103640.4,60473.87,61342.81348641334,44893.90032503121,0.894557,0.9742398,0.0002163296,0.0002076362,1.36219,0.918987724349673,1.3606273399853817,300.214,519.422,219.20800000000003,7,True,True,True,True,True,True,True,Bi;Sb;Te,False,Bi;Sb;Te,True,Sb;Te,True,False,False,False,True,True,True,False,,True,True,,,,,,,,,no,,,no,unknown,ML_close_to_fitting,material_system_out_of_distribution,missing_additive_or_structure_annotation; possible_sintering_or_microstructure_effect,both_good,candidate hypothesis only; no causal mechanism proven,0.1633588833978428,0.2084040464079793,0.0450451630101365,0.1426792814371628,0.1517043311314277,0.0090250496942648,0.1406141095591108,0.1477809626010031,0.0071668530418922,True,True,True,True,60.0,B,observed high ZT; missing sintering info for high-ZT/error sample; manual review not checked,False,False,True,True,False,unknown,no,no,downstream_all_samples,not_unbiased_evaluation,https://doi.org/10.1088/0957-4484/23/41/415604
10.1002_adma.201705942__sample_31971,130,A,observed ZT >= threshold; ML predicted ZT >= threshold; fitting predicted ZT >= threshold; low thermal conductivity; high observed electrical conductivity; high ML predicted electrical conductivity; low kappa and high sigma; balanced recommended candidate,downstream ML prediction is not unbiased evaluation; toxicity attention element detected; rare metal attention element detected; structure unknown; additive unknown; sintering unknown,10.1002/adma.201705942,,31971,Ge0.895Sb0.1In0.005Te,unknown,p,p,,,,,1.790029,1.862244012654489,1.5642273922196772,1.8367600511678648,1.790029,1.6911162564658828,1.5642273922196772,1.8367600511678648,1.790029,1.862244012654489,1.5642273922196772,1.8367600511678648,62608.7,56521.735,87704.85774324351,54301.99229684178,1.0,1.088235,0.0002464441,0.000230644,1.790029,1.6911162564658828,1.8367600511678648,300.0,781.663,481.663,12,True,True,True,True,True,True,True,Ge;In;Sb;Te,False,Ge;In;Sb;Te,True,Sb;Te,True,False,False,False,True,True,True,False,,True,True,,,,,,,,,no,,,no,unknown,ML_moderately_worse,material_system_out_of_distribution,missing_additive_or_structure_annotation; possible_sintering_or_microstructure_effect,both_good,candidate hypothesis only; no causal mechanism proven,0.2514899978271029,0.3060378399031113,0.0545478420760083,0.218991736665062,0.3344546438967161,0.115462907231654,0.1906306932635084,0.2923084866578496,0.1016777933943412,True,True,True,True,60.0,B,observed high ZT; missing sintering info for high-ZT/error sample; manual review not checked,False,False,True,True,False,unknown,no,no,downstream_all_samples,not_unbiased_evaluation,https://doi.org/10.1002/adma.201705942
10.1063_1.4984914__sample_49637,130,A,observed ZT >= threshold; ML predicted ZT >= threshold; fitting predicted ZT >= threshold; low thermal conductivity; high observed electrical conductivity; high ML predicted electrical conductivity; low kappa and high sigma; balanced recommended candidate,downstream ML prediction is not unbiased evaluation; toxicity attention element detected; rare metal attention element detected; structure unknown; additive unknown; sintering unknown,10.1063/1.4984914,,49637,((Bi2Te3)0.25(Sb2Te3)0.75)81.53(ZrO2)18.47,unknown,p,p,,,,,1.269719,1.7999123763750875,1.2545863379771864,1.2579880806914845,1.269719,1.7951137164501485,1.2545863379771864,1.2579880806914845,1.269719,1.7999123763750875,1.2545863379771864,1.2579880806914845,52974.0,37874.0,75592.4125791074,55304.40033187125,0.8531768,0.9176203,0.0002665021,0.0002516872,1.269719,1.7951137164501485,1.2579880806914845,299.59,500.04,200.45000000000005,9,True,True,True,True,True,True,True,Bi;O;Sb;Te;Zr,False,Bi;Sb;Te,True,Sb;Te,True,False,False,False,True,True,True,False,,True,True,,,,,,,,,no,,,no,unknown,ML_moderately_worse,not_evaluable,missing_additive_or_structure_annotation; possible_sintering_or_microstructure_effect,not_evaluable,candidate hypothesis only; no causal mechanism proven,0.0430425977798843,0.363489517486069,0.3204469197061847,0.0326709781123821,0.4359848190107738,0.4033138408983917,0.0570178109135417,0.5096281178025815,0.4526103068890398,True,True,True,True,60.0,B,observed high ZT; missing sintering info for high-ZT/error sample; manual review not checked,False,False,True,True,False,unknown,no,no,downstream_all_samples,not_unbiased_evaluation,https://doi.org/10.1063/1.4984914
10.1039_c6ra06688g__sample_9100,130,A,observed ZT >= threshold; ML predicted ZT >= threshold; fitting predicted ZT >= threshold; low thermal conductivity; high observed electrical conductivity; high ML predicted electrical conductivity; low kappa and high sigma; balanced recommended candidate,downstream ML prediction is not unbiased evaluation; toxicity attention element detected; rare metal attention element detected; structure unknown; additive unknown; sintering unknown,10.1039/c6ra06688g,,9100,Bi0.4Sb1.6Te3,unknown,p,p,,,,,1.238753,1.8994801348469228,1.1911771716694948,1.2498883399549745,1.238753,1.5649897748000716,1.1911771716694948,1.2498883399549745,1.238753,1.8994801348469228,1.1911771716694948,1.2498883399549745,51620.55,34123.845,61411.93138138079,45243.430138732394,0.7923077,0.8108261999999999,0.0002692087,0.0002620865,1.238753,1.5649897748000716,1.2498883399549745,299.5,470.75,171.25,8,True,True,True,True,True,True,True,Bi;Sb;Te,False,Bi;Sb;Te,True,Sb;Te,True,False,False,False,True,True,True,False,,True,True,,,,,,,,,no,,,no,unknown,ML_much_worse,missing_additive_or_structure_annotation,possible_sintering_or_microstructure_effect,both_poor,candidate hypothesis only; no causal mechanism proven,0.0827311066400744,0.4739152279817091,0.3911841213416346,0.076973168688672,0.6000693998561513,0.5230962311674792,0.0619065215125486,0.6005676043427493,0.5386610828302006,True,True,True,True,120.0,A,ML much worse than fitting; observed high ZT; missing additive info and ML bad; missing structure info and ML bad; missing sintering info for high-ZT/error sample; manual review not checked,True,True,True,True,True,unknown,no,no,downstream_all_samples,not_unbiased_evaluation,https://doi.org/10.1039/c6ra06688g
10.1002_adma.201400515__sample_7653,130,A,observed ZT >= threshold; ML predicted ZT >= threshold; low thermal conductivity; high ML predicted electrical conductivity; low kappa and high sigma; rare metal attention elements not detected; toxicity attention elements not detected; balanced recommended candidate,downstream ML prediction is not unbiased evaluation; structure unknown; additive unknown; sintering unknown; ML much worse than fitting,10.1002/adma.201400515,,7653,Cu1.98S,unknown,p,p,"estimated from Seebeck sign: positive=15, negative=0, zero=0, positive_ratio=1.000, negative_ratio=0.000",p,"estimated from Seebeck sign: positive=15, negative=0, zero=0, positive_ratio=1.000, negative_ratio=0.000",high,1.362581,2.3911354386584924,0.5571696810831649,1.062409738958936,1.362581,7.059789136090258,0.5571696810831649,1.062409738958936,1.362581,2.3911354386584924,0.5571696810831649,1.062409738958936,6717.777,4680.283,116844.99148565027,63675.5836614407,0.3898708,0.3898708,0.0003164983,0.00020791245,1.362581,7.059789136090258,1.062409738958936,299.096,1007.011,707.915,15,True,True,False,True,False,True,True,Cu;S,False,,False,,False,True,True,False,True,True,True,False,unknown,False,False,unknown,auto_step9,unknown,unknown,auto_step9,unknown,unknown,,no,unknown,unknown,no,not_checked,ML_moderately_worse,not_evaluable,missing_additive_or_structure_annotation; possible_sintering_or_microstructure_effect; tau_eff_ML_prediction_error,not_evaluable,candidate hypothesis only; no causal mechanism proven,0.439224346498371,1.521432966602155,1.082208620103784,0.4320956417580652,4.303186106519986,3.8710904647619206,0.5386682908409537,0.979839600393538,0.4411713095525842,True,True,True,True,60.0,B,observed high ZT; missing sintering info for high-ZT/error sample; manual review not checked,False,False,True,True,True,unknown,no,no,downstream_all_samples,not_unbiased_evaluation,https://doi.org/10.1002/adma.201400515
10.1002_adma.201705942__sample_31969,130,A,observed ZT >= threshold; ML predicted ZT >= threshold; fitting predicted ZT >= threshold; low thermal conductivity; high observed electrical conductivity; high ML predicted electrical conductivity; low kappa and high sigma; balanced recommended candidate,downstream ML prediction is not unbiased evaluation; toxicity attention element detected; rare metal attention element detected; structure unknown; additive unknown; sintering unknown,10.1002/adma.201705942,,31969,Ge0.9Sb0.1Te,unknown,p,p,,,,,1.725513,1.4756327306193575,1.6180158083914955,1.6864853380328115,1.725513,1.1441631829099934,1.6180158083914955,1.6864853380328115,1.725513,1.4756327306193575,1.6180158083914955,1.6864853380328115,97391.3,68695.65,79494.1234075557,49273.32189440554,1.294118,1.338235,0.000217615,0.0002080042,1.725513,1.1441631829099934,1.6864853380328115,300.0,780.44,480.44000000000005,12,True,True,True,True,True,True,True,Ge;Sb;Te,False,Ge;Sb;Te,True,Sb;Te,True,False,False,False,True,True,True,False,,True,True,,,,,,,,,no,,,no,unknown,ML_close_to_fitting,material_system_out_of_distribution,missing_additive_or_structure_annotation; possible_sintering_or_microstructure_effect,both_good,candidate hypothesis only; no causal mechanism proven,0.132265272783249,0.1611801477131805,0.0289148749299315,0.1311128102645637,0.1572887433826044,0.0261759331180407,0.161440314370442,0.164833511574937,0.0033931972044949,True,True,True,True,60.0,B,observed high ZT; missing sintering info for high-ZT/error sample; manual review not checked,False,False,True,True,False,unknown,no,no,downstream_all_samples,not_unbiased_evaluation,https://doi.org/10.1002/adma.201705942
10.1039_c6ra06688g__sample_9102,130,A,observed ZT >= threshold; ML predicted ZT >= threshold; fitting predicted ZT >= threshold; low thermal conductivity; high observed electrical conductivity; high ML predicted electrical conductivity; low kappa and high sigma; balanced recommended candidate,downstream ML prediction is not unbiased evaluation; toxicity attention element detected; rare metal attention element detected; structure unknown; additive unknown; sintering unknown,10.1039/c6ra06688g,,9102,Bi0.4Sb1.6Te3,unknown,p,p,,,,,1.248561,2.133575994730146,1.2178291367277756,1.2457606837061257,1.248561,1.757862350995662,1.2178291367277756,1.2457606837061257,1.248561,2.133575994730146,1.2178291367277756,1.2457606837061257,47088.27,31014.495000000003,61411.93138138079,45243.430138732394,0.7153846,0.75099715,0.0002705753,0.00026242115000000004,1.248561,1.757862350995662,1.2457606837061257,295.75,469.5,173.75,8,True,True,True,True,True,True,True,Bi;Sb;Te,False,Bi;Sb;Te,True,Sb;Te,True,False,False,False,True,True,True,False,,True,True,,,,,,,,,no,,,no,unknown,ML_much_worse,missing_additive_or_structure_annotation,possible_sintering_or_microstructure_effect,both_poor,candidate hypothesis only; no causal mechanism proven,0.0779995978501508,0.5661285918334058,0.488128993983255,0.0716032643876472,0.7572678120691139,0.6856645476814667,0.0820612761657368,0.811210186372782,0.7291489102070451,True,True,True,True,120.0,A,ML much worse than fitting; observed high ZT; missing additive info and ML bad; missing structure info and ML bad; missing sintering info for high-ZT/error sample; manual review not checked,True,True,True,True,True,unknown,no,no,downstream_all_samples,not_unbiased_evaluation,https://doi.org/10.1039/c6ra06688g
10.1063_1.4984914__sample_49636,130,A,observed ZT >= threshold; ML predicted ZT >= threshold; fitting predicted ZT >= threshold; low thermal conductivity; high observed electrical conductivity; high ML predicted electrical conductivity; low kappa and high sigma; balanced recommended candidate,downstream ML prediction is not unbiased evaluation; toxicity attention element detected; rare metal attention element detected; structure unknown; additive unknown; sintering unknown,10.1063/1.4984914,,49636,((Bi2Te3)0.25(Sb2Te3)0.75)90.01(ZrO2)9.99,unknown,p,p,,,,,1.349766,1.576968917208926,1.254411876649966,1.3433030663700958,1.349766,1.5727646361310186,1.254411876649966,1.3433030663700958,1.349766,1.576968917208926,1.254411876649966,1.3433030663700958,66133.0,42619.0,75507.33483744622,55304.40033187125,0.8832254,0.9342262,0.0002558025,0.000242963,1.349766,1.5727646361310186,1.3433030663700958,299.12,500.55,201.43,9,True,True,True,True,True,True,True,Bi;O;Sb;Te;Zr,False,Bi;Sb;Te,True,Sb;Te,True,False,False,False,True,True,True,False,,True,True,,,,,,,,,no,,,no,unknown,ML_moderately_worse,material_system_out_of_distribution,missing_additive_or_structure_annotation; possible_sintering_or_microstructure_effect,both_good,candidate hypothesis only; no causal mechanism proven,0.0810545770853593,0.2427685409569993,0.1617139638716399,0.0751330215819,0.2612514206373667,0.1861183990554666,0.076816133723996,0.2301352924603941,0.1533191587363981,True,True,True,True,60.0,B,observed high ZT; missing sintering info for high-ZT/error sample; manual review not checked,False,False,True,True,False,unknown,no,no,downstream_all_samples,not_unbiased_evaluation,https://doi.org/10.1063/1.4984914
10.1039_c6ra06688g__sample_9101,130,A,observed ZT >= threshold; ML predicted ZT >= threshold; fitting predicted ZT >= threshold; low thermal conductivity; high observed electrical conductivity; high ML predicted electrical conductivity; low kappa and high sigma; balanced recommended candidate,downstream ML prediction is not unbiased evaluation; toxicity attention element detected; rare metal attention element detected; structure unknown; additive unknown; sintering unknown,10.1039/c6ra06688g,,9101,Bi0.4Sb1.6Te3,unknown,p,p,,,,,1.346203,1.8460048711552128,1.2699474385520442,1.3524010609489174,1.346203,1.5209312772422603,1.2699474385520442,1.3524010609489174,1.346203,1.8460048711552128,1.2699474385520442,1.3524010609489174,58155.47,37444.005000000005,61411.93138138079,45243.430138732394,0.7965812,0.8300569499999999,0.0002656614,0.00025873425,1.346203,1.5209312772422603,1.3524010609489174,295.0,469.5,174.5,8,True,True,True,True,True,True,True,Bi;Sb;Te,False,Bi;Sb;Te,True,Sb;Te,True,False,False,False,True,True,True,False,,True,True,,,,,,,,,no,,,no,unknown,ML_moderately_worse,material_system_out_of_distribution,missing_additive_or_structure_annotation; possible_sintering_or_microstructure_effect,both_good,candidate hypothesis only; no causal mechanism proven,0.0930846072642053,0.385456672738509,0.2923720654743036,0.0865452335957626,0.4598835712173138,0.3733383376215512,0.0849256483659288,0.4605525607575061,0.3756269123915773,True,True,True,True,60.0,B,observed high ZT; missing sintering info for high-ZT/error sample; manual review not checked,False,False,True,True,False,unknown,no,no,downstream_all_samples,not_unbiased_evaluation,https://doi.org/10.1039/c6ra06688g
10.1039_c6ra06688g__sample_9094,130,A,observed ZT >= threshold; ML predicted ZT >= threshold; fitting predicted ZT >= threshold; low thermal conductivity; high observed electrical conductivity; high ML predicted electrical conductivity; low kappa and high sigma; balanced recommended candidate,downstream ML prediction is not unbiased evaluation; toxicity attention element detected; rare metal attention element detected; structure unknown; additive unknown; sintering unknown,10.1039/c6ra06688g,,9094,Bi0.4Sb1.6Te3,unknown,p,p,,,,,1.283361,2.0921662906147014,1.2269597182204777,1.281904556247411,1.283361,1.723744719371476,1.2269597182204777,1.281904556247411,1.283361,2.0921662906147014,1.2269597182204777,1.281904556247411,48011.58,31793.805,61411.93138138079,45243.430138732394,0.7289875,0.74216365,0.0002705166,0.0002648609,1.283361,1.723744719371476,1.281904556247411,294.711,468.615,173.904,8,True,True,True,True,True,True,True,Bi;Sb;Te,False,Bi;Sb;Te,True,Sb;Te,True,False,False,False,True,True,True,False,,True,True,,,,,,,,,no,,,no,unknown,ML_much_worse,missing_additive_or_structure_annotation,possible_sintering_or_microstructure_effect,both_poor,candidate hypothesis only; no causal mechanism proven,0.0699681998933748,0.5382279141997821,0.4682597143064073,0.0639291898740754,0.7093265077780527,0.6453973179039773,0.0651336904811671,0.7092584039931595,0.6441247135119924,True,True,True,True,120.0,A,ML much worse than fitting; observed high ZT; missing additive info and ML bad; missing structure info and ML bad; missing sintering info for high-ZT/error sample; manual review not checked,True,True,True,True,True,unknown,no,no,downstream_all_samples,not_unbiased_evaluation,https://doi.org/10.1039/c6ra06688g
10.1039_c6ra06688g__sample_9092,130,A,observed ZT >= threshold; ML predicted ZT >= threshold; fitting predicted ZT >= threshold; low thermal conductivity; high observed electrical conductivity; high ML predicted electrical conductivity; low kappa and high sigma; balanced recommended candidate,downstream ML prediction is not unbiased evaluation; toxicity attention element detected; rare metal attention element detected; structure unknown; additive unknown; sintering unknown,10.1039/c6ra06688g,,9092,Bi0.4Sb1.6Te3,unknown,p,p,,,,,1.286291,1.2084479430616228,1.2181484213807408,1.2804258040441014,1.286291,0.9956454082221968,1.2181484213807408,1.2804258040441014,1.286291,1.2084479430616228,1.2181484213807408,1.2804258040441014,84697.4,54593.545,61342.81348641334,45194.55059773344,1.131207,1.2116505,0.0002562384,0.00024372184999999998,1.286291,0.9956454082221968,1.2804258040441014,294.852,469.593,174.74100000000004,8,True,True,True,True,True,True,True,Bi;Sb;Te,False,Bi;Sb;Te,True,Sb;Te,True,False,False,False,True,True,True,False,,True,True,,,,,,,,,no,,,no,unknown,ML_close_to_fitting,material_system_out_of_distribution,missing_additive_or_structure_annotation; possible_sintering_or_microstructure_effect,both_good,candidate hypothesis only; no causal mechanism proven,0.0837371012390429,0.0841179227634964,0.0003808215244534,0.0764133065408875,0.075804804645404,-0.0006085018954835,0.0779797881412349,0.077358811886686,-0.0006209762545488,True,True,True,True,60.0,B,observed high ZT; missing sintering info for high-ZT/error sample; manual review not checked,False,False,True,True,False,unknown,no,no,downstream_all_samples,not_unbiased_evaluation,https://doi.org/10.1039/c6ra06688g
10.1039_c6ra06688g__sample_9085,130,A,observed ZT >= threshold; ML predicted ZT >= threshold; fitting predicted ZT >= threshold; low thermal conductivity; high observed electrical conductivity; high ML predicted electrical conductivity; low kappa and high sigma; balanced recommended candidate,downstream ML prediction is not unbiased evaluation; toxicity attention element detected; rare metal attention element detected; structure unknown; additive unknown; sintering unknown,10.1039/c6ra06688g,,9085,Bi0.4Sb1.6Te3,unknown,p,p,,,,,1.28319,2.1023456473174167,1.238826600515764,1.294076080553634,1.28319,1.7321315347224433,1.238826600515764,1.294076080553634,1.28319,2.1023456473174167,1.238826600515764,1.294076080553634,48180.19,31857.940000000002,61411.93138138079,45243.430138732394,0.7269122,0.7447592000000001,0.0002707191,0.00026491695,1.28319,1.7321315347224433,1.294076080553634,295.32,468.932,173.61200000000002,8,True,True,True,True,True,True,True,Bi;Sb;Te,False,Bi;Sb;Te,True,Sb;Te,True,False,False,False,True,True,True,False,,True,True,,,,,,,,,no,,,no,unknown,ML_much_worse,missing_additive_or_structure_annotation,possible_sintering_or_microstructure_effect,both_poor,candidate hypothesis only; no causal mechanism proven,0.068775695623013,0.5333420369505343,0.4645663413275213,0.063081330848345,0.7010441377571388,0.6379628069087937,0.0634105404937985,0.7101645714541693,0.6467540309603709,True,True,True,True,120.0,A,ML much worse than fitting; observed high ZT; missing additive info and ML bad; missing structure info and ML bad; missing sintering info for high-ZT/error sample; manual review not checked,True,True,True,True,True,unknown,no,no,downstream_all_samples,not_unbiased_evaluation,https://doi.org/10.1039/c6ra06688g
10.1039_c6ra06688g__sample_9091,130,A,observed ZT >= threshold; ML predicted ZT >= threshold; fitting predicted ZT >= threshold; low thermal conductivity; high observed electrical conductivity; high ML predicted electrical conductivity; low kappa and high sigma; balanced recommended candidate,downstream ML prediction is not unbiased evaluation; toxicity attention element detected; rare metal attention element detected; structure unknown; additive unknown; sintering unknown,10.1039/c6ra06688g,,9091,Bi0.4Sb1.6Te3,unknown,p,p,,,,,1.249408,1.1740689995157572,1.163253870088382,1.2477098256498715,1.249408,0.9673204501820096,1.163253870088382,1.2477098256498715,1.249408,1.1740689995157572,1.163253870088382,1.2477098256498715,81498.2,53450.494999999995,61342.81348641334,45194.55059773344,1.153398,1.221359,0.0002551258,0.000245298,1.249408,0.9673204501820096,1.2477098256498715,295.898,469.333,173.435,8,True,True,True,True,True,True,True,Bi;Sb;Te,False,Bi;Sb;Te,True,Sb;Te,True,False,False,False,True,True,True,False,,True,True,,,,,,,,,no,,,no,unknown,ML_close_to_fitting,material_system_out_of_distribution,missing_additive_or_structure_annotation; possible_sintering_or_microstructure_effect,both_good,candidate hypothesis only; no causal mechanism proven,0.0729029702335134,0.0734879999501314,0.000585029716618,0.065865687029495,0.0664780606036308,0.0006123735741357,0.0668644889407871,0.0674861486838445,0.0006216597430574,True,True,True,True,60.0,B,observed high ZT; missing sintering info for high-ZT/error sample; manual review not checked,False,False,True,True,False,unknown,no,no,downstream_all_samples,not_unbiased_evaluation,https://doi.org/10.1039/c6ra06688g
10.1039_c9nr09331a__sample_35382,130,A,observed ZT >= threshold; ML predicted ZT >= threshold; fitting predicted ZT >= threshold; low thermal conductivity; high observed electrical conductivity; high ML predicted electrical conductivity; low kappa and high sigma; balanced recommended candidate,downstream ML prediction is not unbiased evaluation; toxicity attention element detected; rare metal attention element detected; structure unknown; additive unknown; sintering unknown,10.1039/c9nr09331a,,35382,Sn1.03Te(BiCuSeO)0.035,unknown,p,p,,,,,1.209444,1.48870771622702,1.9905972519916328,1.2008685580670952,1.209444,2.3867682659631706,1.9905972519916328,1.2008685580670952,1.209444,1.48870771622702,1.9905972519916328,1.2008685580670952,279634.5,114360.35,231713.5820782756,130983.73376947659,1.036602,2.306177,0.0001765246,0.0001136333,1.209444,2.3867682659631706,1.2008685580670952,299.784,836.074,536.29,12,True,True,True,True,True,True,True,Bi;Cu;O;Se;Sn;Te,False,Bi;Se;Te,True,Se;Te,True,False,False,False,True,True,True,False,,True,True,,,,,,,,,no,,,no,unknown,ML_better_than_fitting,material_system_out_of_distribution,missing_additive_or_structure_annotation; possible_sintering_or_microstructure_effect,both_good,candidate hypothesis only; no causal mechanism proven,0.3730351585752923,0.4728221120365759,0.0997869534612836,0.3734477764852494,0.3478071788604717,-0.0256405976247776,0.3859925400410862,0.2404082700595321,-0.145584269981554,True,True,True,True,60.0,B,observed high ZT; missing sintering info for high-ZT/error sample; manual review not checked,False,False,True,True,False,unknown,no,no,downstream_all_samples,not_unbiased_evaluation,https://doi.org/10.1039/c9nr09331a
10.1039_c9nr09331a__sample_35381,130,A,observed ZT >= threshold; ML predicted ZT >= threshold; fitting predicted ZT >= threshold; low thermal conductivity; high observed electrical conductivity; high ML predicted electrical conductivity; low kappa and high sigma; balanced recommended candidate,downstream ML prediction is not unbiased evaluation; toxicity attention element detected; rare metal attention element detected; structure unknown; additive unknown; sintering unknown,10.1039/c9nr09331a,,35381,Sn1.03Te(BiCuSeO)0.028,unknown,p,p,,,,,1.170556,1.529792235288182,2.2032031699618893,1.1733204515440334,1.170556,2.4526369554639285,2.2032031699618893,1.1733204515440334,1.170556,1.529792235288182,2.2032031699618893,1.1733204515440334,277284.6,131592.65,231713.5820782756,130983.73376947659,1.027457,2.390007,0.000178202,9.8793405e-05,1.170556,2.4526369554639285,1.1733204515440334,299.785,835.612,535.827,12,True,True,True,True,True,True,True,Bi;Cu;O;Se;Sn;Te,False,Bi;Se;Te,True,Se;Te,True,False,False,False,True,True,True,False,,True,True,,,,,,,,,no,,,no,unknown,ML_close_to_fitting,material_system_out_of_distribution,missing_additive_or_structure_annotation; possible_sintering_or_microstructure_effect,both_good,candidate hypothesis only; no causal mechanism proven,0.3744514319095682,0.522760540442823,0.1483091085332548,0.3587896283823396,0.3529479991001814,-0.0058416292821581,0.3594079608387544,0.3189788233650906,-0.0404291374736638,True,True,True,True,60.0,B,observed high ZT; missing sintering info for high-ZT/error sample; manual review not checked,False,False,True,True,False,unknown,no,no,downstream_all_samples,not_unbiased_evaluation,https://doi.org/10.1039/c9nr09331a
10.1002_aenm.201601450__sample_3190,130,A,observed ZT >= threshold; ML predicted ZT >= threshold; fitting predicted ZT >= threshold; low thermal conductivity; high observed electrical conductivity; high ML predicted electrical conductivity; low kappa and high sigma; balanced recommended candidate,downstream ML prediction is not unbiased evaluation; toxicity attention element detected; rare metal attention element detected; structure unknown; additive unknown; sintering unknown,10.1002/aenm.201601450,,3190,PbTe0.75Se0.25TeNa0.02(SrTe)0.04,unknown,p,p,,,,,2.064717,1.706568289384662,3.2112954216055254,1.9978826132840823,2.064717,3.156189323830413,3.2112954216055254,1.9978826132840823,2.064717,1.706568289384662,3.2112954216055254,1.9978826132840823,200453.1,62367.604999999996,122336.47600636554,71194.44433132018,0.8862578,1.041545,0.0002445962,0.0002112016,2.064717,3.156189323830413,1.9978826132840823,301.662,926.593,624.931,14,True,True,True,True,True,True,True,Na;Pb;Se;Sr;Te,False,Se;Te,True,Pb;Se;Te,True,False,False,False,True,True,True,False,,True,True,,,,,,,,,no,,,no,unknown,ML_close_to_fitting,material_system_out_of_distribution,missing_additive_or_structure_annotation; possible_sintering_or_microstructure_effect,both_good,candidate hypothesis only; no causal mechanism proven,0.3279903926464361,0.7122090827496532,0.3842186901032171,0.3675887601805662,0.314722686629685,-0.0528660735508811,0.3337156722779,0.2912278147779818,-0.0424878574999182,True,True,True,True,60.0,B,observed high ZT; missing sintering info for high-ZT/error sample; manual review not checked,False,False,True,True,False,unknown,no,no,downstream_all_samples,not_unbiased_evaluation,https://doi.org/10.1002/aenm.201601450
10.1002_anie.201402026__sample_30769,130,A,observed ZT >= threshold; ML predicted ZT >= threshold; fitting predicted ZT >= threshold; low thermal conductivity; high observed electrical conductivity; high ML predicted electrical conductivity; low kappa and high sigma; balanced recommended candidate,downstream ML prediction is not unbiased evaluation; toxicity attention element detected; rare metal attention element detected; structure unknown; additive unknown; sintering unknown,10.1002/anie.201402026,,30769,Bi0.5Sb1.5Te3,unknown,p,p,,,,,1.155275,1.372310578889082,1.0158272906201875,1.3619190600177506,1.155275,1.130652531927878,1.0158272906201875,1.3619190600177506,1.155275,1.372310578889082,1.0158272906201875,1.3619190600177506,73938.44,42454.985,61383.00494282523,45526.14340875351,0.9089721,0.93026385,0.0002396648,0.0002331685,1.155275,1.130652531927878,1.3619190600177506,301.08,452.488,151.40800000000002,14,True,True,True,True,True,True,True,Bi;Sb;Te,False,Bi;Sb;Te,True,Sb;Te,True,False,False,False,True,True,True,False,,True,True,,,,,,,,,no,,,no,unknown,ML_moderately_worse,not_evaluable,missing_additive_or_structure_annotation; possible_sintering_or_microstructure_effect,not_evaluable,candidate hypothesis only; no causal mechanism proven,0.2061669431903912,0.364665536283117,0.1584985930927258,0.1903401907005323,0.3877516538559835,0.1974114631554511,0.2981252376374451,0.6396525240591727,0.3415272864217276,True,True,True,True,60.0,B,observed high ZT; missing sintering info for high-ZT/error sample; manual review not checked,False,False,True,True,False,unknown,no,no,downstream_all_samples,not_unbiased_evaluation,https://doi.org/10.1002/anie.201402026
10.1002_anie.201402026__sample_30770,130,A,observed ZT >= threshold; ML predicted ZT >= threshold; fitting predicted ZT >= threshold; low thermal conductivity; high observed electrical conductivity; high ML predicted electrical conductivity; low kappa and high sigma; balanced recommended candidate,downstream ML prediction is not unbiased evaluation; toxicity attention element detected; rare metal attention element detected; structure unknown; additive unknown; sintering unknown,10.1002/anie.201402026,,30770,Bi0.53Sb1.5Te3,unknown,p,p,,,,,1.208062,1.270274481985099,1.301246768537643,1.4949682954858257,1.208062,1.0465845570195162,1.301246768537643,1.4949682954858257,1.208062,1.270274481985099,1.301246768537643,1.4949682954858257,80106.16,59761.735,61302.62203000144,45491.33305314595,0.9142204,0.9877514000000001,0.0002372638,0.0002242547,1.208062,1.0465845570195162,1.4949682954858257,298.363,448.955,150.59199999999998,14,True,True,True,True,True,True,True,Bi;Sb;Te,False,Bi;Sb;Te,True,Sb;Te,True,False,False,False,True,True,True,False,,True,True,,,,,,,,,no,,,no,unknown,ML_close_to_fitting,material_system_out_of_distribution,missing_additive_or_structure_annotation; possible_sintering_or_microstructure_effect,both_good,candidate hypothesis only; no causal mechanism proven,0.115049889319284,0.1175448767338275,0.0024949874145434,0.0926506547978915,0.0930900507346568,0.0004393959367652,0.1689347934849703,0.1589633039993679,-0.0099714894856024,True,True,True,True,60.0,B,observed high ZT; missing sintering info for high-ZT/error sample; manual review not checked,False,False,True,True,False,unknown,no,no,downstream_all_samples,not_unbiased_evaluation,https://doi.org/10.1002/anie.201402026
10.1002_anie.201402026__sample_30771,130,A,observed ZT >= threshold; ML predicted ZT >= threshold; fitting predicted ZT >= threshold; low thermal conductivity; high observed electrical conductivity; high ML predicted electrical conductivity; low kappa and high sigma; balanced recommended candidate,downstream ML prediction is not unbiased evaluation; toxicity attention element detected; rare metal attention element detected; structure unknown; additive unknown; sintering unknown,10.1002/anie.201402026,,30771,Bi0.6Sb1.5Te3,unknown,p,p,,,,,1.17937,1.3394100835402605,1.3902172676321298,1.7369737886516925,1.17937,1.1035456736553575,1.3902172676321298,1.7369737886516925,1.17937,1.3394100835402605,1.3902172676321298,1.7369737886516925,94698.51,61135.18,61302.62203000144,45491.33305314595,0.8949593,0.976425,0.000241255,0.0002286465,1.17937,1.1035456736553575,1.7369737886516925,297.685,449.577,151.892,14,True,True,True,True,True,True,True,Bi;Sb;Te,False,Bi;Sb;Te,True,Sb;Te,True,False,False,False,True,True,True,False,,True,True,,,,,,,,,no,,,no,unknown,ML_close_to_fitting,material_system_out_of_distribution,missing_additive_or_structure_annotation; possible_sintering_or_microstructure_effect,both_good,candidate hypothesis only; no causal mechanism proven,0.2262039670057266,0.2292473866953875,0.0030434196896608,0.2096405459871425,0.18979690392773,-0.0198436420594124,0.2493468807109556,0.24023419511427,-0.0091126855966855,True,True,True,True,60.0,B,observed high ZT; missing sintering info for high-ZT/error sample; manual review not checked,False,False,True,True,False,unknown,no,no,downstream_all_samples,not_unbiased_evaluation,https://doi.org/10.1002/anie.201402026
10.1039_c8ta08238c__sample_40610,130,A,observed ZT >= threshold; ML predicted ZT >= threshold; fitting predicted ZT >= threshold; low thermal conductivity; high observed electrical conductivity; high ML predicted electrical conductivity; low kappa and high sigma; balanced recommended candidate,downstream ML prediction is not unbiased evaluation; toxicity attention element detected; rare metal attention element detected; structure unknown; additive unknown; sintering unknown,10.1039/c8ta08238c,,40610,(Bi0.5Sb1.5Te3)87.21(Sb2O3)12.79,unknown,p,p,,,,,1.497599,1.072573083999176,1.414720861992444,1.4908931141459478,1.497599,1.466845622005299,1.414720861992444,1.4908931141459478,1.497599,1.072573083999176,1.414720861992444,1.4908931141459478,101809.5,64155.63,90362.9190979808,66575.22352210211,0.8658862,0.91375565,0.0002214778,0.00021692385000000002,1.497599,1.466845622005299,1.4908931141459478,300.022,474.978,174.95600000000002,8,True,True,True,True,True,True,True,Bi;O;Sb;Te,False,Bi;Sb;Te,True,Sb;Te,True,False,False,False,True,True,True,False,,True,True,,,,,,,,,no,,,no,unknown,ML_moderately_worse,material_system_out_of_distribution,missing_additive_or_structure_annotation; possible_sintering_or_microstructure_effect; tau_eff_ML_prediction_error,both_good,candidate hypothesis only; no causal mechanism proven,0.1242090891284132,0.3034565067950086,0.1792474176665953,0.1159119785060211,0.2360072697911019,0.1200952912850808,0.1203555970199039,0.2362327251942482,0.1158771281743443,True,True,True,True,60.0,B,observed high ZT; missing sintering info for high-ZT/error sample; manual review not checked,False,False,True,True,False,unknown,no,no,downstream_all_samples,not_unbiased_evaluation,https://doi.org/10.1039/c8ta08238c
10.1039_c8ta08238c__sample_40609,130,A,observed ZT >= threshold; ML predicted ZT >= threshold; fitting predicted ZT >= threshold; low thermal conductivity; high observed electrical conductivity; high ML predicted electrical conductivity; low kappa and high sigma; balanced recommended candidate,downstream ML prediction is not unbiased evaluation; toxicity attention element detected; rare metal attention element detected; structure unknown; additive unknown; sintering unknown,10.1039/c8ta08238c,,40609,(Bi0.5Sb1.5Te3)91.26(Sb2O3)8.74,unknown,p,p,,,,,1.52305,1.0737410362320663,1.4480869948882271,1.526927301872721,1.52305,1.4684429076775622,1.4480869948882271,1.526927301872721,1.52305,1.0737410362320663,1.4480869948882271,1.526927301872721,102685.7,65854.175,90362.9190979808,66575.22352210211,0.8769574,0.9394487,0.000222255,0.0002207977,1.52305,1.4684429076775622,1.526927301872721,301.795,474.598,172.803,8,True,True,True,True,True,True,True,Bi;O;Sb;Te,False,Bi;Sb;Te,True,Sb;Te,True,False,False,False,True,True,True,False,,True,True,,,,,,,,,no,,,no,unknown,ML_moderately_worse,material_system_out_of_distribution,missing_additive_or_structure_annotation; possible_sintering_or_microstructure_effect; tau_eff_ML_prediction_error,both_good,candidate hypothesis only; no causal mechanism proven,0.1179312666022673,0.321504772462814,0.2035735058605466,0.108421814012437,0.2386101101559234,0.1301882961434864,0.1080396558210927,0.212364572578541,0.1043249167574482,True,True,True,True,60.0,B,observed high ZT; missing sintering info for high-ZT/error sample; manual review not checked,False,False,True,True,False,unknown,no,no,downstream_all_samples,not_unbiased_evaluation,https://doi.org/10.1039/c8ta08238c
10.1039_c6ra06688g__sample_9082,130,A,observed ZT >= threshold; ML predicted ZT >= threshold; fitting predicted ZT >= threshold; low thermal conductivity; high observed electrical conductivity; high ML predicted electrical conductivity; low kappa and high sigma; balanced recommended candidate,downstream ML prediction is not unbiased evaluation; toxicity attention element detected; rare metal attention element detected; structure unknown; additive unknown; sintering unknown,10.1039/c6ra06688g,,9082,Bi0.4Sb1.6Te3,unknown,p,p,,,,,1.282962,1.1028113353222202,1.196360720540687,1.27832279309244,1.282962,0.9086109570985192,1.196360720540687,1.27832279309244,1.282962,1.1028113353222202,1.196360720540687,1.27832279309244,92298.0,59188.86,61342.81348641334,45194.55059773344,1.125496,1.1839944999999998,0.0002465919,0.0002374694,1.282962,0.9086109570985192,1.27832279309244,297.715,471.079,173.36400000000003,8,True,True,True,True,True,True,True,Bi;Sb;Te,False,Bi;Sb;Te,True,Sb;Te,True,False,False,False,True,True,True,False,,True,True,,,,,,,,,no,,,no,unknown,ML_close_to_fitting,material_system_out_of_distribution,missing_additive_or_structure_annotation; possible_sintering_or_microstructure_effect,both_good,candidate hypothesis only; no causal mechanism proven,0.0988711876298701,0.1280819208239822,0.0292107331941121,0.0918142225021233,0.0929738974562794,0.001159674954156,0.0925334869207347,0.0932318659651354,0.0006983790444006,True,True,True,True,60.0,B,observed high ZT; missing sintering info for high-ZT/error sample; manual review not checked,False,False,True,True,False,unknown,no,no,downstream_all_samples,not_unbiased_evaluation,https://doi.org/10.1039/c6ra06688g
10.1039_d4ee01652a__sample_83923,130,A,observed ZT >= threshold; ML predicted ZT >= threshold; fitting predicted ZT >= threshold; low thermal conductivity; high observed electrical conductivity; high ML predicted electrical conductivity; low kappa and high sigma; balanced recommended candidate,downstream ML prediction is not unbiased evaluation; toxicity attention element detected; rare metal attention element detected; structure unknown; additive unknown; sintering unknown,10.1039/d4ee01652a,,83923,Bi0.4Sb1.6Te3,unknown,p,p,,,,,1.156,1.5574893196942632,1.7910272463883956,1.92475688755092,1.156,1.283222085330349,1.7910272463883956,1.92475688755092,1.156,1.5574893196942632,1.7910272463883956,1.92475688755092,97940.0,61650.0,61342.81348641334,44893.90032503121,0.65644,0.71227,0.0002262,0.0002173,1.156,1.283222085330349,1.92475688755092,297.6,497.0,199.39999999999998,9,True,True,True,True,True,True,True,Bi;Sb;Te,False,Bi;Sb;Te,True,Sb;Te,True,False,False,False,True,True,True,False,,True,True,,,,,,,,,no,,,no,unknown,ML_better_than_fitting,not_evaluable,missing_additive_or_structure_annotation; possible_sintering_or_microstructure_effect,not_evaluable,candidate hypothesis only; no causal mechanism proven,0.1215618276939608,0.185195414812839,0.0636335871188782,0.1095833269061432,0.1333799099203613,0.023796583014218,0.5498097401657834,0.3477249565766228,-0.2020847835891606,True,True,True,True,60.0,B,observed high ZT; missing sintering info for high-ZT/error sample; manual review not checked,False,False,True,True,False,unknown,no,no,downstream_all_samples,not_unbiased_evaluation,https://doi.org/10.1039/d4ee01652a
10.1063_1.4984914__sample_49635,130,A,observed ZT >= threshold; ML predicted ZT >= threshold; fitting predicted ZT >= threshold; low thermal conductivity; high observed electrical conductivity; high ML predicted electrical conductivity; low kappa and high sigma; balanced recommended candidate,downstream ML prediction is not unbiased evaluation; toxicity attention element detected; rare metal attention element detected; structure unknown; additive unknown; sintering unknown,10.1063/1.4984914,,49635,(Bi2Te3)0.25(Sb2Te3)0.75,unknown,p,p,,,,,1.124518,1.0079344905480303,1.1306869039590322,1.123299336865594,1.124518,0.8304415205179856,1.1306869039590322,1.123299336865594,1.124518,1.0079344905480303,1.1306869039590322,1.123299336865594,94823.0,59877.0,61342.81348641334,44893.90032503121,1.008565,1.034654,0.00021893,0.0002136626,1.124518,0.8304415205179856,1.123299336865594,300.0,499.81,199.81,9,True,True,True,True,True,True,True,Bi;Sb;Te,False,Bi;Sb;Te,True,Sb;Te,True,False,False,False,True,True,True,False,,True,True,,,,,,,,,no,,,no,unknown,ML_close_to_fitting,material_system_out_of_distribution,missing_additive_or_structure_annotation; possible_sintering_or_microstructure_effect,both_good,candidate hypothesis only; no causal mechanism proven,0.1054896431967274,0.1559973246616619,0.0505076814649344,0.0984420989782146,0.1092279247830815,0.0107858258048668,0.0933960119163608,0.1104654005829052,0.0170693886665443,True,True,True,True,60.0,B,observed high ZT; missing sintering info for high-ZT/error sample; manual review not checked,False,False,True,True,False,unknown,no,no,downstream_all_samples,not_unbiased_evaluation,https://doi.org/10.1063/1.4984914
10.1039_c6ra06688g__sample_9086,130,A,observed ZT >= threshold; ML predicted ZT >= threshold; fitting predicted ZT >= threshold; low thermal conductivity; high observed electrical conductivity; high ML predicted electrical conductivity; low kappa and high sigma; balanced recommended candidate,downstream ML prediction is not unbiased evaluation; toxicity attention element detected; rare metal attention element detected; structure unknown; additive unknown; sintering unknown,10.1039/c6ra06688g,,9086,Bi0.4Sb1.6Te3,unknown,p,p,,,,,1.17893,1.6377464204679584,1.1379892108702916,1.1801213563188626,1.17893,1.3493462525494258,1.1379892108702916,1.1801213563188626,1.17893,1.6377464204679584,1.1379892108702916,1.1801213563188626,58984.72,37902.884999999995,61411.93138138079,45243.430138732394,0.8776204,0.8974504000000001,0.000260456,0.0002546241,1.17893,1.3493462525494258,1.1801213563188626,296.109,470.849,174.74,8,True,True,True,True,True,True,True,Bi;Sb;Te,False,Bi;Sb;Te,True,Sb;Te,True,False,False,False,True,True,True,False,,True,True,,,,,,,,,no,,,no,unknown,ML_moderately_worse,material_system_out_of_distribution,missing_additive_or_structure_annotation; possible_sintering_or_microstructure_effect,both_good,candidate hypothesis only; no causal mechanism proven,0.0959343769477342,0.3764861968044336,0.2805518198566994,0.0894116336493032,0.4457575352934996,0.3563459016441963,0.0887627106265404,0.4443301552565631,0.3555674446300227,True,True,True,True,60.0,B,observed high ZT; missing sintering info for high-ZT/error sample; manual review not checked,False,False,True,True,False,unknown,no,no,downstream_all_samples,not_unbiased_evaluation,https://doi.org/10.1039/c6ra06688g
10.1039_c6ra06688g__sample_9087,130,A,observed ZT >= threshold; ML predicted ZT >= threshold; fitting predicted ZT >= threshold; low thermal conductivity; high observed electrical conductivity; high ML predicted electrical conductivity; low kappa and high sigma; balanced recommended candidate,downstream ML prediction is not unbiased evaluation; toxicity attention element detected; rare metal attention element detected; structure unknown; additive unknown; sintering unknown,10.1039/c6ra06688g,,9087,Bi0.4Sb1.6Te3,unknown,p,p,,,,,1.273199,1.1278258635261116,1.1809341458051226,1.2661455457899855,1.273199,0.9292205334464672,1.1809341458051226,1.2661455457899855,1.273199,1.1278258635261116,1.1809341458051226,1.2661455457899855,87937.41,56642.96,61342.81348641334,45194.55059773344,1.180753,1.2635985,0.0002532558,0.0002428634,1.273199,0.9292205334464672,1.2661455457899855,294.992,469.44,174.44799999999998,8,True,True,True,True,True,True,True,Bi;Sb;Te,False,Bi;Sb;Te,True,Sb;Te,True,False,False,False,True,True,True,False,,True,True,,,,,,,,,no,,,no,unknown,ML_close_to_fitting,material_system_out_of_distribution,missing_additive_or_structure_annotation; possible_sintering_or_microstructure_effect,both_good,candidate hypothesis only; no causal mechanism proven,0.0840229945202014,0.0957974564977203,0.0117744619775189,0.0769963911302822,0.0735337542938906,-0.0034626368363916,0.07627644271372,0.0728461829780112,-0.0034302597357088,True,True,True,True,60.0,B,observed high ZT; missing sintering info for high-ZT/error sample; manual review not checked,False,False,True,True,False,unknown,no,no,downstream_all_samples,not_unbiased_evaluation,https://doi.org/10.1039/c6ra06688g
10.1039_c6ra06688g__sample_9088,130,A,observed ZT >= threshold; ML predicted ZT >= threshold; fitting predicted ZT >= threshold; low thermal conductivity; high observed electrical conductivity; high ML predicted electrical conductivity; low kappa and high sigma; balanced recommended candidate,downstream ML prediction is not unbiased evaluation; toxicity attention element detected; rare metal attention element detected; structure unknown; additive unknown; sintering unknown,10.1039/c6ra06688g,,9088,Bi0.4Sb1.6Te3,unknown,p,p,,,,,1.286167,1.209040313026416,1.2215409017990535,1.2831574555318443,1.286167,0.9961334643596595,1.2215409017990535,1.2831574555318443,1.286167,1.209040313026416,1.2215409017990535,1.2831574555318443,85092.46,54822.19,61342.81348641334,45194.55059773344,1.133891,1.215063,0.0002565988,0.00024388079999999998,1.286167,0.9961334643596595,1.2831574555318443,295.239,469.445,174.20600000000002,8,True,True,True,True,True,True,True,Bi;Sb;Te,False,Bi;Sb;Te,True,Sb;Te,True,False,False,False,True,True,True,False,,True,True,,,,,,,,,no,,,no,unknown,ML_close_to_fitting,material_system_out_of_distribution,missing_additive_or_structure_annotation; possible_sintering_or_microstructure_effect,both_good,candidate hypothesis only; no causal mechanism proven,0.0856989953154008,0.0863140968490209,0.00061510153362,0.0783149800809123,0.077513546940779,-0.0008014331401332,0.0776169003428894,0.0768226109731561,-0.0007942893697333,True,True,True,True,60.0,B,observed high ZT; missing sintering info for high-ZT/error sample; manual review not checked,False,False,True,True,False,unknown,no,no,downstream_all_samples,not_unbiased_evaluation,https://doi.org/10.1039/c6ra06688g
10.1039_c8ee03162b__sample_39800,130,A,observed ZT >= threshold; ML predicted ZT >= threshold; fitting predicted ZT >= threshold; low thermal conductivity; high observed electrical conductivity; high ML predicted electrical conductivity; low kappa and high sigma; balanced recommended candidate,downstream ML prediction is not unbiased evaluation; toxicity attention element detected; rare metal attention element detected; structure unknown; additive unknown; sintering unknown,10.1039/c8ee03162b,,39800,Sn0.57Sb0.13Ge0.3Te,unknown,p,p,,,,,1.252046,1.1354648562586942,1.849234383745033,1.1828248232507943,1.252046,1.9460619919292292,1.849234383745033,1.1828248232507943,1.252046,1.1354648562586942,1.849234383745033,1.1828248232507943,227867.0,155821.6,234757.28986191563,149358.87045503606,1.549339,1.749776,0.0001715722,0.0001715722,1.252046,1.9460619919292292,1.1828248232507943,297.296,720.542,423.24600000000004,10,True,True,True,True,True,True,True,Ge;Sb;Sn;Te,False,Ge;Sb;Te,True,Sb;Te,True,False,False,False,True,True,True,False,,True,True,,,,,,,,,no,,,no,unknown,ML_better_than_fitting,material_system_out_of_distribution,missing_additive_or_structure_annotation; possible_sintering_or_microstructure_effect,both_good,candidate hypothesis only; no causal mechanism proven,0.1800375514014772,0.5198977380104512,0.339860186608974,0.5634051191644478,0.0400397134564232,-0.5233654057080246,0.4769700024959409,0.0931125084392313,-0.3838574940567096,True,True,True,True,60.0,B,observed high ZT; missing sintering info for high-ZT/error sample; manual review not checked,False,False,True,True,False,unknown,no,no,downstream_all_samples,not_unbiased_evaluation,https://doi.org/10.1039/c8ee03162b
10.1039_c6ra06688g__sample_9090,130,A,observed ZT >= threshold; ML predicted ZT >= threshold; fitting predicted ZT >= threshold; low thermal conductivity; high observed electrical conductivity; high ML predicted electrical conductivity; low kappa and high sigma; balanced recommended candidate,downstream ML prediction is not unbiased evaluation; toxicity attention element detected; rare metal attention element detected; structure unknown; additive unknown; sintering unknown,10.1039/c6ra06688g,,9090,Bi0.4Sb1.6Te3,unknown,p,p,,,,,1.248703,1.898462795461608,1.1933608836100649,1.248773194745138,1.248703,1.564151584546691,1.1933608836100649,1.248773194745138,1.248703,1.898462795461608,1.1933608836100649,1.248773194745138,51749.64,34281.65,61411.93138138079,45243.430138732394,0.7941423,0.8125522999999999,0.0002695349,0.00026226745,1.248703,1.564151584546691,1.248773194745138,299.392,470.211,170.81900000000002,8,True,True,True,True,True,True,True,Bi;Sb;Te,False,Bi;Sb;Te,True,Sb;Te,True,False,False,False,True,True,True,False,,True,True,,,,,,,,,no,,,no,unknown,ML_much_worse,missing_additive_or_structure_annotation,possible_sintering_or_microstructure_effect,both_poor,candidate hypothesis only; no causal mechanism proven,0.082282478766271,0.4715059701659609,0.3892234913996899,0.0762719067083957,0.5962309438717244,0.5199590371633286,0.0777344991604435,0.597343433199259,0.5196089340388155,True,True,True,True,120.0,A,ML much worse than fitting; observed high ZT; missing additive info and ML bad; missing structure info and ML bad; missing sintering info for high-ZT/error sample; manual review not checked,True,True,True,True,True,unknown,no,no,downstream_all_samples,not_unbiased_evaluation,https://doi.org/10.1039/c6ra06688g
10.1039_c7ee00098g__sample_31370,130,A,observed ZT >= threshold; ML predicted ZT >= threshold; fitting predicted ZT >= threshold; low thermal conductivity; high observed electrical conductivity; high ML predicted electrical conductivity; low kappa and high sigma; balanced recommended candidate,downstream ML prediction is not unbiased evaluation; toxicity attention element detected; rare metal attention element detected; structure unknown; additive unknown; sintering unknown,10.1039/c7ee00098g,,31370,Mg3.05Nb0.15Sb1.5Bi0.49Te0.01,unknown,n,n,,,,,1.530769,2.8622617239223462,2.185983228528951,1.5435497474647135,1.530769,1.3318219720926905,2.185983228528951,1.5435497474647135,1.530769,2.8622617239223462,2.185983228528951,1.5435497474647135,40901.82,37820.509999999995,28875.071293490964,19136.93894801569,0.8247159,0.9110369,0.0002829062,0.00026525349999999997,1.530769,1.3318219720926905,1.5435497474647135,301.762,769.161,467.39899999999994,12,True,True,True,True,True,True,True,Bi;Mg;Nb;Sb;Te,False,Bi;Sb;Te,True,Sb;Te,True,False,False,False,True,True,True,False,,True,True,,,,,,,,,no,,,no,unknown,ML_moderately_worse,not_evaluable,missing_additive_or_structure_annotation; possible_sintering_or_microstructure_effect,not_evaluable,candidate hypothesis only; no causal mechanism proven,0.165917205184775,0.3165182217445605,0.1506010165597855,0.1609365689212535,0.4079912632799177,0.2470546943586642,0.2340072480994827,0.563417335582475,0.3294100874829922,True,True,True,True,60.0,B,observed high ZT; missing sintering info for high-ZT/error sample; manual review not checked,False,False,True,True,False,unknown,no,no,downstream_all_samples,not_unbiased_evaluation,https://doi.org/10.1039/c7ee00098g
10.1039_c7ee00098g__sample_31369,130,A,observed ZT >= threshold; ML predicted ZT >= threshold; fitting predicted ZT >= threshold; low thermal conductivity; high observed electrical conductivity; high ML predicted electrical conductivity; low kappa and high sigma; balanced recommended candidate,downstream ML prediction is not unbiased evaluation; toxicity attention element detected; rare metal attention element detected; structure unknown; additive unknown; sintering unknown,10.1039/c7ee00098g,,31369,Mg3.1Nb0.1Sb1.5Bi0.49Te0.01,unknown,n,n,,,,,1.053846,1.4440615634846388,1.0998122215145223,1.2566721194313646,1.053846,0.6719276938336136,1.0998122215145223,1.2566721194313646,1.053846,1.4440615634846388,1.0998122215145223,1.2566721194313646,40639.16,38261.58,28875.071293490964,19136.93894801569,0.8366822,0.9589017,0.0002590445,0.00023148795,1.053846,0.6719276938336136,1.2566721194313646,301.718,769.244,467.526,12,True,True,True,True,True,True,True,Bi;Mg;Nb;Sb;Te,False,Bi;Sb;Te,True,Sb;Te,True,False,False,False,True,True,True,False,,True,True,,,,,,,,,no,,,no,unknown,not_evaluated,not_evaluable,missing_additive_or_structure_annotation; possible_sintering_or_microstructure_effect,not_evaluable,candidate hypothesis only; no causal mechanism proven,0.1704554563627865,0.3212683654916891,0.1508129091289026,0.1079449755191715,0.2924192554370654,0.1844742799178939,,,,True,True,True,True,60.0,B,observed high ZT; missing sintering info for high-ZT/error sample; manual review not checked,False,False,True,True,False,unknown,no,no,downstream_all_samples,not_unbiased_evaluation,https://doi.org/10.1039/c7ee00098g
10.1002_aenm.201601450__sample_3187,115,A,observed ZT >= threshold; ML predicted ZT >= threshold; fitting predicted ZT >= threshold; low thermal conductivity; high observed electrical conductivity; high ML predicted electrical conductivity; low kappa and high sigma; balanced recommended candidate,downstream ML prediction is not unbiased evaluation; toxicity attention element detected; rare metal attention element detected; structure unknown; additive unknown; sintering unknown; ML much worse than fitting,10.1002/aenm.201601450,,3187,PbTeNa0.02(SrTe)0.04,unknown,p,p,,,,,1.823886,1.1495399890393785,3.0491196262768496,2.041020150709405,1.823886,2.2628984861375425,3.0491196262768496,2.041020150709405,1.823886,1.1495399890393785,3.0491196262768496,2.041020150709405,215958.0,60860.4,96058.7303378938,53638.1016696593,0.9778851,1.2041715,0.0002363996,0.0002174452,1.823886,2.2628984861375425,2.041020150709405,298.338,926.593,628.2549999999999,13,True,True,True,True,True,True,True,Na;Pb;Sr;Te,False,Te,True,Pb;Te,True,False,False,False,True,True,True,False,,True,True,,,,,,,,,no,,,no,unknown,ML_moderately_worse,insufficient_material_features,missing_additive_or_structure_annotation; possible_sintering_or_microstructure_effect,fitting_good_ML_bad,candidate hypothesis only; no causal mechanism proven,0.2988930403308747,1.0202547898733398,0.7213617495424651,0.340729353040147,0.4945354086745439,0.1538060556343968,0.1579948296722586,0.5634276358535236,0.405432806181265,True,True,True,True,60.0,B,observed high ZT; missing sintering info for high-ZT/error sample; manual review not checked,False,False,True,True,False,unknown,no,no,downstream_all_samples,not_unbiased_evaluation,https://doi.org/10.1002/aenm.201601450
10.1016_j.mtphys.2021.100497__sample_45596,115,A,observed ZT >= threshold; ML predicted ZT >= threshold; fitting predicted ZT >= threshold; low thermal conductivity; high observed electrical conductivity; high ML predicted electrical conductivity; low kappa and high sigma; balanced recommended candidate,downstream ML prediction is not unbiased evaluation; toxicity attention element detected; rare metal attention element detected; structure unknown; additive unknown; sintering unknown; ML much worse than fitting,10.1016/j.mtphys.2021.100497,,45596,Ge0.75Al0.01Pb0.1Sb0.1Te,unknown,p,p,,,,,2.052957,4.276115127689025,1.4069397144331828,2.1350468721826936,2.052957,2.6982930920959056,1.4069397144331828,2.1350468721826936,2.052957,4.276115127689025,1.4069397144331828,2.1350468721826936,38378.61,18284.97,65407.92385947319,41432.481073930016,0.7399166,0.8233658,0.0003253554,0.00028035349999999996,2.052957,2.6982930920959056,2.1350468721826936,299.866,772.998,473.13200000000006,11,True,True,True,True,True,True,True,Al;Ge;Pb;Sb;Te,False,Ge;Sb;Te,True,Pb;Sb;Te,True,False,False,False,True,True,True,False,,True,True,,,,,,,,,no,,,no,unknown,ML_much_worse,missing_additive_or_structure_annotation,possible_sintering_or_microstructure_effect; tau_eff_ML_prediction_error,both_poor,candidate hypothesis only; no causal mechanism proven,0.5932081385060187,1.26000503024418,0.6667968917381611,0.643322448508891,2.5814933272925105,1.93817087878362,0.681387217951474,2.4097755872727946,1.728388369321321,True,True,True,True,120.0,A,ML much worse than fitting; observed high ZT; missing additive info and ML bad; missing structure info and ML bad; missing sintering info for high-ZT/error sample; manual review not checked,True,True,True,True,True,unknown,no,no,downstream_all_samples,not_unbiased_evaluation,https://doi.org/10.1016/j.mtphys.2021.100497
10.1016_j.mtphys.2021.100497__sample_45595,115,A,observed ZT >= threshold; ML predicted ZT >= threshold; fitting predicted ZT >= threshold; low thermal conductivity; high observed electrical conductivity; high ML predicted electrical conductivity; low kappa and high sigma; balanced recommended candidate,downstream ML prediction is not unbiased evaluation; toxicity attention element detected; rare metal attention element detected; structure unknown; additive unknown; sintering unknown; ML much worse than fitting,10.1016/j.mtphys.2021.100497,,45595,Ge0.76Pb0.1Sb0.1Te,unknown,p,p,,,,,1.825997,5.2237291920260445,1.5673773857808042,1.899375762912152,1.825997,3.032740748595445,1.5673773857808042,1.899375762912152,1.825997,5.2237291920260445,1.5673773857808042,1.899375762912152,32604.57,19709.23,58798.1630175344,37245.545075545335,0.72879,0.8122392,0.0003383293,0.00029601425,1.825997,3.032740748595445,1.899375762912152,302.198,772.123,469.92500000000007,11,True,True,True,True,True,True,True,Ge;Pb;Sb;Te,False,Ge;Sb;Te,True,Pb;Sb;Te,True,False,False,False,True,True,True,False,,True,True,,,,,,,,,no,,,no,unknown,ML_much_worse,tau_eff_ML_prediction_error,missing_additive_or_structure_annotation; possible_sintering_or_microstructure_effect,fitting_good_ML_bad,candidate hypothesis only; no causal mechanism proven,0.460112771076639,1.2887423878859163,0.8286296168092773,0.4632109307097948,2.595829849386246,2.132618918676452,0.4687341640443389,2.68550475750219,2.216770593457852,True,True,True,True,120.0,A,ML much worse than fitting; observed high ZT; missing additive info and ML bad; missing structure info and ML bad; missing sintering info for high-ZT/error sample; manual review not checked,True,True,True,True,True,unknown,no,no,downstream_all_samples,not_unbiased_evaluation,https://doi.org/10.1016/j.mtphys.2021.100497
10.1016_j.mtphys.2018.05.001__sample_44015,115,A,observed ZT >= threshold; ML predicted ZT >= threshold; fitting predicted ZT >= threshold; low thermal conductivity; high observed electrical conductivity; high ML predicted electrical conductivity; low kappa and high sigma; balanced recommended candidate,downstream ML prediction is not unbiased evaluation; toxicity attention element detected; rare metal attention element detected; structure unknown; additive unknown; sintering unknown; ML much worse than fitting,10.1016/j.mtphys.2018.05.001,,44015,Ag9GaSe5.23Te0.75,unknown,n,n,,,,,1.367921,4.724297663585607,1.9987640443084704,1.3325676409126268,1.367921,3.0657923099370024,1.9987640443084704,1.3325676409126268,1.367921,4.724297663585607,1.9987640443084704,1.3325676409126268,25221.59,14222.625,30329.970812425,22535.197750245155,0.3001536,0.3695171,0.0002274617,0.00019575295,1.367921,3.0657923099370024,1.3325676409126268,300.032,847.205,547.173,12,True,True,True,True,True,True,True,Ag;Ga;Se;Te,False,Ag;Ga;Se;Te,True,Se;Te,True,False,False,False,True,True,True,False,,True,True,,,,,,,,,no,,,no,unknown,ML_much_worse,tau_eff_ML_prediction_error,missing_additive_or_structure_annotation; possible_sintering_or_microstructure_effect,fitting_good_ML_bad,candidate hypothesis only; no causal mechanism proven,0.2246801206941852,0.8890488249234724,0.6643687042292871,0.2029789098909279,1.4263046177791503,1.2233257078882225,0.2036357221360043,1.2646023455040274,1.060966623368023,True,True,True,True,120.0,A,ML much worse than fitting; observed high ZT; missing additive info and ML bad; missing structure info and ML bad; missing sintering info for high-ZT/error sample; manual review not checked,True,True,True,True,True,unknown,no,no,downstream_all_samples,not_unbiased_evaluation,https://doi.org/10.1016/j.mtphys.2018.05.001
10.1063_1.4887504__sample_24346,115,A,observed ZT >= threshold; ML predicted ZT >= threshold; fitting predicted ZT >= threshold; low thermal conductivity; high observed electrical conductivity; high ML predicted electrical conductivity; low kappa and high sigma; balanced recommended candidate,downstream ML prediction is not unbiased evaluation; toxicity attention element detected; rare metal attention element detected; structure unknown; additive unknown; sintering unknown; ML much worse than fitting,10.1063/1.4887504,,24346,"Sb2Te3/poly(3,4-ethylenedioxythiophene)",unknown,p,p,,,,,1.147905,4.458165804807266,1.2316903728898227,1.2662466909070835,1.147905,4.270112992042893,1.2316903728898227,1.2662466909070835,1.147905,4.458165804807266,1.2316903728898227,1.2662466909070835,13107.36,12827.855,59229.70788629244,43189.0519134588,0.1414579,0.1598876,0.0001751599,0.0001526602,1.147905,4.270112992042893,1.2662466909070835,301.698,521.244,219.54600000000005,10,True,True,True,True,True,True,True,Sb;Te,False,Sb;Te,True,Sb;Te,True,False,False,False,True,True,True,False,,True,True,,,,,,,,,no,,,no,unknown,ML_much_worse,tau_eff_ML_prediction_error,missing_additive_or_structure_annotation; possible_sintering_or_microstructure_effect,fitting_good_ML_bad,candidate hypothesis only; no causal mechanism proven,0.1155856228405885,1.2915324764425975,1.175946853602009,0.0963878001266964,2.73547874126498,2.6390909411382832,0.1042207086922332,2.9670245132636,2.862803804571367,True,True,True,True,120.0,A,ML much worse than fitting; observed high ZT; missing additive info and ML bad; missing structure info and ML bad; missing sintering info for high-ZT/error sample; manual review not checked,True,True,True,True,True,unknown,no,no,downstream_all_samples,not_unbiased_evaluation,https://doi.org/10.1063/1.4887504
10.1063_1.4901178__sample_9521,115,A,observed ZT >= threshold; low thermal conductivity; high observed electrical conductivity; high ML predicted electrical conductivity; low kappa and high sigma; toxicity attention elements not detected; balanced recommended candidate,downstream ML prediction is not unbiased evaluation; rare metal attention element detected; structure unknown; additive unknown; sintering unknown,10.1063/1.4901178,,9521,Mg2.08Si0.395Sn0.6Bi0.005,,n,n,"estimated from Seebeck sign: positive=0, negative=11, zero=0, positive_ratio=0.000, negative_ratio=1.000",n,"estimated from Seebeck sign: positive=0, negative=11, zero=0, positive_ratio=0.000, negative_ratio=1.000",high,1.123196,0.884909700424435,0.7460838624840305,0.8092641957634719,1.123196,0.884909700424435,0.7460838624840305,0.8092641957634719,,,,,88695.58,58600.34,102875.24784049272,64606.90849836084,1.919635,2.01113,0.0002707363,0.00025752785,1.123196,0.884909700424435,0.8092641957634719,296.213,764.274,468.061,11,True,False,False,True,True,True,True,Bi;Mg;Si;Sn,False,Bi,True,,False,False,True,False,True,True,True,False,,True,False,,auto_step9,,,auto_step9,,,,no,,,no,,,,,,,,,,,,,,,,,,,,,,,False,False,False,True,True,unknown,no,no,downstream_all_samples,not_unbiased_evaluation,https://doi.org/10.1063/1.4901178
10.1016_j.mattod.2017.11.005__sample_41017,115,A,observed ZT >= threshold; ML predicted ZT >= threshold; fitting predicted ZT >= threshold; low thermal conductivity; high observed electrical conductivity; high ML predicted electrical conductivity; low kappa and high sigma; balanced recommended candidate,downstream ML prediction is not unbiased evaluation; toxicity attention element detected; rare metal attention element detected; structure unknown; additive unknown; sintering unknown; ML much worse than fitting,10.1016/j.mattod.2017.11.005,,41017,Sn0.97Na0.03Se,unknown,p,p,,,,,1.6136,1.201481919258241,2.775212406514114,2.6307108169958737,1.6136,0.7060305565455347,2.775212406514114,2.6307108169958737,1.6136,1.201481919258241,2.775212406514114,2.6307108169958737,108571.1,26035.754999999997,12234.440228296133,8136.337292943796,0.7852825,0.7852825,0.0004314864,0.0003818225,1.6136,0.7060305565455347,2.6307108169958737,319.517,923.978,604.461,24,True,True,True,True,True,True,True,Na;Se;Sn,False,Se,True,Se,True,False,False,False,True,True,True,False,,True,True,,,,,,,,,no,,,no,unknown,ML_better_than_fitting,not_evaluable,missing_additive_or_structure_annotation; possible_sintering_or_microstructure_effect; tau_eff_ML_prediction_error,not_evaluable,candidate hypothesis only; no causal mechanism proven,0.399179180494112,0.9274698045001764,0.5282906240060644,0.2087887959009014,0.6374556225216302,0.4286668266207287,0.7198887001202989,0.2554028760174509,-0.464485824102848,True,True,True,True,60.0,B,observed high ZT; missing sintering info for high-ZT/error sample; manual review not checked,False,False,True,True,False,unknown,no,no,downstream_all_samples,not_unbiased_evaluation,https://doi.org/10.1016/j.mattod.2017.11.005
10.1039_c6ra06688g__sample_9089,115,A,observed ZT >= threshold; ML predicted ZT >= threshold; fitting predicted ZT >= threshold; low thermal conductivity; high observed electrical conductivity; high ML predicted electrical conductivity; low kappa and high sigma; balanced recommended candidate,downstream ML prediction is not unbiased evaluation; toxicity attention element detected; rare metal attention element detected; structure unknown; additive unknown; sintering unknown; ML much worse than fitting,10.1039/c6ra06688g,,9089,Bi0.4Sb1.6Te3,unknown,p,p,,,,,1.084438,1.961895484688396,1.069484610743421,1.0828247393825434,1.084438,1.6164140474210351,1.069484610743421,1.0828247393825434,1.084438,1.961895484688396,1.069484610743421,1.0828247393825434,44238.98,29672.83,61411.93138138079,45243.430138732394,0.7841004,0.8158996000000001,0.0002718605,0.0002624128,1.084438,1.6164140474210351,1.0828247393825434,294.168,469.505,175.337,8,True,True,True,True,True,True,True,Bi;Sb;Te,False,Bi;Sb;Te,True,Sb;Te,True,False,False,False,True,True,True,False,,True,True,,,,,,,,,no,,,no,unknown,ML_much_worse,missing_additive_or_structure_annotation,possible_sintering_or_microstructure_effect,both_poor,candidate hypothesis only; no causal mechanism proven,0.0676559104891893,0.6104946746114984,0.5428387641223091,0.062429345818414,0.8386299293680742,0.7762005835496603,0.0641681057916792,0.837342422306607,0.7731743165149279,True,True,True,True,120.0,A,ML much worse than fitting; observed high ZT; missing additive info and ML bad; missing structure info and ML bad; missing sintering info for high-ZT/error sample; manual review not checked,True,True,True,True,True,unknown,no,no,downstream_all_samples,not_unbiased_evaluation,https://doi.org/10.1039/c6ra06688g
10.1021_jacs.8b04193__sample_44993,115,A,observed ZT >= threshold; ML predicted ZT >= threshold; fitting predicted ZT >= threshold; low thermal conductivity; high observed electrical conductivity; high ML predicted electrical conductivity; low kappa and high sigma; balanced recommended candidate,downstream ML prediction is not unbiased evaluation; toxicity attention element detected; rare metal attention element detected; structure unknown; additive unknown; sintering unknown; ML much worse than fitting,10.1021/jacs.8b04193,,44993,Na1.10Pb9.90Sb0.85Te12,unknown,p,p,,,,,1.348419,3.386169847535385,1.3053984273189998,1.2345585394588283,1.348419,1.4609613856364216,1.3053984273189998,1.2345585394588283,1.348419,3.386169847535385,1.3053984273189998,1.2345585394588283,41595.74,12739.36,25419.39830423484,17366.66307221297,0.7043019,0.7351899,0.0003596798,0.0003366812,1.348419,1.4609613856364216,1.2345585394588283,324.321,862.89,538.569,12,True,True,True,True,True,True,True,Na;Pb;Sb;Te,False,Sb;Te,True,Pb;Sb;Te,True,False,False,False,True,True,True,False,,True,True,,,,,,,,,no,,,no,unknown,ML_much_worse,tau_eff_ML_prediction_error,missing_additive_or_structure_annotation; possible_sintering_or_microstructure_effect,fitting_good_ML_bad,candidate hypothesis only; no causal mechanism proven,0.3158537737890582,1.0041598274249757,0.6883060536359173,0.2571671451804483,1.7189659762422005,1.4617988310617522,0.1731507852132926,1.255950372651874,1.0827995874385814,True,True,True,True,120.0,A,ML much worse than fitting; observed high ZT; missing additive info and ML bad; missing structure info and ML bad; missing sintering info for high-ZT/error sample; manual review not checked,True,True,True,True,True,unknown,no,no,downstream_all_samples,not_unbiased_evaluation,https://doi.org/10.1021/jacs.8b04193
10.3724_sp.j.1077.2011.00680__sample_16915,115,A,observed ZT >= threshold; ML predicted ZT >= threshold; fitting predicted ZT >= threshold; low thermal conductivity; high observed electrical conductivity; high ML predicted electrical conductivity; low kappa and high sigma; balanced recommended candidate,downstream ML prediction is not unbiased evaluation; toxicity attention element detected; rare metal attention element detected; structure unknown; additive unknown; sintering unknown; ML much worse than fitting,10.3724/sp.j.1077.2011.00680,,16915,Ag0.99Na0.01SbTe2,unknown,p,p,,,,,1.188339,3.2069004249187776,1.0697284533715905,1.1878053376949256,1.188339,1.249701015977155,1.0697284533715905,1.1878053376949256,1.188339,3.2069004249187776,1.0697284533715905,1.1878053376949256,16947.67,14745.64,22559.364431261016,16833.675316017358,0.5093272,0.5666666499999999,0.0002875862,0.00027712639999999996,1.188339,1.249701015977155,1.1878053376949256,316.421,660.421,344.00000000000006,8,True,True,True,True,True,True,True,Ag;Na;Sb;Te,False,Ag;Sb;Te,True,Sb;Te,True,False,False,False,True,True,True,False,,True,True,,,,,,,,,no,,,no,unknown,ML_much_worse,insufficient_material_features,missing_additive_or_structure_annotation; possible_sintering_or_microstructure_effect,fitting_good_ML_bad,candidate hypothesis only; no causal mechanism proven,0.2623938406124128,1.1288201884639648,0.8664263478515519,0.236320485649812,2.102289306485745,1.865968820835933,0.2358073987925755,2.10277148981383,1.8669640910212544,True,True,True,True,120.0,A,ML much worse than fitting; observed high ZT; missing additive info and ML bad; missing structure info and ML bad; missing sintering info for high-ZT/error sample; manual review not checked,True,True,True,True,True,unknown,no,no,downstream_all_samples,not_unbiased_evaluation,https://doi.org/10.3724/sp.j.1077.2011.00680
10.3724_sp.j.1077.2011.00680__sample_16914,115,A,observed ZT >= threshold; ML predicted ZT >= threshold; fitting predicted ZT >= threshold; low thermal conductivity; high observed electrical conductivity; high ML predicted electrical conductivity; low kappa and high sigma; balanced recommended candidate,downstream ML prediction is not unbiased evaluation; toxicity attention element detected; rare metal attention element detected; structure unknown; additive unknown; sintering unknown; ML much worse than fitting,10.3724/sp.j.1077.2011.00680,,16914,AgNa0.01SbTe2,unknown,p,p,,,,,1.229374,2.854509830500985,1.0753010770193745,1.228917515899207,1.229374,14.970435474029046,1.0753010770193745,1.228917515899207,1.229374,2.854509830500985,1.0753010770193745,1.228917515899207,16542.88,12896.68,224888.52356296324,167810.59588325603,0.4505115,0.48811715,0.0002972806,0.00028175385,1.229374,14.970435474029046,1.228917515899207,317.447,664.888,347.44100000000003,8,True,True,True,True,True,True,True,Ag;Na;Sb;Te,False,Ag;Sb;Te,True,Sb;Te,True,False,False,False,True,True,True,False,,True,True,,,,,,,,,no,,,no,unknown,ML_much_worse,tau_eff_ML_prediction_error,missing_additive_or_structure_annotation; possible_sintering_or_microstructure_effect,fitting_good_ML_bad,candidate hypothesis only; no causal mechanism proven,0.3492264833932941,1.036879812456257,0.687653329062963,0.3328088152421992,1.822798402906634,1.489989587664435,0.3330115718579577,1.822964822502687,1.4899532506447293,True,True,True,True,120.0,A,ML much worse than fitting; observed high ZT; missing additive info and ML bad; missing structure info and ML bad; missing sintering info for high-ZT/error sample; manual review not checked,True,True,True,True,True,unknown,no,no,downstream_all_samples,not_unbiased_evaluation,https://doi.org/10.3724/sp.j.1077.2011.00680
10.1016_j.jallcom.2019.153284__sample_34307,115,A,observed ZT >= threshold; ML predicted ZT >= threshold; fitting predicted ZT >= threshold; low thermal conductivity; high observed electrical conductivity; high ML predicted electrical conductivity; low kappa and high sigma; balanced recommended candidate,downstream ML prediction is not unbiased evaluation; toxicity attention element detected; rare metal attention element detected; structure unknown; additive unknown; sintering unknown; ML much worse than fitting,10.1016/j.jallcom.2019.153284,,34307,Bi0.5Sb1.5Te3,unknown,p,p,,,,,1.298439,2.7478160365610784,1.3489220943440898,1.2912375586862326,1.298439,2.2639373380950385,1.3489220943440898,1.2912375586862326,1.298439,2.7478160365610784,1.3489220943440898,1.2912375586862326,35652.81,26097.504999999997,61411.93138138079,45243.430138732394,0.7920166,0.8962739,0.0003341603,0.00032144265,1.298439,2.2639373380950385,1.2912375586862326,299.751,480.098,180.34700000000004,10,True,True,True,True,True,True,True,Bi;Sb;Te,False,Bi;Sb;Te,True,Sb;Te,True,False,False,False,True,True,True,False,,True,True,,,,,,,,,no,,,no,unknown,ML_much_worse,insufficient_material_features,missing_additive_or_structure_annotation; possible_sintering_or_microstructure_effect,fitting_good_ML_bad,candidate hypothesis only; no causal mechanism proven,0.0440735698791723,0.7128643540501797,0.6687907841710073,0.0398267333551756,1.0390177098926014,0.9991909765374258,0.0350606886318085,1.0391444665341685,1.00408377790236,True,True,True,True,120.0,A,ML much worse than fitting; observed high ZT; missing additive info and ML bad; missing structure info and ML bad; missing sintering info for high-ZT/error sample; manual review not checked,True,True,True,True,True,unknown,no,no,downstream_all_samples,not_unbiased_evaluation,https://doi.org/10.1016/j.jallcom.2019.153284
10.1016_j.jallcom.2019.153284__sample_34311,115,A,observed ZT >= threshold; ML predicted ZT >= threshold; fitting predicted ZT >= threshold; low thermal conductivity; high observed electrical conductivity; high ML predicted electrical conductivity; low kappa and high sigma; balanced recommended candidate,downstream ML prediction is not unbiased evaluation; toxicity attention element detected; rare metal attention element detected; structure unknown; additive unknown; sintering unknown; ML much worse than fitting,10.1016/j.jallcom.2019.153284,,34311,Bi0.5Sb1.5Te3,unknown,p,p,,,,,1.403283,2.5942861150924967,1.4034941292509842,1.399103858260957,1.403283,2.137443381766534,1.4034941292509842,1.399103858260957,1.403283,2.5942861150924967,1.4034941292509842,1.399103858260957,40124.57,28494.655,61411.93138138079,45243.430138732394,0.8056209,0.97180575,0.0003330188,0.0003213675,1.403283,2.137443381766534,1.399103858260957,299.99,480.098,180.108,10,True,True,True,True,True,True,True,Bi;Sb;Te,False,Bi;Sb;Te,True,Sb;Te,True,False,False,False,True,True,True,False,,True,True,,,,,,,,,no,,,no,unknown,ML_much_worse,missing_additive_or_structure_annotation,possible_sintering_or_microstructure_effect,both_poor,candidate hypothesis only; no causal mechanism proven,0.0480692191261709,0.6162241507674961,0.5681549316413251,0.0417342177781614,0.8505807673052075,0.808846549527046,0.042372317280987,0.8471632414626533,0.8047909241816663,True,True,True,True,120.0,A,ML much worse than fitting; observed high ZT; missing additive info and ML bad; missing structure info and ML bad; missing sintering info for high-ZT/error sample; manual review not checked,True,True,True,True,True,unknown,no,no,downstream_all_samples,not_unbiased_evaluation,https://doi.org/10.1016/j.jallcom.2019.153284
10.1039_c6ra06688g__sample_9084,115,A,observed ZT >= threshold; ML predicted ZT >= threshold; fitting predicted ZT >= threshold; low thermal conductivity; high observed electrical conductivity; high ML predicted electrical conductivity; low kappa and high sigma; balanced recommended candidate,downstream ML prediction is not unbiased evaluation; toxicity attention element detected; rare metal attention element detected; structure unknown; additive unknown; sintering unknown; ML much worse than fitting,10.1039/c6ra06688g,,9084,Bi0.4Sb1.6Te3,unknown,p,p,,,,,1.104036,2.0157865997493096,1.072085002617999,1.1024194090991282,1.104036,1.660815166693442,1.072085002617999,1.1024194090991282,1.104036,2.0157865997493096,1.072085002617999,1.1024194090991282,41750.45,29027.37,61411.93138138079,45243.430138732394,0.7407932,0.7626062,0.0002681827,0.00025922740000000003,1.104036,1.660815166693442,1.1024194090991282,296.641,469.882,173.24099999999999,8,True,True,True,True,True,True,True,Bi;Sb;Te,False,Bi;Sb;Te,True,Sb;Te,True,False,False,False,True,True,True,False,,True,True,,,,,,,,,no,,,no,unknown,ML_much_worse,missing_additive_or_structure_annotation,possible_sintering_or_microstructure_effect,both_poor,candidate hypothesis only; no causal mechanism proven,0.0498800970953846,0.6333713049767598,0.5834912078813751,0.0444989222430239,0.8825949483434137,0.8380960261003898,0.0437736342035423,0.8834931243539892,0.8397194901504468,True,True,True,True,120.0,A,ML much worse than fitting; observed high ZT; missing additive info and ML bad; missing structure info and ML bad; missing sintering info for high-ZT/error sample; manual review not checked,True,True,True,True,True,unknown,no,no,downstream_all_samples,not_unbiased_evaluation,https://doi.org/10.1039/c6ra06688g
10.1016_j.joule.2020.07.021__sample_37076,115,A,observed ZT >= threshold; ML predicted ZT >= threshold; fitting predicted ZT >= threshold; low thermal conductivity; high observed electrical conductivity; high ML predicted electrical conductivity; low kappa and high sigma; balanced recommended candidate,downstream ML prediction is not unbiased evaluation; toxicity attention element detected; rare metal attention element detected; structure unknown; additive unknown; sintering unknown; ML much worse than fitting,10.1016/j.joule.2020.07.021,,37076,Ge0.91Sn0.05Sb0.04Te,unknown,p,p,,,,,1.692242,1.0470466529549691,2.235906670936159,1.912976253582573,1.692242,1.794522907389876,2.235906670936159,1.912976253582573,1.692242,1.0470466529549691,2.235906670936159,1.912976253582573,304895.1,171561.8,234757.28986191563,145511.0266594247,1.696134,1.75233,0.000176679,0.00012118745,1.692242,1.794522907389876,1.912976253582573,300.859,779.581,478.72200000000004,12,True,True,True,True,True,True,True,Ge;Sb;Sn;Te,False,Ge;Sb;Te,True,Sb;Te,True,False,False,False,True,True,True,False,,True,True,,,,,,,,,no,,,no,unknown,not_evaluated,not_evaluable,missing_additive_or_structure_annotation; possible_sintering_or_microstructure_effect,not_evaluable,candidate hypothesis only; no causal mechanism proven,0.1482115750288057,0.7730148031250204,0.6248032280962146,0.1435100885689325,0.5213888842530877,0.3778787956841551,,,,True,True,True,True,60.0,B,observed high ZT; missing sintering info for high-ZT/error sample; manual review not checked,False,False,True,True,False,unknown,no,no,downstream_all_samples,not_unbiased_evaluation,https://doi.org/10.1016/j.joule.2020.07.021
10.1007_s11664-012-2403-0__sample_8589,110,A,fitting predicted ZT >= threshold; low thermal conductivity; high observed electrical conductivity; high ML predicted electrical conductivity; low kappa and high sigma; rare metal attention elements not detected; toxicity attention elements not detected; balanced recommended candidate,downstream ML prediction is not unbiased evaluation; structure unknown; additive unknown; sintering unknown; ML much worse than fitting,10.1007/s11664-012-2403-0,,8589,Mg2Si,unknown,n,n,,,,,,0.4943072325031326,1.8543878781100287,1.0640062170171312,,0.2332283775188471,1.8543878781100287,1.0640062170171312,,0.4943072325031326,1.8543878781100287,1.0640062170171312,244936.7,134388.2,18793.963993184825,16953.43993917916,1.893536,2.7110265,0.0001874737,0.000174086,,0.2332283775188471,1.0640062170171312,323.545,844.647,521.1020000000001,10,False,False,True,True,True,True,True,Mg;Si,False,,False,,False,True,True,False,True,True,True,False,,False,False,,,,,,,,,no,,,no,unknown,not_evaluated,tau_eff_ML_prediction_error,missing_additive_or_structure_annotation,fitting_good_ML_bad,candidate hypothesis only; no causal mechanism proven,0.3588829554341215,1.3699944141412623,1.0111114587071408,0.4981863036584801,0.6006421664650528,0.1024558628065726,,,,True,True,True,True,10.0,low,manual review not checked,False,False,True,True,False,unknown,no,no,downstream_all_samples,not_unbiased_evaluation,https://doi.org/10.1007/s11664-012-2403-0
10.1007_s11664-012-2403-0__sample_8591,110,A,fitting predicted ZT >= threshold; low thermal conductivity; high observed electrical conductivity; high ML predicted electrical conductivity; low kappa and high sigma; rare metal attention elements not detected; toxicity attention elements not detected; balanced recommended candidate,downstream ML prediction is not unbiased evaluation; structure unknown; additive unknown; sintering unknown; ML much worse than fitting,10.1007/s11664-012-2403-0,,8591,Mg2Si0.8Sn0.2,unknown,n,n,,,,,,0.656203068431513,1.832147470360065,1.319861418232544,,1.1933403961561495,1.8321474703600655,1.319861418232544,,0.656203068431513,1.832147470360065,1.319861418232544,196835.4,114135.0,89434.92711516454,72583.95714565282,1.532319,1.893536,0.0001931719,0.0001775723,,1.1933403961561495,1.319861418232544,313.204,820.774,507.57,9,False,False,True,True,True,True,True,Mg;Si;Sn,False,,False,,False,True,True,False,True,True,True,False,,False,False,,,,,,,,,no,,,no,unknown,not_evaluated,insufficient_material_features,missing_additive_or_structure_annotation,fitting_good_ML_bad,candidate hypothesis only; no causal mechanism proven,0.2088067267043408,1.0477903259108603,0.8389835992065195,0.2253896760985496,0.566754045655646,0.3413643695570963,,,,True,True,True,True,10.0,low,manual review not checked,False,False,True,True,False,unknown,no,no,downstream_all_samples,not_unbiased_evaluation,https://doi.org/10.1007/s11664-012-2403-0
10.1002_adma.201501970__sample_6417,110,A,ML predicted ZT >= threshold; fitting predicted ZT >= threshold; low thermal conductivity; high observed electrical conductivity; high ML predicted electrical conductivity; low kappa and high sigma; toxicity attention elements not detected; balanced recommended candidate,downstream ML prediction is not unbiased evaluation; rare metal attention element detected; structure unknown; additive unknown; sintering unknown; ML much worse than fitting,10.1002/adma.201501970,,6417,Na2.19Ga2.19Sn3.81,unknown,n,n,,,,,,8.731302798093187,1.218272164774711,1.196237494478724,,30.318511090445902,1.218272164774711,1.196237494478724,,8.731302798093187,1.218272164774711,1.196237494478724,42772.73,42034.985,1213119.5532394794,996669.6499917948,0.5678169,0.5722402,0.0002330986,0.0002278615,,30.318511090445902,1.196237494478724,295.11,390.954,95.844,50,False,True,True,True,True,True,True,Ga;Na;Sn,False,Ga,True,,False,False,True,False,True,True,True,False,,True,False,,,,,,,,,no,,,no,unknown,not_evaluated,tau_eff_ML_prediction_error,missing_additive_or_structure_annotation,fitting_good_ML_bad,candidate hypothesis only; no causal mechanism proven,0.0764878678562902,1.970965697737976,1.894477829881685,0.0797480776584066,6.3526249316352805,6.272876853976874,,,,True,True,True,True,35.0,C,ZT_ML false positive; manual review not checked,False,False,True,True,False,unknown,no,no,downstream_all_samples,not_unbiased_evaluation,https://doi.org/10.1002/adma.201501970
10.1063_1.4896435__sample_10660,105,A,observed ZT >= threshold; ML predicted ZT >= threshold; low thermal conductivity; high observed electrical conductivity; high ML predicted electrical conductivity; low kappa and high sigma; balanced recommended candidate,downstream ML prediction is not unbiased evaluation; toxicity attention element detected; rare metal attention element detected; structure unknown; additive unknown; sintering unknown,10.1063/1.4896435,,10660,Ag(Sb0.97Sn0.03)Te2,,p,p,"estimated from Seebeck sign: positive=11, negative=0, zero=0, positive_ratio=1.000, negative_ratio=0.000",p,"estimated from Seebeck sign: positive=11, negative=0, zero=0, positive_ratio=1.000, negative_ratio=0.000",high,1.123516,1.168774171937757,0.8713837038980548,1.1974681445697617,1.123516,1.168774171937757,0.8713837038980548,1.1974681445697617,,,,,29411.76,25294.12,49722.56669588935,32708.437126060708,0.5698469,0.6169035,0.0002197231,0.00020786745,1.123516,1.168774171937757,1.1974681445697617,305.454,604.959,299.50499999999994,11,True,True,False,True,True,True,True,Ag;Sb;Sn;Te,False,Ag;Sb;Te,True,Sb;Te,True,False,False,False,True,True,True,False,,True,True,,auto_step9,,,auto_step9,,,,no,,,no,,,,,,,,,,,,,,,,,,,,,,,False,False,False,True,True,unknown,no,no,downstream_all_samples,not_unbiased_evaluation,https://doi.org/10.1063/1.4896435
10.1016_j.jssc.2020.121722__sample_38824,105,A,observed ZT >= threshold; ML predicted ZT >= threshold; low thermal conductivity; high observed electrical conductivity; high ML predicted electrical conductivity; low kappa and high sigma; balanced recommended candidate,downstream ML prediction is not unbiased evaluation; toxicity attention element detected; rare metal attention element detected; structure unknown; additive unknown; sintering unknown,10.1016/j.jssc.2020.121722,,38824,Sn0.002(Bi0.46Sb1.54)0.999Te3,unknown,p,p,,,,,1.004764,1.217714204603712,0.8008537526449752,0.8997533545187238,1.004764,1.347340496441797,0.8008537526449752,0.8997533545187238,1.004764,1.217714204603712,0.8008537526449752,0.8997533545187238,85012.36,54190.98,127302.21538029864,93166.46308869748,1.252427,1.252427,0.0002269918,0.000218422,1.004764,1.347340496441797,0.8997533545187238,304.379,520.932,216.553,9,True,True,False,True,True,True,True,Bi;Sb;Sn;Te,False,Bi;Sb;Te,True,Sb;Te,True,False,False,False,True,True,True,False,,True,True,,,,,,,,,no,,,no,unknown,ML_moderately_worse,material_system_out_of_distribution,missing_additive_or_structure_annotation; possible_sintering_or_microstructure_effect,both_good,candidate hypothesis only; no causal mechanism proven,0.1218421109404852,0.4364062757507129,0.3145641648102276,0.1109571918388917,0.5317707103653451,0.4208135185264533,0.1080767841722152,0.3561871512023694,0.2481103670301541,True,True,True,True,60.0,B,observed high ZT; missing sintering info for high-ZT/error sample; manual review not checked,False,False,True,True,False,unknown,no,no,downstream_all_samples,not_unbiased_evaluation,https://doi.org/10.1016/j.jssc.2020.121722
10.1016_j.ceramint.2020.03.029__sample_33348,105,A,observed ZT >= threshold; fitting predicted ZT >= threshold; low thermal conductivity; high observed electrical conductivity; high ML predicted electrical conductivity; low kappa and high sigma; balanced recommended candidate,downstream ML prediction is not unbiased evaluation; toxicity attention element detected; rare metal attention element detected; structure unknown; additive unknown; sintering unknown,10.1016/j.ceramint.2020.03.029,,33348,Bi2Te3(SiC)0.1,unknown,n,n,,,,,1.051442,0.9128265718390632,1.0658947894242663,1.041279133212523,1.051442,1.0770201856779378,1.0658947894242663,1.041279133212523,1.051442,0.9128265718390632,1.0658947894242663,1.041279133212523,80398.65,73222.18,79174.28594461949,74321.90605709766,0.8004702,0.8092084,0.0001715956,0.000163989,1.051442,1.0770201856779378,1.041279133212523,318.157,429.938,111.781,5,True,False,True,True,True,True,True,Bi;C;Si;Te,True,Bi;Te,True,Te,True,False,False,False,True,True,True,False,,True,True,,,,,,,,,no,,,no,unknown,ML_moderately_worse,material_system_out_of_distribution,missing_additive_or_structure_annotation; possible_sintering_or_microstructure_effect,both_good,candidate hypothesis only; no causal mechanism proven,0.060467634520131,0.1663994405406695,0.1059318060205384,0.0410410884562955,0.1420513189704268,0.1010102305141313,0.0485190874790134,0.179617520001263,0.1310984325222496,True,True,True,True,90.0,A,observed high ZT; ZT_ML false negative; missing sintering info for high-ZT/error sample; manual review not checked,True,False,True,True,False,unknown,no,no,downstream_all_samples,not_unbiased_evaluation,https://doi.org/10.1016/j.ceramint.2020.03.029
10.1039_d0ee02323j__sample_37116,105,A,observed ZT >= threshold; ML predicted ZT >= threshold; low thermal conductivity; high observed electrical conductivity; high ML predicted electrical conductivity; low kappa and high sigma; balanced recommended candidate,downstream ML prediction is not unbiased evaluation; toxicity attention element detected; rare metal attention element detected; structure unknown; additive unknown; sintering unknown,10.1039/d0ee02323j,,37116,Cu0.87Ag0.2In0.93Te2,,p,p,"estimated from Seebeck sign: positive=19, negative=0, zero=0, positive_ratio=1.000, negative_ratio=0.000",p,"estimated from Seebeck sign: positive=19, negative=0, zero=0, positive_ratio=1.000, negative_ratio=0.000",high,1.448702,1.7888639560631114,0.4199414713999947,1.5122647320686258,1.448702,1.7888639560631114,0.4199414713999947,1.5122647320686258,,,,,10464.6,3488.1985,30283.1773184396,18816.404962129644,0.537844,1.567376,0.0004729427,0.000436596,1.448702,1.7888639560631114,1.5122647320686258,299.264,849.202,549.938,18,True,True,False,True,True,True,True,Ag;Cu;In;Te,False,Ag;In;Te,True,Te,True,False,False,False,True,True,True,False,,True,True,,auto_step9,,,auto_step9,,,,no,,,no,,,,,,,,,,,,,,,,,,,,,,,False,False,False,True,True,unknown,no,no,downstream_all_samples,not_unbiased_evaluation,https://doi.org/10.1039/d0ee02323j
10.1039_d0ee02323j__sample_37118,105,A,observed ZT >= threshold; ML predicted ZT >= threshold; low thermal conductivity; high observed electrical conductivity; high ML predicted electrical conductivity; low kappa and high sigma; balanced recommended candidate,downstream ML prediction is not unbiased evaluation; toxicity attention element detected; rare metal attention element detected; structure unknown; additive unknown; sintering unknown,10.1039/d0ee02323j,,37118,Cu0.89Ag0.2In0.91Te2,,p,p,"estimated from Seebeck sign: positive=22, negative=0, zero=0, positive_ratio=1.000, negative_ratio=0.000",p,"estimated from Seebeck sign: positive=22, negative=0, zero=0, positive_ratio=1.000, negative_ratio=0.000",high,1.579728,1.797717794375791,0.452155942018087,1.6199674861496711,1.579728,1.797717794375791,0.452155942018087,1.6199674861496711,,,,,10554.04,4643.477999999999,30283.1773184396,17781.755201268214,0.4777213,1.1316005,0.000483724,0.00039586345000000003,1.579728,1.797717794375791,1.6199674861496711,303.681,849.939,546.258,22,True,True,False,True,True,True,True,Ag;Cu;In;Te,False,Ag;In;Te,True,Te,True,False,False,False,True,True,True,False,,True,True,,auto_step9,,,auto_step9,,,,no,,,no,,,,,,,,,,,,,,,,,,,,,,,False,False,False,True,True,unknown,no,no,downstream_all_samples,not_unbiased_evaluation,https://doi.org/10.1039/d0ee02323j
10.1039_d0ee02323j__sample_37119,105,A,observed ZT >= threshold; ML predicted ZT >= threshold; low thermal conductivity; high observed electrical conductivity; high ML predicted electrical conductivity; low kappa and high sigma; balanced recommended candidate,downstream ML prediction is not unbiased evaluation; toxicity attention element detected; rare metal attention element detected; structure unknown; additive unknown; sintering unknown,10.1039/d0ee02323j,,37119,Cu0.9Ag0.2In0.9Te2,,p,p,"estimated from Seebeck sign: positive=23, negative=0, zero=0, positive_ratio=1.000, negative_ratio=0.000",p,"estimated from Seebeck sign: positive=23, negative=0, zero=0, positive_ratio=1.000, negative_ratio=0.000",high,1.567855,1.959467979537894,0.4855027086854241,1.6289752063227614,1.567855,1.959467979537894,0.4855027086854241,1.6289752063227614,,,,,10024.39,5071.5025000000005,30283.1773184396,17151.968701278776,0.4867624,0.90781135,0.0004858241,0.00035910065,1.567855,1.959467979537894,1.6289752063227614,301.508,849.332,547.8240000000001,24,True,True,False,True,True,True,True,Ag;Cu;In;Te,False,Ag;In;Te,True,Te,True,False,False,False,True,True,True,False,,True,True,,auto_step9,,,auto_step9,,,,no,,,no,,,,,,,,,,,,,,,,,,,,,,,False,False,False,True,True,unknown,no,no,downstream_all_samples,not_unbiased_evaluation,https://doi.org/10.1039/d0ee02323j
10.1039_d0ee02323j__sample_37111,105,A,observed ZT >= threshold; ML predicted ZT >= threshold; low thermal conductivity; high observed electrical conductivity; high ML predicted electrical conductivity; low kappa and high sigma; balanced recommended candidate,downstream ML prediction is not unbiased evaluation; toxicity attention element detected; rare metal attention element detected; structure unknown; additive unknown; sintering unknown,10.1039/d0ee02323j,,37111,Cu0.82Ag0.2In0.98Te2,,p,p,"estimated from Seebeck sign: positive=18, negative=0, zero=0, positive_ratio=1.000, negative_ratio=0.000",p,"estimated from Seebeck sign: positive=18, negative=0, zero=0, positive_ratio=1.000, negative_ratio=0.000",high,1.305315,1.6059279993332374,0.4241814565219771,1.433686208577533,1.305315,1.6059279993332374,0.4241814565219771,1.433686208577533,,,,,10568.94,4680.745,30283.1773184396,17214.61572283087,0.5251858,0.9737611,0.0004614864,0.00042879075,1.305315,1.6059279993332374,1.433686208577533,300.0,851.411,551.411,23,True,True,False,True,True,True,True,Ag;Cu;In;Te,False,Ag;In;Te,True,Te,True,False,False,False,True,True,True,False,,True,True,,auto_step9,,,auto_step9,,,,no,,,no,,,,,,,,,,,,,,,,,,,,,,,False,False,False,True,True,unknown,no,no,downstream_all_samples,not_unbiased_evaluation,https://doi.org/10.1039/d0ee02323j
10.1016_j.jallcom.2010.10.131__sample_20835,105,A,observed ZT >= threshold; ML predicted ZT >= threshold; low thermal conductivity; high observed electrical conductivity; high ML predicted electrical conductivity; low kappa and high sigma; balanced recommended candidate,downstream ML prediction is not unbiased evaluation; toxicity attention element detected; rare metal attention element detected; structure unknown; additive unknown; sintering unknown,10.1016/j.jallcom.2010.10.131,,20835,Na0.01Ag0.99SbTe2,,p,p,"estimated from Seebeck sign: positive=8, negative=0, zero=0, positive_ratio=1.000, negative_ratio=0.000",p,"estimated from Seebeck sign: positive=8, negative=0, zero=0, positive_ratio=1.000, negative_ratio=0.000",high,1.192728,1.0898813033052233,0.92335546659787,1.0791569632009368,1.192728,1.0898813033052233,0.92335546659787,1.0791569632009368,,,,,16747.31,14617.24,22559.364431261016,16833.675316017358,0.5124481,0.56970955,0.0002759327,0.0002757181,1.192728,1.0898813033052233,1.0791569632009368,314.677,657.078,342.40099999999995,8,True,True,False,True,True,True,True,Ag;Na;Sb;Te,False,Ag;Sb;Te,True,Sb;Te,True,False,False,False,True,True,True,False,,True,True,,auto_step9,,,auto_step9,,,,no,,,no,,,,,,,,,,,,,,,,,,,,,,,False,False,False,True,True,unknown,no,no,downstream_all_samples,not_unbiased_evaluation,https://doi.org/10.1016/j.jallcom.2010.10.131
10.1016_j.mattod.2017.11.005__sample_41016,105,A,observed ZT >= threshold; ML predicted ZT >= threshold; fitting predicted ZT >= threshold; low thermal conductivity; high observed electrical conductivity; low kappa and high sigma; balanced recommended candidate,downstream ML prediction is not unbiased evaluation; toxicity attention element detected; rare metal attention element detected; structure unknown; additive unknown; sintering unknown; ML much worse than fitting,10.1016/j.mattod.2017.11.005,,41016,Sn0.97Na0.03Se0.9S0.1,unknown,p,p,,,,,2.298333,1.4108076860576506,4.326452701432048,2.160538366213624,2.298333,0.483826088619768,4.326452701432048,2.160538366213624,2.298333,1.4108076860576506,4.326452701432048,2.160538366213624,170770.4,30418.07,6941.294424728011,4547.202689230516,0.5664915,1.035611,0.000301196,0.0002641882,2.298333,0.483826088619768,2.160538366213624,324.53,911.406,586.876,13,True,True,True,True,True,False,True,Na;S;Se;Sn,False,Se,True,Se,True,False,False,False,True,True,True,False,,True,True,,,,,,,,,no,,,no,unknown,ML_moderately_worse,not_evaluable,missing_additive_or_structure_annotation; possible_sintering_or_microstructure_effect; tau_eff_ML_prediction_error,not_evaluable,candidate hypothesis only; no causal mechanism proven,0.5845360214569235,1.26388071046879,0.6793446890118664,0.5203070346202123,0.6208546899572092,0.1005476553369968,0.45411726034538,0.6714705211774331,0.217353260832053,True,True,True,True,60.0,B,observed high ZT; missing sintering info for high-ZT/error sample; manual review not checked,False,False,True,True,False,unknown,no,no,downstream_all_samples,not_unbiased_evaluation,https://doi.org/10.1016/j.mattod.2017.11.005
10.1016_j.intermet.2011.07.020__sample_16534,105,A,observed ZT >= threshold; ML predicted ZT >= threshold; low thermal conductivity; high observed electrical conductivity; high ML predicted electrical conductivity; low kappa and high sigma; balanced recommended candidate,downstream ML prediction is not unbiased evaluation; toxicity attention element detected; rare metal attention element detected; structure unknown; additive unknown; sintering unknown,10.1016/j.intermet.2011.07.020,,16534,Zn3.91Cd0.04Sb3,unknown,p,p,"estimated from Seebeck sign: positive=19, negative=0, zero=0, positive_ratio=1.000, negative_ratio=0.000",p,"estimated from Seebeck sign: positive=19, negative=0, zero=0, positive_ratio=1.000, negative_ratio=0.000",high,1.228446,1.3208819619789909,0.8130247067701405,0.8373851371180738,1.228446,0.8345422161995479,0.8130247067701405,0.8373851371180738,1.228446,1.3208819619789909,0.8130247067701405,0.8373851371180738,41250.45,37284.88,58660.42913906654,37407.76598401951,0.6833333,0.6966667,0.000185128,0.0001659489,1.228446,0.8345422161995479,0.8373851371180738,300.361,659.311,358.95000000000005,19,True,True,False,True,True,True,True,Cd;Sb;Zn,False,Sb,True,Cd;Sb,True,False,False,False,True,True,True,False,unknown,True,True,unknown,auto_step9,unknown,unknown,auto_step9,unknown,unknown,,no,unknown,unknown,no,not_checked,ML_much_worse,missing_additive_or_structure_annotation,possible_sintering_or_microstructure_effect,both_poor,candidate hypothesis only; no causal mechanism proven,0.1280506756355896,0.5019030832756293,0.3738524076400397,0.1427345113741469,0.7937098449027994,0.6509753335286524,0.1863258064879454,0.9204396538461608,0.7341138473582154,True,True,True,True,120.0,A,ML much worse than fitting; observed high ZT; missing additive info and ML bad; missing structure info and ML bad; missing sintering info for high-ZT/error sample; manual review not checked,True,True,True,True,True,unknown,no,no,downstream_all_samples,not_unbiased_evaluation,https://doi.org/10.1016/j.intermet.2011.07.020
10.1016_j.intermet.2011.07.020__sample_16535,105,A,observed ZT >= threshold; ML predicted ZT >= threshold; low thermal conductivity; high observed electrical conductivity; high ML predicted electrical conductivity; low kappa and high sigma; balanced recommended candidate,downstream ML prediction is not unbiased evaluation; toxicity attention element detected; rare metal attention element detected; structure unknown; additive unknown; sintering unknown,10.1016/j.intermet.2011.07.020,,16535,Zn3.96Cd0.04Sb3,unknown,p,p,"estimated from Seebeck sign: positive=19, negative=0, zero=0, positive_ratio=1.000, negative_ratio=0.000",p,"estimated from Seebeck sign: positive=19, negative=0, zero=0, positive_ratio=1.000, negative_ratio=0.000",high,1.105908,1.317247162474128,0.8530619422922433,0.8565605878654852,1.105908,0.8322457251265043,0.8530619422922433,0.8565605878654852,1.105908,1.317247162474128,0.8530619422922433,0.8565605878654852,44262.75,39693.43,58660.42913906654,37407.76598401951,0.6913333,0.7006667,0.0001730139,0.0001543472,1.105908,0.8322457251265043,0.8565605878654852,301.259,660.956,359.697,19,True,True,False,True,True,True,True,Cd;Sb;Zn,False,Sb,True,Cd;Sb,True,False,False,False,True,True,True,False,unknown,True,True,unknown,auto_step9,unknown,unknown,auto_step9,unknown,unknown,,no,unknown,unknown,no,not_checked,ML_much_worse,missing_additive_or_structure_annotation,possible_sintering_or_microstructure_effect,both_poor,candidate hypothesis only; no causal mechanism proven,0.1130403680166552,0.4489319176593741,0.3358915496427188,0.1155326268681952,0.6833659837462843,0.5678333568780891,0.226889250860824,0.7858291288153643,0.5589398779545403,True,True,True,True,120.0,A,ML much worse than fitting; observed high ZT; missing additive info and ML bad; missing structure info and ML bad; missing sintering info for high-ZT/error sample; manual review not checked,True,True,True,True,True,unknown,no,no,downstream_all_samples,not_unbiased_evaluation,https://doi.org/10.1016/j.intermet.2011.07.020
10.1016_j.jallcom.2017.01.340__sample_39761,105,A,observed ZT >= threshold; ML predicted ZT >= threshold; low thermal conductivity; high observed electrical conductivity; high ML predicted electrical conductivity; low kappa and high sigma; balanced recommended candidate,downstream ML prediction is not unbiased evaluation; toxicity attention element detected; rare metal attention element detected; structure unknown; additive unknown; sintering unknown,10.1016/j.jallcom.2017.01.340,,39761,(Bi0.5Sb1.5Te3)97(Ta2O5)3,,p,p,"estimated from Seebeck sign: positive=8, negative=0, zero=0, positive_ratio=1.000, negative_ratio=0.000",p,"estimated from Seebeck sign: positive=8, negative=0, zero=0, positive_ratio=1.000, negative_ratio=0.000",high,1.152642,1.283776283636821,0.8414292042021106,1.1653797449703795,1.152642,1.283776283636821,0.8414292042021106,1.1653797449703795,,,,,45016.16,24509.665,49589.56841134165,36533.65272124716,0.8049162,0.85648735,0.0002645851,0.0002444765,1.152642,1.283776283636821,1.1653797449703795,299.932,474.687,174.755,8,True,True,False,True,True,True,True,Bi;O;Sb;Ta;Te,False,Bi;Sb;Ta;Te,True,Sb;Te,True,False,False,False,True,True,True,False,,True,True,,auto_step9,,,auto_step9,,,,no,,,no,,,,,,,,,,,,,,,,,,,,,,,False,False,False,True,True,unknown,no,no,downstream_all_samples,not_unbiased_evaluation,https://doi.org/10.1016/j.jallcom.2017.01.340
10.3390_en9040236__sample_31377,105,A,observed ZT >= threshold; fitting predicted ZT >= threshold; low thermal conductivity; high observed electrical conductivity; high ML predicted electrical conductivity; low kappa and high sigma; balanced recommended candidate,downstream ML prediction is not unbiased evaluation; toxicity attention element detected; rare metal attention element detected; structure unknown; additive unknown; sintering unknown,10.3390/en9040236,,31377,Bi0.48Sb1.52Te3C0.03,unknown,p,p,,,,,1.247251,0.6673248365485437,1.073449741061966,1.2039493322975077,1.247251,1.0180794589041993,1.073449741061966,1.2039493322975077,1.247251,0.6673248365485437,1.073449741061966,1.2039493322975077,113545.7,60221.25,88484.33365454753,61229.24822267515,1.123038,1.313418,0.0002184366,0.00020618925,1.247251,1.0180794589041993,1.2039493322975077,300.0,548.244,248.24400000000003,14,True,False,True,True,True,True,True,Bi;C;Sb;Te,True,Bi;Sb;Te,True,Sb;Te,True,False,False,False,True,True,True,False,,True,True,,,,,,,,,no,,,no,unknown,ML_moderately_worse,material_system_out_of_distribution,missing_additive_or_structure_annotation; possible_sintering_or_microstructure_effect,both_good,candidate hypothesis only; no causal mechanism proven,0.1253629871819241,0.4916086572869805,0.3662456701050564,0.0747402057886671,0.3799321854101388,0.3051919796214717,0.0688800658379978,0.4037815987488508,0.3349015329108529,True,True,True,True,90.0,A,observed high ZT; ZT_ML false negative; missing sintering info for high-ZT/error sample; manual review not checked,True,True,True,True,True,unknown,no,no,downstream_all_samples,not_unbiased_evaluation,https://doi.org/10.3390/en9040236
10.15541_jim20200635__sample_45627,105,A,observed ZT >= threshold; ML predicted ZT >= threshold; low thermal conductivity; high observed electrical conductivity; high ML predicted electrical conductivity; low kappa and high sigma; balanced recommended candidate,downstream ML prediction is not unbiased evaluation; toxicity attention element detected; rare metal attention element detected; structure unknown; additive unknown; sintering unknown,10.15541/jim20200635,,45627,(PbTe)0.935(PbS)0.05(Sb2Se3)0.015,,n,n,"estimated from Seebeck sign: positive=0, negative=12, zero=0, positive_ratio=0.000, negative_ratio=1.000",n,"estimated from Seebeck sign: positive=0, negative=12, zero=0, positive_ratio=0.000, negative_ratio=1.000",high,1.045183,3.649946221430915,0.8432256059721625,0.822091106725776,1.045183,3.649946221430915,0.8432256059721625,0.822091106725776,,,,,29681.27,16334.66,105468.3482889934,78363.08514054143,0.808769,0.9289519,0.0002781383,0.0002551596,1.045183,3.649946221430915,0.822091106725776,300.575,850.527,549.952,12,True,True,False,True,True,True,True,Pb;S;Sb;Se;Te,False,Sb;Se;Te,True,Pb;Sb;Se;Te,True,False,False,False,True,True,True,False,,True,True,,auto_step9,,,auto_step9,,,,no,,,no,,,,,,,,,,,,,,,,,,,,,,,False,False,False,True,True,unknown,no,no,downstream_all_samples,not_unbiased_evaluation,https://doi.org/10.15541/jim20200635
10.1002_adfm.201806613__sample_41573,105,A,observed ZT >= threshold; ML predicted ZT >= threshold; low thermal conductivity; high observed electrical conductivity; high ML predicted electrical conductivity; low kappa and high sigma; balanced recommended candidate,downstream ML prediction is not unbiased evaluation; toxicity attention element detected; rare metal attention element detected; structure unknown; additive unknown; sintering unknown,10.1002/adfm.201806613,,41573,Ge0.93Bi0.07Te1.035,,p,p,"estimated from Seebeck sign: positive=10, negative=0, zero=0, positive_ratio=1.000, negative_ratio=0.000",p,"estimated from Seebeck sign: positive=10, negative=0, zero=0, positive_ratio=1.000, negative_ratio=0.000",high,1.649844,1.1001499088714015,0.96243956300754,1.0619285869450243,1.649844,1.1001499088714015,0.96243956300754,1.0619285869450243,,,,,148845.5,110181.05,175413.93610140253,127518.36911935103,1.892724,1.9442854999999999,0.0002119593,0.0001680851,1.649844,1.1001499088714015,1.0619285869450243,329.908,765.855,435.947,10,True,True,False,True,True,True,True,Bi;Ge;Te,False,Bi;Ge;Te,True,Te,True,False,False,False,True,True,True,False,,True,True,,auto_step9,,,auto_step9,,,,no,,,no,,,,,,,,,,,,,,,,,,,,,,,False,False,False,True,True,unknown,no,no,downstream_all_samples,not_unbiased_evaluation,https://doi.org/10.1002/adfm.201806613
10.1016_j.intermet.2011.07.020__sample_16536,105,A,observed ZT >= threshold; ML predicted ZT >= threshold; low thermal conductivity; high observed electrical conductivity; high ML predicted electrical conductivity; low kappa and high sigma; balanced recommended candidate,downstream ML prediction is not unbiased evaluation; toxicity attention element detected; rare metal attention element detected; structure unknown; additive unknown; sintering unknown,10.1016/j.intermet.2011.07.020,,16536,Zn4.01Cd0.04Sb3,unknown,p,p,,,,,1.004814,1.228873086175839,0.9946489609339476,1.092307113929312,1.004814,0.7764103820667321,0.9946489609339476,1.092307113929312,1.004814,1.228873086175839,0.9946489609339476,1.092307113929312,59322.45,48931.57,58660.42913906654,37401.09275099533,0.73,0.7566667,0.0001745593,0.00014728455,1.004814,0.7764103820667321,1.092307113929312,299.337,658.718,359.381,19,True,True,False,True,True,True,True,Cd;Sb;Zn,False,Sb,True,Cd;Sb,True,False,False,False,True,True,True,False,,True,True,,,,,,,,,no,,,no,unknown,ML_moderately_worse,material_system_out_of_distribution,missing_additive_or_structure_annotation; possible_sintering_or_microstructure_effect,both_good,candidate hypothesis only; no causal mechanism proven,0.0787083673817695,0.2256359751638757,0.1469276077821061,0.0802904515801928,0.2565120141928329,0.17622156261264,0.1543790867667226,0.4262171345756563,0.2718380478089336,True,True,True,True,60.0,B,observed high ZT; missing sintering info for high-ZT/error sample; manual review not checked,False,False,True,True,False,unknown,no,no,downstream_all_samples,not_unbiased_evaluation,https://doi.org/10.1016/j.intermet.2011.07.020
10.1126_sciadv.aar5606__sample_40290,105,A,observed ZT >= threshold; ML predicted ZT >= threshold; low thermal conductivity; high observed electrical conductivity; high ML predicted electrical conductivity; low kappa and high sigma; balanced recommended candidate,downstream ML prediction is not unbiased evaluation; toxicity attention element detected; rare metal attention element detected; structure unknown; additive unknown; sintering unknown,10.1126/sciadv.aar5606,,40290,(Bi0.5Sb1.5Te3)43.24(Te)56.76,,p,p,"estimated from Seebeck sign: positive=8, negative=0, zero=0, positive_ratio=1.000, negative_ratio=0.000",p,"estimated from Seebeck sign: positive=8, negative=0, zero=0, positive_ratio=1.000, negative_ratio=0.000",high,1.163265,1.4155854634900142,0.9898542341866604,1.1424229105337176,1.163265,1.4155854634900142,0.9898542341866604,1.1424229105337176,,,,,49561.4,30964.91,61411.93138138079,45243.430138732394,0.7849545,0.86150715,0.0002588073,0.00025165135,1.163265,1.4155854634900142,1.1424229105337176,298.857,472.0,173.14299999999997,8,True,True,False,True,True,True,True,Bi;Sb;Te,False,Bi;Sb;Te,True,Sb;Te,True,False,False,False,True,True,True,False,,True,True,,auto_step9,,,auto_step9,,,,no,,,no,,,,,,,,,,,,,,,,,,,,,,,False,False,False,True,True,unknown,no,no,downstream_all_samples,not_unbiased_evaluation,https://doi.org/10.1126/sciadv.aar5606
10.1039_d1cp02545g__sample_45706,105,A,observed ZT >= threshold; ML predicted ZT >= threshold; low thermal conductivity; high observed electrical conductivity; high ML predicted electrical conductivity; low kappa and high sigma; balanced recommended candidate,downstream ML prediction is not unbiased evaluation; toxicity attention element detected; rare metal attention element detected; structure unknown; additive unknown; sintering unknown,10.1039/d1cp02545g,,45706,Ge0.8Na0.1Bi0.1MnTe2,,p,p,"estimated from Seebeck sign: positive=8, negative=0, zero=0, positive_ratio=1.000, negative_ratio=0.000",p,"estimated from Seebeck sign: positive=8, negative=0, zero=0, positive_ratio=1.000, negative_ratio=0.000",high,1.070352,1.22439404234043,0.9828006061432925,1.0825632549428337,1.070352,1.22439404234043,0.9828006061432925,1.0825632549428337,,,,,50850.04,26603.1,53331.50817627879,30560.041624647718,0.7293617,0.8019858,0.0002698795,0.000216332,1.070352,1.22439404234043,1.0825632549428337,307.4,826.57,519.1700000000001,8,True,True,False,True,True,True,True,Bi;Ge;Mn;Na;Te,False,Bi;Ge;Te,True,Te,True,False,False,False,True,True,True,False,,True,True,,auto_step9,,,auto_step9,,,,no,,,no,,,,,,,,,,,,,,,,,,,,,,,False,False,False,True,True,unknown,no,no,downstream_all_samples,not_unbiased_evaluation,https://doi.org/10.1039/d1cp02545g
10.1002_adma.201705942__sample_31970,105,A,observed ZT >= threshold; ML predicted ZT >= threshold; low thermal conductivity; high observed electrical conductivity; high ML predicted electrical conductivity; low kappa and high sigma; balanced recommended candidate,downstream ML prediction is not unbiased evaluation; toxicity attention element detected; rare metal attention element detected; structure unknown; additive unknown; sintering unknown,10.1002/adma.201705942,,31970,Ge0.88Sb0.12Te,unknown,p,p,"estimated from Seebeck sign: positive=12, negative=0, zero=0, positive_ratio=1.000, negative_ratio=0.000",p,"estimated from Seebeck sign: positive=12, negative=0, zero=0, positive_ratio=1.000, negative_ratio=0.000",high,1.53783,1.671541313103898,0.9552443002942465,1.5409190210230352,1.53783,1.2960650638074274,0.9552443002942465,1.5409190210230352,1.53783,1.671541313103898,0.9552443002942465,1.5409190210230352,60869.57,41739.130000000005,79583.69325543087,49273.816859289574,1.088235,1.205882,0.0002213816,0.00020194075,1.53783,1.2960650638074274,1.5409190210230352,300.0,779.218,479.21799999999996,12,True,True,False,True,True,True,True,Ge;Sb;Te,False,Ge;Sb;Te,True,Sb;Te,True,False,False,False,True,True,True,False,unknown,True,True,unknown,auto_step9,unknown,unknown,auto_step9,unknown,unknown,,no,unknown,unknown,no,not_checked,ML_much_worse,missing_additive_or_structure_annotation,possible_sintering_or_microstructure_effect,both_poor,candidate hypothesis only; no causal mechanism proven,0.5026115081444255,0.7521282891891411,0.2495167810447156,0.5186845544250851,0.9929749445671908,0.4742903901421056,0.4669882605410296,0.9806255302639388,0.5136372697229092,True,True,True,True,120.0,A,ML much worse than fitting; observed high ZT; missing additive info and ML bad; missing structure info and ML bad; missing sintering info for high-ZT/error sample; manual review not checked,True,True,True,True,True,unknown,no,no,downstream_all_samples,not_unbiased_evaluation,https://doi.org/10.1002/adma.201705942
10.1073_pnas.1711725114__sample_24317,105,A,observed ZT >= threshold; ML predicted ZT >= threshold; low thermal conductivity; high observed electrical conductivity; high ML predicted electrical conductivity; low kappa and high sigma; balanced recommended candidate,downstream ML prediction is not unbiased evaluation; toxicity attention element detected; rare metal attention element detected; structure unknown; additive unknown; sintering unknown,10.1073/pnas.1711725114,,24317,Mg3.1V0.1Sb1.5Bi0.49Te0.01,,n,n,"estimated from Seebeck sign: positive=0, negative=12, zero=0, positive_ratio=0.000, negative_ratio=1.000",n,"estimated from Seebeck sign: positive=0, negative=12, zero=0, positive_ratio=0.000, negative_ratio=1.000",high,1.329892,1.059000181599138,0.9368024487461224,1.2313943400322898,1.329892,1.059000181599138,0.9368024487461224,1.2313943400322898,,,,,24090.8,19214.01,28875.071293490964,19136.93894801569,0.8932187,0.9722085,0.0002946721,0.0002306822,1.329892,1.059000181599138,1.2313943400322898,302.638,767.715,465.07700000000006,12,True,True,False,True,True,True,True,Bi;Mg;Sb;Te;V,False,Bi;Sb;Te,True,Sb;Te,True,False,False,False,True,True,True,False,,True,True,,auto_step9,,,auto_step9,,,,no,,,no,,,,,,,,,,,,,,,,,,,,,,,False,False,False,True,True,unknown,no,no,downstream_all_samples,not_unbiased_evaluation,https://doi.org/10.1073/pnas.1711725114
10.1016_j.jmat.2020.11.007__sample_39624,105,A,observed ZT >= threshold; ML predicted ZT >= threshold; low thermal conductivity; high observed electrical conductivity; high ML predicted electrical conductivity; low kappa and high sigma; balanced recommended candidate,downstream ML prediction is not unbiased evaluation; toxicity attention element detected; rare metal attention element detected; structure unknown; additive unknown; sintering unknown,10.1016/j.jmat.2020.11.007,,39624,Mn0.92Te0.96(Ag2S)0.04,,p,p,"estimated from Seebeck sign: positive=12, negative=0, zero=0, positive_ratio=1.000, negative_ratio=0.000",p,"estimated from Seebeck sign: positive=12, negative=0, zero=0, positive_ratio=1.000, negative_ratio=0.000",high,1.117923,8.689790486372072,0.6214542519948693,1.1507576717103718,1.117923,8.689790486372072,0.6214542519948693,1.1507576717103718,,,,,15683.38,5209.641,127686.11844035157,87235.8098886564,0.5729406,0.6173029999999999,0.0003356355,0.00027360335,1.117923,8.689790486372072,1.1507576717103718,322.178,873.027,550.849,12,True,True,False,True,True,True,True,Ag;Mn;S;Te,False,Ag;Te,True,Te,True,False,False,False,True,True,True,False,,True,True,,auto_step9,,,auto_step9,,,,no,,,no,,,,,,,,,,,,,,,,,,,,,,,False,False,False,True,True,unknown,no,no,downstream_all_samples,not_unbiased_evaluation,https://doi.org/10.1016/j.jmat.2020.11.007
10.1016_j.jallcom.2010.10.131__sample_20836,105,A,observed ZT >= threshold; ML predicted ZT >= threshold; low thermal conductivity; high observed electrical conductivity; high ML predicted electrical conductivity; low kappa and high sigma; balanced recommended candidate,downstream ML prediction is not unbiased evaluation; toxicity attention element detected; rare metal attention element detected; structure unknown; additive unknown; sintering unknown,10.1016/j.jallcom.2010.10.131,,20836,Na0.02Ag1.98SbTe2,,p,p,"estimated from Seebeck sign: positive=8, negative=0, zero=0, positive_ratio=1.000, negative_ratio=0.000",p,"estimated from Seebeck sign: positive=8, negative=0, zero=0, positive_ratio=1.000, negative_ratio=0.000",high,1.035286,1.0291106538890062,0.8027444043754517,0.7775211362933437,1.035286,1.0291106538890062,0.8027444043754517,0.7775211362933437,,,,,17707.75,12810.725,26485.79170009642,16833.675316017358,0.6058091,0.6145228,0.000285189,0.0002829312,1.035286,1.0291106538890062,0.7775211362933437,304.564,661.06,356.4959999999999,8,True,True,False,True,True,True,True,Ag;Na;Sb;Te,False,Ag;Sb;Te,True,Sb;Te,True,False,False,False,True,True,True,False,,True,True,,auto_step9,,,auto_step9,,,,no,,,no,,,,,,,,,,,,,,,,,,,,,,,False,False,False,True,True,unknown,no,no,downstream_all_samples,not_unbiased_evaluation,https://doi.org/10.1016/j.jallcom.2010.10.131
10.1016_j.mtphys.2021.100497__sample_45593,105,A,observed ZT >= threshold; fitting predicted ZT >= threshold; low thermal conductivity; high observed electrical conductivity; high ML predicted electrical conductivity; low kappa and high sigma; balanced recommended candidate,downstream ML prediction is not unbiased evaluation; toxicity attention element detected; rare metal attention element detected; structure unknown; additive unknown; sintering unknown,10.1016/j.mtphys.2021.100497,,45593,Ge0.86Al0.04Sb0.1Te,unknown,p,p,,,,,1.599037,0.948033316933384,1.6425841202899014,1.6108015425958673,1.599037,1.372360667076774,1.6425841202899014,1.6108015425958673,1.599037,0.948033316933384,1.6425841202899014,1.6108015425958673,139614.6,112868.8,146441.68685679548,92865.80677773828,1.639018,1.677679,0.0001900209,0.0001627189,1.599037,1.372360667076774,1.6108015425958673,298.194,772.764,474.57,11,True,False,True,True,True,True,True,Al;Ge;Sb;Te,False,Ge;Sb;Te,True,Sb;Te,True,False,False,False,True,True,True,False,,True,True,,,,,,,,,no,,,no,unknown,ML_moderately_worse,material_system_out_of_distribution,missing_additive_or_structure_annotation; possible_sintering_or_microstructure_effect,both_good,candidate hypothesis only; no causal mechanism proven,0.1249785963112946,0.5636663297819275,0.4386877334706328,0.1015218411145388,0.418352787747793,0.3168309466332542,0.1248591624967678,0.4240566487980017,0.2991974863012339,True,True,True,True,90.0,A,observed high ZT; ZT_ML false negative; missing sintering info for high-ZT/error sample; manual review not checked,True,False,True,True,False,unknown,no,no,downstream_all_samples,not_unbiased_evaluation,https://doi.org/10.1016/j.mtphys.2021.100497
10.1063_1.4869220__sample_16940,105,A,observed ZT >= threshold; ML predicted ZT >= threshold; low thermal conductivity; high observed electrical conductivity; high ML predicted electrical conductivity; low kappa and high sigma; balanced recommended candidate,downstream ML prediction is not unbiased evaluation; toxicity attention element detected; rare metal attention element detected; structure unknown; additive unknown; sintering unknown,10.1063/1.4869220,,16940,AgPb20SbTe20,,n,n,"estimated from Seebeck sign: positive=0, negative=9, zero=0, positive_ratio=0.000, negative_ratio=1.000",n,"estimated from Seebeck sign: positive=0, negative=9, zero=0, positive_ratio=0.000, negative_ratio=1.000",high,1.246136,2.154830490451068,0.4274428629320585,1.1086831756833726,1.246136,2.154830490451068,0.4274428629320585,1.1086831756833726,,,,,26731.61,11489.73,58554.89907885792,44943.844220201,0.9282609,0.9967391,0.0003247645,0.0003008123,1.246136,2.154830490451068,1.1086831756833726,324.484,719.596,395.112,9,True,True,False,True,True,True,True,Ag;Pb;Sb;Te,False,Ag;Sb;Te,True,Pb;Sb;Te,True,False,False,False,True,True,True,False,,True,True,,auto_step9,,,auto_step9,,,,no,,,no,,,,,,,,,,,,,,,,,,,,,,,False,False,False,True,True,unknown,no,no,downstream_all_samples,not_unbiased_evaluation,https://doi.org/10.1063/1.4869220
10.1002_aenm.201400348__sample_13676,105,A,observed ZT >= threshold; ML predicted ZT >= threshold; low thermal conductivity; high observed electrical conductivity; high ML predicted electrical conductivity; low kappa and high sigma; balanced recommended candidate,downstream ML prediction is not unbiased evaluation; toxicity attention element detected; rare metal attention element detected; structure unknown; additive unknown; sintering unknown,10.1002/aenm.201400348,,13676,Tl7.95Sn2.05Te6,,p,p,"estimated from Seebeck sign: positive=9, negative=0, zero=0, positive_ratio=1.000, negative_ratio=0.000",p,"estimated from Seebeck sign: positive=9, negative=0, zero=0, positive_ratio=1.000, negative_ratio=0.000",high,1.092151,2.5510522605991044,0.3291646023454191,0.4665405759681081,1.092151,2.5510522605991044,0.3291646023454191,0.4665405759681081,,,,,35519.18,10727.07,154874.63557350344,98763.58235735388,0.4594821,0.4594821,0.0002906574,0.0002107266,1.092151,2.5510522605991044,0.4665405759681081,306.863,686.274,379.411,9,True,True,False,True,True,True,True,Sn;Te;Tl,False,Te,True,Te;Tl,True,False,False,False,True,True,True,False,,True,True,,auto_step9,,,auto_step9,,,,no,,,no,,,,,,,,,,,,,,,,,,,,,,,False,False,False,True,True,unknown,no,no,downstream_all_samples,not_unbiased_evaluation,https://doi.org/10.1002/aenm.201400348
10.1515_amm-2017-0171__sample_14241,105,A,observed ZT >= threshold; fitting predicted ZT >= threshold; low thermal conductivity; high observed electrical conductivity; high ML predicted electrical conductivity; low kappa and high sigma; balanced recommended candidate,downstream ML prediction is not unbiased evaluation; toxicity attention element detected; rare metal attention element detected; structure unknown; additive unknown; sintering unknown,10.1515/amm-2017-0171,,14241,Bi0.5Sb1.5Te3,unknown,p,p,,,,,1.077754,0.9114481557267622,1.1685467598545671,1.0811163692874524,1.077754,0.7509460182313086,1.1685467598545671,1.0811163692874524,1.077754,0.9114481557267622,1.1685467598545671,1.0811163692874524,99401.81,77262.45,61342.81348641334,49361.664424113136,1.083206,1.125056,0.000213041,0.0002056439,1.077754,0.7509460182313086,1.0811163692874524,300.952,399.658,98.70600000000002,5,True,False,True,True,True,True,True,Bi;Sb;Te,False,Bi;Sb;Te,True,Sb;Te,True,False,False,False,True,True,True,False,,True,True,,,,,,,,,no,,,no,unknown,ML_moderately_worse,material_system_out_of_distribution,missing_additive_or_structure_annotation; possible_sintering_or_microstructure_effect,both_good,candidate hypothesis only; no causal mechanism proven,0.0625496984192937,0.2562332893489834,0.1936835909296897,0.0489370774829185,0.2184502420213951,0.1695131645384766,0.0487898480796207,0.2199837142679634,0.1711938661883427,True,True,True,True,90.0,A,observed high ZT; ZT_ML false negative; missing sintering info for high-ZT/error sample; manual review not checked,True,True,True,True,True,unknown,no,no,downstream_all_samples,not_unbiased_evaluation,https://doi.org/10.1515/amm-2017-0171
10.1016_j.jallcom.2016.06.172__sample_2666,105,A,observed ZT >= threshold; fitting predicted ZT >= threshold; low thermal conductivity; high observed electrical conductivity; high ML predicted electrical conductivity; low kappa and high sigma; balanced recommended candidate,downstream ML prediction is not unbiased evaluation; toxicity attention element detected; rare metal attention element detected; structure unknown; additive unknown; sintering unknown,10.1016/j.jallcom.2016.06.172,,2666,Pb0.932Na0.008Sr0.03Mn0.03Se,unknown,p,p,,,,,1.020109,0.8766580195867281,1.833340449013874,0.9807908707854884,1.020109,1.6277478860191614,1.833340449013874,0.9807908707854884,1.020109,0.8766580195867281,1.833340449013874,0.9807908707854884,102704.0,63277.6,67868.63316938085,51161.17756826139,1.002112,1.481552,0.0002186477,0.0001051126,1.020109,1.6277478860191614,0.9807908707854884,340.926,810.48,469.55400000000003,11,True,False,True,True,True,True,True,Mn;Na;Pb;Se;Sr,False,Se,True,Pb;Se,True,False,False,False,True,True,True,False,,True,True,,,,,,,,,no,,,no,unknown,ML_close_to_fitting,material_system_out_of_distribution,missing_additive_or_structure_annotation; possible_sintering_or_microstructure_effect,both_good,candidate hypothesis only; no causal mechanism proven,0.3563854833460627,0.8193454562539296,0.4629599729078669,0.3531361274786774,0.5118185697992578,0.1586824423205803,0.4121487341559249,0.4501064854936061,0.0379577513376811,True,True,True,True,90.0,A,observed high ZT; ZT_ML false negative; missing sintering info for high-ZT/error sample; manual review not checked,True,False,True,True,False,unknown,no,no,downstream_all_samples,not_unbiased_evaluation,https://doi.org/10.1016/j.jallcom.2016.06.172
10.1016_j.jallcom.2020.158376__sample_39627,105,A,observed ZT >= threshold; fitting predicted ZT >= threshold; low thermal conductivity; high observed electrical conductivity; high ML predicted electrical conductivity; low kappa and high sigma; balanced recommended candidate,downstream ML prediction is not unbiased evaluation; toxicity attention element detected; rare metal attention element detected; structure unknown; additive unknown; sintering unknown,10.1016/j.jallcom.2020.158376,,39627,Bi0.3Sb1.7Te3,unknown,p,p,,,,,1.070167,0.8558103970688636,1.2653046484434582,1.1428890439822577,1.070167,0.7051058318587239,1.2653046484434582,1.1428890439822577,1.070167,0.8558103970688636,1.2653046484434582,1.1428890439822577,125066.0,80471.63,61342.81348641334,44893.90032503121,1.048988,1.0906609999999999,0.0002021737,0.000194071,1.070167,0.7051058318587239,1.1428890439822577,302.552,498.624,196.072,9,True,False,True,True,True,True,True,Bi;Sb;Te,False,Bi;Sb;Te,True,Sb;Te,True,False,False,False,True,True,True,False,,True,True,,,,,,,,,no,,,no,unknown,ML_close_to_fitting,material_system_out_of_distribution,missing_additive_or_structure_annotation; possible_sintering_or_microstructure_effect,both_good,candidate hypothesis only; no causal mechanism proven,0.143991333915045,0.4166888945567513,0.2726975606417062,0.1305585174496557,0.3166033104134607,0.1860447929638049,0.1794276281421276,0.2421798600531623,0.0627522319110346,True,True,True,True,90.0,A,observed high ZT; ZT_ML false negative; missing sintering info for high-ZT/error sample; manual review not checked,True,False,True,True,False,unknown,no,no,downstream_all_samples,not_unbiased_evaluation,https://doi.org/10.1016/j.jallcom.2020.158376
10.1016_j.jallcom.2020.158376__sample_39628,105,A,observed ZT >= threshold; fitting predicted ZT >= threshold; low thermal conductivity; high observed electrical conductivity; high ML predicted electrical conductivity; low kappa and high sigma; balanced recommended candidate,downstream ML prediction is not unbiased evaluation; toxicity attention element detected; rare metal attention element detected; structure unknown; additive unknown; sintering unknown,10.1016/j.jallcom.2020.158376,,39628,(Bi0.3Sb1.7Te3)97.34(TiC)2.66,unknown,p,p,,,,,1.111879,0.9557022911216364,1.317501917895238,1.187325690038215,1.111879,0.9531543391519888,1.317501917895238,1.187325690038215,1.111879,0.9557022911216364,1.317501917895238,1.187325690038215,116410.6,75905.64,75507.33483744622,55260.242746314034,0.9832473,1.016919,0.0002048917,0.0001977323,1.111879,0.9531543391519888,1.187325690038215,303.93,499.375,195.445,9,True,False,True,True,True,True,True,Bi;C;Sb;Te;Ti,True,Bi;Sb;Te,True,Sb;Te,True,False,False,False,True,True,True,False,,True,True,,,,,,,,,no,,,no,unknown,ML_better_than_fitting,material_system_out_of_distribution,missing_additive_or_structure_annotation; possible_sintering_or_microstructure_effect,both_good,candidate hypothesis only; no causal mechanism proven,0.1403541919068119,0.3503855229775022,0.2100313310706903,0.1225438133154213,0.2741383708386558,0.1515945575232344,0.2188378770517715,0.1158675856312243,-0.1029702914205472,True,True,True,True,90.0,A,observed high ZT; ZT_ML false negative; missing sintering info for high-ZT/error sample; manual review not checked,True,False,True,True,False,unknown,no,no,downstream_all_samples,not_unbiased_evaluation,https://doi.org/10.1016/j.jallcom.2020.158376
10.1016_j.jallcom.2020.158376__sample_39629,105,A,observed ZT >= threshold; fitting predicted ZT >= threshold; low thermal conductivity; high observed electrical conductivity; high ML predicted electrical conductivity; low kappa and high sigma; balanced recommended candidate,downstream ML prediction is not unbiased evaluation; toxicity attention element detected; rare metal attention element detected; structure unknown; additive unknown; sintering unknown,10.1016/j.jallcom.2020.158376,,39629,(Bi0.3Sb1.7Te3)94.81(TiC)5.19,unknown,p,p,,,,,1.113663,0.758150905394506,1.007760803364811,1.1236857506658176,1.113663,0.7561296356846439,1.007760803364811,1.1236857506658176,1.113663,0.758150905394506,1.007760803364811,1.1236857506658176,112211.6,74203.51,75507.33483744622,55260.242746314034,0.978981,0.978981,0.0002072403,0.00019925029999999999,1.113663,0.7561296356846439,1.1236857506658176,300.33,497.523,197.19300000000004,9,True,False,True,True,True,True,True,Bi;C;Sb;Te;Ti,True,Bi;Sb;Te,True,Sb;Te,True,False,False,False,True,True,True,False,,True,True,,,,,,,,,no,,,no,unknown,ML_moderately_worse,material_system_out_of_distribution,missing_additive_or_structure_annotation; possible_sintering_or_microstructure_effect,both_good,candidate hypothesis only; no causal mechanism proven,0.1346254962876924,0.3148384900223733,0.1802129937346808,0.1361291831236399,0.2392751972214772,0.1031460140978373,0.095093575556689,0.3192277148522435,0.2241341392955544,True,True,True,True,90.0,A,observed high ZT; ZT_ML false negative; missing sintering info for high-ZT/error sample; manual review not checked,True,False,True,True,False,unknown,no,no,downstream_all_samples,not_unbiased_evaluation,https://doi.org/10.1016/j.jallcom.2020.158376
10.1039_d0ee02323j__sample_37115,105,A,observed ZT >= threshold; ML predicted ZT >= threshold; low thermal conductivity; high observed electrical conductivity; high ML predicted electrical conductivity; low kappa and high sigma; balanced recommended candidate,downstream ML prediction is not unbiased evaluation; toxicity attention element detected; rare metal attention element detected; structure unknown; additive unknown; sintering unknown,10.1039/d0ee02323j,,37115,Cu0.86Ag0.2In0.94Te2,,p,p,"estimated from Seebeck sign: positive=19, negative=0, zero=0, positive_ratio=1.000, negative_ratio=0.000",p,"estimated from Seebeck sign: positive=19, negative=0, zero=0, positive_ratio=1.000, negative_ratio=0.000",high,1.352287,1.57679297804274,0.5118241686948213,0.5092054879185548,1.352287,1.57679297804274,0.5118241686948213,0.5092054879185548,,,,,10285.71,6007.453,19920.842126989734,17089.321679726687,0.6294854,1.305114,0.0004837244,0.00042263505,1.352287,1.57679297804274,0.5092054879185548,450.184,852.147,401.963,11,True,True,False,True,True,True,True,Ag;Cu;In;Te,False,Ag;In;Te,True,Te,True,False,False,False,True,True,True,False,,True,True,,auto_step9,,,auto_step9,,,,no,,,no,,,,,,,,,,,,,,,,,,,,,,,False,False,False,True,True,unknown,no,no,downstream_all_samples,not_unbiased_evaluation,https://doi.org/10.1039/d0ee02323j
10.1016_s1002-0721_12_60398-6__sample_31232,105,A,observed ZT >= threshold; ML predicted ZT >= threshold; low thermal conductivity; high observed electrical conductivity; high ML predicted electrical conductivity; low kappa and high sigma; balanced recommended candidate,downstream ML prediction is not unbiased evaluation; toxicity attention element detected; rare metal attention element detected; structure unknown; additive unknown; sintering unknown,10.1016/s1002-0721(12)60398-6,,31232,Eu(Zn0.9Cd0.1)2Sb2,,p,p,"estimated from Seebeck sign: positive=8, negative=0, zero=0, positive_ratio=1.000, negative_ratio=0.000",p,"estimated from Seebeck sign: positive=8, negative=0, zero=0, positive_ratio=1.000, negative_ratio=0.000",high,1.062373,1.134218477915796,0.8707587694384707,0.8536557557043702,1.062373,1.134218477915796,0.8707587694384707,0.8536557557043702,,,,,100198.0,74290.43,146161.2270865973,92554.2318876588,1.471661,1.650188,0.0001951385,0.00017454569999999998,1.062373,1.134218477915796,0.8536557557043702,298.5,649.5,351.0,8,True,True,False,True,True,True,True,Cd;Eu;Sb;Zn,False,Sb,True,Cd;Sb,True,False,False,False,True,True,True,False,,True,True,,auto_step9,,,auto_step9,,,,no,,,no,,,,,,,,,,,,,,,,,,,,,,,False,False,False,True,True,unknown,no,no,downstream_all_samples,not_unbiased_evaluation,https://doi.org/10.1016/s1002-0721%2812%2960398-6
10.1016_j.nanoen.2020.105638__sample_40604,105,A,observed ZT >= threshold; ML predicted ZT >= threshold; low thermal conductivity; high observed electrical conductivity; high ML predicted electrical conductivity; low kappa and high sigma; balanced recommended candidate,downstream ML prediction is not unbiased evaluation; toxicity attention element detected; rare metal attention element detected; structure unknown; additive unknown; sintering unknown,10.1016/j.nanoen.2020.105638,,40604,Bi0.55Sb1.45Te3,,p,p,"estimated from Seebeck sign: positive=10, negative=0, zero=0, positive_ratio=1.000, negative_ratio=0.000",p,"estimated from Seebeck sign: positive=10, negative=0, zero=0, positive_ratio=1.000, negative_ratio=0.000",high,1.060832,1.1596031173398222,0.9943692760057962,1.061216656527881,1.060832,1.1596031173398222,0.9943692760057962,1.061216656527881,,,,,62193.39,36741.979999999996,61411.93138138079,44780.28319214542,0.7211048,0.77359125,0.0002183038,0.00021019565,1.060832,1.1596031173398222,1.061216656527881,299.064,523.56,224.49599999999992,10,True,True,False,True,True,True,True,Bi;Sb;Te,False,Bi;Sb;Te,True,Sb;Te,True,False,False,False,True,True,True,False,,True,True,,auto_step9,,,auto_step9,,,,no,,,no,,,,,,,,,,,,,,,,,,,,,,,False,False,False,True,True,unknown,no,no,downstream_all_samples,not_unbiased_evaluation,https://doi.org/10.1016/j.nanoen.2020.105638
10.1021_jacs.6b09568__sample_44735,105,A,observed ZT >= threshold; fitting predicted ZT >= threshold; low thermal conductivity; high observed electrical conductivity; high ML predicted electrical conductivity; low kappa and high sigma; balanced recommended candidate,downstream ML prediction is not unbiased evaluation; toxicity attention element detected; rare metal attention element detected; structure unknown; additive unknown; sintering unknown,10.1021/jacs.6b09568,,44735,(K2Bi8Se13)73.16(BiCl3)26.84,unknown,n,n,,,,,1.208376,0.9020202003397444,1.5156161281801614,1.1385282724658956,1.208376,0.9189399509633844,1.5156161281801614,1.1385282724658956,1.208376,0.9020202003397444,1.5156161281801614,1.1385282724658956,38724.25,19245.36,18911.5283174744,11779.025744872306,0.3903963,0.4753497,0.0002059147,0.00017599724999999998,1.208376,0.9189399509633844,1.1385282724658956,303.496,872.727,569.231,13,True,False,True,True,True,True,True,Bi;Cl;K;Se,False,Bi;Se,True,Se,True,False,False,False,True,True,True,False,,True,True,,,,,,,,,no,,,no,unknown,ML_moderately_worse,material_system_out_of_distribution,missing_additive_or_structure_annotation; possible_sintering_or_microstructure_effect; tau_eff_ML_prediction_error,both_good,candidate hypothesis only; no causal mechanism proven,0.2240953306117703,0.5652591103545291,0.3411637797427588,0.2033797668654136,0.3789659016334958,0.1755861347680821,0.2103000014224362,0.3824901285302635,0.1721901271078272,True,True,True,True,90.0,A,observed high ZT; ZT_ML false negative; missing sintering info for high-ZT/error sample; manual review not checked,True,False,True,True,False,unknown,no,no,downstream_all_samples,not_unbiased_evaluation,https://doi.org/10.1021/jacs.6b09568
10.1021_cm402593f__sample_13844,105,A,observed ZT >= threshold; ML predicted ZT >= threshold; low thermal conductivity; high observed electrical conductivity; high ML predicted electrical conductivity; low kappa and high sigma; balanced recommended candidate,downstream ML prediction is not unbiased evaluation; toxicity attention element detected; rare metal attention element detected; structure unknown; additive unknown; sintering unknown,10.1021/cm402593f,,13844,Tl9Bi0.98Te6,,p,p,"estimated from Seebeck sign: positive=8, negative=0, zero=0, positive_ratio=1.000, negative_ratio=0.000",p,"estimated from Seebeck sign: positive=8, negative=0, zero=0, positive_ratio=1.000, negative_ratio=0.000",high,1.086775,1.6824823816418832,0.9409053337091056,0.905575014038799,1.086775,1.6824823816418832,0.9409053337091056,0.905575014038799,,,,,28862.36,20306.800000000003,49329.993431019015,36222.33765712663,0.4147332,0.4737368,0.0002290818,0.0001953633,1.086775,1.6824823816418832,0.905575014038799,297.074,504.148,207.074,8,True,True,False,True,True,True,True,Bi;Te;Tl,False,Bi;Te,True,Te;Tl,True,False,False,False,True,True,True,False,,True,True,,auto_step9,,,auto_step9,,,,no,,,no,,,,,,,,,,,,,,,,,,,,,,,False,False,False,True,True,unknown,no,no,downstream_all_samples,not_unbiased_evaluation,https://doi.org/10.1021/cm402593f
10.1021_cm404115k__sample_15889,105,A,observed ZT >= threshold; ML predicted ZT >= threshold; low thermal conductivity; high observed electrical conductivity; high ML predicted electrical conductivity; low kappa and high sigma; balanced recommended candidate,downstream ML prediction is not unbiased evaluation; toxicity attention element detected; rare metal attention element detected; structure unknown; additive unknown; sintering unknown,10.1021/cm404115k,,15889,Ga7Sb2Te8Se2,,p,p,"estimated from Seebeck sign: positive=16, negative=0, zero=0, positive_ratio=1.000, negative_ratio=0.000",p,"estimated from Seebeck sign: positive=16, negative=0, zero=0, positive_ratio=1.000, negative_ratio=0.000",high,1.187005,1.1820157558595492,0.6314135596724081,1.1065531069868264,1.187005,1.1820157558595492,0.6314135596724081,1.1065531069868264,,,,,29837.57,14825.5,46317.37718999777,33788.21660079971,0.8459347,0.87081005,0.0002516924,0.00021844045000000002,1.187005,1.1820157558595492,1.1065531069868264,322.931,698.074,375.143,16,True,True,False,True,True,True,True,Ga;Sb;Se;Te,False,Ga;Sb;Se;Te,True,Sb;Se;Te,True,False,False,False,True,True,True,False,,True,True,,auto_step9,,,auto_step9,,,,no,,,no,,,,,,,,,,,,,,,,,,,,,,,False,False,False,True,True,unknown,no,no,downstream_all_samples,not_unbiased_evaluation,https://doi.org/10.1021/cm404115k
10.1021_jacs.1c01801__sample_44407,105,A,observed ZT >= threshold; ML predicted ZT >= threshold; low thermal conductivity; high observed electrical conductivity; high ML predicted electrical conductivity; low kappa and high sigma; balanced recommended candidate,downstream ML prediction is not unbiased evaluation; toxicity attention element detected; rare metal attention element detected; structure unknown; additive unknown; sintering unknown,10.1021/jacs.1c01801,,44407,Cu0.8Ag0.2In0.8Ga0.2Te2,,p,p,"estimated from Seebeck sign: positive=23, negative=0, zero=0, positive_ratio=1.000, negative_ratio=0.000",p,"estimated from Seebeck sign: positive=23, negative=0, zero=0, positive_ratio=1.000, negative_ratio=0.000",high,1.208039,2.0101913852113755,0.320479752497125,1.269387782306198,1.208039,2.0101913852113755,0.320479752497125,1.269387782306198,,,,,11065.09,4053.254,34811.334517233874,19788.66815102008,0.5354703,1.0127541,0.0004453007,0.0003800169,1.208039,2.0101913852113755,1.269387782306198,299.203,849.004,549.801,23,True,True,False,True,True,True,True,Ag;Cu;Ga;In;Te,False,Ag;Ga;In;Te,True,Te,True,False,False,False,True,True,True,False,,True,True,,auto_step9,,,auto_step9,,,,no,,,no,,,,,,,,,,,,,,,,,,,,,,,False,False,False,True,True,unknown,no,no,downstream_all_samples,not_unbiased_evaluation,https://doi.org/10.1021/jacs.1c01801
10.1021_jacs.1c01801__sample_44408,105,A,observed ZT >= threshold; ML predicted ZT >= threshold; low thermal conductivity; high observed electrical conductivity; high ML predicted electrical conductivity; low kappa and high sigma; balanced recommended candidate,downstream ML prediction is not unbiased evaluation; toxicity attention element detected; rare metal attention element detected; structure unknown; additive unknown; sintering unknown,10.1021/jacs.1c01801,,44408,Cu0.8Ag0.2In0.7Ga0.3Te2,,p,p,"estimated from Seebeck sign: positive=23, negative=0, zero=0, positive_ratio=1.000, negative_ratio=0.000",p,"estimated from Seebeck sign: positive=23, negative=0, zero=0, positive_ratio=1.000, negative_ratio=0.000",high,1.254584,1.9717324127165128,0.3569973006578723,1.3323855061154517,1.254584,1.9717324127165128,0.3569973006578723,1.3323855061154517,,,,,11360.95,4822.485,34811.334517233874,19788.66815102008,0.5425928,1.0305559999999998,0.0004626566,0.00036651445,1.254584,1.9717324127165128,1.3323855061154517,301.594,849.801,548.2070000000001,23,True,True,False,True,True,True,True,Ag;Cu;Ga;In;Te,False,Ag;Ga;In;Te,True,Te,True,False,False,False,True,True,True,False,,True,True,,auto_step9,,,auto_step9,,,,no,,,no,,,,,,,,,,,,,,,,,,,,,,,False,False,False,True,True,unknown,no,no,downstream_all_samples,not_unbiased_evaluation,https://doi.org/10.1021/jacs.1c01801
10.1021_jacs.1c01801__sample_44409,105,A,observed ZT >= threshold; ML predicted ZT >= threshold; low thermal conductivity; high observed electrical conductivity; high ML predicted electrical conductivity; low kappa and high sigma; balanced recommended candidate,downstream ML prediction is not unbiased evaluation; toxicity attention element detected; rare metal attention element detected; structure unknown; additive unknown; sintering unknown,10.1021/jacs.1c01801,,44409,Cu0.8Ag0.2In0.6Ga0.4Te2,,p,p,"estimated from Seebeck sign: positive=23, negative=0, zero=0, positive_ratio=1.000, negative_ratio=0.000",p,"estimated from Seebeck sign: positive=23, negative=0, zero=0, positive_ratio=1.000, negative_ratio=0.000",high,1.282087,1.676918791173796,0.3391938631708962,1.2058566222980296,1.282087,1.676918791173796,0.3391938631708962,1.2058566222980296,,,,,12409.35,5151.078,34811.334517233874,19788.66815102008,0.5710828,0.9453867,0.000433584,0.0003313283,1.282087,1.676918791173796,1.2058566222980296,298.592,849.237,550.645,23,True,True,False,True,True,True,True,Ag;Cu;Ga;In;Te,False,Ag;Ga;In;Te,True,Te,True,False,False,False,True,True,True,False,,True,True,,auto_step9,,,auto_step9,,,,no,,,no,,,,,,,,,,,,,,,,,,,,,,,False,False,False,True,True,unknown,no,no,downstream_all_samples,not_unbiased_evaluation,https://doi.org/10.1021/jacs.1c01801
10.1021_jacs.1c01801__sample_44410,105,A,observed ZT >= threshold; ML predicted ZT >= threshold; low thermal conductivity; high observed electrical conductivity; high ML predicted electrical conductivity; low kappa and high sigma; balanced recommended candidate,downstream ML prediction is not unbiased evaluation; toxicity attention element detected; rare metal attention element detected; structure unknown; additive unknown; sintering unknown,10.1021/jacs.1c01801,,44410,Cu0.8Ag0.2In0.5Ga0.5Te2,,p,p,"estimated from Seebeck sign: positive=23, negative=0, zero=0, positive_ratio=1.000, negative_ratio=0.000",p,"estimated from Seebeck sign: positive=23, negative=0, zero=0, positive_ratio=1.000, negative_ratio=0.000",high,1.252468,1.5396857386872187,0.3743151960609059,1.2604672441693587,1.252468,1.5396857386872187,0.3743151960609059,1.2604672441693587,,,,,13799.93,5831.651,34811.334517233874,19788.66815102008,0.6528446,1.007476,0.0004576441,0.00039097744999999997,1.252468,1.5396857386872187,1.2604672441693587,298.009,846.612,548.603,23,True,True,False,True,True,True,True,Ag;Cu;Ga;In;Te,False,Ag;Ga;In;Te,True,Te,True,False,False,False,True,True,True,False,,True,True,,auto_step9,,,auto_step9,,,,no,,,no,,,,,,,,,,,,,,,,,,,,,,,False,False,False,True,True,unknown,no,no,downstream_all_samples,not_unbiased_evaluation,https://doi.org/10.1021/jacs.1c01801
10.1021_jacs.1c01801__sample_44411,105,A,observed ZT >= threshold; ML predicted ZT >= threshold; low thermal conductivity; high observed electrical conductivity; high ML predicted electrical conductivity; low kappa and high sigma; balanced recommended candidate,downstream ML prediction is not unbiased evaluation; toxicity attention element detected; rare metal attention element detected; structure unknown; additive unknown; sintering unknown,10.1021/jacs.1c01801,,44411,Cu0.8Ag0.2In0.4Ga0.6Te2,,p,p,"estimated from Seebeck sign: positive=23, negative=0, zero=0, positive_ratio=1.000, negative_ratio=0.000",p,"estimated from Seebeck sign: positive=23, negative=0, zero=0, positive_ratio=1.000, negative_ratio=0.000",high,1.307475,1.4260482781317791,0.3761697264663756,1.0769446136658165,1.307475,1.4260482781317791,0.3761697264663756,1.0769446136658165,,,,,14091.32,6329.738,34811.334517233874,19788.66815102008,0.7912925,1.288251,0.0004330287,0.000303489,1.307475,1.4260482781317791,1.0769446136658165,302.384,851.862,549.478,23,True,True,False,True,True,True,True,Ag;Cu;Ga;In;Te,False,Ag;Ga;In;Te,True,Te,True,False,False,False,True,True,True,False,,True,True,,auto_step9,,,auto_step9,,,,no,,,no,,,,,,,,,,,,,,,,,,,,,,,False,False,False,True,True,unknown,no,no,downstream_all_samples,not_unbiased_evaluation,https://doi.org/10.1021/jacs.1c01801
10.1021_jacs.1c01801__sample_44412,105,A,observed ZT >= threshold; ML predicted ZT >= threshold; low thermal conductivity; high observed electrical conductivity; high ML predicted electrical conductivity; low kappa and high sigma; balanced recommended candidate,downstream ML prediction is not unbiased evaluation; toxicity attention element detected; rare metal attention element detected; structure unknown; additive unknown; sintering unknown,10.1021/jacs.1c01801,,44412,Cu0.8Ag0.2In0.3Ga0.7Te2,,p,p,"estimated from Seebeck sign: positive=23, negative=0, zero=0, positive_ratio=1.000, negative_ratio=0.000",p,"estimated from Seebeck sign: positive=23, negative=0, zero=0, positive_ratio=1.000, negative_ratio=0.000",high,1.2567,1.3359574303149884,0.4194975568428633,1.2220935404057127,1.2567,1.3359574303149884,0.4194975568428633,1.2220935404057127,,,,,16167.94,6891.872,34811.334517233874,19788.66815102008,0.6814864,1.1248505,0.0004075188,0.00031528825,1.2567,1.3359574303149884,1.2220935404057127,298.884,850.112,551.228,23,True,True,False,True,True,True,True,Ag;Cu;Ga;In;Te,False,Ag;Ga;In;Te,True,Te,True,False,False,False,True,True,True,False,,True,True,,auto_step9,,,auto_step9,,,,no,,,no,,,,,,,,,,,,,,,,,,,,,,,False,False,False,True,True,unknown,no,no,downstream_all_samples,not_unbiased_evaluation,https://doi.org/10.1021/jacs.1c01801
10.1021_jacs.1c01801__sample_44413,105,A,observed ZT >= threshold; ML predicted ZT >= threshold; low thermal conductivity; high observed electrical conductivity; high ML predicted electrical conductivity; low kappa and high sigma; balanced recommended candidate,downstream ML prediction is not unbiased evaluation; toxicity attention element detected; rare metal attention element detected; structure unknown; additive unknown; sintering unknown,10.1021/jacs.1c01801,,44413,Cu0.8Ag0.2In0.2Ga0.8Te2,,p,p,"estimated from Seebeck sign: positive=23, negative=0, zero=0, positive_ratio=1.000, negative_ratio=0.000",p,"estimated from Seebeck sign: positive=23, negative=0, zero=0, positive_ratio=1.000, negative_ratio=0.000",high,1.324401,1.3150841867908625,0.4944121157194108,1.304902070903999,1.324401,1.3150841867908625,0.4944121157194108,1.304902070903999,,,,,16522.24,8372.781,34811.334517233874,19788.66815102008,0.6850382,1.1675905,0.0004248539,0.00034150095,1.324401,1.3150841867908625,1.304902070903999,300.0,850.112,550.112,23,True,True,False,True,True,True,True,Ag;Cu;Ga;In;Te,False,Ag;Ga;In;Te,True,Te,True,False,False,False,True,True,True,False,,True,True,,auto_step9,,,auto_step9,,,,no,,,no,,,,,,,,,,,,,,,,,,,,,,,False,False,False,True,True,unknown,no,no,downstream_all_samples,not_unbiased_evaluation,https://doi.org/10.1021/jacs.1c01801
10.1021_jacs.1c01801__sample_44414,105,A,observed ZT >= threshold; ML predicted ZT >= threshold; low thermal conductivity; high observed electrical conductivity; high ML predicted electrical conductivity; low kappa and high sigma; balanced recommended candidate,downstream ML prediction is not unbiased evaluation; toxicity attention element detected; rare metal attention element detected; structure unknown; additive unknown; sintering unknown,10.1021/jacs.1c01801,,44414,Cu0.8Ag0.2In0.1Ga0.9Te2,,p,p,"estimated from Seebeck sign: positive=23, negative=0, zero=0, positive_ratio=1.000, negative_ratio=0.000",p,"estimated from Seebeck sign: positive=23, negative=0, zero=0, positive_ratio=1.000, negative_ratio=0.000",high,1.30536,1.233639756105342,0.4715135343750936,1.2939627376378635,1.30536,1.233639756105342,0.4715135343750936,1.2939627376378635,,,,,18994.08,8202.19,34811.334517233874,19788.66815102008,0.738457,0.993677,0.0004163948,0.00033934835,1.30536,1.233639756105342,1.2939627376378635,299.759,850.112,550.353,23,True,True,False,True,True,True,True,Ag;Cu;Ga;In;Te,False,Ag;Ga;In;Te,True,Te,True,False,False,False,True,True,True,False,,True,True,,auto_step9,,,auto_step9,,,,no,,,no,,,,,,,,,,,,,,,,,,,,,,,False,False,False,True,True,unknown,no,no,downstream_all_samples,not_unbiased_evaluation,https://doi.org/10.1021/jacs.1c01801
10.1021_jacs.1c01801__sample_44415,105,A,observed ZT >= threshold; ML predicted ZT >= threshold; low thermal conductivity; high observed electrical conductivity; high ML predicted electrical conductivity; low kappa and high sigma; balanced recommended candidate,downstream ML prediction is not unbiased evaluation; toxicity attention element detected; rare metal attention element detected; structure unknown; additive unknown; sintering unknown,10.1021/jacs.1c01801,,44415,Cu0.8Ag0.2GaTe2,,p,p,"estimated from Seebeck sign: positive=23, negative=0, zero=0, positive_ratio=1.000, negative_ratio=0.000",p,"estimated from Seebeck sign: positive=23, negative=0, zero=0, positive_ratio=1.000, negative_ratio=0.000",high,1.319976,2.1388456532200166,0.4760985162332238,1.3190030348681532,1.319976,2.1388456532200166,0.4760985162332238,1.3190030348681532,,,,,19582.86,8425.106,63974.09266250296,36366.37628282094,0.7721332,1.160601,0.0003999139,0.00033736620000000004,1.319976,2.1388456532200166,1.3190030348681532,301.509,850.112,548.603,23,True,True,False,True,True,True,True,Ag;Cu;Ga;Te,False,Ag;Ga;Te,True,Te,True,False,False,False,True,True,True,False,,True,True,,auto_step9,,,auto_step9,,,,no,,,no,,,,,,,,,,,,,,,,,,,,,,,False,False,False,True,True,unknown,no,no,downstream_all_samples,not_unbiased_evaluation,https://doi.org/10.1021/jacs.1c01801
10.1021_jacs.1c01801__sample_44418,105,A,observed ZT >= threshold; ML predicted ZT >= threshold; low thermal conductivity; high observed electrical conductivity; high ML predicted electrical conductivity; low kappa and high sigma; balanced recommended candidate,downstream ML prediction is not unbiased evaluation; toxicity attention element detected; rare metal attention element detected; structure unknown; additive unknown; sintering unknown,10.1021/jacs.1c01801,,44418,Cu0.79Ag0.2In0.2Ga0.8Te2,,p,p,"estimated from Seebeck sign: positive=23, negative=0, zero=0, positive_ratio=1.000, negative_ratio=0.000",p,"estimated from Seebeck sign: positive=23, negative=0, zero=0, positive_ratio=1.000, negative_ratio=0.000",high,1.253441,1.029175580022275,0.5922727267692133,1.2026951243318589,1.253441,1.029175580022275,0.5922727267692133,1.2026951243318589,,,,,20423.16,10138.13,34811.334517233874,19788.66815102008,0.7391304,0.9963768,0.0003140008,0.0002608934,1.253441,1.029175580022275,1.2026951243318589,299.919,849.883,549.964,23,True,True,False,True,True,True,True,Ag;Cu;Ga;In;Te,False,Ag;Ga;In;Te,True,Te,True,False,False,False,True,True,True,False,,True,True,,auto_step9,,,auto_step9,,,,no,,,no,,,,,,,,,,,,,,,,,,,,,,,False,False,False,True,True,unknown,no,no,downstream_all_samples,not_unbiased_evaluation,https://doi.org/10.1021/jacs.1c01801
10.1007_s10853-016-9980-x__sample_2541,105,A,observed ZT >= threshold; fitting predicted ZT >= threshold; low thermal conductivity; high observed electrical conductivity; high ML predicted electrical conductivity; low kappa and high sigma; balanced recommended candidate,downstream ML prediction is not unbiased evaluation; toxicity attention element detected; rare metal attention element detected; structure unknown; additive unknown; sintering unknown,10.1007/s10853-016-9980-x,,2541,Pb0.986Na0.014Te,unknown,p,p,,,,,1.240599,0.8703739821868762,1.351386186365116,1.017988775138781,1.240599,1.482316357651539,1.351386186365116,1.017988775138781,1.240599,0.8703739821868762,1.351386186365116,1.017988775138781,197329.6,80543.69,130543.83090930372,83326.75581475896,1.198805,1.7724595,0.000210315,0.00014446450000000003,1.240599,1.482316357651539,1.017988775138781,297.351,695.364,398.01300000000003,19,True,False,True,True,True,True,True,Na;Pb;Te,False,Te,True,Pb;Te,True,False,False,False,True,True,True,False,,True,True,,,,,,,,,no,,,no,unknown,ML_better_than_fitting,material_system_out_of_distribution,missing_additive_or_structure_annotation; possible_sintering_or_microstructure_effect,both_good,candidate hypothesis only; no causal mechanism proven,0.4528935008360465,0.6314112052197123,0.1785177043836657,0.2331263122011372,0.4085136749591569,0.1753873627580196,0.4012636038382987,0.0975019611183468,-0.3037616427199519,True,True,True,True,90.0,A,observed high ZT; ZT_ML false negative; missing sintering info for high-ZT/error sample; manual review not checked,True,False,True,True,False,unknown,no,no,downstream_all_samples,not_unbiased_evaluation,https://doi.org/10.1007/s10853-016-9980-x
10.1016_j.physb.2019.411797__sample_35158,105,A,observed ZT >= threshold; ML predicted ZT >= threshold; low thermal conductivity; high observed electrical conductivity; high ML predicted electrical conductivity; low kappa and high sigma; balanced recommended candidate,downstream ML prediction is not unbiased evaluation; toxicity attention element detected; rare metal attention element detected; structure unknown; additive unknown; sintering unknown,10.1016/j.physb.2019.411797,,35158,Pb1.1Se,,n,n,"estimated from Seebeck sign: positive=0, negative=14, zero=0, positive_ratio=0.000, negative_ratio=1.000",n,"estimated from Seebeck sign: positive=0, negative=14, zero=0, positive_ratio=0.000, negative_ratio=1.000",high,1.106573,1.8625686229206968,0.9172084097256562,0.5160712431464098,1.106573,1.8625686229206968,0.9172084097256562,0.5160712431464098,,,,,76178.49,19969.945,55520.55184939421,39990.60709158055,1.211687,1.3418535,0.0002958467,0.00026491955000000004,1.106573,1.8625686229206968,0.5160712431464098,299.664,689.309,389.645,14,True,True,False,True,True,True,True,Pb;Se,False,Se,True,Pb;Se,True,False,False,False,True,True,True,False,,True,True,,auto_step9,,,auto_step9,,,,no,,,no,,,,,,,,,,,,,,,,,,,,,,,False,False,False,True,True,unknown,no,no,downstream_all_samples,not_unbiased_evaluation,https://doi.org/10.1016/j.physb.2019.411797
10.1007_s11664-014-3507-5__sample_14354,105,A,observed ZT >= threshold; ML predicted ZT >= threshold; low thermal conductivity; high observed electrical conductivity; high ML predicted electrical conductivity; low kappa and high sigma; balanced recommended candidate,downstream ML prediction is not unbiased evaluation; toxicity attention element detected; rare metal attention element detected; structure unknown; additive unknown; sintering unknown,10.1007/s11664-014-3507-5,,14354,In0.1Ge0.9Te,,p,p,"estimated from Seebeck sign: positive=10, negative=0, zero=0, positive_ratio=1.000, negative_ratio=0.000",p,"estimated from Seebeck sign: positive=10, negative=0, zero=0, positive_ratio=1.000, negative_ratio=0.000",high,1.822857,1.3505377097072544,0.9871869847409536,1.1113670099043529,1.822857,1.3505377097072544,0.9871869847409536,1.1113670099043529,,,,,151685.0,78370.8,175369.9423499465,111575.05062594468,0.8810573,0.9867841,0.0001712094,0.0001482287,1.822857,1.3505377097072544,1.1113670099043529,298.856,725.858,427.00199999999995,10,True,True,False,True,True,True,True,Ge;In;Te,False,Ge;In;Te,True,Te,True,False,False,False,True,True,True,False,,True,True,,auto_step9,,,auto_step9,,,,no,,,no,,,,,,,,,,,,,,,,,,,,,,,False,False,False,True,True,unknown,no,no,downstream_all_samples,not_unbiased_evaluation,https://doi.org/10.1007/s11664-014-3507-5
10.1007_s11664-009-0993-y__sample_16740,105,A,observed ZT >= threshold; fitting predicted ZT >= threshold; low thermal conductivity; high observed electrical conductivity; high ML predicted electrical conductivity; low kappa and high sigma; balanced recommended candidate,downstream ML prediction is not unbiased evaluation; toxicity attention element detected; rare metal attention element detected; structure unknown; additive unknown; sintering unknown,10.1007/s11664-009-0993-y,,16740,(GeTe)80(AgSbTe2)20,unknown,p,p,,,,,1.395074,0.8225601423502832,1.3417089030011704,1.3170325315921123,1.395074,0.9569123323182512,1.3417089030011704,1.3170325315921123,1.395074,0.8225601423502832,1.3417089030011704,1.3170325315921123,103978.1,71095.17,79600.17560308096,49483.21479158992,1.403115,1.4225585,0.0002184814,0.0001860533,1.395074,0.9569123323182512,1.3170325315921123,299.031,717.783,418.752,22,True,False,True,True,True,True,True,Ag;Ge;Sb;Te,False,Ag;Ge;Sb;Te,True,Sb;Te,True,False,False,False,True,True,True,False,,True,True,,,,,,,,,no,,,no,unknown,ML_moderately_worse,material_system_out_of_distribution,missing_additive_or_structure_annotation; possible_sintering_or_microstructure_effect,both_good,candidate hypothesis only; no causal mechanism proven,0.0486092676501064,0.4916864923190758,0.4430772246689693,0.0419354311613468,0.3861995074283862,0.3442640762670393,0.0390369361559937,0.3952434879666391,0.3562065518106453,True,True,True,True,90.0,A,observed high ZT; ZT_ML false negative; missing sintering info for high-ZT/error sample; manual review not checked,True,False,True,True,False,unknown,no,no,downstream_all_samples,not_unbiased_evaluation,https://doi.org/10.1007/s11664-009-0993-y
10.1007_s11664-014-3076-7__sample_16797,105,A,observed ZT >= threshold; ML predicted ZT >= threshold; low thermal conductivity; high observed electrical conductivity; high ML predicted electrical conductivity; low kappa and high sigma; balanced recommended candidate,downstream ML prediction is not unbiased evaluation; toxicity attention element detected; rare metal attention element detected; structure unknown; additive unknown; sintering unknown,10.1007/s11664-014-3076-7,,16797,AgCe0.03Sb0.97Te2.01,,p,p,"estimated from Seebeck sign: positive=7, negative=0, zero=0, positive_ratio=1.000, negative_ratio=0.000",p,"estimated from Seebeck sign: positive=7, negative=0, zero=0, positive_ratio=1.000, negative_ratio=0.000",high,1.06772,1.6408981154089,0.8747885643780583,1.0677110954598863,1.06772,1.6408981154089,0.8747885643780583,1.0677110954598863,,,,,16292.54,14565.32,34913.30077932517,26139.27548559353,0.5602466,0.5860042,0.0002745251,0.0002606676,1.06772,1.6408981154089,1.0677110954598863,321.542,615.664,294.122,7,True,True,False,True,True,True,True,Ag;Ce;Sb;Te,False,Ag;Ce;Sb;Te,True,Sb;Te,True,False,False,False,True,True,True,False,,True,True,,auto_step9,,,auto_step9,,,,no,,,no,,,,,,,,,,,,,,,,,,,,,,,False,False,False,True,True,unknown,no,no,downstream_all_samples,not_unbiased_evaluation,https://doi.org/10.1007/s11664-014-3076-7
10.1007_s11664-014-3076-7__sample_16795,105,A,observed ZT >= threshold; ML predicted ZT >= threshold; low thermal conductivity; high observed electrical conductivity; high ML predicted electrical conductivity; low kappa and high sigma; balanced recommended candidate,downstream ML prediction is not unbiased evaluation; toxicity attention element detected; rare metal attention element detected; structure unknown; additive unknown; sintering unknown,10.1007/s11664-014-3076-7,,16795,AgCe0.005Sb0.995Te2.01,,p,p,"estimated from Seebeck sign: positive=7, negative=0, zero=0, positive_ratio=1.000, negative_ratio=0.000",p,"estimated from Seebeck sign: positive=7, negative=0, zero=0, positive_ratio=1.000, negative_ratio=0.000",high,1.093639,1.294810982818672,0.8808031655728635,1.0883483911202898,1.093639,1.294810982818672,0.8808031655728635,1.0883483911202898,,,,,21380.97,17900.12,34913.30077932517,26139.27548559353,0.5691786,0.6013137,0.0002380143,0.0002325276,1.093639,1.294810982818672,1.0883483911202898,319.977,613.875,293.898,7,True,True,False,True,True,True,True,Ag;Ce;Sb;Te,False,Ag;Ce;Sb;Te,True,Sb;Te,True,False,False,False,True,True,True,False,,True,True,,auto_step9,,,auto_step9,,,,no,,,no,,,,,,,,,,,,,,,,,,,,,,,False,False,False,True,True,unknown,no,no,downstream_all_samples,not_unbiased_evaluation,https://doi.org/10.1007/s11664-014-3076-7
10.1039_c0jm00138d__sample_16919,105,A,observed ZT >= threshold; ML predicted ZT >= threshold; low thermal conductivity; high observed electrical conductivity; high ML predicted electrical conductivity; low kappa and high sigma; balanced recommended candidate,downstream ML prediction is not unbiased evaluation; toxicity attention element detected; rare metal attention element detected; structure unknown; additive unknown; sintering unknown,10.1039/c0jm00138d,,16919,(Ag2Te)52(Sb2Te3)48,,p,p,"estimated from Seebeck sign: positive=6, negative=0, zero=0, positive_ratio=1.000, negative_ratio=0.000",p,"estimated from Seebeck sign: positive=6, negative=0, zero=0, positive_ratio=1.000, negative_ratio=0.000",high,1.235722,1.374762132466157,0.9370716086727154,1.2408342375154993,1.235722,1.374762132466157,0.9370716086727154,1.2408342375154993,,,,,21793.89,19034.175,34913.30077932517,27964.237985345575,0.5674833,0.6008909,0.000258399,0.00024711285000000003,1.235722,1.374762132466157,1.2408342375154993,330.98,588.235,257.255,6,True,True,False,True,True,True,True,Ag;Sb;Te,False,Ag;Sb;Te,True,Sb;Te,True,False,False,False,True,True,True,False,,True,True,,auto_step9,,,auto_step9,,,,no,,,no,,,,,,,,,,,,,,,,,,,,,,,False,False,False,True,True,unknown,no,no,downstream_all_samples,not_unbiased_evaluation,https://doi.org/10.1039/c0jm00138d
10.1007_s11664-010-1202-8__sample_20904,105,A,observed ZT >= threshold; fitting predicted ZT >= threshold; low thermal conductivity; high observed electrical conductivity; high ML predicted electrical conductivity; low kappa and high sigma; balanced recommended candidate,downstream ML prediction is not unbiased evaluation; toxicity attention element detected; rare metal attention element detected; structure unknown; additive unknown; sintering unknown,10.1007/s11664-010-1202-8,,20904,(AgSbTe2)15(GeTe)85,unknown,p,p,,,,,1.225686,0.8983958245769914,1.5424865301545594,1.5060356364381609,1.225686,1.0451345738496216,1.5424865301545594,1.5060356364381609,1.225686,0.8983958245769914,1.5424865301545594,1.5060356364381609,103274.8,73333.33,67870.6779910872,48488.08092649931,1.42842,1.486638,0.0002173432,0.0002080443,1.225686,1.0451345738496216,1.5060356364381609,313.244,713.063,399.81899999999996,17,True,False,True,True,True,True,True,Ag;Ge;Sb;Te,False,Ag;Ge;Sb;Te,True,Sb;Te,True,False,False,False,True,True,True,False,,True,True,,,,,,,,,no,,,no,unknown,ML_moderately_worse,material_system_out_of_distribution,missing_additive_or_structure_annotation; possible_sintering_or_microstructure_effect,both_good,candidate hypothesis only; no causal mechanism proven,0.0546270926915634,0.5432935670659188,0.4886664743743553,0.0540558210727148,0.4175064886650788,0.363450667592364,0.0510553845135495,0.4276032176581059,0.3765478331445563,True,True,True,True,90.0,A,observed high ZT; ZT_ML false negative; missing sintering info for high-ZT/error sample; manual review not checked,True,False,True,True,False,unknown,no,no,downstream_all_samples,not_unbiased_evaluation,https://doi.org/10.1007/s11664-010-1202-8
10.1039_c5ce00228a__sample_13854,105,A,observed ZT >= threshold; fitting predicted ZT >= threshold; low thermal conductivity; high observed electrical conductivity; high ML predicted electrical conductivity; low kappa and high sigma; balanced recommended candidate,downstream ML prediction is not unbiased evaluation; toxicity attention element detected; rare metal attention element detected; structure unknown; additive unknown; sintering unknown,10.1039/c5ce00228a,,13854,Ge0.86Sb0.09Te,unknown,p,p,,,,,1.297,0.8691968330527389,1.1174766561101084,1.335969329556835,1.297,0.6739502278886778,1.1174766561101084,1.335969329556835,1.297,0.8691968330527389,1.1174766561101084,1.335969329556835,142356.2,78281.35,67780.25313513419,50411.095793719214,1.644315,1.7201170000000001,0.0002143463,0.0001951368,1.297,0.6739502278886778,1.335969329556835,327.795,663.879,336.084,15,True,False,True,True,True,True,True,Ge;Sb;Te,False,Ge;Sb;Te,True,Sb;Te,True,False,False,False,True,True,True,False,,True,True,,,,,,,,,no,,,no,unknown,ML_close_to_fitting,material_system_out_of_distribution,missing_additive_or_structure_annotation; possible_sintering_or_microstructure_effect,both_good,candidate hypothesis only; no causal mechanism proven,0.2104991523021384,0.3277817776986559,0.1172826253965175,0.1025721508433592,0.1932800654652858,0.0907079146219266,0.1324642550063518,0.1191454974787763,-0.0133187575275755,True,True,True,True,90.0,A,observed high ZT; ZT_ML false negative; missing sintering info for high-ZT/error sample; manual review not checked,True,False,True,True,False,unknown,no,no,downstream_all_samples,not_unbiased_evaluation,https://doi.org/10.1039/c5ce00228a
10.1007_s11664-010-1202-8__sample_20905,105,A,observed ZT >= threshold; fitting predicted ZT >= threshold; low thermal conductivity; high observed electrical conductivity; high ML predicted electrical conductivity; low kappa and high sigma; balanced recommended candidate,downstream ML prediction is not unbiased evaluation; toxicity attention element detected; rare metal attention element detected; structure unknown; additive unknown; sintering unknown,10.1007/s11664-010-1202-8,,20905,(Ag1.2SbTe2.1)15(GeTe)85,unknown,p,p,,,,,1.453293,0.8508229085919452,1.3296060423821687,1.4242297634863,1.453293,1.571436000556795,1.3296060423821687,1.4242297634863,1.453293,0.8508229085919452,1.3296060423821687,1.4242297634863,110226.0,77226.62,144209.7527144327,87844.70771616261,1.380752,1.396077,0.0002138007,0.0001898893,1.453293,1.571436000556795,1.4242297634863,310.012,754.033,444.021,19,True,False,True,True,True,True,True,Ag;Ge;Sb;Te,False,Ag;Ge;Sb;Te,True,Sb;Te,True,False,False,False,True,True,True,False,,True,True,,,,,,,,,no,,,no,unknown,ML_moderately_worse,material_system_out_of_distribution,missing_additive_or_structure_annotation; possible_sintering_or_microstructure_effect,both_good,candidate hypothesis only; no causal mechanism proven,0.0912950146441029,0.4556731943714423,0.3643781797273394,0.0425207849664736,0.3449668700847957,0.3024460851183221,0.0613730430458999,0.3480515840664289,0.286678541020529,True,True,True,True,90.0,A,observed high ZT; ZT_ML false negative; missing sintering info for high-ZT/error sample; manual review not checked,True,False,True,True,False,unknown,no,no,downstream_all_samples,not_unbiased_evaluation,https://doi.org/10.1007/s11664-010-1202-8
10.1007_s11664-010-1487-7__sample_8101,105,A,observed ZT >= threshold; fitting predicted ZT >= threshold; low thermal conductivity; high observed electrical conductivity; high ML predicted electrical conductivity; low kappa and high sigma; balanced recommended candidate,downstream ML prediction is not unbiased evaluation; toxicity attention element detected; rare metal attention element detected; structure unknown; additive unknown; sintering unknown,10.1007/s11664-010-1487-7,,8101,Bi2Te3,unknown,n,n,,,,,1.126272,0.7825375522248997,1.201217370088658,1.123463568673856,1.126272,0.7843173419963991,1.201217370088658,1.123463568673856,1.126272,0.7825375522248997,1.201217370088658,1.123463568673856,110143.2,80489.26,65585.86991519462,53010.617523434106,0.6973684,0.7188995,0.0001592936,0.0001522992,1.126272,0.7843173419963991,1.123463568673856,306.878,507.881,201.003,7,True,False,True,True,True,True,True,Bi;Te,False,Bi;Te,True,Te,True,False,False,False,True,True,True,False,,True,True,,,,,,,,,no,,,no,unknown,ML_moderately_worse,material_system_out_of_distribution,missing_additive_or_structure_annotation; possible_sintering_or_microstructure_effect,both_good,candidate hypothesis only; no causal mechanism proven,0.1459104214923867,0.4527074090232018,0.3067969875308151,0.1183750215158351,0.3417412783668941,0.223366256851059,0.1162216753538953,0.3431555024527028,0.2269338270988074,True,True,True,True,90.0,A,observed high ZT; ZT_ML false negative; missing sintering info for high-ZT/error sample; manual review not checked,True,False,True,True,False,unknown,no,no,downstream_all_samples,not_unbiased_evaluation,https://doi.org/10.1007/s11664-010-1487-7
10.1007_s11664-010-1487-7__sample_8100,105,A,observed ZT >= threshold; fitting predicted ZT >= threshold; low thermal conductivity; high observed electrical conductivity; high ML predicted electrical conductivity; low kappa and high sigma; balanced recommended candidate,downstream ML prediction is not unbiased evaluation; toxicity attention element detected; rare metal attention element detected; structure unknown; additive unknown; sintering unknown,10.1007/s11664-010-1487-7,,8100,Bi2Te3,unknown,n,n,,,,,1.087758,0.7697360065179341,1.195230010045857,1.0850147513688115,1.087758,0.7714866806769702,1.195230010045857,1.0850147513688115,1.087758,0.7697360065179341,1.195230010045857,1.0850147513688115,112440.3,79027.45,65585.86991519462,53010.617523434106,0.9055024,0.9449761,0.0001784765,0.0001647645,1.087758,0.7714866806769702,1.0850147513688115,308.018,507.425,199.40700000000004,7,True,False,True,True,True,True,True,Bi;Te,False,Bi;Te,True,Te,True,False,False,False,True,True,True,False,,True,True,,,,,,,,,no,,,no,unknown,ML_moderately_worse,material_system_out_of_distribution,missing_additive_or_structure_annotation; possible_sintering_or_microstructure_effect,both_good,candidate hypothesis only; no causal mechanism proven,0.1432825869784399,0.4627857598332265,0.3195031728547866,0.118363459715303,0.3495994169633208,0.2312359572480177,0.1179834619835758,0.3510217459874398,0.2330382840038639,True,True,True,True,90.0,A,observed high ZT; ZT_ML false negative; missing sintering info for high-ZT/error sample; manual review not checked,True,False,True,True,False,unknown,no,no,downstream_all_samples,not_unbiased_evaluation,https://doi.org/10.1007/s11664-010-1487-7
10.1007_s11664-010-1487-7__sample_8099,105,A,observed ZT >= threshold; fitting predicted ZT >= threshold; low thermal conductivity; high observed electrical conductivity; high ML predicted electrical conductivity; low kappa and high sigma; balanced recommended candidate,downstream ML prediction is not unbiased evaluation; toxicity attention element detected; rare metal attention element detected; structure unknown; additive unknown; sintering unknown,10.1007/s11664-010-1487-7,,8099,Bi2Te3,unknown,n,n,,,,,1.070151,0.6293733103692933,1.1272022701518791,1.0657762814001857,1.070151,0.6308047460583095,1.1272022701518791,1.0657762814001857,1.070151,0.6293733103692933,1.1272022701518791,1.0657762814001857,131652.7,91974.94,65585.86991519462,53010.617523434106,1.023923,1.050837,0.0001739751,0.0001678809,1.070151,0.6308047460583095,1.0657762814001857,307.106,507.881,200.77499999999998,7,True,False,True,True,True,True,True,Bi;Te,False,Bi;Te,True,Te,True,False,False,False,True,True,True,False,,True,True,,,,,,,,,no,,,no,unknown,ML_moderately_worse,material_system_out_of_distribution,missing_additive_or_structure_annotation; possible_sintering_or_microstructure_effect,both_good,candidate hypothesis only; no causal mechanism proven,0.1539144188659271,0.60275187009621,0.4488374512302828,0.1282420050020989,0.4352103848161629,0.306968379814064,0.1267492446660201,0.4369804800270729,0.3102312353610528,True,True,True,True,90.0,A,observed high ZT; ZT_ML false negative; missing sintering info for high-ZT/error sample; manual review not checked,True,False,True,True,False,unknown,no,no,downstream_all_samples,not_unbiased_evaluation,https://doi.org/10.1007/s11664-010-1487-7
10.1039_c5tc01509j__sample_13194,105,A,observed ZT >= threshold; ML predicted ZT >= threshold; low thermal conductivity; high observed electrical conductivity; high ML predicted electrical conductivity; low kappa and high sigma; balanced recommended candidate,downstream ML prediction is not unbiased evaluation; toxicity attention element detected; rare metal attention element detected; structure unknown; additive unknown; sintering unknown,10.1039/c5tc01509j,,13194,(CoSb2Ge0.5Te0.5)0.2(GeTe)10.5Sb2Te3,unknown,p,p,"estimated from Seebeck sign: positive=17, negative=0, zero=0, positive_ratio=1.000, negative_ratio=0.000",p,"estimated from Seebeck sign: positive=17, negative=0, zero=0, positive_ratio=1.000, negative_ratio=0.000",high,1.271378,1.1061371455103384,0.6258891927905964,0.5604142427319048,1.271378,0.8595024226320825,0.6258891927905964,0.5604142427319048,1.271378,1.1061371455103384,0.6258891927905964,0.5604142427319048,40787.07,34367.03,60209.87019730039,45352.47521861677,1.111111,1.1666665,0.0002397505,0.00021445825,1.271378,0.8595024226320825,0.5604142427319048,348.558,750.818,402.26,17,True,True,False,True,True,True,True,Co;Ge;Sb;Te,False,Ge;Sb;Te,True,Sb;Te,True,False,False,False,True,True,True,False,unknown,True,True,unknown,auto_step9,unknown,unknown,auto_step9,unknown,unknown,,no,unknown,unknown,no,not_checked,ML_much_worse,insufficient_material_features,missing_additive_or_structure_annotation; possible_sintering_or_microstructure_effect,fitting_good_ML_bad,candidate hypothesis only; no causal mechanism proven,0.2569347855435868,0.6247362842076202,0.3678014986640333,0.2109235962188462,0.766007489289222,0.5550838930703758,0.202035730962677,1.124363845172412,0.922328114209735,True,True,True,True,120.0,A,ML much worse than fitting; observed high ZT; missing additive info and ML bad; missing structure info and ML bad; missing sintering info for high-ZT/error sample; manual review not checked,True,True,True,True,True,unknown,no,no,downstream_all_samples,not_unbiased_evaluation,https://doi.org/10.1039/c5tc01509j
10.1002_smll.202101328__sample_44607,105,A,observed ZT >= threshold; fitting predicted ZT >= threshold; low thermal conductivity; high observed electrical conductivity; high ML predicted electrical conductivity; low kappa and high sigma; balanced recommended candidate,downstream ML prediction is not unbiased evaluation; toxicity attention element detected; rare metal attention element detected; structure unknown; additive unknown; sintering unknown,10.1002/smll.202101328,,44607,Bi1.995W0.005Te2.47Cl0.03Se0.5,unknown,n,n,,,,,1.10741,0.7394367561679214,1.21146854621996,1.1220761999714557,1.10741,1.12993449283282,1.21146854621996,1.1220761999714557,1.10741,0.7394367561679214,1.21146854621996,1.1220761999714557,160162.0,97619.785,124920.33808649729,94454.22234744401,1.031095,1.079853,0.0001657417,0.0001516989,1.10741,1.12993449283282,1.1220761999714557,297.835,573.1,275.26500000000004,12,True,False,True,True,True,True,True,Bi;Cl;Se;Te;W,False,Bi;Se;Te;W,True,Se;Te,True,False,False,False,True,True,True,False,,True,True,,,,,,,,,no,,,no,unknown,ML_moderately_worse,material_system_out_of_distribution,missing_additive_or_structure_annotation; possible_sintering_or_microstructure_effect,both_good,candidate hypothesis only; no causal mechanism proven,0.1397516820603173,0.5130984759934677,0.3733467939331503,0.1245194930082307,0.4230648523698634,0.2985453593616326,0.1464517323649912,0.4139787019617956,0.2675269695968044,True,True,True,True,90.0,A,observed high ZT; ZT_ML false negative; missing sintering info for high-ZT/error sample; manual review not checked,True,False,True,True,False,unknown,no,no,downstream_all_samples,not_unbiased_evaluation,https://doi.org/10.1002/smll.202101328
10.1021_acsami.9b12256__sample_41043,105,A,observed ZT >= threshold; ML predicted ZT >= threshold; low thermal conductivity; high observed electrical conductivity; high ML predicted electrical conductivity; low kappa and high sigma; balanced recommended candidate,downstream ML prediction is not unbiased evaluation; toxicity attention element detected; rare metal attention element detected; structure unknown; additive unknown; sintering unknown,10.1021/acsami.9b12256,,41043,(Cu2Te)0.08(Cu3.52In4.16Te8),,p,p,"estimated from Seebeck sign: positive=10, negative=0, zero=0, positive_ratio=1.000, negative_ratio=0.000",p,"estimated from Seebeck sign: positive=10, negative=0, zero=0, positive_ratio=1.000, negative_ratio=0.000",high,1.541113,1.2452550501255877,0.5452761823643786,1.5909251112938188,1.541113,1.2452550501255877,0.5452761823643786,1.5909251112938188,,,,,17950.48,14442.915,22188.62307597002,13967.096249458657,0.5038168,0.7633588,0.0003784841,0.0002569035,1.541113,1.2452550501255877,1.5909251112938188,329.88,816.335,486.45500000000004,10,True,True,False,True,True,True,True,Cu;In;Te,False,In;Te,True,Te,True,False,False,False,True,True,True,False,,True,True,,auto_step9,,,auto_step9,,,,no,,,no,,,,,,,,,,,,,,,,,,,,,,,False,False,False,True,True,unknown,no,no,downstream_all_samples,not_unbiased_evaluation,https://doi.org/10.1021/acsami.9b12256
10.1002_smll.202101328__sample_44606,105,A,observed ZT >= threshold; fitting predicted ZT >= threshold; low thermal conductivity; high observed electrical conductivity; high ML predicted electrical conductivity; low kappa and high sigma; balanced recommended candidate,downstream ML prediction is not unbiased evaluation; toxicity attention element detected; rare metal attention element detected; structure unknown; additive unknown; sintering unknown,10.1002/smll.202101328,,44606,Bi1.996W0.004Te2.476Cl0.024Se0.5,unknown,n,n,,,,,1.353907,0.7439490842511827,1.0850740732340984,1.2393786206861224,1.353907,1.1368297886126488,1.0850740732340984,1.2393786206861224,1.353907,0.7439490842511827,1.0850740732340984,1.2393786206861224,144360.4,87518.66500000001,124920.33808649729,94454.22234744401,0.9853278,1.025921,0.0001928826,0.0001855764,1.353907,1.1368297886126488,1.2393786206861224,299.868,571.133,271.26500000000004,12,True,False,True,True,True,True,True,Bi;Cl;Se;Te;W,False,Bi;Se;Te;W,True,Se;Te,True,False,False,False,True,True,True,False,,True,True,,,,,,,,,no,,,no,unknown,ML_moderately_worse,material_system_out_of_distribution,missing_additive_or_structure_annotation; possible_sintering_or_microstructure_effect,both_good,candidate hypothesis only; no causal mechanism proven,0.1465952969310259,0.4049003494140868,0.2583050524830609,0.1193315352105616,0.3144429976143276,0.195111462403766,0.1032660595455989,0.3851807814100466,0.2819147218644476,True,True,True,True,90.0,A,observed high ZT; ZT_ML false negative; missing sintering info for high-ZT/error sample; manual review not checked,True,False,True,True,False,unknown,no,no,downstream_all_samples,not_unbiased_evaluation,https://doi.org/10.1002/smll.202101328
10.1002_adfm.201402211__sample_7643,105,A,observed ZT >= threshold; ML predicted ZT >= threshold; low thermal conductivity; high observed electrical conductivity; high ML predicted electrical conductivity; low kappa and high sigma; balanced recommended candidate,downstream ML prediction is not unbiased evaluation; toxicity attention element detected; rare metal attention element detected; structure unknown; additive unknown; sintering unknown,10.1002/adfm.201402211,,7643,BiAgSeS0.985Cl 0.015,,n,n,"estimated from Seebeck sign: positive=0, negative=12, zero=0, positive_ratio=0.000, negative_ratio=1.000",n,"estimated from Seebeck sign: positive=0, negative=12, zero=0, positive_ratio=0.000, negative_ratio=1.000",high,1.217969,8.402547661803451,0.6119276364558642,1.2341276042743918,1.217969,8.402547661803451,0.6119276364558642,1.2341276042743918,,,,,12776.73,5001.9205,102813.84505281778,64374.31071292724,0.293596,0.3283024,0.0003015078,0.0002787206,1.217969,8.402547661803451,1.2341276042743918,300.36,822.126,521.766,12,True,True,False,True,True,True,True,Ag;Bi;Cl;S;Se,False,Ag;Bi;Se,True,Se,True,False,False,False,True,True,True,False,,True,True,,auto_step9,,,auto_step9,,,,no,,,no,,,,,,,,,,,,,,,,,,,,,,,False,False,False,True,True,unknown,no,no,downstream_all_samples,not_unbiased_evaluation,https://doi.org/10.1002/adfm.201402211
10.1016_j.physb.2019.411797__sample_35159,105,A,observed ZT >= threshold; ML predicted ZT >= threshold; low thermal conductivity; high observed electrical conductivity; high ML predicted electrical conductivity; low kappa and high sigma; balanced recommended candidate,downstream ML prediction is not unbiased evaluation; toxicity attention element detected; rare metal attention element detected; structure unknown; additive unknown; sintering unknown,10.1016/j.physb.2019.411797,,35159,Pb1.15Se,,n,n,"estimated from Seebeck sign: positive=0, negative=14, zero=0, positive_ratio=0.000, negative_ratio=1.000",n,"estimated from Seebeck sign: positive=0, negative=14, zero=0, positive_ratio=0.000, negative_ratio=1.000",high,1.193416,1.7075808034173707,0.9674723256073108,0.4941174399521246,1.193416,1.7075808034173707,0.9674723256073108,0.4941174399521246,,,,,82471.73,21535.575,55520.55184939421,39990.60709158055,1.273664,1.4209865,0.0002905517,0.00025611825,1.193416,1.7075808034173707,0.4941174399521246,300.132,689.982,389.84999999999997,14,True,True,False,True,True,True,True,Pb;Se,False,Se,True,Pb;Se,True,False,False,False,True,True,True,False,,True,True,,auto_step9,,,auto_step9,,,,no,,,no,,,,,,,,,,,,,,,,,,,,,,,False,False,False,True,True,unknown,no,no,downstream_all_samples,not_unbiased_evaluation,https://doi.org/10.1016/j.physb.2019.411797
10.1016_j.physb.2019.411797__sample_35160,105,A,observed ZT >= threshold; ML predicted ZT >= threshold; low thermal conductivity; high observed electrical conductivity; high ML predicted electrical conductivity; low kappa and high sigma; balanced recommended candidate,downstream ML prediction is not unbiased evaluation; toxicity attention element detected; rare metal attention element detected; structure unknown; additive unknown; sintering unknown,10.1016/j.physb.2019.411797,,35160,Pb1.2Se,,n,n,"estimated from Seebeck sign: positive=0, negative=14, zero=0, positive_ratio=0.000, negative_ratio=1.000",n,"estimated from Seebeck sign: positive=0, negative=14, zero=0, positive_ratio=0.000, negative_ratio=1.000",high,1.159035,1.5157064169482275,0.9395005988405044,0.4898598465955757,1.159035,1.5157064169482275,0.9395005988405044,0.4898598465955757,,,,,92827.94,23847.805,55510.5485528333,39990.60709158055,1.373619,1.499953,0.0002839336,0.0002416322,1.159035,1.5157064169482275,0.4898598465955757,299.664,689.309,389.645,14,True,True,False,True,True,True,True,Pb;Se,False,Se,True,Pb;Se,True,False,False,False,True,True,True,False,,True,True,,auto_step9,,,auto_step9,,,,no,,,no,,,,,,,,,,,,,,,,,,,,,,,False,False,False,True,True,unknown,no,no,downstream_all_samples,not_unbiased_evaluation,https://doi.org/10.1016/j.physb.2019.411797
10.1002_aenm.201601450__sample_3199,105,A,observed ZT >= threshold; fitting predicted ZT >= threshold; low thermal conductivity; high observed electrical conductivity; high ML predicted electrical conductivity; low kappa and high sigma; balanced recommended candidate,downstream ML prediction is not unbiased evaluation; toxicity attention element detected; rare metal attention element detected; structure unknown; additive unknown; sintering unknown,10.1002/aenm.201601450,,3199,PbTe0.85Se0.15Na0.02(SrTe)0.05,unknown,p,p,,,,,1.602461,0.5179806155971775,1.169894373713014,1.2886301524916477,1.602461,1.4882069164227976,1.169894373713014,1.2886301524916477,1.602461,0.5179806155971775,1.169894373713014,1.2886301524916477,184849.2,53408.235,131078.08307986276,76351.7913774334,0.8753247,1.14026,0.0002048583,8.340081e-05,1.602461,1.4882069164227976,1.2886301524916477,306.509,929.973,623.4639999999999,14,True,False,True,True,True,True,True,Na;Pb;Se;Sr;Te,False,Se;Te,True,Pb;Se;Te,True,False,False,False,True,True,True,False,,True,True,,,,,,,,,no,,,no,unknown,ML_moderately_worse,not_evaluable,missing_additive_or_structure_annotation; possible_sintering_or_microstructure_effect,not_evaluable,candidate hypothesis only; no causal mechanism proven,0.4217031956224422,0.9173985312813044,0.4956953356588621,0.341978818556312,0.708655563870801,0.3666767453144889,0.2124807297198556,0.6439822143736178,0.4315014846537621,True,True,True,True,90.0,A,observed high ZT; ZT_ML false negative; missing sintering info for high-ZT/error sample; manual review not checked,True,False,True,True,False,unknown,no,no,downstream_all_samples,not_unbiased_evaluation,https://doi.org/10.1002/aenm.201601450
10.1039_c9ee03087e__sample_35659,105,A,observed ZT >= threshold; ML predicted ZT >= threshold; low thermal conductivity; high observed electrical conductivity; high ML predicted electrical conductivity; low kappa and high sigma; balanced recommended candidate,downstream ML prediction is not unbiased evaluation; toxicity attention element detected; rare metal attention element detected; structure unknown; additive unknown; sintering unknown,10.1039/c9ee03087e,,35659,Ge0.87Cd0.03Sb0.10Te,,p,p,"estimated from Seebeck sign: positive=11, negative=0, zero=0, positive_ratio=1.000, negative_ratio=0.000",p,"estimated from Seebeck sign: positive=11, negative=0, zero=0, positive_ratio=1.000, negative_ratio=0.000",high,1.400878,2.199492919892301,0.9598037758069348,1.3796347852425164,1.400878,2.199492919892301,0.9598037758069348,1.3796347852425164,,,,,50462.35,40951.12,150011.97147116176,84778.61936932975,1.390764,1.426288,0.0002527014,0.00024151655,1.400878,2.199492919892301,1.3796347852425164,299.024,799.512,500.48799999999994,11,True,True,False,True,True,True,True,Cd;Ge;Sb;Te,False,Ge;Sb;Te,True,Cd;Sb;Te,True,False,False,False,True,True,True,False,,True,True,,auto_step9,,,auto_step9,,,,no,,,no,,,,,,,,,,,,,,,,,,,,,,,False,False,False,True,True,unknown,no,no,downstream_all_samples,not_unbiased_evaluation,https://doi.org/10.1039/c9ee03087e
10.1016_j.scriptamat.2019.01.046__sample_27907,105,A,observed ZT >= threshold; ML predicted ZT >= threshold; low thermal conductivity; high observed electrical conductivity; high ML predicted electrical conductivity; low kappa and high sigma; balanced recommended candidate,downstream ML prediction is not unbiased evaluation; toxicity attention element detected; rare metal attention element detected; structure unknown; additive unknown; sintering unknown,10.1016/j.scriptamat.2019.01.046,,27907,Bi0.5Sb1.5Te3,,p,p,"estimated from Seebeck sign: positive=8, negative=0, zero=0, positive_ratio=1.000, negative_ratio=0.000",p,"estimated from Seebeck sign: positive=8, negative=0, zero=0, positive_ratio=1.000, negative_ratio=0.000",high,1.024104,1.0916591852292254,0.9230692563198518,0.973743892592376,1.024104,1.0916591852292254,0.9230692563198518,0.973743892592376,,,,,56388.13,38046.49,61411.93138138079,45243.430138732394,1.006438,1.019957,0.0002545194,0.0002458397,1.024104,1.0916591852292254,0.973743892592376,304.603,467.997,163.394,8,True,True,False,True,True,True,True,Bi;Sb;Te,False,Bi;Sb;Te,True,Sb;Te,True,False,False,False,True,True,True,False,,True,True,,auto_step9,,,auto_step9,,,,no,,,no,,,,,,,,,,,,,,,,,,,,,,,False,False,False,True,True,unknown,no,no,downstream_all_samples,not_unbiased_evaluation,https://doi.org/10.1016/j.scriptamat.2019.01.046
10.1016_j.scriptamat.2019.01.046__sample_27908,105,A,observed ZT >= threshold; ML predicted ZT >= threshold; low thermal conductivity; high observed electrical conductivity; high ML predicted electrical conductivity; low kappa and high sigma; balanced recommended candidate,downstream ML prediction is not unbiased evaluation; toxicity attention element detected; rare metal attention element detected; structure unknown; additive unknown; sintering unknown,10.1016/j.scriptamat.2019.01.046,,27908,(CuTe)0.0013Bi0.5Sb1.5Te3,,p,p,"estimated from Seebeck sign: positive=8, negative=0, zero=0, positive_ratio=1.000, negative_ratio=0.000",p,"estimated from Seebeck sign: positive=8, negative=0, zero=0, positive_ratio=1.000, negative_ratio=0.000",high,1.029293,1.7375901622629413,0.9293478451658572,1.0211414416413742,1.029293,1.7375901622629413,0.9293478451658572,1.0211414416413742,,,,,73855.84,46951.505000000005,118882.19880754164,87621.67292321016,1.041202,1.1538625,0.0002356331,0.0002275773,1.029293,1.7375901622629413,1.0211414416413742,304.394,472.022,167.628,8,True,True,False,True,True,True,True,Bi;Cu;Sb;Te,False,Bi;Sb;Te,True,Sb;Te,True,False,False,False,True,True,True,False,,True,True,,auto_step9,,,auto_step9,,,,no,,,no,,,,,,,,,,,,,,,,,,,,,,,False,False,False,True,True,unknown,no,no,downstream_all_samples,not_unbiased_evaluation,https://doi.org/10.1016/j.scriptamat.2019.01.046
10.1039_c8ta08238c__sample_40608,105,A,observed ZT >= threshold; fitting predicted ZT >= threshold; low thermal conductivity; high observed electrical conductivity; high ML predicted electrical conductivity; low kappa and high sigma; balanced recommended candidate,downstream ML prediction is not unbiased evaluation; toxicity attention element detected; rare metal attention element detected; structure unknown; additive unknown; sintering unknown,10.1039/c8ta08238c,,40608,(Bi0.5Sb1.5Te3)95.52(Sb2O3)4.48,unknown,p,p,,,,,1.361749,0.9607283368822992,1.3008678050825038,1.3498674269719295,1.361749,1.3138873014021253,1.3008678050825038,1.3498674269719295,1.361749,0.9607283368822992,1.3008678050825038,1.3498674269719295,103156.7,65943.75,90362.9190979808,66575.22352210211,0.9014677,0.93895555,0.0002127742,0.00020982775,1.361749,1.3138873014021253,1.3498674269719295,299.825,474.781,174.95600000000002,8,True,False,True,True,True,True,True,Bi;O;Sb;Te,False,Bi;Sb;Te,True,Sb;Te,True,False,False,False,True,True,True,False,,True,True,,,,,,,,,no,,,no,unknown,ML_moderately_worse,material_system_out_of_distribution,missing_additive_or_structure_annotation; possible_sintering_or_microstructure_effect; tau_eff_ML_prediction_error,both_good,candidate hypothesis only; no causal mechanism proven,0.1113826623460145,0.3229129710247149,0.2115303086787003,0.1042090763949488,0.2568949732683682,0.1526858968734193,0.1112124304463042,0.2608934988025674,0.1496810683562631,True,True,True,True,90.0,A,observed high ZT; ZT_ML false negative; missing sintering info for high-ZT/error sample; manual review not checked,True,False,True,True,False,unknown,no,no,downstream_all_samples,not_unbiased_evaluation,https://doi.org/10.1039/c8ta08238c
10.1039_c5tc01509j__sample_13195,105,A,observed ZT >= threshold; fitting predicted ZT >= threshold; low thermal conductivity; high observed electrical conductivity; high ML predicted electrical conductivity; low kappa and high sigma; balanced recommended candidate,downstream ML prediction is not unbiased evaluation; toxicity attention element detected; rare metal attention element detected; structure unknown; additive unknown; sintering unknown,10.1039/c5tc01509j,,13195,(GeTe)10.5Sb2Te3,unknown,p,p,,,,,1.108201,0.8075887195129499,1.0823148407010768,1.096982781205178,1.108201,0.6261810683829929,1.0823148407010768,1.096982781205178,1.108201,0.8075887195129499,1.0823148407010768,1.096982781205178,137818.7,81458.755,79442.03931792319,49404.98568624752,1.533333,1.746667,0.0001858569,0.00013475125,1.108201,0.6261810683829929,1.096982781205178,301.512,725.674,424.162,36,True,False,True,True,True,True,True,Ge;Sb;Te,False,Ge;Sb;Te,True,Sb;Te,True,False,False,False,True,True,True,False,,True,True,,,,,,,,,no,,,no,unknown,ML_moderately_worse,material_system_out_of_distribution,missing_additive_or_structure_annotation; possible_sintering_or_microstructure_effect,both_good,candidate hypothesis only; no causal mechanism proven,0.0833379513912076,0.304433370453321,0.2210954190621133,0.0723109041114859,0.2489962756854235,0.1766853715739376,0.0354818030366355,0.2447861268221753,0.2093043237855397,True,True,True,True,90.0,A,observed high ZT; ZT_ML false negative; missing sintering info for high-ZT/error sample; manual review not checked,False,False,True,True,False,unknown,no,no,downstream_all_samples,not_unbiased_evaluation,https://doi.org/10.1039/c5tc01509j
10.1021_acs.chemmater.6b01291__sample_20999,105,A,observed ZT >= threshold; ML predicted ZT >= threshold; low thermal conductivity; high observed electrical conductivity; high ML predicted electrical conductivity; low kappa and high sigma; balanced recommended candidate,downstream ML prediction is not unbiased evaluation; toxicity attention element detected; rare metal attention element detected; structure unknown; additive unknown; sintering unknown,10.1021/acs.chemmater.6b01291,,20999,Bi0.96Pb0.04CuSeO,,p,p,"estimated from Seebeck sign: positive=8, negative=0, zero=0, positive_ratio=1.000, negative_ratio=0.000",p,"estimated from Seebeck sign: positive=8, negative=0, zero=0, positive_ratio=1.000, negative_ratio=0.000",high,1.022211,1.493639192353555,0.9212474764131564,1.0044985546196643,1.022211,1.493639192353555,0.9212474764131564,1.0044985546196643,,,,,26556.55,13074.365,37096.25489897218,23351.019163939072,0.5240557,0.5777789,0.000250735,0.00021845749999999998,1.022211,1.493639192353555,1.0044985546196643,328.98,923.553,594.573,8,True,True,False,True,True,True,True,Bi;Cu;O;Pb;Se,False,Bi;Se,True,Pb;Se,True,False,False,False,True,True,True,False,,True,True,,auto_step9,,,auto_step9,,,,no,,,no,,,,,,,,,,,,,,,,,,,,,,,False,False,False,True,True,unknown,no,no,downstream_all_samples,not_unbiased_evaluation,https://doi.org/10.1021/acs.chemmater.6b01291
10.1039_c8ta08238c__sample_40607,105,A,observed ZT >= threshold; fitting predicted ZT >= threshold; low thermal conductivity; high observed electrical conductivity; high ML predicted electrical conductivity; low kappa and high sigma; balanced recommended candidate,downstream ML prediction is not unbiased evaluation; toxicity attention element detected; rare metal attention element detected; structure unknown; additive unknown; sintering unknown,10.1039/c8ta08238c,,40607,(Bi0.5Sb1.5Te3)97.73(Sb2O3)2.27,unknown,p,p,,,,,1.206727,0.8269188955290341,1.152604094571554,1.2155766634158889,1.206727,1.1308901740640294,1.152604094571554,1.2155766634158889,1.206727,0.8269188955290341,1.152604094571554,1.2155766634158889,105044.6,67731.7,90362.9190979808,66575.22352210211,0.9179568,0.9528710499999999,0.0002007946,0.0001977367,1.206727,1.1308901740640294,1.2155766634158889,301.007,474.584,173.577,8,True,False,True,True,True,True,True,Bi;O;Sb;Te,False,Bi;Sb;Te,True,Sb;Te,True,False,False,False,True,True,True,False,,True,True,,,,,,,,,no,,,no,unknown,ML_moderately_worse,material_system_out_of_distribution,missing_additive_or_structure_annotation; possible_sintering_or_microstructure_effect; tau_eff_ML_prediction_error,both_good,candidate hypothesis only; no causal mechanism proven,0.0966443763886252,0.3458500572709191,0.2492056808822939,0.0903126399045811,0.2792195485387128,0.1889069086341316,0.0891428268058495,0.277748924063662,0.1886060972578125,True,True,True,True,90.0,A,observed high ZT; ZT_ML false negative; missing sintering info for high-ZT/error sample; manual review not checked,True,False,True,True,False,unknown,no,no,downstream_all_samples,not_unbiased_evaluation,https://doi.org/10.1039/c8ta08238c
10.1039_c8ta08238c__sample_40606,105,A,observed ZT >= threshold; fitting predicted ZT >= threshold; low thermal conductivity; high observed electrical conductivity; high ML predicted electrical conductivity; low kappa and high sigma; balanced recommended candidate,downstream ML prediction is not unbiased evaluation; toxicity attention element detected; rare metal attention element detected; structure unknown; additive unknown; sintering unknown,10.1039/c8ta08238c,,40606,Bi0.5Sb1.5Te3,unknown,p,p,,,,,1.231162,0.8116093039792383,1.088556606046712,1.2288485887140974,1.231162,0.6686883629675188,1.088556606046712,1.2288485887140974,1.231162,0.8116093039792383,1.088556606046712,1.2288485887140974,113078.1,72860.0,61342.81348641334,45194.55059773344,0.952594,0.9963137499999999,0.0001932579,0.00018565175,1.231162,0.6686883629675188,1.2288485887140974,300.022,474.683,174.661,8,True,False,True,True,True,True,True,Bi;Sb;Te,False,Bi;Sb;Te,True,Sb;Te,True,False,False,False,True,True,True,False,,True,True,,,,,,,,,no,,,no,unknown,ML_moderately_worse,material_system_out_of_distribution,missing_additive_or_structure_annotation; possible_sintering_or_microstructure_effect,both_good,candidate hypothesis only; no causal mechanism proven,0.0943277773186084,0.3083701019161703,0.2140423245975619,0.0873171448054203,0.2511098941509199,0.1637927493454996,0.0890248438499572,0.2495805821761902,0.160555738326233,True,True,True,True,90.0,A,observed high ZT; ZT_ML false negative; missing sintering info for high-ZT/error sample; manual review not checked,True,False,True,True,False,unknown,no,no,downstream_all_samples,not_unbiased_evaluation,https://doi.org/10.1039/c8ta08238c
10.1039_c8ee03162b__sample_39801,105,A,observed ZT >= threshold; fitting predicted ZT >= threshold; low thermal conductivity; high observed electrical conductivity; high ML predicted electrical conductivity; low kappa and high sigma; balanced recommended candidate,downstream ML prediction is not unbiased evaluation; toxicity attention element detected; rare metal attention element detected; structure unknown; additive unknown; sintering unknown,10.1039/c8ee03162b,,39801,Sn0.57Sb0.13Ge0.3Te,unknown,p,p,,,,,1.524231,0.9906927771488984,1.4308959888688209,1.2699026399431772,1.524231,1.697938556760614,1.4308959888688209,1.2699026399431772,1.524231,0.9906927771488984,1.4308959888688209,1.2699026399431772,195984.7,139455.6,234757.28986191563,149358.87045503606,1.220407,1.3543865,0.0001591481,7.937598999999999e-05,1.524231,1.697938556760614,1.2699026399431772,296.364,720.11,423.74600000000004,10,True,False,True,True,True,True,True,Ge;Sb;Sn;Te,False,Ge;Sb;Te,True,Sb;Te,True,False,False,False,True,True,True,False,,True,True,,,,,,,,,no,,,no,unknown,ML_moderately_worse,material_system_out_of_distribution,missing_additive_or_structure_annotation; possible_sintering_or_microstructure_effect,both_good,candidate hypothesis only; no causal mechanism proven,0.1670598511061037,0.4038275709881471,0.2367677198820434,0.104653086423351,0.3329418895504071,0.228288803127056,0.1377522626409472,0.3247552142860759,0.1870029516451286,True,True,True,True,90.0,A,observed high ZT; ZT_ML false negative; missing sintering info for high-ZT/error sample; manual review not checked,False,False,True,True,False,unknown,no,no,downstream_all_samples,not_unbiased_evaluation,https://doi.org/10.1039/c8ee03162b
10.1002_adfm.201402211__sample_7642,105,A,observed ZT >= threshold; ML predicted ZT >= threshold; low thermal conductivity; high observed electrical conductivity; high ML predicted electrical conductivity; low kappa and high sigma; balanced recommended candidate,downstream ML prediction is not unbiased evaluation; toxicity attention element detected; rare metal attention element detected; structure unknown; additive unknown; sintering unknown,10.1002/adfm.201402211,,7642,BiAgSeS0.985Cl0.015,,n,n,"estimated from Seebeck sign: positive=0, negative=12, zero=0, positive_ratio=0.000, negative_ratio=1.000",n,"estimated from Seebeck sign: positive=0, negative=12, zero=0, positive_ratio=0.000, negative_ratio=1.000",high,1.07977,7.726309531833394,0.5074408662712181,1.0753698850208973,1.07977,7.726309531833394,0.5074408662712181,1.0753698850208973,,,,,11003.34,4735.314,102813.84505281778,64374.31071292724,0.3277664,0.37306,0.0003123569,0.000258998,1.07977,7.726309531833394,1.0753698850208973,302.825,823.081,520.2560000000001,12,True,True,False,True,True,True,True,Ag;Bi;Cl;S;Se,False,Ag;Bi;Se,True,Se,True,False,False,False,True,True,True,False,,True,True,,auto_step9,,,auto_step9,,,,no,,,no,,,,,,,,,,,,,,,,,,,,,,,False,False,False,True,True,unknown,no,no,downstream_all_samples,not_unbiased_evaluation,https://doi.org/10.1002/adfm.201402211
10.1002_smll.202101328__sample_44605,105,A,observed ZT >= threshold; fitting predicted ZT >= threshold; low thermal conductivity; high observed electrical conductivity; high ML predicted electrical conductivity; low kappa and high sigma; balanced recommended candidate,downstream ML prediction is not unbiased evaluation; toxicity attention element detected; rare metal attention element detected; structure unknown; additive unknown; sintering unknown,10.1002/smll.202101328,,44605,Bi1.997W0.003Te2.482Cl0.018Se0.5,unknown,n,n,,,,,1.169615,0.9297810302980012,1.2834097539822382,1.1741931155887424,1.169615,1.420799883359823,1.2834097539822382,1.1741931155887424,1.169615,0.9297810302980012,1.2834097539822382,1.1741931155887424,126467.8,80111.935,124920.33808649729,94454.22234744401,1.11927,1.331865,0.0001942682,0.0001882314,1.169615,1.420799883359823,1.1741931155887424,300.933,573.494,272.56100000000004,12,True,False,True,True,True,True,True,Bi;Cl;Se;Te;W,False,Bi;Se;Te;W,True,Se;Te,True,False,False,False,True,True,True,False,,True,True,,,,,,,,,no,,,no,unknown,ML_moderately_worse,material_system_out_of_distribution,missing_additive_or_structure_annotation; possible_sintering_or_microstructure_effect,both_good,candidate hypothesis only; no causal mechanism proven,0.0964896308079016,0.3364590196598416,0.23996938885194,0.0573773946347231,0.2490562622789938,0.1916788676442707,0.080880867770479,0.2184183708079965,0.1375375030375175,True,True,True,True,90.0,A,observed high ZT; ZT_ML false negative; missing sintering info for high-ZT/error sample; manual review not checked,True,False,True,True,False,unknown,no,no,downstream_all_samples,not_unbiased_evaluation,https://doi.org/10.1002/smll.202101328
10.1039_c7qi00051k__sample_2619,105,A,observed ZT >= threshold; ML predicted ZT >= threshold; low thermal conductivity; high observed electrical conductivity; high ML predicted electrical conductivity; low kappa and high sigma; balanced recommended candidate,downstream ML prediction is not unbiased evaluation; toxicity attention element detected; rare metal attention element detected; structure unknown; additive unknown; sintering unknown,10.1039/c7qi00051k,,2619,Pb1.1834Se1S0.18Cl0.0068,,n,n,"estimated from Seebeck sign: positive=0, negative=14, zero=0, positive_ratio=0.000, negative_ratio=1.000",n,"estimated from Seebeck sign: positive=0, negative=14, zero=0, positive_ratio=0.000, negative_ratio=1.000",high,1.286586,1.022370714783669,0.8070111235488432,0.7532611855135438,1.286586,1.022370714783669,0.8070111235488432,0.7532611855135438,,,,,180207.0,101766.95,188682.5948894424,116951.0612240554,0.9857143,1.1714285,0.0001181518,7.029703e-05,1.286586,1.022370714783669,0.7532611855135438,298.148,927.778,629.63,14,True,True,False,True,True,True,True,Cl;Pb;S;Se,False,Se,True,Pb;Se,True,False,False,False,True,True,True,False,,True,True,,auto_step9,,,auto_step9,,,,no,,,no,,,,,,,,,,,,,,,,,,,,,,,False,False,False,True,True,unknown,no,no,downstream_all_samples,not_unbiased_evaluation,https://doi.org/10.1039/c7qi00051k
10.1039_c7ee00098g__sample_31366,105,A,observed ZT >= threshold; ML predicted ZT >= threshold; low thermal conductivity; high observed electrical conductivity; high ML predicted electrical conductivity; low kappa and high sigma; balanced recommended candidate,downstream ML prediction is not unbiased evaluation; toxicity attention element detected; rare metal attention element detected; structure unknown; additive unknown; sintering unknown,10.1039/c7ee00098g,,31366,Mg3.2Sb1.5Bi0.49Te0.01,unknown,n,n,"estimated from Seebeck sign: positive=0, negative=12, zero=0, positive_ratio=0.000, negative_ratio=1.000",n,"estimated from Seebeck sign: positive=0, negative=12, zero=0, positive_ratio=0.000, negative_ratio=1.000",high,1.061538,1.154601389011708,0.8219560733685669,1.1922960099859996,1.061538,1.10144497233692,0.8219560733685669,1.1922960099859996,1.061538,1.154601389011708,0.8219560733685669,1.1922960099859996,35083.14,27162.16,50816.01299129498,33678.28700098126,0.9394261,1.044375,0.0002456613,0.0002095888,1.061538,1.10144497233692,1.1922960099859996,302.694,766.568,463.87399999999997,12,True,True,False,True,True,True,True,Bi;Mg;Sb;Te,False,Bi;Sb;Te,True,Sb;Te,True,False,False,False,True,True,True,False,unknown,True,True,unknown,auto_step9,unknown,unknown,auto_step9,unknown,unknown,,no,unknown,unknown,no,not_checked,ML_moderately_worse,material_system_out_of_distribution,missing_additive_or_structure_annotation; possible_sintering_or_microstructure_effect,both_good,candidate hypothesis only; no causal mechanism proven,0.3403627717738426,0.4809644698651059,0.1406016980912632,0.4440309772297621,0.6237301477348282,0.179699170505066,0.2862585035395631,0.4021072129179208,0.1158487093783576,True,True,True,True,60.0,B,observed high ZT; missing sintering info for high-ZT/error sample; manual review not checked,False,False,True,True,True,unknown,no,no,downstream_all_samples,not_unbiased_evaluation,https://doi.org/10.1039/c7ee00098g
10.1039_c7cc05935c__sample_31540,105,A,observed ZT >= threshold; ML predicted ZT >= threshold; low thermal conductivity; high observed electrical conductivity; high ML predicted electrical conductivity; low kappa and high sigma; balanced recommended candidate,downstream ML prediction is not unbiased evaluation; toxicity attention element detected; rare metal attention element detected; structure unknown; additive unknown; sintering unknown,10.1039/c7cc05935c,,31540,Ag9GaSe6,,n,n,"estimated from Seebeck sign: positive=0, negative=11, zero=0, positive_ratio=0.000, negative_ratio=1.000",n,"estimated from Seebeck sign: positive=0, negative=11, zero=0, positive_ratio=0.000, negative_ratio=1.000",high,1.10192,2.4149216527828115,0.8443096669390009,0.8210706184117726,1.10192,2.4149216527828115,0.8443096669390009,0.8210706184117726,,,,,16981.27,6158.536,27342.128693840023,20497.03382760992,0.2628689,0.2834847,0.0002726829,0.00025286585,1.10192,2.4149216527828115,0.8210706184117726,298.482,802.225,503.743,11,True,True,False,True,True,True,True,Ag;Ga;Se,False,Ag;Ga;Se,True,Se,True,False,False,False,True,True,True,False,,True,True,,auto_step9,,,auto_step9,,,,no,,,no,,,,,,,,,,,,,,,,,,,,,,,False,False,False,True,True,unknown,no,no,downstream_all_samples,not_unbiased_evaluation,https://doi.org/10.1039/c7cc05935c
10.1002_slct.201901565__sample_27873,105,A,observed ZT >= threshold; fitting predicted ZT >= threshold; low thermal conductivity; high observed electrical conductivity; high ML predicted electrical conductivity; low kappa and high sigma; balanced recommended candidate,downstream ML prediction is not unbiased evaluation; toxicity attention element detected; rare metal attention element detected; structure unknown; additive unknown; sintering unknown,10.1002/slct.201901565,,27873,Bi0.3Sb1.7Te,unknown,p,p,,,,,1.050029,0.9290564164193378,1.0644857087539612,1.0318225737449835,1.050029,0.765453539226318,1.0644857087539612,1.0318225737449835,1.050029,0.9290564164193378,1.0644857087539612,1.0318225737449835,96305.59,57670.62,61342.81348641334,42472.07619861071,1.122266,1.1415565,0.0002142664,0.0002060034,1.050029,0.765453539226318,1.0318225737449835,308.372,565.202,256.83,12,True,False,True,True,True,True,True,Bi;Sb;Te,False,Bi;Sb;Te,True,Sb;Te,True,False,False,False,True,True,True,False,,True,True,,,,,,,,,no,,,no,unknown,ML_close_to_fitting,material_system_out_of_distribution,missing_additive_or_structure_annotation; possible_sintering_or_microstructure_effect,both_good,candidate hypothesis only; no causal mechanism proven,0.1326788924609495,0.1900547290945301,0.0573758366335806,0.1221775329220128,0.1420061661052064,0.0198286331831936,0.1088002011339765,0.1937962330853399,0.0849960319513634,True,True,True,True,90.0,A,observed high ZT; ZT_ML false negative; missing sintering info for high-ZT/error sample; manual review not checked,True,False,True,True,False,unknown,no,no,downstream_all_samples,not_unbiased_evaluation,https://doi.org/10.1002/slct.201901565
10.1002_slct.201901565__sample_27874,105,A,observed ZT >= threshold; fitting predicted ZT >= threshold; low thermal conductivity; high observed electrical conductivity; high ML predicted electrical conductivity; low kappa and high sigma; balanced recommended candidate,downstream ML prediction is not unbiased evaluation; toxicity attention element detected; rare metal attention element detected; structure unknown; additive unknown; sintering unknown,10.1002/slct.201901565,,27874,Cu0.0008Bi0.3Sb1.6992Te,unknown,p,p,,,,,1.170803,0.8239040387362554,1.1915624974580077,1.1654880902083715,1.170803,1.3428528614260038,1.1915624974580077,1.1654880902083715,1.170803,0.8239040387362554,1.1915624974580077,1.1654880902083715,127345.2,71177.34,118882.19880754164,82310.76338763992,1.198508,1.2058564999999999,0.000211231,0.00020102869999999998,1.170803,1.3428528614260038,1.1654880902083715,306.68,578.438,271.758,12,True,False,True,True,True,True,True,Bi;Cu;Sb;Te,False,Bi;Sb;Te,True,Sb;Te,True,False,False,False,True,True,True,False,,True,True,,,,,,,,,no,,,no,unknown,ML_moderately_worse,material_system_out_of_distribution,missing_additive_or_structure_annotation; possible_sintering_or_microstructure_effect,both_good,candidate hypothesis only; no causal mechanism proven,0.1666921428272266,0.4048736634743474,0.2381815206471207,0.1476987667645844,0.298956462571596,0.1512576958070116,0.0967022610412779,0.3498477322343397,0.2531454711930617,True,True,True,True,90.0,A,observed high ZT; ZT_ML false negative; missing sintering info for high-ZT/error sample; manual review not checked,True,False,True,True,False,unknown,no,no,downstream_all_samples,not_unbiased_evaluation,https://doi.org/10.1002/slct.201901565
10.1002_slct.201901565__sample_27875,105,A,observed ZT >= threshold; fitting predicted ZT >= threshold; low thermal conductivity; high observed electrical conductivity; high ML predicted electrical conductivity; low kappa and high sigma; balanced recommended candidate,downstream ML prediction is not unbiased evaluation; toxicity attention element detected; rare metal attention element detected; structure unknown; additive unknown; sintering unknown,10.1002/slct.201901565,,27875,Cu0.001Bi0.3Sb1.699Te,unknown,p,p,,,,,1.281702,0.8457138432067997,1.274020822784709,1.2863181689430887,1.281702,1.3783999117661556,1.274020822784709,1.2863181689430887,1.281702,0.8457138432067997,1.274020822784709,1.2863181689430887,132394.4,74329.76999999999,118882.19880754164,82310.76338763992,1.173707,1.225147,0.0002119056,0.00020406409999999998,1.281702,1.3783999117661556,1.2863181689430887,308.904,571.474,262.57000000000005,12,True,False,True,True,True,True,True,Bi;Cu;Sb;Te,False,Bi;Sb;Te,True,Sb;Te,True,False,False,False,True,True,True,False,,True,True,,,,,,,,,no,,,no,unknown,ML_moderately_worse,material_system_out_of_distribution,missing_additive_or_structure_annotation; possible_sintering_or_microstructure_effect,both_good,candidate hypothesis only; no causal mechanism proven,0.1725067982474374,0.4445845242933223,0.2720777260458848,0.152695930188274,0.3263281759173956,0.1736322457291216,0.1379080550907249,0.2778690846350642,0.1399610295443393,True,True,True,True,90.0,A,observed high ZT; ZT_ML false negative; missing sintering info for high-ZT/error sample; manual review not checked,True,False,True,True,False,unknown,no,no,downstream_all_samples,not_unbiased_evaluation,https://doi.org/10.1002/slct.201901565
10.1007_s12613-011-0446-5__sample_16671,105,A,observed ZT >= threshold; ML predicted ZT >= threshold; low thermal conductivity; high observed electrical conductivity; high ML predicted electrical conductivity; low kappa and high sigma; balanced recommended candidate,downstream ML prediction is not unbiased evaluation; toxicity attention element detected; rare metal attention element detected; structure unknown; additive unknown; sintering unknown,10.1007/s12613-011-0446-5,,16671,Ag0.84Sb1.15Cu0.01Te2.16,,p,p,"estimated from Seebeck sign: positive=37, negative=0, zero=0, positive_ratio=1.000, negative_ratio=0.000",p,"estimated from Seebeck sign: positive=37, negative=0, zero=0, positive_ratio=1.000, negative_ratio=0.000",high,1.130121,1.3206043077091163,0.9737821062527272,1.0387575711026744,1.130121,1.3206043077091163,0.9737821062527272,1.0387575711026744,,,,,25318.45,20075.635000000002,41176.06649099875,26163.61951166723,0.7220152,0.7494509,0.0002864556,0.0002746702,1.130121,1.3206043077091163,1.0387575711026744,293.764,672.951,379.187,24,True,True,False,True,True,True,True,Ag;Cu;Sb;Te,False,Ag;Sb;Te,True,Sb;Te,True,False,False,False,True,True,True,False,,True,True,,auto_step9,,,auto_step9,,,,no,,,no,,,,,,,,,,,,,,,,,,,,,,,False,False,False,True,True,unknown,no,no,downstream_all_samples,not_unbiased_evaluation,https://doi.org/10.1007/s12613-011-0446-5
10.1021_acsami.0c02408__sample_32485,105,A,observed ZT >= threshold; ML predicted ZT >= threshold; low thermal conductivity; high observed electrical conductivity; high ML predicted electrical conductivity; low kappa and high sigma; balanced recommended candidate,downstream ML prediction is not unbiased evaluation; toxicity attention element detected; rare metal attention element detected; structure unknown; additive unknown; sintering unknown,10.1021/acsami.0c02408,,32485,Pb0.0049Bi0.5Sb1.5Te3,,p,p,"estimated from Seebeck sign: positive=7, negative=0, zero=0, positive_ratio=1.000, negative_ratio=0.000",p,"estimated from Seebeck sign: positive=7, negative=0, zero=0, positive_ratio=1.000, negative_ratio=0.000",high,1.052813,1.5871133855568078,0.926158061502645,1.0540420729560045,1.052813,1.5871133855568078,0.926158061502645,1.0540420729560045,,,,,89109.91,52407.07,124954.60140478268,93543.19775864534,0.9515605,1.161544,0.0001956259,0.0001803575,1.052813,1.5871133855568078,1.0540420729560045,332.998,624.48,291.482,7,True,True,False,True,True,True,True,Bi;Pb;Sb;Te,False,Bi;Sb;Te,True,Pb;Sb;Te,True,False,False,False,True,True,True,False,,True,True,,auto_step9,,,auto_step9,,,,no,,,no,,,,,,,,,,,,,,,,,,,,,,,False,False,False,True,True,unknown,no,no,downstream_all_samples,not_unbiased_evaluation,https://doi.org/10.1021/acsami.0c02408
10.1002_slct.201901565__sample_27876,105,A,observed ZT >= threshold; fitting predicted ZT >= threshold; low thermal conductivity; high observed electrical conductivity; high ML predicted electrical conductivity; low kappa and high sigma; balanced recommended candidate,downstream ML prediction is not unbiased evaluation; toxicity attention element detected; rare metal attention element detected; structure unknown; additive unknown; sintering unknown,10.1002/slct.201901565,,27876,Cu0.0025Bi0.3Sb1.6975Te,unknown,p,p,,,,,1.221653,0.6786024655334265,1.219344575643261,1.051866554016497,1.221653,1.10603082369889,1.219344575643261,1.051866554016497,1.221653,0.6786024655334265,1.219344575643261,1.051866554016497,159649.1,89097.24,118882.19880754164,82310.76338763992,1.373038,1.395084,0.0001977403,0.0001898988,1.221653,1.10603082369889,1.051866554016497,307.928,577.749,269.821,12,True,False,True,True,True,True,True,Bi;Cu;Sb;Te,False,Bi;Sb;Te,True,Sb;Te,True,False,False,False,True,True,True,False,,True,True,,,,,,,,,no,,,no,unknown,ML_moderately_worse,material_system_out_of_distribution,missing_additive_or_structure_annotation; possible_sintering_or_microstructure_effect,both_good,candidate hypothesis only; no causal mechanism proven,0.1739536826183059,0.6113058831115044,0.4373522004931984,0.1517434276355346,0.4350148232149433,0.2832713955794086,0.2384279259694596,0.4094975378904912,0.1710696119210316,True,True,True,True,90.0,A,observed high ZT; ZT_ML false negative; missing sintering info for high-ZT/error sample; manual review not checked,True,False,True,True,False,unknown,no,no,downstream_all_samples,not_unbiased_evaluation,https://doi.org/10.1002/slct.201901565
10.1002_slct.201901565__sample_27877,105,A,observed ZT >= threshold; fitting predicted ZT >= threshold; low thermal conductivity; high observed electrical conductivity; high ML predicted electrical conductivity; low kappa and high sigma; balanced recommended candidate,downstream ML prediction is not unbiased evaluation; toxicity attention element detected; rare metal attention element detected; structure unknown; additive unknown; sintering unknown,10.1002/slct.201901565,,27877,Cu0.005Bi0.3Sb1.695Te,unknown,p,p,,,,,1.205655,0.644447762579523,1.0879046917412438,1.1879664028763652,1.205655,1.0503632478205704,1.0879046917412438,1.1879664028763652,1.205655,0.644447762579523,1.0879046917412438,1.1879664028763652,142993.5,84554.015,118882.19880754164,82310.76338763992,1.179218,1.215961,0.0001970658,0.0001904047,1.205655,1.0503632478205704,1.1879664028763652,308.586,579.572,270.986,12,True,False,True,True,True,True,True,Bi;Cu;Sb;Te,False,Bi;Sb;Te,True,Sb;Te,True,False,False,False,True,True,True,False,,True,True,,,,,,,,,no,,,no,unknown,ML_moderately_worse,material_system_out_of_distribution,missing_additive_or_structure_annotation; possible_sintering_or_microstructure_effect,both_good,candidate hypothesis only; no causal mechanism proven,0.1617561037582632,0.5480308057370322,0.386274701978769,0.1415959185267851,0.3998148502505244,0.2582189317237392,0.1234973780571981,0.4807815814250803,0.3572842033678822,True,True,True,True,90.0,A,observed high ZT; ZT_ML false negative; missing sintering info for high-ZT/error sample; manual review not checked,True,False,True,True,False,unknown,no,no,downstream_all_samples,not_unbiased_evaluation,https://doi.org/10.1002/slct.201901565
10.1021_acsaem.1c01859__sample_45954,100,A,low thermal conductivity; high observed electrical conductivity; high ML predicted electrical conductivity; low kappa and high sigma; rare metal attention elements not detected; toxicity attention elements not detected; balanced recommended candidate,downstream ML prediction is not unbiased evaluation; structure unknown; additive unknown; sintering unknown,10.1021/acsaem.1c01859,,45954,Cu2Ni0.10Sn0.90S3,unknown,p,p,,,,,,0.6781079118076869,0.7170042010753692,0.5684648642183461,,0.595968559967385,0.7170042010753692,0.5684648642183461,,0.6781079118076869,0.7170042010753692,0.5684648642183461,34867.71,26131.88,29243.961804479582,21748.679011481297,0.6592125,1.0883083500000001,0.0001615219,0.0001204351,,0.595968559967385,0.5684648642183461,323.307,723.861,400.554,9,False,False,False,True,True,True,True,Cu;Ni;S;Sn,False,,False,,False,True,True,False,True,False,True,False,,False,False,,,,,,,,,no,,,no,,not_evaluated,not_evaluable,missing_additive_or_structure_annotation,not_evaluable,candidate hypothesis only; no causal mechanism proven,0.0899728284495314,0.1058583476920771,0.0158855192425457,0.0588082982139701,0.0930775534143709,0.0342692552004007,,,,True,True,True,True,10.0,low,manual review not checked,False,False,False,True,False,unknown,no,no,downstream_all_samples,not_unbiased_evaluation,https://doi.org/10.1021/acsaem.1c01859
10.1016_j.jmat.2020.11.001__sample_39619,100,A,low thermal conductivity; high observed electrical conductivity; high ML predicted electrical conductivity; low kappa and high sigma; rare metal attention elements not detected; toxicity attention elements not detected; balanced recommended candidate,downstream ML prediction is not unbiased evaluation; structure unknown; additive unknown; sintering unknown,10.1016/j.jmat.2020.11.001,,39619,Mn0.08Cu1.8S,unknown,p,p,,,,,0.9213149,0.8401967636308904,0.7613365207606493,0.9007133555706491,0.9213149,2.502306216334928,0.7613365207606493,0.9007133555706491,0.9213149,0.8401967636308904,0.7613365207606493,0.9007133555706491,27612.3,21726.379999999997,95548.64138899503,69514.81375993886,0.7236173,0.7302741500000001,0.0002027586,0.0001344525,0.9213149,2.502306216334928,0.9007133555706491,322.785,778.007,455.2219999999999,10,False,False,False,True,True,True,True,Cu;Mn;S,False,,False,,False,True,True,False,True,False,True,False,,False,False,,,,,,,,,no,,,no,,ML_close_to_fitting,not_evaluable,missing_additive_or_structure_annotation,not_evaluable,candidate hypothesis only; no causal mechanism proven,0.277735746108202,0.2947055208957692,0.0169697747875671,0.2544909411323376,0.2956487807380821,0.0411578396057444,0.5635615046311554,0.6219359499856615,0.058374445354506,True,True,True,True,10.0,low,manual review not checked,False,False,False,True,False,unknown,no,no,downstream_all_samples,not_unbiased_evaluation,https://doi.org/10.1016/j.jmat.2020.11.001
10.1021_acsaem.1c01859__sample_45953,100,A,low thermal conductivity; high observed electrical conductivity; high ML predicted electrical conductivity; low kappa and high sigma; rare metal attention elements not detected; toxicity attention elements not detected; balanced recommended candidate,downstream ML prediction is not unbiased evaluation; structure unknown; additive unknown; sintering unknown,10.1021/acsaem.1c01859,,45953,Cu2Ni0.05Sn0.95S3,unknown,p,p,,,,,,0.7941819139131799,0.5419091297457285,0.3595333362395488,,0.6979824941508878,0.5419091297457285,0.3595333362395488,,0.7941819139131799,0.5419091297457285,0.3595333362395488,23607.36,17634.83,29243.961804479582,21748.679011481297,0.7342601,1.303083,0.0001846747,0.0001384058,,0.6979824941508878,0.3595333362395488,323.384,722.352,398.96799999999996,9,False,False,False,True,True,True,True,Cu;Ni;S;Sn,False,,False,,False,True,True,False,True,False,True,False,,False,False,,,,,,,,,no,,,no,,not_evaluated,not_evaluable,missing_additive_or_structure_annotation,not_evaluable,candidate hypothesis only; no causal mechanism proven,0.1521992558423779,0.411402868385391,0.259203612543013,0.1068237183732315,0.4844804684878623,0.3776567501146308,,,,True,True,True,True,10.0,low,manual review not checked,False,False,False,True,False,unknown,no,no,downstream_all_samples,not_unbiased_evaluation,https://doi.org/10.1021/acsaem.1c01859
10.7567_1882-0786_ab587c__sample_30931,100,A,observed ZT >= threshold; low thermal conductivity; high observed electrical conductivity; high ML predicted electrical conductivity; low kappa and high sigma; toxicity attention elements not detected; balanced recommended candidate,downstream ML prediction is not unbiased evaluation; rare metal attention element detected; structure unknown; additive unknown; sintering unknown; ML much worse than fitting,10.7567/1882-0786/ab587c,,30931,K9Ba14.5Ga40.5Sn97.5,unknown,n,n,,,,,1.01079,0.4153169727410165,0.8052742841298575,1.0075841977263995,1.01079,0.7006204567177118,0.8052742841298575,1.0075841977263995,1.01079,0.4153169727410165,0.8052742841298575,1.0075841977263995,38260.05,28721.94,35289.32527614893,24566.92889517559,1.026052,1.026052,0.0002358974,0.00021587325,1.01079,0.7006204567177118,1.0075841977263995,303.158,748.869,445.711,37,True,False,False,True,True,True,True,Ba;Ga;K;Sn,False,Ga,True,,False,False,True,False,True,True,True,False,,True,False,,,,,,,,,no,,,no,unknown,ML_moderately_worse,not_evaluable,missing_additive_or_structure_annotation; possible_sintering_or_microstructure_effect,not_evaluable,candidate hypothesis only; no causal mechanism proven,0.1627963281264244,0.6818601404300899,0.5190638123036655,0.135313275040148,0.4792225448976581,0.3439092698575101,0.203321872861962,0.5891164606485854,0.3857945877866233,True,True,True,True,90.0,A,observed high ZT; ZT_ML false negative; missing sintering info for high-ZT/error sample; manual review not checked,False,False,True,True,False,unknown,no,no,downstream_all_samples,not_unbiased_evaluation,https://doi.org/10.7567/1882-0786/ab587c
10.1007_s10832-007-9297-x__sample_19278,100,A,low thermal conductivity; high observed electrical conductivity; high ML predicted electrical conductivity; low kappa and high sigma; rare metal attention elements not detected; toxicity attention elements not detected; balanced recommended candidate,downstream ML prediction is not unbiased evaluation; structure unknown; additive unknown; sintering unknown,10.1007/s10832-007-9297-x,,19278,Ca3Co4O9,unknown,p,p,,,,,0.2472561,0.1010590532299573,0.1378214975051359,0.1754196609676763,0.2472561,0.0801382388224776,0.1378214975051359,0.1754196609676763,0.2472561,0.1010590532299573,0.1378214975051359,0.1754196609676763,11854.96,10637.4,10528.967396951446,6127.041108314918,1.949073,1.9898894999999999,0.0001728902,0.00016113975000000002,0.2472561,0.0801382388224776,0.1754196609676763,296.133,972.376,676.2429999999999,12,False,False,False,True,True,True,True,Ca;Co;O,False,,False,,False,True,True,False,True,False,True,False,,False,False,,,,,,,,,no,,,no,,ML_moderately_worse,material_system_out_of_distribution,missing_additive_or_structure_annotation,both_good,candidate hypothesis only; no causal mechanism proven,0.2636300781712113,0.4071345738943998,0.1435044957231884,0.1911765953284903,0.3143464757983895,0.1231698804698992,0.2973116166011512,0.4847464000358099,0.1874347834346587,True,True,True,True,10.0,low,manual review not checked,False,False,False,True,False,unknown,no,no,downstream_all_samples,not_unbiased_evaluation,https://doi.org/10.1007/s10832-007-9297-x
10.1007_s11664-012-2403-0__sample_8590,100,A,low thermal conductivity; high observed electrical conductivity; high ML predicted electrical conductivity; low kappa and high sigma; rare metal attention elements not detected; toxicity attention elements not detected; balanced recommended candidate,downstream ML prediction is not unbiased evaluation; structure unknown; additive unknown; sintering unknown,10.1007/s11664-012-2403-0,,8590,Mg2Si0.8Sn0.2,unknown,n,n,,,,,,0.2268615282058624,0.3731995355560349,0.4182137300203563,,0.4125598293663395,0.3731995355560349,0.4182137300203563,,0.2268615282058624,0.3731995355560349,0.4182137300203563,100632.9,78691.98000000001,109097.25064155714,81452.28588256169,1.836502,2.093156,0.0001492792,0.0001492792,,0.4125598293663395,0.4182137300203563,299.387,810.959,511.57199999999995,10,False,False,False,True,True,True,True,Mg;Si;Sn,False,,False,,False,True,True,False,True,False,True,False,,False,False,,,,,,,,,no,,,no,,not_evaluated,not_evaluable,missing_additive_or_structure_annotation,not_evaluable,candidate hypothesis only; no causal mechanism proven,0.2374918687015192,0.5515258348225568,0.3140339661210376,0.1076344252545873,0.4575464363764089,0.3499120111218216,,,,True,True,True,True,10.0,low,manual review not checked,False,False,False,True,False,unknown,no,no,downstream_all_samples,not_unbiased_evaluation,https://doi.org/10.1007/s11664-012-2403-0
10.1007_s11664-012-2048-z__sample_11441,100,A,low thermal conductivity; high observed electrical conductivity; high ML predicted electrical conductivity; low kappa and high sigma; rare metal attention elements not detected; toxicity attention elements not detected; balanced recommended candidate,downstream ML prediction is not unbiased evaluation; structure unknown; additive unknown; sintering unknown,10.1007/s11664-012-2048-z,,11441,Ti0.913265306Ni1.086734694Sn,unknown,n,n,,,,,0.0330243,0.0787634003394388,0.0344419613699734,0.0358980092954549,0.0330243,0.0334237759285904,0.0344419613699734,0.0358980092954549,0.0330243,0.0787634003394388,0.0344419613699734,0.0358980092954549,117695.1,23033.33,35850.58382088884,29893.08509161276,1.036415,3.2515405,0.0001442254,3.751938e-05,0.0330243,0.0334237759285904,0.0358980092954549,7.243,881.326,874.083,67,False,False,False,True,True,True,True,Ni;Sn;Ti,False,,False,,False,True,True,False,True,False,True,False,,False,False,,,,,,,,,no,,,no,,ML_much_worse,insufficient_material_features,missing_additive_or_structure_annotation; possible_sintering_or_microstructure_effect,fitting_good_ML_bad,candidate hypothesis only; no causal mechanism proven,0.4514281663904974,0.9423387008588278,0.4909105344683304,0.2588794676135652,1.470577857580955,1.2116983899673897,0.3112208146889099,1.9144022171755808,1.6031814024866708,True,True,True,True,90.0,A,ML much worse than fitting; missing additive info and ML bad; missing structure info and ML bad; missing sintering info for high-ZT/error sample; manual review not checked,False,False,False,True,False,unknown,no,no,downstream_all_samples,not_unbiased_evaluation,https://doi.org/10.1007/s11664-012-2048-z
10.3724_sp.j.1077.2011.00680__sample_16917,95,A,observed ZT >= threshold; ML predicted ZT >= threshold; low thermal conductivity; high observed electrical conductivity; low kappa and high sigma; balanced recommended candidate,downstream ML prediction is not unbiased evaluation; toxicity attention element detected; rare metal attention element detected; structure unknown; additive unknown; sintering unknown,10.3724/sp.j.1077.2011.00680,,16917,Ag0.99Na0.01SbTe1.96Se0.04,unknown,p,p,"estimated from Seebeck sign: positive=8, negative=0, zero=0, positive_ratio=1.000, negative_ratio=0.000",p,"estimated from Seebeck sign: positive=8, negative=0, zero=0, positive_ratio=1.000, negative_ratio=0.000",high,1.401413,1.299842173635868,0.9991234841267445,1.4056932474592718,1.401413,0.1707264001237059,0.9991234841267445,1.4056932474592718,1.401413,1.299842173635868,0.9991234841267445,1.4056932474592718,21438.95,18844.475,3611.248281709097,2746.358428967411,0.5391437,0.5448777,0.0002887931,0.00025610629999999997,1.401413,0.1707264001237059,1.4056932474592718,319.79,667.158,347.368,8,True,True,False,True,True,False,True,Ag;Na;Sb;Se;Te,False,Ag;Sb;Se;Te,True,Sb;Se;Te,True,False,False,False,True,True,True,False,unknown,True,True,unknown,auto_step9,unknown,unknown,auto_step9,unknown,unknown,,no,unknown,unknown,no,not_checked,ML_close_to_fitting,not_evaluable,missing_additive_or_structure_annotation; possible_sintering_or_microstructure_effect; tau_eff_ML_prediction_error,not_evaluable,candidate hypothesis only; no causal mechanism proven,0.4356289918978425,0.5089249676581841,0.0732959757603415,0.442271479112981,0.5416273613866012,0.0993558822736201,0.440036890153853,0.5378165560719993,0.0977796659181463,True,True,True,True,60.0,B,observed high ZT; missing sintering info for high-ZT/error sample; manual review not checked,False,False,True,True,True,unknown,no,no,downstream_all_samples,not_unbiased_evaluation,https://doi.org/10.3724/sp.j.1077.2011.00680
10.3724_sp.j.1077.2011.00680__sample_16916,95,A,observed ZT >= threshold; fitting predicted ZT >= threshold; low thermal conductivity; high observed electrical conductivity; low kappa and high sigma; balanced recommended candidate,downstream ML prediction is not unbiased evaluation; toxicity attention element detected; rare metal attention element detected; structure unknown; additive unknown; sintering unknown,10.3724/sp.j.1077.2011.00680,,16916,AgNa0.01SbTe2Se0.04,unknown,p,p,,,,,1.268422,0.8184619504413351,1.006993365275646,1.268605355020126,1.268422,0.2481564931611153,1.006993365275646,1.268605355020126,1.268422,0.8184619504413351,1.006993365275646,1.268605355020126,22447.92,19611.585,6023.696287531012,4494.849481046667,0.588819,0.6074354,0.0002668908,0.0002514948,1.268422,0.2481564931611153,1.268605355020126,322.105,661.807,339.702,8,True,False,True,True,True,False,True,Ag;Na;Sb;Se;Te,False,Ag;Sb;Se;Te,True,Sb;Se;Te,True,False,False,False,False,True,True,False,,True,True,,,,,,,,,no,,,no,unknown,ML_close_to_fitting,material_system_out_of_distribution,missing_additive_or_structure_annotation; possible_sintering_or_microstructure_effect; tau_eff_ML_prediction_error,both_good,candidate hypothesis only; no causal mechanism proven,0.3386760380597644,0.3970814385664705,0.0584054005067061,0.3254104290292503,0.3112919299721554,-0.0141184990570949,0.3208136487367836,0.3075557685497863,-0.0132578801869973,True,True,True,True,90.0,A,observed high ZT; ZT_ML false negative; missing sintering info for high-ZT/error sample; manual review not checked,True,True,True,True,True,unknown,no,no,downstream_all_samples,not_unbiased_evaluation,https://doi.org/10.3724/sp.j.1077.2011.00680
10.1016_j.jallcom.2020.158384__sample_40371,95,A,observed ZT >= threshold; fitting predicted ZT >= threshold; low thermal conductivity; high observed electrical conductivity; low kappa and high sigma; balanced recommended candidate,downstream ML prediction is not unbiased evaluation; toxicity attention element detected; rare metal attention element detected; structure unknown; additive unknown; sintering unknown,10.1016/j.jallcom.2020.158384,,40371,MgAg0.97Sb0.995,unknown,p,p,,,,,1.166552,0.8028922792396569,1.3310309582338566,1.165719618128546,1.166552,0.1592087255692881,1.3310309582338566,1.165719618128546,1.166552,0.8028922792396569,1.3310309582338566,1.165719618128546,84017.09,46055.555,8334.142353750638,6076.494650453109,0.7679945,0.8219152000000001,0.0002322156,0.00021408510000000001,1.166552,0.1592087255692881,1.165719618128546,298.639,558.621,259.98199999999997,12,True,False,True,True,True,False,True,Ag;Mg;Sb,False,Ag;Sb,True,Sb,True,False,False,False,False,True,True,False,,True,True,,,,,,,,,no,,,no,unknown,ML_close_to_fitting,material_system_out_of_distribution,missing_additive_or_structure_annotation; possible_sintering_or_microstructure_effect; tau_eff_ML_prediction_error,both_good,candidate hypothesis only; no causal mechanism proven,0.4352230760677972,0.6670365584061179,0.2318134823383206,0.3923801020916529,0.3580894828622978,-0.0342906192293551,0.3928481886834381,0.3576458195681644,-0.0352023691152737,True,True,True,True,90.0,A,observed high ZT; ZT_ML false negative; missing sintering info for high-ZT/error sample; manual review not checked,False,False,True,True,False,unknown,no,no,downstream_all_samples,not_unbiased_evaluation,https://doi.org/10.1016/j.jallcom.2020.158384
10.1016_j.jallcom.2020.158384__sample_40370,95,A,observed ZT >= threshold; fitting predicted ZT >= threshold; low thermal conductivity; high observed electrical conductivity; low kappa and high sigma; balanced recommended candidate,downstream ML prediction is not unbiased evaluation; toxicity attention element detected; rare metal attention element detected; structure unknown; additive unknown; sintering unknown,10.1016/j.jallcom.2020.158384,,40370,MgAg0.97Sb0.995,unknown,p,p,,,,,1.059301,0.8051812876124028,1.243801816901866,1.0627178361308474,1.059301,0.1596626222068139,1.243801816901866,1.0627178361308474,1.059301,0.8051812876124028,1.243801816901866,1.0627178361308474,76507.94,44964.384999999995,8334.142353750638,6076.494650453109,0.7555731,0.8069678,0.0002246396,0.00020674855,1.059301,0.1596626222068139,1.0627178361308474,298.367,544.465,246.098,12,True,False,True,True,True,False,True,Ag;Mg;Sb,False,Ag;Sb,True,Sb,True,False,False,False,False,True,True,False,,True,True,,,,,,,,,no,,,no,unknown,ML_close_to_fitting,material_system_out_of_distribution,missing_additive_or_structure_annotation; possible_sintering_or_microstructure_effect; tau_eff_ML_prediction_error,both_good,candidate hypothesis only; no causal mechanism proven,0.4437302533581653,0.6212891341213114,0.177558880763146,0.403475805933317,0.3453559086502744,-0.0581198972830426,0.401851182525945,0.3442905870623911,-0.0575605954635538,True,True,True,True,90.0,A,observed high ZT; ZT_ML false negative; missing sintering info for high-ZT/error sample; manual review not checked,False,False,True,True,False,unknown,no,no,downstream_all_samples,not_unbiased_evaluation,https://doi.org/10.1016/j.jallcom.2020.158384
10.1016_j.jallcom.2017.06.296__sample_2757,90,A,ML predicted ZT >= threshold; fitting predicted ZT >= threshold; low thermal conductivity; high observed electrical conductivity; high ML predicted electrical conductivity; low kappa and high sigma; balanced recommended candidate,downstream ML prediction is not unbiased evaluation; toxicity attention element detected; rare metal attention element detected; structure unknown; additive unknown; sintering unknown,10.1016/j.jallcom.2017.06.296,,2757,PbTe0.992Se0.05I0.003,unknown,n,n,,,,,0.9028798,1.1372411056365317,1.3226368466984513,0.6785268547413705,0.9028798,1.514376788814911,1.3226368466984513,0.6785268547413705,0.9028798,1.1372411056365317,1.3226368466984513,0.6785268547413705,77552.12,46774.39,73475.66643476918,45764.24242545716,1.278636,1.2913364999999999,0.0002435976,0.0002161585,0.9028798,1.514376788814911,0.6785268547413705,303.998,822.319,518.3209999999999,9,False,True,True,True,True,True,True,I;Pb;Se;Te,False,Se;Te,True,Pb;Se;Te,True,False,False,False,True,True,True,False,,True,True,,,,,,,,,no,,,no,unknown,ML_better_than_fitting,not_evaluable,missing_additive_or_structure_annotation,not_evaluable,candidate hypothesis only; no causal mechanism proven,0.3291244377985415,0.3621195560328277,0.0329951182342861,0.3374627222611532,0.3181943922387431,-0.0192683300224101,0.9661606315597766,0.6905613177763287,-0.2755993137834479,True,True,True,True,35.0,C,ZT_ML false positive; manual review not checked,False,False,True,True,False,unknown,no,no,downstream_all_samples,not_unbiased_evaluation,https://doi.org/10.1016/j.jallcom.2017.06.296
10.1038_s41598-020-58998-1__sample_28170,90,A,observed ZT >= threshold; high observed electrical conductivity; high ML predicted electrical conductivity; rare metal attention elements not detected; toxicity attention elements not detected; balanced recommended candidate,downstream ML prediction is not unbiased evaluation; structure unknown; additive unknown; sintering unknown,10.1038/s41598-020-58998-1,,28170,Mg2Sn,,n,n,"estimated from Seebeck sign: positive=0, negative=8, zero=0, positive_ratio=0.000, negative_ratio=1.000",n,"estimated from Seebeck sign: positive=0, negative=8, zero=0, positive_ratio=0.000, negative_ratio=1.000",high,1.423474,0.0628316834726069,0.0481090908885856,0.033992919698806,1.423474,0.0628316834726069,0.0481090908885856,0.033992919698806,,,,,87862.62,73974.65,119782.20626118108,90552.88236241315,4.438088,4.438088,0.0001233004,5.614431e-05,1.423474,0.0628316834726069,0.033992919698806,302.247,647.566,345.319,8,True,False,False,False,True,True,False,Mg;Sn,False,,False,,False,True,True,False,True,True,True,False,,False,False,,auto_step9,,,auto_step9,,,,no,,,no,,,,,,,,,,,,,,,,,,,,,,,False,False,False,True,True,unknown,no,no,downstream_all_samples,not_unbiased_evaluation,https://doi.org/10.1038/s41598-020-58998-1
10.1021_nl3003045__sample_1350,90,A,observed ZT >= threshold; fitting predicted ZT >= threshold; high observed electrical conductivity; high ML predicted electrical conductivity; toxicity attention elements not detected; balanced recommended candidate,downstream ML prediction is not unbiased evaluation; rare metal attention element detected; structure unknown; additive unknown; sintering unknown,10.1021/nl3003045,,1350,Si88.75Ge11.25P0.75,unknown,n,n,,,,,1.08251,0.6317729253196681,1.1412922066328606,1.0081353568965516,1.08251,0.6955885009881834,1.1412922066328606,1.0081353568965516,1.08251,0.6317729253196681,1.1412922066328606,1.0081353568965516,143000.0,83650.0,99888.63825266986,61594.68816256126,4.35,4.525,0.00027,0.00025,1.08251,0.6955885009881834,1.0081353568965516,294.25,1178.15,883.9000000000001,10,True,False,True,False,True,True,False,Ge;P;Si,False,Ge,True,,False,False,True,False,True,True,True,False,,True,False,,,,,,,,,no,,,no,unknown,ML_close_to_fitting,material_system_out_of_distribution,missing_additive_or_structure_annotation; possible_sintering_or_microstructure_effect,both_good,candidate hypothesis only; no causal mechanism proven,0.2318173093028276,0.6351984848397857,0.403381175536958,0.265274600940905,0.4624523821038949,0.1971777811629898,0.2503431336519565,0.3078609188691596,0.057517785217203,True,True,True,True,90.0,A,observed high ZT; ZT_ML false negative; missing sintering info for high-ZT/error sample; manual review not checked,True,False,True,True,False,unknown,no,no,downstream_all_samples,not_unbiased_evaluation,https://doi.org/10.1021/nl3003045
10.1038_ncomms12167__sample_2833,90,A,ML predicted ZT >= threshold; fitting predicted ZT >= threshold; low thermal conductivity; high observed electrical conductivity; high ML predicted electrical conductivity; low kappa and high sigma; balanced recommended candidate,downstream ML prediction is not unbiased evaluation; toxicity attention element detected; rare metal attention element detected; structure unknown; additive unknown; sintering unknown,10.1038/ncomms12167,,2833,Pb0.98Na0.02Te,unknown,p,p,,,,,,1.5364120854999137,2.419696508290244,1.5561307352648015,,2.6166324051964263,2.4196965082902437,1.5561307352648015,,1.5364120854999137,2.419696508290244,1.5561307352648015,248863.6,55113.635,130543.83090930372,76040.59434654142,1.271375,2.1613385000000003,0.0002756953,0.0001437415,,2.6166324051964263,1.5561307352648015,296.644,907.465,610.821,14,False,True,True,True,True,True,True,Na;Pb;Te,False,Te,True,Pb;Te,True,False,False,False,True,True,True,False,,True,True,,,,,,,,,no,,,no,unknown,not_evaluated,not_evaluable,missing_additive_or_structure_annotation,not_evaluable,candidate hypothesis only; no causal mechanism proven,0.5039415214124863,0.678415541471482,0.1744740200589957,0.431910360920238,0.4631015527221678,0.0311911918019297,,,,True,True,True,True,35.0,C,ZT_ML false positive; manual review not checked,False,False,True,True,False,unknown,no,no,downstream_all_samples,not_unbiased_evaluation,https://doi.org/10.1038/ncomms12167
10.1038_ncomms12167__sample_2838,90,A,ML predicted ZT >= threshold; fitting predicted ZT >= threshold; low thermal conductivity; high observed electrical conductivity; high ML predicted electrical conductivity; low kappa and high sigma; balanced recommended candidate,downstream ML prediction is not unbiased evaluation; toxicity attention element detected; rare metal attention element detected; structure unknown; additive unknown; sintering unknown,10.1038/ncomms12167,,2838,Pb0.9Na0.02TeSr0.08,unknown,p,p,,,,,,2.278985200936263,3.403062848925825,2.0086722318844075,,3.881293686773235,3.403062848925825,2.0086722318844075,,2.278985200936263,3.403062848925825,2.0086722318844075,203409.1,53977.270000000004,130543.83090930372,75970.76363378411,1.068401,1.4509295,0.0002992321,0.0002078077,,3.881293686773235,2.0086722318844075,301.219,911.469,610.25,14,False,True,True,True,True,True,True,Na;Pb;Sr;Te,False,Te,True,Pb;Te,True,False,False,False,True,True,True,False,,True,True,,,,,,,,,no,,,no,unknown,not_evaluated,not_evaluable,missing_additive_or_structure_annotation,not_evaluable,candidate hypothesis only; no causal mechanism proven,0.400639795448224,0.5668065153410928,0.1661667198928688,0.3519640178731947,0.3702422291572499,0.0182782112840551,,,,True,True,True,True,35.0,C,ZT_ML false positive; manual review not checked,False,False,True,True,False,unknown,no,no,downstream_all_samples,not_unbiased_evaluation,https://doi.org/10.1038/ncomms12167
10.1038_ncomms5515__sample_204,90,A,ML predicted ZT >= threshold; fitting predicted ZT >= threshold; low thermal conductivity; high observed electrical conductivity; high ML predicted electrical conductivity; low kappa and high sigma; balanced recommended candidate,downstream ML prediction is not unbiased evaluation; toxicity attention element detected; rare metal attention element detected; structure unknown; additive unknown; sintering unknown,10.1038/ncomms5515,,204,K0.01Pb1Te0.7S0.3,unknown,p,p,,,,,,1.4401482943051922,1.297942911618486,0.9534191256333784,,1.335893884310644,1.297942911618486,0.9534191256333784,,1.4401482943051922,1.297942911618486,0.9534191256333784,97834.82,27020.09,50203.5639618838,31604.223629547552,0.8979221,0.8979221,0.0002781986,0.00018377136999999998,,1.335893884310644,0.9534191256333784,326.923,917.692,590.769,8,False,True,True,True,True,True,True,K;Pb;S;Te,False,Te,True,Pb;Te,True,False,False,False,True,True,True,False,,True,True,,,,,,,,,no,,,no,unknown,not_evaluated,not_evaluable,missing_additive_or_structure_annotation,not_evaluable,candidate hypothesis only; no causal mechanism proven,0.570081700568239,0.5794842199247882,0.0094025193565491,0.4313938457860399,0.4786582719635091,0.0472644261774691,,,,True,True,True,True,35.0,C,ZT_ML false positive; manual review not checked,False,False,True,True,False,unknown,no,no,downstream_all_samples,not_unbiased_evaluation,https://doi.org/10.1038/ncomms5515
10.1038_ncomms5515__sample_409,90,A,ML predicted ZT >= threshold; fitting predicted ZT >= threshold; low thermal conductivity; high observed electrical conductivity; high ML predicted electrical conductivity; low kappa and high sigma; balanced recommended candidate,downstream ML prediction is not unbiased evaluation; toxicity attention element detected; rare metal attention element detected; structure unknown; additive unknown; sintering unknown,10.1038/ncomms5515,,409,K0.025Pb1Te0.7S0.3,unknown,p,p,,,,,,4.59473322505264,4.656990812280164,2.231742671593626,,4.262113866786264,4.656990812280164,2.231742671593626,,4.59473322505264,4.656990812280164,2.231742671593626,145848.2,27823.66,58879.808269946,34302.080784051774,0.5683117,0.6501298499999999,0.0003113841,0.00026340135,,4.262113866786264,2.231742671593626,303.846,923.077,619.231,14,False,True,True,True,True,True,True,K;Pb;S;Te,False,Te,True,Pb;Te,True,False,False,False,True,True,True,False,,True,True,,,,,,,,,no,,,no,unknown,not_evaluated,not_evaluable,missing_additive_or_structure_annotation,not_evaluable,candidate hypothesis only; no causal mechanism proven,0.574194578672424,0.5743522902629467,0.0001577115905226,0.5248709987825827,0.5159443882956557,-0.008926610486927,,,,True,True,True,True,35.0,C,ZT_ML false positive; manual review not checked,False,False,True,True,False,unknown,no,no,downstream_all_samples,not_unbiased_evaluation,https://doi.org/10.1038/ncomms5515
10.1038_ncomms5515__sample_419,90,A,ML predicted ZT >= threshold; fitting predicted ZT >= threshold; low thermal conductivity; high observed electrical conductivity; high ML predicted electrical conductivity; low kappa and high sigma; balanced recommended candidate,downstream ML prediction is not unbiased evaluation; toxicity attention element detected; rare metal attention element detected; structure unknown; additive unknown; sintering unknown,10.1038/ncomms5515,,419,K0.03Pb1Te0.7S0.3,unknown,p,p,,,,,,5.293194135729636,4.891694745012522,2.189320310139901,,4.910012185794868,4.891694745012522,2.189320310139901,,5.293194135729636,4.891694745012522,2.189320310139901,139017.9,25412.945,58879.808269946,34302.080784051774,0.5215584,0.5940259999999999,0.0003159132,0.0002693249,,4.910012185794868,2.189320310139901,303.846,922.308,618.462,14,False,True,True,True,True,True,True,K;Pb;S;Te,False,Te,True,Pb;Te,True,False,False,False,True,True,True,False,,True,True,,,,,,,,,no,,,no,unknown,not_evaluated,not_evaluable,missing_additive_or_structure_annotation,not_evaluable,candidate hypothesis only; no causal mechanism proven,0.5641337097027802,0.5696221365674687,0.0054884268646885,0.5138733073966824,0.5697268208600117,0.0558535134633293,,,,True,True,True,True,35.0,C,ZT_ML false positive; manual review not checked,False,False,True,True,False,unknown,no,no,downstream_all_samples,not_unbiased_evaluation,https://doi.org/10.1038/ncomms5515
10.1016_j.ceramint.2020.03.029__sample_33350,90,A,observed ZT >= threshold; fitting predicted ZT >= threshold; low thermal conductivity; high observed electrical conductivity; high ML predicted electrical conductivity; low kappa and high sigma; balanced recommended candidate,downstream ML prediction is not unbiased evaluation; toxicity attention element detected; rare metal attention element detected; structure unknown; additive unknown; sintering unknown; ML much worse than fitting,10.1016/j.ceramint.2020.03.029,,33350,Bi2Te3,unknown,n,n,,,,,1.182885,0.6243302767699027,1.1561457291740989,1.019191859707475,1.182885,0.6257502426711853,1.1561457291740989,1.019191859707475,1.182885,0.6243302767699027,1.1561457291740989,1.019191859707475,118770.8,98552.91,57275.771899732514,53765.49327463761,1.378432,1.562366,0.0002041807,0.0001988841,1.182885,0.6257502426711853,1.019191859707475,317.924,429.968,112.04400000000004,5,True,False,True,True,True,True,True,Bi;Te,False,Bi;Te,True,Te,True,False,False,False,True,True,True,False,,True,True,,,,,,,,,no,,,no,unknown,ML_moderately_worse,not_evaluable,missing_additive_or_structure_annotation; possible_sintering_or_microstructure_effect,not_evaluable,candidate hypothesis only; no causal mechanism proven,0.1147547375340479,0.6267624306676639,0.5120076931336159,0.0911395993483288,0.4564910878814122,0.3653514885330834,0.1513114319130939,0.5416996705219324,0.3903882386088384,True,True,True,True,90.0,A,observed high ZT; ZT_ML false negative; missing sintering info for high-ZT/error sample; manual review not checked,True,False,True,True,False,unknown,no,no,downstream_all_samples,not_unbiased_evaluation,https://doi.org/10.1016/j.ceramint.2020.03.029
10.1039_c1jm10163c__sample_8146,90,A,ML predicted ZT >= threshold; fitting predicted ZT >= threshold; low thermal conductivity; high observed electrical conductivity; high ML predicted electrical conductivity; low kappa and high sigma; balanced recommended candidate,downstream ML prediction is not unbiased evaluation; toxicity attention element detected; rare metal attention element detected; structure unknown; additive unknown; sintering unknown,10.1039/c1jm10163c,,8146,Cu0.05Bi2Te3,unknown,n,n,,,,,0.7445943,2.2430860726059256,1.394716142399135,0.7358946393891738,0.7445943,2.135926218197939,1.394716142399135,0.7358946393891738,0.7445943,2.2430860726059256,1.394716142399135,0.7358946393891738,55125.83,31761.59,70505.49630384294,50784.03413806543,0.7052109,0.8342432,0.0002667986,0.00016108265,0.7445943,2.135926218197939,0.7358946393891738,300.134,613.832,313.698,8,False,True,True,True,True,True,True,Bi;Cu;Te,False,Bi;Te,True,Te,True,False,False,False,True,True,True,False,,True,True,,,,,,,,,no,,,no,unknown,ML_moderately_worse,not_evaluable,missing_additive_or_structure_annotation,not_evaluable,candidate hypothesis only; no causal mechanism proven,0.4809444478917231,0.676081517687617,0.1951370697958939,0.4501265128128549,0.8715966324563671,0.4214701196435121,0.4502073821052655,0.8684307499609095,0.4182233678556439,True,True,True,True,35.0,C,ZT_ML false positive; manual review not checked,False,False,True,True,False,unknown,no,no,downstream_all_samples,not_unbiased_evaluation,https://doi.org/10.1039/c1jm10163c
10.1038_s41598-020-58998-1__sample_28171,90,A,observed ZT >= threshold; high observed electrical conductivity; high ML predicted electrical conductivity; rare metal attention elements not detected; toxicity attention elements not detected; balanced recommended candidate,downstream ML prediction is not unbiased evaluation; structure unknown; additive unknown; sintering unknown,10.1038/s41598-020-58998-1,,28171,Mg2Sn,,n,n,"estimated from Seebeck sign: positive=0, negative=8, zero=0, positive_ratio=0.000, negative_ratio=1.000",n,"estimated from Seebeck sign: positive=0, negative=8, zero=0, positive_ratio=0.000, negative_ratio=1.000",high,1.089202,0.100515935017258,0.0758058833595585,0.0396493318831531,1.089202,0.100515935017258,0.0758058833595585,0.0396493318831531,,,,,87395.79,72924.295,119782.20626118108,90552.88236241315,4.796282,4.796282,0.0001151116,5.4679969999999996e-05,1.089202,0.100515935017258,0.0396493318831531,303.745,647.566,343.821,8,True,False,False,False,True,True,False,Mg;Sn,False,,False,,False,True,True,False,True,True,True,False,,False,False,,auto_step9,,,auto_step9,,,,no,,,no,,,,,,,,,,,,,,,,,,,,,,,False,False,False,True,True,unknown,no,no,downstream_all_samples,not_unbiased_evaluation,https://doi.org/10.1038/s41598-020-58998-1
10.1039_c1jm10163c__sample_8147,90,A,ML predicted ZT >= threshold; fitting predicted ZT >= threshold; low thermal conductivity; high observed electrical conductivity; high ML predicted electrical conductivity; low kappa and high sigma; balanced recommended candidate,downstream ML prediction is not unbiased evaluation; toxicity attention element detected; rare metal attention element detected; structure unknown; additive unknown; sintering unknown,10.1039/c1jm10163c,,8147,Cu0.05Bi2Te3,unknown,n,n,,,,,0.8820447,1.3690522428637333,1.6474105374957695,0.8752758918021113,0.8820447,1.3036479586439278,1.6474105374957695,0.8752758918021113,0.8820447,1.3690522428637333,1.6474105374957695,0.8752758918021113,104556.3,62198.675,70505.49630384294,50777.667890520046,1.104715,1.512903,0.0002607218,0.0001852852,0.8820447,1.3036479586439278,0.8752758918021113,300.492,612.757,312.26499999999993,8,False,True,True,True,True,True,True,Bi;Cu;Te,False,Bi;Te,True,Te,True,False,False,False,True,True,True,False,,True,True,,,,,,,,,no,,,no,unknown,ML_close_to_fitting,material_system_out_of_distribution,missing_additive_or_structure_annotation,both_good,candidate hypothesis only; no causal mechanism proven,0.4754374242045833,0.5101936526742664,0.034756228469683,0.4449412442780996,0.3767805194736038,-0.0681607248044958,0.4440554082420652,0.3764720260943526,-0.0675833821477126,True,True,True,True,35.0,C,ZT_ML false positive; manual review not checked,False,False,True,True,False,unknown,no,no,downstream_all_samples,not_unbiased_evaluation,https://doi.org/10.1039/c1jm10163c
10.1039_c2ta00452f__sample_8161,90,A,observed ZT >= threshold; fitting predicted ZT >= threshold; low thermal conductivity; high observed electrical conductivity; high ML predicted electrical conductivity; low kappa and high sigma; balanced recommended candidate,downstream ML prediction is not unbiased evaluation; toxicity attention element detected; rare metal attention element detected; structure unknown; additive unknown; sintering unknown; ML much worse than fitting,10.1039/c2ta00452f,,8161,(BiSbTeSe)99.14(ZnSb)0.86,unknown,p,p,,,,,1.082831,0.3208852687652161,1.0643823571813649,1.091502313227752,1.082831,1.139027808256274,1.0643823571813649,1.091502313227752,1.082831,0.3208852687652161,1.0643823571813649,1.091502313227752,184673.3,107464.9,160087.67766527456,117101.62708528196,1.489952,1.613397,0.0001954802,0.0001896045,1.082831,1.139027808256274,1.091502313227752,300.0,499.784,199.784,21,True,False,True,True,True,True,True,Bi;Sb;Se;Te;Zn,False,Bi;Sb;Se;Te,True,Sb;Se;Te,True,False,False,False,True,True,True,False,,True,True,,,,,,,,,no,,,no,unknown,ML_much_worse,insufficient_material_features,missing_additive_or_structure_annotation; possible_sintering_or_microstructure_effect,fitting_good_ML_bad,candidate hypothesis only; no causal mechanism proven,0.1517752751343179,1.2086338486012025,1.0568585734668845,0.1386326119296139,0.6950686186538786,0.5564360067242646,0.1430831029230891,0.6928473131017217,0.5497642101786325,True,True,True,True,150.0,A,ML much worse than fitting; observed high ZT; ZT_ML false negative; missing additive info and ML bad; missing structure info and ML bad; missing sintering info for high-ZT/error sample; manual review not checked,True,True,True,True,True,unknown,no,no,downstream_all_samples,not_unbiased_evaluation,https://doi.org/10.1039/c2ta00452f
10.1039_c2ta00452f__sample_8162,90,A,observed ZT >= threshold; fitting predicted ZT >= threshold; low thermal conductivity; high observed electrical conductivity; high ML predicted electrical conductivity; low kappa and high sigma; balanced recommended candidate,downstream ML prediction is not unbiased evaluation; toxicity attention element detected; rare metal attention element detected; structure unknown; additive unknown; sintering unknown; ML much worse than fitting,10.1039/c2ta00452f,,8162,(BiSbTeSe)98.58(ZnSb)1.42,unknown,p,p,,,,,1.134731,0.2494527905534121,1.3097048112274066,1.1441274731233313,1.134731,0.8854680876464852,1.3097048112274066,1.1441274731233313,1.134731,0.2494527905534121,1.3097048112274066,1.1441274731233313,289973.7,173189.6,160087.67766527456,117101.62708528196,1.730144,1.791388,0.0001849718,0.0001687006,1.134731,0.8854680876464852,1.1441274731233313,300.0,500.216,200.216,21,True,False,True,True,True,True,True,Bi;Sb;Se;Te;Zn,False,Bi;Sb;Se;Te,True,Sb;Se;Te,True,False,False,False,True,True,True,False,,True,True,,,,,,,,,no,,,no,unknown,ML_much_worse,insufficient_material_features,missing_additive_or_structure_annotation; possible_sintering_or_microstructure_effect,fitting_good_ML_bad,candidate hypothesis only; no causal mechanism proven,0.1631285005677366,1.666291668675301,1.5031631681075646,0.1487452658824994,0.8069905906571313,0.6582453247746318,0.1521260893669077,0.8058355617790004,0.6537094724120927,True,True,True,True,150.0,A,ML much worse than fitting; observed high ZT; ZT_ML false negative; missing additive info and ML bad; missing structure info and ML bad; missing sintering info for high-ZT/error sample; manual review not checked,True,True,True,True,True,unknown,no,no,downstream_all_samples,not_unbiased_evaluation,https://doi.org/10.1039/c2ta00452f
10.1039_c2ta00452f__sample_8163,90,A,observed ZT >= threshold; fitting predicted ZT >= threshold; low thermal conductivity; high observed electrical conductivity; high ML predicted electrical conductivity; low kappa and high sigma; balanced recommended candidate,downstream ML prediction is not unbiased evaluation; toxicity attention element detected; rare metal attention element detected; structure unknown; additive unknown; sintering unknown; ML much worse than fitting,10.1039/c2ta00452f,,8163,(BiSbTeSe)97.18(ZnSb)2.82,unknown,p,p,,,,,1.061599,0.1958679880377156,1.262217911208677,1.066927622844418,1.061599,0.6952612252368665,1.262217911208677,1.066927622844418,1.061599,0.1958679880377156,1.262217911208677,1.066927622844418,347924.2,213118.6,160087.67766527456,117101.62708528196,1.87177,1.92823,0.0001693785,0.0001507345,1.061599,0.6952612252368665,1.066927622844418,300.0,500.216,200.216,21,True,False,True,True,True,True,True,Bi;Sb;Se;Te;Zn,False,Bi;Sb;Se;Te,True,Sb;Se;Te,True,False,False,False,True,True,True,False,,True,True,,,,,,,,,no,,,no,unknown,ML_much_worse,insufficient_material_features,missing_additive_or_structure_annotation; possible_sintering_or_microstructure_effect,fitting_good_ML_bad,candidate hypothesis only; no causal mechanism proven,0.1512282377942273,1.8693120579578988,1.7180838201636714,0.13751996744304,0.8430372431175411,0.7055172756745012,0.1396502099426901,0.8424334616760625,0.7027832517333723,True,True,True,True,150.0,A,ML much worse than fitting; observed high ZT; ZT_ML false negative; missing additive info and ML bad; missing structure info and ML bad; missing sintering info for high-ZT/error sample; manual review not checked,True,True,True,True,True,unknown,no,no,downstream_all_samples,not_unbiased_evaluation,https://doi.org/10.1039/c2ta00452f
10.1039_c3ee42187b__sample_159,90,A,ML predicted ZT >= threshold; fitting predicted ZT >= threshold; low thermal conductivity; high observed electrical conductivity; high ML predicted electrical conductivity; low kappa and high sigma; balanced recommended candidate,downstream ML prediction is not unbiased evaluation; toxicity attention element detected; rare metal attention element detected; structure unknown; additive unknown; sintering unknown,10.1039/c3ee42187b,,159,Pb0.93Na0.02Mg0.05Te1,unknown,p,p,,,,,,2.14018348580688,2.264810208958383,1.8171017656042951,,2.489772868294968,2.264810208958383,1.8171017656042951,,2.14018348580688,2.264810208958383,1.8171017656042951,126360.6,36371.78,89086.13940076373,50037.2881771021,1.130268,1.342616,0.0002892208,0.0002491091,,2.489772868294968,1.8171017656042951,304.517,930.866,626.3489999999999,26,False,True,True,True,True,True,True,Mg;Na;Pb;Te,False,Te,True,Pb;Te,True,False,False,False,True,True,True,False,,True,True,,,,,,,,,no,,,no,unknown,not_evaluated,not_evaluable,missing_additive_or_structure_annotation,not_evaluable,candidate hypothesis only; no causal mechanism proven,0.2811013839826282,0.2867428808420707,0.0056414968594425,0.2607415908280757,0.2440416548709977,-0.0166999359570779,,,,True,True,True,True,35.0,C,ZT_ML false positive; manual review not checked,False,False,True,True,False,unknown,no,no,downstream_all_samples,not_unbiased_evaluation,https://doi.org/10.1039/c3ee42187b
10.1039_c3ee42187b__sample_161,90,A,ML predicted ZT >= threshold; fitting predicted ZT >= threshold; low thermal conductivity; high observed electrical conductivity; high ML predicted electrical conductivity; low kappa and high sigma; balanced recommended candidate,downstream ML prediction is not unbiased evaluation; toxicity attention element detected; rare metal attention element detected; structure unknown; additive unknown; sintering unknown,10.1039/c3ee42187b,,161,Pb0.98Na0.02Te1,unknown,p,p,,,,,,1.1889667409690283,1.9021574424893648,1.168672464791446,,2.0249052532726384,1.9021574424893648,1.168672464791446,,1.1889667409690283,1.9021574424893648,1.168672464791446,240647.4,50618.66,130543.83090930372,73311.58910264517,1.798465,2.051015,0.0002584786,0.0002277309,,2.0249052532726384,1.168672464791446,302.674,929.842,627.168,26,False,True,True,True,True,True,True,Na;Pb;Te,False,Te,True,Pb;Te,True,False,False,False,True,True,True,False,,True,True,,,,,,,,,no,,,no,unknown,not_evaluated,not_evaluable,missing_additive_or_structure_annotation,not_evaluable,candidate hypothesis only; no causal mechanism proven,0.4043842032885948,0.6199487401987239,0.215564536910129,0.3438406998881969,0.3584600836329624,0.0146193837447654,,,,True,True,True,True,35.0,C,ZT_ML false positive; manual review not checked,False,False,True,True,False,unknown,no,no,downstream_all_samples,not_unbiased_evaluation,https://doi.org/10.1039/c3ee42187b
10.1039_c3ee42187b__sample_188,90,A,ML predicted ZT >= threshold; fitting predicted ZT >= threshold; low thermal conductivity; high observed electrical conductivity; high ML predicted electrical conductivity; low kappa and high sigma; balanced recommended candidate,downstream ML prediction is not unbiased evaluation; toxicity attention element detected; rare metal attention element detected; structure unknown; additive unknown; sintering unknown,10.1039/c3ee42187b,,188,Pb0.96Na0.02Mg0.02Te1,unknown,p,p,,,,,,1.8298983226031809,2.3474962728882627,1.7536314396015231,,2.1288040140344235,2.3474962728882627,1.7536314396015231,,1.8298983226031809,2.3474962728882627,1.7536314396015231,177901.8,37625.98,89086.13940076373,49744.686253161846,1.301559,1.465585,0.0002768361,0.00025456675,,2.1288040140344235,1.7536314396015231,302.57,930.087,627.517,25,False,True,True,True,True,True,True,Mg;Na;Pb;Te,False,Te,True,Pb;Te,True,False,False,False,True,True,True,False,,True,True,,,,,,,,,no,,,no,unknown,not_evaluated,not_evaluable,missing_additive_or_structure_annotation,not_evaluable,candidate hypothesis only; no causal mechanism proven,0.369600583692512,0.4457015725262503,0.0761009888337382,0.347742270001598,0.282262765927789,-0.065479504073809,,,,True,True,True,True,35.0,C,ZT_ML false positive; manual review not checked,False,False,True,True,False,unknown,no,no,downstream_all_samples,not_unbiased_evaluation,https://doi.org/10.1039/c3ee42187b
10.1021_jacs.9b11405__sample_41252,90,A,observed ZT >= threshold; ML predicted ZT >= threshold; low thermal conductivity; high observed electrical conductivity; high ML predicted electrical conductivity; low kappa and high sigma; balanced recommended candidate,downstream ML prediction is not unbiased evaluation; toxicity attention element detected; rare metal attention element detected; structure unknown; additive unknown; sintering unknown; ML much worse than fitting,10.1021/jacs.9b11405,,41252,(GeTe)80(AgBiSe2)20,unknown,p,p,"estimated from Seebeck sign: positive=10, negative=0, zero=0, positive_ratio=1.000, negative_ratio=0.000",p,"estimated from Seebeck sign: positive=10, negative=0, zero=0, positive_ratio=1.000, negative_ratio=0.000",high,1.266579,2.961607625596292,0.9599459900772562,0.6042896379908892,1.266579,3.445339391625933,0.9599459900772562,0.6042896379908892,1.266579,2.961607625596292,0.9599459900772562,0.6042896379908892,23480.82,13905.055,79689.86494505976,50648.790402498176,0.3799845,0.3799845,0.0002770567,0.0002526621,1.266579,3.445339391625933,0.6042896379908892,298.269,708.59,410.321,10,True,True,False,True,True,True,True,Ag;Bi;Ge;Se;Te,False,Ag;Bi;Ge;Se;Te,True,Se;Te,True,False,False,False,True,True,True,False,unknown,True,True,unknown,auto_step9,unknown,unknown,auto_step9,unknown,unknown,,no,unknown,unknown,no,not_checked,ML_much_worse,tau_eff_ML_prediction_error,missing_additive_or_structure_annotation; possible_sintering_or_microstructure_effect,fitting_good_ML_bad,candidate hypothesis only; no causal mechanism proven,0.3825813453015724,1.1897981724562134,0.807216827154641,0.4126983202030405,2.872365004889375,2.459666684686334,0.5192610248012048,3.6871960327271855,3.1679350079259807,True,True,True,True,120.0,A,ML much worse than fitting; observed high ZT; missing additive info and ML bad; missing structure info and ML bad; missing sintering info for high-ZT/error sample; manual review not checked,True,True,True,True,True,unknown,no,no,downstream_all_samples,not_unbiased_evaluation,https://doi.org/10.1021/jacs.9b11405
10.1021_jacs.6b09568__sample_44736,90,A,observed ZT >= threshold; fitting predicted ZT >= threshold; low thermal conductivity; high observed electrical conductivity; high ML predicted electrical conductivity; low kappa and high sigma; balanced recommended candidate,downstream ML prediction is not unbiased evaluation; toxicity attention element detected; rare metal attention element detected; structure unknown; additive unknown; sintering unknown; ML much worse than fitting,10.1021/jacs.6b09568,,44736,(K2Bi8Se13)68.33(BiCl3)31.67,unknown,n,n,,,,,1.149874,0.6492924327797981,1.404165971343435,1.1121065187413317,1.149874,0.6614716124038388,1.404165971343435,1.1121065187413317,1.149874,0.6492924327797981,1.404165971343435,1.1121065187413317,44562.91,25544.98,18911.5283174744,11779.025744872306,0.4483598,0.54427825,0.0001861073,0.0001502063,1.149874,0.6614716124038388,1.1121065187413317,303.496,872.028,568.532,13,True,False,True,True,True,True,True,Bi;Cl;K;Se,False,Bi;Se,True,Se,True,False,False,False,True,True,True,False,,True,True,,,,,,,,,no,,,no,unknown,ML_moderately_worse,not_evaluable,missing_additive_or_structure_annotation; possible_sintering_or_microstructure_effect; tau_eff_ML_prediction_error,not_evaluable,candidate hypothesis only; no causal mechanism proven,0.1883767685305154,0.7939858561725092,0.6056090876419937,0.169973003048528,0.5292737826556254,0.3593007796070974,0.1682378955691274,0.5414407910530763,0.3732028954839488,True,True,True,True,90.0,A,observed high ZT; ZT_ML false negative; missing sintering info for high-ZT/error sample; manual review not checked,True,False,True,True,False,unknown,no,no,downstream_all_samples,not_unbiased_evaluation,https://doi.org/10.1021/jacs.6b09568
10.1021_jacs.8b09029__sample_45133,90,A,observed ZT >= threshold; fitting predicted ZT >= threshold; low thermal conductivity; high observed electrical conductivity; high ML predicted electrical conductivity; low kappa and high sigma; balanced recommended candidate,downstream ML prediction is not unbiased evaluation; toxicity attention element detected; rare metal attention element detected; structure unknown; additive unknown; sintering unknown; ML much worse than fitting,10.1021/jacs.8b09029,,45133,PbTe,unknown,n,n,,,,,1.006077,0.616810970769826,2.0996354631336165,0.9910661061973842,1.006077,0.4969246640019208,2.0996354631336165,0.9910661061973842,1.006077,0.616810970769826,2.0996354631336165,0.9910661061973842,252913.8,107657.8,35944.788599236614,22383.063789521577,1.309638,2.046292,0.0002046138,0.0001310582,1.006077,0.4969246640019208,0.9910661061973842,299.257,872.525,573.268,13,True,False,True,True,True,True,True,Pb;Te,False,Te,True,Pb;Te,True,False,False,False,True,True,True,False,,True,True,,,,,,,,,no,,,no,unknown,ML_moderately_worse,not_evaluable,missing_additive_or_structure_annotation; possible_sintering_or_microstructure_effect; tau_eff_ML_prediction_error,not_evaluable,candidate hypothesis only; no causal mechanism proven,0.5171123245731882,1.329632793299649,0.8125204687264608,0.5181837049339398,0.6634039992229165,0.1452202942889766,0.4920640493048729,0.6714203735953309,0.1793563242904579,True,True,True,True,90.0,A,observed high ZT; ZT_ML false negative; missing sintering info for high-ZT/error sample; manual review not checked,True,False,True,True,False,unknown,no,no,downstream_all_samples,not_unbiased_evaluation,https://doi.org/10.1021/jacs.8b09029
10.1039_c3ee42187b__sample_300,90,A,ML predicted ZT >= threshold; fitting predicted ZT >= threshold; low thermal conductivity; high observed electrical conductivity; high ML predicted electrical conductivity; low kappa and high sigma; balanced recommended candidate,downstream ML prediction is not unbiased evaluation; toxicity attention element detected; rare metal attention element detected; structure unknown; additive unknown; sintering unknown,10.1039/c3ee42187b,,300,Pb0.9Na0.02Mg0.08Te1,unknown,p,p,,,,,,3.232016635225952,2.930746336766958,2.42390680524398,,3.7599520702916447,2.930746336766958,2.42390680524398,,3.232016635225952,2.930746336766958,2.42390680524398,98537.59,30927.08,89086.13940076373,50037.2881771021,0.854552,0.9252407,0.0003095878,0.0002676817,,3.7599520702916447,2.42390680524398,303.711,930.095,626.384,26,False,True,True,True,True,True,True,Mg;Na;Pb;Te,False,Te,True,Pb;Te,True,False,False,False,True,True,True,False,,True,True,,,,,,,,,no,,,no,unknown,not_evaluated,not_evaluable,missing_additive_or_structure_annotation,not_evaluable,candidate hypothesis only; no causal mechanism proven,0.2792049990052645,0.2958545122997957,0.0166495132945312,0.2424653496187064,0.272487637204805,0.0300222875860985,,,,True,True,True,True,35.0,C,ZT_ML false positive; manual review not checked,False,False,True,True,False,unknown,no,no,downstream_all_samples,not_unbiased_evaluation,https://doi.org/10.1039/c3ee42187b
10.1016_j.mtphys.2021.100497__sample_45594,90,A,observed ZT >= threshold; fitting predicted ZT >= threshold; low thermal conductivity; high observed electrical conductivity; high ML predicted electrical conductivity; low kappa and high sigma; balanced recommended candidate,downstream ML prediction is not unbiased evaluation; toxicity attention element detected; rare metal attention element detected; structure unknown; additive unknown; sintering unknown; ML much worse than fitting,10.1016/j.mtphys.2021.100497,,45594,Ge0.85Al0.05Sb0.1Te,unknown,p,p,,,,,1.426243,0.7285126283049536,1.6307478824814277,1.5678916405704608,1.426243,1.0545853808054428,1.6307478824814277,1.5678916405704608,1.426243,0.7285126283049536,1.6307478824814277,1.5678916405704608,192369.6,139888.9,146441.68685679548,92865.80677773828,1.752866,1.950135,0.0001750975,0.0001279443,1.426243,1.0545853808054428,1.5678916405704608,300.816,772.764,471.94800000000004,11,True,False,True,True,True,True,True,Al;Ge;Sb;Te,False,Ge;Sb;Te,True,Sb;Te,True,False,False,False,True,True,True,False,,True,True,,,,,,,,,no,,,no,unknown,ML_moderately_worse,not_evaluable,missing_additive_or_structure_annotation; possible_sintering_or_microstructure_effect,not_evaluable,candidate hypothesis only; no causal mechanism proven,0.0844889930919437,0.8102063850183227,0.725717391926379,0.0665833368466713,0.5463993206908963,0.4798159838442248,0.0916654703656241,0.5352440522376203,0.4435785818719961,True,True,True,True,90.0,A,observed high ZT; ZT_ML false negative; missing sintering info for high-ZT/error sample; manual review not checked,True,False,True,True,False,unknown,no,no,downstream_all_samples,not_unbiased_evaluation,https://doi.org/10.1016/j.mtphys.2021.100497
10.1016_j.cej.2020.126274__sample_41842,90,A,observed ZT >= threshold; fitting predicted ZT >= threshold; low thermal conductivity; high observed electrical conductivity; high ML predicted electrical conductivity; low kappa and high sigma; balanced recommended candidate,downstream ML prediction is not unbiased evaluation; toxicity attention element detected; rare metal attention element detected; structure unknown; additive unknown; sintering unknown; ML much worse than fitting,10.1016/j.cej.2020.126274,,41842,SnSeTe30,unknown,p,p,,,,,1.104416,0.4913544468466285,1.4642153743055446,1.1419031405850222,1.104416,1.7051386479988715,1.4642153743055446,1.1419031405850222,1.104416,0.4913544468466285,1.4642153743055446,1.1419031405850222,470470.5,163289.05,340239.5500454021,198004.44230353995,1.921025,2.966596,0.0001912199,9.252828e-05,1.104416,1.7051386479988715,1.1419031405850222,299.565,924.842,625.277,14,True,False,True,True,True,True,True,Se;Sn;Te,False,Se;Te,True,Se;Te,True,False,False,False,True,True,True,False,,True,True,,,,,,,,,no,,,no,unknown,ML_moderately_worse,insufficient_material_features,missing_additive_or_structure_annotation; possible_sintering_or_microstructure_effect,fitting_good_ML_bad,candidate hypothesis only; no causal mechanism proven,0.3613699689794895,1.150153733665978,0.7887837646864884,0.3301572469285013,0.6299056379028405,0.2997483909743391,0.3497498958410659,0.5944103756740038,0.2446604798329378,True,True,True,True,90.0,A,observed high ZT; ZT_ML false negative; missing sintering info for high-ZT/error sample; manual review not checked,True,False,True,True,False,unknown,no,no,downstream_all_samples,not_unbiased_evaluation,https://doi.org/10.1016/j.cej.2020.126274
10.1016_j.scriptamat.2018.09.010__sample_42840,90,A,observed ZT >= threshold; fitting predicted ZT >= threshold; low thermal conductivity; high observed electrical conductivity; high ML predicted electrical conductivity; low kappa and high sigma; balanced recommended candidate,downstream ML prediction is not unbiased evaluation; toxicity attention element detected; rare metal attention element detected; structure unknown; additive unknown; sintering unknown; ML much worse than fitting,10.1016/j.scriptamat.2018.09.010,,42840,Cu2Sn0.90Fe0.10Se3,unknown,p,p,,,,,1.07,0.390863088619136,1.7165575314411723,0.9285721580589577,1.07,1.7203825792314962,1.7165575314411723,0.9285721580589577,1.07,0.390863088619136,1.7165575314411723,0.9285721580589577,220224.7,149929.8,228404.2636797265,133765.6216216216,0.8676727,2.126409,0.0001691227,8.815829e-05,1.07,1.7203825792314962,0.9285721580589577,297.474,843.79,546.316,22,True,False,True,True,True,True,True,Cu;Fe;Se;Sn,False,Se,True,Se,True,False,False,False,True,True,True,False,,True,True,,,,,,,,,no,,,no,unknown,ML_moderately_worse,insufficient_material_features,missing_additive_or_structure_annotation; possible_sintering_or_microstructure_effect,fitting_good_ML_bad,candidate hypothesis only; no causal mechanism proven,0.2424188807780824,1.499444765055091,1.2570258842770086,0.1839273911803375,0.7643585302803022,0.5804311390999647,0.5467510151524444,0.6478021458449514,0.101051130692507,True,True,True,True,90.0,A,observed high ZT; ZT_ML false negative; missing sintering info for high-ZT/error sample; manual review not checked,True,False,True,True,False,unknown,no,no,downstream_all_samples,not_unbiased_evaluation,https://doi.org/10.1016/j.scriptamat.2018.09.010
10.1021_acs.chemmater.8b00254__sample_40617,90,A,ML predicted ZT >= threshold; fitting predicted ZT >= threshold; low thermal conductivity; high observed electrical conductivity; high ML predicted electrical conductivity; low kappa and high sigma; balanced recommended candidate,downstream ML prediction is not unbiased evaluation; toxicity attention element detected; rare metal attention element detected; structure unknown; additive unknown; sintering unknown,10.1021/acs.chemmater.8b00254,,40617,Cu2.075Se,unknown,p,p,,,,,0.8967334,2.050770482884692,1.1143894728923898,0.8023787409541561,0.8967334,4.105089703295406,1.1143894728923898,0.8023787409541561,0.8967334,2.050770482884692,1.1143894728923898,0.8023787409541561,31825.6,24685.35,116034.44565101272,84892.32206810113,0.3879255,0.7423555,0.0002169757,0.0001636283,0.8967334,4.105089703295406,0.8023787409541561,304.595,472.786,168.19099999999997,9,False,True,True,True,True,True,True,Cu;Se,False,Se,True,Se,True,False,False,False,True,True,True,False,,True,True,,,,,,,,,no,,,no,unknown,ML_much_worse,missing_additive_or_structure_annotation,possible_sintering_or_microstructure_effect; tau_eff_ML_prediction_error,both_poor,candidate hypothesis only; no causal mechanism proven,0.1965149274273715,0.6407861947922923,0.4442712673649207,0.1686975087581324,0.8787435629877359,0.7100460542296035,0.2513312405410648,0.8891733950743722,0.6378421545333073,True,True,True,True,115.0,A,ML much worse than fitting; ZT_ML false positive; missing additive info and ML bad; missing structure info and ML bad; missing sintering info for high-ZT/error sample; manual review not checked,True,True,True,True,True,unknown,no,no,downstream_all_samples,not_unbiased_evaluation,https://doi.org/10.1021/acs.chemmater.8b00254
10.1021_acsaem.0c01525__sample_37615,90,A,ML predicted ZT >= threshold; fitting predicted ZT >= threshold; low thermal conductivity; high observed electrical conductivity; high ML predicted electrical conductivity; low kappa and high sigma; balanced recommended candidate,downstream ML prediction is not unbiased evaluation; toxicity attention element detected; rare metal attention element detected; structure unknown; additive unknown; sintering unknown,10.1021/acsaem.0c01525,,37615,Cu2Se,unknown,p,p,,,,,0.9307982,3.690734711359537,1.6712805246393885,0.9126688551563396,0.9307982,7.387856021745196,1.6712805246393885,0.9126688551563396,0.9307982,3.690734711359537,1.6712805246393885,0.9126688551563396,44315.8,12997.095000000001,116034.44565101272,68133.40904703605,0.4582844,0.5287897,0.0002900034,0.0002151246,0.9307982,7.387856021745196,0.9126688551563396,304.475,839.688,535.213,24,False,True,True,True,True,True,True,Cu;Se,False,Se,True,Se,True,False,False,False,True,True,True,False,,True,True,,,,,,,,,no,,,no,unknown,ML_much_worse,tau_eff_ML_prediction_error,missing_additive_or_structure_annotation; possible_sintering_or_microstructure_effect,fitting_good_ML_bad,candidate hypothesis only; no causal mechanism proven,0.4068398030129971,0.890592840135239,0.4837530371222419,0.3799902349677427,1.285116298613036,0.9051260636452932,0.0775338638689154,1.3795476435079397,1.302013779639024,True,True,True,True,115.0,A,ML much worse than fitting; ZT_ML false positive; missing additive info and ML bad; missing structure info and ML bad; missing sintering info for high-ZT/error sample; manual review not checked,True,True,True,True,True,unknown,no,no,downstream_all_samples,not_unbiased_evaluation,https://doi.org/10.1021/acsaem.0c01525
10.1021_acsaem.1c02589__sample_46138,90,A,observed ZT >= threshold; fitting predicted ZT >= threshold; low thermal conductivity; high observed electrical conductivity; high ML predicted electrical conductivity; low kappa and high sigma; balanced recommended candidate,downstream ML prediction is not unbiased evaluation; toxicity attention element detected; rare metal attention element detected; structure unknown; additive unknown; sintering unknown; ML much worse than fitting,10.1021/acsaem.1c02589,,46138,Pb0.98Sb0.02Te,unknown,n,n,,,,,1.051197,0.8163817153773584,2.261212022996633,1.0684047166013684,1.051197,0.6068201312264192,2.261212022996633,1.0684047166013684,1.051197,0.8163817153773584,2.261212022996633,1.0684047166013684,398150.8,164843.15,62560.36232210843,39122.71579405223,1.601444,2.38251,0.0001858008,0.00014739905,1.051197,0.6068201312264192,1.0684047166013684,298.864,822.222,523.358,12,True,False,True,True,True,True,True,Pb;Sb;Te,False,Sb;Te,True,Pb;Sb;Te,True,False,False,False,True,True,True,False,,True,True,,,,,,,,,no,,,no,unknown,ML_close_to_fitting,not_evaluable,missing_additive_or_structure_annotation; possible_sintering_or_microstructure_effect; tau_eff_ML_prediction_error,not_evaluable,candidate hypothesis only; no causal mechanism proven,0.4958078490488278,1.133016464898093,0.6372086158492651,0.5689142923577294,0.509902836949072,-0.0590114554086573,0.57018065543588,0.5222621584235262,-0.0479184970123538,True,True,True,True,90.0,A,observed high ZT; ZT_ML false negative; missing sintering info for high-ZT/error sample; manual review not checked,True,True,True,True,True,unknown,no,no,downstream_all_samples,not_unbiased_evaluation,https://doi.org/10.1021/acsaem.1c02589
10.1021_acsaem.7b00128__sample_45682,90,A,observed ZT >= threshold; high observed electrical conductivity; high ML predicted electrical conductivity; rare metal attention elements not detected; toxicity attention elements not detected; balanced recommended candidate,downstream ML prediction is not unbiased evaluation; structure unknown; additive unknown; sintering unknown,10.1021/acsaem.7b00128,,45682,Mg2Si0.4Sn0.6,,n,n,"estimated from Seebeck sign: positive=0, negative=19, zero=0, positive_ratio=0.000, negative_ratio=1.000",n,"estimated from Seebeck sign: positive=0, negative=19, zero=0, positive_ratio=0.000, negative_ratio=1.000",high,1.147283,0.7470907204109901,0.9093744367286088,0.9892121425252588,1.147283,0.7470907204109901,0.9093744367286088,0.9892121425252588,,,,,133154.4,91073.83,95274.01635006936,73577.31066853728,2.302353,2.3341175,0.000249854,0.0001885401,1.147283,0.7470907204109901,0.9892121425252588,354.168,780.938,426.77,19,True,False,False,False,True,True,False,Mg;Si;Sn,False,,False,,False,True,True,False,True,True,True,False,,False,False,,auto_step9,,,auto_step9,,,,no,,,no,,,,,,,,,,,,,,,,,,,,,,,False,False,False,True,True,unknown,no,no,downstream_all_samples,not_unbiased_evaluation,https://doi.org/10.1021/acsaem.7b00128
10.1021_acsaem.7b00128__sample_45684,90,A,observed ZT >= threshold; high observed electrical conductivity; high ML predicted electrical conductivity; rare metal attention elements not detected; toxicity attention elements not detected; balanced recommended candidate,downstream ML prediction is not unbiased evaluation; structure unknown; additive unknown; sintering unknown,10.1021/acsaem.7b00128,,45684,Mg2Si0.4Sn0.6,,n,n,"estimated from Seebeck sign: positive=0, negative=19, zero=0, positive_ratio=0.000, negative_ratio=1.000",n,"estimated from Seebeck sign: positive=0, negative=19, zero=0, positive_ratio=0.000, negative_ratio=1.000",high,1.290761,0.5214620416515229,0.8742342360814985,0.9247924701113404,1.290761,0.5214620416515229,0.8742342360814985,0.9247924701113404,,,,,194563.8,124295.3,95274.01635006936,72583.95714565282,2.611176,2.611176,0.0002345255,0.00016105835,1.290761,0.5214620416515229,0.9247924701113404,350.99,778.572,427.582,19,True,False,False,False,True,True,False,Mg;Si;Sn,False,,False,,False,True,True,False,True,True,True,False,,False,False,,auto_step9,,,auto_step9,,,,no,,,no,,,,,,,,,,,,,,,,,,,,,,,False,False,False,True,True,unknown,no,no,downstream_all_samples,not_unbiased_evaluation,https://doi.org/10.1021/acsaem.7b00128
10.1021_acsaem.7b00128__sample_45724,90,A,observed ZT >= threshold; high observed electrical conductivity; high ML predicted electrical conductivity; rare metal attention elements not detected; toxicity attention elements not detected; balanced recommended candidate,downstream ML prediction is not unbiased evaluation; structure unknown; additive unknown; sintering unknown,10.1021/acsaem.7b00128,,45724,Mg2Si0.4Sn0.6,,n,n,"estimated from Seebeck sign: positive=0, negative=18, zero=0, positive_ratio=0.000, negative_ratio=1.000",n,"estimated from Seebeck sign: positive=0, negative=18, zero=0, positive_ratio=0.000, negative_ratio=1.000",high,1.176195,0.5984099377621951,0.8614812683271419,0.8533475771635199,1.176195,0.5984099377621951,0.8614812683271419,0.8533475771635199,,,,,158183.5,107912.6,95274.01635006936,74756.8401929636,2.434862,2.434862,0.000241826,0.000193743,1.176195,0.5984099377621951,0.8533475771635199,349.471,760.645,411.174,18,True,False,False,False,True,True,False,Mg;Si;Sn,False,,False,,False,True,True,False,True,True,True,False,,False,False,,auto_step9,,,auto_step9,,,,no,,,no,,,,,,,,,,,,,,,,,,,,,,,False,False,False,True,True,unknown,no,no,downstream_all_samples,not_unbiased_evaluation,https://doi.org/10.1021/acsaem.7b00128
10.1007_s40843-021-1666-6__sample_46052,90,A,observed ZT >= threshold; fitting predicted ZT >= threshold; low thermal conductivity; high observed electrical conductivity; high ML predicted electrical conductivity; low kappa and high sigma; balanced recommended candidate,downstream ML prediction is not unbiased evaluation; toxicity attention element detected; rare metal attention element detected; structure unknown; additive unknown; sintering unknown; ML much worse than fitting,10.1007/s40843-021-1666-6,,46052,(BaFe12O19)0.21(Bi2Te2.5Se0.5)99.79,unknown,n,n,,,,,1.014884,0.5243009742758044,1.2898909196887771,1.0117859277234724,1.014884,1.2457245002076145,1.2898909196887771,1.0117859277234724,1.014884,0.5243009742758044,1.2898909196887771,1.0117859277234724,167465.6,115811.6,139172.8267744055,112432.37055814164,1.187951,1.21611,0.0001692738,0.0001568136,1.014884,1.2457245002076145,1.0117859277234724,300.541,500.086,199.54500000000002,21,True,False,True,True,True,True,True,Ba;Bi;Fe;O;Se;Te,False,Bi;Se;Te,True,Se;Te,True,False,False,False,True,True,True,False,,True,True,,,,,,,,,no,,,no,unknown,ML_moderately_worse,not_evaluable,missing_additive_or_structure_annotation; possible_sintering_or_microstructure_effect,not_evaluable,candidate hypothesis only; no causal mechanism proven,0.1389405877585087,0.9109057116966096,0.7719651239381008,0.1161260478469822,0.5896266273959498,0.4735005795489675,0.1137468440138323,0.5896319458187718,0.4758851018049395,True,True,True,True,90.0,A,observed high ZT; ZT_ML false negative; missing sintering info for high-ZT/error sample; manual review not checked,True,False,True,True,False,unknown,no,no,downstream_all_samples,not_unbiased_evaluation,https://doi.org/10.1007/s40843-021-1666-6
10.1021_acsami.1c04326__sample_45073,90,A,observed ZT >= threshold; fitting predicted ZT >= threshold; low thermal conductivity; high observed electrical conductivity; high ML predicted electrical conductivity; low kappa and high sigma; balanced recommended candidate,downstream ML prediction is not unbiased evaluation; toxicity attention element detected; rare metal attention element detected; structure unknown; additive unknown; sintering unknown; ML much worse than fitting,10.1021/acsami.1c04326,,45073,Sn0.94Ag0.09Y0.03Te,unknown,p,p,,,,,1.028868,0.4642718071363633,1.4560078527759042,1.0099403843168844,1.028868,1.2764989348944618,1.4560078527759042,1.0099403843168844,1.028868,0.4642718071363633,1.4560078527759042,1.0099403843168844,547763.8,239535.1,300898.3268577035,205372.24457128643,1.986509,2.957841,0.000154672,7.073704e-05,1.028868,1.2764989348944618,1.0099403843168844,319.831,875.3,555.4689999999999,12,True,False,True,True,True,True,True,Ag;Sn;Te;Y,False,Ag;Te;Y,True,Te,True,False,False,False,True,True,True,False,,True,True,,,,,,,,,no,,,no,unknown,ML_moderately_worse,insufficient_material_features,missing_additive_or_structure_annotation; possible_sintering_or_microstructure_effect,fitting_good_ML_bad,candidate hypothesis only; no causal mechanism proven,0.3531774014809855,1.196304912756329,0.8431275112753435,0.3446223192505857,0.6665656304768811,0.3219433112262954,0.3652553851779779,0.6622413616260425,0.2969859764480646,True,True,True,True,90.0,A,observed high ZT; ZT_ML false negative; missing sintering info for high-ZT/error sample; manual review not checked,True,True,True,True,True,unknown,no,no,downstream_all_samples,not_unbiased_evaluation,https://doi.org/10.1021/acsami.1c04326
10.1021_acsami.1c04326__sample_45075,90,A,observed ZT >= threshold; fitting predicted ZT >= threshold; low thermal conductivity; high observed electrical conductivity; high ML predicted electrical conductivity; low kappa and high sigma; balanced recommended candidate,downstream ML prediction is not unbiased evaluation; toxicity attention element detected; rare metal attention element detected; structure unknown; additive unknown; sintering unknown; ML much worse than fitting,10.1021/acsami.1c04326,,45075,Sn0.94Ag0.09Y0.05Te,unknown,p,p,,,,,1.208221,0.4623043657713093,1.415368427047036,1.2192929481673374,1.208221,1.2710895243544396,1.415368427047036,1.2192929481673374,1.208221,0.4623043657713093,1.415368427047036,1.2192929481673374,515419.4,219765.4,300898.3268577035,205372.24457128643,1.77591,2.8636280000000003,0.0001459,8.269551e-05,1.208221,1.2710895243544396,1.2192929481673374,321.604,875.701,554.097,12,True,False,True,True,True,True,True,Ag;Sn;Te;Y,False,Ag;Te;Y,True,Te,True,False,False,False,True,True,True,False,,True,True,,,,,,,,,no,,,no,unknown,ML_moderately_worse,insufficient_material_features,missing_additive_or_structure_annotation; possible_sintering_or_microstructure_effect,fitting_good_ML_bad,candidate hypothesis only; no causal mechanism proven,0.3010571630762908,1.1587152921458022,0.8576581290695113,0.2533275666536008,0.6584636173826756,0.4051360507290747,0.2417455943684522,0.6144596637253867,0.3727140693569345,True,True,True,True,90.0,A,observed high ZT; ZT_ML false negative; missing sintering info for high-ZT/error sample; manual review not checked,True,True,True,True,True,unknown,no,no,downstream_all_samples,not_unbiased_evaluation,https://doi.org/10.1021/acsami.1c04326
10.1021_acsami.1c04326__sample_45076,90,A,observed ZT >= threshold; fitting predicted ZT >= threshold; low thermal conductivity; high observed electrical conductivity; high ML predicted electrical conductivity; low kappa and high sigma; balanced recommended candidate,downstream ML prediction is not unbiased evaluation; toxicity attention element detected; rare metal attention element detected; structure unknown; additive unknown; sintering unknown; ML much worse than fitting,10.1021/acsami.1c04326,,45076,Sn0.94Ag0.09Y0.07Te,unknown,p,p,,,,,1.078116,0.4335353159211353,1.233170920004371,1.0688909398135185,1.078116,1.1919900379604988,1.233170920004371,1.0688909398135185,1.078116,0.4335353159211353,1.233170920004371,1.0688909398135185,500942.7,202382.75,300898.3268577035,205372.24457128643,1.969806,3.232392,0.0001489856,8.0414585e-05,1.078116,1.1919900379604988,1.0688909398135185,321.801,873.528,551.7270000000001,12,True,False,True,True,True,True,True,Ag;Sn;Te;Y,False,Ag;Te;Y,True,Te,True,False,False,False,True,True,True,False,,True,True,,,,,,,,,no,,,no,unknown,ML_moderately_worse,insufficient_material_features,missing_additive_or_structure_annotation; possible_sintering_or_microstructure_effect,fitting_good_ML_bad,candidate hypothesis only; no causal mechanism proven,0.3076660585326244,1.0897057529331984,0.782039694400574,0.278805020196089,0.6316078909058664,0.3528028707097774,0.2718718199275785,0.6463136478125022,0.3744418278849237,True,True,True,True,90.0,A,observed high ZT; ZT_ML false negative; missing sintering info for high-ZT/error sample; manual review not checked,False,True,True,True,True,unknown,no,no,downstream_all_samples,not_unbiased_evaluation,https://doi.org/10.1021/acsami.1c04326
10.1021_acsami.1c12282__sample_45835,90,A,observed ZT >= threshold; fitting predicted ZT >= threshold; low thermal conductivity; high observed electrical conductivity; high ML predicted electrical conductivity; low kappa and high sigma; balanced recommended candidate,downstream ML prediction is not unbiased evaluation; toxicity attention element detected; rare metal attention element detected; structure unknown; additive unknown; sintering unknown; ML much worse than fitting,10.1021/acsami.1c12282,,45835,Sb0.05Ge0.95Te,unknown,p,p,,,,,1.656008,0.9957732062424538,2.4972939227829376,1.8612929507840072,1.656008,0.7720939075623873,2.4972939227829376,1.8612929507840072,1.656008,0.9957732062424538,2.4972939227829376,1.8612929507840072,320818.2,135649.5,67780.25313513419,44388.61369993419,1.938228,2.204944,0.0002118211,0.0001804199,1.656008,0.7720939075623873,1.8612929507840072,326.163,826.054,499.89099999999996,9,True,False,True,True,True,True,True,Ge;Sb;Te,False,Ge;Sb;Te,True,Sb;Te,True,False,False,False,True,True,True,False,,True,True,,,,,,,,,no,,,no,unknown,ML_moderately_worse,not_evaluable,missing_additive_or_structure_annotation; possible_sintering_or_microstructure_effect; tau_eff_ML_prediction_error,not_evaluable,candidate hypothesis only; no causal mechanism proven,0.2492678662127118,0.952633590353306,0.7033657241405942,0.2027978782065924,0.5888477779365958,0.3860498997300033,0.1775769133569416,0.5843867873351872,0.4068098739782456,True,True,True,True,90.0,A,observed high ZT; ZT_ML false negative; missing sintering info for high-ZT/error sample; manual review not checked,True,True,True,True,True,unknown,no,no,downstream_all_samples,not_unbiased_evaluation,https://doi.org/10.1021/acsami.1c12282
10.1007_s11664-020-08056-3__sample_32441,90,A,ML predicted ZT >= threshold; fitting predicted ZT >= threshold; low thermal conductivity; high observed electrical conductivity; high ML predicted electrical conductivity; low kappa and high sigma; balanced recommended candidate,downstream ML prediction is not unbiased evaluation; toxicity attention element detected; rare metal attention element detected; structure unknown; additive unknown; sintering unknown,10.1007/s11664-020-08056-3,,32441,Zn4Sb3,unknown,p,p,,,,,0.9142147,1.2683156978899726,1.1154668007221582,0.9153653780870892,0.9142147,0.779199945093618,1.1154668007221582,0.9153653780870892,0.9142147,1.2683156978899726,1.1154668007221582,0.9153653780870892,94101.8,38353.29,50913.75763237166,32287.52773471076,0.7205345,0.91518985,0.0001761479,0.0001534052,0.9142147,0.779199945093618,0.9153653780870892,297.318,662.905,365.587,5,False,True,True,True,True,True,True,Sb;Zn,False,Sb,True,Sb,True,False,False,False,True,True,True,False,,True,True,,,,,,,,,no,,,no,unknown,ML_close_to_fitting,material_system_out_of_distribution,missing_additive_or_structure_annotation,both_good,candidate hypothesis only; no causal mechanism proven,0.2580370539966934,0.2882256100676444,0.030188556070951,0.2458159999774322,0.3069047602096463,0.0610887602322141,0.2425249497271063,0.2757573785878028,0.0332324288606964,True,True,True,True,35.0,C,ZT_ML false positive; manual review not checked,False,False,True,True,False,unknown,no,no,downstream_all_samples,not_unbiased_evaluation,https://doi.org/10.1007/s11664-020-08056-3
10.1021_acsami.8b15111__sample_42023,90,A,observed ZT >= threshold; fitting predicted ZT >= threshold; high observed electrical conductivity; high ML predicted electrical conductivity; toxicity attention elements not detected; balanced recommended candidate,downstream ML prediction is not unbiased evaluation; rare metal attention element detected; structure unknown; additive unknown; sintering unknown,10.1021/acsami.8b15111,,42023,Mg2Si0.35Sn0.635Bi0.015,unknown,n,n,,,,,1.102908,0.9312347966640718,1.4078393244037954,1.086550030376776,1.102908,1.156940022186159,1.4078393244037954,1.086550030376776,1.102908,0.9312347966640718,1.4078393244037954,1.086550030376776,143150.6,96599.69,102875.24784049272,77125.84524498446,2.340882,2.528694,0.0002425968,0.0001986757,1.102908,1.156940022186159,1.086550030376776,299.502,777.519,478.017,7,True,False,True,False,True,True,False,Bi;Mg;Si;Sn,False,Bi,True,,False,False,True,False,True,True,True,False,,True,False,,,,,,,,,no,,,no,unknown,ML_moderately_worse,material_system_out_of_distribution,missing_additive_or_structure_annotation; possible_sintering_or_microstructure_effect,both_good,candidate hypothesis only; no causal mechanism proven,0.1352489623465401,0.4348668154398836,0.2996178530933434,0.1143111320544901,0.332270353473345,0.2179592214188548,0.1055040705105618,0.3201073547723471,0.2146032842617852,True,True,True,True,90.0,A,observed high ZT; ZT_ML false negative; missing sintering info for high-ZT/error sample; manual review not checked,True,True,True,True,True,unknown,no,no,downstream_all_samples,not_unbiased_evaluation,https://doi.org/10.1021/acsami.8b15111
10.1021_acsami.9b12599__sample_83169,90,A,observed ZT >= threshold; high observed electrical conductivity; high ML predicted electrical conductivity; rare metal attention elements not detected; toxicity attention elements not detected; balanced recommended candidate,downstream ML prediction is not unbiased evaluation; structure unknown; additive unknown; sintering unknown,10.1021/acsami.9b12599,,83169,ZrNi1.03Sn,unknown,n,n,"estimated from Seebeck sign: positive=0, negative=12, zero=0, positive_ratio=0.000, negative_ratio=1.000",n,"estimated from Seebeck sign: positive=0, negative=12, zero=0, positive_ratio=0.000, negative_ratio=1.000",high,1.069,0.4591578966271522,0.4685802711289435,0.6337693515670397,1.069,0.6247874591525769,0.4685802711289435,0.6337693515670397,1.069,0.4591578966271522,0.4685802711289435,0.6337693515670397,92000.0,58270.0,85804.95475747925,64846.42964645869,2.966,3.031,0.0002315,0.0002202,1.069,0.6247874591525769,0.6337693515670397,328.7,873.7,545.0,12,True,False,False,False,True,True,False,Ni;Sn;Zr,False,,False,,False,True,True,False,True,True,True,False,unknown,False,False,unknown,auto_step9,unknown,unknown,auto_step9,unknown,unknown,,no,unknown,unknown,no,not_checked,ML_close_to_fitting,material_system_out_of_distribution,missing_additive_or_structure_annotation; possible_sintering_or_microstructure_effect,both_good,candidate hypothesis only; no causal mechanism proven,0.6580121748086685,0.6583256422035015,0.000313467394833,0.3367343492559227,0.3385810410775212,0.0018466918215984,0.1602212975763332,0.1569995121919633,-0.0032217853843699,True,True,True,True,90.0,A,observed high ZT; ZT_ML false negative; missing sintering info for high-ZT/error sample; manual review not checked,True,True,True,True,True,unknown,no,no,downstream_all_samples,not_unbiased_evaluation,https://doi.org/10.1021/acsami.9b12599
10.1021_acsenergylett.8b00137__sample_43756,90,A,observed ZT >= threshold; fitting predicted ZT >= threshold; low thermal conductivity; high observed electrical conductivity; high ML predicted electrical conductivity; low kappa and high sigma; balanced recommended candidate,downstream ML prediction is not unbiased evaluation; toxicity attention element detected; rare metal attention element detected; structure unknown; additive unknown; sintering unknown; ML much worse than fitting,10.1021/acsenergylett.8b00137,,43756,AgSn5Sb(Te0.992I0.008)7,unknown,p,p,,,,,1.093625,0.284209770289636,1.11911721083349,1.0813929578297483,1.093625,0.7213955631986537,1.11911721083349,1.0813929578297483,1.093625,0.284209770289636,1.11911721083349,1.0813929578297483,183734.6,112373.8,124648.221055714,70523.77819404138,1.451479,1.66804,0.0001563858,0.000123549185,1.093625,0.7213955631986537,1.0813929578297483,299.662,799.232,499.57,11,True,False,True,True,True,True,True,Ag;I;Sb;Sn;Te,False,Ag;Sb;Te,True,Sb;Te,True,False,False,False,True,True,True,False,,True,True,,,,,,,,,no,,,no,unknown,ML_much_worse,tau_eff_ML_prediction_error,missing_additive_or_structure_annotation; possible_sintering_or_microstructure_effect,fitting_good_ML_bad,candidate hypothesis only; no causal mechanism proven,0.0776639407063078,1.3727815018134473,1.2951175611071395,0.0523607580884595,0.7425962122298481,0.6902354541413885,0.0276617093884909,0.739016167803165,0.711354458414674,True,True,True,True,150.0,A,ML much worse than fitting; observed high ZT; ZT_ML false negative; missing additive info and ML bad; missing structure info and ML bad; missing sintering info for high-ZT/error sample; manual review not checked,True,True,True,True,True,unknown,no,no,downstream_all_samples,not_unbiased_evaluation,https://doi.org/10.1021/acsenergylett.8b00137
10.1021_am303145v__sample_5951,90,A,observed ZT >= threshold; fitting predicted ZT >= threshold; low thermal conductivity; high observed electrical conductivity; high ML predicted electrical conductivity; low kappa and high sigma; balanced recommended candidate,downstream ML prediction is not unbiased evaluation; toxicity attention element detected; rare metal attention element detected; structure unknown; additive unknown; sintering unknown; ML much worse than fitting,10.1021/am303145v,,5951,Bi0.5Sb1.5Te3C0.05,unknown,p,p,,,,,1.058793,0.290169337263461,1.1624413040585535,1.0497492808694855,1.058793,0.4426861188018812,1.1624413040585535,1.0497492808694855,1.058793,0.290169337263461,1.1624413040585535,1.0497492808694855,303687.0,163817.4,88484.33365454753,64365.51598142574,1.79227,1.887523,0.0001758536,0.0001645438,1.058793,0.4426861188018812,1.0497492808694855,299.513,549.269,249.75600000000003,11,True,False,True,True,True,True,True,Bi;C;Sb;Te,True,Bi;Sb;Te,True,Sb;Te,True,False,False,False,True,True,True,False,,True,True,,,,,,,,,no,,,no,unknown,ML_much_worse,tau_eff_ML_prediction_error,missing_additive_or_structure_annotation; possible_sintering_or_microstructure_effect,fitting_good_ML_bad,candidate hypothesis only; no causal mechanism proven,0.2199340128285223,1.4051319554311537,1.1851979426026311,0.1946831899153056,0.7442058228948681,0.5495226329795625,0.1900015453575173,0.7462988636861188,0.5562973183286014,True,True,True,True,150.0,A,ML much worse than fitting; observed high ZT; ZT_ML false negative; missing additive info and ML bad; missing structure info and ML bad; missing sintering info for high-ZT/error sample; manual review not checked,True,True,True,True,True,unknown,no,no,downstream_all_samples,not_unbiased_evaluation,https://doi.org/10.1021/am303145v
10.1016_j.matlet.2021.130180__sample_45721,90,A,observed ZT >= threshold; ML predicted ZT >= threshold; low thermal conductivity; rare metal attention elements not detected; toxicity attention elements not detected; balanced recommended candidate,downstream ML prediction is not unbiased evaluation; structure unknown; additive unknown; sintering unknown; ML much worse than fitting,10.1016/j.matlet.2021.130180,,45721,Na0.98CoO2,unknown,p,p,"estimated from Seebeck sign: positive=29, negative=0, zero=0, positive_ratio=1.000, negative_ratio=0.000",p,"estimated from Seebeck sign: positive=29, negative=0, zero=0, positive_ratio=1.000, negative_ratio=0.000",high,1.131547,2.0091810987446097,0.8881592361201934,0.7991013083403107,1.131547,0.4434031501513674,0.8881592361201934,0.7991013083403107,1.131547,2.0091810987446097,0.8881592361201934,0.7991013083403107,8757.72,7690.067,6701.607876779346,4218.240957661004,0.946866,0.9570352,0.0003276243,0.00018812155,1.131547,0.4434031501513674,0.7991013083403107,312.629,1044.858,732.2289999999999,34,True,True,False,True,False,False,False,Co;Na;O,False,,False,,False,True,True,False,True,True,True,False,unknown,False,False,unknown,auto_step9,unknown,unknown,auto_step9,unknown,unknown,,no,unknown,unknown,no,not_checked,ML_much_worse,missing_additive_or_structure_annotation,possible_sintering_or_microstructure_effect,both_poor,candidate hypothesis only; no causal mechanism proven,0.3308172702642155,0.8808161641243558,0.5499988938601403,0.1666522881067941,1.6391840908067865,1.472531802699992,0.2150929337268417,0.7756055194743211,0.5605125857474793,True,True,True,True,120.0,A,ML much worse than fitting; observed high ZT; missing additive info and ML bad; missing structure info and ML bad; missing sintering info for high-ZT/error sample; manual review not checked,True,True,True,True,True,unknown,no,no,downstream_all_samples,not_unbiased_evaluation,https://doi.org/10.1016/j.matlet.2021.130180
10.1021_jacs.6b09568__sample_44731,90,A,ML predicted ZT >= threshold; fitting predicted ZT >= threshold; low thermal conductivity; high observed electrical conductivity; high ML predicted electrical conductivity; low kappa and high sigma; balanced recommended candidate,downstream ML prediction is not unbiased evaluation; toxicity attention element detected; rare metal attention element detected; structure unknown; additive unknown; sintering unknown,10.1021/jacs.6b09568,,44731,K2Bi8Se13,unknown,n,n,,,,,0.8735056,2.066039622521543,1.2002342136066038,0.9325671178751154,0.8735056,2.104793605169002,1.2002342136066038,0.9325671178751154,0.8735056,2.066039622521543,1.2002342136066038,0.9325671178751154,14678.15,6492.394,18911.5283174744,11779.025744872306,0.2846531,0.3445095,0.000266575,0.0002343879,0.8735056,2.104793605169002,0.9325671178751154,303.496,872.727,569.231,13,False,True,True,True,True,True,True,Bi;K;Se,False,Bi;Se,True,Se,True,False,False,False,True,True,True,False,,True,True,,,,,,,,,no,,,no,unknown,ML_much_worse,missing_additive_or_structure_annotation,possible_sintering_or_microstructure_effect,both_poor,candidate hypothesis only; no causal mechanism proven,0.3018872945038499,0.6213789769661876,0.3194916824623377,0.2818814626539896,0.8000492999001938,0.5181678372462042,0.3085984301069164,0.8599830755182422,0.5513846454113257,True,True,True,True,115.0,A,ML much worse than fitting; ZT_ML false positive; missing additive info and ML bad; missing structure info and ML bad; missing sintering info for high-ZT/error sample; manual review not checked,True,True,True,True,True,unknown,no,no,downstream_all_samples,not_unbiased_evaluation,https://doi.org/10.1021/jacs.6b09568
