sample_key,material_system,n_or_p,composition,DOI,target_log_tau_eff_step18,pred_log_tau_eff_step19,residual_log_tau_eff_step19,abs_error_log_tau_eff_step19,target_tau_eff_step18,pred_tau_eff_step19,tau_eff_ratio_pred_true_step19,target_quality_step18,sigma_fit_log_rmse_step12,validation_sigma_log_rmse_step13,zt_obs_max_step14,zt_pred_max_step14,manual_review_status_step17,paper_checked_step17,residual_category_step19,residual_note_step19,additive_final_step17,structure_final_step17,manual_review_status_step17__rec,tau_eff_ml_problem_reason_step19,needs_manual_review_for_ml_step19
10.1016_j.actamat.2008.12.039__sample_10165,unknown,p,Ru0.24Re0.73Si1.67,10.1016/j.actamat.2008.12.039,-12.991152210399155,2.880874564216054,15.87202677461521,15.87202677461521,2.2804170606251843e-06,17.82985972019195,7818683.708366851,low,0.1924954836386312,,,,unknown,no,large_over_prediction,selected model primary split test residual,unknown,unknown,unknown,large tau_eff overprediction; low target quality; manual annotation missing; possible material-system outlier; possibly missing additive/structure feature,True
10.1016_j.actamat.2008.12.039__sample_10221,unknown,p,Ru0.24Re0.73Si1.6032Al0.0668,10.1016/j.actamat.2008.12.039,-12.81486925346839,2.7815978730935176,15.596467126561906,15.596467126561906,2.720025633912092e-06,16.144797686388152,5935531.446873832,low,0.1705036668402237,,,,unknown,no,large_over_prediction,selected model primary split test residual,unknown,unknown,unknown,large tau_eff overprediction; low target quality; manual annotation missing; possible material-system outlier; possibly missing additive/structure feature,True
10.1016_j.actamat.2008.12.039__sample_10220,unknown,p,Ru0.24Re0.73Si1.5364Al0.1336,10.1016/j.actamat.2008.12.039,-12.628415092779209,2.7815978730935176,15.410012965872726,15.410012965872726,3.2775476176008426e-06,16.144797686388152,4925877.384569048,low,0.1847919258426769,,,,unknown,no,large_over_prediction,selected model primary split test residual,unknown,unknown,unknown,large tau_eff overprediction; low target quality; manual annotation missing; possible material-system outlier; possibly missing additive/structure feature,True
10.1103_physrevb.82.104420__sample_2864,unknown,n,Co2Mn0.8Ti0.2Sn,10.1103/physrevb.82.104420,2.1293711284221843,-11.062829703506422,-13.192200831928606,13.192200831928606,8.409576604476058,1.5684623765519004e-05,1.865090777242073e-06,medium,0.1376452209007468,0.3097542688811073,,,unknown,no,large_under_prediction,selected model primary split test residual,unknown,unknown,unknown,large tau_eff underprediction; manual annotation missing; possible material-system outlier; possibly missing additive/structure feature,True
10.1063_1.5095247__sample_46402,unknown,p,Ca3SiO,10.1063/1.5095247,-11.841036187512705,0.806415768469036,12.64745195598174,12.64745195598174,7.202832636957291e-06,2.2398653858736957,310970.07229920686,medium,0.3244996681326071,0.4254400033599566,,,unknown,no,large_over_prediction,selected model primary split test residual,unknown,unknown,unknown,large tau_eff overprediction; manual annotation missing; possible material-system outlier; possibly missing additive/structure feature,True
10.1103_physrevb.82.104420__sample_2866,unknown,n,Co2Mn0.4Ti0.6Sn,10.1103/physrevb.82.104420,1.312809965328961,-11.062829703506422,-12.375639668835383,12.375639668835383,3.716602577357249,1.5684623765519004e-05,4.220150914460112e-06,medium,0.143588997441039,0.3116348418318126,,,unknown,no,large_under_prediction,selected model primary split test residual,unknown,unknown,unknown,large tau_eff underprediction; manual annotation missing; possible material-system outlier; possibly missing additive/structure feature,True
10.1103_physrevb.92.125106__sample_46405,unknown,p,(Ca2CoO2.94)0.62(CoO2),10.1103/physrevb.92.125106,-12.420302928369363,-0.08388682616570103,12.336416102203662,12.336416102203662,4.035812439748182e-06,0.9195353175441568,227843.91774200788,medium,0.4349306778680181,0.1394065700275811,,,unknown,no,large_over_prediction,selected model primary split test residual,unknown,unknown,unknown,large tau_eff overprediction; manual annotation missing; possible material-system outlier; possibly missing additive/structure feature,True
10.1103_physrevb.82.104420__sample_2865,unknown,n,Co2Mn0.6Ti0.4Sn,10.1103/physrevb.82.104420,1.14394240203789,-11.062829703506422,-12.206772105544312,12.206772105544312,3.139119674076196,1.5684623765519004e-05,4.996503922754966e-06,medium,0.0674440766900852,0.0968502067163305,,,unknown,no,large_under_prediction,selected model primary split test residual,unknown,unknown,unknown,large tau_eff underprediction; manual annotation missing; possible material-system outlier; possibly missing additive/structure feature,True
10.1016_j.actamat.2010.04.028__sample_10267,unknown,p,Zr30.1Ni25.6Co13.9Sn30.4,10.1016/j.actamat.2010.04.028,0.7233871634292577,-11.062829703506422,-11.78621686693568,11.78621686693568,2.0614037101289977,1.5684623765519004e-05,7.608710360057273e-06,low,0.4747073508434627,0.959831829523121,,,unknown,no,large_under_prediction,selected model primary split test residual,unknown,unknown,unknown,large tau_eff underprediction; low target quality; manual annotation missing; possible material-system outlier; possibly missing additive/structure feature,True
10.1021_acs.chemmater.5b03365__sample_6724,unknown,p,La1.197S1.197NbS2,10.1021/acs.chemmater.5b03365,1.3190548682574612,-10.281494881638993,-11.600549749896455,11.600549749896455,3.739885022315416,3.426127392797242e-05,9.161050065320131e-06,medium,0.2339552053285194,0.1457662115772196,,,unknown,no,large_under_prediction,selected model primary split test residual,unknown,unknown,unknown,large tau_eff underprediction; manual annotation missing; possible material-system outlier; possibly missing additive/structure feature,True
10.1021_acs.chemmater.5b03365__sample_6720,unknown,p,La1.083S1.083NbS2,10.1021/acs.chemmater.5b03365,1.1402738197558937,-10.281494881638993,-11.421768701394887,11.421768701394887,3.1276246533656065,3.426127392797242e-05,1.0954407170024124e-05,medium,0.2164077543686178,0.1330908598607068,,,unknown,no,large_under_prediction,selected model primary split test residual,unknown,unknown,unknown,large tau_eff underprediction; manual annotation missing; possible material-system outlier; possibly missing additive/structure feature,True
10.1021_acs.chemmater.5b03365__sample_6722,unknown,p,La1.14S1.14NbS2,10.1021/acs.chemmater.5b03365,0.98931631869498,-10.281494881638993,-11.270811200333974,11.270811200333974,2.6893951544783574,3.426127392797242e-05,1.2739397507622055e-05,medium,0.2031206866560355,0.1150079941342202,,,unknown,no,large_under_prediction,selected model primary split test residual,unknown,unknown,unknown,large tau_eff underprediction; manual annotation missing; possible material-system outlier; possibly missing additive/structure feature,True
10.1103_physrevb.82.104420__sample_2868,unknown,n,Co2Mn0.2Ti0.8Sn,10.1103/physrevb.82.104420,-0.0630624012703978,-11.062829703506422,-10.999767302236023,10.999767302236023,0.93888488425159,1.5684623765519004e-05,1.6705587690893153e-05,medium,0.1339032994529583,0.2948982388433597,,,unknown,no,large_under_prediction,selected model primary split test residual,unknown,unknown,unknown,large tau_eff underprediction; manual annotation missing; possible material-system outlier; possibly missing additive/structure feature,True
10.1021_acs.chemmater.5b03365__sample_6721,unknown,p,La1.083S1.083NbS2,10.1021/acs.chemmater.5b03365,0.5392525645326923,-10.281494881638993,-10.820747446171685,10.820747446171685,1.7147247370065233,3.426127392797242e-05,1.998062615448352e-05,medium,0.186284861870945,0.1296867357649218,,,unknown,no,large_under_prediction,selected model primary split test residual,unknown,unknown,unknown,large tau_eff underprediction; manual annotation missing; possible material-system outlier; possibly missing additive/structure feature,True
10.1021_acs.chemmater.5b03365__sample_6723,unknown,p,La1.14S1.14NbS2,10.1021/acs.chemmater.5b03365,0.5375579541468676,-10.281494881638993,-10.819052835785861,10.819052835785861,1.7118214073594402,3.426127392797242e-05,2.0014514236518363e-05,medium,0.1796239827633228,0.1458193457921549,,,unknown,no,large_under_prediction,selected model primary split test residual,unknown,unknown,unknown,large tau_eff underprediction; manual annotation missing; possible material-system outlier; possibly missing additive/structure feature,True
10.1016_j.actamat.2021.117231__sample_46281,unknown,n,Ag4.08TeS,10.1016/j.actamat.2021.117231,-11.362854671621625,-0.7046971165062417,10.658157555115382,10.658157555115382,1.1619164957762985e-05,0.4942582542540644,42538.19065748275,medium,0.0726715573803478,0.069650212176971,0.6100574,9.001353280934348e-06,unknown,no,large_over_prediction,selected model primary split test residual,unknown,unknown,unknown,large tau_eff overprediction; manual annotation missing; possible material-system outlier; possibly missing additive/structure feature,True
10.1021_acs.chemmater.5b03365__sample_6725,unknown,p,La1.197S1.197NbS2,10.1021/acs.chemmater.5b03365,0.1189025299643819,-10.281494881638993,-10.400397411603375,10.400397411603375,1.1262601363226112,3.426127392797242e-05,3.042039118941031e-05,medium,0.1924612302438259,0.130144898820887,,,unknown,no,large_under_prediction,selected model primary split test residual,unknown,unknown,unknown,large tau_eff underprediction; manual annotation missing; possible material-system outlier; possibly missing additive/structure feature,True
10.1063_1.3409112__sample_46878,unknown,p,NaCo2O4,10.1063/1.3409112,7.638854431140685,-2.7522615136781483,-10.391115944818834,10.391115944818834,2077.362690951834,0.06378345082874458,3.0704051394857496e-05,low,0.4796058590404716,0.8882806814849947,,,unknown,no,large_under_prediction,selected model primary split test residual,unknown,unknown,unknown,large tau_eff underprediction; low target quality; manual annotation missing; possible material-system outlier; possibly missing additive/structure feature,True
10.1016_j.jallcom.2021.160387__sample_46146,unknown,p,Cu3VSe4,10.1016/j.jallcom.2021.160387,-10.719068070622216,-1.177131232180703,9.541936838441513,9.541936838441513,2.2119122089838828e-05,0.30816151559367305,13931.905359627159,low,0.3295711914213749,,0.0001221188,2.1469956911469616e-06,unknown,no,large_over_prediction,selected model primary split test residual,unknown,unknown,unknown,large tau_eff overprediction; low target quality; manual annotation missing; possible material-system outlier; possibly missing additive/structure feature,True
10.1063_1.3643051__sample_1446,unknown,p,Bi0.4Sb1.6Te3,10.1063/1.3643051,-9.429412957388308,6.011428478179339e-05,9.42947307167309,9.42947307167309,8.03263410831801e-05,1.0000601160916816,12449.964763813807,medium,0.0888249450942161,0.1209538486366336,0.9840547,,unknown,no,large_over_prediction,selected model primary split test residual,unknown,unknown,unknown,large tau_eff overprediction; manual annotation missing; possible material-system outlier; possibly missing additive/structure feature,True
10.1039_c4dt01734j__sample_8295,unknown,n,Mg1.94Zn0.06Si0.5Sn0.49Sb0.01,10.1039/c4dt01734j,-8.656019198990714,0.6862288606887916,9.342248059679505,9.342248059679505,0.0001740758909433,1.9862111132206484,11410.029857997952,medium,0.1830123135765067,0.4060933700308699,0.8679286,2.4964800546287247e-05,unknown,no,large_over_prediction,selected model primary split test residual,unknown,unknown,unknown,large tau_eff overprediction; manual annotation missing; possible material-system outlier; possibly missing additive/structure feature,True
10.1039_c4dt01734j__sample_8292,unknown,n,Mg2Si0.5Sn0.49Sb0.01,10.1039/c4dt01734j,-9.26524328688112,0.07416918251937359,9.339412469400493,9.339412469400493,9.465770420147484e-05,1.076988997795894,11377.72151650297,medium,0.1126996495126199,0.1155884536466615,0.7779054,,unknown,no,large_over_prediction,selected model primary split test residual,unknown,unknown,unknown,large tau_eff overprediction; manual annotation missing; possible material-system outlier; possibly missing additive/structure feature,True
10.1039_c4dt01734j__sample_8293,unknown,n,Mg1.99Zn0.01Si0.5Sn0.49Sb0.01,10.1039/c4dt01734j,-8.587316928722519,0.6862288606887916,9.27354578941131,9.27354578941131,0.0001864556910287,1.9862111132206484,10652.456367850542,medium,0.1577849868697617,0.3310929656779982,0.9028925,2.241816705107812e-05,unknown,no,large_over_prediction,selected model primary split test residual,unknown,unknown,unknown,large tau_eff overprediction; manual annotation missing; possible material-system outlier; possibly missing additive/structure feature,True
10.1039_c4dt01734j__sample_8294,unknown,n,Mg1.98Zn0.02Si0.5Sn0.49Sb0.01,10.1039/c4dt01734j,-8.586709034453566,0.6862288606887916,9.272937895142357,9.272937895142357,0.0001865690708327,1.9862111132206484,10645.982768503582,medium,0.1469583546742974,0.2910522477862888,1.002307,7.520569835691338e-05,unknown,no,large_over_prediction,selected model primary split test residual,unknown,unknown,unknown,large tau_eff overprediction; manual annotation missing; possible material-system outlier; possibly missing additive/structure feature,True
10.1063_1.3643051__sample_1447,unknown,p,Bi0.4Sb1.6Te3,10.1063/1.3643051,-9.11620737338728,6.011428478179339e-05,9.116267487672062,9.116267487672062,0.0001098705862529,1.0000601160916816,9102.164193333276,medium,0.0910545931997622,0.1230803037819847,1.025057,7.207326142767771e-05,not_checked,no,large_over_prediction,selected model primary split test residual,unknown,unknown,not_checked,large tau_eff overprediction; manual annotation missing; possible material-system outlier; possibly missing additive/structure feature,True
10.1063_1.3643051__sample_1448,unknown,p,Bi2Te2.1Se0.9,10.1063/1.3643051,-9.862363086857776,-0.8895639046882848,8.972799182169492,8.972799182169492,5.20990894222453e-05,0.41083487685560166,7885.644094965374,medium,0.0484053396363254,0.0785461266642641,0.4897494,4.503168374935712e-05,unknown,no,large_over_prediction,selected model primary split test residual,unknown,unknown,unknown,large tau_eff overprediction; manual annotation missing; possible material-system outlier; possibly missing additive/structure feature,True
10.1016_j.matchemphys.2014.03.034__sample_7450,unknown,n,CuIn0.90Fe0.10S2,10.1016/j.matchemphys.2014.03.034,-10.303359068997135,-1.3912153077037945,8.912143761293342,8.912143761293342,3.352030883302384e-05,0.24877278535935984,7421.554097206635,medium,0.4727580936023212,0.7873791879818706,1.199111e-06,,unknown,no,large_over_prediction,selected model primary split test residual,unknown,unknown,unknown,large tau_eff overprediction; manual annotation missing; possible material-system outlier; possibly missing additive/structure feature,True
10.1016_j.ceramint.2011.06.068__sample_21667,unknown,n,(ZnO)4.0In2O3,10.1016/j.ceramint.2011.06.068,-9.606684261051416,-0.7207544317071167,8.885929829344299,8.885929829344299,6.727752960773168e-05,0.48638517311144586,7229.533782636832,medium,0.327882015247649,0.3580528140404081,,,unknown,no,large_over_prediction,selected model primary split test residual,unknown,unknown,unknown,large tau_eff overprediction; manual annotation missing; possible material-system outlier; possibly missing additive/structure feature,True
10.15541_jim20140335__sample_16096,unknown,p,C,10.15541/jim20140335,0.1140473316261288,-8.723757787156003,-8.837805118782132,8.837805118782132,1.1208051731601318,0.00016267474385657513,0.0001451409645067131,low,0.3089809532347593,,0.0006940899,0.0004943047558742,unknown,no,large_under_prediction,selected model primary split test residual,unknown,unknown,unknown,large tau_eff underprediction; low target quality; manual annotation missing; possible material-system outlier; possibly missing additive/structure feature,True
10.1063_1.3643051__sample_1449,unknown,p,Bi2Te2.1Se0.9,10.1063/1.3643051,-9.3421762756962,-0.8895639046882848,8.452612371007916,8.452612371007916,8.76484811176184e-05,0.41083487685560166,4687.301726361792,medium,0.0361987511664095,0.0270409161066154,0.5512528,,unknown,no,large_over_prediction,selected model primary split test residual,unknown,unknown,unknown,large tau_eff overprediction; manual annotation missing; possible material-system outlier; possibly missing additive/structure feature,True
10.15541_jim20140335__sample_16095,unknown,p,C,10.15541/jim20140335,-0.4730711018951717,-8.723757787156003,-8.250686685260831,8.250686685260831,0.623085767023732,0.00016267474385657513,0.0002610792164834977,low,0.2974459888469561,,0.0006811943,0.0003644553718543,unknown,no,large_under_prediction,selected model primary split test residual,unknown,unknown,unknown,large tau_eff underprediction; low target quality; manual annotation missing; possible material-system outlier; possibly missing additive/structure feature,True
10.1063_1.4790190__sample_16101,unknown,n,C,10.1063/1.4790190,0.7207883077743501,-7.4958692710579875,-8.216657578832338,8.216657578832338,2.0560533748258303,0.000555373736884424,0.00027011640051974333,low,0.0823098814991948,,0.001486722,0.0016486551762514,unknown,no,large_under_prediction,selected model primary split test residual,unknown,unknown,unknown,large tau_eff underprediction; low target quality; manual annotation missing; possible material-system outlier; possibly missing additive/structure feature,True
10.15541_jim20140335__sample_16094,unknown,p,C,10.15541/jim20140335,-0.6146034910196067,-8.723757787156003,-8.109154296136397,8.109154296136397,0.5408553067847032,0.00016267474385657513,0.0003007731306615997,low,0.301194791202692,,0.000404651,0.000296812237096,unknown,no,large_under_prediction,selected model primary split test residual,unknown,unknown,unknown,large tau_eff underprediction; low target quality; manual annotation missing; possible material-system outlier; possibly missing additive/structure feature,True
10.15541_jim20140335__sample_16093,unknown,p,C,10.15541/jim20140335,-1.0888244021270197,-8.723757787156003,-7.634933385028984,7.634933385028984,0.3366119815233658,0.00016267474385657513,0.00048327080670265184,low,0.3056331476596325,,0.0001752153,0.0001268400603409,unknown,no,large_under_prediction,selected model primary split test residual,unknown,unknown,unknown,large tau_eff underprediction; low target quality; manual annotation missing; possible material-system outlier; possibly missing additive/structure feature,True
10.4028_www.scientific.net_amr.415-417.47__sample_30760,unknown,n,Mg2Si0.8Sn0.2,10.4028/www.scientific.net/amr.415-417.47,7.267825374596887,-0.1344920254142135,-7.402317400011101,7.402317400011101,1433.4298881881325,0.8741598499114908,0.0006098378840254518,medium,0.0842882789807655,0.0968125228119549,0.2032442,671.5030535703972,unknown,no,large_under_prediction,selected model primary split test residual,unknown,unknown,unknown,large tau_eff underprediction; manual annotation missing; possible material-system outlier; possibly missing additive/structure feature,True
10.1016_j.mtener.2020.100492__sample_36374,unknown,p,Cement with GnP and MnO2,10.1016/j.mtener.2020.100492,-4.607874256954973,2.7539004863069203,7.361774743261893,7.361774743261893,0.0099729958173988,15.703764902401456,1574.628646189223,low,0.0841406899358422,,0.002080317,0.0018623379220567,unknown,no,large_over_prediction,selected model primary split test residual,unknown,unknown,unknown,large tau_eff overprediction; low target quality; manual annotation missing; possible material-system outlier; possibly missing additive/structure feature,True
10.1016_j.matchemphys.2012.11.052__sample_28963,unknown,p,PANi/GNs,10.1016/j.matchemphys.2012.11.052,2.249211582990692,-4.945330880983424,-7.194542463974116,7.194542463974116,9.480258492065357,0.007116559540234034,0.0007506714659932896,low,0.0954319667710807,,0.0006947374,,unknown,no,large_under_prediction,selected model primary split test residual,unknown,unknown,unknown,large tau_eff underprediction; low target quality; manual annotation missing; possible material-system outlier; possibly missing additive/structure feature,True
10.1016_j.matchemphys.2012.11.052__sample_28964,unknown,p,PANi/GNs,10.1016/j.matchemphys.2012.11.052,2.140604843491138,-4.945330880983424,-7.085935724474562,7.085935724474562,8.504580013426425,0.007116559540234034,0.0008367914146258741,low,0.137215105596547,,0.0008736578,0.0754470974685599,unknown,no,large_under_prediction,selected model primary split test residual,unknown,unknown,unknown,large tau_eff underprediction; low target quality; manual annotation missing; possible material-system outlier; possibly missing additive/structure feature,True
10.1063_1.3409112__sample_46879,unknown,p,NaCo1.9Fe0.1O4,10.1063/1.3409112,7.123437859360288,0.1085166035754282,-7.014921255784859,7.014921255784859,1240.7084912700077,1.11462341511865,0.0008983765509476806,medium,0.465343118757317,0.7844897528147231,,,unknown,no,large_under_prediction,selected model primary split test residual,unknown,unknown,unknown,large tau_eff underprediction; manual annotation missing; possible material-system outlier; possibly missing additive/structure feature,True
10.1016_j.jallcom.2016.07.093__sample_22872,unknown,p,Sn0.95Ag0.05CCo3,10.1016/j.jallcom.2016.07.093,2.287831468942779,-4.709944350075864,-6.997775819018644,6.997775819018644,9.853546773929397,0.009005278711569649,0.0009139124132841077,medium,0.2783041347194404,0.5179822197755709,,,unknown,no,large_under_prediction,selected model primary split test residual,unknown,unknown,unknown,large tau_eff underprediction; manual annotation missing; possible material-system outlier; possibly missing additive/structure feature,True
10.1016_j.mtener.2020.100492__sample_36375,unknown,p,Cement with GnP,10.1016/j.mtener.2020.100492,-4.17960578026098,2.7539004863069203,6.9335062665679,6.9335062665679,0.0153045397293065,15.703764902401456,1026.0854086536483,medium,0.0888637911435388,0.1165043602973581,0.0002905181,0.0002866791512297,unknown,no,large_over_prediction,selected model primary split test residual,unknown,unknown,unknown,large tau_eff overprediction; manual annotation missing; possible material-system outlier; possibly missing additive/structure feature,True
10.1016_j.jallcom.2016.07.093__sample_22871,unknown,p,Sn0.9975Ag0.025CCo3,10.1016/j.jallcom.2016.07.093,2.216615039297952,-4.709944350075864,-6.926559389373816,6.926559389373816,9.176217101873064,0.009005278711569649,0.0009813715839102671,medium,0.2794045350293052,0.5212306470518099,,,unknown,no,large_under_prediction,selected model primary split test residual,unknown,unknown,unknown,large tau_eff underprediction; manual annotation missing; possible material-system outlier; possibly missing additive/structure feature,True
10.4028_www.scientific.net_amr.415-417.47__sample_30759,unknown,n,(Mg2Si0.8Sn0.2)98.45(SiO2)1.55,10.4028/www.scientific.net/amr.415-417.47,6.760679654486627,-0.1344920254142135,-6.895171679900841,6.895171679900841,863.2286937133553,0.8741598499114908,0.0010126631057073797,medium,0.2616987391676723,0.129902154475558,0.2474157,,unknown,no,large_under_prediction,selected model primary split test residual,unknown,unknown,unknown,large tau_eff underprediction; manual annotation missing; possible material-system outlier; possibly missing additive/structure feature,True
10.1016_j.jallcom.2016.07.093__sample_22873,unknown,p,Sn0.9Ag0.1CCo3,10.1016/j.jallcom.2016.07.093,2.132333903603636,-4.709944350075864,-6.842278253679501,6.842278253679501,8.434529235591482,0.009005278711569649,0.001067668207677763,medium,0.2716626585460046,0.5048137085965584,,,unknown,no,large_under_prediction,selected model primary split test residual,unknown,unknown,unknown,large tau_eff underprediction; manual annotation missing; possible material-system outlier; possibly missing additive/structure feature,True
10.1016_j.jallcom.2016.07.093__sample_22874,unknown,p,Sn0.85Ag0.15CCo3,10.1016/j.jallcom.2016.07.093,1.987419136204441,-4.709944350075864,-6.697363486280306,6.697363486280306,7.296677708996353,0.009005278711569649,0.00123416150071514,medium,0.3225469159869499,0.6559866119698209,,,unknown,no,large_under_prediction,selected model primary split test residual,unknown,unknown,unknown,large tau_eff underprediction; manual annotation missing; possible material-system outlier; possibly missing additive/structure feature,True
10.1007_bf00661543__sample_17664,unknown,p,Pd99.999Ru0.001,10.1007/bf00661543,8.031928296458469,1.5007531994885266,-6.5311750969699425,6.5311750969699425,3077.6706164048774,4.485065947825132,0.0014572923833754102,medium,0.0001243942632574,8.286256173184869e-05,,,unknown,no,large_under_prediction,selected model primary split test residual,unknown,unknown,unknown,large tau_eff underprediction; manual annotation missing; possible material-system outlier; possibly missing additive/structure feature,True
10.1016_j.jmat.2016.09.001__sample_31732,unknown,p,Ge0.97Ag0.03Se,10.1016/j.jmat.2016.09.001,-4.741591553172731,1.7755359606827505,6.517127513855482,6.517127513855482,0.0087247492272188,5.903444302615923,676.6319751860389,low,0.9036408085380156,0.3759686588562078,,,unknown,no,large_over_prediction,selected model primary split test residual,unknown,unknown,unknown,large tau_eff overprediction; low target quality; manual annotation missing; possible material-system outlier; possibly missing additive/structure feature,True
10.1039_c5nj02113h__sample_2736,unknown,p,PbTe NCs,10.1039/c5nj02113h,-6.013572684442178,0.3930518112463167,6.4066244956884955,6.4066244956884955,0.0024453361411984,1.48149514545073,605.8451926059887,low,0.6101154508753773,,0.01691236,0.0115173762328096,unknown,no,large_over_prediction,selected model primary split test residual,unknown,unknown,unknown,large tau_eff overprediction; low target quality; manual annotation missing; possible material-system outlier; possibly missing additive/structure feature,True
10.1063_1.1735807__sample_17224,unknown,n,Be98.7(BeO)1.2Al0.056Si0.035Ni0.016Mn0.010,10.1063/1.1735807,7.493081365406592,1.1183132318973446,-6.374768133509248,6.374768133509248,1795.576403275521,3.0596888625742764,0.0017040148539448057,low,0.3778777507804408,0.837735677873207,,,unknown,no,large_under_prediction,selected model primary split test residual,unknown,unknown,unknown,large tau_eff underprediction; low target quality; manual annotation missing; possible material-system outlier; possibly missing additive/structure feature,True
10.1021_am4059167__sample_30708,unknown,p,C,10.1021/am4059167,-2.35160167150654,-8.723757787156003,-6.372156115649464,6.372156115649464,0.09521653440826,0.00016267474385657513,0.0017084715891787713,low,0.0801122121165903,,,,unknown,no,large_under_prediction,selected model primary split test residual,unknown,unknown,unknown,large tau_eff underprediction; low target quality; manual annotation missing; possible material-system outlier; possibly missing additive/structure feature,True
10.1063_1.1629393__sample_25589,unknown,p,La0.95Sr0.05Ni0.2Co0.8O3,10.1063/1.1629393,0.0966727623617236,-6.21413376723766,-6.310806529599384,6.310806529599384,1.10149986242427,0.0020009488873947126,0.0018165675327374644,medium,0.5688364243202462,0.6965442672894071,,,unknown,no,large_under_prediction,selected model primary split test residual,unknown,unknown,unknown,large tau_eff underprediction; manual annotation missing; possible material-system outlier; possibly missing additive/structure feature,True
10.1063_1.1735807__sample_17225,unknown,n,Be98.7(BeO)1.18Al0.044Ni0.014Mn0.009,10.1063/1.1735807,7.024258526479963,0.7626188202537131,-6.2616397062262505,6.2616397062262505,1123.5611592237017,2.1438833203598717,0.0019081144829188807,medium,0.3426281606476041,0.7502043841347813,,,unknown,no,large_under_prediction,selected model primary split test residual,unknown,unknown,unknown,large tau_eff underprediction; manual annotation missing; possible material-system outlier; possibly missing additive/structure feature,True
10.1016_j.jmat.2016.09.001__sample_31735,unknown,p,Ge0.995Ag0.005Se,10.1016/j.jmat.2016.09.001,-4.481189905961838,1.7755359606827505,6.256725866644588,6.256725866644588,0.0113199354789602,5.903444302615923,521.5086529060488,medium,0.5732702207287992,0.2168698089253901,,,unknown,no,large_over_prediction,selected model primary split test residual,unknown,unknown,unknown,large tau_eff overprediction; manual annotation missing; possible material-system outlier; possibly missing additive/structure feature,True
10.1016_j.jmat.2016.09.001__sample_31736,unknown,p,Ge0.998Ag0.002Se,10.1016/j.jmat.2016.09.001,-4.47473939790837,1.7755359606827505,6.250275358591121,6.250275358591121,0.0113931908270313,5.903444302615923,518.1554835902078,medium,0.4972434836334912,0.2403487430365948,,,unknown,no,large_over_prediction,selected model primary split test residual,unknown,unknown,unknown,large tau_eff overprediction; manual annotation missing; possible material-system outlier; possibly missing additive/structure feature,True
10.1016_j.jmat.2016.09.001__sample_31734,unknown,p,Ge0.99Ag0.01Se,10.1016/j.jmat.2016.09.001,-4.453502927069166,1.7755359606827505,6.2290388877519165,6.2290388877519165,0.0116377293693529,5.903444302615923,507.2677079226646,medium,0.6851034655208663,0.1983054686337565,,,unknown,no,large_over_prediction,selected model primary split test residual,unknown,unknown,unknown,large tau_eff overprediction; manual annotation missing; possible material-system outlier; possibly missing additive/structure feature,True
10.1109_jictee.2014.6804067__sample_23514,unknown,p,CuBO2,10.1109/jictee.2014.6804067,-10.186986168762523,-4.003854611491455,6.183131557271068,6.183131557271068,3.765720821601787e-05,0.018245175109093743,484.5068440663898,low,0.8696727006584566,,,,unknown,no,large_over_prediction,selected model primary split test residual,unknown,unknown,unknown,large tau_eff overprediction; low target quality; manual annotation missing; possible material-system outlier; possibly missing additive/structure feature,True
10.1063_1.3409112__sample_46880,unknown,p,NaCo1.6Fe0.4O4,10.1063/1.3409112,6.1862520719685685,0.1085166035754282,-6.07773546839314,6.07773546839314,486.0211162198105,1.11462341511865,0.002293364172709205,medium,0.3640770744541917,0.6472056734564151,,,unknown,no,large_under_prediction,selected model primary split test residual,unknown,unknown,unknown,large tau_eff underprediction; manual annotation missing; possible material-system outlier; possibly missing additive/structure feature,True
10.1016_j.solidstatesciences.2010.05.005__sample_28112,unknown,n,La0.08Sr0.92TiO3,10.1016/j.solidstatesciences.2010.05.005,-7.004874485489355,-0.9473536741194224,6.057520811369933,6.057520811369933,0.0009074478259996,0.3877658216108331,427.3147287379187,low,0.6879268577473112,0.951335101177932,0.0005296682,0.0002558867588772,unknown,no,large_over_prediction,selected model primary split test residual,unknown,unknown,unknown,large tau_eff overprediction; low target quality; manual annotation missing; possible material-system outlier; possibly missing additive/structure feature,True
10.1039_c5ra21404a__sample_82697,unknown,n,NiCoSb,10.1039/c5ra21404a,1.1812212639362225,-4.8432815826152815,-6.0245028465515045,6.0245028465515045,3.25835108065304,0.007881148928627445,0.002418753760275551,medium,0.469129734202294,0.3548059324294376,0.4106,0.1608363775535148,unknown,no,large_under_prediction,selected model primary split test residual,unknown,unknown,unknown,large tau_eff underprediction; manual annotation missing; possible material-system outlier; possibly missing additive/structure feature,True
10.1039_c5nj02113h__sample_2735,unknown,p,PbTe NCs,10.1039/c5nj02113h,-5.579445088654637,0.3930518112463167,5.972496899900954,5.972496899900954,0.0037746595391437,1.48149514545073,392.48444265964565,low,0.700949002219116,,0.009878681,0.0255803902508763,unknown,no,large_over_prediction,selected model primary split test residual,unknown,unknown,unknown,large tau_eff overprediction; low target quality; manual annotation missing; possible material-system outlier; possibly missing additive/structure feature,True
10.7567_jjap.54.021801__sample_7827,unknown,p,Cu2.7SnS4,10.7567/jjap.54.021801,1.7139237744021314,-4.234553908442575,-5.948477682844707,5.948477682844707,5.550698492823591,0.014486270959780579,0.0026098104551183325,medium,0.1532922697771541,0.2745241628970906,,,unknown,no,large_under_prediction,selected model primary split test residual,unknown,unknown,unknown,large tau_eff underprediction; manual annotation missing; possible material-system outlier; possibly missing additive/structure feature,True
10.1016_0921-4526_94_00420-z__sample_18297,unknown,n,CeNi2Al5,10.1016/0921-4526(94)00420-z,5.427938797453671,-0.49340426031398027,-5.921343057767651,5.921343057767651,227.6794679379912,0.61054440029866,0.0026815962187022612,low,0.4937925858666142,0.9257390668808116,,,unknown,no,large_under_prediction,selected model primary split test residual,unknown,unknown,unknown,large tau_eff underprediction; low target quality; manual annotation missing; possible material-system outlier; possibly missing additive/structure feature,True
10.3762_bjnano.4.52__sample_11147,unknown,n,Re3As6.70In0.30,10.3762/bjnano.4.52,-5.410528048669615,0.4905444767682401,5.901072525437855,5.901072525437855,0.0044692795909998,1.6332052202135976,365.42918986373854,low,0.1368973228813934,,0.0009098361,0.000905099609308,unknown,no,large_over_prediction,selected model primary split test residual,unknown,unknown,unknown,large tau_eff overprediction; low target quality; manual annotation missing; possible material-system outlier; possibly missing additive/structure feature,True
10.1016_j.matdes.2018.08.001__sample_41526,unknown,p,Ge0.75Pb0.2Sm0.03Te0.9Se0.1,10.1016/j.matdes.2018.08.001,1.452316828114272,-4.415521077154314,-5.867837905268586,5.867837905268586,4.273002869117001,0.012088253570911615,0.0028289832563135175,low,0.2575200556529843,,,,unknown,no,large_under_prediction,selected model primary split test residual,unknown,unknown,unknown,large tau_eff underprediction; low target quality; manual annotation missing; possible material-system outlier; possibly missing additive/structure feature,True
10.1063_1.3409112__sample_46881,unknown,p,NaCo1.4Fe0.6O4,10.1063/1.3409112,5.948222538070986,0.1085166035754282,-5.839705934495558,5.839705934495558,383.07183796135473,1.11462341511865,0.002909698141869401,medium,0.3803302753836451,0.6704444449895104,,,unknown,no,large_under_prediction,selected model primary split test residual,unknown,unknown,unknown,large tau_eff underprediction; manual annotation missing; possible material-system outlier; possibly missing additive/structure feature,True
10.1016_j.jallcom.2020.157788__sample_40193,unknown,n,(PbS)(Pb0.067Cl0.134),10.1016/j.jallcom.2020.157788,-6.298153979673565,-0.6448916505129931,5.6532623291605715,5.6532623291605715,0.0018396977637705,0.5247193921036603,285.2204326368461,medium,0.5555637968359382,0.398579794918664,0.6915557,0.0055291070168927,unknown,no,large_over_prediction,selected model primary split test residual,unknown,unknown,unknown,large tau_eff overprediction; manual annotation missing; possible material-system outlier; possibly missing additive/structure feature,True
10.1016_j.jmat.2016.09.001__sample_31733,unknown,p,Ge0.985Ag0.015Te,10.1016/j.jmat.2016.09.001,-4.256614868943707,1.3893135518179214,5.645928420761629,5.645928420761629,0.0141701892605427,4.01209501217857,283.13630385660156,medium,0.5223540405352629,0.1058016720885212,,,unknown,no,large_over_prediction,selected model primary split test residual,unknown,unknown,unknown,large tau_eff overprediction; manual annotation missing; possible material-system outlier; possibly missing additive/structure feature,True
10.1016_0921-4526_94_00420-z__sample_18296,unknown,n,CeNi2Al5,10.1016/0921-4526(94)00420-z,5.145368187447116,-0.49340426031398027,-5.638772447761096,5.638772447761096,171.63466676871496,0.61054440029866,0.003557232415764786,low,0.5197621685851019,0.9363303824525384,,,unknown,no,large_under_prediction,selected model primary split test residual,unknown,unknown,unknown,large tau_eff underprediction; low target quality; manual annotation missing; possible material-system outlier; possibly missing additive/structure feature,True
10.1007_s11837-013-0822-x__sample_24426,unknown,p,Bi2Sr1.6Co1.3O6,10.1007/s11837-013-0822-x,-7.149422302356747,-1.5173172943482163,5.632105008008531,5.632105008008531,0.0007853176264343,0.2192994142965523,279.249321439876,low,0.6495087466961843,0.865596235197775,,,unknown,no,large_over_prediction,selected model primary split test residual,unknown,unknown,unknown,large tau_eff overprediction; low target quality; manual annotation missing; possible material-system outlier; possibly missing additive/structure feature,True
10.3390_cryst10020140__sample_35192,unknown,p,WS2C0.1,10.3390/cryst10020140,-5.24226133875577,0.36915096906633277,5.6114123078221025,5.6114123078221025,0.0052882847012996,1.4465059648463914,273.5302742855186,low,0.6368329456627723,0.97221155316137,,,unknown,no,large_over_prediction,selected model primary split test residual,unknown,unknown,unknown,large tau_eff overprediction; low target quality; manual annotation missing; possible material-system outlier; possibly missing additive/structure feature,True
10.1023_b_inma.0000023949.61917.de__sample_13453,unknown,p,(GaSb)89.92(FeGa1.3)10.08,10.1023/b:inma.0000023949.61917.de,-2.765466815684184,2.845870860349626,5.61133767603381,5.61133767603381,0.0629467079778207,17.21654534902755,273.5098609937442,medium,0.438533113349208,0.2705524287076783,,,unknown,no,large_over_prediction,selected model primary split test residual,unknown,unknown,unknown,large tau_eff overprediction; manual annotation missing; possible material-system outlier; possibly missing additive/structure feature,True
10.1016_j.matdes.2018.08.001__sample_41527,unknown,p,Ge0.75Pb0.2Sm0.03Te0.8Se0.2,10.1016/j.matdes.2018.08.001,1.1668802039788158,-4.415521077154314,-5.58240128113313,5.58240128113313,3.2119563424531927,0.012088253570911615,0.0037635173962791107,low,0.1667678804721262,,,,unknown,no,large_under_prediction,selected model primary split test residual,unknown,unknown,unknown,large tau_eff underprediction; low target quality; manual annotation missing; possible material-system outlier; possibly missing additive/structure feature,True
10.1016_0921-4526_94_00420-z__sample_18295,unknown,n,CeNi2Al5,10.1016/0921-4526(94)00420-z,4.986345909127125,-0.49340426031398027,-5.479750169441105,5.479750169441105,146.40048423342816,0.61054440029866,0.004170371453998594,low,0.4815484320725059,0.8700817168603578,,,unknown,no,large_under_prediction,selected model primary split test residual,unknown,unknown,unknown,large tau_eff underprediction; low target quality; manual annotation missing; possible material-system outlier; possibly missing additive/structure feature,True
10.1023_b_inma.0000023949.61917.de__sample_13451,unknown,p,(GaSb)89.92(FeGa1.3)10.08,10.1023/b:inma.0000023949.61917.de,-2.6263780541888258,2.845870860349626,5.472248914538452,5.472248914538452,0.0723399998748054,17.21654534902755,237.99482138268203,medium,0.2351456671588672,0.0218793755085972,,,unknown,no,large_over_prediction,selected model primary split test residual,unknown,unknown,unknown,large tau_eff overprediction; manual annotation missing; possible material-system outlier; possibly missing additive/structure feature,True
10.1007_bf00661543__sample_17665,unknown,p,Pd99.995Ru0.005,10.1007/bf00661543,6.853186575642851,1.5007531994885266,-5.352433376154324,5.352433376154324,946.8934518809424,4.485065947825132,0.004736611008256356,medium,6.553940220244794e-05,7.078214863139261e-05,,,unknown,no,large_under_prediction,selected model primary split test residual,unknown,unknown,unknown,large tau_eff underprediction; manual annotation missing; possible material-system outlier; possibly missing additive/structure feature,True
10.1016_j.jallcom.2016.01.030__sample_17571,unknown,n,Fe0.693C0.0966Si0.0180Mn0.0459Cr0.0776V0.0693,10.1016/j.jallcom.2016.01.030,3.0705983115251896,-2.1912568754340533,-5.261855186959243,5.261855186959243,21.55479530016589,0.11177617156775894,0.005185675392004242,medium,0.0856781882188353,0.1590900734666243,0.0254377,0.0027407051033656,unknown,no,large_under_prediction,selected model primary split test residual,unknown,unknown,unknown,large tau_eff underprediction; manual annotation missing; possible material-system outlier; possibly missing additive/structure feature,True
10.1016_j.matdes.2018.08.001__sample_41528,unknown,p,Ge0.75Pb0.2Sm0.03Te0.7Se0.3,10.1016/j.matdes.2018.08.001,0.8333676391382397,-4.415521077154314,-5.248888716292554,5.248888716292554,2.301054829076844,0.012088253570911615,0.005253353122298819,low,0.0938481138682114,,,,unknown,no,large_under_prediction,selected model primary split test residual,unknown,unknown,unknown,large tau_eff underprediction; low target quality; manual annotation missing; possible material-system outlier; possibly missing additive/structure feature,True
10.1016_j.jallcom.2016.01.030__sample_17569,unknown,n,Fe0.693C0.0966Si0.0180Mn0.0459Cr0.0776V0.0693,10.1016/j.jallcom.2016.01.030,3.013520237070721,-2.1912568754340533,-5.204777112504774,5.204777112504774,20.358942231586017,0.11177617156775894,0.005490274017986212,medium,0.1408286591782441,0.310150761590728,0.006629905,,unknown,no,large_under_prediction,selected model primary split test residual,unknown,unknown,unknown,large tau_eff underprediction; manual annotation missing; possible material-system outlier; possibly missing additive/structure feature,True
10.1016_j.solidstatesciences.2010.05.005__sample_28113,unknown,n,La0.08Sr0.92TiO3,10.1016/j.solidstatesciences.2010.05.005,-6.116521716527549,-0.9473536741194224,5.169168042408127,5.169168042408127,0.0022061161304775,0.3877658216108331,175.76854466265274,medium,0.4050480418464653,0.5496487191946693,,0.000142998421352,unknown,no,large_over_prediction,selected model primary split test residual,unknown,unknown,unknown,large tau_eff overprediction; manual annotation missing; possible material-system outlier; possibly missing additive/structure feature,True
10.1016_j.jmst.2020.09.005__sample_38654,unknown,n,BiSbSe3,10.1016/j.jmst.2020.09.005,-5.377921251486795,-0.415264076405552,4.962657175081243,4.962657175081243,0.0046174103955302,0.6601659234400462,142.97319642176657,medium,0.4981264853488932,0.7747357227449335,0.1634825,0.0911233821767954,unknown,no,large_over_prediction,selected model primary split test residual,unknown,unknown,unknown,large tau_eff overprediction; manual annotation missing; possible material-system outlier; possibly missing additive/structure feature,True
10.1016_j.jallcom.2020.158384__sample_40368,unknown,p,MgAg0.97Sb0.995,10.1016/j.jallcom.2020.158384,0.107294994532709,-4.842381322556033,-4.949676317088742,4.949676317088742,1.1132626124291805,0.007888247206897675,0.0070857020785825425,low,0.5810230967613604,0.9539632794440212,0.914502,1.1065774158546746,unknown,no,large_under_prediction,selected model primary split test residual,unknown,unknown,unknown,large tau_eff underprediction; low target quality; manual annotation missing; possible material-system outlier; possibly missing additive/structure feature,True
10.1016_j.jallcom.2020.158384__sample_40371,unknown,p,MgAg0.97Sb0.995,10.1016/j.jallcom.2020.158384,0.0926454512214927,-4.842381322556033,-4.935026773777526,4.935026773777526,1.0970727005203569,0.007888247206897675,0.007190268432671937,low,0.4352230760677972,0.8106262358380357,1.166552,1.3310309582338566,unknown,no,large_under_prediction,selected model primary split test residual,unknown,unknown,unknown,large tau_eff underprediction; low target quality; manual annotation missing; possible material-system outlier; possibly missing additive/structure feature,True
10.1016_j.jallcom.2020.158384__sample_40369,unknown,p,MgAg0.97Sb0.995,10.1016/j.jallcom.2020.158384,0.0892532771232548,-4.842381322556033,-4.931634599679287,4.931634599679287,1.0933575437135905,0.007888247206897675,0.007214700490477463,low,0.5178093331941223,0.907849992956472,0.8969612,1.0898790241842098,unknown,no,large_under_prediction,selected model primary split test residual,unknown,unknown,unknown,large tau_eff underprediction; low target quality; manual annotation missing; possible material-system outlier; possibly missing additive/structure feature,True
10.1016_j.jallcom.2008.10.165__sample_19867,unknown,n,YMn2Al10,10.1016/j.jallcom.2008.10.165,4.380232875203127,-0.49340426031398027,-4.873637135517107,4.873637135517107,79.85662786834168,0.61054440029866,0.007645506911527176,medium,0.3315481392679045,0.4906667141438554,,,unknown,no,large_under_prediction,selected model primary split test residual,unknown,unknown,unknown,large tau_eff underprediction; manual annotation missing; possible material-system outlier; possibly missing additive/structure feature,True
10.1016_j.matdes.2018.08.001__sample_41529,unknown,p,Ge0.75Pb0.2Sm0.03Te0.6Se0.4,10.1016/j.matdes.2018.08.001,0.4575577260096534,-4.415521077154314,-4.873078803163968,4.873078803163968,1.5802099627233357,0.012088253570911615,0.007649776837299965,low,0.0801273296561109,,,,unknown,no,large_under_prediction,selected model primary split test residual,unknown,unknown,unknown,large tau_eff underprediction; low target quality; manual annotation missing; possible material-system outlier; possibly missing additive/structure feature,True
10.1007_s11664-014-3294-z__sample_28847,unknown,p,sulfosalicylic acid-doped polyaniline,10.1007/s11664-014-3294-z,-4.088907311055668,0.7836482215462861,4.872555532601954,4.872555532601954,0.0167575343307315,2.1894452944647522,130.654382157496,medium,0.1067768918744368,0.2223281522316193,,,unknown,no,large_over_prediction,selected model primary split test residual,doped,unknown,unknown,large tau_eff overprediction; manual annotation missing; possible material-system outlier; possibly missing additive/structure feature,True
10.1021_ja410753k__sample_13973,unknown,p,Cu2ZnGeSe2S2,10.1021/ja410753k,-5.292637583340541,-0.42234662709014903,4.870290956250392,4.870290956250392,0.0050284797187889,0.6555067836002377,130.35884009851696,medium,0.3974708946636158,0.3021393173199979,,,unknown,no,large_over_prediction,selected model primary split test residual,unknown,unknown,unknown,large tau_eff overprediction; manual annotation missing; possible material-system outlier; possibly missing additive/structure feature,True
10.1023_b_inma.0000023949.61917.de__sample_13452,unknown,p,(GaSb)89.92(FeGa1.3)10.08,10.1023/b:inma.0000023949.61917.de,-2.021828898223548,2.845870860349626,4.867699758573174,4.867699758573174,0.1324130734580602,17.21654534902755,130.02149183162513,medium,0.3575614944399153,0.1448027541839996,,,unknown,no,large_over_prediction,selected model primary split test residual,unknown,unknown,unknown,large tau_eff overprediction; manual annotation missing; possible material-system outlier; possibly missing additive/structure feature,True
10.1016_j.jallcom.2020.158384__sample_40370,unknown,p,MgAg0.97Sb0.995,10.1016/j.jallcom.2020.158384,0.0220174261381134,-4.842381322556033,-4.864398748694146,4.864398748694146,1.0222615983870256,0.007888247206897675,0.007716466332437938,medium,0.4437302533581653,0.7974145644638002,1.059301,1.243801816901866,unknown,no,large_under_prediction,selected model primary split test residual,unknown,unknown,unknown,large tau_eff underprediction; manual annotation missing; possible material-system outlier; possibly missing additive/structure feature,True
10.1016_j.jallcom.2011.10.017__sample_23166,unknown,n,Yb1.05Al3C0.05,10.1016/j.jallcom.2011.10.017,3.853168758349708,-0.9168335142207106,-4.7700022725704185,4.7700022725704185,47.14220907183788,0.3997829459732537,0.008480360887714077,medium,0.0665703747942859,0.0541584499533185,,,unknown,no,large_under_prediction,selected model primary split test residual,unknown,unknown,unknown,large tau_eff underprediction; manual annotation missing; possible material-system outlier; possibly missing additive/structure feature,True
10.1016_j.jallcom.2011.10.017__sample_23167,unknown,n,Yb1.05Al3C0.10,10.1016/j.jallcom.2011.10.017,3.844484000801528,-0.9168335142207106,-4.761317515022239,4.761317515022239,46.73456313106575,0.3997829459732537,0.00855433150946707,medium,0.0555701045897113,0.0773697047339925,,,unknown,no,large_under_prediction,selected model primary split test residual,unknown,unknown,unknown,large tau_eff underprediction; manual annotation missing; possible material-system outlier; possibly missing additive/structure feature,True
10.1039_c9ee00317g__sample_31975,unknown,p,Gi0.99Te,10.1039/c9ee00317g,2.4381503996593312,-2.313008091664782,-4.751158491324113,4.751158491324113,11.451839815393791,0.09896311325467987,0.008641678092776994,medium,0.3038312701573865,0.4681266331861887,,,unknown,no,large_under_prediction,selected model primary split test residual,unknown,unknown,unknown,large tau_eff underprediction; manual annotation missing; possible material-system outlier; possibly missing additive/structure feature,True
10.1016_j.matlet.2021.130180__sample_45722,unknown,p,NaCoO2,10.1016/j.matlet.2021.130180,-1.4527896768660202,-6.194175645972157,-4.741385969106137,4.741385969106137,0.2339168246873077,0.0020412852480121415,0.008726543081032604,medium,0.3345710979495714,0.6298097111511737,0.07029064,0.4518637923327008,unknown,no,large_under_prediction,selected model primary split test residual,unknown,unknown,unknown,large tau_eff underprediction; manual annotation missing; possible material-system outlier; possibly missing additive/structure feature,True
10.1080_08957959.2014.911854__sample_3429,unknown,p,Co4Sb12,10.1080/08957959.2014.911854,4.261369435643197,-0.464658368365693,-4.72602780400889,4.72602780400889,70.90701959672438,0.6283497326718737,0.008861601238432265,medium,0.2621442560435215,0.4203565957363409,,,unknown,no,large_under_prediction,selected model primary split test residual,unknown,unknown,unknown,large tau_eff underprediction; manual annotation missing; possible material-system outlier; possibly missing additive/structure feature,True
10.1002_adma.201104305__sample_84022,unknown,p,Cux(CuC2S4),10.1002/adma.201104305,-3.776832119954794,0.9308491991324996,4.7076813190872935,4.7076813190872935,0.0228951056130077,2.536662394738458,110.79496367543597,medium,0.2525653902616905,0.4396174038842906,0.01415,0.0097868032588047,unknown,no,large_over_prediction,selected model primary split test residual,unknown,unknown,unknown,large tau_eff overprediction; manual annotation missing; possible material-system outlier; possibly missing additive/structure feature,True
10.1063_1.4942890__sample_9344,unknown,n,(SnSe0.95)0.999(BiCl3)0.001,10.1063/1.4942890,-3.572855570244913,1.1178899464506382,4.690745516695552,4.690745516695552,0.028075567348497,3.0583940148717264,108.93436192787942,medium,0.3769587053444997,0.3082979788879336,0.594854,0.5506041893199071,unknown,no,large_over_prediction,selected model primary split test residual,unknown,unknown,unknown,large tau_eff overprediction; manual annotation missing; possible material-system outlier; possibly missing additive/structure feature,True
10.1007_bf00661543__sample_17666,unknown,p,Pd99.99Ru0.01,10.1007/bf00661543,6.186370991735124,1.5007531994885266,-4.685617792246598,4.685617792246598,486.078917174262,4.485065947825132,0.009227032461926774,medium,0.0023019815983892,0.0022574530503252,,,unknown,no,large_under_prediction,selected model primary split test residual,unknown,unknown,unknown,large tau_eff underprediction; manual annotation missing; possible material-system outlier; possibly missing additive/structure feature,True
10.1021_ja410753k__sample_13974,unknown,p,Cu2ZnGeSe1S3,10.1021/ja410753k,-5.075391980092303,-0.42234662709014903,4.653045353002154,4.653045353002154,0.0062486366183609,0.6555067836002377,104.90396923932278,medium,0.3305870877407738,0.3188118454099852,,,unknown,no,large_over_prediction,selected model primary split test residual,unknown,unknown,unknown,large tau_eff overprediction; manual annotation missing; possible material-system outlier; possibly missing additive/structure feature,True
10.1080_08957959.2014.911854__sample_3431,unknown,n,Cd0.38Co4Sb12,10.1080/08957959.2014.911854,4.7362414272403415,0.0975198525723956,-4.6387215746679455,4.6387215746679455,114.00489969371728,1.1024333274835247,0.009670052168330437,medium,0.1132132011868252,0.14306824197706,,,unknown,no,large_under_prediction,selected model primary split test residual,unknown,unknown,unknown,large tau_eff underprediction; manual annotation missing; possible material-system outlier; possibly missing additive/structure feature,True
10.1080_08957959.2014.911854__sample_3432,unknown,n,Cd0.45Co4Sb12,10.1080/08957959.2014.911854,4.692898624397961,0.0975198525723956,-4.595378771825565,4.595378771825565,109.16916202584446,1.1024333274835247,0.010098395068953055,medium,0.1154121834452738,0.1631836881923015,,,unknown,no,large_under_prediction,selected model primary split test residual,unknown,unknown,unknown,large tau_eff underprediction; manual annotation missing; possible material-system outlier; possibly missing additive/structure feature,True
10.1063_1.3553842__sample_5382,unknown,p,SrFe4Sb12,10.1063/1.3553842,1.866790879344157,-2.698797353580209,-4.565588232924366,4.565588232924366,6.467508047296072,0.06728638583015514,0.010403757573720553,medium,0.0818949019945376,0.0660717594393413,0.4910492,0.3278117051516579,unknown,no,large_under_prediction,selected model primary split test residual,unknown,unknown,unknown,large tau_eff underprediction; manual annotation missing; possible material-system outlier; possibly missing additive/structure feature,True
10.1016_j.matdes.2018.08.001__sample_41530,unknown,p,Ge0.75Pb0.2Sm0.03Te0.5Se0.5,10.1016/j.matdes.2018.08.001,0.135106683446433,-4.415521077154314,-4.550627760600747,4.550627760600747,1.1446588939934614,0.012088253570911615,0.01056057279102456,low,0.0653909512623956,,,,unknown,no,large_under_prediction,selected model primary split test residual,unknown,unknown,unknown,large tau_eff underprediction; low target quality; manual annotation missing; possible material-system outlier; possibly missing additive/structure feature,True
10.1063_1.4942890__sample_9345,unknown,n,(SnSe0.95)0.998(BiCl3)0.002,10.1063/1.4942890,-3.4087048549772594,1.1178899464506382,4.526594801427898,4.526594801427898,0.0330840212457317,3.0583940148717264,92.44323693771966,medium,0.4016146622428875,0.3401662375988819,0.6104312,0.5401018578653676,unknown,no,large_over_prediction,selected model primary split test residual,unknown,unknown,unknown,large tau_eff overprediction; manual annotation missing; possible material-system outlier; possibly missing additive/structure feature,True
10.1063_1.3553842__sample_5381,unknown,p,CaFe4Sb12,10.1063/1.3553842,1.8277340666727029,-2.698438851803653,-4.526172918476355,4.526172918476355,6.219777078707226,0.06731051244347176,0.010822013649637453,medium,0.0827389781464856,0.0650407398854336,0.5852111,0.5912560144900307,unknown,no,large_under_prediction,selected model primary split test residual,unknown,unknown,unknown,large tau_eff underprediction; manual annotation missing; possible material-system outlier; possibly missing additive/structure feature,True
10.1063_1.3553842__sample_5383,unknown,p,BaFe4Sb12,10.1063/1.3553842,1.7972047552880177,-2.698797353580209,-4.496002108868227,4.496002108868227,6.032760831459577,0.06728638583015514,0.011153497993699801,medium,0.0798192062416483,0.0650531506388037,0.4809142,0.4337059906426115,unknown,no,large_under_prediction,selected model primary split test residual,unknown,unknown,unknown,large tau_eff underprediction; manual annotation missing; possible material-system outlier; possibly missing additive/structure feature,True
10.1016_j.matdes.2018.08.001__sample_41533,unknown,p,Ge0.75Pb0.2Sm0.02Te0.5Se0.5,10.1016/j.matdes.2018.08.001,0.0586520883548299,-4.415521077154314,-4.474173165509144,4.474173165509144,1.0604062488730033,0.012088253570911615,0.011399643847590464,low,0.1018735009019203,,,,unknown,no,large_under_prediction,selected model primary split test residual,unknown,unknown,unknown,large tau_eff underprediction; low target quality; manual annotation missing; possible material-system outlier; possibly missing additive/structure feature,True
10.1063_1.4942890__sample_9346,unknown,n,(SnSe0.95)0.994(BiCl3)0.006,10.1063/1.4942890,-3.355646907096824,1.1178899464506382,4.473536853547462,4.473536853547462,0.0348867943384721,3.0583940148717264,87.66623798102945,medium,0.3686279097564553,0.30831367246644,0.6318498,0.5544306862184978,unknown,no,large_over_prediction,selected model primary split test residual,unknown,unknown,unknown,large tau_eff overprediction; manual annotation missing; possible material-system outlier; possibly missing additive/structure feature,True
10.1016_j.jallcom.2016.08.095__sample_9832,unknown,n,Mg1.6Mn0.4Si,10.1016/j.jallcom.2016.08.095,-5.65415584394268,-1.1901856985193096,4.46397014542337,4.46397014542337,0.0035029288576792,0.3041647758734736,86.83155959809937,medium,0.2916555534282247,0.1034422951331394,3.092784e-05,1.3754415961567524e-05,unknown,no,large_over_prediction,selected model primary split test residual,unknown,unknown,unknown,large tau_eff overprediction; manual annotation missing; possible material-system outlier; possibly missing additive/structure feature,True
10.1016_j.matdes.2018.08.001__sample_41532,unknown,p,Ge0.75Pb0.2Sm0.01Te0.5Se0.5,10.1016/j.matdes.2018.08.001,0.0425053317060601,-4.415521077154314,-4.458026408860374,4.458026408860374,1.0434216195762198,0.012088253570911615,0.011585205198087803,low,0.126431108141069,,,,unknown,no,large_under_prediction,selected model primary split test residual,unknown,unknown,unknown,large tau_eff underprediction; low target quality; manual annotation missing; possible material-system outlier; possibly missing additive/structure feature,True
10.1016_j.ceramint.2015.09.032__sample_15818,unknown,p,Zn0.95Al0.05Te,10.1016/j.ceramint.2015.09.032,-5.191090446190803,-0.7389603655829531,4.4521300806078505,4.4521300806078505,0.0055659341528708,0.47761019749967476,85.80953068827318,medium,0.4220657662134157,0.7080808523067396,,,unknown,no,large_over_prediction,selected model primary split test residual,unknown,unknown,unknown,large tau_eff overprediction; manual annotation missing; possible material-system outlier; possibly missing additive/structure feature,True
10.1016_j.matdes.2018.08.001__sample_41534,unknown,p,Ge0.75Pb0.2Sm0.05Te0.5Se0.5,10.1016/j.matdes.2018.08.001,0.0076984159594118,-4.415521077154314,-4.423219493113726,4.423219493113726,1.0077281249520142,0.012088253570911615,0.011995550458103202,low,0.1786059288779248,,,,unknown,no,large_under_prediction,selected model primary split test residual,unknown,unknown,unknown,large tau_eff underprediction; low target quality; manual annotation missing; possible material-system outlier; possibly missing additive/structure feature,True
10.1063_1.2803847__sample_4958,unknown,n,CoSb3,10.1063/1.2803847,0.4051186000833605,-4.008087157234893,-4.413205757318254,4.413205757318254,1.4994803280032525,0.01816811476660083,0.012116274169994595,medium,0.0697810789675683,0.0791180375099112,0.3635688,,unknown,no,large_under_prediction,selected model primary split test residual,unknown,unknown,unknown,large tau_eff underprediction; manual annotation missing; possible material-system outlier; possibly missing additive/structure feature,True
10.1063_1.4916786__sample_47079,unknown,n,YbCu2Si0.25Ge1.75,10.1063/1.4916786,4.593960317237014,0.1877617637668949,-4.4061985534701185,4.4061985534701185,98.88527277099249,1.2065460381240287,0.012201473529008286,medium,0.2666408504457831,0.3279574831256888,,,unknown,no,large_under_prediction,selected model primary split test residual,unknown,unknown,unknown,large tau_eff underprediction; manual annotation missing; possible material-system outlier; possibly missing additive/structure feature,True
10.1080_08957959.2014.911854__sample_3430,unknown,n,Cd0.15Co4Sb12,10.1080/08957959.2014.911854,4.45826403999157,0.0975198525723956,-4.360744187419174,4.360744187419174,86.33750048145922,1.1024333274835247,0.012768881671762895,medium,0.1296645652426731,0.1699080790529683,,,unknown,no,large_under_prediction,selected model primary split test residual,unknown,unknown,unknown,large tau_eff underprediction; manual annotation missing; possible material-system outlier; possibly missing additive/structure feature,True
10.1063_1.2803847__sample_4959,unknown,n,CoSb3,10.1063/1.2803847,0.3394430747086128,-4.008087157234893,-4.347530231943506,4.347530231943506,1.4041653575602255,0.01816811476660083,0.012938728810521584,medium,0.0744530000711276,0.0747009487690249,,,unknown,no,large_under_prediction,selected model primary split test residual,unknown,unknown,unknown,large tau_eff underprediction; manual annotation missing; possible material-system outlier; possibly missing additive/structure feature,True
10.1016_j.jallcom.2011.10.017__sample_23163,unknown,n,Yb1.05Al3,10.1016/j.jallcom.2011.10.017,3.819356108901099,-0.49340426031398027,-4.312760369215079,4.312760369215079,45.5748536286652,0.61054440029866,0.013396519169831103,medium,0.0567945589390472,0.0428690879096579,,,unknown,no,large_under_prediction,selected model primary split test residual,unknown,unknown,unknown,large tau_eff underprediction; manual annotation missing; possible material-system outlier; possibly missing additive/structure feature,True
10.3390_nano8010008__sample_15429,unknown,p,CuFeSe2,10.3390/nano8010008,-0.7649237943994445,-5.064786976313615,-4.29986318191417,4.29986318191417,0.4653693933771818,0.006315256058650372,0.01357041556347445,medium,0.1143819616730547,0.1388727498086995,,0.1906042715290155,unknown,no,large_under_prediction,selected model primary split test residual,unknown,unknown,unknown,large tau_eff underprediction; manual annotation missing; possible material-system outlier; possibly missing additive/structure feature,True
10.1007_s10948-008-0342-z__sample_23901,unknown,p,Bi1.3V0.3Pb0.4Sr2Ca2Cu3O10,10.1007/s10948-008-0342-z,2.927767907888868,-1.36956552164569,-4.297333429534557,4.297333429534557,18.68587531841926,0.25421738751394785,0.013604788814113391,low,0.6066391789160517,0.8790759354862246,,,unknown,no,large_under_prediction,selected model primary split test residual,unknown,unknown,unknown,large tau_eff underprediction; low target quality; manual annotation missing; possible material-system outlier; possibly missing additive/structure feature,True
10.1016_j.matdes.2018.08.001__sample_41535,unknown,p,Ge0.75Pb0.2Sm0.08Te0.5Se0.5,10.1016/j.matdes.2018.08.001,-0.1411686381665639,-4.415521077154314,-4.2743524389877505,4.2743524389877505,0.8683428636011792,0.012088253570911615,0.01392106053682457,low,0.1626047896317118,,,,unknown,no,large_under_prediction,selected model primary split test residual,unknown,unknown,unknown,large tau_eff underprediction; low target quality; manual annotation missing; possible material-system outlier; possibly missing additive/structure feature,True
10.1039_c6ta04310k__sample_45735,unknown,p,BiOCuSe,10.1039/c6ta04310k,-5.534216480210991,-1.2660273083440652,4.268189171866926,4.268189171866926,0.003949301780157,0.2819494982379636,71.3922394218137,low,0.5463341154361134,0.93904225554694,0.09285018,0.0291423876137373,unknown,no,large_over_prediction,selected model primary split test residual,unknown,unknown,unknown,large tau_eff overprediction; low target quality; manual annotation missing; possible material-system outlier; possibly missing additive/structure feature,True
10.1016_j.matdes.2018.08.001__sample_41531,unknown,p,Ge0.75Pb0.2Sm0.03Te0.4Se0.6,10.1016/j.matdes.2018.08.001,-0.1691254035862233,-4.415521077154314,-4.246395673568091,4.246395673568091,0.8444030055810733,0.012088253570911615,0.014315739630264723,low,0.1236348802793172,,,,unknown,no,large_under_prediction,selected model primary split test residual,unknown,unknown,unknown,large tau_eff underprediction; low target quality; manual annotation missing; possible material-system outlier; possibly missing additive/structure feature,True
10.1038_s41467-017-01149-4__sample_10781,unknown,n,TiS2((C4H9)4N)0.013(C6H16N)0.019,10.1038/s41467-017-01149-4,-0.7518364982550908,-4.992152811294207,-4.240316313039116,4.240316313039116,0.4714998484851656,0.0067910289402903345,0.014403035254642283,medium,0.1601502228357433,0.2654463868500924,0.3387516,0.4023780212985869,unknown,no,large_under_prediction,selected model primary split test residual,unknown,unknown,unknown,large tau_eff underprediction; manual annotation missing; possible material-system outlier; possibly missing additive/structure feature,True
10.3390_cryst10020140__sample_35193,unknown,p,WS2C0.2,10.3390/cryst10020140,-3.8684273690444657,0.36915096906633277,4.237578338110798,4.237578338110798,0.0208911977493082,1.4465059648463914,69.23997284427082,medium,0.5004333692900901,0.7320119532268506,,,unknown,no,large_over_prediction,selected model primary split test residual,unknown,unknown,unknown,large tau_eff overprediction; manual annotation missing; possible material-system outlier; possibly missing additive/structure feature,True
10.1063_1.2803847__sample_4960,unknown,n,CoSb3,10.1063/1.2803847,0.2271649594444217,-4.008087157234893,-4.235252116679315,4.235252116679315,1.255036881052053,0.01816811476660083,0.014476160056245633,medium,0.062861238391933,0.0652139064372931,0.272119,0.1781247655242535,unknown,no,large_under_prediction,selected model primary split test residual,unknown,unknown,unknown,large tau_eff underprediction; manual annotation missing; possible material-system outlier; possibly missing additive/structure feature,True
10.1063_1.4942890__sample_9347,unknown,n,(SnSe0.95)0.9986(BiCl3)0.004,10.1063/1.4942890,-3.1102678035571345,1.1178899464506382,4.228157750007773,4.228157750007773,0.0445890126450023,3.0583940148717264,68.59075439102648,medium,0.3123956738426554,0.2113314402017971,0.6795549,0.6519118031268386,unknown,no,large_over_prediction,selected model primary split test residual,unknown,unknown,unknown,large tau_eff overprediction; manual annotation missing; possible material-system outlier; possibly missing additive/structure feature,True
10.1063_1.4916786__sample_47076,unknown,n,YbCu2SiGe,10.1063/1.4916786,3.655087575904009,-0.49340426031398027,-4.148491836217989,4.148491836217989,38.67090760656421,0.61054440029866,0.015788209744397697,medium,0.1874284768830124,0.130745445353646,,,unknown,no,large_under_prediction,selected model primary split test residual,unknown,unknown,unknown,large tau_eff underprediction; manual annotation missing; possible material-system outlier; possibly missing additive/structure feature,True
10.1063_1.2803847__sample_4961,unknown,n,CoSb3,10.1063/1.2803847,0.1261857214766428,-4.008087157234893,-4.134272878711536,4.134272878711536,1.1344928484055543,0.01816811476660083,0.01601430523968024,medium,0.0670287624895859,0.0648310962486607,0.2654275,,unknown,no,large_under_prediction,selected model primary split test residual,unknown,unknown,unknown,large tau_eff underprediction; manual annotation missing; possible material-system outlier; possibly missing additive/structure feature,True
10.1063_1.4916786__sample_47078,unknown,n,YbCu2Si0.50Ge1.50,10.1063/1.4916786,4.319176388631142,0.1877617637668949,-4.131414624864247,4.131414624864247,75.12672757751817,1.2065460381240287,0.016060143666966935,medium,0.2889535537868715,0.3224366341038969,,,unknown,no,large_under_prediction,selected model primary split test residual,unknown,unknown,unknown,large tau_eff underprediction; manual annotation missing; possible material-system outlier; possibly missing additive/structure feature,True
10.1038_s41467-017-01149-4__sample_10782,unknown,n,TiS2((C4H9)4N)0.025(C6H16N0.012,10.1038/s41467-017-01149-4,-0.8818659378677588,-4.992152811294207,-4.110286873426448,4.110286873426448,0.4140096741707015,0.0067910289402903345,0.016403068246879433,medium,0.1884869566869308,0.3335477805029855,0.2566609,0.3301303307306409,unknown,no,large_under_prediction,selected model primary split test residual,unknown,unknown,unknown,large tau_eff underprediction; manual annotation missing; possible material-system outlier; possibly missing additive/structure feature,True
10.1021_acsaem.8b01609__sample_40295,unknown,p,Fe0.25Co0.75Sb2.98Se0.02,10.1021/acsaem.8b01609,0.9373470188913836,-3.1346945449331787,-4.072041563824563,4.072041563824563,2.553198836996265,0.043513043079046396,0.01704255949381433,medium,0.1054366344755915,0.2039983578954579,,,unknown,no,large_under_prediction,selected model primary split test residual,unknown,unknown,unknown,large tau_eff underprediction; manual annotation missing; possible material-system outlier; possibly missing additive/structure feature,True
10.1021_acsaem.8b01609__sample_40296,unknown,p,Fe0.25Co0.75Sb2.97Se0.03,10.1021/acsaem.8b01609,0.8775004885732172,-3.1346945449331787,-4.012195033506396,4.012195033506396,2.404881159898525,0.043513043079046396,0.01809363547963528,medium,0.1084287224984745,0.2098126851154256,,,unknown,no,large_under_prediction,selected model primary split test residual,unknown,unknown,unknown,large tau_eff underprediction; manual annotation missing; possible material-system outlier; possibly missing additive/structure feature,True
10.1016_j.matlet.2021.131127__sample_44446,unknown,p,CsSnI3,10.1016/j.matlet.2021.131127,-2.187732914987159,-6.194175645972157,-4.006442730984999,4.006442730984999,0.1121707612260991,0.0020412852480121415,0.018198015469446504,low,0.2984572146376564,,0.1161186,0.0486952661330465,unknown,no,large_under_prediction,selected model primary split test residual,unknown,unknown,unknown,large tau_eff underprediction; low target quality; manual annotation missing; possible material-system outlier; possibly missing additive/structure feature,True
10.1038_s41467-017-01149-4__sample_10779,unknown,n,TiS2(C6H16N)0.025,10.1038/s41467-017-01149-4,-0.9994236551837152,-4.992152811294207,-3.9927291561104914,3.9927291561104914,0.3680915276919917,0.0067910289402903345,0.018449294345000165,medium,0.1135887085293415,0.2246829245428789,0.2727034,0.3204020000096674,unknown,no,large_under_prediction,selected model primary split test residual,unknown,unknown,unknown,large tau_eff underprediction; manual annotation missing; possible material-system outlier; possibly missing additive/structure feature,True
10.1021_ja410753k__sample_13972,unknown,p,Cu2ZnGeSe3S,10.1021/ja410753k,-4.3933865287473886,-0.42234662709014903,3.9710399016572397,3.9710399016572397,0.0123588048236051,0.6555067836002377,53.03965819965303,low,0.9452464817876156,0.945298402172418,,,unknown,no,large_over_prediction,selected model primary split test residual,unknown,unknown,unknown,large tau_eff overprediction; low target quality; manual annotation missing; possible material-system outlier; possibly missing additive/structure feature,True
10.1016_j.ceramint.2015.09.032__sample_15824,unknown,p,Zn0.9Al0.1Te,10.1016/j.ceramint.2015.09.032,-4.704801319805936,-0.7389603655829531,3.9658409542229833,3.9658409542229833,0.009051712435245,0.47761019749967476,52.764623370047154,low,0.5204539296289971,0.8681523597600856,,,unknown,no,large_over_prediction,selected model primary split test residual,unknown,unknown,unknown,large tau_eff overprediction; low target quality; manual annotation missing; possible material-system outlier; possibly missing additive/structure feature,True
10.1021_acsaem.8b01609__sample_40297,unknown,p,Fe0.25Co0.75Sb2.965Se0.035,10.1021/acsaem.8b01609,0.8168935868863223,-3.1346945449331787,-3.951588131819501,3.951588131819501,2.263457670665204,0.043513043079046396,0.019224147039718403,medium,0.1039977555900449,0.2120925407374131,,,unknown,no,large_under_prediction,selected model primary split test residual,unknown,unknown,unknown,large tau_eff underprediction; manual annotation missing; possible material-system outlier; possibly missing additive/structure feature,True
10.1016_j.jssc.2012.03.042__sample_8649,unknown,p,Sb1.9785Cr0.0215Te3,10.1016/j.jssc.2012.03.042,-2.396121392269711,1.5489689508354103,3.945090343105121,3.945090343105121,0.0910704958895849,4.706614928627883,51.68100692384773,medium,0.082136055501907,0.082678445467566,0.07648242,0.000602526212327,unknown,no,large_over_prediction,selected model primary split test residual,unknown,unknown,unknown,large tau_eff overprediction; manual annotation missing; possible material-system outlier; possibly missing additive/structure feature,True
10.1109_ict.2006.331327__sample_16087,unknown,p,Ag9TlTe5.0,10.1109/ict.2006.331327,-6.131923952000769,-2.2038051101391125,3.928118841861657,3.928118841861657,0.0021723973492452,0.11038234127642978,50.811303611092214,low,0.5198019622241299,0.8917442708318919,,,unknown,no,large_over_prediction,selected model primary split test residual,unknown,unknown,unknown,large tau_eff overprediction; low target quality; manual annotation missing; possible material-system outlier; possibly missing additive/structure feature,True
10.1021_acs.inorgchem.0c01805__sample_37136,unknown,n,ReGa2Ge,10.1021/acs.inorgchem.0c01805,-3.0413303150718294,0.8863206577820251,3.9276509728538542,3.9276509728538542,0.0477712963285968,2.426186438616721,50.78753613735117,medium,0.356759562374712,0.6382307189151094,,,unknown,no,large_over_prediction,selected model primary split test residual,unknown,unknown,unknown,large tau_eff overprediction; manual annotation missing; possible material-system outlier; possibly missing additive/structure feature,True
10.1002_pssa.200723480__sample_26668,unknown,p,YBa2Cu2.95Ag0.05O7,10.1002/pssa.200723480,2.5949624665509377,-1.3264951934474414,-3.921457659998379,3.921457659998379,13.396084550714676,0.26540582921316574,0.019812194242907078,medium,0.1427965965804682,0.3050456872579167,,,unknown,no,large_under_prediction,selected model primary split test residual,unknown,unknown,unknown,large tau_eff underprediction; manual annotation missing; possible material-system outlier; possibly missing additive/structure feature,True
10.1557_opl.2013.217__sample_82402,unknown,n,Ti15.6Nb12.3Ni27.7Cu5.1Sn31.2Sb1.5,10.1557/opl.2013.217,2.9241513922302524,-0.9575257163927785,-3.881677108623031,3.881677108623031,18.61841960857285,0.3838414445837807,0.020616220530717922,medium,0.1158499651507622,0.0543124693823471,,,unknown,no,large_under_prediction,selected model primary split test residual,unknown,unknown,unknown,large tau_eff underprediction; manual annotation missing; possible material-system outlier; possibly missing additive/structure feature,True
10.1063_1.2803847__sample_4962,unknown,n,CoSb3,10.1063/1.2803847,-0.1288243416857487,-4.008087157234893,-3.8792628155491444,3.8792628155491444,0.8791283781921773,0.01816811476660083,0.020666054261564613,medium,0.0832354212568668,0.0925011697260057,0.2788104,,unknown,no,large_under_prediction,selected model primary split test residual,unknown,unknown,unknown,large tau_eff underprediction; manual annotation missing; possible material-system outlier; possibly missing additive/structure feature,True
10.3365_eml.2010.12.187__sample_8317,unknown,n,Mg2SiTe0.03,10.3365/eml.2010.12.187,-3.118000173014261,0.7563982071982525,3.8743983802125133,3.8743983802125133,0.0442455634746606,2.130588445794544,48.15371934442038,low,0.9974651363029596,,0.1745455,0.0759022875907569,unknown,no,large_over_prediction,selected model primary split test residual,unknown,unknown,unknown,large tau_eff overprediction; low target quality; manual annotation missing; possible material-system outlier; possibly missing additive/structure feature,True
10.1021_acsaem.8b01609__sample_40298,unknown,p,Fe0.25Co0.75Sb2.96Se0.04,10.1021/acsaem.8b01609,0.7394338036751265,-3.1346945449331787,-3.874128348608305,3.874128348608305,2.094749139401189,0.043513043079046396,0.0207724363078078,medium,0.1090680701271737,0.2105055846728748,,,unknown,no,large_under_prediction,selected model primary split test residual,unknown,unknown,unknown,large tau_eff underprediction; manual annotation missing; possible material-system outlier; possibly missing additive/structure feature,True
10.1063_1.4916786__sample_47080,unknown,n,YbCu2Ge2,10.1063/1.4916786,4.699257590376768,0.8863206577820251,-3.8129369325947433,3.8129369325947433,109.86557690565512,2.426186438616721,0.022083226675268457,medium,0.2530248306710583,0.32310390037752,,,unknown,no,large_under_prediction,selected model primary split test residual,unknown,unknown,unknown,large tau_eff underprediction; manual annotation missing; possible material-system outlier; possibly missing additive/structure feature,True
10.2497_jjspm.60.60__sample_30695,unknown,n,(TiO2)0.99(TiN)0.01,10.2497/jjspm.60.60,-3.696816587226096,0.10995223533024437,3.8067688225563403,3.8067688225563403,0.0248023570689151,1.116224753078834,45.00478522977976,low,0.539263072256681,0.953326708640259,0.03362888,0.0226513351041532,unknown,no,large_over_prediction,selected model primary split test residual,unknown,unknown,unknown,large tau_eff overprediction; low target quality; manual annotation missing; possible material-system outlier; possibly missing additive/structure feature,True
10.1016_j.jiec.2017.11.033__sample_42882,unknown,p,WSe2,10.1016/j.jiec.2017.11.033,-4.73738117205178,-0.9368766524007123,3.8005045196510676,3.8005045196510676,0.0087615611884621,0.39184980920144413,44.723742809382216,medium,0.3325495650155253,0.4247898224730401,,0.2261846171136574,unknown,no,large_over_prediction,selected model primary split test residual,unknown,unknown,unknown,large tau_eff overprediction; manual annotation missing; possible material-system outlier; possibly missing additive/structure feature,True
10.1063_1.4916786__sample_47077,unknown,n,YbCu2Si0.75Ge1.25,10.1063/1.4916786,3.9175155088387386,0.1877617637668949,-3.729753745071844,3.729753745071844,50.275380743067366,1.2065460381240287,0.02399874491831478,medium,0.2392878330765431,0.2194058965561594,,,unknown,no,large_under_prediction,selected model primary split test residual,unknown,unknown,unknown,large tau_eff underprediction; manual annotation missing; possible material-system outlier; possibly missing additive/structure feature,True
10.1016_j.jiec.2017.11.033__sample_42881,unknown,p,WSe2,10.1016/j.jiec.2017.11.033,-4.664395594436392,-0.9368766524007123,3.72751894203568,3.72751894203568,0.0094249429903424,0.39184980920144413,41.57582805572053,medium,0.3535765440341886,0.4649634589636332,,,unknown,no,large_over_prediction,selected model primary split test residual,unknown,unknown,unknown,large tau_eff overprediction; manual annotation missing; possible material-system outlier; possibly missing additive/structure feature,True
10.1557_opl.2013.217__sample_82401,unknown,n,Ti24.3Nb5.9Ni27Cu5.7Sn31.6Sb1.5,10.1557/opl.2013.217,2.7648993141924088,-0.9575257163927785,-3.722425030585187,3.722425030585187,15.877441277133814,0.3838414445837807,0.024175270932135454,medium,0.1270352401729486,0.2202234095894868,,,unknown,no,large_under_prediction,selected model primary split test residual,unknown,unknown,unknown,large tau_eff underprediction; manual annotation missing; possible material-system outlier; possibly missing additive/structure feature,True
10.1016_j.mtphys.2020.100180__sample_34196,unknown,p,Cu2.9Ag0.1ErTe3,10.1016/j.mtphys.2020.100180,1.1982146633672943,-2.516467382546565,-3.714682045913859,3.714682045913859,3.3141946845369814,0.08074434239557832,0.024363186258280697,medium,0.4582890547126108,0.7332342711036869,0.8445995,0.1271509207205066,unknown,no,large_under_prediction,selected model primary split test residual,unknown,unknown,unknown,large tau_eff underprediction; manual annotation missing; possible material-system outlier; possibly missing additive/structure feature,True
10.1016_j.mtener.2020.100492__sample_36373,unknown,p,Cement with GnP and ZnO,10.1016/j.mtener.2020.100492,-3.695985827827518,0.014952264129998793,3.710938091957517,3.710938091957517,0.0248229704213395,1.0150646084669874,40.892149135961965,medium,0.0855660641344875,0.1215515531360272,0.01014908,0.0084511965399594,unknown,no,large_over_prediction,selected model primary split test residual,unknown,unknown,unknown,large tau_eff overprediction; manual annotation missing; possible material-system outlier; possibly missing additive/structure feature,True
10.1063_1.3510585__sample_26345,unknown,n,Sr5Nb5O17,10.1063/1.3510585,-4.545305961809985,-0.8575859543298484,3.687720007480137,3.687720007480137,0.0106169238460261,0.42418484891628877,39.95364901058988,medium,0.4962014381250519,0.7014486994367499,,,unknown,no,large_over_prediction,selected model primary split test residual,unknown,unknown,unknown,large tau_eff overprediction; manual annotation missing; possible material-system outlier; possibly missing additive/structure feature,True
10.1063_1.3679561__sample_25015,unknown,p,Nd0.95Ca0.05CoO3,10.1063/1.3679561,-2.5458355465221336,1.1227467696035298,3.668582316125663,3.668582316125663,0.0784075114799387,3.0732842240200084,39.19629849247718,medium,0.2848460771522305,0.3732413131284617,,,unknown,no,large_over_prediction,selected model primary split test residual,unknown,unknown,unknown,large tau_eff overprediction; manual annotation missing; possible material-system outlier; possibly missing additive/structure feature,True
10.1016_j.jssc.2012.03.042__sample_8648,unknown,p,Sb1.9885Cr0.0115Te3,10.1016/j.jssc.2012.03.042,-2.113379356833262,1.5489689508354103,3.6623483076686725,3.6623483076686725,0.1208289515758885,4.706614928627883,38.95270849612413,medium,0.1468210320313916,0.2956110967089755,0.2418587,0.0026050929381159,unknown,no,large_over_prediction,selected model primary split test residual,unknown,unknown,unknown,large tau_eff overprediction; manual annotation missing; possible material-system outlier; possibly missing additive/structure feature,True
10.1016_j.jallcom.2013.10.104__sample_732,unknown,p,Ba8Au5.33Ge40.67,10.1016/j.jallcom.2013.10.104,1.1586176421695111,-2.4892882592431222,-3.647905901412633,3.647905901412633,3.185526693312047,0.08296899798257291,0.02604561379340024,medium,0.3686158312795868,0.5269600073454911,,,unknown,no,large_under_prediction,selected model primary split test residual,unknown,unknown,unknown,large tau_eff underprediction; manual annotation missing; possible material-system outlier; possibly missing additive/structure feature,True
10.1016_j.mtphys.2020.100180__sample_34197,unknown,p,Cu2.7Ag0.3ErTe3,10.1016/j.mtphys.2020.100180,1.1292591222126631,-2.516467382546565,-3.645726504759228,3.645726504759228,3.0933638463795314,0.08074434239557832,0.02610243941723227,low,0.5657610154184959,0.8130442103266021,0.7135401,1.9059901501203624,unknown,no,large_under_prediction,selected model primary split test residual,unknown,unknown,unknown,large tau_eff underprediction; low target quality; manual annotation missing; possible material-system outlier; possibly missing additive/structure feature,True
10.1063_1.4916786__sample_47072,unknown,n,YbCu1Si2,10.1063/1.4916786,3.145341475836989,-0.49340426031398027,-3.638745736150969,3.638745736150969,23.22760578532913,0.61054440029866,0.026285291990114975,medium,0.0957643312615253,0.1836687962513462,,,unknown,no,large_under_prediction,selected model primary split test residual,unknown,unknown,unknown,large tau_eff underprediction; manual annotation missing; possible material-system outlier; possibly missing additive/structure feature,True
10.1002_pssa.200723480__sample_26667,unknown,p,YBa2Cu2.98Ag0.02O7,10.1002/pssa.200723480,2.211568043837924,-1.3264951934474414,-3.5380632372853658,3.5380632372853658,9.130021448504646,0.26540582921316574,0.029069573462681738,medium,0.1188603875465681,0.1766295816987091,,,unknown,no,large_under_prediction,selected model primary split test residual,unknown,unknown,unknown,large tau_eff underprediction; manual annotation missing; possible material-system outlier; possibly missing additive/structure feature,True
10.1063_1.3475650__sample_22390,unknown,n,ZnO,10.1063/1.3475650,-0.2299532478588872,-3.7425650049474477,-3.5126117570885604,3.5126117570885604,0.7945707495187816,0.02369325181457825,0.029818932837544887,medium,0.1309058891478681,0.0956929533112097,0.02977735,,unknown,no,large_under_prediction,selected model primary split test residual,unknown,unknown,unknown,large tau_eff underprediction; manual annotation missing; possible material-system outlier; possibly missing additive/structure feature,True
10.1088_0953-8984_28_16_165603__sample_18072,unknown,n,CePd3Be0.4,10.1088/0953-8984/28/16/165603,2.948745492715196,-0.49340426031398027,-3.442149753029176,3.442149753029176,19.08200019817691,0.61054440029866,0.03199582821286163,medium,0.1577690548317716,0.3215347617474285,,,unknown,no,large_under_prediction,selected model primary split test residual,unknown,unknown,unknown,large tau_eff underprediction; manual annotation missing; possible material-system outlier; possibly missing additive/structure feature,True
10.1007_s11664-016-4341-8__sample_17257,unknown,p,Bi,10.1007/s11664-016-4341-8,2.8845562391534534,-0.530956643288593,-3.415512882442046,3.415512882442046,17.89562445576524,0.5880421539343546,0.032859549293062604,medium,0.4560206687359386,0.7038046341560562,,,unknown,no,large_under_prediction,selected model primary split test residual,unknown,unknown,unknown,large tau_eff underprediction; manual annotation missing; possible material-system outlier; possibly missing additive/structure feature,True
10.1007_bf00661543__sample_17667,unknown,p,Pd99.95Ru0.05,10.1007/bf00661543,4.894079721861466,1.5007531994885266,-3.3933265223729396,3.3933265223729396,133.4970956084192,4.485065947825132,0.033596730530984484,medium,4.2425333993696606e-05,4.466216170752897e-05,,,unknown,no,large_under_prediction,selected model primary split test residual,unknown,unknown,unknown,large tau_eff underprediction; manual annotation missing; possible material-system outlier; possibly missing additive/structure feature,True
10.1016_j.jallcom.2015.09.082__sample_12542,unknown,n,VCoSb0.98Sn0.02,10.1016/j.jallcom.2015.09.082,1.1791454367476673,-2.2122229749870517,-3.391368411734719,3.391368411734719,3.251594322247637,0.10945705756640264,0.033662581096752985,medium,0.0857917310229685,0.1158359168701974,0.05874079,0.4917485448179789,unknown,no,large_under_prediction,selected model primary split test residual,unknown,unknown,unknown,large tau_eff underprediction; manual annotation missing; possible material-system outlier; possibly missing additive/structure feature,True
10.1016_j.ceramint.2011.06.068__sample_21658,unknown,n,(ZnO)5.0In2O3,10.1016/j.ceramint.2011.06.068,-4.106183480833655,-0.7207544317071167,3.3854290491265386,3.3854290491265386,0.0164705147607477,0.48638517311144586,29.53066010241478,medium,0.4832118795090556,0.4921132609561524,,,unknown,no,large_over_prediction,selected model primary split test residual,unknown,unknown,unknown,large tau_eff overprediction; manual annotation missing; possible material-system outlier; possibly missing additive/structure feature,True
10.1016_j.physc.2012.08.003__sample_27397,unknown,n,Bi4O4S3,10.1016/j.physc.2012.08.003,0.9961542804816252,-2.3610692366647896,-3.357223517146415,3.357223517146415,2.707848154326144,0.09431931958629626,0.03483183480418159,medium,0.1196443099292577,0.1331274369257332,,,unknown,no,large_under_prediction,selected model primary split test residual,unknown,unknown,unknown,large tau_eff underprediction; manual annotation missing; possible material-system outlier; possibly missing additive/structure feature,True
10.1021_acsaem.1c01859__sample_45952,unknown,p,Cu2SnS3,10.1021/acsaem.1c01859,-5.887836234062529,-2.548260983472202,3.3395752505903276,3.3395752505903276,0.0027729702688463,0.07821756944376393,28.207143193174772,medium,0.1842074976437999,0.226948485194443,,0.0164096490527757,unknown,no,large_over_prediction,selected model primary split test residual,unknown,unknown,unknown,large tau_eff overprediction; manual annotation missing; possible material-system outlier; possibly missing additive/structure feature,True
10.1016_j.intermet.2015.07.010__sample_14688,unknown,n,GaPd2,10.1016/j.intermet.2015.07.010,4.448555817984472,1.1221816246097616,-3.3263741933747104,3.3263741933747104,85.50337236107623,3.071547863520313,0.03592311950631992,medium,0.1635487168083608,0.0978550593631322,,,unknown,no,large_under_prediction,selected model primary split test residual,unknown,unknown,unknown,large tau_eff underprediction; manual annotation missing; possible material-system outlier; possibly missing additive/structure feature,True
10.1007_s11664-010-1501-0__sample_12776,unknown,p,Zr0.5Hf0.5Co0.9Ir0.1Sb0.99Sn0.01,10.1007/s11664-010-1501-0,-3.7644339287500928,-0.4466144673133412,3.3178194614367515,3.3178194614367515,0.023180730467097,0.6397905208915521,27.600101808684514,medium,0.3640911530317758,0.4777928251850297,0.0014248,4.758983114381815e-06,unknown,no,large_over_prediction,selected model primary split test residual,unknown,unknown,unknown,large tau_eff overprediction; manual annotation missing; possible material-system outlier; possibly missing additive/structure feature,True
10.1063_1.4916786__sample_47075,unknown,n,YbCu2Si1.25Ge0.75,10.1063/1.4916786,3.492574611636629,0.1877617637668949,-3.3048128478697345,3.3048128478697345,32.87046754490684,1.2065460381240287,0.03670608081481271,medium,0.1505927227006172,0.0953887029797774,,,unknown,no,large_under_prediction,selected model primary split test residual,unknown,unknown,unknown,large tau_eff underprediction; manual annotation missing; possible material-system outlier; possibly missing additive/structure feature,True
10.1016_j.jallcom.2007.11.146__sample_11095,unknown,n,Bi0.85Sb0.15,10.1016/j.jallcom.2007.11.146,-1.7849577768333895,1.5140055862169677,3.2989633630503574,3.2989633630503574,0.1678041460730252,4.54489936839437,27.084547520157905,medium,0.1194613622765746,0.1994089058157783,,,unknown,no,large_over_prediction,selected model primary split test residual,unknown,unknown,unknown,large tau_eff overprediction; manual annotation missing; possible material-system outlier; possibly missing additive/structure feature,True
10.1016_j.intermet.2015.07.010__sample_14689,unknown,n,GaPd2,10.1016/j.intermet.2015.07.010,4.417934772575125,1.1221816246097616,-3.295753147965363,3.295753147965363,82.92484971864222,3.071547863520313,0.03704013783494144,medium,0.1400981191920129,0.1029784549965154,,,unknown,no,large_under_prediction,selected model primary split test residual,unknown,unknown,unknown,large tau_eff underprediction; manual annotation missing; possible material-system outlier; possibly missing additive/structure feature,True
10.2320_matertrans.e-m2011807__sample_20529,unknown,n,Fe2VAl0.90Si0.07Sb0.03,10.2320/matertrans.e-m2011807,1.6779792211502442,-1.5645090067031686,-3.242488227853413,3.242488227853413,5.354724316973121,0.20919069919320962,0.03906656754113896,medium,0.0579471032601969,0.0953757097548829,,,unknown,no,large_under_prediction,selected model primary split test residual,unknown,unknown,unknown,large tau_eff underprediction; manual annotation missing; possible material-system outlier; possibly missing additive/structure feature,True
10.2320_matertrans.m2015357__sample_513,unknown,p,FeAl0.12Si1.74,10.2320/matertrans.m2015357,2.1374357231217225,-1.102479904615489,-3.2399156277372114,3.2399156277372114,8.47767063771952,0.33204661788207873,0.0391671995848377,low,0.4866083717992943,0.9632926609430388,,,unknown,no,large_under_prediction,selected model primary split test residual,unknown,unknown,unknown,large tau_eff underprediction; low target quality; manual annotation missing; possible material-system outlier; possibly missing additive/structure feature,True
10.1016_j.matlet.2021.131127__sample_44449,unknown,p,(CsSnI3)0.99(PbI2)0.01,10.1016/j.matlet.2021.131127,-2.499543187295157,0.6775637098813112,3.177106897176468,3.177106897176468,0.0821225046601119,1.969074646646618,23.977284360678134,low,0.3904766149024322,,0.09791535,0.0569750270269229,unknown,no,large_over_prediction,selected model primary split test residual,unknown,unknown,unknown,large tau_eff overprediction; low target quality; manual annotation missing; possible material-system outlier; possibly missing additive/structure feature,True
10.1016_j.mseb.2008.12.029__sample_9239,unknown,n,Mg2Si0.8Sn0.2,10.1016/j.mseb.2008.12.029,-3.2877040473185466,-0.1344920254142135,3.153212021904333,3.153212021904333,0.037339480736768,0.8741598499114908,23.411141040606648,low,0.426749468988211,0.8364754047217686,,0.0305525452981373,unknown,no,large_over_prediction,selected model primary split test residual,unknown,unknown,unknown,large tau_eff overprediction; low target quality; manual annotation missing; possible material-system outlier; possibly missing additive/structure feature,True
10.1039_c6ta09189j__sample_2789,unknown,p,PbTe0.5Se0.5,10.1039/c6ta09189j,-3.6633542052603487,-0.5292946539279255,3.134059551332423,3.134059551332423,0.025646345189401,0.589020286335489,22.967026372978733,low,0.4933729654407687,0.8538018344858657,0.1972889,0.0244704970151056,unknown,no,large_over_prediction,selected model primary split test residual,unknown,unknown,unknown,large tau_eff overprediction; low target quality; manual annotation missing; possible material-system outlier; possibly missing additive/structure feature,True
10.1007_s11664-009-0975-0__sample_18953,unknown,p,Cr1.3Mo6S8,10.1007/s11664-009-0975-0,1.6649697247183448,-1.4681124679527826,-3.1330821926711274,3.1330821926711274,5.28551322693677,0.2303598867529516,0.04358325802288403,medium,0.1606475183129589,0.3301673215130096,,,unknown,no,large_under_prediction,selected model primary split test residual,unknown,unknown,unknown,large tau_eff underprediction; manual annotation missing; possible material-system outlier; possibly missing additive/structure feature,True
10.1063_1.4916786__sample_47074,unknown,n,YbCu2Si1.50Ge0.50,10.1063/1.4916786,3.317201101459928,0.1877617637668949,-3.129439337693033,3.129439337693033,27.583040285994723,1.2065460381240287,0.04374231504627327,medium,0.1224233372921628,0.1359120354134872,,,unknown,no,large_under_prediction,selected model primary split test residual,unknown,unknown,unknown,large tau_eff underprediction; manual annotation missing; possible material-system outlier; possibly missing additive/structure feature,True
10.1016_j.mattod.2017.11.005__sample_41016,unknown,p,Sn0.97Na0.03Se0.9S0.1,10.1016/j.mattod.2017.11.005,0.1375961532136884,-2.9710036329340466,-3.108599786147735,3.108599786147735,1.14751203763778,0.05125184646977775,0.044663449958470706,medium,0.5845360214569235,0.4895854265437497,2.298333,4.326452701432048,unknown,no,large_under_prediction,selected model primary split test residual,unknown,unknown,unknown,large tau_eff underprediction; manual annotation missing; possible material-system outlier; possibly missing additive/structure feature,True
10.1016_j.jallcom.2010.05.039__sample_3625,unknown,n,CoSb3,10.1016/j.jallcom.2010.05.039,-0.9082258542053412,-4.008087157234893,-3.0998613030295523,3.0998613030295523,0.4032389945590305,0.01816811476660083,0.04505545101477328,medium,0.0782956622086608,0.1566525141047796,0.1203289,,unknown,no,large_under_prediction,selected model primary split test residual,unknown,unknown,unknown,large tau_eff underprediction; manual annotation missing; possible material-system outlier; possibly missing additive/structure feature,True
10.1039_c7cp02744c__sample_82326,unknown,p,TiFe1.9815Mn0.0185Sn,10.1039/c7cp02744c,2.367888645437073,-0.728789547079762,-3.0966781925168347,3.0966781925168347,10.674830122843144,0.48249267142266544,0.04519909599218595,medium,0.1362709131517264,0.1541515902208406,,,unknown,no,large_under_prediction,selected model primary split test residual,unknown,unknown,unknown,large tau_eff underprediction; manual annotation missing; possible material-system outlier; possibly missing additive/structure feature,True
10.1063_1.4916786__sample_47073,unknown,n,YbCu2Si1.75Ge0.25,10.1063/1.4916786,3.282327002204056,0.1877617637668949,-3.094565238437161,3.094565238437161,26.63768659046266,1.2065460381240287,0.0452947005749373,medium,0.119887176122767,0.2139259340554057,,,unknown,no,large_under_prediction,selected model primary split test residual,unknown,unknown,unknown,large tau_eff underprediction; manual annotation missing; possible material-system outlier; possibly missing additive/structure feature,True
10.1007_s11664-012-2048-z__sample_11442,unknown,n,TiNi2Sn,10.1007/s11664-012-2048-z,3.1197373421156973,0.02964705550667384,-3.0900902866090236,3.0900902866090236,22.640432174120217,1.0300909048743503,0.045497846372907345,medium,0.6095970265595191,0.7287285371269143,0.001573989,0.0013819003142892,unknown,no,large_under_prediction,selected model primary split test residual,unknown,unknown,unknown,large tau_eff underprediction; manual annotation missing; possible material-system outlier; possibly missing additive/structure feature,True
10.1016_j.jmat.2019.12.007__sample_34137,unknown,p,Mg3Sb2,10.1016/j.jmat.2019.12.007,-4.296487501776481,-1.2550179702166548,3.0414695315598257,3.0414695315598257,0.0136163023517379,0.28507072539572725,20.93598673353068,medium,0.4477398564751095,0.6239418067316308,,,unknown,no,large_over_prediction,selected model primary split test residual,unknown,unknown,unknown,large tau_eff overprediction; manual annotation missing; possible material-system outlier; possibly missing additive/structure feature,True
10.1039_c7cp02744c__sample_82327,unknown,p,TiFe1.98Mn0.02Sn,10.1039/c7cp02744c,2.3103346846342503,-0.728789547079762,-3.039124231714012,3.039124231714012,10.0777969744448,0.48249267142266544,0.04787680012270208,medium,0.1155087672621422,0.142060769409813,,,unknown,no,large_under_prediction,selected model primary split test residual,unknown,unknown,unknown,large tau_eff underprediction; manual annotation missing; possible material-system outlier; possibly missing additive/structure feature,True
10.1016_j.jallcom.2013.11.033__sample_27195,unknown,n,Pr0.45Bi0.15Sr0.4MnO3,10.1016/j.jallcom.2013.11.033,-3.2689021836137804,-0.23076380101851773,3.0381383825952626,3.0381383825952626,0.0380481740646708,0.793926968631772,20.86636187277549,medium,0.2428445319002284,0.491442812128689,,,unknown,no,large_over_prediction,selected model primary split test residual,unknown,unknown,unknown,large tau_eff overprediction; manual annotation missing; possible material-system outlier; possibly missing additive/structure feature,True
10.1002_pssa.200723480__sample_26666,unknown,p,YBa2Cu2.99Ag0.01O7,10.1002/pssa.200723480,1.687988201365593,-1.3264951934474414,-3.014483394813034,3.014483394813034,5.40858876112208,0.26540582921316574,0.04907117936585439,medium,0.1606017059210568,0.1817352580918572,,,unknown,no,large_under_prediction,selected model primary split test residual,unknown,unknown,unknown,large tau_eff underprediction; manual annotation missing; possible material-system outlier; possibly missing additive/structure feature,True
10.1039_c9qm00487d__sample_34194,unknown,n,Ag1.9Sn0.1Se,10.1039/c9qm00487d,2.0759487498070643,-0.9369687309727296,-3.012917480779794,3.012917480779794,7.972106406633474,0.39181372989165875,0.04914808080906149,medium,0.3010827396568257,0.1731886961825876,,,unknown,no,large_under_prediction,selected model primary split test residual,unknown,unknown,unknown,large tau_eff underprediction; manual annotation missing; possible material-system outlier; possibly missing additive/structure feature,True
10.1016_j.physb.2014.03.023__sample_18134,unknown,n,Ce4Sb1.5Ge1.5,10.1016/j.physb.2014.03.023,2.0284214941515284,-0.9801290018763744,-3.008550496027903,3.008550496027903,7.602076959878706,0.3752626861381561,0.04936317905207626,medium,0.1366218870256651,0.2372333052421308,,,unknown,no,large_under_prediction,selected model primary split test residual,unknown,unknown,unknown,large tau_eff underprediction; manual annotation missing; possible material-system outlier; possibly missing additive/structure feature,True
10.1007_s11664-015-4070-4__sample_22397,unknown,n,Zn0.98Al0.02OC0.007,10.1007/s11664-015-4070-4,1.1446745348440208,-1.8600288626244836,-3.0047033974685045,3.0047033974685045,3.141418768090338,0.1556681373121656,0.049553449827638214,medium,0.1202076741541066,0.0356332865830755,0.08010458,0.0629035068829368,unknown,no,large_under_prediction,selected model primary split test residual,unknown,unknown,unknown,large tau_eff underprediction; manual annotation missing; possible material-system outlier; possibly missing additive/structure feature,True
10.1016_j.matchemphys.2011.09.010__sample_7444,unknown,n,Bi1.995Ag0.005S3,10.1016/j.matchemphys.2011.09.010,-4.437725404812689,-1.444029475833869,2.99369592897882,2.99369592897882,0.0118228000427025,0.2359749848827954,19.95931454735619,low,0.4143065483308871,,0.124736,0.0808575442823637,unknown,no,large_over_prediction,selected model primary split test residual,unknown,unknown,unknown,large tau_eff overprediction; low target quality; manual annotation missing; possible material-system outlier; possibly missing additive/structure feature,True
10.1021_jacs.0c05650__sample_38431,unknown,p,NaSn50SbTe52,10.1021/jacs.0c05650,1.8273454827896003,-1.1643729341194855,-2.9917184169090856,2.9917184169090856,6.217360643102323,0.3121183194299945,0.050201096147810806,medium,0.2873449171888017,0.414295710162428,0.7896978,0.1355429305317044,unknown,no,large_under_prediction,selected model primary split test residual,unknown,unknown,unknown,large tau_eff underprediction; manual annotation missing; possible material-system outlier; possibly missing additive/structure feature,True
10.1007_s11664-014-3294-z__sample_28850,unknown,p,BiCuSeO/Polyaniline,10.1007/s11664-014-3294-z,-4.254097306563504,-1.2660273083440652,2.988069998219439,2.988069998219439,0.0142059085398362,0.2819494982379636,19.847340101291024,medium,0.1092222471492753,0.2104309082592242,,,unknown,no,large_over_prediction,selected model primary split test residual,unknown,unknown,unknown,large tau_eff overprediction; manual annotation missing; possible material-system outlier; possibly missing additive/structure feature,True
10.1016_j.jssc.2011.09.031__sample_30450,unknown,p,Bi2Te3,10.1016/j.jssc.2011.09.031,1.5733438290054034,-1.4115528988194261,-2.9848967278248297,2.9848967278248297,4.8227477054303405,0.24376444756006013,0.050544723143113014,low,0.5853803000761704,0.9371829273745031,,,unknown,no,large_under_prediction,selected model primary split test residual,unknown,unknown,unknown,large tau_eff underprediction; low target quality; manual annotation missing; possible material-system outlier; possibly missing additive/structure feature,True
10.1039_c4dt01457j__sample_13006,unknown,p,Cu1.975Sn1.025Se3,10.1039/c4dt01457j,-2.5613249675713465,0.4223489852087585,2.983673952780105,2.983673952780105,0.0772023819948879,1.525540822978338,19.760281788706397,medium,0.3373257106261324,0.2768943286573426,,,unknown,no,large_over_prediction,selected model primary split test residual,unknown,unknown,unknown,large tau_eff overprediction; manual annotation missing; possible material-system outlier; possibly missing additive/structure feature,True
10.1007_s11664-010-1474-z__sample_8209,unknown,n,Co0.05Ti0.95S2,10.1007/s11664-010-1474-z,-2.2377407256414954,0.7294133057113165,2.9671540313528117,2.9671540313528117,0.1066992952523414,2.0738635267951535,19.436525066923014,medium,0.1856534921768307,0.3047796400325734,,,unknown,no,large_over_prediction,selected model primary split test residual,unknown,unknown,unknown,large tau_eff overprediction; manual annotation missing; possible material-system outlier; possibly missing additive/structure feature,True
10.1007_s11664-010-1474-z__sample_8210,unknown,n,Co0.1Ti0.9S2,10.1007/s11664-010-1474-z,-2.2335915112957228,0.7294133057113165,2.963004817007039,2.963004817007039,0.1071429332369596,2.0738635267951535,19.356045836532704,medium,0.1524992786455016,0.2274024465219655,,,unknown,no,large_over_prediction,selected model primary split test residual,unknown,unknown,unknown,large tau_eff overprediction; manual annotation missing; possible material-system outlier; possibly missing additive/structure feature,True
10.1063_1.1427141__sample_5832,unknown,p,CeFe4Sb12,10.1063/1.1427141,-2.1666431169812674,0.7870965404263982,2.9537396574076658,2.9537396574076658,0.1145615418491901,2.1970082322269864,19.177537215055544,medium,0.1982632217973789,0.3992008387017121,,,unknown,no,large_over_prediction,selected model primary split test residual,unknown,unknown,unknown,large tau_eff overprediction; manual annotation missing; possible material-system outlier; possibly missing additive/structure feature,True
10.7567_apex.7.115801__sample_25611,unknown,n,Ru2Sn2.85,10.7567/apex.7.115801,-1.3669283425918173,1.5807113263346317,2.947639668926449,2.947639668926449,0.2548886890655661,4.858410497718507,19.060910531297676,low,0.6822530059681667,0.934143823366422,,,unknown,no,large_over_prediction,selected model primary split test residual,unknown,unknown,unknown,large tau_eff overprediction; low target quality; manual annotation missing; possible material-system outlier; possibly missing additive/structure feature,True
10.1039_c7cp02744c__sample_82325,unknown,p,TiFe1.9844Mn0.0156Sn,10.1039/c7cp02744c,2.1914887773636176,-0.728789547079762,-2.9202783244433794,2.9202783244433794,8.948525564901395,0.48249267142266544,0.053918678325637896,medium,0.140627449721443,0.1601553584708502,,,unknown,no,large_under_prediction,selected model primary split test residual,unknown,unknown,unknown,large tau_eff underprediction; manual annotation missing; possible material-system outlier; possibly missing additive/structure feature,True
10.1103_physrevb.81.125205__sample_15085,unknown,n,La3Te3.80Sb0.20,10.1103/physrevb.81.125205,1.2319225288839355,-1.6847266460972496,-2.916649174981185,2.916649174981185,3.427813275578382,0.18549513084424316,0.054114712772078924,medium,0.3046062488630285,0.4645581341542459,,,unknown,no,large_under_prediction,selected model primary split test residual,unknown,unknown,unknown,large tau_eff underprediction; manual annotation missing; possible material-system outlier; possibly missing additive/structure feature,True
10.1016_j.ceramint.2015.09.032__sample_15826,unknown,p,Zn0.85Al0.15Te,10.1016/j.ceramint.2015.09.032,-3.647561477606031,-0.7389603655829531,2.908601112023078,2.908601112023078,0.026054586067892,0.47761019749967476,18.331137414930993,low,0.6008295259149603,0.9393477904523196,,,unknown,no,large_over_prediction,selected model primary split test residual,unknown,unknown,unknown,large tau_eff overprediction; low target quality; manual annotation missing; possible material-system outlier; possibly missing additive/structure feature,True
10.1007_s11664-012-1987-8__sample_10119,unknown,p,MnSi1.73,10.1007/s11664-012-1987-8,-3.083087185362918,-0.1755904499929029,2.9074967353700147,2.9074967353700147,0.0458175906916764,0.8389615096789076,18.310904109397445,medium,0.255697742749014,0.2239977242297549,,0.0027776940292613,unknown,no,large_over_prediction,selected model primary split test residual,unknown,unknown,unknown,large tau_eff overprediction; manual annotation missing; possible material-system outlier; possibly missing additive/structure feature,True
10.1039_c7cp02744c__sample_82329,unknown,p,TiFe1.95Mn0.05Sn,10.1039/c7cp02744c,2.1772044150693284,-0.728789547079762,-2.9059939621490902,2.9059939621490902,8.821610194308573,0.48249267142266544,0.054694399411793854,medium,0.1215997612388314,0.1808453963668256,,,unknown,no,large_under_prediction,selected model primary split test residual,unknown,unknown,unknown,large tau_eff underprediction; manual annotation missing; possible material-system outlier; possibly missing additive/structure feature,True
10.1039_c7cp02744c__sample_82328,unknown,p,TiFe1.97Mn0.03Sn,10.1039/c7cp02744c,2.176835936890132,-0.728789547079762,-2.905625483969894,2.905625483969894,8.818360222255253,0.48249267142266544,0.05471455681805549,medium,0.1566775854316097,0.1603667646339455,,,unknown,no,large_under_prediction,selected model primary split test residual,unknown,unknown,unknown,large tau_eff underprediction; manual annotation missing; possible material-system outlier; possibly missing additive/structure feature,True
10.1002_ejic.201100282__sample_6271,unknown,n,YbMn2Sb2,10.1002/ejic.201100282,-2.0072708771368224,0.8969723070041313,2.9042431841409537,2.9042431841409537,0.1343548456597886,2.4521674501741995,18.251425455718525,medium,0.40542807825786,0.7561625584920129,0.01394612,1.5902277927419012e-05,unknown,no,large_over_prediction,selected model primary split test residual,unknown,unknown,unknown,large tau_eff overprediction; manual annotation missing; possible material-system outlier; possibly missing additive/structure feature,True
10.1143_jpsj.72.1745__sample_17759,unknown,n,Yb2Pt3Sn5,10.1143/jpsj.72.1745,3.2510914641453432,0.34698100488562117,-2.904110459259722,2.904110459259722,25.81850451603777,1.4147898510201466,0.05479751354852163,medium,0.3157567925871259,0.1071555938566752,,,unknown,no,large_under_prediction,selected model primary split test residual,unknown,unknown,unknown,large tau_eff underprediction; manual annotation missing; possible material-system outlier; possibly missing additive/structure feature,True
10.1007_s11664-014-3294-z__sample_28849,unknown,p,BiCuSeO/Polyaniline,10.1007/s11664-014-3294-z,-4.168995504461447,-1.2660273083440652,2.9029681961173814,2.9029681961173814,0.0154677896486279,0.2819494982379636,18.228169935254744,medium,0.1385340150422301,0.2584395068605855,,,unknown,no,large_over_prediction,selected model primary split test residual,unknown,unknown,unknown,large tau_eff overprediction; manual annotation missing; possible material-system outlier; possibly missing additive/structure feature,True
10.1016_j.jallcom.2010.05.039__sample_3626,unknown,n,CoSb3,10.1016/j.jallcom.2010.05.039,-1.1077908849816132,-4.008087157234893,-2.9002962722532803,2.9002962722532803,0.3302877994730638,0.01816811476660083,0.05500692061767334,medium,0.112574226028425,0.2084506146507437,0.1505263,0.1424283853550492,unknown,no,large_under_prediction,selected model primary split test residual,unknown,unknown,unknown,large tau_eff underprediction; manual annotation missing; possible material-system outlier; possibly missing additive/structure feature,True
10.1007_s11664-009-0975-0__sample_18954,unknown,p,Mn1.3Mo6S8,10.1007/s11664-009-0975-0,1.4221281623780668,-1.4681124679527826,-2.890240630330849,2.890240630330849,4.145934279640019,0.2303598867529516,0.055562840897939454,medium,0.1908419085056143,0.3982002116754046,,,unknown,no,large_under_prediction,selected model primary split test residual,unknown,unknown,unknown,large tau_eff underprediction; manual annotation missing; possible material-system outlier; possibly missing additive/structure feature,True
10.1007_s11664-017-6013-8__sample_83525,unknown,n,Ti1.03NiSn,10.1007/s11664-017-6013-8,0.5775648748108143,-2.308930946483032,-2.8864958212938463,2.8864958212938463,1.781694494739069,0.09936742389156474,0.05577130320881257,medium,0.2023276251520078,0.2629459731056197,,,unknown,no,large_under_prediction,selected model primary split test residual,unknown,unknown,unknown,large tau_eff underprediction; manual annotation missing; possible material-system outlier; possibly missing additive/structure feature,True
10.1007_s11664-015-3960-9__sample_913,unknown,n,K8Li1Ge43.75,10.1007/s11664-015-3960-9,-3.8155799767304175,-0.9298014521679334,2.8857785245624843,2.8857785245624843,0.0220249367977998,0.3946320559328425,17.917511389738227,medium,0.1938259964501186,0.2424903042075862,,,unknown,no,large_over_prediction,selected model primary split test residual,unknown,unknown,unknown,large tau_eff overprediction; manual annotation missing; possible material-system outlier; possibly missing additive/structure feature,True
10.1021_am507882f__sample_29058,unknown,n,Zn0.98Al0.02OC0.1,10.1021/am507882f,1.023297907852292,-1.8600288626244836,-2.8833267704767755,2.8833267704767755,2.7823556022496465,0.1556681373121656,0.055948325651222174,medium,0.1321827698677555,0.2693319112422377,,,unknown,no,large_under_prediction,selected model primary split test residual,unknown,unknown,unknown,large tau_eff underprediction; manual annotation missing; possible material-system outlier; possibly missing additive/structure feature,True
10.1016_j.actamat.2009.07.005__sample_18881,unknown,p,Ru0.15Mn0.85Si1.725,10.1016/j.actamat.2009.07.005,0.0086827379030311,2.880874564216054,2.872191826313023,2.872191826313023,1.0087205422075192,17.82985972019195,17.675717876402583,medium,0.2893315845658818,0.6501646273998672,,,unknown,no,large_over_prediction,selected model primary split test residual,unknown,unknown,unknown,large tau_eff overprediction; manual annotation missing; possible material-system outlier; possibly missing additive/structure feature,True
10.1063_1.3093833__sample_46744,unknown,n,(PbI2)0.00023(Ge0.8Si0.2)0.05(PbTe)0.95,10.1063/1.3093833,0.3407274480563993,-2.527161880687081,-2.8678893287434803,2.8678893287434803,1.405969988783405,0.07988542321711396,0.05681872575832102,low,0.4924711991413823,0.8525815166402467,0.8156763,,unknown,no,large_under_prediction,selected model primary split test residual,unknown,unknown,unknown,large tau_eff underprediction; low target quality; manual annotation missing; possible material-system outlier; possibly missing additive/structure feature,True
10.1557_jmr.2011.153__sample_19934,unknown,n,RuIn2.99Sn0.01,10.1557/jmr.2011.153,-1.281285565481212,1.5807113263346317,2.861996891815844,2.861996891815844,0.2776800949519687,4.858410497718507,17.496430554587945,medium,0.1710170207334552,0.1405357927354237,,,unknown,no,large_over_prediction,selected model primary split test residual,unknown,unknown,unknown,large tau_eff overprediction; manual annotation missing; possible material-system outlier; possibly missing additive/structure feature,True
10.1002_adma.201400515__sample_7653,unknown,p,Cu1.98S,10.1002/adma.201400515,-1.9296605973553296,0.9308491991324996,2.860509796487829,2.860509796487829,0.1451974705271161,2.536662394738458,17.470431031129625,medium,0.439224346498371,0.7026420487232127,1.362581,0.5571696810831649,not_checked,no,large_over_prediction,selected model primary split test residual,unknown,unknown,not_checked,large tau_eff overprediction; manual annotation missing; possible material-system outlier; possibly missing additive/structure feature,True
10.1063_1.4900953__sample_7027,unknown,n,LaOBiS2,10.1063/1.4900953,-1.722248752976571,1.1221816246097616,2.844430377586333,2.844430377586333,0.1786639247980857,3.071547863520313,17.191763065720043,medium,0.2366261692325407,0.4720767878978833,,,unknown,no,large_over_prediction,selected model primary split test residual,unknown,unknown,unknown,large tau_eff overprediction; manual annotation missing; possible material-system outlier; possibly missing additive/structure feature,True
10.1016_j.matchemphys.2011.09.010__sample_7446,unknown,n,Bi1.985Ag0.015S3,10.1016/j.matchemphys.2011.09.010,-4.284937385277366,-1.444029475833869,2.840907909443497,2.840907909443497,0.0137744839797867,0.2359749848827954,17.131312158704148,low,0.4622231049023854,,0.1422031,0.08310567113661,unknown,no,large_over_prediction,selected model primary split test residual,unknown,unknown,unknown,large tau_eff overprediction; low target quality; manual annotation missing; possible material-system outlier; possibly missing additive/structure feature,True
10.1039_c7cp02744c__sample_82324,unknown,p,TiFe1.99Mn0.01Sn,10.1039/c7cp02744c,2.107972839986698,-0.728789547079762,-2.83676238706646,2.83676238706646,8.23153771583787,0.48249267142266544,0.058615132199944436,medium,0.1513709630733962,0.1928641963175525,,,unknown,no,large_under_prediction,selected model primary split test residual,unknown,unknown,unknown,large tau_eff underprediction; manual annotation missing; possible material-system outlier; possibly missing additive/structure feature,True
10.1016_j.jallcom.2007.11.146__sample_11096,unknown,n,Bi0.90Sb0.10,10.1016/j.jallcom.2007.11.146,-1.3198244581313312,1.5140055862169677,2.833830044348299,2.833830044348299,0.2671821995120659,4.54489936839437,17.010487138343674,medium,0.1742076321724037,0.2086802806596111,,,unknown,no,large_over_prediction,selected model primary split test residual,unknown,unknown,unknown,large tau_eff overprediction; manual annotation missing; possible material-system outlier; possibly missing additive/structure feature,True
10.1021_jacs.0c05650__sample_38435,unknown,p,NaSn25SbTe27,10.1021/jacs.0c05650,1.6666518168359368,-1.1643729341194855,-2.8310247509554225,2.8310247509554225,5.294411428772739,0.3121183194299945,0.05895241116581385,medium,0.266834018302829,0.3251099353096362,0.8224614,0.309066159022118,unknown,no,large_under_prediction,selected model primary split test residual,unknown,unknown,unknown,large tau_eff underprediction; manual annotation missing; possible material-system outlier; possibly missing additive/structure feature,True
10.1007_s11664-010-1260-y__sample_18898,unknown,p,Ru0.15Mn0.85Si1.5,10.1007/s11664-010-1260-y,0.0554504147072124,2.880874564216054,2.8254241495088412,2.8254241495088412,1.0570166032952018,17.82985972019195,16.868098064503588,medium,0.2881692214646681,0.6232923307320408,,,unknown,no,large_over_prediction,selected model primary split test residual,unknown,unknown,unknown,large tau_eff overprediction; manual annotation missing; possible material-system outlier; possibly missing additive/structure feature,True
10.1063_1.3475650__sample_22389,unknown,n,ZnO,10.1063/1.3475650,-0.928023643576709,-3.7425650049474477,-2.814541361370739,2.814541361370739,0.3953342601996926,0.02369325181457825,0.05993219965962534,medium,0.2294438985083171,0.145387199255681,0.02817936,,unknown,no,large_under_prediction,selected model primary split test residual,unknown,unknown,unknown,large tau_eff underprediction; manual annotation missing; possible material-system outlier; possibly missing additive/structure feature,True
10.1007_s11664-017-6013-8__sample_83524,unknown,n,Ti1.01NiSn,10.1007/s11664-017-6013-8,0.4940837762997148,-2.308930946483032,-2.8030147227827467,2.8030147227827467,1.638995864051037,0.09936742389156474,0.060627013204269144,medium,0.1572590095235407,0.2476301167009375,,,unknown,no,large_under_prediction,selected model primary split test residual,unknown,unknown,unknown,large tau_eff underprediction; manual annotation missing; possible material-system outlier; possibly missing additive/structure feature,True
10.1142_s0217979213501087__sample_30389,unknown,p,Ca2.9Ce0.1Co4O9,10.1142/s0217979213501087,-4.518462288932618,-1.7218214215764411,2.7966408673561767,2.7966408673561767,0.0109057807212133,0.17874028981864587,16.389499696337236,medium,0.6425915103063308,0.7492843472109244,,,unknown,no,large_over_prediction,selected model primary split test residual,unknown,unknown,unknown,large tau_eff overprediction; manual annotation missing; possible material-system outlier; possibly missing additive/structure feature,True
10.1016_j.matlet.2021.131127__sample_44447,unknown,p,(CsSnI3)0.999(PbI2)0.001,10.1016/j.matlet.2021.131127,-2.1155407062155085,0.6775637098813112,2.7931044160968197,2.7931044160968197,0.1205680800148897,1.969074646646618,16.33164139632517,low,0.3384504706907652,,0.1257789,0.1358695724637644,unknown,no,large_over_prediction,selected model primary split test residual,unknown,unknown,unknown,large tau_eff overprediction; low target quality; manual annotation missing; possible material-system outlier; possibly missing additive/structure feature,True
10.1063_1.3093833__sample_46743,unknown,n,(PbI2)0.00015(Ge0.8Si0.2)0.05(PbTe)0.95,10.1063/1.3093833,0.2632074324214341,-2.527161880687081,-2.790369313108515,2.790369313108515,1.30109658057596,0.07988542321711396,0.061398534443731195,medium,0.4109382940768278,0.6676848978532335,0.2961734,,unknown,no,large_under_prediction,selected model primary split test residual,unknown,unknown,unknown,large tau_eff underprediction; manual annotation missing; possible material-system outlier; possibly missing additive/structure feature,True
10.1016_j.actamat.2009.07.005__sample_18882,unknown,p,Ru0.1Mn0.9Si1.735,10.1016/j.actamat.2009.07.005,0.0943250663911134,2.880874564216054,2.7865494978249403,2.7865494978249403,1.098916908816884,17.82985972019195,16.224938916799392,medium,0.2236916817412386,0.5162431903785003,,,unknown,no,large_over_prediction,selected model primary split test residual,unknown,unknown,unknown,large tau_eff overprediction; manual annotation missing; possible material-system outlier; possibly missing additive/structure feature,True
10.1007_s11664-014-3294-z__sample_28848,unknown,p,BiCuSeO/Polyaniline,10.1007/s11664-014-3294-z,-4.051714225117874,-1.2660273083440652,2.785686916773809,2.785686916773809,0.0173925343510667,0.2819494982379636,16.210949626249917,medium,0.1169331621192776,0.1725410690230152,,,unknown,no,large_over_prediction,selected model primary split test residual,unknown,unknown,unknown,large tau_eff overprediction; manual annotation missing; possible material-system outlier; possibly missing additive/structure feature,True
10.1039_c8tc05148h__sample_41679,unknown,n,ZnO,10.1039/c8tc05148h,-6.511423700604778,-3.7425650049474477,2.7688586956573307,2.7688586956573307,0.001486362081379,0.02369325181457825,15.940430741207011,low,0.4245884033041271,0.8740129586947013,0.0003319502,,unknown,no,large_over_prediction,selected model primary split test residual,unknown,unknown,unknown,large tau_eff overprediction; low target quality; manual annotation missing; possible material-system outlier; possibly missing additive/structure feature,True
10.3724_sp.j.1077.2011.00680__sample_16914,unknown,p,AgNa0.01SbTe2,10.3724/sp.j.1077.2011.00680,-1.208621751554598,1.5582439193622928,2.766865670916891,2.766865670916891,0.2986085527199675,4.750471704669838,15.908692706215916,medium,0.3492264833932941,0.5544192405452232,1.229374,1.0753010770193745,unknown,no,large_over_prediction,selected model primary split test residual,unknown,unknown,unknown,large tau_eff overprediction; manual annotation missing; possible material-system outlier; possibly missing additive/structure feature,True
10.1021_ja410753k__sample_13975,unknown,p,Cu2ZnGeS4,10.1021/ja410753k,-5.401946764224795,-2.6365523800033563,2.765394384221439,2.765394384221439,0.0045077967775386,0.07160772068710626,15.885303668504406,medium,0.2202932212097017,0.2488880794877316,,,unknown,no,large_over_prediction,selected model primary split test residual,unknown,unknown,unknown,large tau_eff overprediction; manual annotation missing; possible material-system outlier; possibly missing additive/structure feature,True
10.1103_physrevb.88.205201__sample_24151,unknown,n,TiO2,10.1103/physrevb.88.205201,-3.067633559824245,-0.311597060733946,2.756036499090299,2.756036499090299,0.0465311378260228,0.7322765317583235,15.737344195112156,medium,0.4166059787836881,0.795137456229366,,,unknown,no,large_over_prediction,selected model primary split test residual,unknown,unknown,unknown,large tau_eff overprediction; manual annotation missing; possible material-system outlier; possibly missing additive/structure feature,True
10.1016_j.intermet.2015.07.010__sample_14687,unknown,n,GaPd2,10.1016/j.intermet.2015.07.010,3.87710713040567,1.1221816246097616,-2.7549255057959083,2.7549255057959083,48.28433256042012,3.071547863520313,0.06361375834856497,medium,0.2642194953278614,0.1842597135843131,,,unknown,no,large_under_prediction,selected model primary split test residual,unknown,unknown,unknown,large tau_eff underprediction; manual annotation missing; possible material-system outlier; possibly missing additive/structure feature,True
10.1021_ja403653m__sample_13265,unknown,p,CaCeAgSb,10.1021/ja403653m,2.119373504506423,-0.6345565162633382,-2.753930020769761,2.753930020769761,8.325919702225486,0.5301705582091014,0.06367711642323297,medium,0.3275860605076386,0.5522367925805232,,,unknown,no,large_under_prediction,selected model primary split test residual,unknown,unknown,unknown,large tau_eff underprediction; manual annotation missing; possible material-system outlier; possibly missing additive/structure feature,True
10.1063_1.3093833__sample_46745,unknown,n,(PbI2)0.00054(Ge0.8Si0.2)0.05(PbTe)0.95,10.1063/1.3093833,0.2264566551337689,-2.527161880687081,-2.75361853582085,2.75361853582085,1.2541482477677204,0.07988542321711396,0.06369695397597802,medium,0.3752029309403127,0.6496482479697759,0.6961968,,unknown,no,large_under_prediction,selected model primary split test residual,unknown,unknown,unknown,large tau_eff underprediction; manual annotation missing; possible material-system outlier; possibly missing additive/structure feature,True
10.1021_jacs.0c05650__sample_38432,unknown,p,NaSn20SbTe22,10.1021/jacs.0c05650,1.5865922181003729,-1.1643729341194855,-2.7509651522198584,2.7509651522198584,4.887066462734919,0.3121183194299945,0.06386619085497881,medium,0.2523178871058952,0.3115985686564599,0.9964109,0.2475981299064026,unknown,no,large_under_prediction,selected model primary split test residual,unknown,unknown,unknown,large tau_eff underprediction; manual annotation missing; possible material-system outlier; possibly missing additive/structure feature,True
10.1016_j.mseb.2003.10.014__sample_15594,unknown,p,Pb0.79Sn0.21Cd0.001Te,10.1016/j.mseb.2003.10.014,-2.482461707349118,0.25148534460219674,2.733947051951315,2.733947051951315,0.0835373278123341,1.2859340540506936,15.393526316038425,medium,0.5740546580023664,0.7063086608516083,,0.0308749994230555,unknown,no,large_over_prediction,selected model primary split test residual,unknown,unknown,unknown,large tau_eff overprediction; manual annotation missing; possible material-system outlier; possibly missing additive/structure feature,True
10.1557_jmr.2011.153__sample_19936,unknown,n,RuIn2.95Sn0.05,10.1557/jmr.2011.153,-1.135252837052135,1.5807113263346317,2.715964163386767,2.715964163386767,0.321340864185584,4.858410497718507,15.119180406861137,medium,0.1071342047034569,0.176260127527708,,,unknown,no,large_over_prediction,selected model primary split test residual,unknown,unknown,unknown,large tau_eff overprediction; manual annotation missing; possible material-system outlier; possibly missing additive/structure feature,True
10.1109_ict.2002.1190285__sample_29735,unknown,n,ZnO,10.1109/ict.2002.1190285,-1.0282773581332842,-3.7425650049474477,-2.7142876468141637,2.7142876468141637,0.357622485718615,0.02369325181457825,0.06625213111800975,medium,0.0739575530697724,0.0895171495302778,,,unknown,no,large_under_prediction,selected model primary split test residual,unknown,unknown,unknown,large tau_eff underprediction; manual annotation missing; possible material-system outlier; possibly missing additive/structure feature,True
10.1109_ict.2005.1519977__sample_15069,unknown,n,CaB6,10.1109/ict.2005.1519977,1.3185136469030114,-1.393987641670496,-2.7125012885735074,2.7125012885735074,3.737861464323945,0.24808405924703422,0.06637058692915052,medium,0.1475469187616886,0.1387542171098298,0.2314755,,unknown,no,large_under_prediction,selected model primary split test residual,unknown,unknown,unknown,large tau_eff underprediction; manual annotation missing; possible material-system outlier; possibly missing additive/structure feature,True
10.1021_jacs.0c05650__sample_38436,unknown,p,NaSn15SbTe17,10.1021/jacs.0c05650,1.5480934467271448,-1.1643729341194855,-2.7124663808466303,2.7124663808466303,4.702496071223229,0.3121183194299945,0.0663729038159101,medium,0.2375755828156875,0.2911340399340498,0.9432208,0.4511912035188407,unknown,no,large_under_prediction,selected model primary split test residual,unknown,unknown,unknown,large tau_eff underprediction; manual annotation missing; possible material-system outlier; possibly missing additive/structure feature,True
10.1016_j.actamat.2013.03.031__sample_4859,unknown,n,Ba0.03Sr0.01(Nd0.9513Pr0.0487)0.10Yb0.02Fe2.1Ni1.9Sb12,10.1016/j.actamat.2013.03.031,1.143257405703977,-1.5645090067031686,-2.7077664124071457,2.7077664124071457,3.1369701249084407,0.20919069919320962,0.06668558859779238,medium,0.2786402274680177,0.3498123113910598,,,unknown,no,large_under_prediction,selected model primary split test residual,unknown,unknown,unknown,large tau_eff underprediction; manual annotation missing; possible material-system outlier; possibly missing additive/structure feature,True
10.3365_eml.2010.12.187__sample_8311,unknown,n,Mg2SiBi0.005,10.3365/eml.2010.12.187,-1.3727368923118377,1.3318869839814793,2.704623876293317,2.704623876293317,0.2534124470053666,3.78818489170729,14.948693075155328,low,0.7645066258895752,,0.5139394,0.2457801693153114,unknown,no,large_over_prediction,selected model primary split test residual,unknown,unknown,unknown,large tau_eff overprediction; low target quality; manual annotation missing; possible material-system outlier; possibly missing additive/structure feature,True
10.1007_s11664-010-1501-0__sample_12777,unknown,p,Zr0.5Hf0.5Co0.9Ir0.1Sb0.99Sn0.01,10.1007/s11664-010-1501-0,-3.148495724171368,-0.4466144673133412,2.7018812568580266,2.7018812568580266,0.0429166367938889,0.6397905208915521,14.907750669378053,medium,0.1082805984316234,0.0921023075322426,0.005351958,0.0004128934703162,unknown,no,large_over_prediction,selected model primary split test residual,unknown,unknown,unknown,large tau_eff overprediction; manual annotation missing; possible material-system outlier; possibly missing additive/structure feature,True
10.1007_s11664-010-1413-z__sample_15024,unknown,p,Cu1.38Fe0.66Mo6Se8,10.1007/s11664-010-1413-z,1.0713661547302755,-1.6210513709395362,-2.6924175256698115,2.6924175256698115,2.9193650813119523,0.19769074348082075,0.06771703366129844,medium,0.1123632620218591,0.0467970157170212,,,unknown,no,large_under_prediction,selected model primary split test residual,unknown,unknown,unknown,large tau_eff underprediction; manual annotation missing; possible material-system outlier; possibly missing additive/structure feature,True
10.1002_adma.201501970__sample_6417,unknown,n,Na2.19Ga2.19Sn3.81,10.1002/adma.201501970,-0.5489229550387704,2.1201256065688328,2.669048561607603,2.669048561607603,0.5775715460251586,8.332183999004966,14.426236985438377,medium,0.0764878678562902,0.0636226494599781,,1.218272164774711,unknown,no,large_over_prediction,selected model primary split test residual,unknown,unknown,unknown,large tau_eff overprediction; manual annotation missing; possible material-system outlier; possibly missing additive/structure feature,True
10.1021_jacs.0c05650__sample_38447,unknown,p,NaSn50BiTe52,10.1021/jacs.0c05650,1.7375644346927557,-0.9162063205090902,-2.6537707552018457,2.6537707552018457,5.683484055236649,0.4000337659711217,0.0703853062810194,medium,0.3746097596543469,0.5658070556701338,0.8557477,0.1918321350134155,unknown,no,large_under_prediction,selected model primary split test residual,unknown,unknown,unknown,large tau_eff underprediction; manual annotation missing; possible material-system outlier; possibly missing additive/structure feature,True
10.1007_s11664-010-1501-0__sample_12775,unknown,p,Zr0.5Hf0.5CoSb0.99Sn0.01,10.1007/s11664-010-1501-0,-2.304423370507469,0.3422710677072479,2.646694438214717,2.646694438214717,0.0998163411083822,1.4081419475944736,14.10732883972866,medium,0.0861218665425593,0.118640507865349,0.0006107039,,unknown,no,large_over_prediction,selected model primary split test residual,unknown,unknown,unknown,large tau_eff overprediction; manual annotation missing; possible material-system outlier; possibly missing additive/structure feature,True
10.1063_1.3120280__sample_18445,unknown,n,Cr0.95V0.05N,10.1063/1.3120280,-1.82048608631956,0.8251797730752969,2.6456658593948568,2.6456658593948568,0.1619470115715491,2.282291022927478,14.092825800117646,medium,0.4424475363173783,0.7607120104758749,,,unknown,no,large_over_prediction,selected model primary split test residual,unknown,unknown,unknown,large tau_eff overprediction; manual annotation missing; possible material-system outlier; possibly missing additive/structure feature,True
10.1016_j.intermet.2014.06.014__sample_13136,unknown,p,Cu2Cd0.9Zn0.1SnSe4,10.1016/j.intermet.2014.06.014,-4.204321872246844,-1.5696940109599482,2.6346278612868956,2.6346278612868956,0.0149309076996916,0.2081088516432124,13.938124582171982,low,0.6884279442850292,,0.1206977,0.057358271047796,unknown,no,large_over_prediction,selected model primary split test residual,unknown,unknown,unknown,large tau_eff overprediction; low target quality; manual annotation missing; possible material-system outlier; possibly missing additive/structure feature,True
10.1007_s11664-009-0660-3__sample_8194,unknown,n,NdGdS3,10.1007/s11664-009-0660-3,-1.5056313019698162,1.1221816246097616,2.627812926579578,2.627812926579578,0.2218771781093393,3.071547863520313,13.843460105692703,medium,0.1637610133188694,0.241305106616415,,,unknown,no,large_over_prediction,selected model primary split test residual,unknown,unknown,unknown,large tau_eff overprediction; manual annotation missing; possible material-system outlier; possibly missing additive/structure feature,True
10.1021_jacs.8b12450__sample_45320,unknown,p,Sn0.98Na0.02Se0.985Te0.015,10.1021/jacs.8b12450,-0.0832836443954699,-2.6991141973578547,-2.6158305529623846,2.6158305529623846,0.9200901317948826,0.06726506993456735,0.07310704420158141,low,0.7184599428982058,0.994124766687398,1.800587,4.72182803109198,unknown,no,large_under_prediction,selected model primary split test residual,unknown,unknown,unknown,large tau_eff underprediction; low target quality; manual annotation missing; possible material-system outlier; possibly missing additive/structure feature,True
10.1016_j.jallcom.2013.09.124__sample_3733,unknown,n,Ba0.32Yb0.1Fe0.37Co3.67Sb12,10.1016/j.jallcom.2013.09.124,1.0187585322539057,-1.5927415478981346,-2.61150008015204,2.61150008015204,2.7697540683094504,0.20336730556323215,0.07342431874731738,medium,0.0786845845814056,0.1459130404566909,1.12177,0.9350547936310704,not_checked,no,large_under_prediction,selected model primary split test residual,unknown,unknown,not_checked,large tau_eff underprediction; manual annotation missing; possible material-system outlier; possibly missing additive/structure feature,True
10.1016_j.cap.2014.12.006__sample_1510,unknown,n,Cu0.008Bi1.98Sn0.02Te2.7Se0.3,10.1016/j.cap.2014.12.006,-0.2147479158912899,2.395042174849929,2.609790090741219,2.609790090741219,0.8067447820859668,10.968660650942354,13.596196584725519,low,0.1037323673912144,,,0.6251551510682157,unknown,no,large_over_prediction,selected model primary split test residual,unknown,unknown,unknown,large tau_eff overprediction; low target quality; manual annotation missing; possible material-system outlier; possibly missing additive/structure feature,True
10.1016_j.jallcom.2016.06.006__sample_7377,unknown,n,Mn0.03(Bi2Se3),10.1016/j.jallcom.2016.06.006,0.5713095768745196,-2.0243401174698135,-2.595649694344333,2.595649694344333,1.7705842500159414,0.13208097236339078,0.07459739482162546,medium,0.1051159032425533,0.0967357991962672,,,unknown,no,large_under_prediction,selected model primary split test residual,unknown,unknown,unknown,large tau_eff underprediction; manual annotation missing; possible material-system outlier; possibly missing additive/structure feature,True
10.1109_ict.2005.1519977__sample_15071,unknown,n,Ca0.5B3Sr0.5B3,10.1109/ict.2005.1519977,1.1982880203190378,-1.393987641670496,-2.5922756619895337,2.5922756619895337,3.3144378126739835,0.24808405924703422,0.07484951393518162,medium,0.1009465149105285,0.0748615515374316,0.3457217,,unknown,no,large_under_prediction,selected model primary split test residual,unknown,unknown,unknown,large tau_eff underprediction; manual annotation missing; possible material-system outlier; possibly missing additive/structure feature,True
10.1557_jmr.2011.153__sample_19935,unknown,n,RuIn2.975Sn0.025,10.1557/jmr.2011.153,-1.0090163653585682,1.5807113263346317,2.5897276916932,2.5897276916932,0.3645774142323714,4.858410497718507,13.326142289828994,medium,0.1392711346437567,0.128744673604733,,,unknown,no,large_over_prediction,selected model primary split test residual,unknown,unknown,unknown,large tau_eff overprediction; manual annotation missing; possible material-system outlier; possibly missing additive/structure feature,True
10.1063_1.1629393__sample_25588,unknown,n,LaNi0.7Co0.3O3,10.1063/1.1629393,0.1940722684027383,-2.3956250945918898,-2.5896973629946283,2.5896973629946283,1.214184026925893,0.09111570518291869,0.07504274736145897,medium,0.0664385246330727,0.0766161853350868,,,unknown,no,large_under_prediction,selected model primary split test residual,unknown,unknown,unknown,large tau_eff underprediction; manual annotation missing; possible material-system outlier; possibly missing additive/structure feature,True
10.1016_j.matchemphys.2011.09.010__sample_7443,unknown,n,Bi2S3,10.1016/j.matchemphys.2011.09.010,-5.969931831277634,-3.3843047546299583,2.585627076647676,2.585627076647676,0.002554415544302,0.03390120380921323,13.271608797102278,low,0.913234416532446,,0.08981879,0.0329597276727917,unknown,no,large_over_prediction,selected model primary split test residual,unknown,unknown,unknown,large tau_eff overprediction; low target quality; manual annotation missing; possible material-system outlier; possibly missing additive/structure feature,True
10.1109_ict.2005.1519977__sample_15070,unknown,n,Ca0.75B4.5Sr0.25B1.5,10.1109/ict.2005.1519977,1.1876480375959588,-1.393987641670496,-2.581635679266455,2.581635679266455,3.279359200458977,0.24808405924703422,0.07565016336493804,medium,0.1123259509946659,0.0780545178713874,0.2566948,,unknown,no,large_under_prediction,selected model primary split test residual,unknown,unknown,unknown,large tau_eff underprediction; manual annotation missing; possible material-system outlier; possibly missing additive/structure feature,True
10.1039_b914555a__sample_21363,unknown,p,CuGe2P3,10.1039/b914555a,-0.056946102710624,-2.6365523800033563,-2.5796062772927324,2.5796062772927324,0.9446449817984316,0.07160772068710626,0.07580384384277174,medium,0.2134098191625138,0.3247525061546397,,,unknown,no,large_under_prediction,selected model primary split test residual,unknown,unknown,unknown,large tau_eff underprediction; manual annotation missing; possible material-system outlier; possibly missing additive/structure feature,True
10.1142_s0217979213501087__sample_30390,unknown,p,Ca2.9Ce0.1Co4O9,10.1142/s0217979213501087,-4.300137274217089,-1.7218214215764411,2.578315852640648,2.578315852640648,0.013566696526724,0.17874028981864587,13.174930939640243,low,0.756406115638317,0.8635275965154712,,,unknown,no,large_over_prediction,selected model primary split test residual,unknown,unknown,unknown,large tau_eff overprediction; low target quality; manual annotation missing; possible material-system outlier; possibly missing additive/structure feature,True
10.1088_0022-3727_45_12_125301__sample_14545,unknown,n,BiSbSTe2,10.1088/0022-3727/45/12/125301,-2.170588216620572,0.3945345000595741,2.565122716680146,2.565122716680146,0.1141104754876586,1.4836933709692688,13.002253865200437,low,0.4599970536501891,0.9533791349402926,,,unknown,no,large_over_prediction,selected model primary split test residual,unknown,unknown,unknown,large tau_eff overprediction; low target quality; manual annotation missing; possible material-system outlier; possibly missing additive/structure feature,True
10.1088_1757-899x_18_14_142006__sample_9647,unknown,n,Mg2SiSb0.001,10.1088/1757-899x/18/14/142006,-1.8036012159480967,0.7563982071982525,2.5599994231463494,2.5599994231463494,0.1647046818041101,2.130588445794544,12.935809853471794,low,0.7857235527485185,,0.2739606,,unknown,no,large_over_prediction,selected model primary split test residual,unknown,unknown,unknown,large tau_eff overprediction; low target quality; manual annotation missing; possible material-system outlier; possibly missing additive/structure feature,True
10.1016_j.jallcom.2013.07.136__sample_10091,unknown,p,Mn0.75Cr0.15Ru0.1Si1.74,10.1016/j.jallcom.2013.07.136,0.2247349088236249,2.7815978730935176,2.5568629642698926,2.5568629642698926,1.2519907804883847,16.144797686388152,12.895300778565066,medium,0.2143583700864783,0.2406539694165804,,,unknown,no,large_over_prediction,selected model primary split test residual,unknown,unknown,unknown,large tau_eff overprediction; manual annotation missing; possible material-system outlier; possibly missing additive/structure feature,True
10.1016_j.jallcom.2013.09.124__sample_3732,unknown,n,Ba0.24Yb0.19Fe0.38Co3.63Sb12,10.1016/j.jallcom.2013.09.124,0.963457310811328,-1.5927415478981346,-2.556198858709463,2.556198858709463,2.6207415466817303,0.20336730556323215,0.0775991458679804,medium,0.0635546961324288,0.1022194195632671,1.241526,1.1290932668189888,unknown,no,large_under_prediction,selected model primary split test residual,unknown,unknown,unknown,large tau_eff underprediction; manual annotation missing; possible material-system outlier; possibly missing additive/structure feature,True
10.1016_j.jallcom.2013.09.124__sample_3734,unknown,n,Ba0.27Yb0.17Fe0.37Co3.67Sb12,10.1016/j.jallcom.2013.09.124,0.9627914646483384,-1.5927415478981346,-2.555533012546473,2.555533012546473,2.6189971168041053,0.20336730556323215,0.07765083216716025,medium,0.0738321509425338,0.1269611940326507,1.050226,0.7935651738914883,not_checked,no,large_under_prediction,selected model primary split test residual,unknown,unknown,not_checked,large tau_eff underprediction; manual annotation missing; possible material-system outlier; possibly missing additive/structure feature,True
10.1016_j.mattod.2017.11.005__sample_41015,unknown,p,Sn0.98Na0.02Se0.9S0.1,10.1016/j.mattod.2017.11.005,-0.4173529169400045,-2.9710036329340466,-2.553650715994042,2.553650715994042,0.6587883813334761,0.05125184646977775,0.0777971317072064,medium,0.3913083517963944,0.1209851364924973,1.499209,,unknown,no,large_under_prediction,selected model primary split test residual,unknown,unknown,unknown,large tau_eff underprediction; manual annotation missing; possible material-system outlier; possibly missing additive/structure feature,True
10.1088_0953-8984_20_25_255233__sample_20513,unknown,n,Fe2VGa0.8Ge0.2,10.1088/0953-8984/20/25/255233,2.466584804370625,-0.07866540207563702,-2.545250206446262,2.545250206446262,11.782139750325252,0.9243491580174054,0.07845341997338712,medium,0.2113156341028073,0.2378878723687805,,,unknown,no,large_under_prediction,selected model primary split test residual,unknown,unknown,unknown,large tau_eff underprediction; manual annotation missing; possible material-system outlier; possibly missing additive/structure feature,True
10.1063_1.3093833__sample_46742,unknown,n,(PbI2)0.00013(Ge0.8Si0.2)0.05(PbTe)0.95,10.1063/1.3093833,-0.0052552383635909,-2.527161880687081,-2.52190664232349,2.52190664232349,0.9947585462438344,0.07988542321711396,0.08030634521186863,low,0.4738253599828357,0.8431616273159304,0.8014558,,unknown,no,large_under_prediction,selected model primary split test residual,unknown,unknown,unknown,large tau_eff underprediction; low target quality; manual annotation missing; possible material-system outlier; possibly missing additive/structure feature,True
10.1021_jacs.0c05650__sample_38448,unknown,p,NaSn25BiTe27,10.1021/jacs.0c05650,1.604313656660901,-0.9162063205090902,-2.5205199771699913,2.5205199771699913,4.974444254143327,0.4000337659711217,0.08041778046621481,medium,0.3029534400452442,0.4434302030453452,0.8054252,0.6340047490955213,unknown,no,large_under_prediction,selected model primary split test residual,unknown,unknown,unknown,large tau_eff underprediction; manual annotation missing; possible material-system outlier; possibly missing additive/structure feature,True
10.1016_j.jallcom.2007.11.146__sample_11097,unknown,n,Bi0.88Sb0.12,10.1016/j.jallcom.2007.11.146,-1.0045481283947315,1.5140055862169677,2.5185537146116994,2.5185537146116994,0.3662100773573251,4.54489936839437,12.410634358266824,medium,0.2280128665281353,0.2941223931259501,,,unknown,no,large_over_prediction,selected model primary split test residual,unknown,unknown,unknown,large tau_eff overprediction; manual annotation missing; possible material-system outlier; possibly missing additive/structure feature,True
10.1021_jacs.0c05650__sample_38433,unknown,p,NaSn10SbTe12,10.1021/jacs.0c05650,1.3208402315912575,-1.1643729341194855,-2.485213165710743,2.485213165710743,3.746568039938994,0.3121183194299945,0.08330779425403864,medium,0.2398056371371767,0.3303574945257687,1.091321,0.1977028458698785,not_checked,no,large_under_prediction,selected model primary split test residual,unknown,unknown,not_checked,large tau_eff underprediction; manual annotation missing; possible material-system outlier; possibly missing additive/structure feature,True
10.1002_ejic.201100282__sample_6267,unknown,p,YbCd0.5Mn1.5Sb2,10.1002/ejic.201100282,-3.0065757071607,-0.526666759518352,2.479908947642348,2.479908947642348,0.0494607572249516,0.5905702050725115,11.94017718706872,medium,0.2845798828921901,0.541895027322941,0.007570118,0.0005427696201257,unknown,no,large_over_prediction,selected model primary split test residual,unknown,unknown,unknown,large tau_eff overprediction; manual annotation missing; possible material-system outlier; possibly missing additive/structure feature,True
10.1063_1.4916528__sample_7038,unknown,n,(BiCl3)0.025Bi2S3,10.1063/1.4916528,-0.8652456673974687,-3.3403472126112486,-2.47510154521378,2.47510154521378,0.4209481266928973,0.035424655698805735,0.08415444434237807,medium,0.3768158336989163,0.6410817490171858,,,unknown,no,large_under_prediction,selected model primary split test residual,unknown,unknown,unknown,large tau_eff underprediction; manual annotation missing; possible material-system outlier; possibly missing additive/structure feature,True
10.1021_nl501436w__sample_17767,unknown,n,YbAgCu4,10.1021/nl501436w,3.593615223127028,1.1221816246097616,-2.4714335985172666,2.4714335985172666,36.36530726811198,3.071547863520313,0.0844636851511961,medium,0.4813066481960434,0.241335262344502,,,unknown,no,large_under_prediction,selected model primary split test residual,unknown,unknown,unknown,large tau_eff underprediction; manual annotation missing; possible material-system outlier; possibly missing additive/structure feature,True
10.1016_j.jallcom.2008.10.031__sample_26579,unknown,n,Sr0.9Y0.1TiO3,10.1016/j.jallcom.2008.10.031,-2.497032962096815,-0.03278061478821402,2.464252347308601,2.464252347308601,0.0823289095937096,0.9677508465262944,11.754690439872364,medium,0.1785182645755589,0.338553046107567,,,unknown,no,large_over_prediction,selected model primary split test residual,unknown,unknown,unknown,large tau_eff overprediction; manual annotation missing; possible material-system outlier; possibly missing additive/structure feature,True
10.1021_nl501436w__sample_17768,unknown,n,YbAgCu4,10.1021/nl501436w,3.5841080850166844,1.1221816246097616,-2.461926460406923,2.461926460406923,36.02121552509385,3.071547863520313,0.08527052235037841,medium,0.4683435797448255,0.1813035063780128,,,unknown,no,large_under_prediction,selected model primary split test residual,unknown,unknown,unknown,large tau_eff underprediction; manual annotation missing; possible material-system outlier; possibly missing additive/structure feature,True
10.3365_eml.2010.12.187__sample_8312,unknown,n,Mg2SiSb0.001,10.3365/eml.2010.12.187,-1.704005680479459,0.7563982071982525,2.4604038876777112,2.4604038876777112,0.1819532158935979,2.130588445794544,11.709539923935521,low,0.7958774504828697,,0.3927273,0.2192109523710703,unknown,no,large_over_prediction,selected model primary split test residual,unknown,unknown,unknown,large tau_eff overprediction; low target quality; manual annotation missing; possible material-system outlier; possibly missing additive/structure feature,True
10.1016_j.jallcom.2013.07.136__sample_10098,unknown,p,Mn0.65Cr0.2Ru0.15Si1.74,10.1016/j.jallcom.2013.07.136,0.3272845467912451,2.7815978730935176,2.4543133263022723,2.4543133263022723,1.3871961432385451,16.144797686388152,11.63843899442839,medium,0.2377492050558944,0.3599744059865471,,,unknown,no,large_over_prediction,selected model primary split test residual,unknown,unknown,unknown,large tau_eff overprediction; manual annotation missing; possible material-system outlier; possibly missing additive/structure feature,True
10.1039_c8ta04372h__sample_83057,unknown,p,(Hf0.7Ti0.3CoSb0.8Sn0.2)0.95(Cu1.96Ni0.04Te0.97Se0.03)0.05,10.1039/c8ta04372h,-0.0571794323610321,2.395042174849929,2.452221607210961,2.452221607210961,0.9444245938275928,10.968660650942354,11.61412009241334,low,0.4694890976079292,0.9405899868907376,,,unknown,no,large_over_prediction,selected model primary split test residual,unknown,unknown,unknown,large tau_eff overprediction; low target quality; manual annotation missing; possible material-system outlier; possibly missing additive/structure feature,True
10.1016_j.joule.2017.07.018__sample_84023,unknown,n,Ni3(C18H9N6)2,10.1016/j.joule.2017.07.018,-2.5488735902858486,-4.992152811294207,-2.4432792210083583,2.4432792210083583,0.0781696675018018,0.0067910289402903345,0.08687549988790474,low,0.121179392960458,,0.001348,0.0013368729059287,unknown,no,large_under_prediction,selected model primary split test residual,unknown,unknown,unknown,large tau_eff underprediction; low target quality; manual annotation missing; possible material-system outlier; possibly missing additive/structure feature,True
10.1021_jacs.8b12450__sample_45319,unknown,p,Sn0.98Na0.02Se0.99Te0.01,10.1021/jacs.8b12450,-0.2570906315473056,-2.6991141973578547,-2.4420235658105494,2.4420235658105494,0.7732981253837558,0.06726506993456735,0.08698465407657169,low,0.7315086368381717,0.9813271146311252,1.6,3.9314591074394936,unknown,no,large_under_prediction,selected model primary split test residual,unknown,unknown,unknown,large tau_eff underprediction; low target quality; manual annotation missing; possible material-system outlier; possibly missing additive/structure feature,True
10.1007_s11661-015-2867-7__sample_17110,unknown,p,Zn63.21Sb36.79,10.1007/s11661-015-2867-7,2.3268460068243915,-0.11079641028104464,-2.4376424171054363,2.4376424171054363,10.245576042686883,0.8951209678057233,0.08736658281353007,medium,0.1973545849420519,0.3451570013483034,,,unknown,no,large_under_prediction,selected model primary split test residual,unknown,unknown,unknown,large tau_eff underprediction; manual annotation missing; possible material-system outlier; possibly missing additive/structure feature,True
10.1021_jacs.8b12450__sample_45322,unknown,p,Sn0.98Na0.02Se0.975Te0.025,10.1021/jacs.8b12450,-0.2648857617424465,-2.6991141973578547,-2.4342284356154082,2.4342284356154082,0.7672935992531207,0.06726506993456735,0.08766536043053506,low,0.7169023714450858,0.86897807942342,1.441642,3.69839627954153,unknown,no,large_under_prediction,selected model primary split test residual,unknown,unknown,unknown,large tau_eff underprediction; low target quality; manual annotation missing; possible material-system outlier; possibly missing additive/structure feature,True
10.1016_j.jssc.2011.09.031__sample_30451,unknown,p,Bi1.9Sb0.1Te3,10.1016/j.jssc.2011.09.031,2.016669837469208,-0.4173742750322476,-2.434044112501456,2.434044112501456,7.51326284000703,0.6587743110207169,0.0876815206720627,low,0.5148643313850763,0.8411292177610021,,,unknown,no,large_under_prediction,selected model primary split test residual,unknown,unknown,unknown,large tau_eff underprediction; low target quality; manual annotation missing; possible material-system outlier; possibly missing additive/structure feature,True
10.1016_j.mtphys.2020.100180__sample_34195,unknown,p,Cu2ErTe3,10.1016/j.mtphys.2020.100180,1.2537952913078192,-1.177131232180703,-2.4309265234885222,2.4309265234885222,3.503614995443672,0.30816151559367305,0.08795530216488577,low,0.518932589895461,0.8766064598346012,0.1283944,1.490106927615977,unknown,no,large_under_prediction,selected model primary split test residual,unknown,unknown,unknown,large tau_eff underprediction; low target quality; manual annotation missing; possible material-system outlier; possibly missing additive/structure feature,True
10.1149_1.2427584__sample_13981,unknown,p,Hg0.001Ag2Se,10.1149/1.2427584,2.5926908929129064,0.16264720767814878,-2.4300436852347578,2.4300436852347578,13.36568889425265,1.1766215134216136,0.0880329867566774,medium,0.490349703435778,0.718712305823013,,,unknown,no,large_under_prediction,selected model primary split test residual,unknown,unknown,unknown,large tau_eff underprediction; manual annotation missing; possible material-system outlier; possibly missing additive/structure feature,True
10.1016_j.matlet.2021.131127__sample_44448,unknown,p,(CsSnI3)0.995(PbI2)0.005,10.1016/j.matlet.2021.131127,-1.752200973922325,0.6775637098813112,2.4297646838036364,2.4297646838036364,0.173391892129259,1.969074646646618,11.356209465542516,low,0.4334423771835636,,0.1385343,,unknown,no,large_over_prediction,selected model primary split test residual,unknown,unknown,unknown,large tau_eff overprediction; low target quality; manual annotation missing; possible material-system outlier; possibly missing additive/structure feature,True
10.1039_c7cp04801g__sample_82422,unknown,n,NbCoSb,10.1039/c7cp04801g,1.736089015852892,-0.6933108750175455,-2.4293998908704375,2.4293998908704375,5.67510471882095,0.4999181594698032,0.08808968014490937,medium,0.2207443549925808,0.4123939956354122,,,unknown,no,large_under_prediction,selected model primary split test residual,unknown,unknown,unknown,large tau_eff underprediction; manual annotation missing; possible material-system outlier; possibly missing additive/structure feature,True
10.1016_j.jssc.2011.09.031__sample_30452,unknown,p,Bi1.5Sb0.5Te3,10.1016/j.jssc.2011.09.031,2.008452903662941,-0.4173742750322476,-2.425827178695189,2.425827178695189,7.45177980353598,0.6587743110207169,0.08840496208813346,low,0.5190749415712903,0.845141970274275,,,unknown,no,large_under_prediction,selected model primary split test residual,unknown,unknown,unknown,large tau_eff underprediction; low target quality; manual annotation missing; possible material-system outlier; possibly missing additive/structure feature,True
10.1126_sciadv.aaw6183__sample_41676,unknown,n,YbRh2Zn20,10.1126/sciadv.aaw6183,3.0609952912115928,0.6376694509258277,-2.423325840285765,2.423325840285765,21.348794859328567,1.8920661838778583,0.08862636960751447,medium,0.0644205731998876,0.0657973151285857,,,unknown,no,large_under_prediction,selected model primary split test residual,unknown,unknown,unknown,large tau_eff underprediction; manual annotation missing; possible material-system outlier; possibly missing additive/structure feature,True
10.1016_j.physleta.2005.08.039__sample_7557,unknown,n,TiS2,10.1016/j.physleta.2005.08.039,-2.732547709597301,-0.311597060733946,2.4209506488633554,2.4209506488633554,0.0650533413417445,0.7322765317583235,11.256555261496219,medium,0.1824846208615184,0.3292559137135538,,,unknown,no,large_over_prediction,selected model primary split test residual,unknown,unknown,unknown,large tau_eff overprediction; manual annotation missing; possible material-system outlier; possibly missing additive/structure feature,True
10.1007_s11664-010-1474-z__sample_8208,unknown,n,TiS2,10.1007/s11664-010-1474-z,-2.727341008445378,-0.311597060733946,2.415743947711432,2.415743947711432,0.0653929379709276,0.7322765317583235,11.198098058904757,medium,0.1808928524572864,0.3310866900406993,,,unknown,no,large_over_prediction,selected model primary split test residual,unknown,unknown,unknown,large tau_eff overprediction; manual annotation missing; possible material-system outlier; possibly missing additive/structure feature,True
10.1557_jmr.2006.0055__sample_7304,unknown,n,TiS2,10.1557/jmr.2006.0055,-2.717074470775856,-0.311597060733946,2.40547741004191,2.40547741004191,0.0660677551225459,0.7322765317583235,11.083720498752516,medium,0.1847543140500884,0.3410288584118256,,,unknown,no,large_over_prediction,selected model primary split test residual,unknown,unknown,unknown,large tau_eff overprediction; manual annotation missing; possible material-system outlier; possibly missing additive/structure feature,True
10.1021_cm3011343__sample_10594,unknown,n,TiCoSb,10.1021/cm3011343,-3.0973150395352307,-0.6933108750175455,2.4040041645176853,2.4040041645176853,0.0451703202465156,0.4999181594698032,11.067403479574986,low,0.5894324262893367,0.800308565797949,,,unknown,no,large_over_prediction,selected model primary split test residual,unknown,unknown,unknown,large tau_eff overprediction; low target quality; manual annotation missing; possible material-system outlier; possibly missing additive/structure feature,True
10.1021_acsami.7b19489__sample_45779,unknown,n,ZnO,10.1021/acsami.7b19489,-2.981030553549334,-0.5795357814390037,2.4014947721103304,2.4014947721103304,0.0507405160924416,0.5601583421175028,11.03966583818301,medium,0.246240069968537,0.4801110412323774,,,unknown,no,large_over_prediction,selected model primary split test residual,unknown,unknown,unknown,large tau_eff overprediction; manual annotation missing; possible material-system outlier; possibly missing additive/structure feature,True
10.1109_ict.2005.1519977__sample_15072,unknown,n,Ca0.25B1.5Sr0.75B4.5,10.1109/ict.2005.1519977,1.0041040151883112,-1.393987641670496,-2.3980916568588073,2.3980916568588073,2.72946062164736,0.24808405924703422,0.09089123956560459,medium,0.0969302769458727,0.0812081773625149,0.2619503,,unknown,no,large_under_prediction,selected model primary split test residual,unknown,unknown,unknown,large tau_eff underprediction; manual annotation missing; possible material-system outlier; possibly missing additive/structure feature,True
10.1016_j.physc.2007.06.013__sample_14878,unknown,n,Bi1.7Pb0.4Sr2Ca1.1Cu2.1O8,10.1016/j.physc.2007.06.013,1.0634290776833546,-1.3308289700581444,-2.394258047741499,2.394258047741499,2.8962855688297893,0.26425810841728525,0.09124034979881342,medium,0.7346264831379893,0.6181228214505079,,,unknown,no,large_under_prediction,selected model primary split test residual,unknown,unknown,unknown,large tau_eff underprediction; manual annotation missing; possible material-system outlier; possibly missing additive/structure feature,True
10.1016_j.actamat.2013.03.031__sample_4860,unknown,n,Ba0.06Sr0.01DD0.14Yb0.01Fe2.2Ni1.8Sb12,10.1016/j.actamat.2013.03.031,0.8275467900219678,-1.5645090067031686,-2.3920557967251366,2.3920557967251366,2.287699643078489,0.20919069919320962,0.09144150536812076,medium,0.2037088149321137,0.3769103930123563,,,unknown,no,large_under_prediction,selected model primary split test residual,unknown,1d,unknown,large tau_eff underprediction; manual annotation missing; possible material-system outlier; possibly missing additive/structure feature,True
10.1088_0953-8984_20_25_255233__sample_20512,unknown,n,Fe2VGa0.9Ge0.1,10.1088/0953-8984/20/25/255233,2.307451095854572,-0.07866540207563702,-2.3861164979302094,2.3861164979302094,10.048778610786846,0.9243491580174054,0.09198621980040084,medium,0.1083633484937513,0.1306195957177552,,,unknown,no,large_under_prediction,selected model primary split test residual,unknown,unknown,unknown,large tau_eff underprediction; manual annotation missing; possible material-system outlier; possibly missing additive/structure feature,True
10.1016_j.jallcom.2013.07.136__sample_10118,unknown,p,Mn0.85Cr0.1Ru0.05Si1.74,10.1016/j.jallcom.2013.07.136,0.3977691059506445,2.7815978730935176,2.383828767142873,2.383828767142873,1.488500304363972,16.144797686388152,10.84635161918004,medium,0.2761516397907302,0.2090558996427787,,,unknown,no,large_over_prediction,selected model primary split test residual,unknown,unknown,unknown,large tau_eff overprediction; manual annotation missing; possible material-system outlier; possibly missing additive/structure feature,True
10.1016_j.jpcs.2014.04.008__sample_8822,unknown,n,Mg2Si0.99Bi0.01,10.1016/j.jpcs.2014.04.008,-1.964795447852209,0.41765040218290056,2.3824458500351096,2.3824458500351096,0.1401845587358201,1.5183897558595107,10.831362380795014,medium,0.1771264377803292,0.3578336833979916,0.4779851,0.0841031829338099,unknown,no,large_over_prediction,selected model primary split test residual,unknown,unknown,unknown,large tau_eff overprediction; manual annotation missing; possible material-system outlier; possibly missing additive/structure feature,True
10.1007_s11664-012-2410-1__sample_13515,unknown,n,ZrSe2,10.1007/s11664-012-2410-1,1.8956553839016328,-0.4846912202139637,-2.3803466041155965,2.3803466041155965,6.6569098068023775,0.6158873409677976,0.09251850465788973,low,0.4531355656022027,0.8933834563350028,0.06926978,1.0283996464893952,unknown,no,large_under_prediction,selected model primary split test residual,unknown,unknown,unknown,large tau_eff underprediction; low target quality; manual annotation missing; possible material-system outlier; possibly missing additive/structure feature,True
10.1016_j.jallcom.2013.09.124__sample_3731,unknown,n,Ba0.2Yb0.15Fe0.37Co3.63Sb12,10.1016/j.jallcom.2013.09.124,0.7841164992759815,-1.5927415478981346,-2.376858047174116,2.376858047174116,2.190470803029208,0.20336730556323215,0.09284182436122634,medium,0.0776346839091727,0.1531944706195948,0.8202074,0.9462311674435012,unknown,no,large_under_prediction,selected model primary split test residual,unknown,unknown,unknown,large tau_eff underprediction; manual annotation missing; possible material-system outlier; possibly missing additive/structure feature,True
10.1021_acsami.9b00648__sample_83844,unknown,n,Zr0.95(Ti0.25Hf0.25Nb0.25V0.25)0.05Ni1.04Sn0.99Sb0.01,10.1021/acsami.9b00648,1.6267426068155078,-0.7409770111357586,-2.3677196179512663,2.3677196179512663,5.0872764400501564,0.4766479975531283,0.09369414128956376,medium,0.151372303133831,0.3008661752247729,,,unknown,no,large_under_prediction,selected model primary split test residual,unknown,unknown,unknown,large tau_eff underprediction; manual annotation missing; possible material-system outlier; possibly missing additive/structure feature,True
10.1016_j.actamat.2021.117335__sample_46036,unknown,n,(Ag0.99Cu0.01)2Se,10.1016/j.actamat.2021.117335,0.4220664403552628,2.7860749667059013,2.3640085263506383,2.3640085263506383,1.5251098501574512,16.21724150485406,10.633490763422584,low,0.1989302886135466,,0.8450882,0.9859596136366696,unknown,no,large_over_prediction,selected model primary split test residual,unknown,unknown,unknown,large tau_eff overprediction; low target quality; manual annotation missing; possible material-system outlier; possibly missing additive/structure feature,True
10.1109_ict.2005.1519977__sample_15073,unknown,n,SrB6,10.1109/ict.2005.1519977,0.9030440095731328,-1.4607955486086996,-2.3638395581818323,2.3638395581818323,2.4671015734789066,0.2320515929559125,0.09405838634713858,medium,0.109274105603476,0.0958617008764288,0.2522925,,unknown,no,large_under_prediction,selected model primary split test residual,unknown,unknown,unknown,large tau_eff underprediction; manual annotation missing; possible material-system outlier; possibly missing additive/structure feature,True
10.1126_sciadv.aaw6183__sample_41677,unknown,n,YbIr2Zn20,10.1126/sciadv.aaw6183,3.000563691712017,0.6376694509258277,-2.3628942407861895,2.3628942407861895,20.09686216555543,1.8920661838778583,0.09414734341566632,medium,0.1120638545708411,0.0972644798801288,,,unknown,no,large_under_prediction,selected model primary split test residual,unknown,unknown,unknown,large tau_eff underprediction; manual annotation missing; possible material-system outlier; possibly missing additive/structure feature,True
10.1021_cm3011343__sample_10596,unknown,n,TiCoSb,10.1021/cm3011343,-3.0513115620790696,-0.6933108750175455,2.358000687061524,2.358000687061524,0.0472968509372962,0.4999181594698032,10.569797979416636,medium,0.6011502122134451,0.7439295073033038,,,unknown,no,large_over_prediction,selected model primary split test residual,unknown,unknown,unknown,large tau_eff overprediction; manual annotation missing; possible material-system outlier; possibly missing additive/structure feature,True
10.2320_matertrans.m2012176__sample_16058,unknown,p,ZnIn18GeSb20,10.2320/matertrans.m2012176,-1.1524888356878968,1.2018866433574231,2.35437547904532,2.35437547904532,0.3158496923463091,3.3263867118429458,10.531549634044836,low,0.5477850938759591,0.8414275354180979,,,unknown,no,large_over_prediction,selected model primary split test residual,unknown,unknown,unknown,large tau_eff overprediction; low target quality; manual annotation missing; possible material-system outlier; possibly missing additive/structure feature,True
10.1016_j.jpcs.2014.04.008__sample_8823,unknown,n,Mg2Si0.985Bi0.015,10.1016/j.jpcs.2014.04.008,-1.936560281082972,0.41765040218290056,2.3542106832658725,2.3542106832658725,0.1441991020763628,1.5183897558595107,10.529814222112316,medium,0.1598269687745299,0.3406857797644099,0.3787313,0.0269151320871606,unknown,no,large_over_prediction,selected model primary split test residual,unknown,unknown,unknown,large tau_eff overprediction; manual annotation missing; possible material-system outlier; possibly missing additive/structure feature,True
10.1007_s11664-012-1987-8__sample_10111,unknown,p,MnSi1.73,10.1007/s11664-012-1987-8,-2.527149859168592,-0.1755904499929029,2.351559409175689,2.351559409175689,0.0798863835669786,0.8389615096789076,10.501933774176958,medium,0.689447587462475,0.5304568829959196,,,unknown,no,large_over_prediction,selected model primary split test residual,unknown,unknown,unknown,large tau_eff overprediction; manual annotation missing; possible material-system outlier; possibly missing additive/structure feature,True
10.1021_ja208658w__sample_413,unknown,n,Pb1.02Sr0.01SCl0.02,10.1021/ja208658w,1.3769198538295364,-0.9650633841754925,-2.341983238005029,2.341983238005029,3.962677185667435,0.3809590521986393,0.09613678691176915,medium,0.287627052082459,0.4559529462543741,,,unknown,no,large_under_prediction,selected model primary split test residual,unknown,unknown,unknown,large tau_eff underprediction; manual annotation missing; possible material-system outlier; possibly missing additive/structure feature,True
10.1021_jacs.0c05650__sample_38449,unknown,p,NaSn20BiTe22,10.1021/jacs.0c05650,1.4229236997718933,-0.9162063205090902,-2.3391300202809835,2.3391300202809835,4.149233837678702,0.4000337659711217,0.09641147778620293,medium,0.2764971369669954,0.3299877293265811,0.7490245,1.0039025177763696,unknown,no,large_under_prediction,selected model primary split test residual,unknown,unknown,unknown,large tau_eff underprediction; manual annotation missing; possible material-system outlier; possibly missing additive/structure feature,True
10.1016_s0925-8388_00_01285-8__sample_482,unknown,p,Fe0.94Zr0.06Si2,10.1016/s0925-8388(00)01285-8,0.6741210013609471,3.012247237072644,2.338126235711697,2.338126235711697,1.962307352178504,20.333041787294825,10.361802785237286,medium,0.491241826506701,0.6191889837946142,,,unknown,no,large_over_prediction,selected model primary split test residual,unknown,unknown,unknown,large tau_eff overprediction; manual annotation missing; possible material-system outlier; possibly missing additive/structure feature,True
10.1016_j.actamat.2021.117335__sample_46039,unknown,n,(Ag0.96Cu0.04)2Se,10.1016/j.actamat.2021.117335,0.451516651683869,2.7860749667059013,2.3345583150220324,2.3345583150220324,1.5706925734605497,16.21724150485406,10.324898569504429,low,0.190720881380101,,0.7594458,0.9273917671491908,unknown,no,large_over_prediction,selected model primary split test residual,unknown,unknown,unknown,large tau_eff overprediction; low target quality; manual annotation missing; possible material-system outlier; possibly missing additive/structure feature,True
10.1002_pssa.200723480__sample_26665,unknown,p,YBa2Cu3O7,10.1002/pssa.200723480,1.582379022926143,-0.742578899999894,-2.324957922926037,2.324957922926037,4.866519612237607,0.4758850716581252,0.0977875585791208,medium,0.137383173576989,0.2136285106518327,,,unknown,no,large_under_prediction,selected model primary split test residual,unknown,unknown,unknown,large tau_eff underprediction; manual annotation missing; possible material-system outlier; possibly missing additive/structure feature,True
10.1063_1.4916238__sample_5419,unknown,n,Yb0.15Co4Sb12,10.1063/1.4916238,-1.8917139505084724,0.4332426047448079,2.32495655525328,2.32495655525328,0.150813101002344,1.542250332566503,10.226235799915901,medium,0.3459573562667952,0.4232829705806811,0.4686347,0.35677835977862,unknown,no,large_over_prediction,selected model primary split test residual,unknown,unknown,unknown,large tau_eff overprediction; manual annotation missing; possible material-system outlier; possibly missing additive/structure feature,True
10.1016_j.actamat.2021.117335__sample_46038,unknown,n,(Ag0.97Cu0.03)2Se,10.1016/j.actamat.2021.117335,0.4616687314212132,2.7860749667059013,2.324406235284688,2.324406235284688,1.5867195858114482,16.21724150485406,10.220609646385983,low,0.2072969053679096,,0.7730285,0.9951546570857358,unknown,no,large_over_prediction,selected model primary split test residual,unknown,unknown,unknown,large tau_eff overprediction; low target quality; manual annotation missing; possible material-system outlier; possibly missing additive/structure feature,True
10.1007_s13391-018-0088-0__sample_40954,unknown,n,FeV0.9Ti0.1Sb,10.1007/s13391-018-0088-0,0.5817462830570439,-1.742329609229212,-2.324075892286256,2.324075892286256,1.7891600842529412,0.1751119825837241,0.09787384825145014,low,0.3997712570141864,0.8370155665787867,0.03041716,0.002452259708886,unknown,no,large_under_prediction,selected model primary split test residual,unknown,unknown,unknown,large tau_eff underprediction; low target quality; manual annotation missing; possible material-system outlier; possibly missing additive/structure feature,True
10.1039_c5cp00739a__sample_28000,unknown,n,In2O3,10.1039/c5cp00739a,-3.500125988772522,-1.1800142649465013,2.3201117238260203,2.3201117238260203,0.0301935791307018,0.3072743553176278,10.17681123484898,medium,0.1310105665164376,0.1264084112741872,0.1117438,0.0472285861074776,unknown,no,large_over_prediction,selected model primary split test residual,unknown,unknown,unknown,large tau_eff overprediction; manual annotation missing; possible material-system outlier; possibly missing additive/structure feature,True
10.1039_c8ta04372h__sample_83058,unknown,p,(Hf0.7Ti0.3CoSb0.8Sn0.2)0.85(Cu1.96Ni0.04Te0.97Se0.03)0.15,10.1039/c8ta04372h,0.0791402366345275,2.395042174849929,2.3159019382154016,2.3159019382154016,1.0823560974042952,10.968660650942354,10.134059093164792,medium,0.3550455197048519,0.7572277436682533,,,unknown,no,large_over_prediction,selected model primary split test residual,unknown,unknown,unknown,large tau_eff overprediction; manual annotation missing; possible material-system outlier; possibly missing additive/structure feature,True
10.1021_ja410753k__sample_13971,unknown,p,Cu2ZnGeSe4,10.1021/ja410753k,-3.925476338758665,-1.6165697974782307,2.308906541280434,2.308906541280434,0.0197327351658981,0.19857869729930877,10.06341470808823,low,0.914513902539581,0.914536041890578,,,unknown,no,large_over_prediction,selected model primary split test residual,unknown,unknown,unknown,large tau_eff overprediction; low target quality; manual annotation missing; possible material-system outlier; possibly missing additive/structure feature,True
10.1016_j.actamat.2021.117335__sample_46040,unknown,n,(Ag0.95Cu0.05)2Se,10.1016/j.actamat.2021.117335,0.4779882195246159,2.7860749667059013,2.308086747181285,2.308086747181285,1.6128264834090225,16.21724150485406,10.055168160790467,low,0.1931894009990828,,0.7204441,0.9036578564137214,unknown,no,large_over_prediction,selected model primary split test residual,unknown,unknown,unknown,large tau_eff overprediction; low target quality; manual annotation missing; possible material-system outlier; possibly missing additive/structure feature,True
10.1016_j.jpcs.2014.04.008__sample_8826,unknown,n,Mg2Si0.97Bi0.03,10.1016/j.jpcs.2014.04.008,-1.8852145832273213,0.41765040218290056,2.302864985410222,2.302864985410222,0.1517964829551645,1.5183897558595107,10.002799315897136,medium,0.1514844609858771,0.3140458239396929,0.4048507,0.0092454380485077,unknown,no,large_over_prediction,selected model primary split test residual,unknown,unknown,unknown,large tau_eff overprediction; manual annotation missing; possible material-system outlier; possibly missing additive/structure feature,True
10.1021_jacs.8b12450__sample_45318,unknown,p,Sn0.98Na0.02Se0.995Te0.005,10.1021/jacs.8b12450,-0.4005260826437447,-2.6991141973578547,-2.29858811471411,2.29858811471411,0.6699674950372775,0.06726506993456735,0.1004004976850775,low,0.6696077424276562,0.9012915676698148,1.63871,2.3204182449106208,unknown,no,large_under_prediction,selected model primary split test residual,unknown,unknown,unknown,large tau_eff underprediction; low target quality; manual annotation missing; possible material-system outlier; possibly missing additive/structure feature,True
10.1016_s1003-6326_08_60326-x__sample_18971,unknown,p,AgMo6Te8,10.1016/s1003-6326(08)60326-x,1.4654590625621822,-0.8314905631099536,-2.296949625672136,2.296949625672136,4.329530309448251,0.43539981150307483,0.1005651376438941,medium,0.2025192791298588,0.2411450030866093,0.02532056,0.0279375172308017,unknown,no,large_under_prediction,selected model primary split test residual,unknown,unknown,unknown,large tau_eff underprediction; manual annotation missing; possible material-system outlier; possibly missing additive/structure feature,True
10.1007_s10853-016-9980-x__sample_2539,unknown,p,Pb0.99Ca0.01Te,10.1007/s10853-016-9980-x,-2.694708118426198,-0.3981283803569948,2.2965797380692035,2.2965797380692035,0.0675620990283266,0.6715758049858861,9.940126411766988,medium,0.3808203902019881,0.4629804191105863,1.036861,0.1058466134500231,not_checked,no,large_over_prediction,selected model primary split test residual,unknown,unknown,not_checked,large tau_eff overprediction; manual annotation missing; possible material-system outlier; possibly missing additive/structure feature,True
10.1557_jmr.2011.153__sample_19941,unknown,p,RuIn2.9Zn0.1,10.1557/jmr.2011.153,-0.7923433294622548,1.5007531994885266,2.293096528950781,2.293096528950781,0.4527825325042028,4.485065947825132,9.90556310337237,medium,0.1827459500262209,0.3389996155236186,,,unknown,no,large_over_prediction,selected model primary split test residual,unknown,unknown,unknown,large tau_eff overprediction; manual annotation missing; possible material-system outlier; possibly missing additive/structure feature,True
10.1016_j.jpcs.2014.04.008__sample_8824,unknown,n,Mg2Si0.98Bi0.02,10.1016/j.jpcs.2014.04.008,-1.8729799922874288,0.41765040218290056,2.2906303944703295,2.2906303944703295,0.1536650581486867,1.5183897558595107,9.88116474983085,medium,0.1504465915956097,0.3046924189168133,0.3996269,,unknown,no,large_over_prediction,selected model primary split test residual,unknown,unknown,unknown,large tau_eff overprediction; manual annotation missing; possible material-system outlier; possibly missing additive/structure feature,True
10.1016_j.jallcom.2016.07.093__sample_22870,unknown,p,SnCCo3,10.1016/j.jallcom.2016.07.093,2.345543914261241,0.05493991270953939,-2.2906040015517015,2.2906040015517015,10.438949076960608,1.0564771319199693,0.1012053152219775,medium,0.3072426623323859,0.599154525835855,,,unknown,no,large_under_prediction,selected model primary split test residual,unknown,unknown,unknown,large tau_eff underprediction; manual annotation missing; possible material-system outlier; possibly missing additive/structure feature,True
10.1557_jmr.2011.153__sample_19939,unknown,p,RuIn2.975Zn0.025,10.1557/jmr.2011.153,-0.7884381861606775,1.5007531994885266,2.289191385649204,2.289191385649204,0.4545541701760995,4.485065947825132,9.866955892380364,medium,0.1825506507680677,0.3000474380975536,,,unknown,no,large_over_prediction,selected model primary split test residual,unknown,unknown,unknown,large tau_eff overprediction; manual annotation missing; possible material-system outlier; possibly missing additive/structure feature,True
10.1016_j.actamat.2021.117335__sample_46037,unknown,n,(Ag0.98Cu0.02)2Se,10.1016/j.actamat.2021.117335,0.4983560220064362,2.7860749667059013,2.2877189446994652,2.2877189446994652,1.6460130359626854,16.21724150485406,9.852438073413714,low,0.2139635793608376,,0.8030338,1.0128593092217564,unknown,no,large_over_prediction,selected model primary split test residual,unknown,unknown,unknown,large tau_eff overprediction; low target quality; manual annotation missing; possible material-system outlier; possibly missing additive/structure feature,True
10.1016_j.cplett.2013.03.027__sample_1474,unknown,p,Bi2Te3,10.1016/j.cplett.2013.03.027,0.8707506323414511,-1.4115528988194261,-2.2823035311608773,2.2823035311608773,2.3887032186265404,0.24376444756006013,0.10204886302293348,medium,0.1438712338874787,0.0449817888937211,,,unknown,no,large_under_prediction,selected model primary split test residual,unknown,unknown,unknown,large tau_eff underprediction; manual annotation missing; possible material-system outlier; possibly missing additive/structure feature,True
10.1039_b914555a__sample_21362,unknown,p,CuGe4P3,10.1039/b914555a,-0.3553078789062337,-2.6365523800033563,-2.2812445010971225,2.2812445010971225,0.7009575999242993,0.07160772068710626,0.10215699308323302,medium,0.2627426447478416,0.3872960457644077,,,unknown,no,large_under_prediction,selected model primary split test residual,unknown,unknown,unknown,large tau_eff underprediction; manual annotation missing; possible material-system outlier; possibly missing additive/structure feature,True
10.1063_1.3475650__sample_22388,unknown,n,ZnO,10.1063/1.3475650,-1.4662942384840243,-3.7425650049474477,-2.2762707664634236,2.2762707664634236,0.2307791148984539,0.02369325181457825,0.10266636053701661,medium,0.2789584689207582,0.4696772692075318,0.005558846,,unknown,no,large_under_prediction,selected model primary split test residual,unknown,unknown,unknown,large tau_eff underprediction; manual annotation missing; possible material-system outlier; possibly missing additive/structure feature,True
10.1002_pssa.201532642__sample_2495,unknown,n,CoSb3,10.1002/pssa.201532642,0.784311550751483,-1.4901608395190917,-2.274472390270575,2.274472390270575,2.1908980992624074,0.2253364096248712,0.1028511593947402,medium,0.1266503615953871,0.1995388837247274,,,unknown,no,large_under_prediction,selected model primary split test residual,unknown,unknown,unknown,large tau_eff underprediction; manual annotation missing; possible material-system outlier; possibly missing additive/structure feature,True
10.1016_j.jallcom.2016.07.093__sample_22882,unknown,p,SnCCo3,10.1016/j.jallcom.2016.07.093,2.326983081990258,0.05493991270953939,-2.2720431692807184,2.2720431692807184,10.246980552981876,1.0564771319199693,0.1031013113040928,medium,0.3031919006877659,0.5872630906283107,,,unknown,no,large_under_prediction,selected model primary split test residual,unknown,unknown,unknown,large tau_eff underprediction; manual annotation missing; possible material-system outlier; possibly missing additive/structure feature,True
10.1002_zaac.202000224__sample_39314,unknown,p,(Sn12Sb2Te15)25.95(NiTe2)74.05,10.1002/zaac.202000224,2.106754677484971,-0.1585991780641989,-2.26535385554917,2.26535385554917,8.221516470252904,0.8533383271505607,0.10379330020661151,medium,0.1488016432740063,0.3217132803011925,0.3381225,0.4465765268146438,unknown,no,large_under_prediction,selected model primary split test residual,unknown,unknown,unknown,large tau_eff underprediction; manual annotation missing; possible material-system outlier; possibly missing additive/structure feature,True
10.1016_j.physb.2006.10.001__sample_427,unknown,p,Pb0.9Sn0.1Te1,10.1016/j.physb.2006.10.001,-1.6137751855182114,0.6476949115309479,2.2614700970491595,2.2614700970491595,0.1991344238601545,1.9111304230777375,9.597187598362506,medium,0.6569852890727687,0.7297191863680706,,,unknown,no,large_over_prediction,selected model primary split test residual,unknown,unknown,unknown,large tau_eff overprediction; manual annotation missing; possible material-system outlier; possibly missing additive/structure feature,True
10.1007_s13391-018-0088-0__sample_40955,unknown,n,FeV0.8Ti0.2Sb,10.1007/s13391-018-0088-0,0.5040454084189585,-1.742329609229212,-2.2463750176481705,2.2463750176481705,1.6554045307528995,0.1751119825837241,0.10578198822742191,low,0.4560543284206965,0.9411084921808176,0.026728,0.0014989765382677,unknown,no,large_under_prediction,selected model primary split test residual,unknown,unknown,unknown,large tau_eff underprediction; low target quality; manual annotation missing; possible material-system outlier; possibly missing additive/structure feature,True
10.1021_nl501436w__sample_17766,unknown,n,YbAgCu4,10.1021/nl501436w,3.3661067204760045,1.1221816246097616,-2.243925095866243,2.243925095866243,28.96553631880284,3.071547863520313,0.1060414635418448,medium,0.3819792156524332,0.0927384163570252,,,unknown,no,large_under_prediction,selected model primary split test residual,unknown,unknown,unknown,large tau_eff underprediction; manual annotation missing; possible material-system outlier; possibly missing additive/structure feature,True
10.2320_matertrans.e-m2011807__sample_20526,unknown,n,Fe2VAl0.97Sb0.03,10.2320/matertrans.e-m2011807,1.4825862198053272,-0.7546847909930116,-2.237271010798339,2.237271010798339,4.404321507896359,0.4701587896614908,0.10674942526756027,medium,0.2260184413581051,0.34572121460681,,,unknown,no,large_under_prediction,selected model primary split test residual,unknown,unknown,unknown,large tau_eff underprediction; manual annotation missing; possible material-system outlier; possibly missing additive/structure feature,True
10.1002_pssa.202000096__sample_83943,unknown,p,Ti2FeNiSb1.8Sn0.2,10.1002/pssa.202000096,-0.4117422242874013,1.8179307502083482,2.2296729744957493,2.2296729744957493,0.6624950291714109,6.159100537278257,9.29682528332553,medium,0.3043324721387246,0.4619704155762708,0.3654,0.3286319534882205,unknown,no,large_over_prediction,selected model primary split test residual,unknown,unknown,unknown,large tau_eff overprediction; manual annotation missing; possible material-system outlier; possibly missing additive/structure feature,True
10.1088_0953-8984_20_25_255233__sample_20511,unknown,n,Fe2VGa0.95Ge0.05,10.1088/0953-8984/20/25/255233,2.135596217588566,-0.07866540207563702,-2.214261619664203,2.214261619664203,8.46209025017109,0.9243491580174054,0.10923414081984252,medium,0.1174757559629745,0.0440453883324735,,,unknown,no,large_under_prediction,selected model primary split test residual,unknown,unknown,unknown,large tau_eff underprediction; manual annotation missing; possible material-system outlier; possibly missing additive/structure feature,True
10.1016_j.jssc.2011.08.036__sample_82394,unknown,n,(Zr0.25Hf0.75NiSn)0.4(Zr0.25Hf0.75Ni2Sn)0.6,10.1016/j.jssc.2011.08.036,2.315191130829893,0.10452420634001229,-2.210666924489881,2.210666924489881,10.126858288611905,1.1101822669903958,0.109627510857819,medium,0.0773968578220575,0.1076569740626112,0.02419,,unknown,no,large_under_prediction,selected model primary split test residual,unknown,unknown,unknown,large tau_eff underprediction; manual annotation missing; possible material-system outlier; possibly missing additive/structure feature,True
10.1016_j.jallcom.2013.11.033__sample_27194,unknown,n,Pr0.5Bi0.1Sr0.4MnO3,10.1016/j.jallcom.2013.11.033,-2.4358323274888747,-0.23076380101851773,2.205068526470357,2.205068526470357,0.0875248673693134,0.793926968631772,9.07087314147849,medium,0.1182052022180136,0.1228291484246033,,,unknown,no,large_over_prediction,selected model primary split test residual,unknown,unknown,unknown,large tau_eff overprediction; manual annotation missing; possible material-system outlier; possibly missing additive/structure feature,True
10.1016_j.jmat.2016.09.001__sample_31738,unknown,p,Ge0.79Ag0.01Sn0.2Se,10.1016/j.jmat.2016.09.001,-4.264559567578926,-2.0642687681690024,2.200290799409924,2.200290799409924,0.0140580573940037,0.1269110580519461,9.027638349668322,medium,0.3386174267389881,0.1067289308145226,,,unknown,no,large_over_prediction,selected model primary split test residual,unknown,unknown,unknown,large tau_eff overprediction; manual annotation missing; possible material-system outlier; possibly missing additive/structure feature,True
10.1021_acsami.9b00648__sample_83843,unknown,n,Zr0.95(Ti0.25Hf0.25Nb0.25V0.25)0.05Ni1.04Sn0.99Sb0.01,10.1021/acsami.9b00648,1.4532410982760726,-0.7409770111357586,-2.1942181094118314,2.1942181094118314,4.27695410389313,0.4766479975531283,0.11144566576462812,medium,0.159633443500605,0.3304966091462066,,,unknown,no,large_under_prediction,selected model primary split test residual,unknown,unknown,unknown,large tau_eff underprediction; manual annotation missing; possible material-system outlier; possibly missing additive/structure feature,True
10.1039_c4dt01457j__sample_13004,unknown,p,Cu2.0Sn1.0Se3,10.1039/c4dt01457j,-1.7659126191490926,0.4223489852087585,2.188261604357851,2.188261604357851,0.1710306294123287,1.525540822978338,8.919693672532143,medium,0.2345331888156014,0.1686626922664274,,,unknown,no,large_over_prediction,selected model primary split test residual,unknown,unknown,unknown,large tau_eff overprediction; manual annotation missing; possible material-system outlier; possibly missing additive/structure feature,True
10.1039_c8ta01463a__sample_45800,unknown,n,(Zn0.993Al0.007O)85.86(ZrO2)14.14,10.1039/c8ta01463a,-1.9735223863141635,0.20746641248055694,2.1809887987947203,2.1809887987947203,0.1389664994133428,1.2305563848094756,8.855057801731776,low,0.415479953555857,0.8525256767161745,0.04188587,,unknown,no,large_over_prediction,selected model primary split test residual,unknown,unknown,unknown,large tau_eff overprediction; low target quality; manual annotation missing; possible material-system outlier; possibly missing additive/structure feature,True
10.1021_acsami.5b09327__sample_4839,unknown,n,Co0.93Ni0.07Sb3,10.1021/acsami.5b09327,-1.7307202940331157,0.4332426047448079,2.163962898777924,2.163962898777924,0.1771567590458305,1.542250332566503,8.705568677554789,medium,0.2895945854953787,0.6011286876989461,0.08072289,0.0609473661796335,unknown,no,large_over_prediction,selected model primary split test residual,unknown,unknown,unknown,large tau_eff overprediction; manual annotation missing; possible material-system outlier; possibly missing additive/structure feature,True
10.1007_s11664-012-2403-0__sample_8589,unknown,n,Mg2Si,10.1007/s11664-012-2403-0,0.7729074448676931,-1.3768894836670535,-2.1497969285347467,2.1497969285347467,2.166054792454765,0.2523623105714137,0.11650781478404541,medium,0.3588829554341215,0.6501642496636777,,1.8543878781100287,unknown,no,large_under_prediction,selected model primary split test residual,unknown,unknown,unknown,large tau_eff underprediction; manual annotation missing; possible material-system outlier; possibly missing additive/structure feature,True
10.1039_d0dt03368e__sample_36308,unknown,p,Cu26V2Sn6S32,10.1039/d0dt03368e,1.7242981583663304,-0.424057654589587,-2.1483558129559173,2.1483558129559173,5.608583310753856,0.6543861524561797,0.11667583705166054,medium,0.2776354538343623,0.5869870541522533,,,unknown,no,large_under_prediction,selected model primary split test residual,unknown,unknown,unknown,large tau_eff underprediction; manual annotation missing; possible material-system outlier; possibly missing additive/structure feature,True
10.1063_1.1427141__sample_5831,unknown,p,CeFe4As12,10.1063/1.1427141,-2.215799092426214,-0.07273279963750647,2.143066292788707,2.143066292788707,0.1090663253425701,0.9298492528924118,8.5255393905664,medium,0.132016621324694,0.1764199299173018,,,unknown,no,large_over_prediction,selected model primary split test residual,unknown,unknown,unknown,large tau_eff overprediction; manual annotation missing; possible material-system outlier; possibly missing additive/structure feature,True
10.1016_j.jpcs.2014.04.008__sample_8821,unknown,n,Mg2Si,10.1016/j.jpcs.2014.04.008,-3.518526606480927,-1.3768894836670535,2.141637122813873,2.141637122813873,0.0296430789281578,0.2523623105714137,8.51336364832521,medium,0.1519256394053433,0.2895062928944988,0.04179104,0.0187623598857095,unknown,no,large_over_prediction,selected model primary split test residual,unknown,unknown,unknown,large tau_eff overprediction; manual annotation missing; possible material-system outlier; possibly missing additive/structure feature,True
10.1039_c7cp07521a__sample_83038,unknown,p,Nb0.8Ti0.2CoSn,10.1039/c7cp07521a,-2.1851353919847663,-0.05143895100940683,2.1336964409753594,2.1336964409753594,0.1124625061015556,0.9498616362862767,8.446029429830908,medium,0.1285688364196284,0.1721624904467252,,,unknown,no,large_over_prediction,selected model primary split test residual,unknown,unknown,unknown,large tau_eff overprediction; manual annotation missing; possible material-system outlier; possibly missing additive/structure feature,True
10.1016_j.mseb.2003.10.014__sample_15596,unknown,p,Pb0.744Sn0.24Cd0.016Te,10.1016/j.mseb.2003.10.014,-1.879979107133556,0.25148534460219674,2.131464451735753,2.131464451735753,0.152593293834888,1.2859340540506936,8.42719900549578,low,0.9777115905829864,0.8433003085984027,,0.1402319154487906,unknown,no,large_over_prediction,selected model primary split test residual,unknown,unknown,unknown,large tau_eff overprediction; low target quality; manual annotation missing; possible material-system outlier; possibly missing additive/structure feature,True
10.1016_j.mattod.2017.11.005__sample_41014,unknown,p,Sn0.99Na0.01Se0.9S0.1,10.1016/j.mattod.2017.11.005,-0.8398577837165585,-2.9710036329340466,-2.131145849217488,2.131145849217488,0.4317719240612257,0.05125184646977775,0.11870120221737758,medium,0.4164921370928433,0.1559721763817203,0.9559841,0.9382811384619976,unknown,no,large_under_prediction,selected model primary split test residual,unknown,unknown,unknown,large tau_eff underprediction; manual annotation missing; possible material-system outlier; possibly missing additive/structure feature,True
10.1016_s0925-8388_01_00926-4__sample_7910,unknown,n,La8CaS12,10.1016/s0925-8388(01)00926-4,0.9025488262842252,-1.227620102687761,-2.130168928971986,2.130168928971986,2.46588020843242,0.292989032417526,0.11881722048605982,medium,0.2450525498356761,0.3901846620175344,,,unknown,no,large_under_prediction,selected model primary split test residual,unknown,unknown,unknown,large tau_eff underprediction; manual annotation missing; possible material-system outlier; possibly missing additive/structure feature,True
10.1007_s11664-010-1501-0__sample_12778,unknown,p,Zr0.5Hf0.5Co0.7Ir0.3Sb0.99Sn0.01,10.1007/s11664-010-1501-0,-2.570238422269809,-0.4466144673133412,2.123623954956468,2.123623954956468,0.0765172998206159,0.6397905208915521,8.36138392744453,medium,0.4313631813669593,0.5006357275558001,0.01182047,0.0321498415868082,unknown,no,large_over_prediction,selected model primary split test residual,unknown,unknown,unknown,large tau_eff overprediction; manual annotation missing; possible material-system outlier; possibly missing additive/structure feature,True
10.1016_j.actamat.2020.05.039__sample_38557,unknown,p,Cu26V2Sn6S32,10.1016/j.actamat.2020.05.039,1.6976729588312374,-0.424057654589587,-2.1217306134208243,2.1217306134208243,5.461224100343948,0.6543861524561797,0.1198240798093172,medium,0.2408549843020737,0.5017065994901186,,,unknown,no,large_under_prediction,selected model primary split test residual,unknown,unknown,unknown,large tau_eff underprediction; manual annotation missing; possible material-system outlier; possibly missing additive/structure feature,True
10.1016_j.jpcs.2014.04.008__sample_8827,unknown,n,Mg2Si0.965Bi0.035,10.1016/j.jpcs.2014.04.008,-1.7035257847798853,0.41765040218290056,2.121176186962786,2.121176186962786,0.1820405554146829,1.5183897558595107,8.340942227959395,medium,0.115368119136502,0.1981385168993865,0.5197761,0.0354285525595135,unknown,no,large_over_prediction,selected model primary split test residual,unknown,unknown,unknown,large tau_eff overprediction; manual annotation missing; possible material-system outlier; possibly missing additive/structure feature,True
10.1016_j.actamat.2013.03.031__sample_4871,unknown,n,Ba0.03Sr0.01(Nd0.9513Pr0.0487)0.10Yb0.02Fe2.4Ni1.6Sb12,10.1016/j.actamat.2013.03.031,0.546732217475677,-1.5645090067031686,-2.111241224178846,2.111241224178846,1.7275983680601734,0.20919069919320962,0.12108757629129883,low,0.4522556454678293,0.9005683304385212,,,unknown,no,large_under_prediction,selected model primary split test residual,unknown,unknown,unknown,large tau_eff underprediction; low target quality; manual annotation missing; possible material-system outlier; possibly missing additive/structure feature,True
10.1103_physrevb.81.125205__sample_15086,unknown,n,La3Te3.65Sb0.35,10.1103/physrevb.81.125205,0.4238333768083781,-1.6847266460972496,-2.108560022905628,2.108560022905628,1.527807004495135,0.18549513084424316,0.12141267208389332,medium,0.3097235124638469,0.3517634189497485,,,unknown,no,large_under_prediction,selected model primary split test residual,unknown,unknown,unknown,large tau_eff underprediction; manual annotation missing; possible material-system outlier; possibly missing additive/structure feature,True
10.1016_j.jallcom.2004.07.074__sample_11234,unknown,n,TiCo0.99Ni0.01Sb,10.1016/j.jallcom.2004.07.074,-1.9060202974780447,0.20069090581327442,2.106711203291319,2.106711203291319,0.1486708766915608,1.222246924012099,8.221159054223019,medium,0.3505144234643275,0.4054680267608488,0.0917847,0.0810619570075607,unknown,no,large_over_prediction,selected model primary split test residual,unknown,unknown,unknown,large tau_eff overprediction; manual annotation missing; possible material-system outlier; possibly missing additive/structure feature,True
10.1002_adma.201400515__sample_7654,unknown,p,Cu1.97S,10.1002/adma.201400515,-1.1565527503316455,0.9308491991324996,2.0874019494641454,2.0874019494641454,0.314568710819146,2.536662394738458,8.063937408564621,medium,0.4761489516156775,0.669329556631594,1.553548,0.5318182689261721,not_checked,no,large_over_prediction,selected model primary split test residual,unknown,unknown,not_checked,large tau_eff overprediction; manual annotation missing; possible material-system outlier; possibly missing additive/structure feature,True
10.1039_c4dt01457j__sample_12999,unknown,p,Cu2.13Sn0.87Se3,10.1039/c4dt01457j,2.508101222862,0.4223489852087585,-2.0857522376532414,2.0857522376532414,12.281587908412265,1.525540822978338,0.12421364683091345,medium,0.495792242539636,0.7718765244668393,,,unknown,no,large_under_prediction,selected model primary split test residual,unknown,unknown,unknown,large tau_eff underprediction; manual annotation missing; possible material-system outlier; possibly missing additive/structure feature,True
10.1021_acsaem.9b01711__sample_40826,unknown,p,Nb0.73Hf0.12Ta0.15FeSb,10.1021/acsaem.9b01711,1.906705068884332,-0.17852596012391664,-2.0852310290082485,2.0852310290082485,6.730874453587951,0.8365023408910928,0.12427840493224293,medium,0.2387036411072088,0.466866083098844,0.6894738,,unknown,no,large_under_prediction,selected model primary split test residual,unknown,unknown,unknown,large tau_eff underprediction; manual annotation missing; possible material-system outlier; possibly missing additive/structure feature,True
10.1021_jacs.8b12450__sample_45317,unknown,p,SnSe,10.1021/jacs.8b12450,-0.4093017991742034,1.67396208774571,2.083263886919913,2.083263886919913,0.6641137730862279,5.333256822810343,8.030637277745297,low,0.6054743038221186,0.9382754554312877,1.332551,2.512300065318994,unknown,no,large_over_prediction,selected model primary split test residual,unknown,unknown,unknown,large tau_eff overprediction; low target quality; manual annotation missing; possible material-system outlier; possibly missing additive/structure feature,True
10.1016_j.cplett.2013.03.027__sample_1473,unknown,p,Bi2Te3,10.1016/j.cplett.2013.03.027,0.6709941574439556,-1.4115528988194261,-2.082547056263382,2.082547056263382,1.9561811062698893,0.24376444756006013,0.12461241281737877,medium,0.1536120285216164,0.08870473059355,,,unknown,no,large_under_prediction,selected model primary split test residual,unknown,unknown,unknown,large tau_eff underprediction; manual annotation missing; possible material-system outlier; possibly missing additive/structure feature,True
10.1021_jacs.8b12450__sample_45323,unknown,p,Sn0.98Na0.02Se0.97Te0.03,10.1021/jacs.8b12450,-0.6287692280297329,-2.6991141973578547,-2.0703449693281217,2.0703449693281217,0.5332477036176481,0.06726506993456735,0.12614225898813825,medium,0.5614163499939582,0.7017845810718064,1.409971,2.8498953504397,unknown,no,large_under_prediction,selected model primary split test residual,unknown,unknown,unknown,large tau_eff underprediction; manual annotation missing; possible material-system outlier; possibly missing additive/structure feature,True
10.1016_j.intermet.2014.06.014__sample_13137,unknown,p,Cu2Cd0.8Zn0.2SnSe4,10.1016/j.intermet.2014.06.014,-3.633559960157888,-1.5696940109599482,2.0638659491979396,2.0638659491979396,0.0264219556736467,0.2081088516432124,7.876360637860751,low,0.4353391990721726,,0.1286847,0.0941869957290098,unknown,no,large_over_prediction,selected model primary split test residual,unknown,unknown,unknown,large tau_eff overprediction; low target quality; manual annotation missing; possible material-system outlier; possibly missing additive/structure feature,True
10.1007_s11664-009-0975-0__sample_18956,unknown,p,Ni2.0Mo6S8,10.1007/s11664-009-0975-0,1.995530638729786,-0.05143895100940683,-2.046969589739193,2.046969589739193,7.35610542685709,0.9498616362862767,0.12912561486929464,medium,0.2968709578851655,0.5939461296699767,,,unknown,no,large_under_prediction,selected model primary split test residual,unknown,unknown,unknown,large tau_eff underprediction; manual annotation missing; possible material-system outlier; possibly missing additive/structure feature,True
10.1002_adfm.200800298__sample_5871,unknown,p,Yb14Mn0.05Al0.95Sb11,10.1002/adfm.200800298,-0.9077026313646522,1.1383589576805098,2.046061589045162,2.046061589045162,0.4034500336166533,3.1216414138982405,7.73736808475355,medium,0.3244848343914051,0.4374260165295378,,,unknown,no,large_over_prediction,selected model primary split test residual,unknown,unknown,unknown,large tau_eff overprediction; manual annotation missing; possible material-system outlier; possibly missing additive/structure feature,True
10.1007_s13391-020-00241-0__sample_39472,unknown,p,Al0.990Mg0.010Sb,10.1007/s13391-020-00241-0,-3.049834580030296,-1.0068012585630315,2.0430333214672647,2.0430333214672647,0.0473667591509739,0.3653858872365819,7.713972705457287,low,0.7707579769690391,0.8968862617539475,0.01805158,0.0102472383082895,unknown,no,large_over_prediction,selected model primary split test residual,unknown,unknown,unknown,large tau_eff overprediction; low target quality; manual annotation missing; possible material-system outlier; possibly missing additive/structure feature,True
10.1063_1.3624748__sample_17938,unknown,p,LaCu4Al,10.1063/1.3624748,3.6962967981904393,1.6649533065869189,-2.0313434916035202,2.0313434916035202,40.2977968285085,5.2854264493983205,0.13115919145384067,medium,0.1338429470253572,0.1037006364245769,,,unknown,no,large_under_prediction,selected model primary split test residual,unknown,unknown,unknown,large tau_eff underprediction; manual annotation missing; possible material-system outlier; possibly missing additive/structure feature,True
10.1021_jacs.0c05650__sample_38450,unknown,p,NaSn15BiTe17,10.1021/jacs.0c05650,1.1112066364512077,-0.9162063205090902,-2.0274129569602977,2.0274129569602977,3.0380219717388823,0.4000337659711217,0.13167573167423577,medium,0.2309025164885358,0.2904482105942162,0.7749101,0.5260591990459274,unknown,no,large_under_prediction,selected model primary split test residual,unknown,unknown,unknown,large tau_eff underprediction; manual annotation missing; possible material-system outlier; possibly missing additive/structure feature,True
10.1007_s40843-020-1640-2__sample_45742,unknown,p,BaAgSb,10.1007/s40843-020-1640-2,-0.1072137649708797,1.9145981768858713,2.021811941856751,2.021811941856751,0.8983336202037946,6.784212195958848,7.551996322279235,low,0.526172159321539,0.9530096347532588,0.3849935,0.3429848986340611,unknown,no,large_over_prediction,selected model primary split test residual,unknown,unknown,unknown,large tau_eff overprediction; low target quality; manual annotation missing; possible material-system outlier; possibly missing additive/structure feature,True
10.1039_c7cp07521a__sample_83039,unknown,p,Nb0.8Zr0.2CoSn,10.1039/c7cp07521a,-2.0730709979700337,-0.05143895100940683,2.021632046960627,2.021632046960627,0.1257988598477837,0.9498616362862767,7.550637878877495,medium,0.1433635230120477,0.2458712808590786,,,unknown,no,large_over_prediction,selected model primary split test residual,unknown,unknown,unknown,large tau_eff overprediction; manual annotation missing; possible material-system outlier; possibly missing additive/structure feature,True
10.1007_s11661-015-2867-7__sample_17112,unknown,p,Zn63.21Sb36.79,10.1007/s11661-015-2867-7,1.9104033073866875,-0.11079641028104464,-2.021199717667732,2.021199717667732,6.755812918418601,0.8951209678057233,0.13249641140377416,medium,0.1729123131856779,0.3185855339830625,,,unknown,no,large_under_prediction,selected model primary split test residual,unknown,unknown,unknown,large tau_eff underprediction; manual annotation missing; possible material-system outlier; possibly missing additive/structure feature,True
10.1007_s11661-015-2867-7__sample_17111,unknown,p,Zn63.21Sb36.79,10.1007/s11661-015-2867-7,1.902569223878618,-0.11079641028104464,-2.013365634159663,2.013365634159663,6.703094087338578,0.8951209678057233,0.13353847583558617,medium,0.1992815571028017,0.3763916655176768,,,unknown,no,large_under_prediction,selected model primary split test residual,unknown,unknown,unknown,large tau_eff underprediction; manual annotation missing; possible material-system outlier; possibly missing additive/structure feature,True
10.1007_s10904-011-9583-6__sample_30341,unknown,n,PbTe,10.1007/s10904-011-9583-6,-2.7654265674863376,-0.7589694067725851,2.0064571607137527,2.0064571607137527,0.0629492415203621,0.4681486493071102,7.436922796848614,medium,0.4656270921945246,0.425534695234633,0.1222222,,unknown,no,large_over_prediction,selected model primary split test residual,unknown,unknown,unknown,large tau_eff overprediction; manual annotation missing; possible material-system outlier; possibly missing additive/structure feature,True
10.1063_1.4821798__sample_14957,unknown,p,TiSe2,10.1063/1.4821798,0.6158545647132292,-1.3807412310757208,-1.99659579578895,1.99659579578895,1.851237926396725,0.2513921443127566,0.135796777241956,medium,0.1212112830812204,0.1750222476567301,,,unknown,no,large_under_prediction,selected model primary split test residual,unknown,unknown,unknown,large tau_eff underprediction; manual annotation missing; possible material-system outlier; possibly missing additive/structure feature,True
10.7567_apex.7.115801__sample_25610,unknown,n,Ru2Sn3,10.7567/apex.7.115801,-0.4152263327671007,1.5807113263346317,1.9959376591017324,1.9959376591017324,0.6601908409742147,4.858410497718507,7.359100121033434,medium,0.7072846110457482,0.3220765904680978,,,unknown,no,large_over_prediction,selected model primary split test residual,unknown,unknown,unknown,large tau_eff overprediction; manual annotation missing; possible material-system outlier; possibly missing additive/structure feature,True
10.2497_jjspm.60.60__sample_30699,unknown,n,(TiO2)0.97(TiN)0.03,10.2497/jjspm.60.60,-1.8848348641356525,0.10995223533024437,1.994787099465897,1.994787099465897,0.1518541339226846,1.116224753078834,7.350637906552821,medium,0.456007308617936,0.7639631777779005,0.1351192,0.0947750331126732,unknown,no,large_over_prediction,selected model primary split test residual,unknown,unknown,unknown,large tau_eff overprediction; manual annotation missing; possible material-system outlier; possibly missing additive/structure feature,True
10.1016_j.intermet.2020.106914__sample_83378,unknown,n,TiCoSb,10.1016/j.intermet.2020.106914,-2.475696510958441,-0.4846912202139637,1.9910052907444773,1.9910052907444773,0.0841043902224532,0.6158873409677976,7.322891698504644,medium,0.642616151707728,0.6025636129728033,0.0547,0.0437328043219055,unknown,no,large_over_prediction,selected model primary split test residual,unknown,unknown,unknown,large tau_eff overprediction; manual annotation missing; possible material-system outlier; possibly missing additive/structure feature,True
10.1002_pssa.202000096__sample_83945,unknown,p,Ti2FeNiSb1.6Sn0.4,10.1002/pssa.202000096,-0.1704471936269337,1.8179307502083482,1.9883779438352818,1.9883779438352818,0.8432876194135077,6.159100537278257,7.30367717429767,medium,0.3345125403132787,0.4984470765363316,0.3209,0.2909418342283272,unknown,no,large_over_prediction,selected model primary split test residual,unknown,unknown,unknown,large tau_eff overprediction; manual annotation missing; possible material-system outlier; possibly missing additive/structure feature,True
10.1002_zaac.202000224__sample_39313,unknown,p,(Sn12Sb2Te15)44.09(NiTe2)55.91,10.1002/zaac.202000224,1.8281082645642848,-0.1585991780641989,-1.9867074426284836,1.9867074426284836,6.2221049416897385,0.8533383271505607,0.13714624474315268,medium,0.1483822113197338,0.3237660499881825,0.4224829,0.5491813701732169,unknown,no,large_under_prediction,selected model primary split test residual,unknown,unknown,unknown,large tau_eff underprediction; manual annotation missing; possible material-system outlier; possibly missing additive/structure feature,True
10.1007_s11664-011-1866-8__sample_4073,unknown,p,(CoSb3)82.16(ZnO)17.84,10.1007/s11664-011-1866-8,-2.159301090809425,-0.1760590747712636,1.9832420160381614,1.9832420160381614,0.1154057509982881,0.8385684436348185,7.266262178279638,low,0.6487365639037955,0.9291073019721688,,,unknown,no,large_over_prediction,selected model primary split test residual,unknown,unknown,unknown,large tau_eff overprediction; low target quality; manual annotation missing; possible material-system outlier; possibly missing additive/structure feature,True
10.1142_s1793604713400031__sample_27588,unknown,p,CeFe3.95Mn0.05Sb12,10.1142/s1793604713400031,1.4556299552682936,-0.526666759518352,-1.9822967147866457,1.9822967147866457,4.287183348846741,0.5905702050725115,0.1377524955239845,medium,0.0888859832427629,0.0657581838822136,0.8737581,0.9202867828794956,unknown,no,large_under_prediction,selected model primary split test residual,unknown,unknown,unknown,large tau_eff underprediction; manual annotation missing; possible material-system outlier; possibly missing additive/structure feature,True
10.1021_jacs.0c05650__sample_38434,unknown,p,NaSn4SbTe6,10.1021/jacs.0c05650,0.8133610252035882,-1.1643729341194855,-1.9777339593230736,1.9777339593230736,2.255475973047199,0.3121183194299945,0.13838246257543396,medium,0.19944737525463,0.3253093801161585,1.167332,0.8065568667717193,not_checked,no,large_under_prediction,selected model primary split test residual,unknown,unknown,not_checked,large tau_eff underprediction; manual annotation missing; possible material-system outlier; possibly missing additive/structure feature,True
10.1063_1.3548867__sample_12176,unknown,n,(Zr0.5Hf0.5)0.95Nb0.05NiSn,10.1063/1.3548867,1.6079056815651696,-0.3694824611627197,-1.9773881427278892,1.9773881427278892,4.992344711987361,0.6910919050010312,0.13843032580294726,medium,0.0690457879252861,0.0683778148795229,,,unknown,no,large_under_prediction,selected model primary split test residual,unknown,unknown,unknown,large tau_eff underprediction; manual annotation missing; possible material-system outlier; possibly missing additive/structure feature,True
10.1039_c7cp02744c__sample_82323,unknown,p,TiFe2Sn,10.1039/c7cp02744c,2.0304305603411623,0.05493991270953939,-1.975490647631623,1.975490647631623,7.6173653882596195,1.0564771319199693,0.1386932460333701,medium,0.1488309275795462,0.1885344323983828,,,unknown,no,large_under_prediction,selected model primary split test residual,unknown,unknown,unknown,large tau_eff underprediction; manual annotation missing; possible material-system outlier; possibly missing additive/structure feature,True
10.1021_cm401630d__sample_6665,unknown,n,AgBiS1.02Se0.08,10.1021/cm401630d,-1.0382503566185373,0.9352929233038477,1.973543279922385,1.973543279922385,0.3540736429262968,2.5479597052119556,7.1961292689112515,medium,0.3433011321813515,0.6159120491636835,0.1168975,,unknown,no,large_over_prediction,selected model primary split test residual,unknown,unknown,unknown,large tau_eff overprediction; manual annotation missing; possible material-system outlier; possibly missing additive/structure feature,True
10.1021_acsaem.9b01711__sample_40825,unknown,p,Nb0.78Hf0.12Ta0.10FeSb,10.1021/acsaem.9b01711,1.7944354920649208,-0.17852596012391664,-1.9729614521888375,1.9729614521888375,6.016077639491955,0.8365023408910928,0.13904447233193182,medium,0.2377811933486383,0.4583495524334731,0.7062851,0.1721883148257749,unknown,no,large_under_prediction,selected model primary split test residual,unknown,unknown,unknown,large tau_eff underprediction; manual annotation missing; possible material-system outlier; possibly missing additive/structure feature,True
10.1021_jacs.8b04193__sample_44991,unknown,p,Na1.10Pb5.90Sb0.85Te8,10.1021/jacs.8b04193,-1.6282113747982354,0.34055075473556223,1.9687621295337976,1.9687621295337976,0.1962803322949017,1.4057215852233609,7.161805611330086,medium,0.229333691404617,0.3906685140714461,1.186689,,unknown,no,large_over_prediction,selected model primary split test residual,unknown,unknown,unknown,large tau_eff overprediction; manual annotation missing; possible material-system outlier; possibly missing additive/structure feature,True
10.1039_c6ta09189j__sample_2786,unknown,p,PbTe,10.1039/c6ta09189j,-2.930475719354096,-0.9626821314183004,1.9677935879357955,1.9677935879357955,0.0533716421818546,0.38186729293827604,7.154872462742098,medium,0.3596263077984682,0.2549178036447663,0.2877572,6.36459685507362e-05,unknown,no,large_over_prediction,selected model primary split test residual,unknown,unknown,unknown,large tau_eff overprediction; manual annotation missing; possible material-system outlier; possibly missing additive/structure feature,True
10.1002_pssa.202000096__sample_83947,unknown,p,Ti2FeNiSb1.7Sn0.3,10.1002/pssa.202000096,-0.1426238592848293,1.8179307502083482,1.9605546094931774,1.9605546094931774,0.867080151713508,6.159100537278257,7.103265511391022,medium,0.2954052530381021,0.4458157641897682,0.3956,0.3967997398891237,unknown,no,large_over_prediction,selected model primary split test residual,unknown,unknown,unknown,large tau_eff overprediction; manual annotation missing; possible material-system outlier; possibly missing additive/structure feature,True
10.1016_j.cplett.2013.03.027__sample_1475,unknown,p,Bi2Te3,10.1016/j.cplett.2013.03.027,0.548674357113965,-1.4115528988194261,-1.960227255933391,1.960227255933391,1.7309568656097711,0.24376444756006013,0.1408264136461819,medium,0.1045770912626402,0.0474573255001427,,,unknown,no,large_under_prediction,selected model primary split test residual,unknown,unknown,unknown,large tau_eff underprediction; manual annotation missing; possible material-system outlier; possibly missing additive/structure feature,True
10.1002_pssa.202000096__sample_83944,unknown,p,Ti2FeNiSb1.7Sn0.3,10.1002/pssa.202000096,-0.1403097418433557,1.8179307502083482,1.9582404920517038,1.9582404920517038,0.8690890004752502,6.159100537278257,7.086846725606045,medium,0.296378853108667,0.4498997510739237,0.4178,0.3954213470788848,unknown,no,large_over_prediction,selected model primary split test residual,unknown,unknown,unknown,large tau_eff overprediction; manual annotation missing; possible material-system outlier; possibly missing additive/structure feature,True
10.1039_c1ee01314a__sample_108,unknown,n,Pb1Te0.99I0.01,10.1039/c1ee01314a,2.161390151274734,0.20717812142493713,-1.954212029849797,1.954212029849797,8.683200233992538,1.230201677542222,0.1416760692361202,low,0.4585729569048463,0.8084661802282517,,,unknown,no,large_under_prediction,selected model primary split test residual,unknown,unknown,unknown,large tau_eff underprediction; low target quality; manual annotation missing; possible material-system outlier; possibly missing additive/structure feature,True
10.1142_s1793604713400031__sample_27589,unknown,p,CeFe3.9Mn0.1Sb12,10.1142/s1793604713400031,1.4239386492998012,-0.526666759518352,-1.950605408818153,1.950605408818153,4.153447238436296,0.5905702050725115,0.14218796367685443,medium,0.0877573803840606,0.0662515566335258,0.8314099,1.000923253503096,unknown,no,large_under_prediction,selected model primary split test residual,unknown,unknown,unknown,large tau_eff underprediction; manual annotation missing; possible material-system outlier; possibly missing additive/structure feature,True
10.1039_c8ta04372h__sample_83060,unknown,p,(Hf0.7Ti0.3CoSb0.8Sn0.2)0.75(Cu1.96Ni0.04Te0.97Se0.03)0.25,10.1039/c8ta04372h,0.4458606927770785,2.395042174849929,1.9491814820728504,1.9491814820728504,1.5618338766381548,10.968660650942354,7.022936827668498,medium,0.2036206281285604,0.4009677981000272,,,unknown,no,large_over_prediction,selected model primary split test residual,unknown,unknown,unknown,large tau_eff overprediction; manual annotation missing; possible material-system outlier; possibly missing additive/structure feature,True
10.1080_00325899.2020.1783103__sample_38346,unknown,p,Cu2ZnSnS4,10.1080/00325899.2020.1783103,-3.976909641716697,-2.040736925452428,1.9361727162642692,1.9361727162642692,0.0187434739768887,0.12993292470980083,6.932168757510603,low,0.5725881097643954,0.8855570084188842,0.02281231,0.0114629251475498,unknown,no,large_over_prediction,selected model primary split test residual,unknown,unknown,unknown,large tau_eff overprediction; low target quality; manual annotation missing; possible material-system outlier; possibly missing additive/structure feature,True
10.1007_s11664-011-1866-8__sample_4074,unknown,p,(CoSb3)68.82(ZnO)31.18,10.1007/s11664-011-1866-8,-2.111906831658299,-0.1760590747712636,1.9358477568870354,1.9358477568870354,0.1210070063118155,0.8385684436348185,6.929916450242254,low,0.6633979519757455,0.9449385323611555,,,unknown,no,large_over_prediction,selected model primary split test residual,unknown,unknown,unknown,large tau_eff overprediction; low target quality; manual annotation missing; possible material-system outlier; possibly missing additive/structure feature,True
10.1016_j.pnsc.2016.11.003__sample_14229,unknown,n,Mg2Si0.5Bi0.5,10.1016/j.pnsc.2016.11.003,2.3528499607398743,0.41765040218290056,-1.9351995585569737,1.9351995585569737,10.515495810607533,1.5183897558595107,0.1443954506004207,medium,0.3030069232680565,0.4459574266242649,0.3213122,0.0012649718524629,unknown,no,large_under_prediction,selected model primary split test residual,unknown,unknown,unknown,large tau_eff underprediction; manual annotation missing; possible material-system outlier; possibly missing additive/structure feature,True
10.1063_1.3093833__sample_46741,unknown,n,(PbI2)0.0001(Ge0.8Si0.2)0.05(PbTe)0.95,10.1063/1.3093833,-0.5937772105002319,-2.527161880687081,-1.9333846701868491,1.9333846701868491,0.5522374233020423,0.07988542321711396,0.1446577501746404,medium,0.3512070889054521,0.5709310627651178,0.612629,,unknown,no,large_under_prediction,selected model primary split test residual,unknown,unknown,unknown,large tau_eff underprediction; manual annotation missing; possible material-system outlier; possibly missing additive/structure feature,True
10.1039_d0dt03368e__sample_36309,unknown,p,Cu26V2Sn6S32,10.1039/d0dt03368e,1.5024039362851862,-0.424057654589587,-1.9264615908747733,1.9264615908747733,4.492475725334252,0.6543861524561797,0.14566270191866015,medium,0.2216942253250448,0.4626558768441486,,,unknown,no,large_under_prediction,selected model primary split test residual,unknown,unknown,unknown,large tau_eff underprediction; manual annotation missing; possible material-system outlier; possibly missing additive/structure feature,True
10.1063_1.3607976__sample_13609,unknown,p,Ca5Al1.98Zn0.02Sb6,10.1063/1.3607976,-1.974439643632599,-0.051615348069910735,1.9228242955626884,1.9228242955626884,0.1388390898173638,0.9496940982627923,6.840250101841417,low,0.4203800530361705,0.824409480160032,,,unknown,no,large_over_prediction,selected model primary split test residual,unknown,unknown,unknown,large tau_eff overprediction; low target quality; manual annotation missing; possible material-system outlier; possibly missing additive/structure feature,True
10.1039_d0dt03368e__sample_36307,unknown,p,Cu26V2Sn6S32,10.1039/d0dt03368e,1.4970682243899986,-0.424057654589587,-1.9211258789795855,1.9211258789795855,4.468569005570564,0.6543861524561797,0.14644199331831179,medium,0.2378481492804385,0.5005031322993286,,,unknown,no,large_under_prediction,selected model primary split test residual,unknown,unknown,unknown,large tau_eff underprediction; manual annotation missing; possible material-system outlier; possibly missing additive/structure feature,True
10.1142_s1793604713400031__sample_27590,unknown,p,CeFe3.85Mn0.15Sb12,10.1142/s1793604713400031,1.3880550025900438,-0.526666759518352,-1.9147217621083956,1.9147217621083956,4.00704876923748,0.5905702050725115,0.14738283437086636,medium,0.0859896177479501,0.0651049700604194,0.9731407,0.8509069609303168,unknown,no,large_under_prediction,selected model primary split test residual,unknown,unknown,unknown,large tau_eff underprediction; manual annotation missing; possible material-system outlier; possibly missing additive/structure feature,True
10.1039_c2ta00452f__sample_8160,unknown,p,BiSbTeSe,10.1039/c2ta00452f,0.6486886963887926,-1.2660273083440652,-1.9147160047328577,1.9147160047328577,1.913030619590432,0.2819494982379636,0.14738368291163434,medium,0.087166904912134,0.1315299858079997,0.9947575,1.0063250195006384,unknown,no,large_under_prediction,selected model primary split test residual,unknown,unknown,unknown,large tau_eff underprediction; manual annotation missing; possible material-system outlier; possibly missing additive/structure feature,True
10.1016_j.jallcom.2016.06.133__sample_16277,unknown,p,AgSn4SbTe6(SiC)0.02,10.1016/j.jallcom.2016.06.133,1.3338392073384913,-0.580123548258379,-1.9139627555968701,1.9139627555968701,3.795587498153111,0.5598291963703602,0.1474947413655374,medium,0.0685600922748603,0.1020781814338898,0.9063361,0.7994797212200804,unknown,no,large_under_prediction,selected model primary split test residual,unknown,unknown,unknown,large tau_eff underprediction; manual annotation missing; possible material-system outlier; possibly missing additive/structure feature,True
10.1016_j.jcrysgro.2016.02.025__sample_21456,unknown,n,Si0.73Ge0.27,10.1016/j.jcrysgro.2016.02.025,-1.853403142000552,0.05557070366042052,1.9089738456609724,1.9089738456609724,0.1567029753882405,1.0571437583634573,6.746162641419691,medium,0.2473651779390869,0.4158888219180192,,,unknown,no,large_over_prediction,selected model primary split test residual,unknown,unknown,unknown,large tau_eff overprediction; manual annotation missing; possible material-system outlier; possibly missing additive/structure feature,True
10.1007_s11664-016-4865-y__sample_2345,unknown,n,Sr7.84Ga14.49Sn0.34Ge31.42,10.1007/s11664-016-4865-y,0.7519805482214035,-1.156985876363006,-1.9089664245844096,1.9089664245844096,2.1211969920144607,0.31443249242383475,0.14823351796535605,medium,0.1407940176041312,0.3057768085315712,0.75725,1.029529080263375,unknown,no,large_under_prediction,selected model primary split test residual,unknown,unknown,unknown,large tau_eff underprediction; manual annotation missing; possible material-system outlier; possibly missing additive/structure feature,True
10.1016_j.jallcom.2013.10.104__sample_735,unknown,p,Ba8Au5Ga1Ge40,10.1016/j.jallcom.2013.10.104,0.725600903736599,-1.1819128709710136,-1.9075137747076125,1.9075137747076125,2.0659721774462314,0.30669151584179405,0.14844900584329188,medium,0.3665975606817995,0.5295270099782599,,,unknown,no,large_under_prediction,selected model primary split test residual,unknown,unknown,unknown,large tau_eff underprediction; manual annotation missing; possible material-system outlier; possibly missing additive/structure feature,True
10.1016_j.jallcom.2011.10.036__sample_15791,unknown,n,PbS,10.1016/j.jallcom.2011.10.036,-2.022405426596306,-3.9287889083656387,-1.9063834817693328,1.9063834817693328,0.1323367555661165,0.019667477252488998,0.14861689156844238,low,0.5247346457992278,0.97311460410875,,,unknown,no,large_under_prediction,selected model primary split test residual,unknown,unknown,unknown,large tau_eff underprediction; low target quality; manual annotation missing; possible material-system outlier; possibly missing additive/structure feature,True
10.1021_jacs.0c05650__sample_38439,unknown,p,NaSn5SbTe7,10.1021/jacs.0c05650,0.7402475848292941,-1.1643729341194855,-1.9046205189487795,1.9046205189487795,2.096454500574821,0.3121183194299945,0.14887912871203055,medium,0.1953241934287359,0.2282796385062443,1.203191,0.8866406481896065,not_checked,no,large_under_prediction,selected model primary split test residual,unknown,unknown,not_checked,large tau_eff underprediction; manual annotation missing; possible material-system outlier; possibly missing additive/structure feature,True
10.1016_j.jallcom.2015.05.171__sample_3752,unknown,n,CoSb2.7Se0.3,10.1016/j.jallcom.2015.05.171,-1.2483146308230275,0.6560665503115681,1.9043811811345956,1.9043811811345956,0.2869880703465983,1.9271968740707288,6.715250817719476,medium,0.2541384597014167,0.359734020593656,,,unknown,no,large_over_prediction,selected model primary split test residual,unknown,unknown,unknown,large tau_eff overprediction; manual annotation missing; possible material-system outlier; possibly missing additive/structure feature,True
10.1063_1.336088__sample_6971,unknown,n,LaS1.48,10.1063/1.336088,-0.7803308488581912,1.1221816246097616,1.9025124734679526,1.9025124734679526,0.4582543732858112,3.071547863520313,6.702713694790212,medium,0.2850427637533382,0.4714814594703702,,,unknown,no,large_over_prediction,selected model primary split test residual,unknown,unknown,unknown,large tau_eff overprediction; manual annotation missing; possible material-system outlier; possibly missing additive/structure feature,True
10.1016_j.jallcom.2014.11.073__sample_9743,unknown,n,Bi0.01Mg2Si,10.1016/j.jallcom.2014.11.073,-1.786119552667085,0.10915830877254697,1.895277861439632,1.895277861439632,0.1676093084720466,1.1153389042989723,6.654397148145177,low,0.7280406476195231,0.8416632223818,,,unknown,no,large_over_prediction,selected model primary split test residual,unknown,unknown,unknown,large tau_eff overprediction; low target quality; manual annotation missing; possible material-system outlier; possibly missing additive/structure feature,True
10.1016_j.jallcom.2009.09.058__sample_16707,unknown,p,(Zn0.9975Ag0.0025)4Sb3,10.1016/j.jallcom.2009.09.058,-0.5322657471977122,1.3591139609168588,1.8913797081145711,1.8913797081145711,0.5872728493116232,3.892742651185751,6.628507780921018,medium,0.1561290591786582,0.1239906117888712,,,unknown,no,large_over_prediction,selected model primary split test residual,unknown,unknown,unknown,large tau_eff overprediction; manual annotation missing; possible material-system outlier; possibly missing additive/structure feature,True
10.1088_1757-899x_18_14_142006__sample_9648,unknown,n,Mg2SiSb0.003,10.1088/1757-899x/18/14/142006,-1.1346363516009472,0.7563982071982525,1.8910345587991997,1.8910345587991997,0.3215390272292672,2.130588445794544,6.626220350773684,low,0.7380174177390864,,0.5232269,,unknown,no,large_over_prediction,selected model primary split test residual,unknown,unknown,unknown,large tau_eff overprediction; low target quality; manual annotation missing; possible material-system outlier; possibly missing additive/structure feature,True
10.1021_jacs.0c05650__sample_38451,unknown,p,NaSn10BiTe12,10.1021/jacs.0c05650,0.9736149280200443,-0.9162063205090902,-1.8898212485291346,1.8898212485291346,2.6474976954227296,0.4000337659711217,0.15109881555808033,medium,0.2102692488356152,0.3063300667626923,0.5937475,0.4955973259414112,unknown,no,large_under_prediction,selected model primary split test residual,unknown,unknown,unknown,large tau_eff underprediction; manual annotation missing; possible material-system outlier; possibly missing additive/structure feature,True
10.1063_1.1710014__sample_7431,unknown,p,(Bi2Te3)5(Bi2Se3)1(Sb2Te3)18,10.1063/1.1710014,2.252788492645014,0.36313862724676627,-1.8896498653982476,1.8896498653982476,9.514229239118372,1.4378351685567603,0.15112471356534143,medium,0.3653370902002644,0.6220391051782063,,,unknown,no,large_under_prediction,selected model primary split test residual,unknown,unknown,unknown,large tau_eff underprediction; manual annotation missing; possible material-system outlier; possibly missing additive/structure feature,True
10.1016_j.jallcom.2016.06.133__sample_16276,unknown,p,AgSn4SbTe6(SiC)0.01,10.1016/j.jallcom.2016.06.133,1.3087886557309631,-0.580123548258379,-1.8889122039893422,1.8889122039893422,3.701686977962402,0.5598291963703602,0.15123623356141228,medium,0.0616212558169689,0.0879715360837275,0.4132231,0.7993498397211831,unknown,no,large_under_prediction,selected model primary split test residual,unknown,unknown,unknown,large tau_eff underprediction; manual annotation missing; possible material-system outlier; possibly missing additive/structure feature,True
10.1021_acsami.9b19798__sample_35965,unknown,p,In0.15Sb1.85Te3,10.1021/acsami.9b19798,-1.8010352881568037,0.07899767051949881,1.8800329586763025,1.8800329586763025,0.1651278447951721,1.0822018010993844,6.553720860596039,medium,0.0791348083859789,0.0456691846458889,0.5995351,0.2534348597945379,unknown,no,large_over_prediction,selected model primary split test residual,unknown,unknown,unknown,large tau_eff overprediction; manual annotation missing; possible material-system outlier; possibly missing additive/structure feature,True
10.1002_adfm.201400123__sample_8246,unknown,n,Mg2Si0.4Sn0.49Sb0.11,10.1002/adfm.201400123,-1.8057695374663567,0.07416918251937359,1.8799387199857303,1.8799387199857303,0.1643479360079629,1.076988997795894,6.553103275624418,medium,0.1718827770554195,0.3951479085278935,0.5463918,,unknown,no,large_over_prediction,selected model primary split test residual,unknown,unknown,unknown,large tau_eff overprediction; manual annotation missing; possible material-system outlier; possibly missing additive/structure feature,True
10.1002_pssa.202000096__sample_83946,unknown,p,Ti2FeNiSb1.5Sn0.5,10.1002/pssa.202000096,-0.0616623512688709,1.8179307502083482,1.8795931014772191,1.8795931014772191,0.9402002906377114,6.159100537278257,6.5508387931902385,medium,0.348283269133848,0.528670939745028,0.2622,0.2244323278279233,unknown,no,large_over_prediction,selected model primary split test residual,unknown,unknown,unknown,large tau_eff overprediction; manual annotation missing; possible material-system outlier; possibly missing additive/structure feature,True
10.1002_zaac.201300383__sample_1251,unknown,n,K8Zn4Sn42,10.1002/zaac.201300383,-2.16493403423201,-0.28572196633745217,1.8792120678945576,1.8792120678945576,0.1147575044145129,0.7514715212835452,6.548343179102017,medium,0.1051960535397442,0.0817432324860944,,,unknown,no,large_over_prediction,selected model primary split test residual,unknown,unknown,unknown,large tau_eff overprediction; manual annotation missing; possible material-system outlier; possibly missing additive/structure feature,True
10.1016_j.jallcom.2016.06.133__sample_16278,unknown,p,AgSn4SbTe6(SiC)0.03,10.1016/j.jallcom.2016.06.133,1.2985424554890188,-0.580123548258379,-1.878666003747398,1.878666003747398,3.663952400102216,0.5598291963703602,0.15279379621709666,medium,0.0630294156510072,0.0893702500213656,0.8677686,1.0881377603212048,unknown,no,large_under_prediction,selected model primary split test residual,unknown,unknown,unknown,large tau_eff underprediction; manual annotation missing; possible material-system outlier; possibly missing additive/structure feature,True
10.1002_aenm.201701313__sample_31573,unknown,p,(Nb0.64Ta0.36)0.8Ti0.2FeSb,10.1002/aenm.201701313,1.696406006165286,-0.17852596012391664,-1.8749319662892026,1.8749319662892026,5.454309369154159,0.8365023408910928,0.15336540050730849,medium,0.2067314713540225,0.1094223955613428,,,unknown,no,large_under_prediction,selected model primary split test residual,unknown,unknown,unknown,large tau_eff underprediction; manual annotation missing; possible material-system outlier; possibly missing additive/structure feature,True
10.1016_j.jallcom.2015.05.171__sample_3751,unknown,n,CoSb2.8Se0.2,10.1016/j.jallcom.2015.05.171,-1.2175465765609128,0.6560665503115681,1.873613126872481,1.873613126872481,0.2959553808000597,1.9271968740707288,6.511781839752042,medium,0.2057411145669043,0.293378985772675,,,unknown,no,large_over_prediction,selected model primary split test residual,unknown,unknown,unknown,large tau_eff overprediction; manual annotation missing; possible material-system outlier; possibly missing additive/structure feature,True
10.1016_j.jallcom.2015.05.171__sample_3750,unknown,n,CoSb2.9Se0.1,10.1016/j.jallcom.2015.05.171,-1.2169684609454383,0.6560665503115681,1.8730350112570064,1.8730350112570064,0.2961265266934739,1.9271968740707288,6.508018364952513,medium,0.2121871159327124,0.3047210817207876,,,unknown,no,large_over_prediction,selected model primary split test residual,unknown,unknown,unknown,large tau_eff overprediction; manual annotation missing; possible material-system outlier; possibly missing additive/structure feature,True
10.1016_j.actamat.2020.05.039__sample_38558,unknown,p,Cu26V2Sn6S32,10.1016/j.actamat.2020.05.039,1.4363237047268096,-0.424057654589587,-1.8603813593163965,1.8603813593163965,4.205207779657772,0.6543861524561797,0.15561327447877854,medium,0.1450003618246806,0.2880696782600251,,,unknown,no,large_under_prediction,selected model primary split test residual,unknown,unknown,unknown,large tau_eff underprediction; manual annotation missing; possible material-system outlier; possibly missing additive/structure feature,True
10.1063_1.4869573__sample_13354,unknown,n,Zr3Ni2.5Cu0.5Sb4,10.1063/1.4869573,0.8589714663228589,-0.995019342745829,-1.853990809068688,1.853990809068688,2.360731352891406,0.3697162931466082,0.15661091326371487,medium,0.115405170912417,0.1743414453096832,,,unknown,no,large_under_prediction,selected model primary split test residual,unknown,unknown,unknown,large tau_eff underprediction; manual annotation missing; possible material-system outlier; possibly missing additive/structure feature,True
10.1016_j.physc.2007.06.013__sample_14881,unknown,p,Bi1.7Pb0.4Sr1.7Nd0.3Ca1.1Cu2.1O8,10.1016/j.physc.2007.06.013,0.4834109610825856,-1.36956552164569,-1.8529764827282755,1.8529764827282755,1.6215961810180104,0.25421738751394785,0.15676984843067066,low,0.9243664606075198,0.854617621309019,,,unknown,no,large_under_prediction,selected model primary split test residual,unknown,unknown,unknown,large tau_eff underprediction; low target quality; manual annotation missing; possible material-system outlier; possibly missing additive/structure feature,True
10.1021_ja208658w__sample_244,unknown,n,Pb1.02SCl0.04,10.1021/ja208658w,0.5674740320297071,-1.28481755796635,-1.8522915899960573,1.8522915899960573,1.763806101978539,0.2767010609315122,0.1568772557375351,medium,0.2684299588581387,0.5112993390515332,0.02600409,0.0230140047269108,unknown,no,large_under_prediction,selected model primary split test residual,unknown,unknown,unknown,large tau_eff underprediction; manual annotation missing; possible material-system outlier; possibly missing additive/structure feature,True
10.1016_j.mtla.2019.100374__sample_27602,unknown,p,Ge,10.1016/j.mtla.2019.100374,0.0577216074417661,1.9088270827119935,1.8511054752702274,1.8511054752702274,1.059420020003059,6.745172627346611,6.366854033329609,medium,0.1959792599129124,0.2328428975656893,,,unknown,no,large_over_prediction,selected model primary split test residual,unknown,unknown,unknown,large tau_eff overprediction; manual annotation missing; possible material-system outlier; possibly missing additive/structure feature,True
10.1016_j.physc.2007.06.013__sample_14879,unknown,n,Bi1.7Pb0.4Sr1.9Nd0.1Ca1.1Cu2.1O8,10.1016/j.physc.2007.06.013,0.5196111325909689,-1.3308289700581444,-1.8504401026491133,1.8504401026491133,1.6813736911246584,0.26425810841728525,0.1571679810456205,medium,0.3146990003635741,0.3443406906598057,,,unknown,no,large_under_prediction,selected model primary split test residual,unknown,unknown,unknown,large tau_eff underprediction; manual annotation missing; possible material-system outlier; possibly missing additive/structure feature,True
10.1021_acsaem.9b01711__sample_40824,unknown,p,Nb0.83Hf0.12Ta0.05FeSb,10.1021/acsaem.9b01711,1.6643032236894977,-0.17852596012391664,-1.8428291838134143,1.8428291838134143,5.281991600647169,0.8365023408910928,0.15836873742635285,medium,0.2405333273172086,0.4700720589555268,0.7202177,0.1473947214901807,unknown,no,large_under_prediction,selected model primary split test residual,unknown,unknown,unknown,large tau_eff underprediction; manual annotation missing; possible material-system outlier; possibly missing additive/structure feature,True
10.1063_1.4821798__sample_14963,unknown,n,Cu0.11TiSe2,10.1063/1.4821798,0.7839048276727778,-1.0537846334829757,-1.8376894611557535,1.8376894611557535,2.1900071916309747,0.34861586598830274,0.15918480419631698,medium,0.322001139514918,0.5475086567310337,,,unknown,no,large_under_prediction,selected model primary split test residual,unknown,unknown,unknown,large tau_eff underprediction; manual annotation missing; possible material-system outlier; possibly missing additive/structure feature,True
10.1039_c8ta01463a__sample_45799,unknown,n,(Zn0.993Al0.007O)93.18(ZrO2)6.82,10.1039/c8ta01463a,-1.6242942034589185,0.20746641248055694,1.8317606159394755,1.8317606159394755,0.1970507038406457,1.2305563848094756,6.244871806216042,low,0.4166700392249038,0.8539791747590703,0.06575328,0.0082808513884766,unknown,no,large_over_prediction,selected model primary split test residual,unknown,unknown,unknown,large tau_eff overprediction; low target quality; manual annotation missing; possible material-system outlier; possibly missing additive/structure feature,True
10.1007_s11664-018-6831-3__sample_40271,unknown,n,Sr0.97Ti0.8Nb0.2O3,10.1007/s11664-018-6831-3,-0.2039119119669616,-2.0349645206292166,-1.831052608662255,1.831052608662255,0.815534206827471,0.1306851190475683,0.16024480390092966,medium,0.2905761810829079,0.0987653499204321,0.02339295,0.2233978890023567,unknown,no,large_under_prediction,selected model primary split test residual,unknown,unknown,unknown,large tau_eff underprediction; manual annotation missing; possible material-system outlier; possibly missing additive/structure feature,True
10.1088_1757-899x_18_14_142006__sample_9649,unknown,n,Mg2SiSb0.005,10.1088/1757-899x/18/14/142006,-1.0720792014944849,0.7563982071982525,1.8284774086927373,1.8284774086927373,0.3422960745095117,2.130588445794544,6.224402219182736,low,0.8455338328582709,,0.2600543,,unknown,no,large_over_prediction,selected model primary split test residual,unknown,unknown,unknown,large tau_eff overprediction; low target quality; manual annotation missing; possible material-system outlier; possibly missing additive/structure feature,True
10.1063_1.4900953__sample_7028,unknown,n,LaOBiS1.8Se0.2,10.1063/1.4900953,-1.706537988822505,0.12152425192830495,1.8280622407508098,1.8280622407508098,0.1814930371500935,1.1292167512767752,6.221818583282182,medium,0.3709808411436621,0.590388290665383,,,unknown,no,large_over_prediction,selected model primary split test residual,unknown,unknown,unknown,large tau_eff overprediction; manual annotation missing; possible material-system outlier; possibly missing additive/structure feature,True
10.1063_1.4821798__sample_14962,unknown,n,Cu0.08TiSe2,10.1063/1.4821798,0.770704448409178,-1.0537846334829757,-1.8244890818921538,1.8244890818921538,2.161288233701816,0.34861586598830274,0.16130003418896133,medium,0.3442348371114291,0.5956480825353021,,,unknown,no,large_under_prediction,selected model primary split test residual,unknown,unknown,unknown,large tau_eff underprediction; manual annotation missing; possible material-system outlier; possibly missing additive/structure feature,True
10.1016_j.mseb.2015.01.008__sample_9245,unknown,n,Mg2Si,10.1016/j.mseb.2015.01.008,0.4475769566511864,-1.3768894836670535,-1.82446644031824,1.82446644031824,1.5645166972535038,0.2523623105714137,0.16130368631695247,medium,0.3215451464914626,0.668006875106956,0.1400365,1.602451396361218,unknown,no,large_under_prediction,selected model primary split test residual,unknown,unknown,unknown,large tau_eff underprediction; manual annotation missing; possible material-system outlier; possibly missing additive/structure feature,True
10.1016_s0925-8388_01_00926-4__sample_7908,unknown,n,La2Ca0.2S3,10.1016/s0925-8388(01)00926-4,0.5824009838278441,-1.2419223804130464,-1.8243233642408905,1.8243233642408905,1.7903318322694972,0.2888284457605717,0.16132676666673634,medium,0.3055098982596825,0.4436455336183739,,,unknown,no,large_under_prediction,selected model primary split test residual,unknown,unknown,unknown,large tau_eff underprediction; manual annotation missing; possible material-system outlier; possibly missing additive/structure feature,True
10.1016_j.jallcom.2004.07.074__sample_11233,unknown,n,TiCoSb,10.1016/j.jallcom.2004.07.074,-2.3032157459200544,-0.4846912202139637,1.8185245257060907,1.8185245257060907,0.099936954589375,0.6158873409677976,6.162758746235368,medium,0.372450949157889,0.5328104288242711,0.05949008,0.0480195734172095,unknown,no,large_over_prediction,selected model primary split test residual,unknown,unknown,unknown,large tau_eff overprediction; manual annotation missing; possible material-system outlier; possibly missing additive/structure feature,True
10.1016_j.jallcom.2013.11.033__sample_27193,unknown,n,Pr0.55Bi0.05Sr0.4MnO3,10.1016/j.jallcom.2013.11.033,-2.04665461663048,-0.23076380101851773,1.8158908156119624,1.8158908156119624,0.1291662923714477,0.793926968631772,6.146549181334791,medium,0.150876176984096,0.0810686538067326,,,unknown,no,large_over_prediction,selected model primary split test residual,unknown,unknown,unknown,large tau_eff overprediction; manual annotation missing; possible material-system outlier; possibly missing additive/structure feature,True
10.3365_eml.2010.12.187__sample_8315,unknown,n,Mg2SiBi0.02,10.3365/eml.2010.12.187,-0.4832202708196004,1.3318869839814793,1.8151072548010796,1.8151072548010796,0.6167939467010993,3.78818489170729,6.141734872672249,low,0.7358733389779482,,0.4654545,,unknown,no,large_over_prediction,selected model primary split test residual,unknown,unknown,unknown,large tau_eff overprediction; low target quality; manual annotation missing; possible material-system outlier; possibly missing additive/structure feature,True
10.1016_j.jallcom.2015.05.171__sample_3749,unknown,n,CoSb2.95Se0.05,10.1016/j.jallcom.2015.05.171,-1.157570562939048,0.6560665503115681,1.8136371132506162,1.8136371132506162,0.314248701701663,1.9271968740707288,6.132712286908169,medium,0.22907829624283,0.3135614845945182,,,unknown,no,large_over_prediction,selected model primary split test residual,unknown,unknown,unknown,large tau_eff overprediction; manual annotation missing; possible material-system outlier; possibly missing additive/structure feature,True
10.1039_c1ra00315a__sample_22208,unknown,n,Ga2O3(ZnO)9,10.1039/c1ra00315a,-2.711071183113867,-0.8980018702160619,1.8130693128978053,1.8130693128978053,0.0664655717708591,0.40738285084710035,6.129231119105661,low,0.0849888394496292,,,,unknown,no,large_over_prediction,selected model primary split test residual,unknown,unknown,unknown,large tau_eff overprediction; low target quality; manual annotation missing; possible material-system outlier; possibly missing additive/structure feature,True
10.1016_j.ceramint.2011.06.068__sample_21669,unknown,n,(ZnO)5.5In2O3,10.1016/j.ceramint.2011.06.068,-2.5330420569102667,-0.7207544317071167,1.8122876252031501,1.8122876252031501,0.0794170612259803,0.48638517311144586,6.124441846663687,medium,0.4916717556838447,0.3603566790371512,,,unknown,no,large_over_prediction,selected model primary split test residual,unknown,unknown,unknown,large tau_eff overprediction; manual annotation missing; possible material-system outlier; possibly missing additive/structure feature,True
10.3390_ma11050773__sample_12659,unknown,n,NbCoSb,10.3390/ma11050773,1.3270936129618671,-0.4846912202139637,-1.8117848331758308,1.8117848331758308,3.770070166015288,0.6158873409677976,0.16336230198568144,medium,0.102626802496583,0.0651825932404036,0.4069003,0.4476978857792487,unknown,no,large_under_prediction,selected model primary split test residual,unknown,unknown,unknown,large tau_eff underprediction; manual annotation missing; possible material-system outlier; possibly missing additive/structure feature,True
10.1039_c8ta04372h__sample_83059,unknown,p,(Hf0.7Ti0.3CoSb0.8Sn0.2)0.75(Cu1.96Ni0.04Te0.97Se0.03)0.25,10.1039/c8ta04372h,0.5843857601481013,2.395042174849929,1.8106564147018276,1.8106564147018276,1.7938887691900105,10.968660650942354,6.114459736483552,medium,0.1880491970678428,0.4105517462029066,,,unknown,no,large_over_prediction,selected model primary split test residual,unknown,unknown,unknown,large tau_eff overprediction; manual annotation missing; possible material-system outlier; possibly missing additive/structure feature,True
10.1557_jmr.2011.153__sample_19937,unknown,n,RuIn2.9Sn0.1,10.1557/jmr.2011.153,-0.2285190556741714,1.5807113263346317,1.8092303820088032,1.8092303820088032,0.7957111342479061,4.858410497718507,6.1057465311335655,medium,0.0817067055025719,0.1303337600436664,,,unknown,no,large_over_prediction,selected model primary split test residual,unknown,unknown,unknown,large tau_eff overprediction; manual annotation missing; possible material-system outlier; possibly missing additive/structure feature,True
10.1016_j.jallcom.2004.09.036__sample_1871,unknown,n,CoSi,10.1016/j.jallcom.2004.09.036,2.445537377546896,0.6388229390552431,-1.8067144384916527,1.8067144384916527,11.53674752245998,1.8942499189751578,0.1641927168196576,medium,0.3053182801565286,0.5884030471155653,,,unknown,no,large_under_prediction,selected model primary split test residual,unknown,unknown,unknown,large tau_eff underprediction; manual annotation missing; possible material-system outlier; possibly missing additive/structure feature,True
10.1007_s11664-010-1474-z__sample_8211,unknown,n,Co0.2Ti0.8S2,10.1007/s11664-010-1474-z,-1.076746255834483,0.7294133057113165,1.8061595615457993,1.8061595615457993,0.3407022821800294,2.0738635267951535,6.087025638705026,medium,0.2722788529171074,0.4713184984086125,,,unknown,no,large_over_prediction,selected model primary split test residual,unknown,unknown,unknown,large tau_eff overprediction; manual annotation missing; possible material-system outlier; possibly missing additive/structure feature,True
10.1007_s11664-012-2469-8__sample_466,unknown,n,Pb1Te1I0.0001,10.1007/s11664-012-2469-8,-1.5797170899408928,0.2228559663627524,1.802573056303645,1.802573056303645,0.2060333788757965,1.2496405704964137,6.065233591348016,medium,0.1226194916975814,0.1833363441867151,,,unknown,no,large_over_prediction,selected model primary split test residual,unknown,unknown,unknown,large tau_eff overprediction; manual annotation missing; possible material-system outlier; possibly missing additive/structure feature,True
10.1016_j.mtphys.2021.100340__sample_44310,unknown,p,(SnTe)0.83(MnTe)0.15Bi0.02,10.1016/j.mtphys.2021.100340,0.4138245034489931,2.2146078011597385,1.8007832977107454,1.8007832977107454,1.5125916489723703,9.15781672209162,6.05438799580395,medium,0.267614244440946,0.317148950243824,,,unknown,no,large_over_prediction,selected model primary split test residual,unknown,unknown,unknown,large tau_eff overprediction; manual annotation missing; possible material-system outlier; possibly missing additive/structure feature,True
10.1007_s11664-015-3960-9__sample_915,unknown,n,K32LiGe173.75,10.1007/s11664-015-3960-9,-1.8645652259300505,-3.659131245697958,-1.7945660197679074,1.7945660197679074,0.1549635693825188,0.025754877670907585,0.16619956402354885,medium,0.0881078072635927,0.0918780559121798,,,unknown,no,large_under_prediction,selected model primary split test residual,unknown,unknown,unknown,large tau_eff underprediction; manual annotation missing; possible material-system outlier; possibly missing additive/structure feature,True
10.1016_j.matlet.2011.08.031__sample_9222,unknown,n,Mg2Si0.58Sn0.418Bi0.002,10.1016/j.matlet.2011.08.031,-1.55225378251891,0.2416764472161835,1.7939302297350934,1.7939302297350934,0.2117701517094853,1.2733821198263762,6.013038709880382,medium,0.1236231910688996,0.1266755783793851,0.4265306,0.4193637348583244,unknown,no,large_over_prediction,selected model primary split test residual,unknown,unknown,unknown,large tau_eff overprediction; manual annotation missing; possible material-system outlier; possibly missing additive/structure feature,True
10.1021_jacs.5b01863__sample_20950,unknown,p,Bi0.975CuSeO,10.1021/jacs.5b01863,-3.558794715483085,-1.7655921595539668,1.7932025559291183,1.7932025559291183,0.0284731222542867,0.17108544660146235,6.008664770710385,low,0.5878542983232792,0.9851380182662668,0.5123206,0.2302206112631626,unknown,no,large_over_prediction,selected model primary split test residual,unknown,unknown,unknown,large tau_eff overprediction; low target quality; manual annotation missing; possible material-system outlier; possibly missing additive/structure feature,True
10.1039_c8ta01463a__sample_45803,unknown,n,(Zn0.993Al0.007O)85.86(ZrO2)14.14,10.1039/c8ta01463a,-1.5849124051887304,0.20746641248055694,1.7923788176692874,1.7923788176692874,0.2049657462663453,1.2305563848094756,6.0037172416624855,medium,0.3848446718113135,0.7972318208617081,0.07951046,0.0135489980593888,unknown,no,large_over_prediction,selected model primary split test residual,unknown,unknown,unknown,large tau_eff overprediction; manual annotation missing; possible material-system outlier; possibly missing additive/structure feature,True
10.1007_s11664-011-1599-8__sample_15032,unknown,n,In4Se2.85Te0.15,10.1007/s11664-011-1599-8,-2.8382562726168548,-4.6269640595527,-1.788707786935845,1.788707786935845,0.0585276332738797,0.009784418970070338,0.16717605723580534,medium,0.2105326626373002,0.3195588773156362,,,unknown,no,large_under_prediction,selected model primary split test residual,unknown,unknown,unknown,large tau_eff underprediction; manual annotation missing; possible material-system outlier; possibly missing additive/structure feature,True
10.1016_j.scriptamat.2012.02.010__sample_7567,unknown,n,(Bi0.9Ca0.1S)1.2(TiS2)2,10.1016/j.scriptamat.2012.02.010,0.6445251966622816,-1.1409688259505173,-1.7854940226127989,1.7854940226127989,1.9050822750759293,0.31950932289489936,0.1677141859304554,medium,0.1744118397406208,0.3169650065622879,,,unknown,no,large_under_prediction,selected model primary split test residual,unknown,unknown,unknown,large tau_eff underprediction; manual annotation missing; possible material-system outlier; possibly missing additive/structure feature,True
10.1016_j.jpcs.2014.01.002__sample_28484,unknown,n,(Sr0.95Nd0.05)3Ti2O7,10.1016/j.jpcs.2014.01.002,0.2233430667240572,-1.5616824998746268,-1.785025566598684,1.785025566598684,1.2502494191429632,0.20978281454778547,0.16779277105490684,medium,0.2805415828511025,0.4321427838927415,,,unknown,no,large_under_prediction,selected model primary split test residual,unknown,unknown,unknown,large tau_eff underprediction; manual annotation missing; possible material-system outlier; possibly missing additive/structure feature,True
10.1103_physrevb.75.064204__sample_20627,unknown,n,Fe2VAl0.98Si0.02,10.1103/physrevb.75.064204,0.3715891166536603,2.153505622688831,1.781916506035171,1.781916506035171,1.4500370627943715,8.615006484589943,5.9412319213330544,medium,0.0846735053475192,0.0575711201349069,,,unknown,no,large_over_prediction,selected model primary split test residual,unknown,unknown,unknown,large tau_eff overprediction; manual annotation missing; possible material-system outlier; possibly missing additive/structure feature,True
10.1016_j.jallcom.2015.09.082__sample_12459,unknown,n,VCoSb,10.1016/j.jallcom.2015.09.082,1.2960552597366652,-0.4846912202139637,-1.780746479950629,1.780746479950629,3.654850756732226,0.6158873409677976,0.168512309246372,medium,0.0789358418393408,0.1291410711258773,0.3846385,0.0495193630193645,unknown,no,large_under_prediction,selected model primary split test residual,unknown,unknown,unknown,large tau_eff underprediction; manual annotation missing; possible material-system outlier; possibly missing additive/structure feature,True
10.1016_j.matchemphys.2011.09.010__sample_7445,unknown,n,Bi1.99Ag0.01S3,10.1016/j.matchemphys.2011.09.010,-3.223100310464106,-1.444029475833869,1.779070834630237,1.779070834630237,0.0398313769996561,0.2359749848827954,5.924349160332387,low,0.3572762218772359,,0.2525172,0.1995272260136287,unknown,no,large_over_prediction,selected model primary split test residual,unknown,unknown,unknown,large tau_eff overprediction; low target quality; manual annotation missing; possible material-system outlier; possibly missing additive/structure feature,True
10.1002_adfm.201902437__sample_41420,unknown,n,Cd3As2,10.1002/adfm.201902437,-0.9806934144177404,0.7976295489838091,1.7783229634015494,1.7783229634015494,0.3750509429326745,2.2202716404988485,5.919920166411661,medium,0.2755946909841278,0.5749975046746001,,,unknown,no,large_over_prediction,selected model primary split test residual,unknown,unknown,unknown,large tau_eff overprediction; manual annotation missing; possible material-system outlier; possibly missing additive/structure feature,True
10.1007_s11664-015-3960-9__sample_914,unknown,n,K32Li2Ge175.5,10.1007/s11664-015-3960-9,-2.707299083411446,-0.9298014521679334,1.7774976312435127,1.7774976312435127,0.0667167599900198,0.3946320559328425,5.915036281616129,medium,0.0557394446739907,0.0236258014975515,,,unknown,no,large_over_prediction,selected model primary split test residual,unknown,unknown,unknown,large tau_eff overprediction; manual annotation missing; possible material-system outlier; possibly missing additive/structure feature,True
10.1088_0022-3727_41_21_215105__sample_1012,unknown,n,Sr8Ga16In0Ge30,10.1088/0022-3727/41/21/215105,-0.1083284483772162,1.6674474464689863,1.7757758948462026,1.7757758948462026,0.8973328205150283,5.298625495590945,5.904860910525678,medium,0.157097508182546,0.337380927527932,0.5133808,,unknown,no,large_over_prediction,selected model primary split test residual,unknown,unknown,unknown,large tau_eff overprediction; manual annotation missing; possible material-system outlier; possibly missing additive/structure feature,True
10.1088_0953-8984_20_25_255233__sample_20510,unknown,n,Fe2VGa0.98Ge0.02,10.1088/0953-8984/20/25/255233,1.6969878863725665,-0.07866540207563702,-1.7756532884482035,1.7756532884482035,5.4574840473720885,0.9243491580174054,0.1693727640784405,medium,0.1083198309777875,0.1976250488554359,,,unknown,no,large_under_prediction,selected model primary split test residual,unknown,unknown,unknown,large tau_eff underprediction; manual annotation missing; possible material-system outlier; possibly missing additive/structure feature,True
10.1039_c8ta01463a__sample_45802,unknown,n,(Zn0.993Al0.007O)93.18(ZrO2)6.82,10.1039/c8ta01463a,-1.560660426432923,0.20746641248055694,1.7681268389134799,1.7681268389134799,0.2099973376015437,1.2305563848094756,5.859866600520318,low,0.4434592481812994,0.8975529390278745,0.07735521,0.0257338764214143,unknown,no,large_over_prediction,selected model primary split test residual,unknown,unknown,unknown,large tau_eff overprediction; low target quality; manual annotation missing; possible material-system outlier; possibly missing additive/structure feature,True
10.1007_s11664-019-07743-0__sample_35923,unknown,p,Fe2V0.9Ti0.1Al,10.1007/s11664-019-07743-0,2.10654979332714,0.3409737766977049,-1.7655760166294354,1.7655760166294354,8.219832184322444,1.4063163621195436,0.17108820844320746,medium,0.1110259386299099,0.1437156006364716,,0.0569787035339478,unknown,no,large_under_prediction,selected model primary split test residual,unknown,unknown,unknown,large tau_eff underprediction; manual annotation missing; possible material-system outlier; possibly missing additive/structure feature,True
10.1063_1.3548867__sample_12173,unknown,n,(Zr0.5Hf0.5)0.99Nb0.01NiSn,10.1063/1.3548867,1.3921499587963515,-0.3694824611627197,-1.7616324199590712,1.7616324199590712,4.023491100801565,0.6910919050010312,0.17176424346094638,medium,0.1121262281836866,0.2137085382615546,,,unknown,no,large_under_prediction,selected model primary split test residual,unknown,unknown,unknown,large tau_eff underprediction; manual annotation missing; possible material-system outlier; possibly missing additive/structure feature,True
10.1016_j.jallcom.2020.157788__sample_40190,unknown,n,(Pb0.995Bi0.005S)(Pb0.067Cl0.134),10.1016/j.jallcom.2020.157788,0.0170663202317104,-1.742027459452399,-1.7590937796841095,1.7590937796841095,1.0172127818756422,0.17516490062436355,0.17220084503989064,medium,0.4084306419917682,0.7821554398692029,0.7532067,1.4901389668379788,unknown,no,large_under_prediction,selected model primary split test residual,unknown,unknown,unknown,large tau_eff underprediction; manual annotation missing; possible material-system outlier; possibly missing additive/structure feature,True
10.1039_c6ta09189j__sample_2787,unknown,n,PbTe0.75Se0.25,10.1039/c6ta09189j,-1.9739846026344163,-0.21709953067724655,1.7568850719571698,1.7568850719571698,0.138902281671733,0.8048498580668495,5.794360239300797,medium,0.5612434555892172,0.7606749463975528,0.9615187,0.5531475866476243,unknown,no,large_over_prediction,selected model primary split test residual,unknown,unknown,unknown,large tau_eff overprediction; manual annotation missing; possible material-system outlier; possibly missing additive/structure feature,True
10.2320_matertrans.m2015357__sample_515,unknown,p,Fe0.9Mn0.1Si1.86,10.2320/matertrans.m2015357,1.913565363991862,0.1571560510408426,-1.7564093129510194,1.7564093129510194,6.777208991249756,1.1701782071808093,0.17266373350617623,low,0.4080058323809381,0.8156682580140504,,,unknown,no,large_under_prediction,selected model primary split test residual,unknown,unknown,unknown,large tau_eff underprediction; low target quality; manual annotation missing; possible material-system outlier; possibly missing additive/structure feature,True
10.1063_1.4889822__sample_853,unknown,n,Ba8Ga16Sn30,10.1063/1.4889822,-0.5696134728542547,-2.325848656289852,-1.7562351834355971,1.7562351834355971,0.5657440718843124,0.09770049471922719,0.1726938019762507,medium,0.2266777928295772,0.2280268728888748,0.7184716,,unknown,no,large_under_prediction,selected model primary split test residual,unknown,unknown,unknown,large tau_eff underprediction; manual annotation missing; possible material-system outlier; possibly missing additive/structure feature,True
10.3724_sp.j.1077.2011.00680__sample_16916,unknown,p,AgNa0.01SbTe2Se0.04,10.3724/sp.j.1077.2011.00680,-0.7943841780975012,-2.54891204070001,-1.754527862602509,1.754527862602509,0.4518594141834645,0.0781666619034952,0.17298889754183117,medium,0.3386760380597644,0.4391348991754286,1.268422,1.006993365275646,unknown,no,large_under_prediction,selected model primary split test residual,unknown,unknown,unknown,large tau_eff underprediction; manual annotation missing; possible material-system outlier; possibly missing additive/structure feature,True
10.1021_ja208658w__sample_402,unknown,n,Pb1.02Ca0.01SCl0.02,10.1021/ja208658w,1.0027945842378811,-0.7482940587035914,-1.7510886429414727,1.7510886429414727,2.72588892038982,0.47317307009040777,0.17358486860966474,medium,0.2983619378707554,0.5325458921033805,,,unknown,no,large_under_prediction,selected model primary split test residual,unknown,unknown,unknown,large tau_eff underprediction; manual annotation missing; possible material-system outlier; possibly missing additive/structure feature,True
10.1016_j.mtphys.2021.100340__sample_44309,unknown,p,(SnTe)0.83(MnTe)0.15Bi0.02,10.1016/j.mtphys.2021.100340,0.4671943878935145,2.2146078011597385,1.747413413266224,1.747413413266224,1.595511521398156,9.15781672209162,5.739737130864823,medium,0.2933676750292815,0.4001440686808689,,,unknown,no,large_over_prediction,selected model primary split test residual,unknown,unknown,unknown,large tau_eff overprediction; manual annotation missing; possible material-system outlier; possibly missing additive/structure feature,True
10.1002_ejic.201100282__sample_6270,unknown,p,YbCd1.2Mn0.8Sb2,10.1002/ejic.201100282,-2.270390590344542,-0.526666759518352,1.7437238308261902,1.7437238308261902,0.1032718352227555,0.5905702050725115,5.71859891710709,medium,0.0937362665944528,0.2013573115392036,0.1265396,0.1155570006362038,unknown,no,large_over_prediction,selected model primary split test residual,unknown,unknown,unknown,large tau_eff overprediction; manual annotation missing; possible material-system outlier; possibly missing additive/structure feature,True
10.1103_physrevb.81.125205__sample_15084,unknown,n,La2.99Te4,10.1103/physrevb.81.125205,1.2678388368536706,-0.4756202121500216,-1.7434590490036923,1.7434590490036923,3.553165288746486,0.6214994753804802,0.1749143157929863,medium,0.2549957138699782,0.4047055188688852,,,unknown,no,large_under_prediction,selected model primary split test residual,unknown,unknown,unknown,large tau_eff underprediction; manual annotation missing; possible material-system outlier; possibly missing additive/structure feature,True
10.1016_j.nanoen.2015.05.032__sample_6375,unknown,p,Bi0.5Sb1.5Te3,10.1016/j.nanoen.2015.05.032,1.3243505276753775,-0.4173742750322476,-1.741724802707625,1.741724802707625,3.759742713031778,0.6587743110207169,0.17521792348644386,low,0.2400805599407383,,,,unknown,no,large_under_prediction,selected model primary split test residual,unknown,unknown,unknown,large tau_eff underprediction; low target quality; manual annotation missing; possible material-system outlier; possibly missing additive/structure feature,True
10.1007_s11664-011-1531-2__sample_17647,unknown,p,Al32CrMn33Si34,10.1007/s11664-011-1531-2,-1.870070043186425,-0.12870837541531807,1.741361667771107,1.741361667771107,0.1541128668808146,0.8792303333429909,5.705106595823413,medium,0.1939530773086608,0.2640026764720907,,,unknown,no,large_over_prediction,selected model primary split test residual,unknown,unknown,unknown,large tau_eff overprediction; manual annotation missing; possible material-system outlier; possibly missing additive/structure feature,True
10.1016_j.nanoen.2015.05.032__sample_6376,unknown,p,Bi0.5Sb1.5Te3,10.1016/j.nanoen.2015.05.032,1.323071011834691,-0.4173742750322476,-1.7404452868669384,1.7404452868669384,3.754935139013001,0.6587743110207169,0.17544226108626693,low,0.2607115790415628,,,,unknown,no,large_under_prediction,selected model primary split test residual,unknown,unknown,unknown,large tau_eff underprediction; low target quality; manual annotation missing; possible material-system outlier; possibly missing additive/structure feature,True
10.1063_1.4938474__sample_19904,unknown,n,Fe0.50Co0.50Ga2.65Ge0.35,10.1063/1.4938474,0.8104416587564917,-0.9290368965982285,-1.73947855535472,1.73947855535472,2.2489010141960826,0.39493388943873114,0.17561194865657911,medium,0.340783841354788,0.7424723423873346,,,unknown,no,large_under_prediction,selected model primary split test residual,unknown,unknown,unknown,large tau_eff underprediction; manual annotation missing; possible material-system outlier; possibly missing additive/structure feature,True
10.1007_s10853-012-6967-0__sample_8798,unknown,n,Mg2Si0.4Sn0.6,10.1007/s10853-012-6967-0,-1.1966542504592848,0.5383045949855351,1.7349588454448197,1.7349588454448197,0.3022036199800504,1.7131000003961703,5.668694506403525,medium,0.083741004221934,0.0967344518761734,,,unknown,no,large_over_prediction,selected model primary split test residual,unknown,unknown,unknown,large tau_eff overprediction; manual annotation missing; possible material-system outlier; possibly missing additive/structure feature,True
10.1021_jacs.8b05741__sample_45118,unknown,n,Pb0.95Sb0.033Se,10.1021/jacs.8b05741,-1.455622760602865,0.2779000425856382,1.7335228031885033,1.7335228031885033,0.2332550566003466,1.3203542114197109,5.660559863797392,medium,0.1901479287206239,0.3728384194118002,0.188601,,unknown,no,large_over_prediction,selected model primary split test residual,unknown,unknown,unknown,large tau_eff overprediction; manual annotation missing; possible material-system outlier; possibly missing additive/structure feature,True
10.1002_pssa.201532642__sample_2493,unknown,n,CoSb3,10.1002/pssa.201532642,0.2415159347005538,-1.4901608395190917,-1.7316767742196455,1.7316767742196455,1.2731777424619664,0.2253364096248712,0.17698739312637857,medium,0.1457998938880694,0.2568164670040596,,,unknown,no,large_under_prediction,selected model primary split test residual,unknown,unknown,unknown,large tau_eff underprediction; manual annotation missing; possible material-system outlier; possibly missing additive/structure feature,True
10.1016_j.scriptamat.2015.07.025__sample_25844,unknown,n,Sr0.5Ba0.5Nb2O6,10.1016/j.scriptamat.2015.07.025,-1.3476071907996707,-3.0790657221654456,-1.7314585313657749,1.7314585313657749,0.2598613158636574,0.046002215428416884,0.17702602357541,low,0.5878982713360301,0.9381492978282484,,,unknown,no,large_under_prediction,selected model primary split test residual,unknown,unknown,unknown,large tau_eff underprediction; low target quality; manual annotation missing; possible material-system outlier; possibly missing additive/structure feature,True
10.1016_j.jallcom.2015.09.082__sample_12462,unknown,n,VCoSb,10.1016/j.jallcom.2015.09.082,1.245948514376657,-0.4846912202139637,-1.7306397345906208,1.7306397345906208,3.476230490681412,0.6158873409677976,0.17717103127044695,medium,0.0797779421101039,0.121551372901919,0.3558798,0.409361713446029,unknown,no,large_under_prediction,selected model primary split test residual,unknown,unknown,unknown,large tau_eff underprediction; manual annotation missing; possible material-system outlier; possibly missing additive/structure feature,True
10.1016_s0921-4526_01_01322-9__sample_18265,unknown,n,UCu5In,10.1016/s0921-4526(01)01322-9,1.8690525432650504,0.13876859906472536,-1.730283944200325,1.730283944200325,6.4821519304337,1.14885822237547,0.17723407823589898,medium,0.1536095209175005,0.3113217516162967,,,unknown,no,large_under_prediction,selected model primary split test residual,unknown,unknown,unknown,large tau_eff underprediction; manual annotation missing; possible material-system outlier; possibly missing additive/structure feature,True
10.1007_s11664-012-1985-x__sample_8520,unknown,p,Ag0.03Mg2Sn,10.1007/s11664-012-1985-x,0.8008366025758391,-0.9290376218767875,-1.7298742244526266,1.7298742244526266,2.2274036008154705,0.3949336030017528,0.17730670941591564,medium,0.1826394346786146,0.3429007215325226,0.1863354,,unknown,no,large_under_prediction,selected model primary split test residual,unknown,unknown,unknown,large tau_eff underprediction; manual annotation missing; possible material-system outlier; possibly missing additive/structure feature,True
10.1021_acsaem.9b02168__sample_34393,unknown,p,Fe0.34Yb14MgSb11,10.1021/acsaem.9b02168,-0.1436168496452983,1.5834065870076826,1.7270234366529809,1.7270234366529809,0.8662195768231006,4.871522843123187,5.623889107874607,medium,0.1481480189261845,0.0643784216213221,,,unknown,no,large_over_prediction,selected model primary split test residual,unknown,unknown,unknown,large tau_eff overprediction; manual annotation missing; possible material-system outlier; possibly missing additive/structure feature,True
10.1016_j.jmat.2019.01.008__sample_41037,unknown,p,Ag1.6Cu0.4Te,10.1016/j.jmat.2019.01.008,-1.390104144110028,0.3364571558502165,1.7265612999602444,1.7265612999602444,0.2490493662564253,1.399978887079805,5.621290702817384,low,0.0582717592753077,,0.4878961,0.5004729109486987,unknown,no,large_over_prediction,selected model primary split test residual,unknown,unknown,unknown,large tau_eff overprediction; low target quality; manual annotation missing; possible material-system outlier; possibly missing additive/structure feature,True
10.1016_j.intermet.2016.05.012__sample_14729,unknown,p,Cu1.99Fe0.01Se,10.1016/j.intermet.2016.05.012,0.8329599389608288,-0.8932191881870265,-1.7261791271478553,1.7261791271478553,2.300116879828826,0.40933590017089155,0.17796308690250306,medium,0.245270140775034,0.3747393097154056,,,unknown,no,large_under_prediction,selected model primary split test residual,unknown,unknown,unknown,large tau_eff underprediction; manual annotation missing; possible material-system outlier; possibly missing additive/structure feature,True
10.1007_s11664-012-1985-x__sample_8521,unknown,p,Ag0.02Mg2Sn,10.1007/s11664-012-1985-x,0.7926863282046908,-0.9290376218767875,-1.7217239500814783,1.7217239500814783,2.2093234295957416,0.3949336030017528,0.17875771275101043,medium,0.1776028831841174,0.3341781184256904,0.1689441,,unknown,no,large_under_prediction,selected model primary split test residual,unknown,unknown,unknown,large tau_eff underprediction; manual annotation missing; possible material-system outlier; possibly missing additive/structure feature,True
10.1038_s41598-017-05428-4__sample_15699,unknown,p,Sb2Te3,10.1038/s41598-017-05428-4,1.6894838000384906,-0.03201338202727115,-1.7214971820657619,1.7214971820657619,5.416683891319512,0.968493621584423,0.17879825387936685,medium,0.2932687885227524,0.6103062765001783,0.05896975,0.0100192211216821,unknown,no,large_under_prediction,selected model primary split test residual,unknown,unknown,unknown,large tau_eff underprediction; manual annotation missing; possible material-system outlier; possibly missing additive/structure feature,True
10.1016_j.jallcom.2020.157788__sample_40191,unknown,n,(Pb0.99Bi0.01S)(Pb0.067Cl0.134),10.1016/j.jallcom.2020.157788,-0.0212099958757834,-1.742027459452399,-1.7208174635766156,1.7208174635766156,0.97901335421483,0.17516490062436355,0.17891982767165215,medium,0.3986541848229968,0.7882148288049236,0.7988323,1.5665423565669467,unknown,no,large_under_prediction,selected model primary split test residual,unknown,unknown,unknown,large tau_eff underprediction; manual annotation missing; possible material-system outlier; possibly missing additive/structure feature,True
10.1039_c1ee01314a__sample_2,unknown,n,Pb1Te0.9945I0.0055,10.1039/c1ee01314a,1.9267226522143968,0.20717812142493713,-1.7195445307894597,1.7195445307894597,6.8669678802035365,1.230201677542222,0.17914772560517042,low,0.4813101478989564,0.8494018792511282,,,unknown,no,large_under_prediction,selected model primary split test residual,unknown,unknown,unknown,large tau_eff underprediction; low target quality; manual annotation missing; possible material-system outlier; possibly missing additive/structure feature,True
10.1103_physrevb.83.235207__sample_9359,unknown,n,Mg2Si,10.1103/physrevb.83.235207,-3.095627164936015,-1.3768894836670535,1.7187376812689614,1.7187376812689614,0.0452466264622439,0.2523623105714137,5.577483456849489,medium,0.4557503073096478,0.6855876076140369,0.06388478,0.0330801588736435,unknown,no,large_over_prediction,selected model primary split test residual,unknown,unknown,unknown,large tau_eff overprediction; manual annotation missing; possible material-system outlier; possibly missing additive/structure feature,True
10.1016_j.intermet.2014.06.014__sample_13138,unknown,p,Cu2Cd0.7Zn0.3SnSe4,10.1016/j.intermet.2014.06.014,-3.2877695561604114,-1.5696940109599482,1.7180755452004632,1.7180755452004632,0.0373370347507469,0.2081088516432124,5.573791626263233,low,0.2468187109592612,,0.1257234,0.1181655557559761,unknown,no,large_over_prediction,selected model primary split test residual,unknown,unknown,unknown,large tau_eff overprediction; low target quality; manual annotation missing; possible material-system outlier; possibly missing additive/structure feature,True
10.2320_matertrans.47.1445__sample_11921,unknown,n,TiCoSb,10.2320/matertrans.47.1445,-2.4101217005815943,-0.6933108750175455,1.7168108255640488,1.7168108255640488,0.0898043646637637,0.4999181594698032,5.566746798349341,medium,0.4107202491604176,0.6553861967993893,,,unknown,no,large_over_prediction,selected model primary split test residual,unknown,unknown,unknown,large tau_eff overprediction; manual annotation missing; possible material-system outlier; possibly missing additive/structure feature,True
10.3724_sp.j.1077.2011.00680__sample_16917,unknown,p,Ag0.99Na0.01SbTe1.96Se0.04,10.3724/sp.j.1077.2011.00680,-0.9398803865082572,0.774166658803196,1.7140470453114531,1.7140470453114531,0.3906745625124235,2.1687840368251305,5.55138277464933,medium,0.4356289918978425,0.5195415524557481,1.401413,0.9991234841267445,not_checked,no,large_over_prediction,selected model primary split test residual,unknown,unknown,not_checked,large tau_eff overprediction; manual annotation missing; possible material-system outlier; possibly missing additive/structure feature,True
10.1063_1.4809677__sample_12828,unknown,n,In0.54Se0.46,10.1063/1.4809677,-0.8400983967152413,-2.5538006957419905,-1.7137022990267492,1.7137022990267492,0.4316680466214626,0.0777854645879395,0.1801974114061562,medium,0.3116717143843039,0.4470191251151939,0.2480383,0.3341289172679914,unknown,no,large_under_prediction,selected model primary split test residual,unknown,unknown,unknown,large tau_eff underprediction; manual annotation missing; possible material-system outlier; possibly missing additive/structure feature,True
10.1021_acsaem.9b02168__sample_34395,unknown,p,FeYb14MgSb11,10.1021/acsaem.9b02168,-0.002403021419943,1.709734330874007,1.71213735229395,1.71213735229395,0.9975998635247052,5.527492798360601,5.540791454031424,medium,0.1540047057234921,0.084251680128852,,,unknown,no,large_over_prediction,selected model primary split test residual,unknown,unknown,unknown,large tau_eff overprediction; manual annotation missing; possible material-system outlier; possibly missing additive/structure feature,True
10.1016_j.mtphys.2021.100497__sample_45595,unknown,p,Ge0.76Pb0.1Sb0.1Te,10.1016/j.mtphys.2021.100497,-0.7371605267275902,0.9732052000405609,1.7103657267681511,1.7103657267681511,0.4784705929451639,2.646413163737957,5.530983936647606,medium,0.4601127710766394,0.7327602975131954,1.825997,1.5673773857808042,unknown,no,large_over_prediction,selected model primary split test residual,unknown,unknown,unknown,large tau_eff overprediction; manual annotation missing; possible material-system outlier; possibly missing additive/structure feature,True
10.1016_j.mtphys.2021.100497__sample_45596,unknown,p,Ge0.75Al0.01Pb0.1Sb0.1Te,10.1016/j.mtphys.2021.100497,-0.6217672030580171,1.088394287488118,1.710161490546135,1.710161490546135,0.5369946200469419,2.969502075723809,5.529854424731903,low,0.5932081385060187,0.8538512337669752,2.052957,1.4069397144331828,unknown,no,large_over_prediction,selected model primary split test residual,unknown,unknown,unknown,large tau_eff overprediction; low target quality; manual annotation missing; possible material-system outlier; possibly missing additive/structure feature,True
10.1016_s0925-8388_01_00926-4__sample_7907,unknown,n,La2.53Ca0.47S4,10.1016/s0925-8388(01)00926-4,0.4678857904295527,-1.2419223804130464,-1.709808170842599,1.709808170842599,1.5966150435553776,0.2888284457605717,0.18090049127772348,medium,0.3072945875709733,0.5215342902713332,,,unknown,no,large_under_prediction,selected model primary split test residual,unknown,unknown,unknown,large tau_eff underprediction; manual annotation missing; possible material-system outlier; possibly missing additive/structure feature,True
10.1021_acs.cgd.5b01015__sample_9807,unknown,n,Bi38.2In3Te58.5,10.1021/acs.cgd.5b01015,1.2170912110067929,-0.49215442880227767,-1.7092456398090705,1.7092456398090705,3.377349434928189,0.611307954987408,0.18100228204559649,medium,0.2062565517172074,0.3678709037445337,0.2859268,0.4166759412572666,unknown,no,large_under_prediction,selected model primary split test residual,unknown,unknown,unknown,large tau_eff underprediction; manual annotation missing; possible material-system outlier; possibly missing additive/structure feature,True
10.1021_acsami.8b12710__sample_39946,unknown,n,Ca0.97Bi0.03MnO3Cu0.04,10.1021/acsami.8b12710,-0.2759255912011517,-1.9829992907157998,-1.7070736995146483,1.7070736995146483,0.7588693952206701,0.1376557479266946,0.18139583542786827,medium,0.2524077262849339,0.2169947723157049,,,unknown,no,large_under_prediction,selected model primary split test residual,unknown,unknown,unknown,large tau_eff underprediction; manual annotation missing; possible material-system outlier; possibly missing additive/structure feature,True
10.1016_j.nanoen.2015.05.032__sample_6374,unknown,p,Bi0.5Sb1.5Te3,10.1016/j.nanoen.2015.05.032,1.288686229069698,-0.4173742750322476,-1.7060605041019457,1.7060605041019457,3.628017040091396,0.6587743110207169,0.18157971799496325,low,0.2009567665535471,,,,unknown,no,large_under_prediction,selected model primary split test residual,unknown,unknown,unknown,large tau_eff underprediction; low target quality; manual annotation missing; possible material-system outlier; possibly missing additive/structure feature,True
10.1016_j.physb.2006.03.068__sample_4679,unknown,p,Yb0.92Fe4Sb12,10.1016/j.physb.2006.03.068,2.5307709939949565,0.8271428486854047,-1.7036281453095519,1.7036281453095519,12.563188546575573,2.286775733242259,0.18202192260065855,medium,0.6124200972387832,0.6390655790124934,,,unknown,no,large_under_prediction,selected model primary split test residual,unknown,unknown,unknown,large tau_eff underprediction; manual annotation missing; possible material-system outlier; possibly missing additive/structure feature,True
10.1016_j.jallcom.2015.09.082__sample_12461,unknown,n,VCoSb,10.1016/j.jallcom.2015.09.082,1.2178000748789095,-0.4846912202139637,-1.7024912950928732,1.7024912950928732,3.3797443646654224,0.6158873409677976,0.18222897193254656,medium,0.0829908268360273,0.1249413220344459,0.4546726,0.4741296650083783,unknown,no,large_under_prediction,selected model primary split test residual,unknown,unknown,unknown,large tau_eff underprediction; manual annotation missing; possible material-system outlier; possibly missing additive/structure feature,True
10.1007_s11664-011-1584-2__sample_10060,unknown,n,Mg2Si0.7Sn0.3,10.1007/s11664-011-1584-2,-1.836773917657581,-0.1344920254142135,1.7022818922433676,1.7022818922433676,0.1593306115451069,0.8741598499114908,5.486452612177503,medium,0.1818047378493159,0.221718854831276,0.2461129,,unknown,no,large_over_prediction,selected model primary split test residual,unknown,unknown,unknown,large tau_eff overprediction; manual annotation missing; possible material-system outlier; possibly missing additive/structure feature,True
10.1016_j.jallcom.2015.09.082__sample_12541,unknown,n,VCoSb,10.1016/j.jallcom.2015.09.082,1.216606005491077,-0.4846912202139637,-1.7012972257050407,1.7012972257050407,3.3757111238447908,0.6158873409677976,0.1824466959324198,medium,0.0852484361446513,0.1308700212444482,0.1928502,,unknown,no,large_under_prediction,selected model primary split test residual,unknown,unknown,unknown,large tau_eff underprediction; manual annotation missing; possible material-system outlier; possibly missing additive/structure feature,True
10.1063_1.4916238__sample_5421,unknown,n,Yb0.15Co4Sb12,10.1063/1.4916238,-1.260950624777142,0.4332426047448079,1.69419322952195,1.69419322952195,0.2833845060807345,1.542250332566503,5.442253544119752,medium,0.3414091526899163,0.4467136158168355,0.3302583,0.2480916254237933,unknown,no,large_over_prediction,selected model primary split test residual,unknown,unknown,unknown,large tau_eff overprediction; manual annotation missing; possible material-system outlier; possibly missing additive/structure feature,True
10.1016_s1003-6326_08_60326-x__sample_18972,unknown,p,Ag2Mo6Te8,10.1016/s1003-6326(08)60326-x,1.6344703052931826,-0.05954405199045912,-1.6940143572836417,1.6940143572836417,5.126741669752894,0.9421940271547213,0.18378028148239708,medium,0.1438208962660344,0.1367266479767053,0.0208071,0.0141771090085407,unknown,no,large_under_prediction,selected model primary split test residual,unknown,unknown,unknown,large tau_eff underprediction; manual annotation missing; possible material-system outlier; possibly missing additive/structure feature,True
10.1021_ja208658w__sample_316,unknown,n,Pb1.01SCl0.02,10.1021/ja208658w,0.3973424198824618,-1.28481755796635,-1.6821599778488119,1.6821599778488119,1.4878653175012715,0.2767010609315122,0.18597184683100576,medium,0.3298328485974044,0.6026847825392574,0.09818871,0.0565874074026366,unknown,no,large_under_prediction,selected model primary split test residual,unknown,unknown,unknown,large tau_eff underprediction; manual annotation missing; possible material-system outlier; possibly missing additive/structure feature,True
10.1016_j.jallcom.2007.03.037__sample_1596,unknown,n,(Bi2Te3)99.91(AlI3)0.09,10.1016/j.jallcom.2007.03.037,0.3797710607496198,-1.3012661353111339,-1.6810371960607537,1.6810371960607537,1.4619498534150457,0.2721869492629515,0.18618076989927915,medium,0.1537013489574493,0.1294268044363273,,0.9808192513206154,unknown,no,large_under_prediction,selected model primary split test residual,unknown,unknown,unknown,large tau_eff underprediction; manual annotation missing; possible material-system outlier; possibly missing additive/structure feature,True
10.1016_j.mtphys.2021.100340__sample_44308,unknown,p,(SnTe)0.83(MnTe)0.15Bi0.02,10.1016/j.mtphys.2021.100340,0.5339782156830098,2.2146078011597385,1.6806295854767286,1.6806295854767286,1.705704489439556,9.15781672209162,5.368935110852998,medium,0.343841934826382,0.4780701338474071,,,unknown,no,large_over_prediction,selected model primary split test residual,unknown,unknown,unknown,large tau_eff overprediction; manual annotation missing; possible material-system outlier; possibly missing additive/structure feature,True
10.1088_0953-8984_28_16_165603__sample_18071,unknown,p,CePd3Be0.2,10.1088/0953-8984/28/16/165603,3.343908580965891,1.6649533065869189,-1.678955274378972,1.678955274378972,28.32963927990429,5.2854264493983205,0.18656878745178915,medium,0.4527838111233575,0.231236025091401,,,unknown,no,large_under_prediction,selected model primary split test residual,unknown,unknown,unknown,large tau_eff underprediction; manual annotation missing; possible material-system outlier; possibly missing additive/structure feature,True
10.1007_s11664-019-07743-0__sample_35924,unknown,p,Fe2V0.9Ti0.1Al,10.1007/s11664-019-07743-0,2.0189816261612195,0.3409737766977049,-1.6780078494635147,1.6780078494635147,7.530652008377565,1.4063163621195436,0.18674563112929263,medium,0.1301251309404322,0.170056117489014,,0.0608397594828685,unknown,no,large_under_prediction,selected model primary split test residual,unknown,unknown,unknown,large tau_eff underprediction; manual annotation missing; possible material-system outlier; possibly missing additive/structure feature,True
10.1021_jacs.8b04193__sample_44992,unknown,p,Na1.06Pb7.94Sb0.85Te10,10.1021/jacs.8b04193,-1.3350962271294364,0.34055075473556223,1.6756469818649986,1.6756469818649986,0.2631328537185554,1.4057215852233609,5.342250370327791,medium,0.2299689770109828,0.1604152571883295,1.144759,,unknown,no,large_over_prediction,selected model primary split test residual,unknown,unknown,unknown,large tau_eff overprediction; manual annotation missing; possible material-system outlier; possibly missing additive/structure feature,True
10.1039_c4ta00539b__sample_13127,unknown,p,Yb9Mn1.2Zn3Sb9,10.1039/c4ta00539b,1.5308257986434572,-0.1446310989363013,-1.6754568975797586,1.6754568975797586,4.621992081556025,0.865341459621606,0.18722261837590232,medium,0.2825518629562337,0.246802530204531,,,unknown,no,large_under_prediction,selected model primary split test residual,unknown,unknown,unknown,large tau_eff underprediction; manual annotation missing; possible material-system outlier; possibly missing additive/structure feature,True
10.1016_j.intermet.2020.106767__sample_29110,unknown,n,Mg2Sn0.99Bi0.01,10.1016/j.intermet.2020.106767,1.3143218799339218,-0.355629052687429,-1.6699509326213509,1.6699509326213509,3.722226013080879,0.7007325068704026,0.18825630265541227,medium,0.0892082944171717,0.1119503636136593,,,unknown,no,large_under_prediction,selected model primary split test residual,unknown,unknown,unknown,large tau_eff underprediction; manual annotation missing; possible material-system outlier; possibly missing additive/structure feature,True
10.1007_s10853-012-6967-0__sample_8797,unknown,n,Mg2Si0.6Sn0.4,10.1007/s10853-012-6967-0,-1.1275961332360194,0.5383045949855351,1.6659007282215543,1.6659007282215543,0.3238107194153658,1.7131000003961703,5.290436349633947,medium,0.3113781873845435,0.328612461063951,,,unknown,no,large_over_prediction,selected model primary split test residual,unknown,unknown,unknown,large tau_eff overprediction; manual annotation missing; possible material-system outlier; possibly missing additive/structure feature,True
10.1007_s11664-012-1985-x__sample_8517,unknown,p,Ag0.01Mg2Sn,10.1007/s11664-012-1985-x,0.733564834609605,-0.9290376218767875,-1.6626024564863924,1.6626024564863924,2.082491127633325,0.3949336030017528,0.18964479500596018,medium,0.1482845745335428,0.231184976268892,0.1285714,,unknown,no,large_under_prediction,selected model primary split test residual,unknown,unknown,unknown,large tau_eff underprediction; manual annotation missing; possible material-system outlier; possibly missing additive/structure feature,True
10.1021_acs.chemmater.8b03994__sample_43392,unknown,n,Yb0.25Co3.6Fe0.4Sb12,10.1021/acs.chemmater.8b03994,-1.6988575384495297,-0.0391381242491149,1.6597194142004148,1.6597194142004148,0.182892352221232,0.961617877225696,5.257835363517522,low,0.5098174312667728,0.9762285305949212,0.0448468,0.0200820365318915,unknown,no,large_over_prediction,selected model primary split test residual,unknown,unknown,unknown,large tau_eff overprediction; low target quality; manual annotation missing; possible material-system outlier; possibly missing additive/structure feature,True
10.1039_c4ra06042c__sample_467,unknown,p,Pb0.16Mn0.04Sn0.80Te1,10.1039/c4ra06042c,1.9094567443953223,0.25148534460219674,-1.6579713997931256,1.6579713997931256,6.749421141520416,1.2859340540506936,0.19052508757232717,medium,0.1756938696917915,0.3412201791455448,0.3668203,,unknown,no,large_under_prediction,selected model primary split test residual,unknown,unknown,unknown,large tau_eff underprediction; manual annotation missing; possible material-system outlier; possibly missing additive/structure feature,True
10.1007_s11664-016-4865-y__sample_2344,unknown,n,Sr7.86Ga15.00Sn0.39Ge30.76,10.1007/s11664-016-4865-y,0.5003197637604893,-1.156985876363006,-1.6573056401234953,1.6573056401234953,1.649248556312568,0.31443249242383475,0.19065197372484044,medium,0.1819620080224787,0.3927595578474577,0.8474895,0.1266558419917219,unknown,no,large_under_prediction,selected model primary split test residual,unknown,unknown,unknown,large tau_eff underprediction; manual annotation missing; possible material-system outlier; possibly missing additive/structure feature,True
10.1021_acsaem.0c01525__sample_37615,unknown,p,Cu2Se,10.1021/acsaem.0c01525,-0.8835685273660528,0.7733776850017701,1.656946212367823,1.656946212367823,0.4133053853747536,2.1670735978736118,5.243274524256866,medium,0.4068398030129971,0.4986645541741671,0.9307982,1.6712805246393885,unknown,no,large_over_prediction,selected model primary split test residual,unknown,unknown,unknown,large tau_eff overprediction; manual annotation missing; possible material-system outlier; possibly missing additive/structure feature,True
10.1063_1.3488021__sample_13314,unknown,p,Cu2.00Ge1.54Se2.94,10.1063/1.3488021,-1.8003719033893857,-0.14537312421963314,1.6549987791697525,1.6549987791697525,0.165237424434799,0.8646995925501004,5.233073533479712,medium,0.1767148492620436,0.2761485157342702,,,unknown,no,large_over_prediction,selected model primary split test residual,unknown,unknown,unknown,large tau_eff overprediction; manual annotation missing; possible material-system outlier; possibly missing additive/structure feature,True
10.1021_acsaem.9b02168__sample_34394,unknown,p,Fe0.4Yb14MgSb11,10.1021/acsaem.9b02168,-0.071377328363403,1.5834065870076826,1.6547839153710855,1.6547839153710855,0.9311104914371564,4.871522843123187,5.231949256209172,medium,0.1514049114300718,0.0760944804257476,,,unknown,no,large_over_prediction,selected model primary split test residual,unknown,unknown,unknown,large tau_eff overprediction; manual annotation missing; possible material-system outlier; possibly missing additive/structure feature,True
10.1111_ijac.12476__sample_16970,unknown,p,(GeTe)90(AgSbTe2)10,10.1111/ijac.12476,1.7862776316226117,0.13351949109402722,-1.6527581405285845,1.6527581405285845,5.967198961491249,1.1428435411889457,0.1915209378075338,low,0.1302413113671092,,1.104396,1.0897383346777,unknown,no,large_under_prediction,selected model primary split test residual,unknown,unknown,unknown,large tau_eff underprediction; low target quality; manual annotation missing; possible material-system outlier; possibly missing additive/structure feature,True
10.1063_1.3607976__sample_13610,unknown,p,Ca5Al1.95Zn0.05Sb6,10.1063/1.3607976,-1.7041429108125037,-0.051615348069910735,1.652527562742593,1.652527562742593,0.1819282481063904,0.9496940982627923,5.220157442001077,medium,0.2123328733438327,0.2657531148794646,,,unknown,no,large_over_prediction,selected model primary split test residual,unknown,unknown,unknown,large tau_eff overprediction; manual annotation missing; possible material-system outlier; possibly missing additive/structure feature,True
10.1007_s11664-016-5013-4__sample_2323,unknown,n,Ba8Yb0Ni0.1Zn0.54Ga13.8Ge31.56,10.1007/s11664-016-5013-4,-1.883336951309417,-0.2308793097989239,1.652457641510493,1.652457641510493,0.1520817686235105,0.7938352683920872,5.2197924549213015,medium,0.2251148681850349,0.189520758502696,,,unknown,no,large_over_prediction,selected model primary split test residual,unknown,unknown,unknown,large tau_eff overprediction; manual annotation missing; possible material-system outlier; possibly missing additive/structure feature,True
10.1021_jacs.0c05650__sample_38440,unknown,p,NaSn3SbTe5,10.1021/jacs.0c05650,0.4853233505602295,-1.1643729341194855,-1.649696284679715,1.649696284679715,1.6247002716606864,0.3121183194299945,0.1921082459787878,medium,0.1945006328454319,0.3835777307372038,1.060972,0.7779657397568542,not_checked,no,large_under_prediction,selected model primary split test residual,unknown,unknown,not_checked,large tau_eff underprediction; manual annotation missing; possible material-system outlier; possibly missing additive/structure feature,True
10.1063_1.4938474__sample_19903,unknown,n,Fe0.75Co0.25Ga2.65Ge0.35,10.1063/1.4938474,0.7199907455616744,-0.9290368965982285,-1.6490276421599028,1.6490276421599028,2.054414198106421,0.39493388943873114,0.1922367406741769,medium,0.2051409084144681,0.4356958660583353,,,unknown,no,large_under_prediction,selected model primary split test residual,unknown,unknown,unknown,large tau_eff underprediction; manual annotation missing; possible material-system outlier; possibly missing additive/structure feature,True
10.1016_j.actamat.2015.09.033__sample_13338,unknown,p,MgAg0.97Sb0.995,10.1016/j.actamat.2015.09.033,0.390109779434869,-1.2550179702166548,-1.645127749651524,1.645127749651524,1.4771429448997682,0.28507072539572725,0.19298790708103797,medium,0.2695347300995364,0.5289862959009191,,,unknown,no,large_under_prediction,selected model primary split test residual,unknown,unknown,unknown,large tau_eff underprediction; manual annotation missing; possible material-system outlier; possibly missing additive/structure feature,True
10.1021_jacs.0c05650__sample_38452,unknown,p,NaSn5BiTe7,10.1021/jacs.0c05650,0.7287667651092552,-0.9162063205090902,-1.6449730856183455,1.6449730856183455,2.072523123181319,0.4000337659711217,0.19301775767744908,medium,0.210460459841531,0.4359367814011086,0.4432113,0.4100478979070558,unknown,no,large_under_prediction,selected model primary split test residual,unknown,unknown,unknown,large tau_eff underprediction; manual annotation missing; possible material-system outlier; possibly missing additive/structure feature,True
10.1016_j.nanoen.2015.03.036__sample_7536,unknown,n,Bi2S3,10.1016/j.nanoen.2015.03.036,-4.981713143418893,-3.3403472126112486,1.6413659308076443,1.6413659308076443,0.0068622963839139,0.035424655698805735,5.162215928452997,medium,0.3005382889918848,0.5334476750921835,,,unknown,no,large_over_prediction,selected model primary split test residual,unknown,unknown,unknown,large tau_eff overprediction; manual annotation missing; possible material-system outlier; possibly missing additive/structure feature,True
10.1016_j.scriptamat.2015.07.025__sample_25843,unknown,n,Sr0.4Ba0.6Nb2O6,10.1016/j.scriptamat.2015.07.025,-1.437976773194999,-3.0790657221654456,-1.6410889489704465,1.6410889489704465,0.2374076025271163,0.046002215428416884,0.19376892289353956,low,0.5404558581779358,0.9043136928669258,,,unknown,no,large_under_prediction,selected model primary split test residual,unknown,unknown,unknown,large tau_eff underprediction; low target quality; manual annotation missing; possible material-system outlier; possibly missing additive/structure feature,True
10.1016_j.jallcom.2017.07.210__sample_2380,unknown,n,Ba8Cu4.5Si6Ge35.5,10.1016/j.jallcom.2017.07.210,-1.493560178781577,0.14428686040465524,1.6378470391862323,1.6378470391862323,0.2245717151846522,1.1552154465692257,5.144082573441449,low,0.5437698261060934,0.9738844127071034,,,unknown,no,large_over_prediction,selected model primary split test residual,unknown,unknown,unknown,large tau_eff overprediction; low target quality; manual annotation missing; possible material-system outlier; possibly missing additive/structure feature,True
10.1016_j.mtphys.2021.100340__sample_44307,unknown,p,(SnTe)0.83(MnTe)0.15Bi0.02,10.1016/j.mtphys.2021.100340,0.5803562403875927,2.2146078011597385,1.634251560772146,1.634251560772146,1.7866748031169386,9.15781672209162,5.125620345748077,medium,0.3538215841565038,0.4972527492171075,,,unknown,no,large_over_prediction,selected model primary split test residual,unknown,unknown,unknown,large tau_eff overprediction; manual annotation missing; possible material-system outlier; possibly missing additive/structure feature,True
10.1063_1.4914504__sample_12208,unknown,n,Ti9Ni7Sn8,10.1063/1.4914504,0.4783729980179094,-1.1554948531966924,-1.6338678512146019,1.6338678512146019,1.6134471837616675,0.31490166824336774,0.1951732113778841,medium,0.1055403146579469,0.1181298335459471,,0.0607327343202932,unknown,no,large_under_prediction,selected model primary split test residual,unknown,unknown,unknown,large tau_eff underprediction; manual annotation missing; possible material-system outlier; possibly missing additive/structure feature,True
10.1007_s11664-012-2403-0__sample_8588,unknown,n,Mg2Si,10.1007/s11664-012-2403-0,0.2535642548854021,-1.3768894836670535,-1.6304537385524556,1.6304537385524556,1.28861017632442,0.2523623105714137,0.1958406934913721,medium,0.3146851549176366,0.655306020886702,,1.2867438643445368,unknown,no,large_under_prediction,selected model primary split test residual,unknown,unknown,unknown,large tau_eff underprediction; manual annotation missing; possible material-system outlier; possibly missing additive/structure feature,True
10.1016_j.jallcom.2015.09.082__sample_12460,unknown,n,VCoSb,10.1016/j.jallcom.2015.09.082,1.1437743920504089,-0.4846912202139637,-1.6284656122643726,1.6284656122643726,3.138592314921096,0.6158873409677976,0.19623043682348434,medium,0.0927767292076008,0.1348240401175614,0.4999068,,unknown,no,large_under_prediction,selected model primary split test residual,unknown,unknown,unknown,large tau_eff underprediction; manual annotation missing; possible material-system outlier; possibly missing additive/structure feature,True
10.1016_j.jallcom.2011.10.036__sample_15789,unknown,n,PbTe,10.1016/j.jallcom.2011.10.036,-1.766048197270206,-0.13883294987828262,1.6272152473919235,1.6272152473919235,0.1710074429727626,0.8703734122991835,5.089681461629791,low,0.5533305508423152,0.8147059162600547,,,unknown,no,large_over_prediction,selected model primary split test residual,unknown,unknown,unknown,large tau_eff overprediction; low target quality; manual annotation missing; possible material-system outlier; possibly missing additive/structure feature,True
10.1016_j.intermet.2014.06.014__sample_13135,unknown,p,Cu2CdSnSe4,10.1016/j.intermet.2014.06.014,-4.592449461867036,-2.966448573203297,1.6260008886637394,1.6260008886637394,0.0101280197669713,0.051485834201229555,5.083504513797564,low,0.8500775524603362,,0.08904886,0.038373877247423,unknown,no,large_over_prediction,selected model primary split test residual,unknown,unknown,unknown,large tau_eff overprediction; low target quality; manual annotation missing; possible material-system outlier; possibly missing additive/structure feature,True
10.1021_ic501939k__sample_18944,unknown,p,Ag2Tl2Mo9Se11,10.1021/ic501939k,-1.4596773214943346,0.16264720767814878,1.6223245291724835,1.6223245291724835,0.2323112244755355,1.1766215134216136,5.064850035024986,medium,0.3535092248275472,0.761742101321861,,,unknown,no,large_over_prediction,selected model primary split test residual,unknown,unknown,unknown,large tau_eff overprediction; manual annotation missing; possible material-system outlier; possibly missing additive/structure feature,True
10.1063_1.4821798__sample_14961,unknown,n,Cu0.06TiSe2,10.1063/1.4821798,0.5664541624217736,-1.0537846334829757,-1.6202387959047493,1.6202387959047493,1.762008166726445,0.34861586598830274,0.19785144732670584,medium,0.2816557287248759,0.4668168617244271,,,unknown,no,large_under_prediction,selected model primary split test residual,unknown,unknown,unknown,large tau_eff underprediction; manual annotation missing; possible material-system outlier; possibly missing additive/structure feature,True
10.1021_cm902001c__sample_27114,unknown,n,K0.9Pb21SbTe23,10.1021/cm902001c,0.264028510631538,-1.3561849551486496,-1.6202134657801874,1.6202134657801874,1.3021653213273403,0.2576418194999868,0.1978564589919842,medium,0.290588752635272,0.5319019892292448,0.8494418,,unknown,no,large_under_prediction,selected model primary split test residual,unknown,unknown,unknown,large tau_eff underprediction; manual annotation missing; possible material-system outlier; possibly missing additive/structure feature,True
10.1007_s11665-018-3735-6__sample_83347,unknown,n,(TiNiSn)94.01(TiNi2Sn)4.92(Ni3Sn4)1.07,10.1007/s11665-018-3735-6,0.4645714431678079,-1.1554948531966924,-1.6200662963645003,1.6200662963645003,1.591332066504051,0.31490166824336774,0.1978855795542194,low,0.4939786930050985,0.9079316297960042,0.1606,0.0609043840566408,unknown,no,large_under_prediction,selected model primary split test residual,unknown,unknown,unknown,large tau_eff underprediction; low target quality; manual annotation missing; possible material-system outlier; possibly missing additive/structure feature,True
10.1063_1.3682585__sample_830,unknown,n,Ba8Au4.10Si41.90,10.1063/1.3682585,1.2962763690713397,-0.3230437380327127,-1.6193201071040524,1.6193201071040524,3.655658967699583,0.7239421898682663,0.19803329475337397,medium,0.0706112031914481,0.0847120317784461,,,unknown,no,large_under_prediction,selected model primary split test residual,unknown,unknown,unknown,large tau_eff underprediction; manual annotation missing; possible material-system outlier; possibly missing additive/structure feature,True
10.1002_pssa.202000096__sample_83948,unknown,p,Ti1.8Hf0.2FeNiSb1.7Sn0.3,10.1002/pssa.202000096,-0.1779538553125389,1.440601118566902,1.618554973879441,1.618554973879441,0.8369810448264008,4.223233718330781,5.045793742206823,medium,0.2953325818397588,0.4515166075194857,0.489,0.4730137186971681,unknown,no,large_over_prediction,selected model primary split test residual,unknown,unknown,unknown,large tau_eff overprediction; manual annotation missing; possible material-system outlier; possibly missing additive/structure feature,True
10.1002_pssa.202000096__sample_83950,unknown,p,Ti1.4Hf0.6FeNiSb1.7Sn0.3,10.1002/pssa.202000096,-0.17683216290161,1.440601118566902,1.6174332814685122,1.6174332814685122,0.8379204068516097,4.223233718330781,5.040137086765913,medium,0.3118063708879859,0.464779848796499,0.5189,0.4807432577587706,unknown,no,large_over_prediction,selected model primary split test residual,unknown,unknown,unknown,large tau_eff overprediction; manual annotation missing; possible material-system outlier; possibly missing additive/structure feature,True
10.1063_1.4916238__sample_5420,unknown,n,Yb0.15Co4Sb12,10.1063/1.4916238,-1.1830782513035984,0.4332426047448079,1.6163208560484064,1.6163208560484064,0.3063343117607937,1.542250332566503,5.034533427554126,medium,0.3455383180578534,0.422974137718279,0.3357934,0.2046669320842514,unknown,no,large_over_prediction,selected model primary split test residual,unknown,unknown,unknown,large tau_eff overprediction; manual annotation missing; possible material-system outlier; possibly missing additive/structure feature,True
10.1002_adfm.201902437__sample_41419,unknown,n,Cd3As2,10.1002/adfm.201902437,-0.8162152435833003,0.7976295489838091,1.6138447925671096,1.6138447925671096,0.4421017394753332,2.2202716404988485,5.022083023545143,medium,0.2721300332359213,0.5583386095888516,,,unknown,no,large_over_prediction,selected model primary split test residual,unknown,unknown,unknown,large tau_eff overprediction; manual annotation missing; possible material-system outlier; possibly missing additive/structure feature,True
10.1016_j.actamat.2021.117231__sample_46273,unknown,n,Ag3.92TeS,10.1016/j.actamat.2021.117231,-2.317694754442682,-0.7046971165062417,1.6129976379364404,1.6129976379364404,0.0985003916723777,0.4942582542540644,5.01783034424896,medium,0.3294530949415722,0.4204975307314976,0.6920841,1.023196974202962,unknown,no,large_over_prediction,selected model primary split test residual,unknown,unknown,unknown,large tau_eff overprediction; manual annotation missing; possible material-system outlier; possibly missing additive/structure feature,True
10.1016_s0921-4526_01_01322-9__sample_18264,unknown,n,UCu5In,10.1016/s0921-4526(01)01322-9,1.7494392160577683,0.13876859906472536,-1.610670616993043,1.610670616993043,5.751376491911769,1.14885822237547,0.1997536109818447,medium,0.1480792188841505,0.3004123442073283,,,unknown,no,large_under_prediction,selected model primary split test residual,unknown,unknown,unknown,large tau_eff underprediction; manual annotation missing; possible material-system outlier; possibly missing additive/structure feature,True
10.1021_ja208658w__sample_211,unknown,n,Pb1.05SCl0.1,10.1021/ja208658w,0.3212729036143317,-1.28481755796635,-1.6060904615806817,1.6060904615806817,1.378881831386881,0.2767010609315122,0.2006706119647729,medium,0.3591736065709431,0.7352078844909925,0.1166645,0.2656463434137397,unknown,no,large_under_prediction,selected model primary split test residual,unknown,unknown,unknown,large tau_eff underprediction; manual annotation missing; possible material-system outlier; possibly missing additive/structure feature,True
10.1021_acsnano.1c03120__sample_44811,unknown,p,Cu2SnSe3,10.1021/acsnano.1c03120,-0.6197915350603777,-2.220178092330272,-1.6003865572698945,1.6003865572698945,0.5380565918390856,0.10858976809794726,0.20181848851026207,medium,0.1234731771467528,0.2398620280104653,,,unknown,no,large_under_prediction,selected model primary split test residual,unknown,unknown,unknown,large tau_eff underprediction; manual annotation missing; possible material-system outlier; possibly missing additive/structure feature,True
10.1016_j.jallcom.2016.02.123__sample_7266,unknown,p,(Bi0.2Sb0.8)2Te3(PbTe)0.1,10.1016/j.jallcom.2016.02.123,2.1568649291964506,0.5585672879411729,-1.5982976412552776,1.5982976412552776,8.643995596330976,1.7481660866071635,0.20224051101428012,medium,0.1558049355294652,0.2973925344239564,,0.0231251501456032,unknown,no,large_under_prediction,selected model primary split test residual,unknown,unknown,unknown,large tau_eff underprediction; manual annotation missing; possible material-system outlier; possibly missing additive/structure feature,True
10.1021_acsami.7b06083__sample_2917,unknown,p,SnTe0.90Se010,10.1021/acsami.7b06083,1.6828921805692714,0.08633932267636181,-1.5965528578929096,1.5965528578929096,5.381096590150459,1.0901761870523463,0.20259368490946644,medium,0.3384715694407145,0.641060003252026,0.1736603,0.01781418649376,unknown,no,large_under_prediction,selected model primary split test residual,unknown,unknown,unknown,large tau_eff underprediction; manual annotation missing; possible material-system outlier; possibly missing additive/structure feature,True
10.1063_5.0016049__sample_37123,unknown,n,Si95Ti5,10.1063/5.0016049,-0.1084751676430675,1.4861633516489685,1.594638519292036,1.594638519292036,0.8972011741601424,4.420104558809073,4.926547898186459,medium,0.1352412657480308,0.2776166125639713,0.1290599,0.099506929074595,unknown,no,large_over_prediction,selected model primary split test residual,unknown,unknown,unknown,large tau_eff overprediction; manual annotation missing; possible material-system outlier; possibly missing additive/structure feature,True
10.1063_5.0016049__sample_37122,unknown,n,Si95Ti5,10.1063/5.0016049,-0.1082769906409725,1.4861633516489685,1.594440342289941,1.594440342289941,0.8973789964186727,4.420104558809073,4.925571666429856,medium,0.1406420787225101,0.2907916354038226,0.1276076,0.1062303660776035,unknown,no,large_over_prediction,selected model primary split test residual,unknown,unknown,unknown,large tau_eff overprediction; manual annotation missing; possible material-system outlier; possibly missing additive/structure feature,True
10.1016_s0921-4526_01_01322-9__sample_18266,unknown,n,UCu5In,10.1016/s0921-4526(01)01322-9,1.7261129063975926,0.13876859906472536,-1.5873443073328672,1.5873443073328672,5.618770717267316,1.14885822237547,0.20446789523638295,medium,0.1769877640717858,0.3434293956312295,,,unknown,no,large_under_prediction,selected model primary split test residual,unknown,unknown,unknown,large tau_eff underprediction; manual annotation missing; possible material-system outlier; possibly missing additive/structure feature,True
10.1021_acs.inorgchem.5b01296__sample_20404,unknown,p,Ca3Ba0.05Co4O9,10.1021/acs.inorgchem.5b01296,0.0129572588749794,-1.5699952707509932,-1.5829525296259725,1.5829525296259725,1.0130415678981777,0.20804616625681904,0.20536784752916484,medium,0.2977538123835874,0.5707713423943429,,,unknown,no,large_under_prediction,selected model primary split test residual,unknown,unknown,unknown,large tau_eff underprediction; manual annotation missing; possible material-system outlier; possibly missing additive/structure feature,True
10.1002_pssa.202000096__sample_83949,unknown,p,Ti1.6Hf0.4FeNiSb1.7Sn0.3,10.1002/pssa.202000096,-0.135002557254233,1.440601118566902,1.5756036758211351,1.5756036758211351,0.8737136773771776,4.223233718330781,4.833658700420725,medium,0.3041508637130442,0.4608372292715497,0.5248,0.5303506119554067,unknown,no,large_over_prediction,selected model primary split test residual,unknown,unknown,unknown,large tau_eff overprediction; manual annotation missing; possible material-system outlier; possibly missing additive/structure feature,True
10.1016_j.jssc.2012.03.042__sample_8647,unknown,p,Sb2Te3,10.1016/j.jssc.2012.03.042,-1.606598477081628,-0.03201338202727115,1.5745850950543567,1.5745850950543567,0.2005686940734367,0.968493621584423,4.828737735261,medium,0.3443087973082439,0.65887381218711,0.1939417,0.002696100787562,unknown,no,large_over_prediction,selected model primary split test residual,unknown,unknown,unknown,large tau_eff overprediction; manual annotation missing; possible material-system outlier; possibly missing additive/structure feature,True
10.1063_1.3548867__sample_12178,unknown,n,(Zr0.5Hf0.5)0.96Nb0.04NiSn,10.1063/1.3548867,1.2045743633609236,-0.3694824611627197,-1.5740568245236433,1.5740568245236433,3.3353391333597022,0.6910919050010312,0.20720288923210373,medium,0.0998034140698785,0.1979715333190835,,,unknown,no,large_under_prediction,selected model primary split test residual,unknown,unknown,unknown,large tau_eff underprediction; manual annotation missing; possible material-system outlier; possibly missing additive/structure feature,True
10.1063_1.4928168__sample_13019,unknown,n,Hf3Ni2.7Cu0.3Sb4,10.1063/1.4928168,0.5766743635980456,-0.995019342745829,-1.5716937063438747,1.5716937063438747,1.7801085820550928,0.3697162931466082,0.2076931131469405,medium,0.1389493055001874,0.2294651026028875,,,unknown,no,large_under_prediction,selected model primary split test residual,unknown,unknown,unknown,large tau_eff underprediction; manual annotation missing; possible material-system outlier; possibly missing additive/structure feature,True
10.1039_d0dt03368e__sample_36310,unknown,p,Cu26V2Sn6S32,10.1039/d0dt03368e,1.145861939321778,-0.424057654589587,-1.569919593911365,1.569919593911365,3.145151118268206,0.6543861524561797,0.20806191112893171,medium,0.2462164284320988,0.5252974315254604,,,unknown,no,large_under_prediction,selected model primary split test residual,unknown,unknown,unknown,large tau_eff underprediction; manual annotation missing; possible material-system outlier; possibly missing additive/structure feature,True
10.1016_j.jcis.2014.11.052__sample_32518,unknown,p,Cu1.5Se,10.1016/j.jcis.2014.11.052,2.342311788984785,0.7733776850017701,-1.5689341039830151,1.5689341039830151,10.40526355303102,2.1670735978736118,0.20826705511388516,medium,0.1941455314099637,0.417711927284069,0.01653543,,unknown,no,large_under_prediction,selected model primary split test residual,unknown,unknown,unknown,large tau_eff underprediction; manual annotation missing; possible material-system outlier; possibly missing additive/structure feature,True
10.1021_acsnano.6b03696__sample_2641,unknown,p,PbSe,10.1021/acsnano.6b03696,0.6043896006311211,-0.9626821314183004,-1.5670717320494214,1.5670717320494214,1.8301347547745488,0.38186729293827604,0.20865528723611262,medium,0.0576950459989162,0.1152794279235582,,0.9293104732017928,unknown,no,large_under_prediction,selected model primary split test residual,unknown,unknown,unknown,large tau_eff underprediction; manual annotation missing; possible material-system outlier; possibly missing additive/structure feature,True
10.1039_c4dt01457j__sample_13000,unknown,p,Cu2.10Sn0.90Se3,10.1039/c4dt01457j,1.9854977420021995,0.4223489852087585,-1.563148756793441,1.563148756793441,7.282671374904215,1.525540822978338,0.20947544444134727,medium,0.4301936124667201,0.7060004509969144,,,unknown,no,large_under_prediction,selected model primary split test residual,unknown,unknown,unknown,large tau_eff underprediction; manual annotation missing; possible material-system outlier; possibly missing additive/structure feature,True
10.1088_0953-8984_22_3_035801__sample_14539,unknown,p,Cu0.2Ag2.8SbSeTe2,10.1088/0953-8984/22/3/035801,-2.0819234605729617,-0.5194019421444852,1.5625215184284764,1.5625215184284764,0.1246901448151349,0.5948762119974046,4.770835841752896,low,0.5752846664279976,0.9779060411349508,,,unknown,no,large_over_prediction,selected model primary split test residual,unknown,unknown,unknown,large tau_eff overprediction; low target quality; manual annotation missing; possible material-system outlier; possibly missing additive/structure feature,True
10.1002_adfm.200800298__sample_5870,unknown,p,Yb14Mn0.2Al0.8Sb11,10.1002/adfm.200800298,-0.4210516147761508,1.1383589576805098,1.5594105724566605,1.5594105724566605,0.6563562228553439,3.1216414138982405,4.756017091326073,medium,0.3117202969667728,0.2554068053122612,,,unknown,no,large_over_prediction,selected model primary split test residual,unknown,unknown,unknown,large tau_eff overprediction; manual annotation missing; possible material-system outlier; possibly missing additive/structure feature,True
10.1126_science.1156446__sample_9108,unknown,p,BiSbTe alloy,10.1126/science.1156446,0.2927470361373219,-1.2660273083440652,-1.558774344481387,1.558774344481387,1.3401037497300456,0.2819494982379636,0.21039378353710325,medium,0.1439532905647265,0.2488324039092194,1.050943,0.9361061751833102,unknown,no,large_under_prediction,selected model primary split test residual,unknown,unknown,unknown,large tau_eff underprediction; manual annotation missing; possible material-system outlier; possibly missing additive/structure feature,True
10.1007_s11664-016-5013-4__sample_2324,unknown,n,Ba7.9Yb0.1Ni0.1Zn0.54Ga13.8Ge31.56,10.1007/s11664-016-5013-4,-1.7878689977192728,-0.2308793097989239,1.5569896879203489,1.5569896879203489,0.167316341536138,0.7938352683920872,4.744517248607362,medium,0.1848960949305432,0.1511384104053316,,,unknown,no,large_over_prediction,selected model primary split test residual,unknown,unknown,unknown,large tau_eff overprediction; manual annotation missing; possible material-system outlier; possibly missing additive/structure feature,True
10.1007_s13391-020-00241-0__sample_39473,unknown,p,Al0.985Mg0.015Sb,10.1007/s13391-020-00241-0,-2.562519420227801,-1.0068012585630315,1.5557181616647695,1.5557181616647695,0.0771102224556898,0.3653858872365819,4.7384883041485875,low,0.8902549010101474,0.9865427081503194,0.0340752,0.0207772137828025,unknown,no,large_over_prediction,selected model primary split test residual,unknown,unknown,unknown,large tau_eff overprediction; low target quality; manual annotation missing; possible material-system outlier; possibly missing additive/structure feature,True
10.1016_j.jmat.2015.03.008__sample_14339,unknown,n,Yb0.40Co4Sb12,10.1016/j.jmat.2015.03.008,1.65061012647037,0.0975198525723956,-1.5530902738979746,1.5530902738979746,5.210157712760568,1.1024333274835247,0.21159308187225828,medium,0.1070000961217272,0.1530693324647153,,,unknown,no,large_under_prediction,selected model primary split test residual,unknown,unknown,unknown,large tau_eff underprediction; manual annotation missing; possible material-system outlier; possibly missing additive/structure feature,True
10.1186_s11671-016-1407-8__sample_26544,unknown,n,TiO2/SrNb0.15Ti0.85O3,10.1186/s11671-016-1407-8,0.7031556690185253,-0.8496304721064557,-1.552786141124981,1.552786141124981,2.0201174817791285,0.42757290287373306,0.21165744404982192,medium,0.2331980663020093,0.4056727327998396,0.05754883,,unknown,no,large_under_prediction,selected model primary split test residual,unknown,unknown,unknown,large tau_eff underprediction; manual annotation missing; possible material-system outlier; possibly missing additive/structure feature,True
10.1016_j.jmat.2015.03.008__sample_14338,unknown,n,Yb0.36Co4Sb12,10.1016/j.jmat.2015.03.008,1.6498613507754751,0.0975198525723956,-1.5523414982030794,1.5523414982030794,5.206257933510849,1.1024333274835247,0.21175157696040176,medium,0.1065414357366629,0.1521064667630162,,,unknown,no,large_under_prediction,selected model primary split test residual,unknown,unknown,unknown,large tau_eff underprediction; manual annotation missing; possible material-system outlier; possibly missing additive/structure feature,True
10.1016_j.jallcom.2016.02.123__sample_7267,unknown,p,(Bi0.2Sb0.8)2Te3(PbTe)0.3,10.1016/j.jallcom.2016.02.123,2.106555362882941,0.5585672879411729,-1.5479880749417683,1.5479880749417683,8.219877965263967,1.7481660866071635,0.21267543070525674,medium,0.134928190743376,0.2630196104531462,,0.0142587525302127,unknown,no,large_under_prediction,selected model primary split test residual,unknown,unknown,unknown,large tau_eff underprediction; manual annotation missing; possible material-system outlier; possibly missing additive/structure feature,True
10.1021_cm052055b__sample_3405,unknown,n,In0.05Co4Sb12,10.1021/cm052055b,-1.2261412887646963,0.3208767712243602,1.5470180599890564,1.5470180599890564,0.2934226292034331,1.3783357198049098,4.697441787454282,medium,0.0746340905755883,0.0477003948185566,,,unknown,no,large_over_prediction,selected model primary split test residual,unknown,unknown,unknown,large tau_eff overprediction; manual annotation missing; possible material-system outlier; possibly missing additive/structure feature,True
10.1021_ja208658w__sample_321,unknown,n,Pb1.008SCl0.016,10.1021/ja208658w,0.2621312863061173,-1.28481755796635,-1.5469488442724675,1.5469488442724675,1.2996971636687098,0.2767010609315122,0.21289656442001959,medium,0.3286411834823112,0.6021712443136582,0.08759266,0.0662122106662935,unknown,no,large_under_prediction,selected model primary split test residual,unknown,unknown,unknown,large tau_eff underprediction; manual annotation missing; possible material-system outlier; possibly missing additive/structure feature,True
10.1039_c9ta14068a__sample_36254,unknown,p,Cu4Ge3Se5,10.1039/c9ta14068a,-1.691496322509137,-0.14537312421963314,1.5461231982895038,1.5461231982895038,0.18424362974073,0.8646995925501004,4.693240106954671,medium,0.2179745234049868,0.3999859570031196,,,unknown,no,large_over_prediction,selected model primary split test residual,unknown,unknown,unknown,large tau_eff overprediction; manual annotation missing; possible material-system outlier; possibly missing additive/structure feature,True
10.1039_c3cp52716f__sample_45,unknown,n,Pb0.998Yb0.002Te0.994I0.006,10.1039/c3cp52716f,-1.1803718956239098,0.3656463385314416,1.5460182341553512,1.5460182341553512,0.3071644842295922,1.4414453688124838,4.692747510923383,medium,0.2805954275335942,0.1477393844530577,,,unknown,no,large_over_prediction,selected model primary split test residual,unknown,unknown,unknown,large tau_eff overprediction; manual annotation missing; possible material-system outlier; possibly missing additive/structure feature,True
10.1016_j.jallcom.2016.08.095__sample_9831,unknown,n,Mg1.7Mn0.3Si,10.1016/j.jallcom.2016.08.095,-2.73562499926233,-1.1901856985193096,1.5454393007430203,1.5454393007430203,0.0648534610692404,0.3041647758734736,4.690031508861708,medium,0.2573996123314191,0.1628892903237863,0.002628866,0.0025304320332608,unknown,no,large_over_prediction,selected model primary split test residual,unknown,unknown,unknown,large tau_eff overprediction; manual annotation missing; possible material-system outlier; possibly missing additive/structure feature,True
10.1007_s11664-017-5607-5__sample_2545,unknown,n,Pb0.98Bi0.02Te,10.1007/s11664-017-5607-5,-1.6981794548312446,-0.15575742007312474,1.54242203475812,1.54242203475812,0.1830164105854016,0.855766757031591,4.675901763641362,medium,0.4110359160382355,0.3288850693723779,0.502394,0.841563948534853,unknown,no,large_over_prediction,selected model primary split test residual,unknown,unknown,unknown,large tau_eff overprediction; manual annotation missing; possible material-system outlier; possibly missing additive/structure feature,True
10.1016_j.actamat.2016.10.077__sample_31122,unknown,n,Mg2Sn0.72Bi0.03Ge0.25,10.1016/j.actamat.2016.10.077,1.13863082920752,-0.3996698257070091,-1.538300654914529,1.538300654914529,3.1224902146933715,0.6705414050244296,0.21474571861557515,medium,0.1303231591858324,0.2108593700626047,,,unknown,no,large_under_prediction,selected model primary split test residual,unknown,unknown,unknown,large tau_eff underprediction; manual annotation missing; possible material-system outlier; possibly missing additive/structure feature,True
10.1002_adfm.201902437__sample_41414,unknown,n,Cd3As2,10.1002/adfm.201902437,2.3357698159672444,0.7976295489838091,-1.5381402669834352,1.5381402669834352,10.33741477404655,2.2202716404988485,0.21478016399933325,medium,0.4584181078928568,0.5331190300223712,,,unknown,no,large_under_prediction,selected model primary split test residual,unknown,unknown,unknown,large tau_eff underprediction; manual annotation missing; possible material-system outlier; possibly missing additive/structure feature,True
10.1063_1.1710014__sample_7430,unknown,p,(Bi2Te3)5(Bi2Se3)1(Sb2Te3)18,10.1063/1.1710014,1.9001125211258336,0.36313862724676627,-1.5369738938790674,1.5369738938790674,6.686646788975776,1.4378351685567603,0.2150308239590744,low,0.5364075952564827,0.9542479031236628,,,unknown,no,large_under_prediction,selected model primary split test residual,unknown,unknown,unknown,large tau_eff underprediction; low target quality; manual annotation missing; possible material-system outlier; possibly missing additive/structure feature,True
10.1016_j.nanoen.2016.02.040__sample_3162,unknown,n,Pb0.99In0.01Te,10.1016/j.nanoen.2016.02.040,-2.1914494918866323,-0.6551229914828133,1.5363265004038191,1.5363265004038191,0.1117546437114849,0.5193781795661493,4.647486335395773,medium,0.4816240263764995,0.7756058076060383,0.3151055,,unknown,no,large_over_prediction,selected model primary split test residual,unknown,unknown,unknown,large tau_eff overprediction; manual annotation missing; possible material-system outlier; possibly missing additive/structure feature,True
10.1063_1.4869573__sample_13355,unknown,n,Zr3Ni2.7Cu0.3Sb4,10.1063/1.4869573,0.5399676855946449,-0.995019342745829,-1.534987028340474,1.534987028340474,1.7159514113394572,0.3697162931466082,0.21545848600573764,medium,0.0959370269522653,0.1515230046549393,,,unknown,no,large_under_prediction,selected model primary split test residual,unknown,unknown,unknown,large tau_eff underprediction; manual annotation missing; possible material-system outlier; possibly missing additive/structure feature,True
10.1021_acsaem.9b02168__sample_34396,unknown,p,Fe1.4Yb14MgSb11,10.1021/acsaem.9b02168,0.0579165411327675,1.5834065870076826,1.525490045874915,1.525490045874915,1.059626556787714,4.871522843123187,4.597395952297891,medium,0.1587307928931912,0.1037953770548565,,,unknown,no,large_over_prediction,selected model primary split test residual,unknown,unknown,unknown,large tau_eff overprediction; manual annotation missing; possible material-system outlier; possibly missing additive/structure feature,True
10.1016_j.actamat.2016.10.077__sample_31121,unknown,n,Mg2Sn0.73Bi0.02Ge0.25,10.1016/j.actamat.2016.10.077,1.1201794726282857,-0.3996698257070091,-1.5198492983352947,1.5198492983352947,3.06540431009526,0.6705414050244296,0.21874484968137595,medium,0.163992845412523,0.279887551494714,,,unknown,no,large_under_prediction,selected model primary split test residual,unknown,unknown,unknown,large tau_eff underprediction; manual annotation missing; possible material-system outlier; possibly missing additive/structure feature,True
10.1002_adma.201501030__sample_42636,unknown,p,Cu2S0.54Te0.46,10.1002/adma.201501030,-0.650574702799441,0.8661781052553225,1.5167528080547634,1.5167528080547634,0.5217458417866652,2.37780574194932,4.557402381601678,medium,0.2524887894479842,0.344717350912098,0.8479532,0.1222872545188318,unknown,no,large_over_prediction,selected model primary split test residual,unknown,unknown,unknown,large tau_eff overprediction; manual annotation missing; possible material-system outlier; possibly missing additive/structure feature,True
10.1016_j.jmat.2019.01.008__sample_41036,unknown,p,Ag1.8Cu0.2Te,10.1016/j.jmat.2019.01.008,-1.1801461721628206,0.3364571558502165,1.516603328013037,1.516603328013037,0.3072338262858662,1.399978887079805,4.55672119181692,low,0.1118322592581456,,0.3696449,0.389128093219604,unknown,no,large_over_prediction,selected model primary split test residual,unknown,unknown,unknown,large tau_eff overprediction; low target quality; manual annotation missing; possible material-system outlier; possibly missing additive/structure feature,True
10.1016_j.jallcom.2008.10.031__sample_26577,unknown,n,SrTiO3,10.1016/j.jallcom.2008.10.031,-2.8330909857376776,-1.3170026113440978,1.5160883743935798,1.5160883743935798,0.0588307274002719,0.26793721150644834,4.554375295811998,medium,0.1186303877908962,0.224850241660673,,,unknown,no,large_over_prediction,selected model primary split test residual,unknown,unknown,unknown,large tau_eff overprediction; manual annotation missing; possible material-system outlier; possibly missing additive/structure feature,True
10.1016_j.nanoen.2015.05.032__sample_6380,unknown,p,Bi0.5Sb1.5Te3,10.1016/j.nanoen.2015.05.032,1.0984545266221928,-0.4173742750322476,-1.5158288016544403,1.5158288016544403,2.9995267511935806,0.6587743110207169,0.219626082934108,low,0.239684290580885,,,,unknown,no,large_under_prediction,selected model primary split test residual,unknown,unknown,unknown,large tau_eff underprediction; low target quality; manual annotation missing; possible material-system outlier; possibly missing additive/structure feature,True
10.1007_s11664-013-2931-2__sample_7111,unknown,p,Cu12Sb3.9Te0.1S13,10.1007/s11664-013-2931-2,0.7081775796235709,-0.8067885398274085,-1.5149661194509794,1.5149661194509794,2.030287847142793,0.44628900665935195,0.219815632195903,medium,0.1773975557582505,0.0579632495544267,,,unknown,no,large_under_prediction,selected model primary split test residual,unknown,unknown,unknown,large tau_eff underprediction; manual annotation missing; possible material-system outlier; possibly missing additive/structure feature,True
10.1155_2015_202415__sample_28953,unknown,n,Bi2Te3C0.6,10.1155/2015/202415,0.593595408705822,-0.9168335142207106,-1.5104289229265326,1.5104289229265326,1.8104861650849973,0.3997829459732537,0.2208152449231696,medium,0.0970797848272265,0.1322172769388944,,,unknown,no,large_under_prediction,selected model primary split test residual,unknown,unknown,unknown,large tau_eff underprediction; manual annotation missing; possible material-system outlier; possibly missing additive/structure feature,True
10.1016_j.matchemphys.2017.01.038__sample_41749,unknown,p,Ge49Te50Dy1,10.1016/j.matchemphys.2017.01.038,2.3446845059519266,0.8356432944250413,-1.5090412115268852,1.5090412115268852,10.42998161129254,2.3062971993152788,0.2211218854708479,medium,0.3920687932484332,0.588048693708568,,,unknown,no,large_under_prediction,selected model primary split test residual,unknown,unknown,unknown,large tau_eff underprediction; manual annotation missing; possible material-system outlier; possibly missing additive/structure feature,True
10.1039_c6ta09189j__sample_2788,unknown,n,PbTe0.66Se0.33,10.1039/c6ta09189j,-1.7260341828799597,-0.21709953067724655,1.5089346522027132,1.5089346522027132,0.177988883501336,0.8048498580668495,4.521910819564236,medium,0.3367869378251426,0.3657275431774336,0.9790629,0.6833864623373697,unknown,no,large_over_prediction,selected model primary split test residual,unknown,unknown,unknown,large tau_eff overprediction; manual annotation missing; possible material-system outlier; possibly missing additive/structure feature,True
10.1016_j.scriptamat.2015.07.025__sample_25842,unknown,n,Sr0.25Ba0.75Nb2O6,10.1016/j.scriptamat.2015.07.025,-1.57043199132916,-3.0790657221654456,-1.5086337308362856,1.5086337308362856,0.2079553280517064,0.046002215428416884,0.2212120067295357,low,0.5650823813513635,0.9317015724900972,,,unknown,no,large_under_prediction,selected model primary split test residual,unknown,unknown,unknown,large tau_eff underprediction; low target quality; manual annotation missing; possible material-system outlier; possibly missing additive/structure feature,True
10.1063_1.4821798__sample_14958,unknown,p,Cu0.005TiSe2,10.1063/1.4821798,-0.1095473261881212,-1.6165697974782307,-1.5070224712901095,1.5070224712901095,0.8962397477475049,0.19857869729930877,0.22156872399198008,medium,0.1051505275703006,0.1333921834168432,,,unknown,no,large_under_prediction,selected model primary split test residual,unknown,unknown,unknown,large tau_eff underprediction; manual annotation missing; possible material-system outlier; possibly missing additive/structure feature,True
10.1088_0022-3727_41_21_215105__sample_1013,unknown,n,Sr8Ga15.5In0.5Ge30,10.1088/0022-3727/41/21/215105,0.166511007644409,1.6674474464689863,1.5009364388245774,1.5009364388245774,1.1811765377701255,5.298625495590945,4.485887863632909,medium,0.1763326597468462,0.381748578779338,0.7049963,0.9661763107498922,unknown,no,large_over_prediction,selected model primary split test residual,unknown,unknown,unknown,large tau_eff overprediction; manual annotation missing; possible material-system outlier; possibly missing additive/structure feature,True
10.1016_j.jmat.2015.03.008__sample_14337,unknown,n,Yb0.33Co4Sb12,10.1016/j.jmat.2015.03.008,1.5970486332664702,0.0975198525723956,-1.4995287806940745,1.4995287806940745,4.938435759918072,1.1024333274835247,0.2232353281642797,medium,0.1139101989473166,0.1602051811458434,,,unknown,no,large_under_prediction,selected model primary split test residual,unknown,unknown,unknown,large tau_eff underprediction; manual annotation missing; possible material-system outlier; possibly missing additive/structure feature,True
10.1063_1.4916528__sample_7039,unknown,n,(HfCl4)0.025Bi2S3,10.1063/1.4916528,-1.0861130201272269,-2.5837927035161385,-1.4976796833889117,1.4976796833889117,0.337525903627055,0.07548715999238223,0.22364849388208977,medium,0.35799655073741,0.6256823704815927,,,unknown,no,large_under_prediction,selected model primary split test residual,unknown,unknown,unknown,large tau_eff underprediction; manual annotation missing; possible material-system outlier; possibly missing additive/structure feature,True
10.1016_j.jallcom.2011.06.116__sample_1625,unknown,p,Bi2Se0.12Te2.88,10.1016/j.jallcom.2011.06.116,0.6063757618031197,-0.8895639046882848,-1.4959396664914046,1.4959396664914046,1.833773309545987,0.41083487685560166,0.2240379848026678,low,0.1833639418081861,,0.7810145,0.7822933771577695,unknown,no,large_under_prediction,selected model primary split test residual,unknown,unknown,unknown,large tau_eff underprediction; low target quality; manual annotation missing; possible material-system outlier; possibly missing additive/structure feature,True
10.1021_acsami.7b06083__sample_2916,unknown,p,SnTe0.95Se0.05,10.1021/acsami.7b06083,1.5789245735832316,0.08633932267636181,-1.4925852509068698,1.4925852509068698,4.8497374699797415,1.0901761870523463,0.22479076317030006,medium,0.365192429030955,0.6764521293543818,0.3836498,0.1575241895870529,unknown,no,large_under_prediction,selected model primary split test residual,unknown,unknown,unknown,large tau_eff underprediction; manual annotation missing; possible material-system outlier; possibly missing additive/structure feature,True
10.1007_s11664-017-5607-5__sample_2546,unknown,n,Pb0.96Bi0.04Te,10.1007/s11664-017-5607-5,-1.6458455847305613,-0.15575742007312474,1.4900881646574367,1.4900881646574367,0.1928494233017091,0.855766757031591,4.4374867312554045,medium,0.3064031571542053,0.2961862697955684,0.6917688,0.8520882807464045,unknown,no,large_over_prediction,selected model primary split test residual,unknown,unknown,unknown,large tau_eff overprediction; manual annotation missing; possible material-system outlier; possibly missing additive/structure feature,True
10.1021_cm902001c__sample_27104,unknown,n,K0.95Pb20SbTe20,10.1021/cm902001c,0.1334172275193894,-1.3561849551486496,-1.489602182668039,1.489602182668039,1.142726675898805,0.2576418194999868,0.22546233052391126,medium,0.2500758610194788,0.4602934987843652,1.054631,,unknown,no,large_under_prediction,selected model primary split test residual,unknown,unknown,unknown,large tau_eff underprediction; manual annotation missing; possible material-system outlier; possibly missing additive/structure feature,True
10.2497_jjspm.60.60__sample_30700,unknown,n,(TiO2)0.95(TiN)0.05,10.2497/jjspm.60.60,-1.37941942609699,0.10995223533024437,1.4893716614272345,1.4893716614272345,0.2517246554097219,1.116224753078834,4.4343083964580305,medium,0.479494026794991,0.7445834959358099,0.1819509,0.1205847798985176,unknown,no,large_over_prediction,selected model primary split test residual,unknown,unknown,unknown,large tau_eff overprediction; manual annotation missing; possible material-system outlier; possibly missing additive/structure feature,True
10.1016_j.solidstatesciences.2010.05.005__sample_28115,unknown,n,La0.08Sr0.92TiO3,10.1016/j.solidstatesciences.2010.05.005,-2.4361298192452123,-0.9473536741194224,1.48877614512579,1.48877614512579,0.0874988333154467,0.3877658216108331,4.431668479657071,medium,0.637984885852605,0.6988778695341177,0.04320265,,unknown,no,large_over_prediction,selected model primary split test residual,unknown,unknown,unknown,large tau_eff overprediction; manual annotation missing; possible material-system outlier; possibly missing additive/structure feature,True
10.1088_0953-8984_25_7_075804__sample_9468,unknown,p,GeBiSb3Te7,10.1088/0953-8984/25/7/075804,0.085853726013214,1.573202613930629,1.487348887917415,1.487348887917415,1.0896469296468858,4.8220667088371245,4.425347860521919,medium,0.237927625277504,0.5046399871356475,,0.1105141251784964,unknown,no,large_over_prediction,selected model primary split test residual,unknown,unknown,unknown,large tau_eff overprediction; manual annotation missing; possible material-system outlier; possibly missing additive/structure feature,True
10.1016_j.jallcom.2016.06.172__sample_2649,unknown,p,Pb0.98Na0.02Te,10.1016/j.jallcom.2016.06.172,1.3716083940611632,-0.11533168333837636,-1.4869400773995396,1.4869400773995396,3.94168538312905,0.891070541634389,0.22606333459496597,medium,0.3435085610154368,0.6365310257586478,0.5896149,1.2681947891430048,unknown,no,large_under_prediction,selected model primary split test residual,unknown,unknown,unknown,large tau_eff underprediction; manual annotation missing; possible material-system outlier; possibly missing additive/structure feature,True
10.1007_s11664-009-0660-3__sample_8195,unknown,n,NdGd1.01S3,10.1007/s11664-009-0660-3,-0.3986331315687141,1.087273500946786,1.4859066325155001,1.4859066325155001,0.6712369118201212,2.966175762154819,4.418969979037294,medium,0.1761612520088093,0.2557180663139128,,,unknown,no,large_over_prediction,selected model primary split test residual,unknown,unknown,unknown,large tau_eff overprediction; manual annotation missing; possible material-system outlier; possibly missing additive/structure feature,True
10.1016_s1002-0721_10_60577-7__sample_4345,unknown,n,LaFe3CoSb12,10.1016/s1002-0721(10)60577-7,1.319441549036938,-0.1663750008569865,-1.4858165498939244,1.4858165498939244,3.741331443604631,0.8467286506764379,0.22631746570430739,medium,0.1255708568741812,0.2516888282062813,0.5037037,0.2364985769041954,unknown,no,large_under_prediction,selected model primary split test residual,unknown,unknown,unknown,large tau_eff underprediction; manual annotation missing; possible material-system outlier; possibly missing additive/structure feature,True
10.1039_c4ta00539b__sample_13130,unknown,p,Yb9Mn4.2Sb9,10.1039/c4ta00539b,-0.3447397319595304,1.1383589576805098,1.4830986896400402,1.4830986896400402,0.7084047045807286,3.1216414138982405,4.406579168253538,medium,0.1873483980296613,0.1337157037608936,,,unknown,no,large_over_prediction,selected model primary split test residual,unknown,unknown,unknown,large tau_eff overprediction; manual annotation missing; possible material-system outlier; possibly missing additive/structure feature,True
10.1016_j.jallcom.2013.10.104__sample_729,unknown,n,Ba8Ga16Ge30,10.1016/j.jallcom.2013.10.104,-1.1171848474598776,0.364189394426948,1.4813742418868254,1.4813742418868254,0.3271996161271132,1.439346792605777,4.39898680090935,medium,0.3436702112005017,0.674745721445152,,,unknown,no,large_over_prediction,selected model primary split test residual,unknown,unknown,unknown,large tau_eff overprediction; manual annotation missing; possible material-system outlier; possibly missing additive/structure feature,True
10.1063_1.4952994__sample_12148,unknown,n,NbCoSn0.99Sb0.01,10.1063/1.4952994,-0.5838240948136415,0.8969723070041313,1.4807964018177728,1.4807964018177728,0.5577613508053513,2.4521674501741995,4.396445624340081,medium,0.3342689455205213,0.2242525102664971,0.3435432,,unknown,no,large_over_prediction,selected model primary split test residual,unknown,unknown,unknown,large tau_eff overprediction; manual annotation missing; possible material-system outlier; possibly missing additive/structure feature,True
10.1063_1.4889822__sample_852,unknown,n,K8Ba16Ga40Sn96,10.1063/1.4889822,0.202167279108913,-1.2727922170846002,-1.4749594961935133,1.4749594961935133,1.224052749439596,0.28004857265647426,0.22878799364217592,medium,0.1103196160219396,0.140618935456274,0.9387271,,unknown,no,large_under_prediction,selected model primary split test residual,unknown,unknown,unknown,large tau_eff underprediction; manual annotation missing; possible material-system outlier; possibly missing additive/structure feature,True
10.1021_acs.chemmater.8b00254__sample_40617,unknown,p,Cu2.075Se,10.1021/acs.chemmater.8b00254,-0.7012419650312656,0.7733776850017701,1.4746196500330355,1.4746196500330355,0.495968945036297,2.1670735978736118,4.369373565748187,medium,0.1965149274273715,0.2116693700151709,0.8967334,1.1143894728923898,unknown,no,large_over_prediction,selected model primary split test residual,unknown,unknown,unknown,large tau_eff overprediction; manual annotation missing; possible material-system outlier; possibly missing additive/structure feature,True
10.1007_s11664-016-4865-y__sample_2343,unknown,n,Sr7.92Ga15.04Sn0.35Ge30.69,10.1007/s11664-016-4865-y,0.3172822518824202,-1.156985876363006,-1.4742681282454262,1.4742681282454262,1.3733901591819957,0.31443249242383475,0.2289462250196359,medium,0.1382791128344704,0.2986007679771528,0.9673715,1.4464339815761151,unknown,no,large_under_prediction,selected model primary split test residual,unknown,unknown,unknown,large tau_eff underprediction; manual annotation missing; possible material-system outlier; possibly missing additive/structure feature,True
10.1016_j.scriptamat.2020.04.036__sample_31010,unknown,n,Ti2NiCoSb2,10.1016/j.scriptamat.2020.04.036,0.5812820591376006,-0.8884099914737775,-1.469692050611378,1.469692050611378,1.7883297061017305,0.41130921827076666,0.2299963015026766,medium,0.0671092548773158,0.0505098618839197,,,unknown,no,large_under_prediction,selected model primary split test residual,unknown,unknown,unknown,large tau_eff underprediction; manual annotation missing; possible material-system outlier; possibly missing additive/structure feature,True
10.1063_1.5095247__sample_46403,unknown,p,Ca3GeO,10.1063/1.5095247,-9.353265780187671,-10.820295027489006,-1.467029247301335,1.467029247301335,8.66818724043029e-05,1.9989667808199745e-05,0.2306095525367015,medium,0.3132723998279551,0.4235285799787608,,,unknown,no,large_under_prediction,selected model primary split test residual,unknown,unknown,unknown,large tau_eff underprediction; manual annotation missing; possible material-system outlier; possibly missing additive/structure feature,True
10.1039_c8ta01463a__sample_45801,unknown,n,(Zn0.993Al0.007O)96.65(ZrO2)3.35,10.1039/c8ta01463a,-1.2578287810188244,0.20746641248055694,1.4652951934993814,1.4652951934993814,0.2842705705901004,1.2305563848094756,4.32882089150149,low,0.4645763206617083,0.9551927185565454,0.07586378,,unknown,no,large_over_prediction,selected model primary split test residual,unknown,unknown,unknown,large tau_eff overprediction; low target quality; manual annotation missing; possible material-system outlier; possibly missing additive/structure feature,True
10.1016_j.jssc.2011.09.031__sample_30453,unknown,p,Bi2SbTe3,10.1016/j.jssc.2011.09.031,2.25015374943619,0.7870965404263982,-1.4630572090097917,1.4630572090097917,9.4891946825396,2.1970082322269864,0.23152736409439958,medium,0.457005386282074,0.7705301887799877,,,unknown,no,large_under_prediction,selected model primary split test residual,unknown,unknown,unknown,large tau_eff underprediction; manual annotation missing; possible material-system outlier; possibly missing additive/structure feature,True
10.1038_srep44621__sample_41144,unknown,p,Ca2.99Tb0.01Co4O9,10.1038/srep44621,-0.1079226037607822,-1.5699952707509932,-1.462072666990211,1.462072666990211,0.8976970721191605,0.20804616625681904,0.23175542476226652,medium,0.2088595243884776,0.1573942588670231,,,unknown,no,large_under_prediction,selected model primary split test residual,unknown,unknown,unknown,large tau_eff underprediction; manual annotation missing; possible material-system outlier; possibly missing additive/structure feature,True
10.1039_c9ta14068a__sample_36255,unknown,p,Cu3.9Ge3Se5,10.1039/c9ta14068a,-1.6041749166765822,-0.14537312421963314,1.458801792456949,1.458801792456949,0.2010553739296842,0.8646995925501004,4.300803184959954,medium,0.2351954122433056,0.4411170050330705,,,unknown,no,large_over_prediction,selected model primary split test residual,unknown,unknown,unknown,large tau_eff overprediction; manual annotation missing; possible material-system outlier; possibly missing additive/structure feature,True
10.1016_j.jallcom.2016.06.172__sample_2653,unknown,p,Pb0.196Sr0.784Na0.02Te,10.1016/j.jallcom.2016.06.172,-1.3151901453369843,0.1423890514845759,1.4575791968215601,1.4575791968215601,0.2684232789516431,1.1530251474321291,4.295548254739294,medium,0.2580801523757677,0.2877226437951552,0.004942857,1.9237701005184649,unknown,no,large_over_prediction,selected model primary split test residual,unknown,unknown,unknown,large tau_eff overprediction; manual annotation missing; possible material-system outlier; possibly missing additive/structure feature,True
10.1155_2015_202415__sample_28954,unknown,n,Bi2(Se0.15Te0.85)3C0.6,10.1155/2015/202415,0.4276446581104847,-1.0214014227420922,-1.449046080852577,1.449046080852577,1.5336410172344244,0.36008994815953227,0.23479415594196434,medium,0.095356303977793,0.0404681506274648,,,unknown,no,large_under_prediction,selected model primary split test residual,unknown,unknown,unknown,large tau_eff underprediction; manual annotation missing; possible material-system outlier; possibly missing additive/structure feature,True
10.1016_j.jallcom.2004.07.074__sample_11235,unknown,n,TiCo0.975Ni0.025Sb,10.1016/j.jallcom.2004.07.074,-1.2464315464515074,0.20069090581327442,1.4471224522647819,1.4471224522647819,0.287529002247039,1.222246924012099,4.250864832626413,medium,0.3971195686829316,0.4179028368390787,,0.1024523012876542,unknown,no,large_over_prediction,selected model primary split test residual,unknown,unknown,unknown,large tau_eff overprediction; manual annotation missing; possible material-system outlier; possibly missing additive/structure feature,True
10.1002_pssa.201532642__sample_2494,unknown,n,CoSb3,10.1002/pssa.201532642,-0.043619841985177,-1.4901608395190917,-1.4465409975339147,1.4465409975339147,0.9573178203481086,0.2253364096248712,0.23538307219950458,medium,0.1604985006754542,0.302513763133112,,,unknown,no,large_under_prediction,selected model primary split test residual,unknown,unknown,unknown,large tau_eff underprediction; manual annotation missing; possible material-system outlier; possibly missing additive/structure feature,True
10.1007_s11664-009-0660-3__sample_8196,unknown,n,NdGd1.02S3,10.1007/s11664-009-0660-3,-0.3564589752193509,1.087273500946786,1.443732476166137,1.443732476166137,0.700151194429613,2.966175762154819,4.236478900205621,medium,0.1849224418496192,0.305031056514537,,,unknown,no,large_over_prediction,selected model primary split test residual,unknown,unknown,unknown,large tau_eff overprediction; manual annotation missing; possible material-system outlier; possibly missing additive/structure feature,True
10.1002_zaac.202000224__sample_39312,unknown,p,(Sn12Sb2Te15)81.11(NiTe2)18.89,10.1002/zaac.202000224,1.2826206728369276,-0.1585991780641989,-1.4412198509011265,1.4412198509011265,3.606077703126395,0.8533383271505607,0.23663891834907883,medium,0.1313594746297388,0.284238081411569,0.6961134,0.9171340757903192,unknown,no,large_under_prediction,selected model primary split test residual,unknown,unknown,unknown,large tau_eff underprediction; manual annotation missing; possible material-system outlier; possibly missing additive/structure feature,True
10.1063_1.4960573__sample_2579,unknown,n,Pb0.995Ti0.005Te,10.1063/1.4960573,1.6479541725482691,0.20717812142493713,-1.440776051123332,1.440776051123332,5.196338134154312,1.230201677542222,0.23674396195590025,low,0.5060697446284392,0.8335194945472781,,,unknown,no,large_under_prediction,selected model primary split test residual,unknown,unknown,unknown,large tau_eff underprediction; low target quality; manual annotation missing; possible material-system outlier; possibly missing additive/structure feature,True
10.1039_c8tc05148h__sample_41686,unknown,n,ZnOC0.065,10.1039/c8tc05148h,-2.303200595438165,-3.7425650049474477,-1.4393644095092828,1.4393644095092828,0.0999384686938653,0.02369325181457825,0.23707839557914553,medium,0.1654500814705748,0.3291995368412138,0.00361186,0.0081449487870726,unknown,no,large_under_prediction,selected model primary split test residual,unknown,unknown,unknown,large tau_eff underprediction; manual annotation missing; possible material-system outlier; possibly missing additive/structure feature,True
10.1016_j.intermet.2014.06.014__sample_13140,unknown,p,Cu2Cd0.3Zn0.7SnSe4,10.1016/j.intermet.2014.06.014,-3.008957194152995,-1.5696940109599482,1.439263183193047,1.439263183193047,0.0493431072215717,0.2081088516432124,4.217587082806003,low,0.1548382070463562,,0.1170246,0.1259311137570939,unknown,no,large_over_prediction,selected model primary split test residual,unknown,unknown,unknown,large tau_eff overprediction; low target quality; manual annotation missing; possible material-system outlier; possibly missing additive/structure feature,True
10.1016_j.jmat.2015.03.008__sample_14336,unknown,n,Yb0.30Co4Sb12,10.1016/j.jmat.2015.03.008,1.536671652862709,0.0975198525723956,-1.4391518002903134,1.4391518002903134,4.649090703591977,1.1024333274835247,0.23712880599033345,medium,0.1221356954172059,0.1788225619487586,,,unknown,no,large_under_prediction,selected model primary split test residual,unknown,unknown,unknown,large tau_eff underprediction; manual annotation missing; possible material-system outlier; possibly missing additive/structure feature,True
10.1016_j.intermet.2015.02.004__sample_22794,unknown,p,Ti50Ni50,10.1016/j.intermet.2015.02.004,3.8936324509318014,2.457232273912078,-1.4364001770197232,1.4364001770197232,49.08887599235612,11.672460617624827,0.2377821936571211,medium,0.4008063806073103,0.5856100297280045,,,unknown,no,large_under_prediction,selected model primary split test residual,unknown,unknown,unknown,large tau_eff underprediction; manual annotation missing; possible material-system outlier; possibly missing additive/structure feature,True
10.1007_s10854-016-5113-1__sample_2427,unknown,p,Dy8Al16Si30,10.1007/s10854-016-5113-1,2.4477963655911745,1.0163074756860844,-1.4314888899050902,1.4314888899050902,11.562838355527878,2.762973557511427,0.23895288272282422,medium,0.1603975592677179,0.3004194115312835,,,unknown,no,large_under_prediction,selected model primary split test residual,unknown,unknown,unknown,large tau_eff underprediction; manual annotation missing; possible material-system outlier; possibly missing additive/structure feature,True
10.1007_s11664-011-1890-8__sample_4066,unknown,p,CeFe3.9Co0.1Sb12,10.1007/s11664-011-1890-8,1.395091496815288,-0.03558528586191312,-1.4306767826772013,1.4306767826772013,4.035343776845615,0.965040426415656,0.23914701690422466,medium,0.0870081285600472,0.0695744702610875,0.8136318,0.6052933857515416,unknown,no,large_under_prediction,selected model primary split test residual,unknown,unknown,unknown,large tau_eff underprediction; manual annotation missing; possible material-system outlier; possibly missing additive/structure feature,True
10.1063_1.3548867__sample_12174,unknown,n,(Zr0.5Hf0.5)0.98Nb0.02NiSn,10.1063/1.3548867,1.060753583456943,-0.3694824611627197,-1.4302360446196627,1.4302360446196627,2.888546930469744,0.6910919050010312,0.23925244132649207,medium,0.0678853528839325,0.1205078847144945,,,unknown,no,large_under_prediction,selected model primary split test residual,unknown,unknown,unknown,large tau_eff underprediction; manual annotation missing; possible material-system outlier; possibly missing additive/structure feature,True
10.1016_j.nanoen.2015.05.032__sample_6381,unknown,p,Bi0.5Sb1.5Te3,10.1016/j.nanoen.2015.05.032,1.0126898010963328,-0.4173742750322476,-1.4300640761285803,1.4300640761285803,2.752996076801225,0.6587743110207169,0.23929358874574325,low,0.195508665940602,,,,unknown,no,large_under_prediction,selected model primary split test residual,unknown,unknown,unknown,large tau_eff underprediction; low target quality; manual annotation missing; possible material-system outlier; possibly missing additive/structure feature,True
10.1016_j.matlet.2011.08.031__sample_9223,unknown,n,Mg2Si0.58Sn0.415Bi0.005,10.1016/j.matlet.2011.08.031,-1.1863112774478812,0.2416764472161835,1.4279877246640647,1.4279877246640647,0.3053455241713157,1.2733821198263762,4.170298953234168,medium,0.0814124771770508,0.0805203830194686,0.5464286,,unknown,no,large_over_prediction,selected model primary split test residual,unknown,unknown,unknown,large tau_eff overprediction; manual annotation missing; possible material-system outlier; possibly missing additive/structure feature,True
10.1016_j.actamat.2016.10.077__sample_31127,unknown,n,Mg1.97Y0.03Sn0.75Ge0.25,10.1016/j.actamat.2016.10.077,-1.4097495749286455,0.016772127015504002,1.4265217019441494,1.4265217019441494,0.2442044304086248,1.016913568791164,4.164189679481133,low,0.4096689505677487,0.8345896207163546,,,unknown,no,large_over_prediction,selected model primary split test residual,unknown,unknown,unknown,large tau_eff overprediction; low target quality; manual annotation missing; possible material-system outlier; possibly missing additive/structure feature,True
10.1016_j.jallcom.2020.156872__sample_41848,unknown,p,Bi0.4Sb1.6Te3,10.1016/j.jallcom.2020.156872,-1.4257558204170966,6.011428478179339e-05,1.4258159347018784,1.4258159347018784,0.2403267506810343,1.0000601160916816,4.1612517676776575,medium,0.1130432817192182,0.1847022903086374,0.2930509,0.1757196761305979,unknown,no,large_over_prediction,selected model primary split test residual,unknown,unknown,unknown,large tau_eff overprediction; manual annotation missing; possible material-system outlier; possibly missing additive/structure feature,True
10.1063_1.4748152__sample_845,unknown,n,(TiO2)40.05(Ba8Ga16Ge30)59.95,10.1063/1.4748152,-1.0599116885439706,0.364189394426948,1.4241010829709184,1.4241010829709184,0.3464864076981467,1.439346792605777,4.154121952915719,low,0.4039357057791489,0.8498742548707773,,,unknown,no,large_over_prediction,selected model primary split test residual,unknown,unknown,unknown,large tau_eff overprediction; low target quality; manual annotation missing; possible material-system outlier; possibly missing additive/structure feature,True
10.1016_j.intermet.2010.01.008__sample_16528,unknown,p,Zn3.98Fe0.02Sb3,10.1016/j.intermet.2010.01.008,-0.5963796091411813,0.8271428486854047,1.423522457826586,1.423522457826586,0.5508021497691352,2.286775733242259,4.151718968781703,medium,0.1870317005963958,0.107122427311506,,,unknown,no,large_over_prediction,selected model primary split test residual,unknown,unknown,unknown,large tau_eff overprediction; manual annotation missing; possible material-system outlier; possibly missing additive/structure feature,True
10.1039_c4ta00539b__sample_13128,unknown,p,Yb9Mn2.2Zn2Sb9,10.1039/c4ta00539b,1.2751911664860889,-0.1446310989363013,-1.4198222654223902,1.4198222654223902,3.579385603270228,0.865341459621606,0.24175698165378037,medium,0.188166880008843,0.0877364815786612,,,unknown,no,large_under_prediction,selected model primary split test residual,unknown,unknown,unknown,large tau_eff underprediction; manual annotation missing; possible material-system outlier; possibly missing additive/structure feature,True
10.1016_j.physleta.2005.08.039__sample_7558,unknown,n,Nd0.025TiS2,10.1016/j.physleta.2005.08.039,-1.9120503921364431,-0.49340426031398027,1.4186461318224628,1.4186461318224628,0.1477770747955533,0.61054440029866,4.131523114416335,medium,0.1434174449976445,0.2513903170668484,,,unknown,no,large_over_prediction,selected model primary split test residual,unknown,unknown,unknown,large tau_eff overprediction; manual annotation missing; possible material-system outlier; possibly missing additive/structure feature,True
10.1103_physrevb.81.125205__sample_15092,unknown,n,La2.72Te4,10.1103/physrevb.81.125205,-1.891591349560652,-0.4756202121500216,1.4159711374106303,1.4159711374106303,0.1508315919649522,0.6214994753804802,4.120486081754638,medium,0.3421644270800003,0.4067881433837061,,,unknown,no,large_over_prediction,selected model primary split test residual,unknown,unknown,unknown,large tau_eff overprediction; manual annotation missing; possible material-system outlier; possibly missing additive/structure feature,True
10.1039_c8ee03162b__sample_39799,unknown,p,Sn0.7Ge0.3Te,10.1039/c8ee03162b,2.224437092992143,0.8085030504265678,-1.415934042565575,1.415934042565575,9.248275419363615,2.2445454991397478,0.24269881652099387,medium,0.1472027062486211,0.3272809677947874,0.4439359,0.0800392610200935,unknown,no,large_under_prediction,selected model primary split test residual,unknown,unknown,unknown,large tau_eff underprediction; manual annotation missing; possible material-system outlier; possibly missing additive/structure feature,True
10.1016_j.jallcom.2017.06.296__sample_2764,unknown,n,Pb0.97Sn0.03Te0.997I0.003,10.1016/j.jallcom.2017.06.296,0.8679558910060732,-0.5471132902353113,-1.4150691812413845,1.4150691812413845,2.382036730896998,0.5786177032349166,0.24290880813455293,low,0.5753416361939677,0.9909507898977596,0.4695652,0.584569124563068,unknown,no,large_under_prediction,selected model primary split test residual,unknown,unknown,unknown,large tau_eff underprediction; low target quality; manual annotation missing; possible material-system outlier; possibly missing additive/structure feature,True
10.1021_acsami.5b09327__sample_4840,unknown,n,Co0.9Ni0.07Fe0.03Sb3,10.1021/acsami.5b09327,-1.4534226057337918,-0.0391381242491149,1.414284481484677,1.414284481484677,0.2337688188198396,0.961617877225696,4.113542097189589,medium,0.234031510397788,0.4744648695630477,0.1024096,0.1136817216298412,unknown,no,large_over_prediction,selected model primary split test residual,unknown,unknown,unknown,large tau_eff overprediction; manual annotation missing; possible material-system outlier; possibly missing additive/structure feature,True
10.1039_c5ta06107e__sample_1748,unknown,n,Bi2Te2.5Se0.5,10.1039/c5ta06107e,0.8209647439363877,-0.5900718409578668,-1.4110365848942545,1.4110365848942545,2.2726913454352395,0.5542874627618415,0.2438903390357615,low,0.1874593758065166,,,,unknown,no,large_under_prediction,selected model primary split test residual,unknown,unknown,unknown,large tau_eff underprediction; low target quality; manual annotation missing; possible material-system outlier; possibly missing additive/structure feature,True
10.1007_s11664-016-5013-4__sample_2325,unknown,n,Ba7.7Yb0.3Ni0.1Zn0.54Ga13.8Ge31.56,10.1007/s11664-016-5013-4,-1.6410790958608314,-0.2308793097989239,1.4101997860619075,1.4101997860619075,0.1937708321293827,0.7938352683920872,4.096773800620495,medium,0.2317884027778511,0.4100454507690254,,,unknown,no,large_over_prediction,selected model primary split test residual,unknown,unknown,unknown,large tau_eff overprediction; manual annotation missing; possible material-system outlier; possibly missing additive/structure feature,True
10.1016_j.pnsc.2016.11.003__sample_14227,unknown,n,Mg2Si0.75Bi0.25,10.1016/j.pnsc.2016.11.003,1.8250310721948548,0.41765040218290056,-1.4073806700119542,1.4073806700119542,6.202987756554716,1.5183897558595107,0.2447836132281615,medium,0.3088512021567225,0.4563051590563607,0.4825106,,unknown,no,large_under_prediction,selected model primary split test residual,unknown,unknown,unknown,large tau_eff underprediction; manual annotation missing; possible material-system outlier; possibly missing additive/structure feature,True
10.3724_sp.j.1077.2010.00583__sample_5683,unknown,p,Ag2Te,10.3724/sp.j.1077.2010.00583,0.5745875785008623,-0.8314905631099536,-1.406078141610816,1.406078141610816,1.776397751194582,0.43539981150307483,0.24510265857422955,medium,0.1368483621970885,0.2049653192525089,0.6892413,0.8202753239253474,unknown,no,large_under_prediction,selected model primary split test residual,unknown,unknown,unknown,large tau_eff underprediction; manual annotation missing; possible material-system outlier; possibly missing additive/structure feature,True
10.1021_acsaem.1c02589__sample_46138,unknown,n,Pb0.98Sb0.02Te,10.1021/acsaem.1c02589,1.0189071936278316,-0.3852943551810305,-1.404201548808862,1.404201548808862,2.770165854362264,0.6802503715103064,0.24556304830596895,low,0.4958078490488278,0.9476107587857674,1.051197,2.261212022996633,unknown,no,large_under_prediction,selected model primary split test residual,unknown,unknown,unknown,large tau_eff underprediction; low target quality; manual annotation missing; possible material-system outlier; possibly missing additive/structure feature,True
10.1016_j.ceramint.2020.02.206__sample_32984,unknown,p,Ca3Co4O9,10.1016/j.ceramint.2020.02.206,-3.127290545685993,-1.7272497376022231,1.40004080808377,1.40004080808377,0.0438364092414362,0.17777265971603107,4.055365455161235,medium,0.4070284068943027,0.5611310702886562,0.06163925,,unknown,no,large_over_prediction,selected model primary split test residual,unknown,unknown,unknown,large tau_eff overprediction; manual annotation missing; possible material-system outlier; possibly missing additive/structure feature,True
10.1002_andp.201900551__sample_35495,unknown,n,(Ag0.02Sn0.98S)1.2(TiS2)2,10.1002/andp.201900551,-0.5404230048521851,-1.938432128607919,-1.3980091237557337,1.3980091237557337,0.5825017991647596,0.1439294358098468,0.24708839700791482,low,0.7797833327166726,0.8018672743074686,,,unknown,no,large_under_prediction,selected model primary split test residual,unknown,unknown,unknown,large tau_eff underprediction; low target quality; manual annotation missing; possible material-system outlier; possibly missing additive/structure feature,True
10.1007_s11664-011-1715-9__sample_344,unknown,n,Pb1Te1,10.1007/s11664-011-1715-9,-0.8703976008324943,0.5275460440365598,1.397943644869054,1.397943644869054,0.4187850068737706,1.6947683147667032,4.0468696036139065,low,0.3064337733040128,,,,unknown,no,large_over_prediction,selected model primary split test residual,unknown,unknown,unknown,large tau_eff overprediction; low target quality; manual annotation missing; possible material-system outlier; possibly missing additive/structure feature,True
10.1039_c8tc05148h__sample_41687,unknown,n,ZnOC0.065,10.1039/c8tc05148h,-2.344624682909481,-3.7425650049474477,-1.3979403220379667,1.3979403220379667,0.0958831819750395,0.02369325181457825,0.2471053976989012,medium,0.1437592414505314,0.2841548138323841,0.009133279,0.0076813989313954,unknown,no,large_under_prediction,selected model primary split test residual,unknown,unknown,unknown,large tau_eff underprediction; manual annotation missing; possible material-system outlier; possibly missing additive/structure feature,True
10.1007_s11664-016-4824-7__sample_6473,unknown,p,Yb1Zn2Sb2,10.1007/s11664-016-4824-7,1.269703890473713,-0.12784411830455902,-1.3975480087782721,1.3975480087782721,3.559798316083989,0.8799905428715038,0.24720235944140537,medium,0.0994732159186671,0.2072859263999174,0.3238346,,unknown,no,large_under_prediction,selected model primary split test residual,unknown,unknown,unknown,large tau_eff underprediction; manual annotation missing; possible material-system outlier; possibly missing additive/structure feature,True
10.1063_1.4928168__sample_13017,unknown,n,Zr2HfNi2.7Cu0.3Sb4,10.1063/1.4928168,0.4020719602851759,-0.995019342745829,-1.3970913030310048,1.3970913030310048,1.494918903596197,0.3697162931466082,0.24731528396437674,medium,0.202760091641662,0.2954038492379365,,,unknown,no,large_under_prediction,selected model primary split test residual,unknown,unknown,unknown,large tau_eff underprediction; manual annotation missing; possible material-system outlier; possibly missing additive/structure feature,True
10.1021_acsaem.9b02168__sample_34397,unknown,p,Fe2Yb14MgSb11,10.1021/acsaem.9b02168,0.1868335669110836,1.5834065870076826,1.396573020096599,1.396573020096599,1.2054266454737874,4.871522843123187,4.041326663397636,medium,0.1708947501926858,0.1334956835083343,,,unknown,no,large_over_prediction,selected model primary split test residual,unknown,unknown,unknown,large tau_eff overprediction; manual annotation missing; possible material-system outlier; possibly missing additive/structure feature,True
10.1016_j.jallcom.2016.02.123__sample_7262,unknown,p,(Bi0.2Sb0.8)2Te3(PbTe)0.3,10.1016/j.jallcom.2016.02.123,1.9545803119321927,0.5585672879411729,-1.3960130239910198,1.3960130239910198,7.060955003200531,1.7481660866071635,0.2475821026780045,medium,0.1524663528101888,0.2804894168190522,,,unknown,no,large_under_prediction,selected model primary split test residual,unknown,unknown,unknown,large tau_eff underprediction; manual annotation missing; possible material-system outlier; possibly missing additive/structure feature,True
10.1039_c8ta08238c__sample_40607,unknown,p,(Bi0.5Sb1.5Te3)97.73(Sb2O3)2.27,10.1039/c8ta08238c,0.3727706757774829,-1.0225893462188107,-1.3953600219962936,1.3953600219962936,1.4517513798998618,0.3596624428284661,0.2477438270823443,medium,0.0966443763886252,0.1187651705805704,1.206727,1.152604094571554,unknown,no,large_under_prediction,selected model primary split test residual,unknown,unknown,unknown,large tau_eff underprediction; manual annotation missing; possible material-system outlier; possibly missing additive/structure feature,True
10.1007_s11664-016-4865-y__sample_2341,unknown,n,Sr7.89Ga15.10Sn0.46Ge30.42,10.1007/s11664-016-4865-y,0.2377874208432744,-1.156985876363006,-1.3947732972062805,1.3947732972062805,1.2684395203589582,0.31443249242383475,0.24788922717801545,medium,0.1338418687179083,0.2876225622355847,0.8899944,1.2798349104160218,unknown,no,large_under_prediction,selected model primary split test residual,unknown,unknown,unknown,large tau_eff underprediction; manual annotation missing; possible material-system outlier; possibly missing additive/structure feature,True
10.1007_s11664-018-6831-3__sample_40270,unknown,n,Sr0.98Ti0.8Nb0.2O3,10.1007/s11664-018-6831-3,-0.6407082687637715,-2.0349645206292166,-1.394256251865445,1.394256251865445,0.5269190915152162,0.1306851190475683,0.24801743028852546,medium,0.4710337346218829,0.3609616817590885,0.004545856,0.1322848087313793,unknown,no,large_under_prediction,selected model primary split test residual,unknown,unknown,unknown,large tau_eff underprediction; manual annotation missing; possible material-system outlier; possibly missing additive/structure feature,True
10.1016_j.jallcom.2016.06.172__sample_2652,unknown,p,Pb0.392Sr0.588Na0.02Te,10.1016/j.jallcom.2016.06.172,-1.2516144067238897,0.1423890514845759,1.3940034582084655,1.3940034582084655,0.2860426347489004,1.1530251474321291,4.03095555473505,medium,0.2904605264500778,0.3621085421220378,0.04774551,1.1013739084079792,unknown,no,large_over_prediction,selected model primary split test residual,unknown,unknown,unknown,large tau_eff overprediction; manual annotation missing; possible material-system outlier; possibly missing additive/structure feature,True
10.1016_j.intermet.2015.02.004__sample_22796,unknown,p,Ti49.6Ni50.4,10.1016/j.intermet.2015.02.004,3.8497642595142727,2.457232273912078,-1.3925319856021945,1.3925319856021945,46.98198636971095,11.672460617624827,0.24844544727785292,medium,0.3353425121049235,0.4867451366957009,,,unknown,no,large_under_prediction,selected model primary split test residual,unknown,unknown,unknown,large tau_eff underprediction; manual annotation missing; possible material-system outlier; possibly missing additive/structure feature,True
10.1039_c8ee03162b__sample_39797,unknown,p,Sn0.9Ge0.1Te,10.1039/c8ee03162b,2.2003247745257,0.8085030504265678,-1.3918217240991324,1.3918217240991324,9.027945069936772,2.2445454991397478,0.24862197119631652,medium,0.2236478822772434,0.4663884273094443,,0.2130057708185404,unknown,no,large_under_prediction,selected model primary split test residual,unknown,unknown,unknown,large tau_eff underprediction; manual annotation missing; possible material-system outlier; possibly missing additive/structure feature,True
10.1016_j.actamat.2015.11.022__sample_12078,unknown,n,HfNiSn,10.1016/j.actamat.2015.11.022,-0.2693637987787247,1.1221816246097616,1.3915454233884863,1.3915454233884863,0.7638653118259005,3.071547863520313,4.02105949303845,medium,0.3330408046960176,0.5908879373953068,,,unknown,no,large_over_prediction,selected model primary split test residual,unknown,unknown,unknown,large tau_eff overprediction; manual annotation missing; possible material-system outlier; possibly missing additive/structure feature,True
10.1016_j.jallcom.2016.02.123__sample_7265,unknown,p,(Bi0.2Sb0.8)2Te3(PbTe)0.04,10.1016/j.jallcom.2016.02.123,1.9490231305182373,0.5585672879411729,-1.3904558425770643,1.3904558425770643,7.021824822750064,1.7481660866071635,0.24896179137697466,medium,0.1609576449377218,0.3042509564940359,0.3513901,0.5170943399150285,unknown,no,large_under_prediction,selected model primary split test residual,unknown,unknown,unknown,large tau_eff underprediction; manual annotation missing; possible material-system outlier; possibly missing additive/structure feature,True
10.1063_1.1427141__sample_5830,unknown,p,CeFe4P12,10.1063/1.1427141,-2.844425437294429,-1.4539948656048451,1.3904305716895837,1.3904305716895837,0.0581676781189529,0.23363508057589039,4.016579105978868,medium,0.2834795750479619,0.3884726325885244,,,unknown,no,large_over_prediction,selected model primary split test residual,unknown,unknown,unknown,large tau_eff overprediction; manual annotation missing; possible material-system outlier; possibly missing additive/structure feature,True
10.1016_j.actamat.2015.09.033__sample_13337,unknown,p,MgAg0.97Sb0.9925,10.1016/j.actamat.2015.09.033,0.1341888301248598,-1.2550179702166548,-1.3892068003415146,1.3892068003415146,1.1436087470397012,0.28507072539572725,0.24927294945377926,medium,0.3410062027988994,0.6379704486361998,,,unknown,no,large_under_prediction,selected model primary split test residual,unknown,unknown,unknown,large tau_eff underprediction; manual annotation missing; possible material-system outlier; possibly missing additive/structure feature,True
10.1016_j.intermet.2014.06.014__sample_13139,unknown,p,Cu2Cd0.5Zn0.5SnSe4,10.1016/j.intermet.2014.06.014,-2.955029751105604,-1.5696940109599482,1.3853357401456559,1.3853357401456559,0.0520771112012831,0.2081088516432124,3.996167353424261,low,0.1418306636179342,,0.1354296,0.1612125955226229,unknown,no,large_over_prediction,selected model primary split test residual,unknown,unknown,unknown,large tau_eff overprediction; low target quality; manual annotation missing; possible material-system outlier; possibly missing additive/structure feature,True
10.1063_1.3544479__sample_16816,unknown,p,(Zn0.99Bi0.01)4Sb3,10.1063/1.3544479,-0.6805605679025993,0.7026317792500046,1.383192347152604,1.383192347152604,0.5063330787246298,2.0190594400720263,3.987611169228182,medium,0.293996427059687,0.3100304157525547,,,unknown,no,large_over_prediction,selected model primary split test residual,unknown,unknown,unknown,large tau_eff overprediction; manual annotation missing; possible material-system outlier; possibly missing additive/structure feature,True
10.1039_c8ta01463a__sample_45798,unknown,n,(Zn0.993Al0.007O)96.65(ZrO2)3.35,10.1039/c8ta01463a,-1.1717427688038278,0.20746641248055694,1.3792091812843847,1.3792091812843847,0.3098265144987469,1.2305563848094756,3.9717594435077075,low,0.4174414690034328,0.8691988098897526,0.1080193,,unknown,no,large_over_prediction,selected model primary split test residual,unknown,unknown,unknown,large tau_eff overprediction; low target quality; manual annotation missing; possible material-system outlier; possibly missing additive/structure feature,True
10.1016_j.nanoen.2015.05.032__sample_6382,unknown,p,Bi0.5Sb1.5Te3,10.1016/j.nanoen.2015.05.032,0.9605268677081412,-0.4173742750322476,-1.3779011427403889,1.3779011427403889,2.6130728545119664,0.6587743110207169,0.2521071350472368,low,0.1970736507329719,,,,unknown,no,large_under_prediction,selected model primary split test residual,unknown,unknown,unknown,large tau_eff underprediction; low target quality; manual annotation missing; possible material-system outlier; possibly missing additive/structure feature,True
10.1016_j.jmat.2019.01.008__sample_41035,unknown,p,AgCuTe,10.1016/j.jmat.2019.01.008,0.345495233636074,-1.0315956593346471,-1.377090892970721,1.377090892970721,1.4126893577480126,0.35643775333117544,0.2523114875724538,low,0.1245722853203385,,1.340882,1.58159151644849,unknown,no,large_under_prediction,selected model primary split test residual,unknown,unknown,unknown,large tau_eff underprediction; low target quality; manual annotation missing; possible material-system outlier; possibly missing additive/structure feature,True
10.1039_c3ta00844d__sample_13122,unknown,p,Ca5Ga1.7Zn0.3Sb6,10.1039/c3ta00844d,0.4508856660061245,-0.9246156276228952,-1.3755012936290196,1.3755012936290196,1.5697018015568691,0.39668386409509,0.2527128806895992,medium,0.1297073167934903,0.1695675770531344,,,unknown,no,large_under_prediction,selected model primary split test residual,unknown,unknown,unknown,large tau_eff underprediction; manual annotation missing; possible material-system outlier; possibly missing additive/structure feature,True
10.1143_jjap.45.8740__sample_10972,unknown,n,Nb0.99Ti0.01CoSn,10.1143/jjap.45.8740,-0.6413321169634881,0.7294133057113165,1.3707454226748046,1.3707454226748046,0.5265904765021779,2.0738635267951535,3.938285288732479,medium,0.0702570011705325,0.0906889064633374,,,unknown,no,large_over_prediction,selected model primary split test residual,unknown,unknown,unknown,large tau_eff overprediction; manual annotation missing; possible material-system outlier; possibly missing additive/structure feature,True
10.1016_j.jallcom.2017.06.296__sample_2751,unknown,n,PbTe0.9982I0.0018,10.1016/j.jallcom.2017.06.296,-1.1654374167602757,0.201967999884602,1.3674054166448777,1.3674054166448777,0.3117862516686286,1.223808845460477,3.9251533347312586,medium,0.3078264693459752,0.0605307111434595,0.5375,0.5354093109500914,unknown,no,large_over_prediction,selected model primary split test residual,unknown,unknown,unknown,large tau_eff overprediction; manual annotation missing; possible material-system outlier; possibly missing additive/structure feature,True
10.1039_c8ta08238c__sample_40608,unknown,p,(Bi0.5Sb1.5Te3)95.52(Sb2O3)4.48,10.1039/c8ta08238c,0.34379338588245,-1.0225893462188107,-1.3663827321012607,1.3663827321012607,1.4102872201539678,0.3596624428284661,0.25502779695415523,medium,0.1113826623460145,0.1568622265549723,1.361749,1.3008678050825038,unknown,no,large_under_prediction,selected model primary split test residual,unknown,unknown,unknown,large tau_eff underprediction; manual annotation missing; possible material-system outlier; possibly missing additive/structure feature,True
10.1039_c9ta14068a__sample_36256,unknown,p,Cu3.8Ge3Se5,10.1039/c9ta14068a,-1.5081654459575418,-0.14537312421963314,1.3627923217379085,1.3627923217379085,0.2213156212259411,0.8646995925501004,3.9070879306225237,medium,0.2399625792592134,0.4410260327788941,,,unknown,no,large_over_prediction,selected model primary split test residual,unknown,unknown,unknown,large tau_eff overprediction; manual annotation missing; possible material-system outlier; possibly missing additive/structure feature,True
10.1039_c8ta08238c__sample_40609,unknown,p,(Bi0.5Sb1.5Te3)91.26(Sb2O3)8.74,10.1039/c8ta08238c,0.3397927291437439,-1.0225893462188107,-1.3623820753625546,1.3623820753625546,1.4046564160505406,0.3596624428284661,0.2560501192453352,medium,0.1179312666022673,0.1706886638224456,1.52305,1.4480869948882271,unknown,no,large_under_prediction,selected model primary split test residual,unknown,unknown,unknown,large tau_eff underprediction; manual annotation missing; possible material-system outlier; possibly missing additive/structure feature,True
10.1007_s11664-011-1890-8__sample_4067,unknown,p,CeFe3.8Co0.2Sb12,10.1007/s11664-011-1890-8,1.324639950247111,-0.03558528586191312,-1.3602252361090241,1.3602252361090241,3.760831024920256,0.965040426415656,0.25660297418869504,medium,0.0846548879474789,0.068710436372997,0.8787468,0.8331338903846828,unknown,no,large_under_prediction,selected model primary split test residual,unknown,unknown,unknown,large tau_eff underprediction; manual annotation missing; possible material-system outlier; possibly missing additive/structure feature,True
10.1109_ict.2002.1190285__sample_29733,unknown,n,(TiB2)9.7(ZnO)90.3,10.1109/ict.2002.1190285,-0.8733610082753879,-2.2303896961313674,-1.3570286878559794,1.3570286878559794,0.417545813292031,0.10748653488629754,0.2574245303499705,medium,0.0551964842133657,0.0619438839191671,,,unknown,no,large_under_prediction,selected model primary split test residual,unknown,unknown,unknown,large tau_eff underprediction; manual annotation missing; possible material-system outlier; possibly missing additive/structure feature,True
10.1007_s11664-012-1985-x__sample_8522,unknown,p,Ag0.005Mg2Sn,10.1007/s11664-012-1985-x,0.4278780352490316,-0.9290376218767875,-1.3569156571258192,1.3569156571258192,1.5339989757546275,0.3949336030017528,0.25745362887708007,low,0.1956063095925869,,0.05403727,,unknown,no,large_under_prediction,selected model primary split test residual,unknown,unknown,unknown,large tau_eff underprediction; low target quality; manual annotation missing; possible material-system outlier; possibly missing additive/structure feature,True
10.1021_acs.chemmater.7b02685__sample_82469,unknown,n,(TiNiSn)0.9(MnNiSb)0.1,10.1021/acs.chemmater.7b02685,1.5275963311901917,0.1712150642632391,-1.3563812669269526,1.3563812669269526,4.607089585075148,1.1867459482216205,0.25759124634045144,medium,0.108301978074948,0.200303210647985,0.5615,0.2458787343672147,unknown,no,large_under_prediction,selected model primary split test residual,unknown,unknown,unknown,large tau_eff underprediction; manual annotation missing; possible material-system outlier; possibly missing additive/structure feature,True
10.1016_j.nanoen.2015.05.032__sample_6377,unknown,p,Bi0.5Sb1.5Te3,10.1016/j.nanoen.2015.05.032,0.9367709001222632,-0.4173742750322476,-1.3541451751545108,1.3541451751545108,2.5517283148633494,0.6587743110207169,0.2581678884791447,low,0.2418012803948112,,,,unknown,no,large_under_prediction,selected model primary split test residual,unknown,unknown,unknown,large tau_eff underprediction; low target quality; manual annotation missing; possible material-system outlier; possibly missing additive/structure feature,True
10.1103_physrevb.85.165127__sample_1195,unknown,n,Ba8Cu3.6Si42.4,10.1103/physrevb.85.165127,1.8541049184651188,0.5011135346989589,-1.35299138376616,1.35299138376616,6.385979719197971,1.6505582015973013,0.258465932272738,medium,0.0949909451447505,0.1023433007744678,,,unknown,no,large_under_prediction,selected model primary split test residual,unknown,unknown,unknown,large tau_eff underprediction; manual annotation missing; possible material-system outlier; possibly missing additive/structure feature,True
10.1007_s11664-016-4865-y__sample_2342,unknown,n,Sr7.86Ga15.09Sn0.48Ge30.49,10.1007/s11664-016-4865-y,0.1955884841841035,-1.156985876363006,-1.3525743605471097,1.3525743605471097,1.216026388264716,0.31443249242383475,0.25857374104564756,medium,0.1450626720543391,0.3013940294228752,0.7793969,1.3243964239884936,unknown,no,large_under_prediction,selected model primary split test residual,unknown,unknown,unknown,large tau_eff underprediction; manual annotation missing; possible material-system outlier; possibly missing additive/structure feature,True
10.1002_andp.201900551__sample_35496,unknown,n,(Ag0.04Sn0.96S)1.2(TiS2)2,10.1002/andp.201900551,-0.5863843350858643,-1.938432128607919,-1.3520477935220545,1.3520477935220545,0.5563351741891628,0.1439294358098468,0.25870993330525693,low,0.7843230520586356,0.805606910227402,,,unknown,no,large_under_prediction,selected model primary split test residual,unknown,unknown,unknown,large tau_eff underprediction; low target quality; manual annotation missing; possible material-system outlier; possibly missing additive/structure feature,True
10.1063_1.4938474__sample_19906,unknown,n,Fe0.85Co0.15Ga2.65Ge0.35,10.1063/1.4938474,0.4217794772984393,-0.9290368965982285,-1.3508163738966679,1.3508163738966679,1.5246722627615696,0.39493388943873114,0.2590287100280852,medium,0.1293079185288248,0.2255934404211408,,,unknown,no,large_under_prediction,selected model primary split test residual,unknown,unknown,unknown,large tau_eff underprediction; manual annotation missing; possible material-system outlier; possibly missing additive/structure feature,True
10.2320_matertrans.47.1445__sample_11930,unknown,n,Ti0.75(Zr0.75Hf0.25)0.25CoSb,10.2320/matertrans.47.1445,-1.5953373437443883,-0.24551682190621515,1.3498205218381731,1.3498205218381731,0.2028400901240491,0.7823001239045069,3.8567332691781124,medium,0.3901889382687574,0.7951279022531363,,,unknown,no,large_over_prediction,selected model primary split test residual,unknown,unknown,unknown,large tau_eff overprediction; manual annotation missing; possible material-system outlier; possibly missing additive/structure feature,True
10.1021_jacs.8b09029__sample_45133,unknown,n,PbTe,10.1021/jacs.8b09029,0.5904161846400235,-0.7589694067725851,-1.3493855914126085,1.3493855914126085,1.804739363922908,0.4681486493071102,0.25939958902958127,low,0.5171123245731882,0.95381301008376,1.006077,2.0996354631336165,unknown,no,large_under_prediction,selected model primary split test residual,unknown,unknown,unknown,large tau_eff underprediction; low target quality; manual annotation missing; possible material-system outlier; possibly missing additive/structure feature,True
10.1016_j.jallcom.2018.08.291__sample_41605,unknown,p,Cu2Se0.98I0.02,10.1016/j.jallcom.2018.08.291,0.2504662958341492,-1.09846968997272,-1.3489359858068692,1.3489359858068692,1.2846242920061666,0.3333808696210223,0.2595162427610562,medium,0.2074223579788852,0.4357671478740259,0.6961023,1.139015034301349,unknown,no,large_under_prediction,selected model primary split test residual,unknown,unknown,unknown,large tau_eff underprediction; manual annotation missing; possible material-system outlier; possibly missing additive/structure feature,True
10.1016_j.matlet.2011.08.031__sample_9224,unknown,n,Mg2Si0.58Sn0.4125Bi0.0075,10.1016/j.matlet.2011.08.031,-1.1056788991102255,0.2416764472161835,1.347355346326409,1.347355346326409,0.3309860997796703,1.2733821198263762,3.847237454001956,medium,0.0886815437041439,0.0951723967465124,0.5897959,,unknown,no,large_over_prediction,selected model primary split test residual,unknown,unknown,unknown,large tau_eff overprediction; manual annotation missing; possible material-system outlier; possibly missing additive/structure feature,True
10.1103_physrevb.80.125205__sample_1150,unknown,n,Ba15.44Ga29.23Ge55.33,10.1103/physrevb.80.125205,-0.9805071358408644,0.364189394426948,1.3446965302678122,1.3446965302678122,0.3751208133960632,1.439346792605777,3.837021943877249,medium,0.2717794228791451,0.5378257913772748,,,unknown,no,large_over_prediction,selected model primary split test residual,unknown,unknown,unknown,large tau_eff overprediction; manual annotation missing; possible material-system outlier; possibly missing additive/structure feature,True
10.1021_acsnano.1c03120__sample_44820,unknown,p,Cu2SnSe2.5S0.5,10.1021/acsnano.1c03120,-1.6169137318313438,-0.27413314887658524,1.3427805829547586,1.3427805829547586,0.198510411007185,0.7602308446387507,3.829677450072049,medium,0.2028670068742115,0.3979564338256339,,,unknown,no,large_over_prediction,selected model primary split test residual,unknown,unknown,unknown,large tau_eff overprediction; manual annotation missing; possible material-system outlier; possibly missing additive/structure feature,True
10.1016_s0925-8388_01_00926-4__sample_7905,unknown,n,La2Ca0.1S3,10.1016/s0925-8388(01)00926-4,0.1006956043139915,-1.2419223804130464,-1.3426179847270379,1.3426179847270379,1.105939947172929,0.2888284457605717,0.26116105716127946,medium,0.3234134659236481,0.564987056877443,,,unknown,no,large_under_prediction,selected model primary split test residual,unknown,unknown,unknown,large tau_eff underprediction; manual annotation missing; possible material-system outlier; possibly missing additive/structure feature,True
10.1063_1.3133145__sample_32535,unknown,n,Bi74Te26,10.1063/1.3133145,1.0188829952067715,-0.32317814034638565,-1.342061135553157,1.342061135553157,2.770098821533562,0.7238448969013289,0.26130652497826745,medium,0.0561418091794321,0.0190693048139865,,,unknown,no,large_under_prediction,selected model primary split test residual,unknown,unknown,unknown,large tau_eff underprediction; manual annotation missing; possible material-system outlier; possibly missing additive/structure feature,True
10.1016_j.intermet.2015.02.004__sample_22797,unknown,p,Ti49.6Ni50.4,10.1016/j.intermet.2015.02.004,3.7989001411295806,2.457232273912078,-1.3416678672175024,1.3416678672175024,44.65204652638548,11.672460617624827,0.261409308769922,medium,0.3193296056722174,0.4925297803304014,,,unknown,no,large_under_prediction,selected model primary split test residual,unknown,unknown,unknown,large tau_eff underprediction; manual annotation missing; possible material-system outlier; possibly missing additive/structure feature,True
10.3390_ma11050773__sample_12663,unknown,n,NbCo1.5Sb,10.3390/ma11050773,-0.4439607041581768,0.8969723070041313,1.3409330111623081,1.3409330111623081,0.6414906282463019,2.4521674501741995,3.822608378360726,medium,0.2689688781850669,0.4841592923629031,0.2827735,0.1907315628552563,unknown,no,large_over_prediction,selected model primary split test residual,unknown,unknown,unknown,large tau_eff overprediction; manual annotation missing; possible material-system outlier; possibly missing additive/structure feature,True
10.1016_j.jallcom.2010.06.182__sample_13173,unknown,p,Cu2SnSe3,10.1016/j.jallcom.2010.06.182,-0.8797587958014992,-2.220178092330272,-1.340419296528773,1.340419296528773,0.4148829711282396,0.10858976809794726,0.2617359006146877,medium,0.1952848197288938,0.4482839684664387,,,unknown,no,large_under_prediction,selected model primary split test residual,unknown,unknown,unknown,large tau_eff underprediction; manual annotation missing; possible material-system outlier; possibly missing additive/structure feature,True
10.1039_c8ta08238c__sample_40610,unknown,p,(Bi0.5Sb1.5Te3)87.21(Sb2O3)12.79,10.1039/c8ta08238c,0.3175699316985536,-1.0225893462188107,-1.3401592779173643,1.3401592779173643,1.3737853126465815,0.3596624428284661,0.26180396566882824,medium,0.1242090891284132,0.1787145665247468,1.497599,1.414720861992444,unknown,no,large_under_prediction,selected model primary split test residual,unknown,unknown,unknown,large tau_eff underprediction; manual annotation missing; possible material-system outlier; possibly missing additive/structure feature,True
10.1021_acsenergylett.8b00137__sample_43753,unknown,p,AgSn5Sb(Te0.998I0.002)7,10.1021/acsenergylett.8b00137,1.26923541928567,-0.07009399031928591,-1.339329409604956,1.339329409604956,3.5581310437026885,0.9323061880314535,0.2620213186587052,medium,0.0924137516610797,0.1679949226327723,0.9701195,0.5176187926323306,unknown,no,large_under_prediction,selected model primary split test residual,unknown,unknown,unknown,large tau_eff underprediction; manual annotation missing; possible material-system outlier; possibly missing additive/structure feature,True
10.1039_c3cp53749h__sample_21243,unknown,n,Si,10.1039/c3cp53749h,0.4350270264937496,-0.903463489403521,-1.3384905158972704,1.3384905158972704,1.5450048144500443,0.405163945775223,0.2622412189177832,medium,0.1425600983077174,0.2150345993799626,0.4474648,0.2650671862156826,unknown,no,large_under_prediction,selected model primary split test residual,unknown,unknown,unknown,large tau_eff underprediction; manual annotation missing; possible material-system outlier; possibly missing additive/structure feature,True
10.1016_j.mtphys.2021.100497__sample_45597,unknown,p,Ge0.745Al0.015Pb0.1Sb0.1Te,10.1016/j.mtphys.2021.100497,-0.249934734957164,1.088394287488118,1.338329022445282,1.338329022445282,0.7788516131965698,2.969502075723809,3.8126672981215917,medium,0.4762634301227748,0.5734977061756228,2.156121,1.6525942245025231,unknown,no,large_over_prediction,selected model primary split test residual,unknown,unknown,unknown,large tau_eff overprediction; manual annotation missing; possible material-system outlier; possibly missing additive/structure feature,True
10.1016_j.actamat.2020.05.039__sample_38559,unknown,p,Cu26V2Sn6S32,10.1016/j.actamat.2020.05.039,0.9137466408158976,-0.424057654589587,-1.3378042954054847,1.3378042954054847,2.49364785599687,0.6543861524561797,0.26242123597462796,medium,0.1455659887904789,0.2943893748266503,,,unknown,no,large_under_prediction,selected model primary split test residual,unknown,unknown,unknown,large tau_eff underprediction; manual annotation missing; possible material-system outlier; possibly missing additive/structure feature,True
10.1063_1.1687997__sample_10377,unknown,p,CoSb3C0.8,10.1063/1.1687997,-0.8318441156272297,0.5031978316363683,1.3350419472635981,1.3350419472635981,0.4352459020128434,1.6540020427489344,3.8001553491941378,medium,0.3978516568764587,0.4141857601722405,,,unknown,no,large_over_prediction,selected model primary split test residual,unknown,unknown,unknown,large tau_eff overprediction; manual annotation missing; possible material-system outlier; possibly missing additive/structure feature,True
10.1039_c1jm10827a__sample_8692,unknown,p,Mg2Si0.993Bi0.007,10.1039/c1jm10827a,1.9514797973874085,0.6193814348840379,-1.3320983625033707,1.3320983625033707,7.039096313616508,1.8577785293673845,0.26392287398791187,medium,0.197776377860879,0.3757428528845651,,,unknown,no,large_under_prediction,selected model primary split test residual,unknown,unknown,unknown,large tau_eff underprediction; manual annotation missing; possible material-system outlier; possibly missing additive/structure feature,True
10.1016_j.mseb.2003.10.014__sample_15595,unknown,p,Pb0.74Sn0.24Cd0.02Te,10.1016/j.mseb.2003.10.014,-1.0804454395666128,0.25148534460219674,1.3319307841688095,1.3319307841688095,0.3394442900468325,1.2859340540506936,3.7883508185489747,medium,0.3812665772043727,0.2085669637896828,,0.5274750936262469,unknown,no,large_over_prediction,selected model primary split test residual,unknown,unknown,unknown,large tau_eff overprediction; manual annotation missing; possible material-system outlier; possibly missing additive/structure feature,True
10.1016_j.jallcom.2016.02.123__sample_7261,unknown,p,(Bi0.2Sb0.8)2Te3(PbTe)0.1,10.1016/j.jallcom.2016.02.123,1.8901745660323288,0.5585672879411729,-1.3316072780911559,1.3316072780911559,6.620524298833119,1.7481660866071635,0.2640525142268991,medium,0.1894095793717057,0.3451259288069384,,,unknown,no,large_under_prediction,selected model primary split test residual,unknown,unknown,unknown,large tau_eff underprediction; manual annotation missing; possible material-system outlier; possibly missing additive/structure feature,True
10.1007_s11664-012-2469-8__sample_354,unknown,n,Pb1Te1I0.00033,10.1007/s11664-012-2469-8,-1.1085644293205337,0.2228559663627524,1.3314203956832862,1.3314203956832862,0.3300324060073868,1.2496405704964137,3.786417781254015,low,0.1968255428501763,,0.3452712,,unknown,no,large_over_prediction,selected model primary split test residual,unknown,unknown,unknown,large tau_eff overprediction; low target quality; manual annotation missing; possible material-system outlier; possibly missing additive/structure feature,True
10.1016_j.jallcom.2015.09.082__sample_12543,unknown,n,V0.98Ti0.02CoSb,10.1016/j.jallcom.2015.09.082,1.1562188056342075,-0.17331718185534403,-1.3295359874895516,1.3295359874895516,3.177894293595592,0.8408708635619169,0.26460001053418397,medium,0.0874253006313153,0.1198072182463741,0.2803211,,unknown,no,large_under_prediction,selected model primary split test residual,unknown,unknown,unknown,large tau_eff underprediction; manual annotation missing; possible material-system outlier; possibly missing additive/structure feature,True
10.1016_j.jssc.2014.06.042__sample_4380,unknown,p,CaFe4Sb12,10.1016/j.jssc.2014.06.042,1.9410641442987755,0.6126110520287764,-1.328453092269999,1.328453092269999,6.966160027262786,1.8452431400389286,0.26488669981989776,low,0.1066568162946043,,,,unknown,no,large_under_prediction,selected model primary split test residual,unknown,unknown,unknown,large tau_eff underprediction; low target quality; manual annotation missing; possible material-system outlier; possibly missing additive/structure feature,True
10.1016_j.mssp.2020.105393__sample_38628,unknown,n,Pb0.96Bi0.04S,10.1016/j.mssp.2020.105393,-0.4155901788847849,-1.742027459452399,-1.3264372805676141,1.3264372805676141,0.6599506767938473,0.17516490062436355,0.26542120007413955,medium,0.2155184831940517,0.4596583378108729,,1.2363852216347384,unknown,no,large_under_prediction,selected model primary split test residual,unknown,unknown,unknown,large tau_eff underprediction; manual annotation missing; possible material-system outlier; possibly missing additive/structure feature,True
10.1063_1.4960573__sample_2581,unknown,n,Pb0.99Ti0.01Te,10.1063/1.4960573,1.5331316809708655,0.20717812142493713,-1.3259535595459284,1.3259535595459284,4.6326621486460615,1.230201677542222,0.26554962094565,low,0.4229194230106114,0.8017475193873863,,,unknown,no,large_under_prediction,selected model primary split test residual,unknown,unknown,unknown,large tau_eff underprediction; low target quality; manual annotation missing; possible material-system outlier; possibly missing additive/structure feature,True
10.1007_s11664-011-1890-8__sample_4068,unknown,p,CeFe3.7Co0.3Sb12,10.1007/s11664-011-1890-8,1.2892056143844175,-0.03558528586191312,-1.3247909002463305,1.3247909002463305,3.629901868297246,0.965040426415656,0.26585854423341415,medium,0.0928483663603637,0.0652089772210193,0.6832121,0.9897704556943836,unknown,no,large_under_prediction,selected model primary split test residual,unknown,unknown,unknown,large tau_eff underprediction; manual annotation missing; possible material-system outlier; possibly missing additive/structure feature,True
10.1007_s11664-010-1474-z__sample_8212,unknown,n,Co0.3Ti0.7S2,10.1007/s11664-010-1474-z,-0.5939401555032283,0.7294133057113165,1.3233534612145448,1.3233534612145448,0.5521474463042978,2.0738635267951535,3.755995867908465,medium,0.2719354339088456,0.4406665360235573,,,unknown,no,large_over_prediction,selected model primary split test residual,unknown,unknown,unknown,large tau_eff overprediction; manual annotation missing; possible material-system outlier; possibly missing additive/structure feature,True
10.1021_acsaem.9b01656__sample_35418,unknown,n,Pb0.99Sb0.01Se0.92Te0.04S0.04,10.1021/acsaem.9b01656,0.8099644014981315,-0.5107980580191194,-1.320762459517251,1.320762459517251,2.247827965944125,0.600016539676086,0.2669316997415632,medium,0.3885520925808184,0.7535785908197484,0.2593019,0.0392515228227494,unknown,no,large_under_prediction,selected model primary split test residual,unknown,unknown,unknown,large tau_eff underprediction; manual annotation missing; possible material-system outlier; possibly missing additive/structure feature,True
10.1016_j.mattod.2017.11.005__sample_41017,unknown,p,Sn0.97Na0.03Se,10.1016/j.mattod.2017.11.005,-0.1175646021452679,-1.4353337164488915,-1.3177691143036236,1.3177691143036236,0.8890830732172907,0.23803591425856413,0.2677319155308994,medium,0.399179180494112,0.2485438943027284,1.6136,2.775212406514114,unknown,no,large_under_prediction,selected model primary split test residual,unknown,unknown,unknown,large tau_eff underprediction; manual annotation missing; possible material-system outlier; possibly missing additive/structure feature,True
10.1039_c8ee03162b__sample_39798,unknown,p,Sn0.8Ge0.2Te,10.1039/c8ee03162b,2.12614202995254,0.8085030504265678,-1.3176389795259724,1.3176389795259724,8.382465050029523,2.2445454991397478,0.26776675903132363,medium,0.1570018478610702,0.3221396968063169,,,unknown,no,large_under_prediction,selected model primary split test residual,unknown,unknown,unknown,large tau_eff underprediction; manual annotation missing; possible material-system outlier; possibly missing additive/structure feature,True
10.1016_j.nanoen.2015.05.032__sample_6383,unknown,p,Bi0.5Sb1.5Te3,10.1016/j.nanoen.2015.05.032,0.8931180060843011,-0.4173742750322476,-1.3104922811165487,1.3104922811165487,2.442734249789887,0.6587743110207169,0.26968726175488866,low,0.2029438937057509,,,,unknown,no,large_under_prediction,selected model primary split test residual,unknown,unknown,unknown,large tau_eff underprediction; low target quality; manual annotation missing; possible material-system outlier; possibly missing additive/structure feature,True
10.1016_s0925-8388_01_00926-4__sample_7904,unknown,n,La2.27Ca0.73S4,10.1016/s0925-8388(01)00926-4,0.0662744734724149,-1.2419223804130464,-1.3081968538854614,1.3081968538854614,1.0685199573038588,0.2888284457605717,0.2703070202725624,medium,0.2957249871572071,0.5164033739996614,,,unknown,no,large_under_prediction,selected model primary split test residual,unknown,unknown,unknown,large tau_eff underprediction; manual annotation missing; possible material-system outlier; possibly missing additive/structure feature,True
10.1016_j.intermet.2015.02.004__sample_22795,unknown,p,Ti50Ni50,10.1016/j.intermet.2015.02.004,3.764930124529345,2.457232273912078,-1.307697850617267,1.307697850617267,43.16068988097055,11.672460617624827,0.2704419380184928,medium,0.4240330284033019,0.4183760830792308,,,unknown,no,large_under_prediction,selected model primary split test residual,unknown,unknown,unknown,large tau_eff underprediction; manual annotation missing; possible material-system outlier; possibly missing additive/structure feature,True
10.1016_j.jssc.2011.08.036__sample_82389,unknown,n,Zr0.25Hf0.75NiSn,10.1016/j.jssc.2011.08.036,-0.8444888354773649,0.4599039477298869,1.3043927832072517,1.3043927832072517,0.4297769888215992,1.5839218383993259,3.685450546671342,medium,0.3851458175151628,0.6044107014969325,0.2372,,unknown,no,large_over_prediction,selected model primary split test residual,unknown,unknown,unknown,large tau_eff overprediction; manual annotation missing; possible material-system outlier; possibly missing additive/structure feature,True
10.1021_acs.chemmater.8b03994__sample_43370,unknown,n,Yb0.3Co3.5Fe0.5Sb12,10.1021/acs.chemmater.8b03994,-1.3429987679664,-0.0391381242491149,1.303860643717285,1.303860643717285,0.2610616303391734,0.961617877225696,3.6834898946135985,medium,0.5114685826668117,0.7036993361517312,0.1838794,0.180293097493585,unknown,no,large_over_prediction,selected model primary split test residual,unknown,unknown,unknown,large tau_eff overprediction; manual annotation missing; possible material-system outlier; possibly missing additive/structure feature,True
10.1007_s12598-021-01753-w__sample_45738,unknown,p,Sn0.9750Na0.02In0.0050Se,10.1007/s12598-021-01753-w,-2.118489575479598,-3.420893871867373,-1.3024042963877749,1.3024042963877749,0.1202130642143578,0.03268320727855237,0.2718773329017996,medium,0.3064934397673904,0.3947668416272167,1.093832,0.661967507484403,not_checked,no,large_under_prediction,selected model primary split test residual,unknown,unknown,not_checked,large tau_eff underprediction; manual annotation missing; possible material-system outlier; possibly missing additive/structure feature,True
10.1007_s11664-017-6013-8__sample_83523,unknown,n,TiNiSn,10.1007/s11664-017-6013-8,0.9905573699651125,-0.311597060733946,-1.3021544306990585,1.3021544306990585,2.692734903722072,0.7322765317583235,0.27194527420657844,medium,0.1582261518228311,0.1974718957561242,,,unknown,no,large_under_prediction,selected model primary split test residual,unknown,unknown,unknown,large tau_eff underprediction; manual annotation missing; possible material-system outlier; possibly missing additive/structure feature,True
10.1039_c9ta10128d__sample_83048,unknown,n,Ti0.5Zr0.25Hf0.25NiCu0.075Sn,10.1039/c9ta10128d,1.695011721571357,0.3966477503768387,-1.2983639711945183,1.2983639711945183,5.446709808836308,1.4868321017500166,0.27297802782477937,medium,0.1041814283137634,0.1451563924586765,,,unknown,no,large_under_prediction,selected model primary split test residual,unknown,unknown,unknown,large tau_eff underprediction; manual annotation missing; possible material-system outlier; possibly missing additive/structure feature,True
10.1016_j.jallcom.2016.06.058__sample_20611,unknown,p,Ca3Co4O9,10.1016/j.jallcom.2016.06.058,-3.0224126280906494,-1.7272497376022231,1.2951628904884263,1.2951628904884263,0.0486836210880204,0.17777265971603107,3.65159073509788,medium,0.307183560359147,0.604601207654931,0.07154654,0.0389455576704788,unknown,no,large_over_prediction,selected model primary split test residual,unknown,unknown,unknown,large tau_eff overprediction; manual annotation missing; possible material-system outlier; possibly missing additive/structure feature,True
10.1002_adfm.201902437__sample_41418,unknown,n,Cd3As2,10.1002/adfm.201902437,-0.4969045358824742,0.7976295489838091,1.2945340848662834,1.2945340848662834,0.6084110624640896,2.2202716404988485,3.64929531607571,medium,0.2506810855133758,0.5182752166269047,,,unknown,no,large_over_prediction,selected model primary split test residual,unknown,unknown,unknown,large tau_eff overprediction; manual annotation missing; possible material-system outlier; possibly missing additive/structure feature,True
10.1007_s11664-018-6831-3__sample_40272,unknown,n,Sr0.96Ti0.8Nb0.2O3,10.1007/s11664-018-6831-3,-0.7411012903344762,-2.0349645206292166,-1.2938632302947404,1.2938632302947404,0.4765887638027598,0.1306851190475683,0.2742094001646531,medium,0.3652871760165176,0.3218836434355457,0.01259739,0.1472021778476972,unknown,no,large_under_prediction,selected model primary split test residual,unknown,unknown,unknown,large tau_eff underprediction; manual annotation missing; possible material-system outlier; possibly missing additive/structure feature,True
10.1039_d0se01081b__sample_38893,unknown,p,Sn0.88Zn0.02Sb0.1Te,10.1039/d0se01081b,1.1347479258011623,-0.1585991780641989,-1.2933471038653612,1.2933471038653612,3.1103893951627137,0.8533383271505607,0.2743509634123865,medium,0.2017166100233202,0.4029939433386969,0.6006804,0.852426602198621,unknown,no,large_under_prediction,selected model primary split test residual,unknown,unknown,unknown,large tau_eff underprediction; manual annotation missing; possible material-system outlier; possibly missing additive/structure feature,True
10.1016_j.nanoen.2015.03.036__sample_7538,unknown,n,(Bi2S3)0.995(CuBr2)0.005,10.1016/j.nanoen.2015.03.036,-0.9719734764796588,-2.264814581102655,-1.2928411046229964,1.2928411046229964,0.3783356643486881,0.10384928837627007,0.27448981991969634,medium,0.2741953357379739,0.5216015650307857,,,unknown,no,large_under_prediction,selected model primary split test residual,unknown,unknown,unknown,large tau_eff underprediction; manual annotation missing; possible material-system outlier; possibly missing additive/structure feature,True
10.1063_5.0038957__sample_42187,unknown,p,Ge0.96Y0.04Te,10.1063/5.0038957,2.128100142781916,0.8356432944250413,-1.2924568483568746,1.2924568483568746,8.398894942928186,2.3062971993152788,0.27459531462018893,medium,0.4428043839043601,0.7290868452970128,,,unknown,no,large_under_prediction,selected model primary split test residual,unknown,unknown,unknown,large tau_eff underprediction; manual annotation missing; possible material-system outlier; possibly missing additive/structure feature,True
10.1016_j.mseb.2015.01.008__sample_9247,unknown,n,Sb0.048(Mg2Si)99.952,10.1016/j.mseb.2015.01.008,-0.654393609382604,0.6377040926094826,1.2920977019920867,1.2920977019920867,0.5197571429013,1.8921317293713507,3.6404150577121737,medium,0.3407239401707622,0.6733036578383604,0.2959827,0.1698777391869895,unknown,no,large_over_prediction,selected model primary split test residual,unknown,unknown,unknown,large tau_eff overprediction; manual annotation missing; possible material-system outlier; possibly missing additive/structure feature,True
10.1063_1.4821798__sample_14960,unknown,n,Cu0.04TiSe2,10.1063/1.4821798,0.2356753927751331,-1.0537846334829757,-1.2894600262581088,1.2894600262581088,1.2657633675389404,0.34861586598830274,0.2754194622223319,medium,0.1750465370068058,0.2927404878019156,,,unknown,no,large_under_prediction,selected model primary split test residual,unknown,unknown,unknown,large tau_eff underprediction; manual annotation missing; possible material-system outlier; possibly missing additive/structure feature,True
10.1021_acsenergylett.8b00137__sample_43754,unknown,p,AgSn5Sb(Te0.996I0.004)7,10.1021/acsenergylett.8b00137,1.218690873939092,-0.07009399031928591,-1.288784864258378,1.288784864258378,3.38275637911977,0.9323061880314535,0.2756054777654576,medium,0.0980846848730897,0.1793041186465063,1.005976,0.7553636314431582,unknown,no,large_under_prediction,selected model primary split test residual,unknown,unknown,unknown,large tau_eff underprediction; manual annotation missing; possible material-system outlier; possibly missing additive/structure feature,True
10.1021_jacs.6b09568__sample_44736,unknown,n,(K2Bi8Se13)68.33(BiCl3)31.67,10.1021/jacs.6b09568,-0.7403252800284,-2.0290064708772686,-1.2886811908488687,1.2886811908488687,0.4769587451313262,0.13146607165572982,0.27563405220619625,medium,0.1883767685305154,0.3107456605540513,1.149874,1.404165971343435,unknown,no,large_under_prediction,selected model primary split test residual,unknown,unknown,unknown,large tau_eff underprediction; manual annotation missing; possible material-system outlier; possibly missing additive/structure feature,True
10.1149_1.2427584__sample_13980,unknown,p,Ag2SeP0.001,10.1149/1.2427584,1.4490328441042108,0.16264720767814878,-1.2863856364260622,1.2863856364260622,4.258993412026885,1.1766215134216136,0.27626751196631955,medium,0.2480048558918496,0.3980472785173241,,,unknown,no,large_under_prediction,selected model primary split test residual,unknown,unknown,unknown,large tau_eff underprediction; manual annotation missing; possible material-system outlier; possibly missing additive/structure feature,True
10.1021_acsami.1c12282__sample_45835,unknown,p,Sb0.05Ge0.95Te,10.1021/acsami.1c12282,1.3994578629749532,0.11354569919903038,-1.2859121637759228,1.2859121637759228,4.053002088628091,1.1202430819341949,0.2763983480485667,medium,0.2492678662127118,0.2661834238206629,1.656008,2.4972939227829376,unknown,no,large_under_prediction,selected model primary split test residual,unknown,unknown,unknown,large tau_eff underprediction; manual annotation missing; possible material-system outlier; possibly missing additive/structure feature,True
10.1063_1.4809677__sample_12829,unknown,n,(SrTiO3)0.005In0.54Se0.46,10.1063/1.4809677,-3.5830124338685456,-2.2997691227611186,1.283243311107427,1.283243311107427,0.0277918509134075,0.10028199388013527,3.6083236842551094,medium,0.3641153929242739,0.7596313775056599,0.2033228,0.1061778908773898,unknown,no,large_over_prediction,selected model primary split test residual,unknown,unknown,unknown,large tau_eff overprediction; manual annotation missing; possible material-system outlier; possibly missing additive/structure feature,True
10.1039_c5ta05535k__sample_350,unknown,p,Sn1Mn0.01Te1,10.1039/c5ta05535k,2.089839535769976,0.8085030504265678,-1.2813364853434082,1.2813364853434082,8.08361792870115,2.2445454991397478,0.27766595587978193,medium,0.2820930224770481,0.5581877429760649,0.5673162,1.1183556550454707,unknown,no,large_under_prediction,selected model primary split test residual,unknown,unknown,unknown,large tau_eff underprediction; manual annotation missing; possible material-system outlier; possibly missing additive/structure feature,True
10.1007_s11664-013-2931-2__sample_7112,unknown,p,Cu12Sb3.5Te0.5S13,10.1007/s11664-013-2931-2,0.4745382332674751,-0.8067885398274085,-1.2813267730948836,1.2813267730948836,1.6072718414348113,0.44628900665935195,0.2776686526536481,medium,0.1540750909483428,0.1288293414869623,,,unknown,no,large_under_prediction,selected model primary split test residual,unknown,unknown,unknown,large tau_eff underprediction; manual annotation missing; possible material-system outlier; possibly missing additive/structure feature,True
10.1063_1.4887504__sample_24346,unknown,p,"Sb2Te3/poly(3,4-ethylenedioxythiophene)",10.1063/1.4887504,-1.313037696945457,-0.03201338202727115,1.2810243149181857,1.2810243149181857,0.2690016684601465,0.968493621584423,3.6003257047749817,medium,0.1155856228405885,0.0889329213287896,1.147905,1.2316903728898227,unknown,no,large_over_prediction,selected model primary split test residual,unknown,unknown,unknown,large tau_eff overprediction; manual annotation missing; possible material-system outlier; possibly missing additive/structure feature,True
10.1039_c5ta05535k__sample_309,unknown,p,Sn1Te1,10.1039/c5ta05535k,2.1989411401080488,0.918891026634034,-1.2800501134740148,1.2800501134740148,9.0154623321816,2.506509196146334,0.2780233673872827,medium,0.3096682706991956,0.607837135947812,0.5765502,0.8798709674918318,unknown,no,large_under_prediction,selected model primary split test residual,unknown,unknown,unknown,large tau_eff underprediction; manual annotation missing; possible material-system outlier; possibly missing additive/structure feature,True
10.3390_cryst10020100__sample_35167,unknown,n,Sr0.9Ti0.9Nb0.1O,10.3390/cryst10020100,-4.3590178425983925,-3.0790657221654456,1.279952120432947,1.279952120432947,0.0127909442027928,0.046002215428416884,3.596467524138888,low,0.7487578565976316,0.8540174057290588,,,unknown,no,large_over_prediction,selected model primary split test residual,unknown,unknown,unknown,large tau_eff overprediction; low target quality; manual annotation missing; possible material-system outlier; possibly missing additive/structure feature,True
10.1007_s11664-008-0651-9__sample_28387,unknown,n,SrTi0.9Ta0.1O3,10.1007/s11664-008-0651-9,-0.2789770276090056,-1.558703246868857,-1.2797262192598515,1.2797262192598515,0.756557282945133,0.21040874256457315,0.2781134321323193,medium,0.2885195921644691,0.4619486105498431,0.1680233,0.2039924200352313,unknown,no,large_under_prediction,selected model primary split test residual,unknown,unknown,unknown,large tau_eff underprediction; manual annotation missing; possible material-system outlier; possibly missing additive/structure feature,True
10.1088_1757-899x_18_14_142006__sample_9650,unknown,n,Mg2SiSb0.01,10.1088/1757-899x/18/14/142006,-0.5222822966750217,0.7563982071982525,1.2786805038732743,1.2786805038732743,0.5931652229155729,2.130588445794544,3.591897103006319,low,0.6842824302868054,,,0.2425442909280459,unknown,no,large_over_prediction,selected model primary split test residual,unknown,unknown,unknown,large tau_eff overprediction; low target quality; manual annotation missing; possible material-system outlier; possibly missing additive/structure feature,True
10.1021_acsami.5b01085__sample_11295,unknown,p,Cu1.93Se,10.1021/acsami.5b01085,2.051180629515087,0.7733776850017701,-1.2778029445133172,1.2778029445133172,7.777077535538845,2.1670735978736118,0.2786488353717388,medium,0.1733091169634229,0.3542262645739598,0.2710983,0.1567143315937882,unknown,no,large_under_prediction,selected model primary split test residual,unknown,unknown,unknown,large tau_eff underprediction; manual annotation missing; possible material-system outlier; possibly missing additive/structure feature,True
10.1021_acsaem.9b02168__sample_34398,unknown,p,Fe3Yb14MgSb11,10.1021/acsaem.9b02168,0.308163705755276,1.5834065870076826,1.2752428812524066,1.2752428812524066,1.3609237617543477,4.871522843123187,3.579570715146729,medium,0.1798918127695425,0.1628348387259449,,,unknown,no,large_over_prediction,selected model primary split test residual,unknown,unknown,unknown,large tau_eff overprediction; manual annotation missing; possible material-system outlier; possibly missing additive/structure feature,True
10.1007_s12598-021-01753-w__sample_45737,unknown,p,Sn0.9775Na0.02In0.0025Se,10.1007/s12598-021-01753-w,-2.1462580011585106,-3.420893871867373,-1.2746358707088623,1.2746358707088623,0.116920857913069,0.03268320727855237,0.2795327357489322,medium,0.3166867725493025,0.3892211101886347,1.010345,0.5530940314156385,unknown,no,large_under_prediction,selected model primary split test residual,unknown,unknown,unknown,large tau_eff underprediction; manual annotation missing; possible material-system outlier; possibly missing additive/structure feature,True
10.1002_pssa.201127501__sample_16831,unknown,n,Ag0.8Pb18SbTe10Se10,10.1002/pssa.201127501,0.6758262384136446,-0.5977573279824318,-1.2735835663960764,1.2735835663960764,1.9656564060380448,0.5500438217709316,0.27982704407612813,medium,0.2926643628936366,0.48357257641195,,,unknown,no,large_under_prediction,selected model primary split test residual,unknown,unknown,unknown,large tau_eff underprediction; manual annotation missing; possible material-system outlier; possibly missing additive/structure feature,True
10.1016_j.jallcom.2013.03.074__sample_726,unknown,n,Ba8Ni2.64Zn2.28Ge40.18Sn0.90,10.1016/j.jallcom.2013.03.074,-1.1852688529651407,0.08686908526274381,1.2721379382278846,1.2721379382278846,0.3056639897807428,1.0907538746139291,3.568473588911611,low,0.4754086440877021,0.8795216007261105,,,unknown,no,large_over_prediction,selected model primary split test residual,unknown,unknown,unknown,large tau_eff overprediction; low target quality; manual annotation missing; possible material-system outlier; possibly missing additive/structure feature,True
10.1063_1.3624748__sample_17937,unknown,p,CeCu4Al,10.1063/1.3624748,2.9312427933019545,1.6649533065869189,-1.2662894867150356,1.2662894867150356,18.7509195391511,5.2854264493983205,0.28187558686722436,medium,0.1595959733505125,0.0934527374425654,,,unknown,no,large_under_prediction,selected model primary split test residual,unknown,unknown,unknown,large tau_eff underprediction; manual annotation missing; possible material-system outlier; possibly missing additive/structure feature,True
10.1016_j.jallcom.2020.158552__sample_39611,unknown,n,(Sr0.9La0.1TiO3)55.95(TiO2)44.05,10.1016/j.jallcom.2020.158552,-1.2983444294218112,-0.03278061478821402,1.2655638146335972,1.2655638146335972,0.2729833623514761,0.9677508465262944,3.5450909468990996,medium,0.7004293053769249,0.7716843001594987,,,unknown,no,large_over_prediction,selected model primary split test residual,unknown,unknown,unknown,large tau_eff overprediction; manual annotation missing; possible material-system outlier; possibly missing additive/structure feature,True
10.1515_msp-2015-0004__sample_11090,unknown,n,PbTe,10.1515/msp-2015-0004,-1.4040304558688037,-0.13883294987828262,1.2651975059905212,1.2651975059905212,0.2456050660042366,0.8703734122991835,3.543792587259458,medium,0.3242711249630644,0.4114034801482508,,,unknown,no,large_over_prediction,selected model primary split test residual,unknown,unknown,unknown,large tau_eff overprediction; manual annotation missing; possible material-system outlier; possibly missing additive/structure feature,True
10.1021_acsami.5b09327__sample_4841,unknown,n,Co0.88Ni0.07Fe0.05Sb3,10.1021/acsami.5b09327,-1.3041360659081171,-0.0391381242491149,1.2649979416590023,1.2649979416590023,0.2714069114717226,0.961617877225696,3.543085443223451,medium,0.2117241972849425,0.3738597986976006,0.0686747,0.0842009527270273,unknown,no,large_over_prediction,selected model primary split test residual,unknown,unknown,unknown,large tau_eff overprediction; manual annotation missing; possible material-system outlier; possibly missing additive/structure feature,True
10.1021_acs.chemmater.7b04436__sample_44026,unknown,p,Cu5.04Fe0.96S4,10.1021/acs.chemmater.7b04436,-2.330791708821759,-1.0667926110043342,1.263999097817425,1.263999097817425,0.097218747672823,0.34411044537403485,3.539548221008705,low,0.5726884295091532,0.9584363241186628,,,unknown,no,large_over_prediction,selected model primary split test residual,unknown,unknown,unknown,large tau_eff overprediction; low target quality; manual annotation missing; possible material-system outlier; possibly missing additive/structure feature,True
10.1039_c9ta14068a__sample_36257,unknown,p,Cu3.7Ge3Se5,10.1039/c9ta14068a,-1.409240356476256,-0.14537312421963314,1.2638672322566227,1.2638672322566227,0.2443288154776425,0.8646995925501004,3.539081507269966,medium,0.2136911457154298,0.4110199012718899,,,unknown,no,large_over_prediction,selected model primary split test residual,unknown,unknown,unknown,large tau_eff overprediction; manual annotation missing; possible material-system outlier; possibly missing additive/structure feature,True
10.1016_j.intermet.2010.01.008__sample_16527,unknown,p,Zn3.99Fe0.01Sb3,10.1016/j.intermet.2010.01.008,-0.4352418476727642,0.8271428486854047,1.2623846963581689,1.2623846963581689,0.6471081465524646,2.286775733242259,3.5338385792626665,medium,0.2295603651705204,0.1451302253606777,,,unknown,no,large_over_prediction,selected model primary split test residual,unknown,unknown,unknown,large tau_eff overprediction; manual annotation missing; possible material-system outlier; possibly missing additive/structure feature,True
10.1016_j.jmst.2020.09.005__sample_38655,unknown,n,BiSb(Se0.995Cl0.005)3,10.1016/j.jmst.2020.09.005,-2.686298447924071,-1.4269907939898134,1.2593076539342576,1.2593076539342576,0.0681326698130543,0.2400301366880463,3.522981520416748,medium,0.2440937581888368,0.4729842569824756,0.6354499,0.9387559628960748,unknown,no,large_over_prediction,selected model primary split test residual,unknown,unknown,unknown,large tau_eff overprediction; manual annotation missing; possible material-system outlier; possibly missing additive/structure feature,True
10.1039_c1ee01314a__sample_30,unknown,n,Pb1Te0.9972I0.0028,10.1039/c1ee01314a,1.4655450980779163,0.20717812142493713,-1.2583669766529793,1.2583669766529793,4.3299028188456,1.230201677542222,0.2841176185728361,low,0.5744061904970055,0.9501139284011312,,,unknown,no,large_under_prediction,selected model primary split test residual,unknown,unknown,unknown,large tau_eff underprediction; low target quality; manual annotation missing; possible material-system outlier; possibly missing additive/structure feature,True
10.1021_jacs.8b09029__sample_45145,unknown,n,(Pb0.89Sn0.11)(Te0.89Se0.11),10.1021/jacs.8b09029,0.1922107460395814,1.4504925869630054,1.258281840923424,1.258281840923424,1.2119258986370214,4.265214987090859,3.519369453105742,medium,0.4524236271894115,0.7513811011130498,1.271973,2.251548923122972,unknown,no,large_over_prediction,selected model primary split test residual,unknown,unknown,unknown,large tau_eff overprediction; manual annotation missing; possible material-system outlier; possibly missing additive/structure feature,True
10.1016_j.mssp.2020.105393__sample_38627,unknown,n,Pb0.96Bi0.04S,10.1016/j.mssp.2020.105393,-0.4838067834228521,-1.742027459452399,-1.258220676029547,1.258220676029547,0.6164322953446564,0.17516490062436355,0.2841591881983183,medium,0.1967930892631882,0.4186534271606278,,1.2519961028864468,unknown,no,large_under_prediction,selected model primary split test residual,unknown,unknown,unknown,large tau_eff underprediction; manual annotation missing; possible material-system outlier; possibly missing additive/structure feature,True
10.1007_s11664-011-1890-8__sample_4069,unknown,p,CeFe3.6Co0.4Sb12,10.1007/s11664-011-1890-8,1.221747271292355,-0.03558528586191312,-1.257332557154268,1.257332557154268,3.3931112429920267,0.965040426415656,0.2844116674361341,medium,0.0906489198303454,0.0647628855466003,0.8306021,0.9371487898619412,unknown,no,large_under_prediction,selected model primary split test residual,unknown,unknown,unknown,large tau_eff underprediction; manual annotation missing; possible material-system outlier; possibly missing additive/structure feature,True
10.1002_adfm.200800298__sample_5868,unknown,p,Yb14Mn0.4Al0.6Sb11,10.1002/adfm.200800298,-0.1177674303327896,1.1383589576805098,1.2561263880132993,1.2561263880132993,0.8889027603958733,3.1216414138982405,3.511791787560673,medium,0.2283273996451777,0.1419464042899942,,,unknown,no,large_over_prediction,selected model primary split test residual,unknown,unknown,unknown,large tau_eff overprediction; manual annotation missing; possible material-system outlier; possibly missing additive/structure feature,True
10.1016_j.matlet.2011.08.031__sample_9225,unknown,n,Mg2Si0.58Sn0.41Bi0.01,10.1016/j.matlet.2011.08.031,-1.007977879432935,0.2416764472161835,1.2496543266491185,1.2496543266491185,0.3649562194037314,1.2733821198263762,3.489136647422638,medium,0.0965508531701464,0.0988486593279973,0.5846939,,unknown,no,large_over_prediction,selected model primary split test residual,unknown,unknown,unknown,large tau_eff overprediction; manual annotation missing; possible material-system outlier; possibly missing additive/structure feature,True
10.1016_j.nanoen.2015.05.032__sample_6384,unknown,p,Bi0.5Sb1.5Te3,10.1016/j.nanoen.2015.05.032,0.8317899253298066,-0.4173742750322476,-1.2491642003620542,1.2491642003620542,2.2974272854643387,0.6587743110207169,0.28674435756410477,low,0.2090066875788336,,,,unknown,no,large_under_prediction,selected model primary split test residual,unknown,unknown,unknown,large tau_eff underprediction; low target quality; manual annotation missing; possible material-system outlier; possibly missing additive/structure feature,True
10.1016_j.jmat.2020.11.001__sample_39614,unknown,p,Mn0.01Cu1.8S,10.1016/j.jmat.2020.11.001,1.583108988830266,0.3346913471589286,-1.2484176416713375,1.2484176416713375,4.870073302504851,1.3975089735325665,0.2869585089846139,medium,0.2750628836488546,0.6262215166174625,0.4047059,0.762182746634386,unknown,no,large_under_prediction,selected model primary split test residual,unknown,unknown,unknown,large tau_eff underprediction; manual annotation missing; possible material-system outlier; possibly missing additive/structure feature,True
10.1103_physrevb.101.180404__sample_83941,unknown,n,Co2MnGa,10.1103/physrevb.101.180404,2.8304849870690068,1.5834163534384544,-1.2470686336305523,1.2470686336305523,16.95368114713323,4.871570420746119,0.28734587954486057,medium,0.1726645092176451,0.1852109524766349,,,unknown,no,large_under_prediction,selected model primary split test residual,unknown,unknown,unknown,large tau_eff underprediction; manual annotation missing; possible material-system outlier; possibly missing additive/structure feature,True
10.1021_am405410e__sample_103,unknown,n,Pb1.00015Zn0.02Te1.02I0.0003,10.1021/am405410e,-0.0022586783512711,1.2447138550815788,1.2469725334328499,1.2469725334328499,0.9977438705432706,3.4719411788584926,3.4797920401836433,medium,0.4095893899110894,0.7147876174382941,,,unknown,no,large_over_prediction,selected model primary split test residual,unknown,unknown,unknown,large tau_eff overprediction; manual annotation missing; possible material-system outlier; possibly missing additive/structure feature,True
10.1016_j.scriptamat.2019.09.009__sample_35185,unknown,p,Cu2Se,10.1016/j.scriptamat.2019.09.009,-0.4731834871008078,0.7733776850017701,1.2465611721025778,1.2465611721025778,0.6230157453364507,2.1670735978736118,3.4783608826825314,medium,0.2047285442558375,0.2620634352430381,1.56068,1.684580257750521,unknown,no,large_over_prediction,selected model primary split test residual,unknown,unknown,unknown,large tau_eff overprediction; manual annotation missing; possible material-system outlier; possibly missing additive/structure feature,True
10.1039_c9ta14068a__sample_36259,unknown,p,Cu3.5Ge3Se5,10.1039/c9ta14068a,-1.3900873686875588,-0.14537312421963314,1.2447142444679256,1.2447142444679256,0.2490535441998032,0.8646995925501004,3.4719425307852485,medium,0.2455430320658767,0.4467072960130265,,,unknown,no,large_over_prediction,selected model primary split test residual,unknown,unknown,unknown,large tau_eff overprediction; manual annotation missing; possible material-system outlier; possibly missing additive/structure feature,True
10.1103_physrevb.85.165127__sample_1196,unknown,n,Ba8Cu3.8Si42.2,10.1103/physrevb.85.165127,1.7454885179846178,0.5011135346989589,-1.2443749832856588,1.2443749832856588,5.728699364624153,1.6505582015973013,0.2881209322642803,medium,0.0939089282000469,0.0905549487504997,,,unknown,no,large_under_prediction,selected model primary split test residual,unknown,unknown,unknown,large tau_eff underprediction; manual annotation missing; possible material-system outlier; possibly missing additive/structure feature,True
10.1021_acs.chemmater.7b02685__sample_82468,unknown,n,(TiNiSn)0.925(MnNiSb)0.075,10.1021/acs.chemmater.7b02685,1.41406753415822,0.1712150642632391,-1.242852469894981,1.242852469894981,4.1126497720266135,1.1867459482216205,0.2885599343502622,medium,0.1050801941435595,0.1570261959521841,0.425,0.5018886932494245,unknown,no,large_under_prediction,selected model primary split test residual,unknown,unknown,unknown,large tau_eff underprediction; manual annotation missing; possible material-system outlier; possibly missing additive/structure feature,True
10.1016_j.actamat.2021.117231__sample_46274,unknown,n,Ag3.95TeS,10.1016/j.actamat.2021.117231,-1.9467250699576373,-0.7046971165062417,1.2420279534513956,1.2420279534513956,0.1427407730079335,0.4942582542540644,3.462628398590735,medium,0.2732800913581399,0.4308585450614392,0.9711413,1.1607323539698864,unknown,no,large_over_prediction,selected model primary split test residual,unknown,unknown,unknown,large tau_eff overprediction; manual annotation missing; possible material-system outlier; possibly missing additive/structure feature,True
10.1021_acs.chemmater.7b04436__sample_44020,unknown,p,Cu4.9FeS4,10.1021/acs.chemmater.7b04436,-1.7703092169918346,-3.011702842582584,-1.2413936255907492,1.2413936255907492,0.1702803271133623,0.04920781421522618,0.28898120557676993,medium,0.3081078650593291,0.5180486988752673,,,unknown,no,large_under_prediction,selected model primary split test residual,unknown,unknown,unknown,large tau_eff underprediction; manual annotation missing; possible material-system outlier; possibly missing additive/structure feature,True
10.1007_s12598-021-01753-w__sample_45736,unknown,p,Sn0.98Na0.02Se,10.1007/s12598-021-01753-w,-2.6762500419723607,-1.4353337164488915,1.2409163255234692,1.2409163255234692,0.068820745781636,0.23803591425856413,3.458781382780092,medium,0.3308230228391917,0.5153220588926646,0.648433,0.4508670478559795,unknown,no,large_over_prediction,selected model primary split test residual,unknown,unknown,unknown,large tau_eff overprediction; manual annotation missing; possible material-system outlier; possibly missing additive/structure feature,True
10.1016_j.jallcom.2020.158552__sample_39612,unknown,n,(Sr0.9La0.1TiO3)44.02(TiO2)55.98,10.1016/j.jallcom.2020.158552,-1.2728536040297038,-0.03278061478821402,1.24007298924149,1.24007298924149,0.2800313818577689,0.9677508465262944,3.4558656965733436,low,0.8438916054343369,0.7616386749209294,,,unknown,no,large_over_prediction,selected model primary split test residual,unknown,unknown,unknown,large tau_eff overprediction; low target quality; manual annotation missing; possible material-system outlier; possibly missing additive/structure feature,True
10.1063_5.0016049__sample_37121,unknown,n,Si95Ti5,10.1063/5.0016049,0.2472707489120502,1.4861633516489685,1.2388926027369183,1.2388926027369183,1.2805257668062668,4.420104558809073,3.4517888459465875,medium,0.11294785219574,0.2259506046186665,0.112493,0.1157378447553565,unknown,no,large_over_prediction,selected model primary split test residual,unknown,unknown,unknown,large tau_eff overprediction; manual annotation missing; possible material-system outlier; possibly missing additive/structure feature,True
10.1007_s12598-017-0926-5__sample_41567,unknown,n,Bi1.9Lu0.1Te3,10.1007/s12598-017-0926-5,-0.7663451983823422,0.4724839349453751,1.2388291333277173,1.2388291333277173,0.4647083853589229,1.6039734147240075,3.4515697699002357,medium,0.073987497677381,0.0875763162838505,,,unknown,no,large_over_prediction,selected model primary split test residual,unknown,unknown,unknown,large tau_eff overprediction; manual annotation missing; possible material-system outlier; possibly missing additive/structure feature,True
10.1016_j.intermet.2011.04.015__sample_3457,unknown,p,YbFe4Sb12,10.1016/j.intermet.2011.04.015,2.024602324790289,0.7870965404263982,-1.2375057843638908,1.2375057843638908,7.573098712112942,2.1970082322269864,0.29010690547489343,medium,0.1222409017752676,0.1834312840984607,,,unknown,no,large_under_prediction,selected model primary split test residual,unknown,unknown,unknown,large tau_eff underprediction; manual annotation missing; possible material-system outlier; possibly missing additive/structure feature,True
10.1016_j.jallcom.2009.12.048__sample_16247,unknown,n,Ru0.85Fe0.15Al1.95Si0.05,10.1016/j.jallcom.2009.12.048,-0.2482260146973262,0.9880138928391834,1.2362399075365096,1.2362399075365096,0.7801835903915716,2.685894696730872,3.442644436270225,medium,0.3082326398349159,0.6850000947780638,,,unknown,no,large_over_prediction,selected model primary split test residual,unknown,unknown,unknown,large tau_eff overprediction; manual annotation missing; possible material-system outlier; possibly missing additive/structure feature,True
10.1039_d0nr00495b__sample_34238,unknown,p,Sn0.96Pb0.01In0.03Te,10.1039/d0nr00495b,1.9342904607778035,0.6997974160027939,-1.2344930447750095,1.2344930447750095,6.919132917073437,2.0133447947173058,0.2909822399493496,medium,0.1488130377034106,0.1412945096442353,0.6698856,0.6599547819866975,unknown,no,large_under_prediction,selected model primary split test residual,unknown,unknown,unknown,large tau_eff underprediction; manual annotation missing; possible material-system outlier; possibly missing additive/structure feature,True
10.1039_c1jm10827a__sample_8691,unknown,p,Mg2Si0.995Bi0.005,10.1039/c1jm10827a,1.8528097087373328,0.6193814348840379,-1.233428273853295,1.233428273853295,6.377713890290767,1.8577785293673845,0.29129223438442553,medium,0.1776742777794935,0.3409762118780207,,,unknown,no,large_under_prediction,selected model primary split test residual,unknown,unknown,unknown,large tau_eff underprediction; manual annotation missing; possible material-system outlier; possibly missing additive/structure feature,True
10.1002_adma.201501030__sample_42634,unknown,p,Cu2S0.50Te0.50,10.1002/adma.201501030,-0.366646077088482,0.8661781052553225,1.2328241823438044,1.2328241823438044,0.6930548896473755,2.37780574194932,3.4309053690670033,medium,0.2191076099925489,0.1300043642985617,1.827485,,unknown,no,large_over_prediction,selected model primary split test residual,unknown,unknown,unknown,large tau_eff overprediction; manual annotation missing; possible material-system outlier; possibly missing additive/structure feature,True
10.1016_j.jallcom.2009.09.058__sample_16708,unknown,p,(Zn0.995Ag0.005)4Sb3,10.1016/j.jallcom.2009.09.058,0.1267502487428315,1.3591139609168588,1.2323637121740272,1.2323637121740272,1.1351334813621474,3.892742651185751,3.429325903165594,medium,0.1783943759061119,0.1112826353910591,,,unknown,no,large_over_prediction,selected model primary split test residual,unknown,unknown,unknown,large tau_eff overprediction; manual annotation missing; possible material-system outlier; possibly missing additive/structure feature,True
10.1016_j.joule.2020.07.021__sample_37074,unknown,p,Ge0.95Sn0.05Te,10.1016/j.joule.2020.07.021,2.038060411480096,0.8085030504265678,-1.2295573610535282,1.2295573610535282,7.675707038267437,2.2445454991397478,0.2924219863980618,medium,0.1510147944108565,0.2826364068032521,1.415617,1.771978035994355,unknown,no,large_under_prediction,selected model primary split test residual,unknown,unknown,unknown,large tau_eff underprediction; manual annotation missing; possible material-system outlier; possibly missing additive/structure feature,True
10.1143_jjap.45.8740__sample_10977,unknown,n,Nb0.99Ti0.01CoSn0.9Sb0.1,10.1143/jjap.45.8740,1.3208955002148304,0.09299786895473862,-1.2278976312600918,1.2278976312600918,3.746775113319962,1.0974593965299435,0.29290773087192334,medium,0.2842124619909656,0.4552716779273986,,,unknown,no,large_under_prediction,selected model primary split test residual,unknown,unknown,unknown,large tau_eff underprediction; manual annotation missing; possible material-system outlier; possibly missing additive/structure feature,True
10.1039_c3ce41583j__sample_12969,unknown,p,Cu3Sb0.90Sn0.10Se3.5S0.5,10.1039/c3ce41583j,1.316147717405704,0.0886256339215026,-1.2275220834842013,1.2275220834842013,3.7290284009515897,1.092671520595588,0.29301775237666605,medium,0.2228121181547733,0.4663144427699586,,,unknown,no,large_under_prediction,selected model primary split test residual,unknown,unknown,unknown,large tau_eff underprediction; manual annotation missing; possible material-system outlier; possibly missing additive/structure feature,True
10.1016_j.jallcom.2017.06.296__sample_2771,unknown,n,Pb0.995Sn0.005Te0.847Se0.15I0.003,10.1016/j.jallcom.2017.06.296,0.160692136083983,1.3875217224837257,1.2268295863997427,1.2268295863997427,1.1743233813620066,4.004912459520165,3.410399999764271,low,0.510878772884668,0.8859277630313016,1.200913,2.1719253524490134,unknown,no,large_over_prediction,selected model primary split test residual,unknown,unknown,unknown,large tau_eff overprediction; low target quality; manual annotation missing; possible material-system outlier; possibly missing additive/structure feature,True
10.1088_0022-3727_45_21_215308__sample_1023,unknown,n,Ba8Zn7.33Ge38.67,10.1088/0022-3727/45/21/215308,0.9955681693650632,-0.2308793097989239,-1.226447479163987,1.226447479163987,2.7062615194385247,0.7938352683920872,0.2933327997645942,medium,0.1596367983885107,0.2888386251840342,,,unknown,no,large_under_prediction,selected model primary split test residual,unknown,unknown,unknown,large tau_eff underprediction; manual annotation missing; possible material-system outlier; possibly missing additive/structure feature,True
10.1063_1.4960573__sample_2583,unknown,n,Pb0.98Ti0.02Te,10.1063/1.4960573,1.4333353853789952,0.20717812142493713,-1.226157263954058,1.226157263954058,4.192660033562123,1.230201677542222,0.29341794175881014,medium,0.4252509537481844,0.7993132963790377,,,unknown,no,large_under_prediction,selected model primary split test residual,unknown,unknown,unknown,large tau_eff underprediction; manual annotation missing; possible material-system outlier; possibly missing additive/structure feature,True
10.1016_j.intermet.2015.02.004__sample_22798,unknown,p,Ti49.3Ni50.7,10.1016/j.intermet.2015.02.004,3.682217387208059,2.457232273912078,-1.2249851132959808,1.2249851132959808,39.73440301853002,11.672460617624827,0.2937620734400215,medium,0.269785237653227,0.3404529709815626,,,unknown,no,large_under_prediction,selected model primary split test residual,unknown,unknown,unknown,large tau_eff underprediction; manual annotation missing; possible material-system outlier; possibly missing additive/structure feature,True
10.1016_j.actamat.2015.09.033__sample_13336,unknown,p,MgAg0.97Sb0.99,10.1016/j.actamat.2015.09.033,-0.0301780991593231,-1.2550179702166548,-1.2248398710573318,1.2248398710573318,0.9702727134048322,0.28507072539572725,0.29380474319984884,medium,0.3390049496233319,0.6442512736408694,,,unknown,no,large_under_prediction,selected model primary split test residual,unknown,unknown,unknown,large tau_eff underprediction; manual annotation missing; possible material-system outlier; possibly missing additive/structure feature,True
10.1021_acsenergylett.8b00137__sample_43755,unknown,p,AgSn5Sb(Te0.994I0.006)7,10.1021/acsenergylett.8b00137,1.1539184747744098,-0.07009399031928591,-1.2240124650936957,1.2240124650936957,3.1705924867884296,0.9323061880314535,0.29404793959371583,medium,0.0926977139797344,0.16389517128936,0.6474104,,unknown,no,large_under_prediction,selected model primary split test residual,unknown,unknown,unknown,large tau_eff underprediction; manual annotation missing; possible material-system outlier; possibly missing additive/structure feature,True
10.1016_j.jallcom.2011.10.036__sample_15790,unknown,n,PbSe,10.1016/j.jallcom.2011.10.036,-1.3617255419496257,-0.13883294987828262,1.2228925920713432,1.2228925920713432,0.2562182798995081,0.8703734122991835,3.3969996701271845,medium,0.4102073045954144,0.3279133306110434,,,unknown,no,large_over_prediction,selected model primary split test residual,unknown,unknown,unknown,large tau_eff overprediction; manual annotation missing; possible material-system outlier; possibly missing additive/structure feature,True
10.1021_acs.chemmater.5b04365__sample_400,unknown,p,Sn1.03Te1,10.1021/acs.chemmater.5b04365,2.141342860096612,0.918891026634034,-1.222451833462578,1.222451833462578,8.51085885135725,2.506509196146334,0.2945071983829945,low,0.5287892355527978,0.9684328027990312,0.300813,1.0308638757018964,unknown,no,large_under_prediction,selected model primary split test residual,unknown,unknown,unknown,large tau_eff underprediction; low target quality; manual annotation missing; possible material-system outlier; possibly missing additive/structure feature,True
10.1007_s11664-018-6831-3__sample_40269,unknown,n,Sr0.99Ti0.8Nb0.2O3,10.1007/s11664-018-6831-3,-0.8136103559767371,-2.0349645206292166,-1.2213541646524795,1.2213541646524795,0.4432548660478522,0.1306851190475683,0.2948306472363916,medium,0.3555073120359465,0.5172779607405377,,0.1120086191249011,unknown,no,large_under_prediction,selected model primary split test residual,unknown,unknown,unknown,large tau_eff underprediction; manual annotation missing; possible material-system outlier; possibly missing additive/structure feature,True
10.1007_s11664-013-2565-4__sample_1693,unknown,n,Bi2Te2.7Se0.3,10.1007/s11664-013-2565-4,0.6304080114045114,-0.5900718409578668,-1.220479852362378,1.220479852362378,1.8783768221011925,0.5542874627618415,0.295088534015131,low,0.1599518407413768,,,,unknown,no,large_under_prediction,selected model primary split test residual,unknown,unknown,unknown,large tau_eff underprediction; low target quality; manual annotation missing; possible material-system outlier; possibly missing additive/structure feature,True
10.1063_1.1352686__sample_21961,unknown,p,Si0.8Ge0.2(GaP)0.02,10.1063/1.1352686,1.3600272241004696,0.14181882204559512,-1.2182084020548745,1.2182084020548745,3.89629937359696,1.15236784597331,0.29575957478582415,medium,0.1299284114189756,0.1449352073085363,,,unknown,no,large_under_prediction,selected model primary split test residual,unknown,unknown,unknown,large tau_eff underprediction; manual annotation missing; possible material-system outlier; possibly missing additive/structure feature,True
10.1002_andp.201900551__sample_35494,unknown,n,(SnS)1.2(TiS2)2,10.1002/andp.201900551,-0.5269589076716454,0.6902475503906648,1.2172064580623103,1.2172064580623103,0.5903976962779993,1.9942091393958883,3.3777386869356603,low,0.7994160696801921,0.8152842113985146,,,unknown,no,large_over_prediction,selected model primary split test residual,unknown,unknown,unknown,large tau_eff overprediction; low target quality; manual annotation missing; possible material-system outlier; possibly missing additive/structure feature,True
10.1016_j.intermet.2020.106914__sample_83379,unknown,n,Ti0.95V0.05CoSb,10.1016/j.intermet.2020.106914,-1.3895926163547816,-0.17331718185534403,1.2162754344994375,1.2162754344994375,0.2491767945084572,0.8408708635619169,3.3745953960948687,medium,0.3105891695177596,0.4052461351375781,0.09448,0.0398542488265719,unknown,no,large_over_prediction,selected model primary split test residual,unknown,unknown,unknown,large tau_eff overprediction; manual annotation missing; possible material-system outlier; possibly missing additive/structure feature,True
10.1016_j.jallcom.2016.10.305__sample_2347,unknown,n,K8Sr16Ga39Ge97,10.1016/j.jallcom.2016.10.305,0.2859103412226212,-0.9298014521679334,-1.2157117933905546,1.2157117933905546,1.33097311648014,0.3946320559328425,0.2964988932131681,medium,0.2769363280413531,0.5958136364106063,0.03260188,,unknown,no,large_under_prediction,selected model primary split test residual,unknown,unknown,unknown,large tau_eff underprediction; manual annotation missing; possible material-system outlier; possibly missing additive/structure feature,True
10.1039_c5ra01071c__sample_7564,unknown,n,Bi2S3Zn0.005O0.005,10.1039/c5ra01071c,-3.279071244512987,-2.0634243598458126,1.2156468846671742,1.2156468846671742,0.0376632204909959,0.1270182680638129,3.372474961194011,medium,0.3617645031236163,0.5526149435926093,0.2786408,0.2139931645814906,unknown,no,large_over_prediction,selected model primary split test residual,unknown,unknown,unknown,large tau_eff overprediction; manual annotation missing; possible material-system outlier; possibly missing additive/structure feature,True
10.1021_acsenergylett.8b00137__sample_43757,unknown,p,AgSn5Sb(Te0.99I0.01)7,10.1021/acsenergylett.8b00137,1.1449416485670605,-0.07009399031928591,-1.2150356388863464,1.2150356388863464,3.142257996232796,0.9323061880314535,0.2966994400679959,medium,0.0922907084728532,0.1597101654235914,0.9036062,,unknown,no,large_under_prediction,selected model primary split test residual,unknown,unknown,unknown,large tau_eff underprediction; manual annotation missing; possible material-system outlier; possibly missing additive/structure feature,True
10.1039_c9ta14068a__sample_36260,unknown,p,Cu3.4Ge3Se5,10.1039/c9ta14068a,-1.3569128606438907,-0.14537312421963314,1.2115397364242575,1.2115397364242575,0.2574543488425073,0.8646995925501004,3.3586521122587976,medium,0.2596963397606683,0.5079446707221946,,,unknown,no,large_over_prediction,selected model primary split test residual,unknown,unknown,unknown,large tau_eff overprediction; manual annotation missing; possible material-system outlier; possibly missing additive/structure feature,True
10.1016_j.actamat.2015.11.006__sample_9507,unknown,n,Mg2(Sn0.685Si0.3Sb0.015),10.1016/j.actamat.2015.11.006,1.132587870103766,-0.07832497331746428,-1.2109128434212302,1.2109128434212302,3.1036780318973127,0.9246638866216816,0.2979251962087138,medium,0.1679596188643096,0.3038952949695915,,,unknown,no,large_under_prediction,selected model primary split test residual,unknown,unknown,unknown,large tau_eff underprediction; manual annotation missing; possible material-system outlier; possibly missing additive/structure feature,True
10.1021_acsenergylett.6b00671__sample_32107,unknown,p,SnTe(Cu2Te)0.05,10.1021/acsenergylett.6b00671,1.8917559819652647,0.682028369865037,-1.2097276121002278,1.2097276121002278,6.631002384365689,1.9778855496336858,0.29827851582395215,low,0.5233914694862493,0.9455827985221396,,,unknown,no,large_under_prediction,selected model primary split test residual,unknown,unknown,unknown,large tau_eff underprediction; low target quality; manual annotation missing; possible material-system outlier; possibly missing additive/structure feature,True
10.1016_j.jssc.2018.11.024__sample_39928,unknown,n,Bi2Te3,10.1016/j.jssc.2018.11.024,0.8853247801364678,-0.32317814034638565,-1.2085029204828535,1.2085029204828535,2.4237714564914974,0.7238448969013289,0.29864403880270224,low,0.0568203251543605,,0.2183871,0.211838998569509,unknown,no,large_under_prediction,selected model primary split test residual,unknown,unknown,unknown,large tau_eff underprediction; low target quality; manual annotation missing; possible material-system outlier; possibly missing additive/structure feature,True
10.1021_jacs.8b04193__sample_44993,unknown,p,Na1.10Pb9.90Sb0.85Te12,10.1021/jacs.8b04193,-0.8678237909247252,0.34055075473556223,1.2083745456602875,1.2083745456602875,0.419864268184618,1.4057215852233609,3.3480381440919684,medium,0.3158537737890582,0.2725458206797984,1.348419,1.3053984273189998,unknown,no,large_over_prediction,selected model primary split test residual,unknown,unknown,unknown,large tau_eff overprediction; manual annotation missing; possible material-system outlier; possibly missing additive/structure feature,True
10.1016_j.jallcom.2014.11.081__sample_22740,unknown,p,AgSb0.98Sn0.02Se2,10.1016/j.jallcom.2014.11.081,-1.113999325232898,-2.3214682912186344,-1.2074689659857365,1.2074689659857365,0.328243579678688,0.09812939724275191,0.29895298283917415,medium,0.1118189847865141,0.1118301770391666,,,unknown,no,large_under_prediction,selected model primary split test residual,unknown,unknown,unknown,large tau_eff underprediction; manual annotation missing; possible material-system outlier; possibly missing additive/structure feature,True
10.1021_acsaem.1c02589__sample_46137,unknown,n,Pb0.985Sb0.015Te,10.1021/acsaem.1c02589,0.8221313611977817,-0.3852943551810305,-1.2074257163788122,1.2074257163788122,2.275344253551963,0.6802503715103064,0.29896591271777473,low,0.4845070088284293,0.9597881934608568,1.122933,2.6866820605492667,unknown,no,large_under_prediction,selected model primary split test residual,unknown,unknown,unknown,large tau_eff underprediction; low target quality; manual annotation missing; possible material-system outlier; possibly missing additive/structure feature,True
10.1016_j.jallcom.2021.161838__sample_44434,unknown,p,FeV0.64Hf0.16Ti0.2Sb,10.1016/j.jallcom.2021.161838,0.3985839875094068,1.6011624123865322,1.2025784248771254,1.2025784248771254,1.4897137501523607,4.958793238208125,3.328688640821744,medium,0.2121882391485328,0.2843493879646237,0.2431143,0.2308031347253895,unknown,no,large_over_prediction,selected model primary split test residual,unknown,unknown,unknown,large tau_eff overprediction; manual annotation missing; possible material-system outlier; possibly missing additive/structure feature,True
10.1038_srep44621__sample_41145,unknown,p,Ca2.97Tb0.03Co4O9,10.1038/srep44621,-0.3675499034750915,-1.5699952707509932,-1.2024453672759017,1.2024453672759017,0.6924287713444883,0.20804616625681904,0.30045858125285,medium,0.25478829963342,0.2699665533651963,,,unknown,no,large_under_prediction,selected model primary split test residual,unknown,unknown,unknown,large tau_eff underprediction; manual annotation missing; possible material-system outlier; possibly missing additive/structure feature,True
10.1021_cm901824c__sample_6432,unknown,p,Yb11InSb9,10.1021/cm901824c,-1.451294621665666,-0.24894406984739162,1.2023505518182742,1.2023505518182742,0.2342668048071165,0.779623576630939,3.3279302087755958,medium,0.1797532474915292,0.3548091880050845,,,unknown,no,large_over_prediction,selected model primary split test residual,unknown,unknown,unknown,large tau_eff overprediction; manual annotation missing; possible material-system outlier; possibly missing additive/structure feature,True
10.1016_j.scriptamat.2019.09.009__sample_35186,unknown,p,Cu2Se,10.1016/j.scriptamat.2019.09.009,-0.4281645190410643,0.7733776850017701,1.2015422040428343,1.2015422040428343,0.6517041882304624,2.1670735978736118,3.3252411707798766,medium,0.2045419950296682,0.2570994184424686,1.606796,1.7328557539339684,unknown,no,large_over_prediction,selected model primary split test residual,unknown,unknown,unknown,large tau_eff overprediction; manual annotation missing; possible material-system outlier; possibly missing additive/structure feature,True
10.1016_j.jmat.2015.03.008__sample_14335,unknown,n,Yb0.33Co4Sb12.2,10.1016/j.jmat.2015.03.008,1.297999909681671,0.0975198525723956,-1.2004800571092753,1.2004800571092753,3.661965077244809,1.1024333274835247,0.3010496561897783,medium,0.1273347739417445,0.18386020498911,,,unknown,no,large_under_prediction,selected model primary split test residual,unknown,unknown,unknown,large tau_eff underprediction; manual annotation missing; possible material-system outlier; possibly missing additive/structure feature,True
10.1016_j.jallcom.2018.08.291__sample_41606,unknown,p,Cu2Se0.97I0.03,10.1016/j.jallcom.2018.08.291,0.1018327236897824,-1.09846968997272,-1.2003024136625025,1.2003024136625025,1.1071982481989728,0.3333808696210223,0.30110314043877623,medium,0.2701810088033509,0.534672276830742,1.138246,1.6989722247496866,unknown,no,large_under_prediction,selected model primary split test residual,unknown,unknown,unknown,large tau_eff underprediction; manual annotation missing; possible material-system outlier; possibly missing additive/structure feature,True
10.1016_j.jallcom.2011.03.057__sample_3669,unknown,p,Rh4Sb12,10.1016/j.jallcom.2011.03.057,1.089037549133926,-0.11079641028104464,-1.1998339594149705,1.1998339594149705,2.971412857016541,0.8951209678057233,0.3012442265274685,low,0.5005016307307791,0.8418639049862294,,,unknown,no,large_under_prediction,selected model primary split test residual,unknown,unknown,unknown,large tau_eff underprediction; low target quality; manual annotation missing; possible material-system outlier; possibly missing additive/structure feature,True
10.1103_physrevb.75.064204__sample_20628,unknown,n,Fe2VAl0.95Si0.05,10.1103/physrevb.75.064204,0.9549602424880635,2.153505622688831,1.1985453802007675,1.1985453802007675,2.5985672682965824,8.615006484589943,3.3152909257712877,medium,0.219828371720581,0.2944325831956071,,,unknown,no,large_over_prediction,selected model primary split test residual,unknown,unknown,unknown,large tau_eff overprediction; manual annotation missing; possible material-system outlier; possibly missing additive/structure feature,True
10.1016_j.applthermaleng.2020.115206__sample_28521,unknown,p,Bi2Te3,10.1016/j.applthermaleng.2020.115206,0.5107470612418153,-0.6864095275125219,-1.1971565887543374,1.1971565887543374,1.6665357342696316,0.5033802010473735,0.30205184965204634,medium,0.315399855835701,0.3015343609104127,,1.04926006399706,unknown,no,large_under_prediction,selected model primary split test residual,unknown,unknown,unknown,large tau_eff underprediction; manual annotation missing; possible material-system outlier; possibly missing additive/structure feature,True
10.1002_ejic.201100282__sample_6266,unknown,p,YbCd1.4Mn0.6Sb2,10.1002/ejic.201100282,-1.7235885399474986,-0.526666759518352,1.1969217804291468,1.1969217804291468,0.1784247134813518,0.5905702050725115,3.3099125874972213,medium,0.0945052741343982,0.1763991812887957,0.5360778,0.4663289463742433,unknown,no,large_over_prediction,selected model primary split test residual,unknown,unknown,unknown,large tau_eff overprediction; manual annotation missing; possible material-system outlier; possibly missing additive/structure feature,True
10.1021_acsami.1c12282__sample_45832,unknown,p,Al0.01Ge0.99Te,10.1021/acsami.1c12282,2.0837883074683785,0.8874425684522511,-1.1963457390161274,1.1963457390161274,8.034849813424609,2.4289099305418205,0.3022968676382231,medium,0.2544103999469786,0.3293437202298331,0.9621302,1.4201878216526649,unknown,no,large_under_prediction,selected model primary split test residual,unknown,unknown,unknown,large tau_eff underprediction; manual annotation missing; possible material-system outlier; possibly missing additive/structure feature,True
10.1039_d1tc02896k__sample_45868,unknown,p,Nb26.7Ti6.7Fe33.1Sb31.00Bi2.3,10.1039/d1tc02896k,2.1393448235470203,0.9432761826315101,-1.1960686409155101,1.1960686409155101,8.49387082130786,2.5683821386219443,0.3023806451328245,medium,0.2946594377671327,0.4717991607232589,,0.0549497613565366,unknown,no,large_under_prediction,selected model primary split test residual,unknown,unknown,unknown,large tau_eff underprediction; manual annotation missing; possible material-system outlier; possibly missing additive/structure feature,True
10.1021_acsami.1c12282__sample_45834,unknown,p,Al0.03Ge0.97Te,10.1021/acsami.1c12282,2.083286107528048,0.8874425684522511,-1.1958435390757969,1.1958435390757969,8.030815725371918,2.4289099305418205,0.30244871923385275,medium,0.1836455280411776,0.2586314581419693,0.8911243,1.077234067880514,unknown,no,large_under_prediction,selected model primary split test residual,unknown,unknown,unknown,large tau_eff underprediction; manual annotation missing; possible material-system outlier; possibly missing additive/structure feature,True
10.1142_s1793604714500143__sample_27615,unknown,n,(Sr0.9Gd0.1)TiO3,10.1142/s1793604714500143,0.2480692037562207,-0.9473536741194224,-1.195422877875643,1.195422877875643,1.2815486171034045,0.3877658216108331,0.30257597443885764,medium,0.568225539537028,0.7047243423658859,0.2898142,0.591602368466841,unknown,no,large_under_prediction,selected model primary split test residual,unknown,unknown,unknown,large tau_eff underprediction; manual annotation missing; possible material-system outlier; possibly missing additive/structure feature,True
10.1016_j.jallcom.2014.11.081__sample_22738,unknown,p,AgSb0.995Sn0.005Se2,10.1016/j.jallcom.2014.11.081,-1.1289072575313577,-2.3214682912186344,-1.1925610336872767,1.1925610336872767,0.3233864415153601,0.09812939724275191,0.30344313998733613,medium,0.1901515441861777,0.344230176205563,,,unknown,no,large_under_prediction,selected model primary split test residual,unknown,unknown,unknown,large tau_eff underprediction; manual annotation missing; possible material-system outlier; possibly missing additive/structure feature,True
10.1021_acsami.1c12282__sample_45833,unknown,p,Al0.02Ge0.98Te,10.1021/acsami.1c12282,2.0794496351066067,0.8874425684522511,-1.1920070666543556,1.1920070666543556,8.00006474767618,2.4289099305418205,0.3036112840520895,medium,0.2081021918507313,0.2812078462396157,0.9301775,1.2411033398921445,unknown,no,large_under_prediction,selected model primary split test residual,unknown,unknown,unknown,large tau_eff underprediction; manual annotation missing; possible material-system outlier; possibly missing additive/structure feature,True
10.1016_j.mtener.2020.100492__sample_36372,unknown,p,Cement with GnP and Fe2O3,10.1016/j.mtener.2020.100492,-4.202128498822048,-3.0104693171473365,1.1916591816747113,1.1916591816747113,0.014963692697576,0.04926855075800746,3.2925395992653987,medium,0.0850446679384379,0.1212929135031064,0.005000106,0.0045851859346037,unknown,no,large_over_prediction,selected model primary split test residual,unknown,unknown,unknown,large tau_eff overprediction; manual annotation missing; possible material-system outlier; possibly missing additive/structure feature,True
10.1016_j.scriptamat.2019.09.009__sample_35189,unknown,p,Cu2Se,10.1016/j.scriptamat.2019.09.009,-0.4174581069366908,0.7733776850017701,1.190835791938461,1.190835791938461,0.6587190870304243,2.1670735978736118,3.28982967176951,medium,0.2041424876520906,0.259805870815229,1.963592,2.1317482157251497,unknown,no,large_over_prediction,selected model primary split test residual,unknown,unknown,unknown,large tau_eff overprediction; manual annotation missing; possible material-system outlier; possibly missing additive/structure feature,True
10.1039_c3cp53749h__sample_21244,unknown,n,Si,10.1039/c3cp53749h,0.2871210732012739,-0.903463489403521,-1.1905845626047948,1.1905845626047948,1.332585544106867,0.405163945775223,0.30404347966026773,medium,0.214764652508139,0.4047347571872012,0.2858224,0.1646233396160833,unknown,no,large_under_prediction,selected model primary split test residual,unknown,unknown,unknown,large tau_eff underprediction; manual annotation missing; possible material-system outlier; possibly missing additive/structure feature,True
10.1016_j.joule.2020.07.021__sample_37073,unknown,p,Ge0.97Sn0.03Te,10.1016/j.joule.2020.07.021,1.9989643413799272,0.8085030504265678,-1.1904612909533594,1.1904612909533594,7.381407520629263,2.2445454991397478,0.30408096191231576,medium,0.2338472219074358,0.4426380628675596,1.290898,2.2066639461454,unknown,no,large_under_prediction,selected model primary split test residual,unknown,unknown,unknown,large tau_eff underprediction; manual annotation missing; possible material-system outlier; possibly missing additive/structure feature,True
10.12693_aphyspola.130.1255__sample_778,unknown,p,PbTe,10.12693/aphyspola.130.1255,-2.15082453783274,-0.9626821314183004,1.18814240641444,1.18814240641444,0.1163881517642305,0.38186729293827604,3.280980814196889,medium,0.5189673671063371,0.1114259227800024,0.1285347,0.1148534534050668,unknown,no,large_over_prediction,selected model primary split test residual,unknown,unknown,unknown,large tau_eff overprediction; manual annotation missing; possible material-system outlier; possibly missing additive/structure feature,True
10.1039_c5ra04428f__sample_5646,unknown,p,Bi0.4Sb1.6Te3,10.1039/c5ra04428f,0.7688446084268763,-0.4173742750322476,-1.1862188834591239,1.1862188834591239,2.1572723190683885,0.6587743110207169,0.305373737565597,medium,0.1974439300652725,0.3196285168503255,,,unknown,no,large_under_prediction,selected model primary split test residual,unknown,unknown,unknown,large tau_eff underprediction; manual annotation missing; possible material-system outlier; possibly missing additive/structure feature,True
10.1039_c1ee01314a__sample_34,unknown,n,Pb1Te0.996I0.004,10.1039/c1ee01314a,1.3933534335144304,0.20717812142493713,-1.1861753120894933,1.1861753120894933,4.028336185503486,1.230201677542222,0.30538704340746675,medium,0.4823162224022007,0.5598799165994423,,,unknown,no,large_under_prediction,selected model primary split test residual,unknown,unknown,unknown,large tau_eff underprediction; manual annotation missing; possible material-system outlier; possibly missing additive/structure feature,True
10.1021_acsenergylett.8b00137__sample_43756,unknown,p,AgSn5Sb(Te0.992I0.008)7,10.1021/acsenergylett.8b00137,1.1145213233252995,-0.07009399031928591,-1.1846153136445854,1.1846153136445854,3.048108771347511,0.9323061880314535,0.30586381850779515,medium,0.0776639407063078,0.1297727283732332,1.093625,1.11911721083349,unknown,no,large_under_prediction,selected model primary split test residual,unknown,unknown,unknown,large tau_eff underprediction; manual annotation missing; possible material-system outlier; possibly missing additive/structure feature,True
10.1021_jacs.9b11405__sample_41252,unknown,p,(GeTe)80(AgBiSe2)20,10.1021/jacs.9b11405,-1.0509664200205298,0.13351949109402722,1.184485911114557,1.184485911114557,0.349599725627115,1.1428435411889457,3.2690058298498466,medium,0.3825813453015724,0.7177219695046345,1.266579,0.9599459900772562,not_checked,no,large_over_prediction,selected model primary split test residual,unknown,unknown,not_checked,large tau_eff overprediction; manual annotation missing; possible material-system outlier; possibly missing additive/structure feature,True
10.1039_d0nr00495b__sample_34235,unknown,p,Sn0.99Pb0.01Te,10.1039/d0nr00495b,2.1088081167896786,0.9247110182316548,-1.184097098558024,1.184097098558024,8.238416200664256,2.521139591699786,0.30602236282946094,medium,0.2295054322996853,0.3223505287247805,0.0935197,0.4981793747014448,unknown,no,large_under_prediction,selected model primary split test residual,unknown,unknown,unknown,large tau_eff underprediction; manual annotation missing; possible material-system outlier; possibly missing additive/structure feature,True
10.1021_acs.chemmater.8b03994__sample_43399,unknown,n,Yb0.5Co3.8Fe0.2Sb12,10.1021/acs.chemmater.8b03994,1.1441393830825473,-0.0391381242491149,-1.1832775073316621,1.1832775073316621,3.139738082054225,0.961617877225696,0.30627327888335887,medium,0.0782364258184829,0.114014573821273,1.085965,1.1254236780296674,unknown,no,large_under_prediction,selected model primary split test residual,unknown,unknown,unknown,large tau_eff underprediction; manual annotation missing; possible material-system outlier; possibly missing additive/structure feature,True
10.1002_ejic.201100282__sample_6274,unknown,p,YbCdMnSb2,10.1002/ejic.201100282,-2.1197832536487526,-0.9368766524007123,1.1829066012480403,1.1829066012480403,0.1200576477486563,0.39184980920144413,3.2638471313530277,medium,0.1824380779143671,0.3562258787546621,0.03780636,0.0259469512368035,unknown,no,large_over_prediction,selected model primary split test residual,unknown,unknown,unknown,large tau_eff overprediction; manual annotation missing; possible material-system outlier; possibly missing additive/structure feature,True
10.1080_21870764.2020.1723197__sample_35632,unknown,p,Bi2Te3,10.1080/21870764.2020.1723197,0.4947320699500739,-0.6864095275125219,-1.1811415974625958,1.1811415974625958,1.6400587591595144,0.5033802010473735,0.3069281501263663,low,0.3182779997161392,,1.670562,1.1165207133874795,unknown,no,large_under_prediction,selected model primary split test residual,unknown,unknown,unknown,large tau_eff underprediction; low target quality; manual annotation missing; possible material-system outlier; possibly missing additive/structure feature,True
10.1016_j.actamat.2020.05.039__sample_38560,unknown,p,Cu26V2Sn6S32,10.1016/j.actamat.2020.05.039,0.7569389990562045,-0.424057654589587,-1.1809966536457916,1.1809966536457916,2.1317409622863552,0.6543861524561797,0.30697264068816843,medium,0.1512058171562987,0.3018561616087154,,,unknown,no,large_under_prediction,selected model primary split test residual,unknown,unknown,unknown,large tau_eff underprediction; manual annotation missing; possible material-system outlier; possibly missing additive/structure feature,True
10.1134_s1063782614040095__sample_17143,unknown,p,Zn0.97Cd0.03SbPb0.02Cu0.0015,10.1134/s1063782614040095,-0.0524188281363319,-1.2317017396033332,-1.1792829114670014,1.1792829114670014,0.9489313444554148,0.2917955948133086,0.3074991636837205,medium,0.1047618082061899,0.0812434066904454,0.7676838,0.7252819252356003,unknown,no,large_under_prediction,selected model primary split test residual,unknown,unknown,unknown,large tau_eff underprediction; manual annotation missing; possible material-system outlier; possibly missing additive/structure feature,True
10.1016_j.nanoen.2015.05.032__sample_6379,unknown,p,Bi0.5Sb1.5Te3,10.1016/j.nanoen.2015.05.032,0.7616431780524756,-0.4173742750322476,-1.1790174530847233,1.1790174530847233,2.1417926773436133,0.6587743110207169,0.3075808027496716,low,0.2402510105170669,,,,unknown,no,large_under_prediction,selected model primary split test residual,unknown,unknown,unknown,large tau_eff underprediction; low target quality; manual annotation missing; possible material-system outlier; possibly missing additive/structure feature,True
10.1007_s11664-016-4341-8__sample_17256,unknown,p,Bi,10.1007/s11664-016-4341-8,0.646854240247773,-0.530956643288593,-1.177810883536366,1.177810883536366,1.90952446574834,0.5880421539343546,0.30795214435961765,medium,0.2907467004486079,0.4394251180577358,,,unknown,no,large_under_prediction,selected model primary split test residual,unknown,unknown,unknown,large tau_eff underprediction; manual annotation missing; possible material-system outlier; possibly missing additive/structure feature,True
10.1021_acs.inorgchem.5b01296__sample_20403,unknown,p,Ca3Ba0.01Co4O9,10.1021/acs.inorgchem.5b01296,-0.3925769529402149,-1.5699952707509932,-1.1774183178107784,1.1774183178107784,0.6753143769261363,0.20804616625681904,0.3080730595486411,medium,0.2157870937146685,0.3424630797738424,,,unknown,no,large_under_prediction,selected model primary split test residual,unknown,unknown,unknown,large tau_eff underprediction; manual annotation missing; possible material-system outlier; possibly missing additive/structure feature,True
10.1063_1.4834700__sample_30814,unknown,p,Bi0.4Sb1.6Te3,10.1063/1.4834700,0.759677126129547,-0.4173742750322476,-1.1770514011617945,1.1770514011617945,2.1375859384204285,0.6587743110207169,0.30818611742343277,medium,0.2048855408745511,0.2557697963569202,,,unknown,no,large_under_prediction,selected model primary split test residual,unknown,unknown,unknown,large tau_eff underprediction; manual annotation missing; possible material-system outlier; possibly missing additive/structure feature,True
10.1039_c9ta14068a__sample_36258,unknown,p,Cu3.6Ge3Se5,10.1039/c9ta14068a,-1.3221763941715892,-0.14537312421963314,1.176803269951956,1.176803269951956,0.266554542461666,0.8646995925501004,3.24398745774312,medium,0.2268949683513064,0.4355402101536433,,,unknown,no,large_over_prediction,selected model primary split test residual,unknown,unknown,unknown,large tau_eff overprediction; manual annotation missing; possible material-system outlier; possibly missing additive/structure feature,True
10.1063_1.336088__sample_6972,unknown,n,LaS1.45,10.1063/1.336088,-0.0544385012319899,1.1221816246097616,1.1766201258417515,1.1766201258417515,0.9470167474302582,3.071547863520313,3.243393394947868,medium,0.3786347361055075,0.7647864534667941,,,unknown,no,large_over_prediction,selected model primary split test residual,unknown,unknown,unknown,large tau_eff overprediction; manual annotation missing; possible material-system outlier; possibly missing additive/structure feature,True
10.1088_0022-3727_41_21_215105__sample_1014,unknown,n,Sr8Ga15In1Ge30,10.1088/0022-3727/41/21/215105,0.4910809880740699,1.6674474464689863,1.1763664583949165,1.1763664583949165,1.6340816883754976,5.298625495590945,3.2425707559690657,medium,0.1568679555707936,0.3350851152985655,0.6270333,,unknown,no,large_over_prediction,selected model primary split test residual,unknown,unknown,unknown,large tau_eff overprediction; manual annotation missing; possible material-system outlier; possibly missing additive/structure feature,True
10.1038_am.2013.15__sample_20982,unknown,p,Bi0.975Ca0.025CuSeO,10.1038/am.2013.15,-2.506258321947612,-1.3329276442008402,1.1733306777467718,1.1733306777467718,0.0815728884221652,0.26370409830484276,3.2327419490173206,medium,0.1920623267662363,0.399385130786386,0.6364539,0.3660009394420258,unknown,no,large_over_prediction,selected model primary split test residual,unknown,unknown,unknown,large tau_eff overprediction; manual annotation missing; possible material-system outlier; possibly missing additive/structure feature,True
10.1039_c4nr04470c__sample_29809,unknown,n,Si99Ge1P3,10.1039/c4nr04470c,1.0463588615097383,-0.12578815314183098,-1.1721470146515693,1.1721470146515693,2.847264934826124,0.8818016339032559,0.309701293728434,medium,0.1628666387942139,0.2005559629969032,0.4048643,0.3494922733205259,unknown,no,large_under_prediction,selected model primary split test residual,unknown,unknown,unknown,large tau_eff underprediction; manual annotation missing; possible material-system outlier; possibly missing additive/structure feature,True
10.1016_j.jmat.2019.01.008__sample_41038,unknown,p,Ag1.4Cu0.6Te,10.1016/j.jmat.2019.01.008,-0.8355955659317088,0.3364571558502165,1.1720527217819252,1.1720527217819252,0.4336161575053125,1.399978887079805,3.228613285847525,low,0.0561093974122183,,1.025394,1.1249269861044713,unknown,no,large_over_prediction,selected model primary split test residual,unknown,unknown,unknown,large tau_eff overprediction; low target quality; manual annotation missing; possible material-system outlier; possibly missing additive/structure feature,True
10.1021_acs.chemmater.8b03994__sample_43374,unknown,n,Yb0.5Co3.9Fe0.1Sb12,10.1021/acs.chemmater.8b03994,1.1310037108931283,-0.0391381242491149,-1.1701418351422432,1.1701418351422432,3.0987652041343243,0.961617877225696,0.3103229234479335,medium,0.0899242679257867,0.1554444439931101,1.09571,1.279246514687391,unknown,no,large_under_prediction,selected model primary split test residual,unknown,unknown,unknown,large tau_eff underprediction; manual annotation missing; possible material-system outlier; possibly missing additive/structure feature,True
10.1063_1.1352686__sample_21963,unknown,p,Si0.95Ge0.05P0.04Ga0.05P0.05,10.1063/1.1352686,1.318727461436796,0.14943222381655333,-1.1692952376202428,1.1692952376202428,3.7386607588776415,1.1611747681508449,0.31058575330579963,medium,0.1537384132298297,0.0307294361220755,,,unknown,no,large_under_prediction,selected model primary split test residual,unknown,unknown,unknown,large tau_eff underprediction; manual annotation missing; possible material-system outlier; possibly missing additive/structure feature,True
10.2497_jjspm.61.18__sample_30766,unknown,n,Zn0.05Cu1.95FeS2,10.2497/jjspm.61.18,-1.1959731228968082,-2.365064303611096,-1.1690911807142879,1.1690911807142879,0.3024095293123992,0.09394325928343943,0.310649136940367,medium,0.0607115723928681,0.0549668571654071,,,unknown,no,large_under_prediction,selected model primary split test residual,unknown,unknown,unknown,large tau_eff underprediction; manual annotation missing; possible material-system outlier; possibly missing additive/structure feature,True
10.1021_am507882f__sample_29059,unknown,n,Zn0.98Al0.02OC0.17,10.1021/am507882f,-0.692014122029412,-1.8600288626244836,-1.1680147405950716,1.1680147405950716,0.5005668503419298,0.1556681373121656,0.31098371217716675,medium,0.1532819633152302,0.3227897537551791,,,unknown,no,large_under_prediction,selected model primary split test residual,unknown,unknown,unknown,large tau_eff underprediction; manual annotation missing; possible material-system outlier; possibly missing additive/structure feature,True
10.1103_physrevb.85.035207__sample_20029,unknown,p,RuIn2.95Zn0.05,10.1103/physrevb.85.035207,0.3338742977102588,1.5007531994885266,1.1668789017782677,1.1668789017782677,1.3963676059366084,4.485065947825132,3.2119521598446066,medium,0.3511183087895025,0.5414904966004124,,,unknown,no,large_over_prediction,selected model primary split test residual,unknown,unknown,unknown,large tau_eff overprediction; manual annotation missing; possible material-system outlier; possibly missing additive/structure feature,True
10.1016_j.jallcom.2013.10.104__sample_730,unknown,n,Ba8Au2Ga10Ge34,10.1016/j.jallcom.2013.10.104,-0.8022542801613385,0.364189394426948,1.1664436745882865,1.1664436745882865,0.4483171915853375,1.439346792605777,3.2105545350959317,medium,0.2174459940899361,0.146839070542344,,,unknown,no,large_over_prediction,selected model primary split test residual,unknown,unknown,unknown,large tau_eff overprediction; manual annotation missing; possible material-system outlier; possibly missing additive/structure feature,True
10.1021_acs.chemmater.7b02270__sample_41647,unknown,p,MnSi1.746Te0.03,10.1021/acs.chemmater.7b02270,0.0986237758661952,-1.0662209577991029,-1.164844733665298,1.164844733665298,1.10365100129918,0.3443072134492785,0.3119710968811444,medium,0.0908673528015527,0.1774058227656626,0.7029278,0.8243263593374652,unknown,no,large_under_prediction,selected model primary split test residual,unknown,unknown,unknown,large tau_eff underprediction; manual annotation missing; possible material-system outlier; possibly missing additive/structure feature,True
10.1016_j.scriptamat.2019.09.009__sample_35184,unknown,p,Cu2Se,10.1016/j.scriptamat.2019.09.009,-0.3911397269500625,0.7733776850017701,1.1645174119518327,1.1645174119518327,0.6762856541053902,2.1670735978736118,3.2043761163916424,medium,0.2142490601105127,0.2610914893897396,1.053398,1.1881956730437415,unknown,no,large_over_prediction,selected model primary split test residual,unknown,unknown,unknown,large tau_eff overprediction; manual annotation missing; possible material-system outlier; possibly missing additive/structure feature,True
10.1016_j.mattod.2017.02.007__sample_21610,unknown,p,(Bi0.25Sb0.75)2Te3,10.1016/j.mattod.2017.02.007,1.1644906373798507,6.011428478179339e-05,-1.164430523095069,1.164430523095069,3.204290321741219,1.0000601160916816,0.31210034537327647,medium,0.1714379328886084,0.3369500345744251,0.9355932,,unknown,no,large_under_prediction,selected model primary split test residual,unknown,unknown,unknown,large tau_eff underprediction; manual annotation missing; possible material-system outlier; possibly missing additive/structure feature,True
10.1016_j.jssc.2011.08.036__sample_82393,unknown,n,(Zr0.25Hf0.75NiSn)0.7(Zr0.25Hf0.75Ni2Sn)0.3,10.1016/j.jssc.2011.08.036,1.2672143411582142,0.10452420634001229,-1.162690134818202,1.162690134818202,3.550947045032337,1.1101822669903958,0.3126439940982803,medium,0.0895712791377536,0.0959085907964361,,,unknown,no,large_under_prediction,selected model primary split test residual,unknown,unknown,unknown,large tau_eff underprediction; manual annotation missing; possible material-system outlier; possibly missing additive/structure feature,True
10.1021_acs.chemmater.7b02270__sample_41642,unknown,p,MnSi1.782Te0.01,10.1021/acs.chemmater.7b02270,0.0950342302476304,-1.0662209577991029,-1.1612551880467332,1.1612551880467332,1.099696497365271,0.3443072134492785,0.3130929436205295,medium,0.0833723756967692,0.1523401629694375,0.5099976,0.5886221085405126,unknown,no,large_under_prediction,selected model primary split test residual,unknown,unknown,unknown,large tau_eff underprediction; manual annotation missing; possible material-system outlier; possibly missing additive/structure feature,True
10.1016_j.matlet.2012.11.089__sample_4575,unknown,p,CoSb3,10.1016/j.matlet.2012.11.089,-1.3083880564846526,-0.15005277864301125,1.1583352778416414,1.1583352778416414,0.2702553418083924,0.8606625506247997,3.184627341186834,medium,0.3196550124533744,0.5023848873379388,,,unknown,no,large_over_prediction,selected model primary split test residual,unknown,unknown,unknown,large tau_eff overprediction; manual annotation missing; possible material-system outlier; possibly missing additive/structure feature,True
10.1021_acsami.1c04326__sample_45078,unknown,p,Sn1.01Te,10.1021/acsami.1c04326,2.076383089018424,0.918891026634034,-1.15749206238439,1.15749206238439,7.9755697571230195,2.506509196146334,0.3142733713673257,medium,0.2988595951600206,0.4548487645852271,0.5671958,0.7215358841676366,unknown,no,large_under_prediction,selected model primary split test residual,unknown,unknown,unknown,large tau_eff underprediction; manual annotation missing; possible material-system outlier; possibly missing additive/structure feature,True
10.1016_j.nanoen.2015.05.032__sample_6378,unknown,p,Bi0.5Sb1.5Te3,10.1016/j.nanoen.2015.05.032,0.7391996935914733,-0.4173742750322476,-1.1565739686237209,1.1565739686237209,2.094258794904466,0.6587743110207169,0.3145620362791735,low,0.2214638676032822,,,,unknown,no,large_under_prediction,selected model primary split test residual,unknown,unknown,unknown,large tau_eff underprediction; low target quality; manual annotation missing; possible material-system outlier; possibly missing additive/structure feature,True
10.15541_jim20140403__sample_1249,unknown,n,Ba8Ga15CuSi30,10.15541/jim20140403,0.4270956840738635,-0.7284319444064299,-1.1555276284802933,1.1555276284802933,1.5327993191907905,0.4826652429460093,0.3148913474210195,medium,0.0457051582921664,0.0820416258979314,0.1677245,0.1327289551112031,unknown,no,large_under_prediction,selected model primary split test residual,unknown,unknown,unknown,large tau_eff underprediction; manual annotation missing; possible material-system outlier; possibly missing additive/structure feature,True
10.1007_s11664-016-5013-4__sample_2326,unknown,n,Ba7.5Yb0.5Ni0.1Zn0.54Ga13.8Ge31.56,10.1007/s11664-016-5013-4,-1.3860787261484688,-0.2308793097989239,1.155199416349545,1.155199416349545,0.2500539145555783,0.7938352683920872,3.1746564328055946,medium,0.197784839851023,0.1178239600161729,,,unknown,no,large_over_prediction,selected model primary split test residual,unknown,unknown,unknown,large tau_eff overprediction; manual annotation missing; possible material-system outlier; possibly missing additive/structure feature,True
10.1002_adfm.201902437__sample_41412,unknown,n,Cd3As2,10.1002/adfm.201902437,1.952224817297281,0.7976295489838091,-1.154595268313472,1.154595268313472,7.044342534544523,2.2202716404988485,0.3151850764795906,medium,0.5188731702728182,0.5401034530306743,,,unknown,no,large_under_prediction,selected model primary split test residual,unknown,unknown,unknown,large tau_eff underprediction; manual annotation missing; possible material-system outlier; possibly missing additive/structure feature,True
10.1088_1757-899x_18_14_142006__sample_9651,unknown,n,Mg2SiSb0.02,10.1088/1757-899x/18/14/142006,-0.3972945614556439,0.7563982071982525,1.1536927686538965,1.1536927686538965,0.6721360111085429,2.130588445794544,3.1698769454125797,low,0.6160639388993461,,0.2693478,0.1604378355548991,unknown,no,large_over_prediction,selected model primary split test residual,unknown,unknown,unknown,large tau_eff overprediction; low target quality; manual annotation missing; possible material-system outlier; possibly missing additive/structure feature,True
10.1063_1.3548867__sample_12175,unknown,n,(Zr0.5Hf0.5)0.97Nb0.03NiSn,10.1063/1.3548867,0.7835626922082172,-0.3694824611627197,-1.153045153370937,1.153045153370937,2.18925804066594,0.6910919050010312,0.31567402844427206,medium,0.1428316912263292,0.2970302082931088,,,unknown,no,large_under_prediction,selected model primary split test residual,unknown,unknown,unknown,large tau_eff underprediction; manual annotation missing; possible material-system outlier; possibly missing additive/structure feature,True
10.1016_j.intermet.2015.02.004__sample_22799,unknown,p,Ti49Ni51,10.1016/j.intermet.2015.02.004,3.609990534114255,2.457232273912078,-1.1527582602021766,1.1527582602021766,36.96570290004624,11.672460617624827,0.31576460615903035,medium,0.1745049742649387,0.2533551423914479,,,unknown,no,large_under_prediction,selected model primary split test residual,unknown,unknown,unknown,large tau_eff underprediction; manual annotation missing; possible material-system outlier; possibly missing additive/structure feature,True
10.1039_c4ra06042c__sample_198,unknown,p,Pb0.32Mn0.04Sn0.64Te1,10.1039/c4ra06042c,1.4039854211926814,0.25148534460219674,-1.1525000765904847,1.1525000765904847,4.0713938951107576,1.2859340540506936,0.31584614193064003,medium,0.2418024636544333,0.4615155652782154,0.4995392,0.0071373844097632,unknown,no,large_under_prediction,selected model primary split test residual,unknown,unknown,unknown,large tau_eff underprediction; manual annotation missing; possible material-system outlier; possibly missing additive/structure feature,True
10.1063_1.3501370__sample_13030,unknown,p,YbCd2Sb2,10.1063/1.3501370,-0.3645443016426834,0.7870965404263982,1.1516408420690816,1.1516408420690816,0.6945130672411715,2.1970082322269864,3.163379259304951,medium,0.1220098774507722,0.0642214255781357,,,unknown,no,large_over_prediction,selected model primary split test residual,unknown,unknown,unknown,large tau_eff overprediction; manual annotation missing; possible material-system outlier; possibly missing additive/structure feature,True
10.1039_d0ee02323j__sample_37113,unknown,p,Cu0.84Ag0.2In0.96Te2,10.1039/d0ee02323j,-1.7481325269646992,-0.6002399803982724,1.147892546566427,1.147892546566427,0.1740987648072392,0.5486799478609493,3.151544173609982,low,0.6178258072357146,0.9348271654784498,1.290482,0.643340549175436,not_checked,no,large_over_prediction,selected model primary split test residual,unknown,unknown,not_checked,large tau_eff overprediction; low target quality; manual annotation missing; possible material-system outlier; possibly missing additive/structure feature,True
10.1063_1.4748152__sample_844,unknown,n,(TiO2)30.73(Ba8Ga16Ge30)69.27,10.1063/1.4748152,-0.7830045552658288,0.364189394426948,1.1471939496927768,1.1471939496927768,0.457030772135677,1.439346792605777,3.1493432835600914,medium,0.3697797783607813,0.7780180766142051,,,unknown,no,large_over_prediction,selected model primary split test residual,unknown,unknown,unknown,large tau_eff overprediction; manual annotation missing; possible material-system outlier; possibly missing additive/structure feature,True
10.1021_acs.chemmater.8b03994__sample_43367,unknown,p,Yb0.25Co3.5Fe0.5Sb12,10.1021/acs.chemmater.8b03994,-0.5336522587436477,0.6106725076432534,1.1443247663869012,1.1443247663869012,0.5864591529554896,1.8416695192402741,3.1403201910296574,medium,0.2771380347299139,0.5294004947189372,0.02454361,0.0230351181686287,unknown,no,large_over_prediction,selected model primary split test residual,unknown,unknown,unknown,large tau_eff overprediction; manual annotation missing; possible material-system outlier; possibly missing additive/structure feature,True
10.1016_j.jallcom.2016.06.172__sample_2651,unknown,p,Pb0.588Sr0.392Na0.02Te,10.1016/j.jallcom.2016.06.172,-1.0016112270143471,0.1423890514845759,1.144000278498923,1.144000278498923,0.3672871811386142,1.1530251474321291,3.139301360471324,medium,0.1868239379616129,0.2328375639830903,0.2576436,0.4965801326419871,unknown,no,large_over_prediction,selected model primary split test residual,unknown,unknown,unknown,large tau_eff overprediction; manual annotation missing; possible material-system outlier; possibly missing additive/structure feature,True
10.1038_s41467-017-01149-4__sample_10778,unknown,n,TiS2,10.1038/s41467-017-01149-4,-1.0330499045726134,0.10995223533024437,1.1430021399028578,1.1430021399028578,0.3559197821456122,1.116224753078834,3.1361694659111965,medium,0.1728740732056932,0.3131299244799895,0.1005071,0.1318882415146763,unknown,no,large_over_prediction,selected model primary split test residual,unknown,unknown,unknown,large tau_eff overprediction; manual annotation missing; possible material-system outlier; possibly missing additive/structure feature,True
10.1021_acs.cgd.5b01015__sample_9804,unknown,n,Bi33.5In7.5Te59,10.1021/acs.cgd.5b01015,-1.6349772206635778,-0.49215442880227767,1.1428227918613,1.1428227918613,0.1949568122354152,0.611307954987408,3.1356070504950524,medium,0.0909784526244173,0.1985267201047401,0.02173018,0.0234102082649652,unknown,no,large_over_prediction,selected model primary split test residual,unknown,unknown,unknown,large tau_eff overprediction; manual annotation missing; possible material-system outlier; possibly missing additive/structure feature,True
10.1557_jmr.2011.153__sample_19940,unknown,p,RuIn2.95Zn0.05,10.1557/jmr.2011.153,0.3587136422132299,1.5007531994885266,1.1420395572752966,1.1420395572752966,1.4314868254754027,4.485065947825132,3.13315209613307,medium,0.3415456788447563,0.5099634670991317,,,unknown,no,large_over_prediction,selected model primary split test residual,unknown,unknown,unknown,large tau_eff overprediction; manual annotation missing; possible material-system outlier; possibly missing additive/structure feature,True
10.1016_j.scriptamat.2019.09.009__sample_35187,unknown,p,Cu2Se,10.1016/j.scriptamat.2019.09.009,-0.3670431396307536,0.7733776850017701,1.1404208246325236,1.1404208246325236,0.6927797581367817,2.1670735978736118,3.1280844632382387,medium,0.2021236807288433,0.2670127901774343,1.764563,2.101478425241965,unknown,no,large_over_prediction,selected model primary split test residual,unknown,unknown,unknown,large tau_eff overprediction; manual annotation missing; possible material-system outlier; possibly missing additive/structure feature,True
10.1021_jacs.8b04193__sample_44986,unknown,p,NaPb10SbTe12,10.1021/jacs.8b04193,-0.0255017434003885,-1.1643729341194855,-1.138871190719097,1.138871190719097,0.9748206794615084,0.3121183194299945,0.32018024033138986,medium,0.3148438181010862,0.5286393641152877,,0.2630914494416238,unknown,no,large_under_prediction,selected model primary split test residual,unknown,unknown,unknown,large tau_eff underprediction; manual annotation missing; possible material-system outlier; possibly missing additive/structure feature,True
10.1021_jacs.5b01863__sample_20952,unknown,p,Bi0.975Cu0.975SeO,10.1021/jacs.5b01863,-2.784308410576538,-1.647202116235689,1.137106294340849,1.137106294340849,0.0617717949818423,0.1925879943416546,3.1177334963030536,low,0.568001509444117,0.9292557811452364,0.8325959,0.3799927805825661,unknown,no,large_over_prediction,selected model primary split test residual,unknown,unknown,unknown,large tau_eff overprediction; low target quality; manual annotation missing; possible material-system outlier; possibly missing additive/structure feature,True
10.1016_j.mssp.2020.105393__sample_38624,unknown,n,Pb0.96Bi0.04S,10.1016/j.mssp.2020.105393,-0.606706070111558,-1.742027459452399,-1.1353213893408411,1.1353213893408411,0.5451435796526276,0.17516490062436355,0.3213188362889293,medium,0.1083920634413179,0.2093635986480305,0.8948312,1.119894758522608,unknown,no,large_under_prediction,selected model primary split test residual,unknown,unknown,unknown,large tau_eff underprediction; manual annotation missing; possible material-system outlier; possibly missing additive/structure feature,True
10.1088_0022-3727_40_21_053__sample_15181,unknown,n,Pb1.13Te,10.1088/0022-3727/40/21/053,-0.6060567513923226,0.5275460440365598,1.1336027954288825,1.1336027954288825,0.5454976665287448,1.6947683147667032,3.1068296323819347,low,0.1470677585959286,,,,unknown,no,large_over_prediction,selected model primary split test residual,unknown,unknown,unknown,large tau_eff overprediction; low target quality; manual annotation missing; possible material-system outlier; possibly missing additive/structure feature,True
10.1016_j.jallcom.2016.02.123__sample_7260,unknown,p,(Bi0.2Sb0.8)2Te3(PbTe)0.04,10.1016/j.jallcom.2016.02.123,1.6919618896271775,0.5585672879411729,-1.1333946016860046,1.1333946016860046,5.430123564755536,1.7481660866071635,0.3219385462890228,medium,0.2170749383331775,0.4020874885875115,,0.2115698141396909,unknown,no,large_under_prediction,selected model primary split test residual,unknown,unknown,unknown,large tau_eff underprediction; manual annotation missing; possible material-system outlier; possibly missing additive/structure feature,True
10.1016_j.jallcom.2020.156540__sample_38703,unknown,p,(Cu2Te)50.00(Ag2Te)50.00,10.1016/j.jallcom.2020.156540,-0.7966765946217192,0.3364571558502165,1.1331337504719357,1.1331337504719357,0.4508247505888389,1.399978887079805,3.105372731313533,low,0.4798630507236865,,0.9732131,0.7444071209613322,unknown,no,large_over_prediction,selected model primary split test residual,unknown,unknown,unknown,large tau_eff overprediction; low target quality; manual annotation missing; possible material-system outlier; possibly missing additive/structure feature,True
10.1016_j.intermet.2015.02.004__sample_22800,unknown,p,Ti49Ni51,10.1016/j.intermet.2015.02.004,3.589551623512352,2.457232273912078,-1.132319349600274,1.132319349600274,36.21783306051109,11.672460617624827,0.3222848975564887,medium,0.1902712734847073,0.2131584415262334,,,unknown,no,large_under_prediction,selected model primary split test residual,unknown,unknown,unknown,large tau_eff underprediction; manual annotation missing; possible material-system outlier; possibly missing additive/structure feature,True
10.1063_1.3514145__sample_30213,unknown,p,(In0.52Al0.48As)0.5(In0.53Ga0.47As)0.5,10.1063/1.3514145,0.3189792563157724,-0.8120717034466202,-1.1310509597623926,1.1310509597623926,1.375722787050971,0.44393740623041605,0.32269393980312694,medium,0.206666999695681,0.3876434840476268,0.5956337,,unknown,no,large_under_prediction,selected model primary split test residual,unknown,unknown,unknown,large tau_eff underprediction; manual annotation missing; possible material-system outlier; possibly missing additive/structure feature,True
10.1039_c4ta00539b__sample_13126,unknown,p,Yb9Zn4.2Sb9,10.1039/c4ta00539b,1.8316639077243049,0.7026317792500046,-1.1290321284743001,1.1290321284743001,6.244267905011269,2.0190594400720263,0.32334606246661074,medium,0.4176713983867362,0.4594532330629369,,,unknown,no,large_under_prediction,selected model primary split test residual,unknown,unknown,unknown,large tau_eff underprediction; manual annotation missing; possible material-system outlier; possibly missing additive/structure feature,True
10.1063_1.4921811__sample_11426,unknown,p,YNiBi,10.1063/1.4921811,1.6488225087265125,2.77730125452038,1.1284787457938674,1.1284787457938674,5.20085226215727,16.075578459584598,3.0909507998438284,low,0.5784149997003464,0.9793207742058356,,,unknown,no,large_over_prediction,selected model primary split test residual,unknown,unknown,unknown,large tau_eff overprediction; low target quality; manual annotation missing; possible material-system outlier; possibly missing additive/structure feature,True
10.2320_matertrans.e-m2011807__sample_20527,unknown,p,Fe2V0.84Ti0.16Al0.97Sb0.03,10.2320/matertrans.e-m2011807,2.13316387511158,1.0062401570705837,-1.1269237180409961,1.1269237180409961,8.44153256041795,2.735297368637652,0.32402852788406755,medium,0.0805778169691424,0.0784023148888541,,,unknown,no,large_under_prediction,selected model primary split test residual,unknown,unknown,unknown,large tau_eff underprediction; manual annotation missing; possible material-system outlier; possibly missing additive/structure feature,True
10.1103_physrevb.81.125205__sample_15088,unknown,n,La3Te3.40Sb0.60,10.1103/physrevb.81.125205,-0.5586057052923907,-1.6847266460972496,-1.126120940804859,1.126120940804859,0.5720060531133184,0.18549513084424316,0.3242887550483583,medium,0.5184274132095127,0.4757284590960418,,,unknown,no,large_under_prediction,selected model primary split test residual,unknown,unknown,unknown,large tau_eff underprediction; manual annotation missing; possible material-system outlier; possibly missing additive/structure feature,True
10.1002_pssa.202000419__sample_84407,unknown,p,Nb0.9Ti0.1FeSb,10.1002/pssa.202000419,1.968372455388378,0.8424663054638852,-1.1259061499244927,1.1259061499244927,7.1590153845237605,2.3220868959468746,0.32435841679663424,medium,0.2782706173502271,0.3799220560632297,0.7753,,unknown,no,large_under_prediction,selected model primary split test residual,unknown,unknown,unknown,large tau_eff underprediction; manual annotation missing; possible material-system outlier; possibly missing additive/structure feature,True
10.1007_s11664-011-1890-8__sample_4070,unknown,p,CeFe3.5Co0.5Sb12,10.1007/s11664-011-1890-8,1.0889269444303549,-0.03558528586191312,-1.124512230292268,1.124512230292268,2.9710842229528747,0.965040426415656,0.32481086162428957,medium,0.0901027495749566,0.0647169956665337,0.8050009,0.8213897266446974,unknown,no,large_under_prediction,selected model primary split test residual,unknown,unknown,unknown,large tau_eff underprediction; manual annotation missing; possible material-system outlier; possibly missing additive/structure feature,True
10.1021_nn507250r__sample_11293,unknown,n,Bi2Se(Bi2Te3)4,10.1021/nn507250r,-1.0803950226380437,0.04340321688619931,1.123798239524243,1.123798239524243,0.3394614042167753,1.044358913113092,3.076517389429577,low,0.1567535766915464,,,0.6214083671930759,unknown,no,large_over_prediction,selected model primary split test residual,unknown,unknown,unknown,large tau_eff overprediction; low target quality; manual annotation missing; possible material-system outlier; possibly missing additive/structure feature,True
10.1016_j.intermet.2016.05.012__sample_14727,unknown,p,Cu1.99Zn0.01Se,10.1016/j.intermet.2016.05.012,0.7347178206087196,-0.38875131473712493,-1.1234691353458446,1.1234691353458446,2.084893595486517,0.6779028334978274,0.325149846958802,medium,0.2745970456134501,0.4455082262488304,,,unknown,no,large_under_prediction,selected model primary split test residual,unknown,unknown,unknown,large tau_eff underprediction; manual annotation missing; possible material-system outlier; possibly missing additive/structure feature,True
10.1016_j.jallcom.2011.03.057__sample_3676,unknown,p,Rh4Sb12,10.1016/j.jallcom.2011.03.057,-1.23309410826959,-0.11079641028104464,1.1222976979885455,1.1222976979885455,0.2913895904895812,0.8951209678057233,3.0719044091512555,medium,0.506275945005997,0.7959362085645483,,,unknown,no,large_over_prediction,selected model primary split test residual,unknown,unknown,unknown,large tau_eff overprediction; manual annotation missing; possible material-system outlier; possibly missing additive/structure feature,True
10.1016_j.actamat.2005.12.032__sample_542,unknown,n,Ba24Ga0Ge100,10.1016/j.actamat.2005.12.032,1.484836367020001,0.364189394426948,-1.120646972593053,1.120646972593053,4.414243037935279,1.439346792605777,0.32606876880957103,medium,0.1570744876627982,0.3508726051148072,,,unknown,no,large_under_prediction,selected model primary split test residual,unknown,unknown,unknown,large tau_eff underprediction; manual annotation missing; possible material-system outlier; possibly missing additive/structure feature,True
10.1063_1.3553842__sample_5389,unknown,p,YbFe4Sb12,10.1063/1.3553842,1.9071592904021537,0.7869442165724929,-1.1202150738296608,1.1202150738296608,6.733932456051211,2.196673600952802,0.32620962792384983,medium,0.0860632849332341,0.0635028856638453,0.5890875,0.5476017278660622,unknown,no,large_under_prediction,selected model primary split test residual,unknown,unknown,unknown,large tau_eff underprediction; manual annotation missing; possible material-system outlier; possibly missing additive/structure feature,True
10.1016_j.jpcs.2019.109262__sample_34134,unknown,p,Sb1.85Bi0.15Te3,10.1016/j.jpcs.2019.109262,1.1201193931038111,6.011428478179339e-05,-1.1200592788190293,1.1200592788190293,3.06522014759424,1.0000601160916816,0.3262604537153998,medium,0.1818334174700673,0.327782110417001,0.9521626,1.0116197282567074,unknown,no,large_under_prediction,selected model primary split test residual,unknown,unknown,unknown,large tau_eff underprediction; manual annotation missing; possible material-system outlier; possibly missing additive/structure feature,True
10.1016_j.jmat.2020.11.001__sample_39615,unknown,p,Mn0.02Cu1.8S,10.1016/j.jmat.2020.11.001,1.454084754971073,0.3346913471589286,-1.1193934078121444,1.1193934078121444,4.280563907360412,1.3975089735325665,0.3264777734376435,medium,0.2660613595935656,0.5239982710994802,0.4011765,0.1790299092551797,unknown,no,large_under_prediction,selected model primary split test residual,unknown,unknown,unknown,large tau_eff underprediction; manual annotation missing; possible material-system outlier; possibly missing additive/structure feature,True
10.1016_s0955-2219_02_00202-9__sample_20089,unknown,p,Na0.15Ca2.85Co4O9,10.1016/s0955-2219(02)00202-9,-2.6013269665155456,-1.4834612520326818,1.1178657144828639,1.1178657144828639,0.0741750850260876,0.2268511389802959,3.058319904864439,low,0.5303362039725147,,,,unknown,no,large_over_prediction,selected model primary split test residual,unknown,unknown,unknown,large tau_eff overprediction; low target quality; manual annotation missing; possible material-system outlier; possibly missing additive/structure feature,True
10.1039_c5ta00470e__sample_1741,unknown,n,Bi2Te3,10.1039/c5ta00470e,0.7946538158096546,-0.32317814034638565,-1.1178319561560401,1.1178319561560401,2.21367452501839,0.7238448969013289,0.32698795090272614,medium,0.1487805193439816,0.2308591044326591,0.4461658,0.5173631287533019,unknown,no,large_under_prediction,selected model primary split test residual,unknown,unknown,unknown,large tau_eff underprediction; manual annotation missing; possible material-system outlier; possibly missing additive/structure feature,True
10.1016_j.actamat.2016.10.077__sample_31120,unknown,n,Mg2Sn0.74Bi0.01Ge0.25,10.1016/j.actamat.2016.10.077,0.7131196121107004,-0.3996698257070091,-1.1127894378177094,1.1127894378177094,2.040346430091153,0.6705414050244296,0.328640957797776,medium,0.1377441056818706,0.228183536360216,,,unknown,no,large_under_prediction,selected model primary split test residual,unknown,unknown,unknown,large tau_eff underprediction; manual annotation missing; possible material-system outlier; possibly missing additive/structure feature,True
10.1039_c9nr09331a__sample_35375,unknown,p,Sn1.03Te,10.1039/c9nr09331a,2.031257755237542,0.918891026634034,-1.112366728603508,1.112366728603508,7.623669040847831,2.506509196146334,0.3287799067242279,medium,0.2445813392704796,0.4606810346861031,0.42,0.3520920379362816,unknown,no,large_under_prediction,selected model primary split test residual,unknown,unknown,unknown,large tau_eff underprediction; manual annotation missing; possible material-system outlier; possibly missing additive/structure feature,True
10.1063_1.3607976__sample_13611,unknown,p,Ca5Al1.9Zn0.1Sb6,10.1063/1.3607976,-1.1634426588652012,-0.051615348069910735,1.1118273107952905,1.1118273107952905,0.3124088104763355,0.9496940982627923,3.0399081793332785,medium,0.3767124654246919,0.6540922039174473,,,unknown,no,large_over_prediction,selected model primary split test residual,unknown,unknown,unknown,large tau_eff overprediction; manual annotation missing; possible material-system outlier; possibly missing additive/structure feature,True
10.1021_acsaem.9b01656__sample_35419,unknown,n,Pb0.99Sb0.01Se0.84Te0.08S0.08,10.1021/acsaem.9b01656,0.5993907353429557,-0.5107980580191194,-1.110188793362075,1.110188793362075,1.821008985924191,0.600016539676086,0.3294967484037802,low,0.4430976878073068,0.828038243355309,0.7181483,0.0384047956981544,unknown,no,large_under_prediction,selected model primary split test residual,unknown,unknown,unknown,large tau_eff underprediction; low target quality; manual annotation missing; possible material-system outlier; possibly missing additive/structure feature,True
10.1016_j.scriptamat.2019.09.009__sample_35188,unknown,p,Cu2Se,10.1016/j.scriptamat.2019.09.009,-0.3356086229301869,0.7733776850017701,1.108986307931957,1.108986307931957,0.7149028476519316,2.1670735978736118,3.0312840478832532,medium,0.2154176120521585,0.3067138886409716,1.997573,2.3748485954315965,unknown,no,large_over_prediction,selected model primary split test residual,unknown,unknown,unknown,large tau_eff overprediction; manual annotation missing; possible material-system outlier; possibly missing additive/structure feature,True
10.1039_c6ra02658c__sample_3077,unknown,p,SnCd0.01Te,10.1039/c6ra02658c,2.0267316640598376,0.918891026634034,-1.1078406374258036,1.1078406374258036,7.589241589324565,2.506509196146334,0.3302713672565286,medium,0.2813444222050481,0.5256166565268091,0.2572318,0.4391005917988057,unknown,no,large_under_prediction,selected model primary split test residual,unknown,unknown,unknown,large tau_eff underprediction; manual annotation missing; possible material-system outlier; possibly missing additive/structure feature,True
10.1063_1.4900953__sample_7029,unknown,n,LaOBiS1.4Se0.6,10.1063/1.4900953,-0.9851542058800375,0.12152425192830495,1.1066784578083424,1.1066784578083424,0.3733816448518927,1.1292167512767752,3.024296364982525,medium,0.380096535820716,0.7058606246268107,,,unknown,no,large_over_prediction,selected model primary split test residual,unknown,unknown,unknown,large tau_eff overprediction; manual annotation missing; possible material-system outlier; possibly missing additive/structure feature,True
10.1016_j.intermet.2016.05.012__sample_14730,unknown,p,Cu1.99Mn0.01Se,10.1016/j.intermet.2016.05.012,0.7167120169306581,-0.38875131473712493,-1.105463331667783,1.105463331667783,2.047689361935934,0.6779028334978274,0.3310574572975864,medium,0.2501775104905309,0.3755931846685943,,,unknown,no,large_under_prediction,selected model primary split test residual,unknown,unknown,unknown,large tau_eff underprediction; manual annotation missing; possible material-system outlier; possibly missing additive/structure feature,True
10.1021_acs.chemmater.8b03994__sample_43371,unknown,n,Yb0.4Co3.9Fe0.1Sb12,10.1021/acs.chemmater.8b03994,1.0659803320920267,-0.0391381242491149,-1.1051184563411416,1.1051184563411416,2.903684163992244,0.961617877225696,0.33117165053639236,medium,0.091915616575815,0.1495455128284244,1.135314,0.9450037773750616,not_checked,no,large_under_prediction,selected model primary split test residual,unknown,unknown,not_checked,large tau_eff underprediction; manual annotation missing; possible material-system outlier; possibly missing additive/structure feature,True
10.1007_s11664-013-2746-1__sample_30300,unknown,p,(BaFe12O19)0.0005CeFe3CoSb12,10.1007/s11664-013-2746-1,1.1722081410601777,0.0673510269445614,-1.1048571141156163,1.1048571141156163,3.22911511359001,1.0696708955860956,0.3312582109830316,medium,0.1084821806579313,0.0698982500849684,,0.4467134057550184,unknown,no,large_under_prediction,selected model primary split test residual,unknown,unknown,unknown,large tau_eff underprediction; manual annotation missing; possible material-system outlier; possibly missing additive/structure feature,True
10.1021_cm902001c__sample_27106,unknown,n,K0.8Pb20SbTe22,10.1021/cm902001c,-0.2515393108166336,-1.3561849551486496,-1.1046456443320158,1.1046456443320158,0.7776028888043535,0.2576418194999868,0.3313282694925919,medium,0.2659669012760327,0.4417434363471129,0.7609694,,unknown,no,large_under_prediction,selected model primary split test residual,unknown,unknown,unknown,large tau_eff underprediction; manual annotation missing; possible material-system outlier; possibly missing additive/structure feature,True
10.1021_am405410e__sample_120,unknown,n,Pb1.00015Zn0.01Te1.01I0.0003,10.1021/am405410e,0.1404528940035443,1.2447138550815788,1.1042609610780345,1.1042609610780345,1.1507948689490173,3.4719411788584926,3.016993968724679,medium,0.4251158016222295,0.7431972310199405,,,unknown,no,large_over_prediction,selected model primary split test residual,unknown,unknown,unknown,large tau_eff overprediction; manual annotation missing; possible material-system outlier; possibly missing additive/structure feature,True
10.1063_1.1305829__sample_81682,unknown,p,(Zr0.65Hf0.35)(Co0.65Pt0.35)(Sb0.65Sn0.35),10.1063/1.1305829,-1.2647310384661234,-0.16111706287015998,1.1036139755959635,1.1036139755959635,0.2823152178640875,0.8511924222466675,3.015042648733337,medium,0.2220308546754489,0.2529306303748568,,,unknown,no,large_over_prediction,selected model primary split test residual,unknown,unknown,unknown,large tau_eff overprediction; manual annotation missing; possible material-system outlier; possibly missing additive/structure feature,True
10.1016_j.joule.2020.07.021__sample_37075,unknown,p,Ge0.92Sn0.08Te,10.1016/j.joule.2020.07.021,1.912089552239843,0.8085030504265678,-1.1035865018132751,1.1035865018132751,6.767214483394675,2.2445454991397478,0.3316793792552891,medium,0.1704328262699937,0.3579017622542596,1.264826,1.6034915918004031,unknown,no,large_under_prediction,selected model primary split test residual,unknown,unknown,unknown,large tau_eff underprediction; manual annotation missing; possible material-system outlier; possibly missing additive/structure feature,True
10.1002_adfm.201902437__sample_41413,unknown,n,Cd3As2,10.1002/adfm.201902437,1.900967705386248,0.7976295489838091,-1.103338156402439,1.103338156402439,6.692367549868339,2.2202716404988485,0.3317617605360794,medium,0.4710007534998385,0.553929572508087,,,unknown,no,large_under_prediction,selected model primary split test residual,unknown,unknown,unknown,large tau_eff underprediction; manual annotation missing; possible material-system outlier; possibly missing additive/structure feature,True
10.1002_adfm.200800298__sample_5869,unknown,p,Yb14Mn0.6Al0.4Sb11,10.1002/adfm.200800298,0.0372193195642689,1.1383589576805098,1.1011396381162408,1.1011396381162408,1.0379206321782295,3.1216414138982405,3.0075916376640626,medium,0.2192907760803443,0.1944669759891393,,,unknown,no,large_over_prediction,selected model primary split test residual,unknown,unknown,unknown,large tau_eff overprediction; manual annotation missing; possible material-system outlier; possibly missing additive/structure feature,True
10.1021_acsnano.1c03120__sample_44817,unknown,p,Cu2SnSe2.6S0.4,10.1021/acsnano.1c03120,-1.3718856501002137,-0.27413314887658524,1.0977525012236284,1.0977525012236284,0.2536282542162809,0.7602308446387507,2.997421746200507,medium,0.1526178710608145,0.3127184958833224,,,unknown,no,large_over_prediction,selected model primary split test residual,unknown,unknown,unknown,manual annotation missing; possible material-system outlier; possibly missing additive/structure feature,True
10.1016_j.mssp.2020.105393__sample_38626,unknown,n,Pb0.96Bi0.04S,10.1016/j.mssp.2020.105393,-0.6461616619193898,-1.742027459452399,-1.0958657975330093,1.0958657975330093,0.5240534154790003,0.17516490062436355,0.3342500887323817,medium,0.153065251833303,0.3192803230212572,,0.966162497425799,unknown,no,large_under_prediction,selected model primary split test residual,unknown,unknown,unknown,manual annotation missing; possible material-system outlier; possibly missing additive/structure feature,True
10.1039_c5ra21404a__sample_82699,unknown,n,Ta0.12Nb0.88CoSb,10.1039/c5ra21404a,0.8513317710447565,-0.24416826074755274,-1.0955000317923094,1.0955000317923094,2.3427648015950493,0.7833558151381264,0.33437236832514555,medium,0.4285325266438046,0.3047580769155317,,,unknown,no,large_under_prediction,selected model primary split test residual,unknown,unknown,unknown,manual annotation missing; possible material-system outlier; possibly missing additive/structure feature,True
10.1142_s1793604714500143__sample_27614,unknown,n,(Sr0.9Gd0.1)TiO3,10.1142/s1793604714500143,0.1462546929754364,-0.9473536741194224,-1.0936083670948589,1.0936083670948589,1.1574909553270785,0.3877658216108331,0.3350054873657825,medium,0.554552858500126,0.6662206966056353,0.2881382,,unknown,no,large_under_prediction,selected model primary split test residual,unknown,unknown,unknown,manual annotation missing; possible material-system outlier; possibly missing additive/structure feature,True
10.1021_acs.chemmater.7b02270__sample_41646,unknown,p,MnSi1.746Te0.03,10.1021/acs.chemmater.7b02270,0.0268583718642325,-1.0662209577991029,-1.0930793296633354,1.0930793296633354,1.0272223088800934,0.3443072134492785,0.33518276469740216,medium,0.0905256624027277,0.1739235055936742,0.5357967,0.6414238965457535,unknown,no,large_under_prediction,selected model primary split test residual,unknown,unknown,unknown,manual annotation missing; possible material-system outlier; possibly missing additive/structure feature,True
10.1016_j.mattod.2017.02.007__sample_21614,unknown,p,(Bi0.25Sb0.75)2Te3,10.1016/j.mattod.2017.02.007,1.0918922709831025,6.011428478179339e-05,-1.0918321566983207,1.0918321566983207,2.979907533422657,1.0000601160916816,0.33560105636668336,medium,0.1834343602913884,0.3154250991153904,1.091525,,unknown,no,large_under_prediction,selected model primary split test residual,unknown,unknown,unknown,manual annotation missing; possible material-system outlier; possibly missing additive/structure feature,True
10.1080_21870764.2020.1723197__sample_35631,unknown,p,Bi2Te3,10.1080/21870764.2020.1723197,0.4043073736404572,-0.6864095275125219,-1.0907169011529791,1.0907169011529791,1.4982644031724328,0.5033802010473735,0.33597554609287494,low,0.3552864102432637,,1.595056,1.0046015517331923,unknown,no,large_under_prediction,selected model primary split test residual,unknown,unknown,unknown,low target quality; manual annotation missing; possible material-system outlier; possibly missing additive/structure feature,True
10.1016_j.jallcom.2017.06.296__sample_2760,unknown,n,PbTe0.977Se0.2I0.003,10.1016/j.jallcom.2017.06.296,-0.8968701604380639,0.1938351643845219,1.0907053248225858,1.0907053248225858,0.4078441509824948,1.2138961731412476,2.976372641895138,medium,0.3332506664791207,0.184643505630722,0.924116,0.7126974850125902,unknown,no,large_over_prediction,selected model primary split test residual,unknown,unknown,unknown,manual annotation missing; possible material-system outlier; possibly missing additive/structure feature,True
10.1021_acs.chemmater.1c01387__sample_45488,unknown,n,Pb3Bi2S6,10.1021/acs.chemmater.1c01387,-0.6530236348389498,-1.742027459452399,-1.0890038246134492,1.0890038246134492,0.520469684926732,0.17516490062436355,0.3365515911825336,medium,0.1372005895901128,0.2961334323486256,0.2035178,0.2620263775415928,unknown,no,large_under_prediction,selected model primary split test residual,unknown,unknown,unknown,manual annotation missing; possible material-system outlier; possibly missing additive/structure feature,True
10.3365_eml.2010.12.187__sample_8316,unknown,n,Mg2SiSb0.03,10.3365/eml.2010.12.187,-0.3307033856549033,0.7563982071982525,1.0871015928531558,1.0871015928531558,0.7184182305934247,2.130588445794544,2.965665896360459,low,0.5906310182657776,,0.4315152,0.3578351123158908,unknown,no,large_over_prediction,selected model primary split test residual,unknown,unknown,unknown,low target quality; manual annotation missing; possible material-system outlier; possibly missing additive/structure feature,True
10.1007_s12613-012-0545-y__sample_12923,unknown,n,Co0.79Ni0.21Sb2.88Sn0.12,10.1007/s12613-012-0545-y,0.8070851547175493,-0.2799252101054442,-1.0870103648229934,1.0870103648229934,2.241365222890654,0.7558402685558575,0.33722316239968336,medium,0.111273819757977,0.1235114777175002,0.3379964,,unknown,no,large_under_prediction,selected model primary split test residual,unknown,unknown,unknown,manual annotation missing; possible material-system outlier; possibly missing additive/structure feature,True
10.1002_adma.201705942__sample_31968,unknown,p,Ge0.95Sb0.05Te,10.1002/adma.201705942,1.1991905977485715,0.11354569919903038,-1.085644898549541,1.085644898549541,3.3174306998883427,1.1202430819341949,0.337683943773686,medium,0.2531392891991018,0.4277305189921242,1.397067,1.815458348744785,unknown,no,large_under_prediction,selected model primary split test residual,unknown,unknown,unknown,manual annotation missing; possible material-system outlier; possibly missing additive/structure feature,True
10.1039_c3ta12494k__sample_30372,unknown,n,PbTeC0.84,10.1039/c3ta12494k,-1.843923929297752,-0.7589694067725851,1.0849545225251669,1.0849545225251669,0.1581954588314804,0.4681486493071102,2.9593052339499275,medium,0.3279945654196524,0.4163919175746458,0.5785139,0.756459206710392,unknown,no,large_over_prediction,selected model primary split test residual,unknown,unknown,unknown,manual annotation missing; possible material-system outlier; possibly missing additive/structure feature,True
10.1016_j.matchemphys.2012.11.052__sample_28960,unknown,p,polyaniline,10.1016/j.matchemphys.2012.11.052,-0.301201738098306,0.7836482215462861,1.0848499596445922,1.0848499596445922,0.7399284859231614,2.1894452944647522,2.9589958166472283,low,0.4529235860623475,,0.0002340082,,unknown,no,large_over_prediction,selected model primary split test residual,unknown,unknown,unknown,low target quality; manual annotation missing; possible material-system outlier; possibly missing additive/structure feature,True
10.1039_c3cp53749h__sample_21245,unknown,n,Si,10.1039/c3cp53749h,0.1811346146427081,-0.903463489403521,-1.0845981040462291,1.0845981040462291,1.1985765143831653,0.405163945775223,0.3380376145479009,medium,0.1476883357209299,0.1922836852311069,0.4664152,0.0809102685064605,unknown,no,large_under_prediction,selected model primary split test residual,unknown,unknown,unknown,manual annotation missing; possible material-system outlier; possibly missing additive/structure feature,True
10.1007_s12613-012-0545-y__sample_12921,unknown,n,Co0.83Ni0.17Sb2.88Sn0.12,10.1007/s12613-012-0545-y,0.8041960418062337,-0.2799252101054442,-1.0841212519116779,1.0841212519116779,2.2348990109921427,0.7558402685558575,0.3381988469449078,medium,0.1156187689939474,0.1014562359293942,0.4797115,,unknown,no,large_under_prediction,selected model primary split test residual,unknown,unknown,unknown,manual annotation missing; possible material-system outlier; possibly missing additive/structure feature,True
10.1063_1.4928168__sample_13007,unknown,n,Zr3Ni2.7Cu0.3Sb4,10.1063/1.4928168,0.0887424814496559,-0.995019342745829,-1.083761824195485,1.083761824195485,1.092799204021454,0.3697162931466082,0.3383204268323661,medium,0.518905452899031,0.3955256598394606,,,unknown,no,large_under_prediction,selected model primary split test residual,unknown,unknown,unknown,manual annotation missing; possible material-system outlier; possibly missing additive/structure feature,True
10.1039_c4nr04470c__sample_29810,unknown,n,Si97Ge3P3,10.1039/c4nr04470c,0.9569124795124844,-0.12578815314183098,-1.0827006326543154,1.0827006326543154,2.603645242620164,0.8818016339032559,0.3386796401708935,medium,0.1659696168480854,0.1820659943420847,0.5923762,0.6449339224583972,unknown,no,large_under_prediction,selected model primary split test residual,unknown,unknown,unknown,manual annotation missing; possible material-system outlier; possibly missing additive/structure feature,True
10.1021_acs.chemmater.7b02270__sample_41643,unknown,p,MnSi1.764Te0.02,10.1021/acs.chemmater.7b02270,0.0160037520768509,-1.0662209577991029,-1.0822247098759539,1.0822247098759539,1.0161324980061657,0.3443072134492785,0.33884086388819473,medium,0.0845907176932352,0.1511357042127763,0.5426973,0.6217874017523762,unknown,no,large_under_prediction,selected model primary split test residual,unknown,unknown,unknown,manual annotation missing; possible material-system outlier; possibly missing additive/structure feature,True
10.1063_1.4831668__sample_19639,unknown,n,FeSb2,10.1063/1.4831668,-0.4179932975991023,0.6639880945018856,1.081981392100988,1.081981392100988,0.6583666410472054,1.9425238758847443,2.950519899967811,medium,0.3476197732351192,0.7973832321293275,,,unknown,no,large_over_prediction,selected model primary split test residual,unknown,unknown,unknown,manual annotation missing; possible material-system outlier; possibly missing additive/structure feature,True
10.3390_ma11050773__sample_12662,unknown,n,NbCo1.4Sb,10.3390/ma11050773,-0.1839768562338699,0.8969723070041313,1.0809491632380013,1.0809491632380013,0.831955058177159,2.4521674501741995,2.9474758595097423,medium,0.170777960137714,0.3154323527485111,0.4271064,0.3349457563979256,unknown,no,large_over_prediction,selected model primary split test residual,unknown,unknown,unknown,manual annotation missing; possible material-system outlier; possibly missing additive/structure feature,True
10.1002_adma.201501030__sample_42635,unknown,p,Cu2S0.52Te0.48,10.1002/adma.201501030,-0.214755703685448,0.8661781052553225,1.0809338089407705,1.0809338089407705,0.8067384993481301,2.37780574194932,2.9474306034367537,medium,0.2621252203797352,0.3107426545273213,0.4897661,1.4105977070663895,unknown,no,large_over_prediction,selected model primary split test residual,unknown,unknown,unknown,manual annotation missing; possible material-system outlier; possibly missing additive/structure feature,True
10.1016_j.physc.2007.06.013__sample_14882,unknown,p,Bi1.7Pb0.4Sr1.5Nd0.5Ca1.1Cu2.1O8,10.1016/j.physc.2007.06.013,-0.2892217508241213,-1.36956552164569,-1.0803437708215686,1.0803437708215686,0.7488461297432321,0.25421738751394785,0.33947880267621217,medium,0.2073962428094729,0.4065493864980281,,,unknown,no,large_under_prediction,selected model primary split test residual,unknown,unknown,unknown,manual annotation missing; possible material-system outlier; possibly missing additive/structure feature,True
10.1038_srep44621__sample_41146,unknown,p,Ca2.95Tb0.05Co4O9,10.1038/srep44621,-0.4928222046195121,-1.5699952707509932,-1.0771730661314811,1.0771730661314811,0.6108998745864603,0.20804616625681904,0.340556897965731,medium,0.309272697139087,0.3667457611009496,,,unknown,no,large_under_prediction,selected model primary split test residual,unknown,unknown,unknown,manual annotation missing; possible material-system outlier; possibly missing additive/structure feature,True
10.1103_physrevb.81.125205__sample_15087,unknown,n,La3Te3.35Bi0.65,10.1103/physrevb.81.125205,-0.6039039215166769,0.4724839349453751,1.076387856462052,1.076387856462052,0.5466732952125646,1.6039734147240075,2.93406213321675,medium,0.3446575378171304,0.234217872738091,,,unknown,no,large_over_prediction,selected model primary split test residual,unknown,unknown,unknown,manual annotation missing; possible material-system outlier; possibly missing additive/structure feature,True
10.1088_0022-3727_40_21_053__sample_15182,unknown,p,PbTe,10.1088/0022-3727/40/21/053,-2.248943994287855,-1.17264159365766,1.0763024006301949,1.0763024006301949,0.1055105855336198,0.309548159841921,2.933811411209417,low,0.3344267607385958,,,,unknown,no,large_over_prediction,selected model primary split test residual,unknown,unknown,unknown,low target quality; manual annotation missing; possible material-system outlier; possibly missing additive/structure feature,True
10.1039_c5tc01535a__sample_8778,unknown,n,Mg2Si0.78Sn0.2Sb0.02,10.1039/c5tc01535a,1.150296898519123,0.07416918251937359,-1.0761277159997495,1.0761277159997495,3.1591307116968843,1.076988997795894,0.3409130853016854,medium,0.1356528431321106,0.2543346863039422,0.1480627,,unknown,no,large_under_prediction,selected model primary split test residual,unknown,unknown,unknown,manual annotation missing; possible material-system outlier; possibly missing additive/structure feature,True
10.1016_j.nanoen.2015.03.036__sample_7539,unknown,n,(Bi2S3)0.99(CuBr2)0.01,10.1016/j.nanoen.2015.03.036,-1.189512489105079,-2.264814581102655,-1.0753020919975762,1.0753020919975762,0.3043696114049369,0.10384928837627007,0.3411946675521025,medium,0.2344606167087179,0.4600507684321758,,,unknown,no,large_under_prediction,selected model primary split test residual,unknown,unknown,unknown,manual annotation missing; possible material-system outlier; possibly missing additive/structure feature,True
10.1021_acs.chemmater.7b02685__sample_82467,unknown,n,(TiNiSn)0.95(MnNiSb)0.05,10.1021/acs.chemmater.7b02685,1.2462681453996285,0.1712150642632391,-1.0750530811363894,1.0750530811363894,3.477341779380942,1.1867459482216205,0.3412796393091082,medium,0.0986581468607897,0.1492301106994321,0.618,0.796754971231752,unknown,no,large_under_prediction,selected model primary split test residual,unknown,unknown,unknown,manual annotation missing; possible material-system outlier; possibly missing additive/structure feature,True
10.1016_j.jallcom.2014.11.081__sample_22739,unknown,p,AgSb0.99Sn0.01Se2,10.1016/j.jallcom.2014.11.081,-1.2476916183987936,-2.3214682912186344,-1.0737766728198408,1.0737766728198408,0.2871669231880173,0.09812939724275191,0.34171552960681156,medium,0.110785383907683,0.0952400874664977,,,unknown,no,large_under_prediction,selected model primary split test residual,unknown,unknown,unknown,manual annotation missing; possible material-system outlier; possibly missing additive/structure feature,True
10.1039_c9ee00317g__sample_31986,unknown,p,Bi0.09Ge0.95Te,10.1039/c9ee00317g,0.0056870684093834,1.0789574234340504,1.073270355024667,1.073270355024667,1.0057032704824678,2.941611096998446,2.924929433298215,medium,0.2366549048437032,0.3441708795517293,,,unknown,no,large_over_prediction,selected model primary split test residual,unknown,unknown,unknown,manual annotation missing; possible material-system outlier; possibly missing additive/structure feature,True
10.1039_c7ta03659k__sample_43439,unknown,p,Bi0.875Ba0.125CuSeO,10.1039/c7ta03659k,-2.0813190403141406,-1.0094864424910384,1.0718325978231023,1.0718325978231023,0.1247655328454678,0.36440607500140804,2.9207271166208573,medium,0.2264414793787174,0.5326471917154629,0.4879661,0.3926411052539114,unknown,no,large_over_prediction,selected model primary split test residual,unknown,unknown,unknown,manual annotation missing; possible material-system outlier; possibly missing additive/structure feature,True
10.1016_j.matlet.2011.08.031__sample_9226,unknown,n,Mg2Si0.58Sn0.405Bi0.015,10.1016/j.matlet.2011.08.031,-0.8297012746755321,0.2416764472161835,1.0713777218917155,1.0713777218917155,0.4361795647438392,1.2733821198263762,2.9193988502744546,medium,0.1029486406596653,0.1939316214619841,0.6459184,,unknown,no,large_over_prediction,selected model primary split test residual,unknown,unknown,unknown,manual annotation missing; possible material-system outlier; possibly missing additive/structure feature,True
10.1063_1.3544479__sample_16813,unknown,p,(Zn0.995Bi0.005)4Sb3,10.1063/1.3544479,-0.3678435237549454,0.7026317792500046,1.07047530300495,1.07047530300495,0.6922254900600815,2.0190594400720263,2.916765517977072,medium,0.3475083646630476,0.2156389168572921,,,unknown,no,large_over_prediction,selected model primary split test residual,unknown,unknown,unknown,manual annotation missing; possible material-system outlier; possibly missing additive/structure feature,True
10.1016_j.nanoen.2015.05.032__sample_6387,unknown,p,Bi0.5Sb1.5Te3,10.1016/j.nanoen.2015.05.032,0.6529339154813801,-0.4173742750322476,-1.0703081905136278,1.0703081905136278,1.9211691163297089,0.6587743110207169,0.3429028217355847,low,0.1737122455538663,,,,unknown,no,large_under_prediction,selected model primary split test residual,unknown,unknown,unknown,low target quality; manual annotation missing; possible material-system outlier; possibly missing additive/structure feature,True
10.1016_j.jallcom.2008.10.165__sample_19872,unknown,p,YMn5.3Al6.7,10.1016/j.jallcom.2008.10.165,2.7342566009354337,1.6649533065869189,-1.0693032943485148,1.0693032943485148,15.39829210405592,5.2854264493983205,0.3432475766585916,medium,0.2415426550182599,0.2720754609302551,,,unknown,no,large_under_prediction,selected model primary split test residual,unknown,unknown,unknown,manual annotation missing; possible material-system outlier; possibly missing additive/structure feature,True
10.1016_s1003-6326_11_60931-x__sample_9421,unknown,n,Mg2Si,10.1016/s1003-6326(11)60931-x,-0.3082949338951633,-1.3768894836670535,-1.0685945497718903,1.0685945497718903,0.7346985985322438,0.2523623105714137,0.3434909377472267,medium,0.285486443467683,0.3290984396361504,0.1317901,1.0031085729553004,unknown,no,large_under_prediction,selected model primary split test residual,unknown,unknown,unknown,manual annotation missing; possible material-system outlier; possibly missing additive/structure feature,True
10.1016_j.jallcom.2016.04.306__sample_7272,unknown,n,Bi2Se2.99,10.1016/j.jallcom.2016.04.306,1.1263691174005592,0.059098334916881046,-1.0672707824836782,1.0672707824836782,3.084436915627559,1.0608795571141736,0.3439459409071193,medium,0.067498787303248,0.0792059598245503,,,unknown,no,large_under_prediction,selected model primary split test residual,unknown,unknown,unknown,manual annotation missing; possible material-system outlier; possibly missing additive/structure feature,True
10.1007_s11664-019-07720-7__sample_35576,unknown,p,Bi0.94In0.06CuSeO,10.1007/s11664-019-07720-7,-0.8428068796565593,-1.9095235355239417,-1.0667166558673824,1.0667166558673824,0.4305004629848285,0.14815095845043202,0.34413658332268293,medium,0.3878970593545949,0.6584533031422511,0.9821304,0.6004993048066196,unknown,no,large_under_prediction,selected model primary split test residual,unknown,unknown,unknown,manual annotation missing; possible material-system outlier; possibly missing additive/structure feature,True
10.1016_j.jallcom.2015.12.231__sample_23524,unknown,n,(Nd0.55Li0.36)(Ti0.90Nb0.10)O3,10.1016/j.jallcom.2015.12.231,-2.626332240145668,-1.5608850259564258,1.0654472141892422,1.0654472141892422,0.0723433141386011,0.20995017759583723,2.902136570541929,medium,0.4724848154076363,0.6694936575136134,0.03628346,0.0209115882046487,unknown,no,large_over_prediction,selected model primary split test residual,unknown,unknown,unknown,manual annotation missing; possible material-system outlier; possibly missing additive/structure feature,True
10.1016_j.jallcom.2011.03.057__sample_3674,unknown,p,Rh4Sb12,10.1016/j.jallcom.2011.03.057,0.95398082473974,-0.11079641028104464,-1.0647772350207847,1.0647772350207847,2.596023431336684,0.8951209678057233,0.3448046566146856,medium,0.3792724083084385,0.6515369582984777,,,unknown,no,large_under_prediction,selected model primary split test residual,unknown,unknown,unknown,manual annotation missing; possible material-system outlier; possibly missing additive/structure feature,True
10.1039_c4cp04875j__sample_82631,unknown,n,Ti0.3Zr0.35Hf0.35NiSn,10.1039/c4cp04875j,-0.4025516083992642,0.6615751339745046,1.0641267423737688,1.0641267423737688,0.6686118320493636,1.9378422929576393,2.8983069100317214,low,0.6147005272542937,,,,unknown,no,large_over_prediction,selected model primary split test residual,unknown,unknown,unknown,low target quality; manual annotation missing; possible material-system outlier; possibly missing additive/structure feature,True
10.1021_acsenergylett.6b00671__sample_31753,unknown,p,Sn0.95Mg0.08Te(Cu2Te)0.05,10.1021/acsenergylett.6b00671,1.7436183661232003,0.682028369865037,-1.0615899962581632,1.0615899962581632,5.717995838573088,1.9778855496336858,0.3459053845914065,low,0.5234918714007515,0.8104666608918942,,,unknown,no,large_under_prediction,selected model primary split test residual,unknown,unknown,unknown,low target quality; manual annotation missing; possible material-system outlier; possibly missing additive/structure feature,True
10.1557_jmr.2011.386__sample_27838,unknown,n,In1.997Ge0.003O3,10.1557/jmr.2011.386,0.0683097515612951,1.1298229433784124,1.0615131918171172,1.0615131918171172,1.0706969071581849,3.095108442163281,2.8907419284307405,medium,0.1554108848463976,0.1637884076319403,,,unknown,no,large_over_prediction,selected model primary split test residual,unknown,unknown,unknown,manual annotation missing; possible material-system outlier; possibly missing additive/structure feature,True
10.1021_jacs.8b04193__sample_44987,unknown,p,NaPb18SbTe20,10.1021/jacs.8b04193,-0.1048317240426049,-1.1643729341194855,-1.0595412100768806,1.0595412100768806,0.9004760383051389,0.3121183194299945,0.3466147972326487,low,0.5592454982738951,0.9211022085458768,,0.1071908121428143,unknown,no,large_under_prediction,selected model primary split test residual,unknown,unknown,unknown,low target quality; manual annotation missing; possible material-system outlier; possibly missing additive/structure feature,True
10.1016_j.jallcom.2016.04.306__sample_7273,unknown,n,Bi2.04Se2.99,10.1016/j.jallcom.2016.04.306,1.1164012337470717,0.059098334916881046,-1.0573028988301907,1.0573028988301907,3.05384433227469,1.0608795571141736,0.3473914979562713,medium,0.0868384975622328,0.0861499685221636,,,unknown,no,large_under_prediction,selected model primary split test residual,unknown,unknown,unknown,manual annotation missing; possible material-system outlier; possibly missing additive/structure feature,True
10.1039_c5cp00739a__sample_28004,unknown,n,In1.92Ga0.08O3,10.1039/c5cp00739a,-0.0365150239721394,-1.0932720431165395,-1.0567570191444,1.0567570191444,0.9641436085207976,0.3351181766930514,0.3475811836861049,medium,0.1721698276406117,0.3231588033642689,0.03131673,0.0367291359611507,unknown,no,large_under_prediction,selected model primary split test residual,unknown,unknown,unknown,manual annotation missing; possible material-system outlier; possibly missing additive/structure feature,True
10.1007_s11664-011-1866-8__sample_4072,unknown,p,(CoSb3)90.39(ZnO)9.61,10.1007/s11664-011-1866-8,-1.2323536479030897,-0.1760590747712636,1.056294573131826,1.056294573131826,0.2916054328340384,0.8385684436348185,2.875695543409418,medium,0.4486872029460072,0.4217199950940127,,,unknown,no,large_over_prediction,selected model primary split test residual,unknown,unknown,unknown,manual annotation missing; possible material-system outlier; possibly missing additive/structure feature,True
10.1021_am405410e__sample_113,unknown,n,Pb1.00025Zn0.02Te1.02I0.0005,10.1021/am405410e,0.1890366541972907,1.2447138550815788,1.055677200884288,1.055677200884288,1.208085233065839,3.4719411788584926,2.873920716709296,medium,0.3847469034924197,0.6828069103145944,,,unknown,no,large_over_prediction,selected model primary split test residual,unknown,unknown,unknown,manual annotation missing; possible material-system outlier; possibly missing additive/structure feature,True
10.1021_acs.jpcc.7b10839__sample_40436,unknown,p,Ge0.94Ag0.06Te,10.1021/acs.jpcc.7b10839,1.9907899447828428,0.9356517763788355,-1.0551381684040073,1.0551381684040073,7.321314913133153,2.5488742124641717,0.3481443214376613,medium,0.1233283987214066,0.2820426266686185,0.01856974,,unknown,no,large_under_prediction,selected model primary split test residual,unknown,unknown,unknown,manual annotation missing; possible material-system outlier; possibly missing additive/structure feature,True
10.1016_j.physb.2005.04.017__sample_9288,unknown,n,Bi0.1(Mg2Si)99.9,10.1016/j.physb.2005.04.017,-0.94529004105969,0.10915830877254697,1.054448349832237,1.054448349832237,0.3885668542141527,1.1153389042989723,2.8703912652422745,medium,0.2101518464402287,0.380045151775395,,,unknown,no,large_over_prediction,selected model primary split test residual,unknown,unknown,unknown,manual annotation missing; possible material-system outlier; possibly missing additive/structure feature,True
10.1016_j.jallcom.2020.158552__sample_39610,unknown,n,(Sr0.9La0.1TiO3)70.58(TiO2)29.42,10.1016/j.jallcom.2020.158552,-1.0867483331005543,-0.03278061478821402,1.0539677183123404,1.0539677183123404,0.3373115371437608,0.9677508465262944,2.8690119962124006,medium,0.5447611298485576,0.594650070129198,,,unknown,no,large_over_prediction,selected model primary split test residual,unknown,unknown,unknown,manual annotation missing; possible material-system outlier; possibly missing additive/structure feature,True
10.1016_j.actamat.2005.12.032__sample_543,unknown,n,Ba24Ga4Ge96,10.1016/j.actamat.2005.12.032,1.4179091015861889,0.364189394426948,-1.053719707159241,1.053719707159241,4.128479178833218,1.439346792605777,0.3486385010696753,medium,0.1365490062051444,0.2661189737070333,,,unknown,no,large_under_prediction,selected model primary split test residual,unknown,unknown,unknown,manual annotation missing; possible material-system outlier; possibly missing additive/structure feature,True
10.1002_adfm.200500043__sample_5865,unknown,p,YbZn2Sb2,10.1002/adfm.200500043,1.8390441189686288,0.7870965404263982,-1.0519475785422308,1.0519475785422308,6.290522395223704,2.1970082322269864,0.3492568810970518,medium,0.2690980281900813,0.4883565897275193,,,unknown,no,large_under_prediction,selected model primary split test residual,unknown,unknown,unknown,manual annotation missing; possible material-system outlier; possibly missing additive/structure feature,True
10.1021_acs.chemmater.7b02270__sample_41644,unknown,p,MnSi1.746Te0.03,10.1021/acs.chemmater.7b02270,-0.0163394553925235,-1.0662209577991029,-1.0498815024065793,1.0498815024065793,0.983793309423625,0.3443072134492785,0.349979218349226,medium,0.0833421096748884,0.1477949805254689,0.6024244,0.6514899205153449,unknown,no,large_under_prediction,selected model primary split test residual,unknown,unknown,unknown,manual annotation missing; possible material-system outlier; possibly missing additive/structure feature,True
10.1016_j.scriptamat.2021.114010__sample_45579,unknown,n,Bi5.9Zr0.1Cu2Se3.6Cl0.4O6,10.1016/j.scriptamat.2021.114010,-2.1094388176056613,-3.1587197968095704,-1.049280979203909,1.049280979203909,0.1213060221397155,0.042480089430641896,0.3501894521091047,medium,0.1843428824580111,0.3941584036401709,0.1532737,0.2133097710815522,unknown,no,large_under_prediction,selected model primary split test residual,unknown,unknown,unknown,manual annotation missing; possible material-system outlier; possibly missing additive/structure feature,True
10.1007_s11664-010-1487-7__sample_8097,unknown,n,Bi2Te3,10.1007/s11664-010-1487-7,0.724818119163299,-0.32317814034638565,-1.0479962595096846,1.0479962595096846,2.064355599095703,0.7238448969013289,0.3506396365134046,medium,0.1887730860036456,0.3160118327302515,1.043741,0.9617216122391152,unknown,no,large_under_prediction,selected model primary split test residual,unknown,unknown,unknown,manual annotation missing; possible material-system outlier; possibly missing additive/structure feature,True
10.1016_j.jallcom.2016.06.172__sample_2654,unknown,p,(Pb0.98Sr0.02)0.98Na0.02Te,10.1016/j.jallcom.2016.06.172,1.1901719618102526,0.1423890514845759,-1.0477829103256768,1.0477829103256768,3.2876465084216893,1.1530251474321291,0.3507144531744885,medium,0.291862070027919,0.5848685070400171,0.609192,0.5411466098541268,unknown,no,large_under_prediction,selected model primary split test residual,unknown,unknown,unknown,manual annotation missing; possible material-system outlier; possibly missing additive/structure feature,True
10.1103_physrevb.75.064204__sample_20626,unknown,p,Fe2VAl,10.1103/physrevb.75.064204,0.7471747018421502,1.7945572111976882,1.047382509355538,1.047382509355538,2.111027301688812,6.016809955812445,2.850181023712495,medium,0.2780148020336418,0.3659521108519626,,,unknown,no,large_over_prediction,selected model primary split test residual,unknown,unknown,unknown,manual annotation missing; possible material-system outlier; possibly missing additive/structure feature,True
10.1016_j.mtla.2019.100374__sample_27599,unknown,p,Si,10.1016/j.mtla.2019.100374,-0.5706773296220773,0.47530169895274665,1.0459790285748238,1.0459790285748238,0.5651425212631683,1.608499406875068,2.8461836551952575,medium,0.1423834000795762,0.0493683464586792,,,unknown,no,large_over_prediction,selected model primary split test residual,unknown,unknown,unknown,manual annotation missing; possible material-system outlier; possibly missing additive/structure feature,True
10.1021_acsami.1c04326__sample_45070,unknown,p,Sn1.03Te,10.1021/acsami.1c04326,1.964240698325452,0.918891026634034,-1.045349671691418,1.045349671691418,7.129497095338308,2.506509196146334,0.35156886420295197,medium,0.3494755733575727,0.5587864123104167,0.4934258,0.5541600675462333,unknown,no,large_under_prediction,selected model primary split test residual,unknown,unknown,unknown,manual annotation missing; possible material-system outlier; possibly missing additive/structure feature,True
10.1016_j.jallcom.2013.07.119__sample_13231,unknown,p,Cu2.03Sn0.92Se2.98,10.1016/j.jallcom.2013.07.119,-1.195768148334578,-0.15121347351911227,1.0445546748154657,1.0445546748154657,0.3024715219265216,0.8596641635357135,2.8421325685812793,medium,0.1431809447532291,0.1829529285868063,0.3284244,0.2904826528190375,unknown,no,large_over_prediction,selected model primary split test residual,unknown,unknown,unknown,manual annotation missing; possible material-system outlier; possibly missing additive/structure feature,True
10.1007_s11664-010-1188-2__sample_4054,unknown,p,In0.25Co3.5Fe0.5Sb12,10.1007/s11664-010-1188-2,-0.4327402200686464,0.6106725076432534,1.0434127277118999,1.0434127277118999,0.6487289966911621,1.8416695192402741,2.8388888559532517,medium,0.0481424463666033,0.0699260691840463,0.1360656,0.1378199745917186,unknown,no,large_over_prediction,selected model primary split test residual,unknown,unknown,unknown,manual annotation missing; possible material-system outlier; possibly missing additive/structure feature,True
10.1142_s1793604714500143__sample_27613,unknown,n,(Sr0.9Gd0.1)TiO3,10.1142/s1793604714500143,0.0954865795861559,-0.9473536741194224,-1.0428402537055783,1.0428402537055783,1.100194056875306,0.3877658216108331,0.3524522053065242,medium,0.4699045584875578,0.5729069216017774,0.2685022,,unknown,no,large_under_prediction,selected model primary split test residual,unknown,unknown,unknown,manual annotation missing; possible material-system outlier; possibly missing additive/structure feature,True
10.1021_acs.chemmater.7b04436__sample_44021,unknown,p,Cu4.88FeS4,10.1021/acs.chemmater.7b04436,-1.969734328773295,-3.011702842582584,-1.041968513809289,1.041968513809289,0.1394939108110661,0.04920781421522618,0.3527595859139287,medium,0.273176821751632,0.5160323599523593,,,unknown,no,large_under_prediction,selected model primary split test residual,unknown,unknown,unknown,manual annotation missing; possible material-system outlier; possibly missing additive/structure feature,True
10.1039_d0se01081b__sample_38894,unknown,p,Sn0.83Zn0.02Sb0.15Te,10.1039/d0se01081b,0.8830430709914545,-0.1585991780641989,-1.0416422490556534,1.0416422490556534,2.418247419513246,0.8533383271505607,0.3528746977107594,medium,0.2252878703195511,0.4582031950418199,0.5834315,0.4008784463379032,unknown,no,large_under_prediction,selected model primary split test residual,unknown,unknown,unknown,manual annotation missing; possible material-system outlier; possibly missing additive/structure feature,True
10.1016_j.physb.2006.03.068__sample_4677,unknown,p,Ce0.85Fe4Sb12,10.1016/j.physb.2006.03.068,1.86705498065732,0.8271428486854047,-1.0399121319719153,1.0399121319719153,6.46921635023685,2.286775733242259,0.35348574068921595,medium,0.2467866677005427,0.332275272334363,,,unknown,no,large_under_prediction,selected model primary split test residual,unknown,unknown,unknown,manual annotation missing; possible material-system outlier; possibly missing additive/structure feature,True
10.1016_j.jallcom.2013.07.119__sample_13230,unknown,p,Cu2.03Sn0.92Se2.98,10.1016/j.jallcom.2013.07.119,-1.1903510900829546,-0.15121347351911227,1.0391376165638424,1.0391376165638424,0.3041144737454746,0.8596641635357135,2.8267781962104186,medium,0.143295235939515,0.1842001978792783,0.3425453,0.2908128559398983,unknown,no,large_over_prediction,selected model primary split test residual,unknown,unknown,unknown,manual annotation missing; possible material-system outlier; possibly missing additive/structure feature,True
10.1002_adfm.201902437__sample_41417,unknown,n,Cd3As2,10.1002/adfm.201902437,-0.2404561686841206,0.7976295489838091,1.0380857176679297,1.0380857176679297,0.7862691079024785,2.2202716404988485,2.823806274701346,medium,0.2284932196660964,0.4672476729443305,,,unknown,no,large_over_prediction,selected model primary split test residual,unknown,unknown,unknown,manual annotation missing; possible material-system outlier; possibly missing additive/structure feature,True
10.1021_jacs.6b09568__sample_44735,unknown,n,(K2Bi8Se13)73.16(BiCl3)26.84,10.1021/jacs.6b09568,-0.9927004601468726,-2.0290064708772686,-1.0363060107303959,1.0363060107303959,0.3705746166163998,0.13146607165572982,0.35476275427633214,medium,0.2240953306117703,0.3449184922156453,1.208376,1.5156161281801614,unknown,no,large_under_prediction,selected model primary split test residual,unknown,unknown,unknown,manual annotation missing; possible material-system outlier; possibly missing additive/structure feature,True
10.1063_1.3544479__sample_16812,unknown,p,(Zn0.9975Bi0.0025)4Sb3,10.1063/1.3544479,-0.3329442480113581,0.7026317792500046,1.0355760272613628,1.0355760272613628,0.7168101566334057,2.0190594400720263,2.8167282806856524,medium,0.2209888627759156,0.0887369749753812,,,unknown,no,large_over_prediction,selected model primary split test residual,unknown,unknown,unknown,manual annotation missing; possible material-system outlier; possibly missing additive/structure feature,True
10.1016_j.jpcs.2019.109262__sample_34133,unknown,p,Sb2Te3,10.1016/j.jpcs.2019.109262,1.003414471500831,-0.03201338202727115,-1.0354278535281023,1.0354278535281023,2.727579188045356,0.968493621584423,0.35507442857359056,medium,0.1654334556124462,0.299574732349076,0.8770303,1.1055650349941455,unknown,no,large_under_prediction,selected model primary split test residual,unknown,unknown,unknown,manual annotation missing; possible material-system outlier; possibly missing additive/structure feature,True
10.1007_s11664-010-1202-8__sample_20900,unknown,p,(Ag0.8SbTe1.9)15(GeTe)85,10.1007/s11664-010-1202-8,0.9716013925928308,-0.06275981692934743,-1.0343612095221784,1.0343612095221784,2.6421722283271256,0.9391690191008236,0.3554533686456361,medium,0.0935345519218083,0.2015233484837851,1.358394,1.4266571443484182,unknown,no,large_under_prediction,selected model primary split test residual,unknown,unknown,unknown,manual annotation missing; possible material-system outlier; possibly missing additive/structure feature,True
10.1016_j.mattod.2017.02.007__sample_21613,unknown,p,(Bi0.25Sb0.75)2Te3,10.1016/j.mattod.2017.02.007,1.0340115384232424,6.011428478179339e-05,-1.0339514241384606,1.0339514241384606,2.8123249860812662,1.0000601160916816,0.3555990580893638,medium,0.187323105127145,0.3077223714820621,1.016949,,unknown,no,large_under_prediction,selected model primary split test residual,unknown,unknown,unknown,manual annotation missing; possible material-system outlier; possibly missing additive/structure feature,True
10.1039_d1tc02896k__sample_45866,unknown,p,Nb26.7Ti6.7Fe33.1Sb31.7Bi1.7,10.1039/d1tc02896k,1.976298232369912,0.9432761826315101,-1.033022049738402,1.033022049738402,7.215981596406263,2.5683821386219443,0.35592969637021554,medium,0.3013613990863648,0.4866561784091217,0.5668382,1.582391464894542,unknown,no,large_under_prediction,selected model primary split test residual,unknown,unknown,unknown,manual annotation missing; possible material-system outlier; possibly missing additive/structure feature,True
10.1002_pssa.202000419__sample_84406,unknown,p,Nb0.9Ti0.1FeSb,10.1002/pssa.202000419,1.8753966392397887,0.8424663054638852,-1.0329303337759035,1.0329303337759035,6.52340604607302,2.3220868959468746,0.35596234230195306,medium,0.3063590991704265,0.4292357883890263,0.7235,0.0377839410663904,unknown,no,large_under_prediction,selected model primary split test residual,unknown,unknown,unknown,manual annotation missing; possible material-system outlier; possibly missing additive/structure feature,True
10.1021_cm902001c__sample_27125,unknown,n,K0.8Pb19SbTe21,10.1021/cm902001c,-0.3251393148195951,-1.3561849551486496,-1.0310456403290544,1.0310456403290544,0.7224267018854504,0.2576418194999868,0.35663385479464055,medium,0.3910700906125413,0.66971183183479,0.5319565,,unknown,no,large_under_prediction,selected model primary split test residual,unknown,unknown,unknown,manual annotation missing; possible material-system outlier; possibly missing additive/structure feature,True
10.1016_j.scriptamat.2018.09.010__sample_42838,unknown,p,Cu2SnSe3,10.1016/j.scriptamat.2018.09.010,-0.2033206055506096,-1.2338621547579418,-1.0305415492073322,1.0305415492073322,0.8160165800378549,0.2911658756605552,0.35681367607389547,medium,0.129061143248522,0.2434875892546852,0.4433333,0.0609598538850425,unknown,no,large_under_prediction,selected model primary split test residual,unknown,unknown,unknown,manual annotation missing; possible material-system outlier; possibly missing additive/structure feature,True
10.1016_j.mtphys.2018.05.001__sample_44015,unknown,n,Ag9GaSe5.23Te0.75,10.1016/j.mtphys.2018.05.001,-1.4484693695341726,-0.4181195931623649,1.0303497763718077,1.0303497763718077,0.2349296034424904,0.6582834975118815,2.8020457527100286,medium,0.2246801206941852,0.4410569379592772,1.367921,1.9987640443084704,unknown,no,large_over_prediction,selected model primary split test residual,unknown,unknown,unknown,manual annotation missing; possible material-system outlier; possibly missing additive/structure feature,True
10.1109_ict.2002.1190285__sample_29730,unknown,n,(TiB2)9.7(ZnO)90.3,10.1109/ict.2002.1190285,-3.2606247279055536,-2.2303896961313674,1.0302350317741862,1.0302350317741862,0.0383644232037083,0.10748653488629754,2.801724251543235,medium,0.1630686447529419,0.2942170060094425,,,unknown,no,large_over_prediction,selected model primary split test residual,unknown,unknown,unknown,manual annotation missing; possible material-system outlier; possibly missing additive/structure feature,True
10.1016_j.jallcom.2015.12.231__sample_23523,unknown,n,(Nd0.55Li0.36)(Ti0.95Nb0.05)O3,10.1016/j.jallcom.2015.12.231,-2.59026232209031,-1.5608850259564258,1.0293772961338843,1.0293772961338843,0.0750003632525434,0.20995017759583723,2.7993221431326525,medium,0.5032423863727207,0.6338067895301259,0.04951181,0.0293629525615889,unknown,no,large_over_prediction,selected model primary split test residual,unknown,unknown,unknown,manual annotation missing; possible material-system outlier; possibly missing additive/structure feature,True
10.1007_s11664-019-07720-7__sample_35575,unknown,p,Bi0.94In0.06CuSeO,10.1007/s11664-019-07720-7,-0.8802247307537076,-1.9095235355239417,-1.0292988047702343,1.0292988047702343,0.4146897076785093,0.14815095845043202,0.35725737993306295,medium,0.4348171677176259,0.759598770455947,1.082461,0.6527166541597892,not_checked,no,large_under_prediction,selected model primary split test residual,unknown,unknown,not_checked,manual annotation missing; possible material-system outlier; possibly missing additive/structure feature,True
10.1021_am303145v__sample_5951,unknown,p,Bi0.5Sb1.5Te3C0.05,10.1021/am303145v,1.2981601313440765,0.2693213533989503,-1.0288387779451262,1.0288387779451262,3.6625518503827847,1.3090757494024385,0.35742176571933665,medium,0.2199340128285223,0.40391707179078,1.058793,1.1624413040585535,unknown,no,large_under_prediction,selected model primary split test residual,unknown,unknown,unknown,manual annotation missing; possible material-system outlier; possibly missing additive/structure feature,True
10.1021_acs.chemmater.8b03994__sample_43375,unknown,n,Yb0.5Co3.75Fe0.25Sb12,10.1021/acs.chemmater.8b03994,0.9896774526786684,-0.0391381242491149,-1.0288155769277834,1.0288155769277834,2.6903665618577577,0.961617877225696,0.3574300583641203,medium,0.089543836856129,0.1326860104891659,1.156436,1.2635909979211255,unknown,no,large_under_prediction,selected model primary split test residual,unknown,unknown,unknown,manual annotation missing; possible material-system outlier; possibly missing additive/structure feature,True
10.1063_1.4916528__sample_7037,unknown,n,Bi2S3,10.1063/1.4916528,-4.368947684689846,-3.3403472126112486,1.028600472078597,1.028600472078597,0.0126645606693915,0.035424655698805735,2.7971484067680494,medium,0.2034000535153564,0.424741086874128,,,unknown,no,large_over_prediction,selected model primary split test residual,unknown,unknown,unknown,manual annotation missing; possible material-system outlier; possibly missing additive/structure feature,True
10.1016_j.nanoen.2016.02.040__sample_3163,unknown,n,Pb0.98In0.02Te,10.1016/j.nanoen.2016.02.040,-1.6832571081978969,-0.6551229914828133,1.0281341167150835,1.0281341167150835,0.1857679233595419,0.5193781795661493,2.7958442457308745,medium,0.2945270383439597,0.4334942267607395,0.5504515,,unknown,no,large_over_prediction,selected model primary split test residual,unknown,unknown,unknown,manual annotation missing; possible material-system outlier; possibly missing additive/structure feature,True
10.1063_1.4960573__sample_2582,unknown,n,Pb0.97Ti0.03Te,10.1063/1.4960573,1.2340356342417726,0.20717812142493713,-1.0268575128168356,1.0268575128168356,3.435064264530372,1.230201677542222,0.35813061497712917,low,0.4717488508733873,0.8468399139686259,,,unknown,no,large_under_prediction,selected model primary split test residual,unknown,unknown,unknown,low target quality; manual annotation missing; possible material-system outlier; possibly missing additive/structure feature,True
10.1039_c4ee01463d__sample_346,unknown,p,Sn0.98Bi0.02Hg0.005Te1.005,10.1039/c4ee01463d,1.515185005043843,0.49323825245076897,-1.0219467525930739,1.0219467525930739,4.550262870561692,1.6376106396623125,0.359893633894642,medium,0.4036552052146155,0.7314254148732177,0.843663,0.584035825527996,unknown,no,large_under_prediction,selected model primary split test residual,unknown,unknown,unknown,manual annotation missing; possible material-system outlier; possibly missing additive/structure feature,True
10.1016_j.scriptamat.2012.04.005__sample_5662,unknown,n,BI2Te3,10.1016/j.scriptamat.2012.04.005,0.5460404625827769,-0.4756202121500216,-1.0216606747327985,1.0216606747327985,1.7264037066901652,0.6214994753804802,0.3599966062237028,medium,0.1271472991486475,0.2110101230306627,,,unknown,no,large_under_prediction,selected model primary split test residual,unknown,unknown,unknown,manual annotation missing; possible material-system outlier; possibly missing additive/structure feature,True
10.1142_s1793604714500143__sample_27612,unknown,n,(Sr0.9Gd0.1)TiO3,10.1142/s1793604714500143,0.0739751379670802,-0.9473536741194224,-1.0213288120865025,1.0213288120865025,1.076780034222769,0.3877658216108331,0.3601160954760148,medium,0.4424214723358209,0.5967373523211578,0.2536543,,unknown,no,large_under_prediction,selected model primary split test residual,unknown,unknown,unknown,manual annotation missing; possible material-system outlier; possibly missing additive/structure feature,True
10.1557_jmr.2011.386__sample_27842,unknown,n,In1.8Ge0.2O3,10.1557/jmr.2011.386,0.1088384432692431,1.1298229433784124,1.0209845001091693,1.0209845001091693,1.1149822029102705,3.095108442163281,2.775926318899606,medium,0.178644528053117,0.4101540430469655,,,unknown,no,large_over_prediction,selected model primary split test residual,unknown,unknown,unknown,manual annotation missing; possible material-system outlier; possibly missing additive/structure feature,True
10.1016_j.jallcom.2020.157748__sample_40154,unknown,n,Bi1.99Sb0.01O2Se,10.1016/j.jallcom.2020.157748,-1.3089260736709116,-0.28873003214697135,1.0201960415239402,1.0201960415239402,0.2701099788971999,0.7492144419171046,2.7737384785855883,medium,0.3295322010361396,0.6917970235535195,0.3424055,0.6752271671387882,unknown,no,large_over_prediction,selected model primary split test residual,unknown,unknown,unknown,manual annotation missing; possible material-system outlier; possibly missing additive/structure feature,True
10.1016_j.mtphys.2021.100444__sample_45585,unknown,p,(Ge0.9Sb0.1Te)0.995(FeTe2)0.005,10.1016/j.mtphys.2021.100444,0.4385078955990918,1.4576764589115223,1.0191685633124306,1.0191685633124306,1.550392144832604,4.295966069058501,2.77088998636686,medium,0.1833739408626492,0.1800882246903005,1.801592,1.387183482555912,unknown,no,large_over_prediction,selected model primary split test residual,unknown,unknown,unknown,manual annotation missing; possible material-system outlier; possibly missing additive/structure feature,True
10.1063_1.4952994__sample_12149,unknown,n,NbCoSn0.98Sb0.02,10.1063/1.4952994,-0.1211894415426138,0.8969723070041313,1.0181617485467451,1.0181617485467451,0.885866123850795,2.4521674501741995,2.7681016173355943,medium,0.1900245898611017,0.1013917384830132,0.3799172,,unknown,no,large_over_prediction,selected model primary split test residual,unknown,unknown,unknown,manual annotation missing; possible material-system outlier; possibly missing additive/structure feature,True
10.1016_j.ssc.2005.01.044__sample_20170,unknown,p,Ca3Co4O9,10.1016/j.ssc.2005.01.044,-2.153616873379423,-1.1398607002995509,1.013756173079872,1.013756173079872,0.1160636103160321,0.31986357561333406,2.7559333605285126,medium,0.3515286239612836,0.3014520562768109,,,unknown,no,large_over_prediction,selected model primary split test residual,unknown,unknown,unknown,manual annotation missing; possible material-system outlier; possibly missing additive/structure feature,True
10.1016_j.mtphys.2019.03.005__sample_40258,unknown,p,Sn0.79Ge0.05Mg0.2Te(Cu2Te)0.05,10.1016/j.mtphys.2019.03.005,1.7017453464710226,0.6880863665499812,-1.0136589799210414,1.0136589799210414,5.48350966880578,1.9899039406675403,0.3628887447737298,low,0.5252284094979527,0.8773579828050369,,,unknown,no,large_under_prediction,selected model primary split test residual,unknown,unknown,unknown,low target quality; manual annotation missing; possible material-system outlier; possibly missing additive/structure feature,True
10.1021_acs.chemmater.7b02270__sample_41645,unknown,p,MnSi1.710Te0.05,10.1021/acs.chemmater.7b02270,-0.0540675404701912,-1.0662209577991029,-1.0121534173289117,1.0121534173289117,0.9473681186527598,0.3443072134492785,0.3634355079828034,medium,0.0861766468419596,0.1535817191599033,0.5935106,0.6483682568483087,unknown,no,large_under_prediction,selected model primary split test residual,unknown,unknown,unknown,manual annotation missing; possible material-system outlier; possibly missing additive/structure feature,True
10.1016_j.jallcom.2020.155181__sample_31078,unknown,p,Sn0.69Pb0.3Zn0.01Te,10.1016/j.jallcom.2020.155181,1.261053242116583,0.25148534460219674,-1.0095678975143862,1.0095678975143862,3.529136565849712,1.2859340540506936,0.3643763935049305,medium,0.3018735928802694,0.3955512736954137,1.3455,1.7177023768483908,unknown,no,large_under_prediction,selected model primary split test residual,unknown,unknown,unknown,manual annotation missing; possible material-system outlier; possibly missing additive/structure feature,True
10.1039_d0nr00495b__sample_34237,unknown,p,Sn0.97Pb0.01In0.02Te,10.1039/d0nr00495b,1.709299364447836,0.6997974160027939,-1.0095019484450423,1.0095019484450423,5.525089047385796,2.0133447947173058,0.36440042458137806,medium,0.1669236752244867,0.187277812376359,0.607878,0.6490330072859143,unknown,no,large_under_prediction,selected model primary split test residual,unknown,unknown,unknown,manual annotation missing; possible material-system outlier; possibly missing additive/structure feature,True
10.1021_acsaem.1c02589__sample_46140,unknown,n,Pb0.935Sn0.05Sb0.015Te,10.1021/acsaem.1c02589,0.6842804898054642,-0.3249959226355373,-1.0092764124410014,1.0092764124410014,1.9823450048490263,0.7225302996554333,0.3644826192655907,medium,0.2979326962423135,0.6587906591579259,1.290433,1.991445051728127,unknown,no,large_under_prediction,selected model primary split test residual,unknown,unknown,unknown,manual annotation missing; possible material-system outlier; possibly missing additive/structure feature,True
10.1109_ict.2003.1287512__sample_12272,unknown,n,Ti0.5(Zr0.5Hf0.5)0.5NiSn0.998Sb0.002,10.1109/ict.2003.1287512,0.1769275203716659,1.1857603841479596,1.0088328637762938,1.0088328637762938,1.1935445823243145,3.273174745647116,2.7423983939275396,medium,0.2465595434796469,0.3408314402484512,,,unknown,no,large_over_prediction,selected model primary split test residual,unknown,unknown,unknown,manual annotation missing; possible material-system outlier; possibly missing additive/structure feature,True
10.1021_jacs.8b09029__sample_45142,unknown,n,(Pb0.91Sn0.09)(Te0.91Se0.09),10.1021/jacs.8b09029,0.4422833343420974,1.4504925869630054,1.008209252620908,1.008209252620908,1.5562566189184066,4.265214987090859,2.740688736832599,low,0.5065434620994512,0.8948512502228021,1.262719,2.443382259102391,unknown,no,large_over_prediction,selected model primary split test residual,unknown,unknown,unknown,low target quality; manual annotation missing; possible material-system outlier; possibly missing additive/structure feature,True
10.1039_c5ce00228a__sample_13851,unknown,p,Ge0.87Sb0.09Te,10.1039/c5ce00228a,1.121427469902097,0.11354569919903038,-1.0078817707030665,1.0078817707030665,3.0692323144900704,1.1202430819341949,0.3649912965680197,medium,0.1354931026295943,0.2552617155130265,0.719539,0.1720053906017638,unknown,no,large_under_prediction,selected model primary split test residual,unknown,unknown,unknown,manual annotation missing; possible material-system outlier; possibly missing additive/structure feature,True
10.1002_adfm.201905044__sample_83182,unknown,p,TiFe0.55Ni0.45Sb,10.1002/adfm.201905044,-0.3042088455303842,0.7026317792500046,1.0068406247803887,1.0068406247803887,0.7377067835969052,2.0190594400720263,2.736940319604371,medium,0.2798330006160672,0.6043197242155038,,,unknown,no,large_over_prediction,selected model primary split test residual,unknown,unknown,unknown,manual annotation missing; possible material-system outlier; possibly missing additive/structure feature,True
10.1007_s11664-010-1487-7__sample_8098,unknown,n,Bi2Te3,10.1007/s11664-010-1487-7,0.6835341034998782,-0.32317814034638565,-1.006712243846264,1.006712243846264,1.980865961721892,0.7238448969013289,0.3654184134054774,medium,0.1843496685450563,0.3032673998780309,1.182393,1.2049102759768449,unknown,no,large_under_prediction,selected model primary split test residual,unknown,unknown,unknown,manual annotation missing; possible material-system outlier; possibly missing additive/structure feature,True
10.1016_j.intermet.2010.01.008__sample_16529,unknown,p,Zn3.96Fe0.04Sb3,10.1016/j.intermet.2010.01.008,-0.1792702927377667,0.8271428486854047,1.0064131414231714,1.0064131414231714,0.835879936583854,2.286775733242259,2.735770573209414,medium,0.2776721541017278,0.1372297770255894,,,unknown,no,large_over_prediction,selected model primary split test residual,unknown,unknown,unknown,manual annotation missing; possible material-system outlier; possibly missing additive/structure feature,True
10.1021_acsami.9b07313__sample_40965,unknown,p,Te0.97(Sb2Se3)0.03,10.1021/acsami.9b07313,0.1802528887840999,-0.8257672891577312,-1.0060201779418312,1.0060201779418312,1.1975201642509643,0.4378988684753295,0.3656713945599659,medium,0.3097121597287209,0.5664562873676853,,,unknown,no,large_under_prediction,selected model primary split test residual,unknown,unknown,unknown,manual annotation missing; possible material-system outlier; possibly missing additive/structure feature,True
10.1016_j.jallcom.2013.07.136__sample_10127,unknown,p,Mn0.97Cr0.03Si1.74,10.1016/j.jallcom.2013.07.136,0.8772836291249408,-0.12870837541531807,-1.0059920045402588,1.0059920045402588,2.404359695241332,0.8792303333429909,0.3656816969121337,medium,0.4709419670159835,0.3036835173908742,,,unknown,no,large_under_prediction,selected model primary split test residual,unknown,unknown,unknown,manual annotation missing; possible material-system outlier; possibly missing additive/structure feature,True
10.4028_www.scientific.net_ddf.312-315.223__sample_5026,unknown,p,Sn0.3Co3FeSb12,10.4028/www.scientific.net/ddf.312-315.223,0.1397094215080838,1.1449168466341104,1.0052074251260266,1.0052074251260266,1.14993960258894,3.1421800631271113,2.732473997810755,medium,0.1075795900341672,0.1452415583254456,,,unknown,no,large_over_prediction,selected model primary split test residual,unknown,unknown,unknown,manual annotation missing; possible material-system outlier; possibly missing additive/structure feature,True
10.1007_s11664-010-1501-0__sample_12780,unknown,p,Zr0.5Hf0.5Co0.5Ir0.5Sb0.99Sn0.01,10.1007/s11664-010-1501-0,-1.4515570952225167,-0.4466144673133412,1.0049426279091755,1.0049426279091755,0.2342053240344983,0.6397905208915521,2.7317505420897747,medium,0.1926484765403582,0.175948954508408,0.0149878,0.0108736660502912,unknown,no,large_over_prediction,selected model primary split test residual,unknown,unknown,unknown,manual annotation missing; possible material-system outlier; possibly missing additive/structure feature,True
10.1007_s11664-013-2485-3__sample_7094,unknown,n,Cu0.7Fe1.3S2,10.1007/s11664-013-2485-3,-0.3543167075658434,-1.3586229291050562,-1.004306221539213,1.004306221539213,0.7016527134395626,0.25701446050714455,0.3662986768015723,medium,0.1434654831851108,0.2583218578865497,,,unknown,no,large_under_prediction,selected model primary split test residual,unknown,unknown,unknown,manual annotation missing; possible material-system outlier; possibly missing additive/structure feature,True
10.1063_5.0038957__sample_42186,unknown,p,Ge0.98Y0.02Te,10.1063/5.0038957,1.8395192037750137,0.8356432944250413,-1.0038759093499725,1.0038759093499725,6.293511636853316,2.3062971993152788,0.3664563335054706,medium,0.386503996292,0.5887632071980132,,,unknown,no,large_under_prediction,selected model primary split test residual,unknown,unknown,unknown,manual annotation missing; possible material-system outlier; possibly missing additive/structure feature,True
10.1007_s11664-010-1188-2__sample_4055,unknown,p,In0.25Co3FeSb12,10.1007/s11664-010-1188-2,0.0717161922606922,1.0754642146187248,1.0037480223580326,1.0037480223580326,1.074350391836028,2.9313533618194665,2.728489126168497,medium,0.142011349756135,0.1550683354341543,0.2754098,0.2911602556503724,unknown,no,large_over_prediction,selected model primary split test residual,unknown,unknown,unknown,manual annotation missing; possible material-system outlier; possibly missing additive/structure feature,True
10.1016_j.jmat.2020.11.001__sample_39616,unknown,p,Mn0.03Cu1.8S,10.1016/j.jmat.2020.11.001,1.3383168793693885,0.3346913471589286,-1.00362553221046,1.00362553221046,3.8126210008943286,1.3975089735325665,0.3665480972813065,medium,0.2489440875966362,0.391730842680668,0.4729412,0.0878760604244832,unknown,no,large_under_prediction,selected model primary split test residual,unknown,unknown,unknown,manual annotation missing; possible material-system outlier; possibly missing additive/structure feature,True
10.1007_s11664-011-1584-2__sample_10061,unknown,n,Mg2Si0.6945Sn0.3Sb0.0055,10.1007/s11664-011-1584-2,-0.9281934190090072,0.07416918251937359,1.0023626015283809,1.0023626015283809,0.39526714785194,1.076988997795894,2.72471163780936,medium,0.0863159039180627,0.0538304521193883,0.5138403,,unknown,no,large_over_prediction,selected model primary split test residual,unknown,unknown,unknown,manual annotation missing; possible material-system outlier; possibly missing additive/structure feature,True
10.1063_1.4821798__sample_14959,unknown,n,Cu0.02TiSe2,10.1063/1.4821798,-0.0527400327964661,-1.0537846334829757,-1.0010446006865097,1.0010446006865097,0.948626592231966,0.34861586598830274,0.3674953546980647,medium,0.242732214771936,0.4259679644672872,,,unknown,no,large_under_prediction,selected model primary split test residual,unknown,unknown,unknown,manual annotation missing; possible material-system outlier; possibly missing additive/structure feature,True
10.1007_s12598-021-01753-w__sample_45740,unknown,p,Sn0.97Na0.02In0.01Se,10.1007/s12598-021-01753-w,-2.4207898735878164,-3.420893871867373,-1.0001039982795565,1.0001039982795565,0.0888514083541784,0.03268320727855237,0.3678411843318337,medium,0.3876942682097398,0.6529320439160635,0.7265959,0.5707097997314461,unknown,no,large_under_prediction,selected model primary split test residual,unknown,unknown,unknown,manual annotation missing; possible material-system outlier; possibly missing additive/structure feature,True
10.1007_s11664-011-1584-2__sample_10062,unknown,n,Mg2Si0.6935Sn0.3Sb0.0065,10.1007/s11664-011-1584-2,-0.9254982610565472,0.07416918251937359,0.9996674435759207,0.9996674435759207,0.3963338921252503,1.076988997795894,2.7173779966703973,medium,0.0789220106245285,0.1414293031524284,,,unknown,no,large_over_prediction,selected model primary split test residual,unknown,unknown,unknown,manual annotation missing; possible material-system outlier; possibly missing additive/structure feature,True
10.1016_j.jallcom.2010.02.030__sample_13965,unknown,n,AuTe2,10.1016/j.jallcom.2010.02.030,1.6522088614958517,0.6529182385072917,-0.99929062298856,0.99929062298856,5.218494036394926,1.9211389984473315,0.368140498973245,medium,0.0902084084499404,0.0424760994334112,,,unknown,no,large_under_prediction,selected model primary split test residual,unknown,unknown,unknown,manual annotation missing; possible material-system outlier; possibly missing additive/structure feature,True
10.1016_j.ceramint.2018.04.071__sample_42119,unknown,n,Ca0.95(K0.5Yb0.5)0.05MnO3,10.1016/j.ceramint.2018.04.071,-1.727839971145768,-0.7302216645987097,0.9976183065470582,0.9976183065470582,0.1776677632888817,0.48180217976577067,2.7118154179854046,medium,0.3364541777317292,0.7416262438704012,,,unknown,no,large_over_prediction,selected model primary split test residual,unknown,unknown,unknown,manual annotation missing; possible material-system outlier; possibly missing additive/structure feature,True
10.1016_j.ceramint.2016.02.055__sample_31056,unknown,p,Cu2Se0.94S0.06,10.1016/j.ceramint.2016.02.055,-0.1027955691027548,-1.09846968997272,-0.9956741208699652,0.9956741208699652,0.9023114149602603,0.3333808696210223,0.3694742902434689,medium,0.183835040259137,0.1492965581661679,0.4871912,,unknown,no,large_under_prediction,selected model primary split test residual,unknown,unknown,unknown,manual annotation missing; possible material-system outlier; possibly missing additive/structure feature,True
10.1063_1.4960573__sample_2580,unknown,n,Pb0.997Ti0.003Te,10.1063/1.4960573,1.2028103367733618,0.20717812142493713,-0.9956322153484247,0.9956322153484247,3.3294606928369808,1.230201677542222,0.36948977358071367,low,0.4256924226333884,0.8016093652910578,,,unknown,no,large_under_prediction,selected model primary split test residual,unknown,unknown,unknown,low target quality; manual annotation missing; possible material-system outlier; possibly missing additive/structure feature,True
10.1134_s0020168511050104__sample_6896,unknown,n,Bi2Te2.82Se0.18,10.1134/s0020168511050104,1.0387620326326092,0.04340321688619931,-0.9953588157464099,0.9953588157464099,2.8257167030951185,1.044358913113092,0.369590805748207,low,0.6050813863306993,0.8253432814956395,,1.4022977687803866,unknown,no,large_under_prediction,selected model primary split test residual,unknown,unknown,unknown,low target quality; manual annotation missing; possible material-system outlier; possibly missing additive/structure feature,True
10.1007_s11664-010-1501-0__sample_12779,unknown,p,Zr0.5Hf0.5Co0.5Ir0.5Sb0.99Sn0.01,10.1007/s11664-010-1501-0,-1.4405039242333737,-0.4466144673133412,0.9938894569200325,0.9938894569200325,0.2368083951205845,0.6397905208915521,2.7017222956380675,medium,0.3300738221672752,0.2907746087186424,0.02582661,,unknown,no,large_over_prediction,selected model primary split test residual,unknown,unknown,unknown,manual annotation missing; possible material-system outlier; possibly missing additive/structure feature,True
10.1021_acs.chemmater.7b04023__sample_31995,unknown,p,Ge0.93Bi0.02Sb0.05Te,10.1021/acs.chemmater.7b04023,1.1143143809392906,0.12331997519669353,-0.990994405742597,0.990994405742597,3.0474780537089106,1.1312463338110017,0.37120737668126164,medium,0.1987009181098959,0.346339755827899,,0.974565360350084,unknown,no,large_under_prediction,selected model primary split test residual,unknown,unknown,unknown,manual annotation missing; possible material-system outlier; possibly missing additive/structure feature,True
10.1021_acs.chemmater.8b03994__sample_43385,unknown,n,Yb0.4Co3.8Fe0.2Sb12,10.1021/acs.chemmater.8b03994,0.9510578630677567,-0.0391381242491149,-0.9901959873168716,0.9901959873168716,2.5884464333792607,0.961617877225696,0.3715038738392154,medium,0.0940158033797033,0.1488038879776719,1.343689,1.57672787518921,unknown,no,large_under_prediction,selected model primary split test residual,unknown,unknown,unknown,manual annotation missing; possible material-system outlier; possibly missing additive/structure feature,True
10.1021_nn507250r__sample_11292,unknown,n,Bi2Se0.3Te2.7,10.1021/nn507250r,-0.946673891017299,0.04340321688619931,0.9900771079034983,0.9900771079034983,0.3880295078785254,1.044358913113092,2.691441995797994,low,0.1092911110087359,,0.6519554,0.5452113087625172,unknown,no,large_over_prediction,selected model primary split test residual,unknown,unknown,unknown,low target quality; manual annotation missing; possible material-system outlier; possibly missing additive/structure feature,True
10.1016_j.jallcom.2021.159548__sample_45468,unknown,n,Cu2Sc2Ti2S8,10.1016/j.jallcom.2021.159548,-1.0723120237450827,-0.08319739326346778,0.989114630481615,0.989114630481615,0.3422163896436384,0.9201694940327861,2.688852789870731,medium,0.0868103693053392,0.023604448888377,,,unknown,no,large_over_prediction,selected model primary split test residual,unknown,unknown,unknown,manual annotation missing; possible material-system outlier; possibly missing additive/structure feature,True
10.1063_1.4928168__sample_13018,unknown,n,ZrHf2Ni2.7Cu0.3Sb4,10.1063/1.4928168,-0.010186716383797,-0.995019342745829,-0.9848326263620321,0.9848326263620321,0.9898649924814152,0.3697162931466082,0.3735017360496761,medium,0.1211397921516644,0.132288007732669,,,unknown,no,large_under_prediction,selected model primary split test residual,unknown,unknown,unknown,manual annotation missing; possible material-system outlier; possibly missing additive/structure feature,True
10.1021_acs.jpcc.7b10839__sample_40435,unknown,p,Ge0.96Ag0.04Te,10.1021/acs.jpcc.7b10839,1.919901587970088,0.9356517763788355,-0.9842498115912526,0.9842498115912526,6.820287237950998,2.5488742124641717,0.37371948182492143,medium,0.1772844622172974,0.3586685010828711,0.01829268,,unknown,no,large_under_prediction,selected model primary split test residual,unknown,unknown,unknown,manual annotation missing; possible material-system outlier; possibly missing additive/structure feature,True
10.1039_d1tc02896k__sample_45864,unknown,p,Nb26.7Ti6.7Fe32.9Sb33.0Bi0.3,10.1039/d1tc02896k,1.926377682261666,0.9432761826315101,-0.9831014996301559,0.9831014996301559,6.864599391170758,2.5683821386219443,0.37414887486739506,medium,0.2954866934564944,0.4719310658623433,0.9197531,1.6400212849559868,unknown,no,large_under_prediction,selected model primary split test residual,unknown,unknown,unknown,manual annotation missing; possible material-system outlier; possibly missing additive/structure feature,True
10.1016_j.nanoen.2016.02.040__sample_3164,unknown,n,Pb0.97In0.03Te,10.1016/j.nanoen.2016.02.040,-1.6380768594972837,-0.6551229914828133,0.9829538680144704,0.9829538680144704,0.1943534521116282,0.5193781795661493,2.67233832959057,medium,0.2443069097489437,0.3776898872467051,0.1046606,0.1319443705980285,unknown,no,large_over_prediction,selected model primary split test residual,unknown,unknown,unknown,manual annotation missing; possible material-system outlier; possibly missing additive/structure feature,True
10.1039_c5ce00228a__sample_13852,unknown,p,Ge0.87Sb0.09Te,10.1039/c5ce00228a,1.0947286526544426,0.11354569919903038,-0.9811829534554123,0.9811829534554123,2.9883716866427226,1.1202430819341949,0.37486738578785317,medium,0.0786017883763553,0.1405027819529545,1.12626,0.6867161444584757,not_checked,no,large_under_prediction,selected model primary split test residual,unknown,unknown,not_checked,manual annotation missing; possible material-system outlier; possibly missing additive/structure feature,True
10.1039_c4ra06042c__sample_459,unknown,p,Pb0.24Mn0.04Sn0.72Te1,10.1039/c4ra06042c,1.2320319070599566,0.25148534460219674,-0.9805465624577598,0.9805465624577598,3.4281882240474206,1.2859340540506936,0.37510602394301495,low,0.442172488182649,0.9107492806645692,0.2930876,,unknown,no,large_under_prediction,selected model primary split test residual,unknown,unknown,unknown,low target quality; manual annotation missing; possible material-system outlier; possibly missing additive/structure feature,True
10.1021_acsnano.1c03120__sample_44816,unknown,p,Cu2SnSe2.7S0.3,10.1021/acsnano.1c03120,-1.2543243919582407,-0.27413314887658524,0.9801912430816555,0.9801912430816555,0.2852685128355772,0.7602308446387507,2.6649658494799664,medium,0.1449162663080314,0.279665078797623,,,unknown,no,large_over_prediction,selected model primary split test residual,unknown,unknown,unknown,manual annotation missing; possible material-system outlier; possibly missing additive/structure feature,True
10.4028_www.scientific.net_ddf.312-315.223__sample_5027,unknown,p,Sn0.4Co3FeSb12,10.4028/www.scientific.net/ddf.312-315.223,0.1657231891338851,1.1449168466341104,0.9791936575002254,0.9791936575002254,1.1802463514865704,3.1421800631271113,2.6623086435890286,medium,0.1258170818233758,0.1984581072096052,,,unknown,no,large_over_prediction,selected model primary split test residual,unknown,unknown,unknown,manual annotation missing; possible material-system outlier; possibly missing additive/structure feature,True
10.1039_c5cp00739a__sample_28001,unknown,n,In1.98Ga0.02O3,10.1039/c5cp00739a,-2.070695558207602,-1.0932720431165395,0.9774235150910626,0.9774235150910626,0.1260980426662327,0.3351181766930514,2.6576001467371815,medium,0.1482308072942285,0.2869881644350914,,,unknown,no,large_over_prediction,selected model primary split test residual,unknown,unknown,unknown,manual annotation missing; possible material-system outlier; possibly missing additive/structure feature,True
10.1063_1.3514145__sample_30212,unknown,p,Er0.006(In0.52Al0.48As)0.5(In0.53Ga0.47As)0.5,10.1063/1.3514145,0.1641546895018665,-0.8120717034466202,-0.9762263929484867,0.9762263929484867,1.1783965865755948,0.44393740623041605,0.37673005106073193,medium,0.3406634547304489,0.4250501887359157,1.332121,,unknown,no,large_under_prediction,selected model primary split test residual,unknown,unknown,unknown,manual annotation missing; possible material-system outlier; possibly missing additive/structure feature,True
10.1021_acsami.1c04326__sample_45079,unknown,p,Sn1.05Te,10.1021/acsami.1c04326,1.8945388917704105,0.918891026634034,-0.9756478651363765,0.9756478651363765,6.649481566942141,2.506509196146334,0.3769480629298125,medium,0.3794306389569016,0.617373125040825,0.3377818,0.5452519769812212,unknown,no,large_under_prediction,selected model primary split test residual,unknown,unknown,unknown,manual annotation missing; possible material-system outlier; possibly missing additive/structure feature,True
10.1016_j.nanoen.2015.07.012__sample_14067,unknown,p,Cu2Se,10.1016/j.nanoen.2015.07.012,-0.2020587063856622,0.7733776850017701,0.9754363913874322,0.9754363913874322,0.8170469606602809,2.1670735978736118,2.6523244099976,medium,0.3594884934523017,0.6891470609755902,1.822264,3.5572309907434425,unknown,no,large_over_prediction,selected model primary split test residual,unknown,unknown,unknown,manual annotation missing; possible material-system outlier; possibly missing additive/structure feature,True
10.1016_j.actamat.2016.10.077__sample_31130,unknown,n,Mg1.97La0.03Sn0.75Ge0.25,10.1016/j.actamat.2016.10.077,-0.957348297016848,0.016772127015504002,0.974120424032352,0.974120424032352,0.3839095515349027,1.016913568791164,2.648836333259899,low,0.465078612764003,0.8906827954655724,,,unknown,no,large_over_prediction,selected model primary split test residual,unknown,unknown,unknown,low target quality; manual annotation missing; possible material-system outlier; possibly missing additive/structure feature,True
10.1016_j.intermet.2015.02.004__sample_22802,unknown,p,Ti48.4Ni51.6,10.1016/j.intermet.2015.02.004,3.4307884628028096,2.457232273912078,-0.9735561888907314,0.9735561888907314,30.900997434080445,11.672460617624827,0.37773734140864235,medium,0.1616875978428646,0.2129417968571458,,,unknown,no,large_under_prediction,selected model primary split test residual,unknown,unknown,unknown,manual annotation missing; possible material-system outlier; possibly missing additive/structure feature,True
10.1016_j.nanoen.2015.05.032__sample_6385,unknown,p,Bi0.5Sb1.5Te3,10.1016/j.nanoen.2015.05.032,0.5556295061376094,-0.4173742750322476,-0.9730037811698571,0.9730037811698571,1.7430378925342045,0.6587743110207169,0.37794606407719816,low,0.1915455581670077,,,,unknown,no,large_under_prediction,selected model primary split test residual,unknown,unknown,unknown,low target quality; manual annotation missing; possible material-system outlier; possibly missing additive/structure feature,True
10.1143_jjap.46.3309__sample_8383,unknown,n,(Mg2Si)P0.0005,10.1143/jjap.46.3309,-1.611083643229856,-0.6395530707569664,0.9715305724728897,0.9715305724728897,0.1996711245353169,0.5275281391170397,2.641985115998748,medium,0.1634235444523879,0.139687409561974,,,unknown,no,large_over_prediction,selected model primary split test residual,unknown,unknown,unknown,manual annotation missing; possible material-system outlier; possibly missing additive/structure feature,True
10.1021_nl302017w__sample_16847,unknown,n,Bi2Te2.7Se0.3,10.1021/nl302017w,-1.5614945369632336,-0.5900718409578668,0.9714226960053668,0.9714226960053668,0.2098222496424196,0.5542874627618415,2.641700123349462,medium,0.1304850785154629,0.0910642011827984,,,unknown,no,large_over_prediction,selected model primary split test residual,unknown,unknown,unknown,manual annotation missing; possible material-system outlier; possibly missing additive/structure feature,True
10.1007_s11664-013-2746-1__sample_30301,unknown,p,(BaFe12O19)0.001CeFe3CoSb12,10.1007/s11664-013-2746-1,1.038203049475461,0.0673510269445614,-0.9708520225308996,0.9708520225308996,2.824137616433757,1.0696708955860956,0.3787601883710067,medium,0.1060955286839342,0.083373608106672,,0.4648147618090553,unknown,no,large_under_prediction,selected model primary split test residual,unknown,unknown,unknown,manual annotation missing; possible material-system outlier; possibly missing additive/structure feature,True
10.1063_1.3553842__sample_5388,unknown,p,EuFe4Sb12,10.1063/1.3553842,1.7575593773167844,0.7869442165724929,-0.9706151607442914,0.9706151607442914,5.7982687250740526,2.196673600952802,0.37884991281164654,medium,0.0790369874033155,0.0698944556812179,0.5702783,0.7716197012828271,unknown,no,large_under_prediction,selected model primary split test residual,unknown,unknown,unknown,manual annotation missing; possible material-system outlier; possibly missing additive/structure feature,True
10.1038_srep44621__sample_41147,unknown,p,Ca2.9Tb0.1Co4O9,10.1038/srep44621,-0.6002914945401711,-1.5699952707509932,-0.9697037762108222,0.9697037762108222,0.5486516838122637,0.20804616625681904,0.3791953481509915,medium,0.2992387326863183,0.3568734984431822,,,unknown,no,large_under_prediction,selected model primary split test residual,unknown,unknown,unknown,manual annotation missing; possible material-system outlier; possibly missing additive/structure feature,True
10.1039_c5ta05535k__sample_294,unknown,p,Sn1Mn0.03Te1,10.1039/c5ta05535k,1.7771358274855806,0.8085030504265678,-0.9686327770590129,0.9686327770590129,5.912896586359369,2.2445454991397478,0.3796016836008521,medium,0.2837766313573296,0.563535521337582,0.8773457,1.2428925056478313,unknown,no,large_under_prediction,selected model primary split test residual,unknown,unknown,unknown,manual annotation missing; possible material-system outlier; possibly missing additive/structure feature,True
10.1021_am405410e__sample_140,unknown,n,Pb1.0005Zn0.02Te1.02I0.001,10.1021/am405410e,0.2775769915538849,1.2447138550815788,0.967136863527694,0.967136863527694,1.3199277385193962,3.4719411788584926,2.630402466390377,medium,0.4342792882439225,0.7551239231407383,,,unknown,no,large_over_prediction,selected model primary split test residual,unknown,unknown,unknown,manual annotation missing; possible material-system outlier; possibly missing additive/structure feature,True
10.1146_annurev-matsci-062910-100445__sample_26821,unknown,p,In0.53Ga0.27Al0.20As(ErAs)0.006,10.1146/annurev-matsci-062910-100445,0.1544548502983719,-0.8120717034466202,-0.9665265537449921,0.9665265537449921,1.1670215861915822,0.44393740623041605,0.38040205209840716,medium,0.3571003058074812,0.5129467911797639,1.189046,,unknown,no,large_under_prediction,selected model primary split test residual,unknown,unknown,unknown,manual annotation missing; possible material-system outlier; possibly missing additive/structure feature,True
10.1039_c5ta02721g__sample_13647,unknown,n,CuAg0.98Se,10.1039/c5ta02721g,0.022319074556522,-0.9441448066936796,-0.9664638812502017,0.9664638812502017,1.0225700084947509,0.38901210924110563,0.3804258935911306,medium,0.3896852813407859,0.4335574456529301,0.001445781,0.0024320777897335,unknown,no,large_under_prediction,selected model primary split test residual,unknown,unknown,unknown,manual annotation missing; possible material-system outlier; possibly missing additive/structure feature,True
10.1016_j.jallcom.2019.152649__sample_35429,unknown,n,(CuI)0.009Bi2Te2.7Se0.3,10.1016/j.jallcom.2019.152649,0.9485608662039504,-0.017637855294891563,-0.966198721498842,0.966198721498842,2.581991153513823,0.9825167811881227,0.3805267806014823,low,0.1114204996779932,,0.4476775,0.4461810051348685,unknown,no,large_under_prediction,selected model primary split test residual,unknown,unknown,unknown,low target quality; manual annotation missing; possible material-system outlier; possibly missing additive/structure feature,True
10.1007_s11664-013-2746-1__sample_30303,unknown,p,(BaFe12O19)0.004CeFe3CoSb12,10.1007/s11664-013-2746-1,1.0328568272419565,0.0673510269445614,-0.9655058002973951,0.9655058002973951,2.809079437170859,1.0696708955860956,0.38079054704960774,medium,0.1578757177785993,0.1616780566130594,0.2758965,,unknown,no,large_under_prediction,selected model primary split test residual,unknown,unknown,unknown,manual annotation missing; possible material-system outlier; possibly missing additive/structure feature,True
10.1143_jjap.45.8740__sample_10976,unknown,n,Nb0.99Ti0.01CoSn0.92Sb0.08,10.1143/jjap.45.8740,1.0557490520090875,0.09299786895473862,-0.9627511830543489,0.9627511830543489,2.8741272185639817,1.0974593965299435,0.38184092528732044,medium,0.2712258869072755,0.454604949662059,,,unknown,no,large_under_prediction,selected model primary split test residual,unknown,unknown,unknown,manual annotation missing; possible material-system outlier; possibly missing additive/structure feature,True
10.1016_s0925-8388_03_00547-4__sample_11028,unknown,n,NiZrSn0.72Sb0.28,10.1016/s0925-8388(03)00547-4,1.8789211320814585,0.9182638937734534,-0.9606572383080051,0.9606572383080051,6.546438308665701,2.504937774660612,0.3826413167820976,medium,0.1291054592789514,0.2081674805511405,,,unknown,no,large_under_prediction,selected model primary split test residual,unknown,unknown,unknown,manual annotation missing; possible material-system outlier; possibly missing additive/structure feature,True
10.1016_j.actamat.2016.10.077__sample_31128,unknown,n,Mg1.96Y0.04Sn0.75Ge0.25,10.1016/j.actamat.2016.10.077,-0.943502995395068,0.016772127015504002,0.960275122410572,0.960275122410572,0.3892618617465301,1.016913568791164,2.6124151085043428,medium,0.2533612222371336,0.5289239892860632,,,unknown,no,large_over_prediction,selected model primary split test residual,unknown,unknown,unknown,manual annotation missing; possible material-system outlier; possibly missing additive/structure feature,True
10.1007_s40243-014-0026-5__sample_13996,unknown,p,Cu1.97Ag0.03Se1.009,10.1007/s40243-014-0026-5,0.5675307645789269,-0.39021794574001534,-0.9577487103189423,0.9577487103189423,1.7639061700335643,0.6769093289156694,0.38375585981582505,medium,0.2511207574159418,0.2149147985977037,,,unknown,no,large_under_prediction,selected model primary split test residual,unknown,unknown,unknown,manual annotation missing; possible material-system outlier; possibly missing additive/structure feature,True
10.1002_pssa.201127501__sample_16829,unknown,n,Ag0.8Pb18SbTe20,10.1002/pssa.201127501,0.0884220958198389,-0.8691632405083339,-0.9575853363281728,0.9575853363281728,1.0924491429404746,0.41930225764184614,0.38381856066382863,medium,0.337804091127911,0.5787765547511897,,,unknown,no,large_under_prediction,selected model primary split test residual,unknown,unknown,unknown,manual annotation missing; possible material-system outlier; possibly missing additive/structure feature,True
10.1016_j.nanoen.2015.05.032__sample_6386,unknown,p,Bi0.5Sb1.5Te3,10.1016/j.nanoen.2015.05.032,0.5401877722701307,-0.4173742750322476,-0.9575620473023783,0.9575620473023783,1.7163291109426744,0.6587743110207169,0.3838274995282767,low,0.1948768151310185,,,,unknown,no,large_under_prediction,selected model primary split test residual,unknown,unknown,unknown,low target quality; manual annotation missing; possible material-system outlier; possibly missing additive/structure feature,True
10.1016_j.actamat.2016.10.077__sample_31129,unknown,n,Mg1.95Y0.05Sn0.75Ge0.25,10.1016/j.actamat.2016.10.077,-0.9400013037564384,0.016772127015504002,0.9567734307719424,0.9567734307719424,0.3906273260752977,1.016913568791164,2.60328323419735,medium,0.1495275456858439,0.3351453053888449,,,unknown,no,large_over_prediction,selected model primary split test residual,unknown,unknown,unknown,manual annotation missing; possible material-system outlier; possibly missing additive/structure feature,True
10.1007_s12598-021-01753-w__sample_45739,unknown,p,Sn0.9725Na0.02In0.0075Se,10.1007/s12598-021-01753-w,-2.4646238081129166,-3.420893871867373,-0.9562700637544563,0.9562700637544563,0.0850408280245244,0.03268320727855237,0.3843237188274679,medium,0.3489282360493837,0.5642089922412542,0.4689655,0.3272946417890625,unknown,no,large_under_prediction,selected model primary split test residual,unknown,unknown,unknown,manual annotation missing; possible material-system outlier; possibly missing additive/structure feature,True
10.1016_j.jmat.2020.11.001__sample_39619,unknown,p,Mn0.08Cu1.8S,10.1016/j.jmat.2020.11.001,-0.6210071380616261,0.3346913471589286,0.9556984852205548,0.9556984852205548,0.5374029260107688,1.3975089735325665,2.6004863499841875,medium,0.277735746108202,0.1858971479097226,0.9213149,0.7613365207606493,unknown,no,large_over_prediction,selected model primary split test residual,unknown,unknown,unknown,manual annotation missing; possible material-system outlier; possibly missing additive/structure feature,True
10.1016_j.jssc.2019.121060__sample_38590,unknown,p,Bi0.4Sb1.6Te3,10.1016/j.jssc.2019.121060,0.5377457106257915,-0.4173742750322476,-0.955119985658039,0.955119985658039,1.712142843094309,0.6587743110207169,0.3847659753844674,low,0.2113385668725327,,,,unknown,no,large_under_prediction,selected model primary split test residual,unknown,unknown,unknown,low target quality; manual annotation missing; possible material-system outlier; possibly missing additive/structure feature,True
10.1039_d4ee01652a__sample_83924,unknown,p,(Bi0.4Sb1.6Te3)99.42(C8H10N4Zn)0.58,10.1039/d4ee01652a,0.2319162399457979,-0.7226898129507443,-0.9546060528965422,0.9546060528965422,1.2610141017952123,0.4854447427094554,0.38496377004695165,medium,0.1393581395383459,0.2375278714721467,1.403,1.5368333937647105,unknown,no,large_under_prediction,selected model primary split test residual,unknown,unknown,unknown,manual annotation missing; possible material-system outlier; possibly missing additive/structure feature,True
10.1016_j.jallcom.2011.06.116__sample_1626,unknown,p,Bi2Se0.12Te2.88,10.1016/j.jallcom.2011.06.116,0.0648986219918889,-0.8895639046882848,-0.9544625266801737,0.9544625266801737,1.0670508434116412,0.41083487685560166,0.3850190264055786,low,0.0588571945880334,,0.8609086,0.8281331150846583,unknown,no,large_under_prediction,selected model primary split test residual,unknown,unknown,unknown,low target quality; manual annotation missing; possible material-system outlier; possibly missing additive/structure feature,True
10.1039_c3ta11903c__sample_13563,unknown,p,CuCrSe2,10.1039/c3ta11903c,0.134794356710401,-0.8196346694455676,-0.9544290261559686,0.9544290261559686,1.1443014422410058,0.4405925870415258,0.38503192496084515,medium,0.1080848564528817,0.0676691468230884,,,unknown,no,large_under_prediction,selected model primary split test residual,unknown,unknown,unknown,manual annotation missing; possible material-system outlier; possibly missing additive/structure feature,True
10.1016_j.jallcom.2016.08.095__sample_9830,unknown,n,Mg1.8Mn0.2Si,10.1016/j.jallcom.2016.08.095,-2.1425290676494746,-1.1901856985193096,0.952343369130165,0.952343369130165,0.117357661918448,0.3041647758734736,2.591776036615642,medium,0.4843974257186281,0.1299042940840838,0.003639175,0.0092606663490258,unknown,no,large_over_prediction,selected model primary split test residual,unknown,unknown,unknown,manual annotation missing; possible material-system outlier; possibly missing additive/structure feature,True
10.1007_s11664-015-4158-x__sample_9937,unknown,n,Mg2Si0.5Sn0.5Sb0.0033,10.1007/s11664-015-4158-x,-0.8779783008915536,0.07416918251937359,0.9521474834109271,0.9521474834109271,0.415622326160169,1.076988997795894,2.591268394424156,medium,0.1677973602661037,0.2562539455633703,0.2281481,0.3152735050898791,unknown,no,large_over_prediction,selected model primary split test residual,unknown,unknown,unknown,manual annotation missing; possible material-system outlier; possibly missing additive/structure feature,True
10.1021_cm902001c__sample_27105,unknown,n,K0.9Pb20SbTe22,10.1021/cm902001c,-0.4043260088687261,-1.3561849551486496,-0.9518589462799234,0.9518589462799234,0.6674264988395908,0.2576418194999868,0.38602276048063894,medium,0.3050082599444828,0.5778362042816572,0.7843902,,unknown,no,large_under_prediction,selected model primary split test residual,unknown,unknown,unknown,manual annotation missing; possible material-system outlier; possibly missing additive/structure feature,True
10.1002_pssa.201228589__sample_5618,unknown,n,Bi2.0Se0.3Te2.7,10.1002/pssa.201228589,-0.9084005377148006,0.04340321688619931,0.9518037546009999,0.9518037546009999,0.4031685615082354,1.044358913113092,2.5903778538837265,medium,0.1483620739451036,0.2419256298068166,0.4490934,0.4827795807702814,unknown,no,large_over_prediction,selected model primary split test residual,unknown,unknown,unknown,manual annotation missing; possible material-system outlier; possibly missing additive/structure feature,True
10.1016_j.jallcom.2013.11.033__sample_27192,unknown,n,Pr0.6Sr0.4MnO3,10.1016/j.jallcom.2013.11.033,-2.2683551178883734,-1.3170026113440978,0.9513525065442756,0.9513525065442756,0.1034822562793314,0.26793721150644834,2.5892092146039114,medium,0.2023910786743257,0.0578503181099388,,,unknown,no,large_over_prediction,selected model primary split test residual,unknown,unknown,unknown,manual annotation missing; possible material-system outlier; possibly missing additive/structure feature,True
10.1021_acsami.9b19798__sample_35966,unknown,p,Mn0.01In0.15Sb1.84Te3,10.1021/acsami.9b19798,-0.936308224663286,0.014598756798648745,0.9509069814619348,0.9509069814619348,0.39207261081921,1.0147058391036365,2.588055913886653,medium,0.1738576236564135,0.28292288132087,0.8997605,0.403228617723435,unknown,no,large_over_prediction,selected model primary split test residual,unknown,unknown,unknown,manual annotation missing; possible material-system outlier; possibly missing additive/structure feature,True
10.1007_s11664-010-1188-2__sample_4052,unknown,p,In0.05Co3FeSb12,10.1007/s11664-010-1188-2,0.1246491454109604,1.0754642146187248,0.9508150692077644,0.9508150692077644,1.132750952468537,2.9313533618194665,2.587818050765123,medium,0.1493097183087226,0.1480558326896,0.2229508,0.2127790650748343,unknown,no,large_over_prediction,selected model primary split test residual,unknown,unknown,unknown,manual annotation missing; possible material-system outlier; possibly missing additive/structure feature,True
10.1039_d4ee01652a__sample_83925,unknown,p,(Bi0.4Sb1.6Te3)99.13(C8H10N4Zn)0.87,10.1039/d4ee01652a,0.2278294463020306,-0.7226898129507443,-0.9505192592527749,0.9505192592527749,1.2558711137029472,0.4854447427094554,0.38654025672914577,medium,0.1401878224712444,0.2323157402083007,1.48,2.116084457673144,unknown,no,large_under_prediction,selected model primary split test residual,unknown,unknown,unknown,manual annotation missing; possible material-system outlier; possibly missing additive/structure feature,True
10.1007_s11664-014-3450-5__sample_25985,unknown,n,Ca0.98Dy0.02MnO3,10.1007/s11664-014-3450-5,-2.285408215502088,-1.335283070600425,0.950125144901663,0.950125144901663,0.1017325248350773,0.2630836936555969,2.586033267945453,medium,0.2467044378124242,0.5431687471825903,,,unknown,no,large_over_prediction,selected model primary split test residual,unknown,unknown,unknown,manual annotation missing; possible material-system outlier; possibly missing additive/structure feature,True
10.1039_c5ta02721g__sample_13646,unknown,n,CuAg0.99Se,10.1039/c5ta02721g,0.005278912907106,-0.9441448066936796,-0.9494237196007856,0.9494237196007856,1.0052928709180795,0.38901210924110563,0.3869639589564004,medium,0.355785234491302,0.4393438569491119,0.01813953,0.0555909747067488,unknown,no,large_under_prediction,selected model primary split test residual,unknown,unknown,unknown,manual annotation missing; possible material-system outlier; possibly missing additive/structure feature,True
10.1109_icmree.2011.5930583__sample_16467,unknown,p,MnSi1.7,10.1109/icmree.2011.5930583,-0.2321428296342114,0.7171596567096035,0.9493024863438149,0.9493024863438149,0.7928328751897284,2.048606194339278,2.5839067203779074,medium,0.1150593018391576,0.1586400500729899,,,unknown,no,large_over_prediction,selected model primary split test residual,unknown,unknown,unknown,manual annotation missing; possible material-system outlier; possibly missing additive/structure feature,True
10.1016_j.jssc.2014.12.010__sample_26492,unknown,n,Ca0.98Dy0.02MnO3,10.1016/j.jssc.2014.12.010,-2.28418415460654,-1.335283070600425,0.9489010840061147,0.9489010840061147,0.1018571278858362,0.2630836936555969,2.582869742316582,medium,0.2476618773000871,0.5475051712850375,,,unknown,no,large_over_prediction,selected model primary split test residual,unknown,unknown,unknown,manual annotation missing; possible material-system outlier; possibly missing additive/structure feature,True
10.1021_cm902001c__sample_27121,unknown,n,K0.8Pb21.2Sb1.2Te23,10.1021/cm902001c,-0.6883185629467753,0.25975828396773676,0.948076846914512,0.948076846914512,0.502420147086757,1.2966166357556814,2.5807417223891385,medium,0.0884075682942337,0.176391070063862,0.6754371,,unknown,no,large_over_prediction,selected model primary split test residual,unknown,unknown,unknown,manual annotation missing; possible material-system outlier; possibly missing additive/structure feature,True
10.1007_s10904-011-9583-6__sample_30335,unknown,n,(PbTe)0.52Yb0.2Co4Sb12,10.1007/s10904-011-9583-6,-0.5797091140838826,0.3682715545287711,0.9479806686126537,0.9479806686126537,0.5600612568047827,1.445234445650415,2.5804935229686348,medium,0.2995790194815517,0.3080763491157504,0.562963,,unknown,no,large_over_prediction,selected model primary split test residual,unknown,unknown,unknown,manual annotation missing; possible material-system outlier; possibly missing additive/structure feature,True
10.1016_j.actamat.2010.04.028__sample_10269,unknown,p,Zr31.4Ni30.1Ir6.1Sn32.4,10.1016/j.actamat.2010.04.028,0.9559742451614712,1.9021282609851267,0.9461540158236554,0.9461540158236554,2.601203558830603,6.7001389231812345,2.5757841597730815,medium,0.3942378017434716,0.7769232096385791,,,unknown,no,large_over_prediction,selected model primary split test residual,unknown,unknown,unknown,manual annotation missing; possible material-system outlier; possibly missing additive/structure feature,True
10.1021_acs.chemmater.7b04436__sample_44019,unknown,p,Cu4.94FeS4,10.1021/acs.chemmater.7b04436,-2.0659467161451155,-3.011702842582584,-0.9457561264374683,0.9457561264374683,0.1266982864586953,0.04920781421522618,0.3883857910838308,medium,0.319557650156556,0.5641682089903864,,,unknown,no,large_under_prediction,selected model primary split test residual,unknown,unknown,unknown,manual annotation missing; possible material-system outlier; possibly missing additive/structure feature,True
10.1016_j.mtphys.2021.100444__sample_45586,unknown,p,(Ge0.9Sb0.1Te)0.99(FeTe2)0.01,10.1016/j.mtphys.2021.100444,0.5127890220139566,1.4576764589115223,0.9448874368975657,0.9448874368975657,1.6699422116273113,4.295966069058501,2.57252379103119,medium,0.1725211276629254,0.1880580921517382,1.916967,1.974290638450576,unknown,no,large_over_prediction,selected model primary split test residual,unknown,unknown,unknown,manual annotation missing; possible material-system outlier; possibly missing additive/structure feature,True
10.1063_1.3653828__sample_19090,unknown,p,ZnC1.2Fe3,10.1063/1.3653828,2.7394368772704767,1.7945572111976882,-0.9448796660727885,0.9448796660727885,15.478266478076849,6.016809955812445,0.38872634505514886,medium,0.456361096240141,0.773867920800331,,,unknown,no,large_under_prediction,selected model primary split test residual,unknown,unknown,unknown,manual annotation missing; possible material-system outlier; possibly missing additive/structure feature,True
10.1016_j.mssp.2020.105393__sample_38623,unknown,n,Pb0.97Bi0.03S,10.1016/j.mssp.2020.105393,-0.7999048627169792,-1.742027459452399,-0.9421225967354198,0.9421225967354198,0.449371714087576,0.17516490062436355,0.3897995693387734,medium,0.1405640533010851,0.2812071257108679,0.6939446,0.9557525839368618,unknown,no,large_under_prediction,selected model primary split test residual,unknown,unknown,unknown,manual annotation missing; possible material-system outlier; possibly missing additive/structure feature,True
10.1016_j.jallcom.2021.161342__sample_46464,unknown,p,Te0.998Sb0.002,10.1016/j.jallcom.2021.161342,-0.2242341558868683,0.7170099536125181,0.9412441094993864,0.9412441094993864,0.7991279919362958,2.0482995346018056,2.5631682975323558,low,0.4811198370204372,0.8708482319229579,,,unknown,no,large_over_prediction,selected model primary split test residual,unknown,unknown,unknown,low target quality; manual annotation missing; possible material-system outlier; possibly missing additive/structure feature,True
10.1016_j.actamat.2021.117231__sample_46275,unknown,n,Ag3.98TeS,10.1016/j.actamat.2021.117231,-1.643982652705006,-0.7046971165062417,0.9392855361987644,0.9392855361987644,0.1932090235198692,0.4942582542540644,2.558153057500629,medium,0.3428723473206085,0.2338666416020858,0.9420823,1.368789527715227,unknown,no,large_over_prediction,selected model primary split test residual,unknown,unknown,unknown,manual annotation missing; possible material-system outlier; possibly missing additive/structure feature,True
10.1016_j.jallcom.2020.158552__sample_39609,unknown,n,(Sr0.9La0.1TiO3)88.94(TiO2)11.06,10.1016/j.jallcom.2020.158552,-0.968132332689557,-0.03278061478821402,0.935351717901343,0.935351717901343,0.3797917006685662,0.9677508465262944,2.5481095158812437,medium,0.4622271756077828,0.5742480350728616,,,unknown,no,large_over_prediction,selected model primary split test residual,unknown,unknown,unknown,manual annotation missing; possible material-system outlier; possibly missing additive/structure feature,True
10.1039_c4ee01463d__sample_411,unknown,p,Sn0.98Bi0.02Hg0.01Te1.01,10.1039/c4ee01463d,1.4283625806665554,0.49323825245076897,-0.9351243282157864,0.9351243282157864,4.171862507864579,1.6376106396623125,0.39253705906538716,medium,0.3599116315822556,0.6504200562394777,0.5139556,0.1258500771734672,unknown,no,large_under_prediction,selected model primary split test residual,unknown,unknown,unknown,manual annotation missing; possible material-system outlier; possibly missing additive/structure feature,True
10.1063_1.3682585__sample_833,unknown,p,Ba8Au5.43Si40.57,10.1063/1.3682585,-0.3155654124934161,0.6193814348840379,0.9349468473774539,0.9349468473774539,0.7293763591535788,1.8577785293673845,2.547078070261676,medium,0.2324512311400099,0.3257324536843549,,,unknown,no,large_over_prediction,selected model primary split test residual,unknown,unknown,unknown,manual annotation missing; possible material-system outlier; possibly missing additive/structure feature,True
10.1021_acsaem.9b01656__sample_35420,unknown,n,Pb0.99Sb0.01Se0.76Te0.12S0.12,10.1021/acsaem.9b01656,0.4230779425436825,-0.5107980580191194,-0.9338760005628018,0.9338760005628018,1.5266532825695018,0.600016539676086,0.3930273799078999,medium,0.3779957467141399,0.7388959313653609,,0.0314568617045362,unknown,no,large_under_prediction,selected model primary split test residual,unknown,unknown,unknown,manual annotation missing; possible material-system outlier; possibly missing additive/structure feature,True
10.1039_c3ta11903c__sample_13562,unknown,p,CuCrSe2,10.1039/c3ta11903c,0.1138817131374567,-0.8196346694455676,-0.9335163825830243,0.9335163825830243,1.120619562471962,0.4405925870415258,0.39316874503745736,medium,0.113816089280532,0.0836271847755644,,,unknown,no,large_under_prediction,selected model primary split test residual,unknown,unknown,unknown,manual annotation missing; possible material-system outlier; possibly missing additive/structure feature,True
10.1021_acs.chemmater.8b03994__sample_43400,unknown,n,Yb0.5Co3.7Fe0.3Sb12,10.1021/acs.chemmater.8b03994,0.8938206709704029,-0.0391381242491149,-0.9329587952195177,0.9329587952195177,2.4444512765498523,0.961617877225696,0.39338803209157963,medium,0.1024888831589579,0.1630171012545222,1.024561,0.280846815837693,not_checked,no,large_under_prediction,selected model primary split test residual,unknown,unknown,not_checked,manual annotation missing; possible material-system outlier; possibly missing additive/structure feature,True
10.1016_j.jallcom.2019.152649__sample_35428,unknown,n,(CuI)0.006Bi2Te2.7Se0.3,10.1016/j.jallcom.2019.152649,0.9137198834603876,-0.017637855294891563,-0.9313577387552792,0.9313577387552792,2.493581133467333,0.9825167811881227,0.3940183730143682,low,0.1302277186658534,,0.6226989,0.6217699781777059,unknown,no,large_under_prediction,selected model primary split test residual,unknown,unknown,unknown,low target quality; manual annotation missing; possible material-system outlier; possibly missing additive/structure feature,True
10.1039_c4dt00430b__sample_31275,unknown,n,Ti0.1Zr0.9NiSn0.975,10.1039/c4dt00430b,-0.3961624508828299,0.5351837254307158,0.9313461763135458,0.9313461763135458,0.6728973742854208,1.7077619727371962,2.5379233713770146,medium,0.1122256806844248,0.0955068891995097,0.06532855,,unknown,no,large_over_prediction,selected model primary split test residual,unknown,unknown,unknown,manual annotation missing; possible material-system outlier; possibly missing additive/structure feature,True
10.1021_acsami.7b19489__sample_45780,unknown,n,Zn0.99875In0.00125O,10.1021/acsami.7b19489,-1.6520056026729872,-0.7207544317071167,0.9312511709658705,0.9312511709658705,0.1916651188073993,0.48638517311144586,2.537682266538051,medium,0.2448620850273075,0.4877202554203323,,,unknown,no,large_over_prediction,selected model primary split test residual,unknown,unknown,unknown,manual annotation missing; possible material-system outlier; possibly missing additive/structure feature,True
10.1016_j.intermet.2009.06.005__sample_3443,unknown,p,(Pr0.0487Nd0.9513)0.68Fe3.2Ni0.8Sb12,10.1016/j.intermet.2009.06.005,1.9372182082441007,1.0062401570705837,-0.9309780511735171,0.9309780511735171,6.939420074285646,2.735297368637652,0.3941680053025508,medium,0.241769099765505,0.3786085293690093,,,unknown,no,large_under_prediction,selected model primary split test residual,unknown,unknown,unknown,manual annotation missing; possible material-system outlier; possibly missing additive/structure feature,True
10.1016_j.actamat.2014.06.065__sample_15635,unknown,p,Na0.01(PbTe)0.9(PbSe)0.1,10.1016/j.actamat.2014.06.065,0.9701966891938896,0.040452991436868646,-0.9297436977570209,0.9297436977570209,2.6384633655533367,1.0412823593644562,0.39465484833293457,medium,0.5617417012451141,0.7550525822760095,,,unknown,no,large_under_prediction,selected model primary split test residual,unknown,unknown,unknown,manual annotation missing; possible material-system outlier; possibly missing additive/structure feature,True
10.1016_j.materresbull.2019.01.010__sample_27928,unknown,p,Cu3Sb0.995Sn0.005Se4,10.1016/j.materresbull.2019.01.010,-1.3655277341594885,-0.43616938720222803,0.9293583469572604,0.9293583469572604,0.2552459384376165,0.6465082064437944,2.5328834237329283,medium,0.1923835498995496,0.4031280761396865,,0.269760431096176,unknown,no,large_over_prediction,selected model primary split test residual,unknown,unknown,unknown,manual annotation missing; possible material-system outlier; possibly missing additive/structure feature,True
10.3724_sp.j.1077.2014.13261__sample_4837,unknown,n,Yb0.6Co4Sb12,10.3724/sp.j.1077.2014.13261,1.3623499002516894,0.4332426047448079,-0.9291072955068815,0.9291072955068815,3.905359733297472,1.542250332566503,0.394906087502549,medium,0.0948896197449331,0.2021858295465866,1.068536,1.2053509828487268,unknown,no,large_under_prediction,selected model primary split test residual,unknown,unknown,unknown,manual annotation missing; possible material-system outlier; possibly missing additive/structure feature,True
10.1016_j.jmst.2020.09.005__sample_38656,unknown,n,BiSb(Se0.990Cl0.010)3,10.1016/j.jmst.2020.09.005,-2.355729251965037,-1.4269907939898134,0.9287384579752236,0.9287384579752236,0.0948243304849643,0.2400301366880463,2.531313803751099,medium,0.2389853540167922,0.4748251171821684,0.6417621,0.9515831704598212,unknown,no,large_over_prediction,selected model primary split test residual,unknown,unknown,unknown,manual annotation missing; possible material-system outlier; possibly missing additive/structure feature,True
10.1039_c2cc37121a__sample_12213,unknown,n,TiNiSn0.95,10.1039/c2cc37121a,0.6168849689068767,-0.311597060733946,-0.9284820296408227,0.9284820296408227,1.8531464328171727,0.7322765317583235,0.39515308601118426,medium,0.2820041529048472,0.3996156166865961,,,unknown,no,large_under_prediction,selected model primary split test residual,unknown,unknown,unknown,manual annotation missing; possible material-system outlier; possibly missing additive/structure feature,True
10.4028_www.scientific.net_ddf.312-315.223__sample_5025,unknown,p,Sn0.2Co3FeSb12,10.4028/www.scientific.net/ddf.312-315.223,0.217280834172031,1.1449168466341104,0.9276360124620794,0.9276360124620794,1.242693043810145,3.1421800631271113,2.528524705902486,medium,0.122161214115196,0.1708221255218925,,,unknown,no,large_over_prediction,selected model primary split test residual,unknown,unknown,unknown,manual annotation missing; possible material-system outlier; possibly missing additive/structure feature,True
10.1016_j.intermet.2016.08.006__sample_6995,unknown,n,Bi2Te2.4Se0.6,10.1016/j.intermet.2016.08.006,-0.8840320941996292,0.04340321688619931,0.9274353110858286,0.9274353110858286,0.413113835107561,1.044358913113092,2.5280172784365256,low,0.0549620772480166,,0.6354896,0.8044174406117326,unknown,no,large_over_prediction,selected model primary split test residual,unknown,unknown,unknown,low target quality; manual annotation missing; possible material-system outlier; possibly missing additive/structure feature,True
10.1016_j.intermet.2009.06.005__sample_3438,unknown,n,(Pr0.0487Nd0.9513)0.08Co4Sb12,10.1016/j.intermet.2009.06.005,-0.8335498433959805,0.09299786895473862,0.9265477123507191,0.9265477123507191,0.4345041238072377,1.0974593965299435,2.525774409029125,medium,0.2383641832857698,0.421717155252661,,,unknown,no,large_over_prediction,selected model primary split test residual,unknown,unknown,unknown,manual annotation missing; possible material-system outlier; possibly missing additive/structure feature,True
10.1021_nl301639t__sample_8887,unknown,p,Sb2Te3S0.005,10.1021/nl301639t,0.6228626097079198,1.5489689508354103,0.9261063411274905,0.9261063411274905,1.8642570511030097,4.706614928627883,2.5246598508736544,medium,0.0487862940271574,0.0210257810775551,0.9494845,0.968662236387216,unknown,no,large_over_prediction,selected model primary split test residual,unknown,unknown,unknown,manual annotation missing; possible material-system outlier; possibly missing additive/structure feature,True
10.1016_j.scriptamat.2012.04.005__sample_5664,unknown,n,Bi2Te2.85Se0.15,10.1016/j.scriptamat.2012.04.005,0.3357064163557503,-0.5900718409578668,-0.9257782573136171,0.9257782573136171,1.3989282620600487,0.5542874627618415,0.3962229356533286,medium,0.0942708970036694,0.1386404410063776,,,unknown,no,large_under_prediction,selected model primary split test residual,unknown,unknown,unknown,manual annotation missing; possible material-system outlier; possibly missing additive/structure feature,True
10.3724_sp.j.1077.2014.13261__sample_4836,unknown,n,Yb0.6Co4Sb12,10.3724/sp.j.1077.2014.13261,1.35865248596279,0.4332426047448079,-0.9254098812179821,0.9254098812179821,3.8909466623833913,1.542250332566503,0.396368921598581,medium,0.0975211043029575,0.2043932061216578,1.144735,0.9373327714769908,not_checked,no,large_under_prediction,selected model primary split test residual,unknown,unknown,not_checked,manual annotation missing; possible material-system outlier; possibly missing additive/structure feature,True
10.1021_acsami.1c04326__sample_45080,unknown,p,SnAg0.03Te,10.1021/acsami.1c04326,1.8432365779213304,0.918891026634034,-0.9243455512872965,0.9243455512872965,6.3169505128459535,2.506509196146334,0.3967910134881024,medium,0.3516111553012531,0.6088415774612742,0.6899696,0.9319275419424208,unknown,no,large_under_prediction,selected model primary split test residual,unknown,unknown,unknown,manual annotation missing; possible material-system outlier; possibly missing additive/structure feature,True
10.1039_c7cp07521a__sample_83037,unknown,n,NbCo1.05Sn,10.1039/c7cp07521a,-0.233935992169141,0.6902475503906648,0.9241835425598057,0.9241835425598057,0.7914124708699841,1.9942091393958883,2.519810102567241,medium,0.1744148040678035,0.1629501680817923,,,unknown,no,large_over_prediction,selected model primary split test residual,unknown,unknown,unknown,manual annotation missing; possible material-system outlier; possibly missing additive/structure feature,True
10.1039_d0nr00495b__sample_34236,unknown,p,Sn0.98Pb0.01In0.01Te,10.1039/d0nr00495b,1.6239067299064407,0.6997974160027939,-0.9241093139036468,0.9241093139036468,5.07286998738197,2.0133447947173058,0.39688476143193296,medium,0.1770528612068547,0.1792146425312815,0.5875476,0.6095793854221885,unknown,no,large_under_prediction,selected model primary split test residual,unknown,unknown,unknown,manual annotation missing; possible material-system outlier; possibly missing additive/structure feature,True
10.1039_c4cp04875j__sample_82646,unknown,p,Ti0.26Sc0.04Zr0.35Hf0.35NiSn,10.1039/c4cp04875j,-0.0787178643563528,0.8451982679838114,0.9239161323401641,0.9239161323401641,0.9243006658244146,2.3284394237975405,2.519136369679803,low,0.4569067289003475,,,,unknown,no,large_over_prediction,selected model primary split test residual,unknown,unknown,unknown,low target quality; manual annotation missing; possible material-system outlier; possibly missing additive/structure feature,True
10.2320_matertrans.m2010102__sample_28062,unknown,n,Sr0.92La0.08TiO3.00,10.2320/matertrans.m2010102,-0.0236644323993822,-0.9473536741194224,-0.9236892417200402,0.9236892417200402,0.9766133745848252,0.3877658216108331,0.39705151670248107,low,0.6429898180968026,0.9835772027398672,,,unknown,no,large_under_prediction,selected model primary split test residual,unknown,unknown,unknown,low target quality; manual annotation missing; possible material-system outlier; possibly missing additive/structure feature,True
10.1016_j.jallcom.2009.09.058__sample_16709,unknown,p,(Zn0.99Ag0.01)4Sb3,10.1016/j.jallcom.2009.09.058,0.4368279459401372,1.3591139609168588,0.9222860149767216,0.9222860149767216,1.547789750635315,3.892742651185751,2.51503322695341,medium,0.3189090152050305,0.3662912982793991,,,unknown,no,large_over_prediction,selected model primary split test residual,unknown,unknown,unknown,manual annotation missing; possible material-system outlier; possibly missing additive/structure feature,True
10.1021_jacs.7b12767__sample_44915,unknown,n,Mg3.02Sb1.5Bi0.49Te0.01,10.1021/jacs.7b12767,-1.3353520994420738,-0.413745806394263,0.9216062930478108,0.9216062930478108,0.2630655339197472,0.6611689948380063,2.5133242845857096,medium,0.6598292508279533,0.679334201021841,,,unknown,no,large_over_prediction,selected model primary split test residual,unknown,unknown,unknown,manual annotation missing; possible material-system outlier; possibly missing additive/structure feature,True
10.1103_physrevb.85.165127__sample_1197,unknown,n,Ba8Cu4.2Si41.8,10.1103/physrevb.85.165127,1.4219198097108932,0.5011135346989589,-0.9208062750119342,0.9208062750119342,4.145070553157912,1.6505582015973013,0.3981978546396098,medium,0.0738722727179474,0.091479002842963,,,unknown,no,large_under_prediction,selected model primary split test residual,unknown,unknown,unknown,manual annotation missing; possible material-system outlier; possibly missing additive/structure feature,True
10.1039_d1tc02896k__sample_45865,unknown,p,Nb26.7Ti6.7Fe33.1Sb32.3Bi1.0,10.1039/d1tc02896k,1.863916437480294,0.9432761826315101,-0.9206402548487838,0.9206402548487838,6.448944264449144,2.5683821386219443,0.3982639690004098,medium,0.2909699954359843,0.4659922108024357,1.202521,2.041161399910733,unknown,no,large_under_prediction,selected model primary split test residual,unknown,unknown,unknown,manual annotation missing; possible material-system outlier; possibly missing additive/structure feature,True
10.1016_j.intermet.2009.06.005__sample_3434,unknown,p,(Pr0.0487Nd0.9513)0.78Fe3.2Co0.8Sb12,10.1016/j.intermet.2009.06.005,2.136995540583388,1.2165716461695257,-0.9204238944138623,0.9204238944138623,8.473939736338103,3.3755951386934195,0.398350146888363,medium,0.3867340329705642,0.5954736579041848,,,unknown,no,large_under_prediction,selected model primary split test residual,unknown,unknown,unknown,manual annotation missing; possible material-system outlier; possibly missing additive/structure feature,True
10.1016_j.jallcom.2018.08.291__sample_41607,unknown,p,Cu2Se0.96I0.04,10.1016/j.jallcom.2018.08.291,-0.1782081846401415,-1.09846968997272,-0.9202615053325784,0.9202615053325784,0.836768203067152,0.3333808696210223,0.39841483985531884,medium,0.2083267419220877,0.4391085841679342,0.7107186,1.000689741754761,unknown,no,large_under_prediction,selected model primary split test residual,unknown,unknown,unknown,manual annotation missing; possible material-system outlier; possibly missing additive/structure feature,True
10.1063_1.3621834__sample_6646,unknown,n,Cu0.1TiS2,10.1063/1.3621834,0.9809582784840828,0.06092239495898475,-0.920035883525098,0.920035883525098,2.6670107567906687,1.0628164310739587,0.3985047410730703,low,0.5088837164368296,0.8317990681779428,,,unknown,no,large_under_prediction,selected model primary split test residual,unknown,unknown,unknown,low target quality; manual annotation missing; possible material-system outlier; possibly missing additive/structure feature,True
10.2320_matertrans.47.1445__sample_11926,unknown,n,Ti0.50(Zr0.25Hf0.75)0.50CoSb,10.2320/matertrans.47.1445,-1.1641084350166782,-0.24551682190621515,0.918591613110463,0.918591613110463,0.3122008853642799,0.7823001239045069,2.505758825737183,low,0.4008685794337202,0.9496660891352452,,,unknown,no,large_over_prediction,selected model primary split test residual,unknown,unknown,unknown,low target quality; manual annotation missing; possible material-system outlier; possibly missing additive/structure feature,True
10.1021_jacs.7b05881__sample_39988,unknown,p,Na0.01(Sn0.95Pb0.05)0.99Se,10.1021/jacs.7b05881,-1.7810471689863303,-2.6991141973578547,-0.9180670283715244,0.9180670283715244,0.1684616470597646,0.06726506993456735,0.399290112073426,medium,0.3887719963227892,0.6264828956745061,0.8726888,0.4172712131790533,unknown,no,large_under_prediction,selected model primary split test residual,unknown,unknown,unknown,manual annotation missing; possible material-system outlier; possibly missing additive/structure feature,True
10.1016_j.mtla.2019.100374__sample_27611,unknown,p,MnSi,10.1016/j.mtla.2019.100374,-0.2007881134858117,0.7171596567096035,0.9179477701954152,0.9179477701954152,0.8180857545296447,2.048606194339278,2.504146029919707,medium,0.1801094603738863,0.1308463003946793,,,unknown,no,large_over_prediction,selected model primary split test residual,unknown,unknown,unknown,manual annotation missing; possible material-system outlier; possibly missing additive/structure feature,True
10.1021_acsaem.1c02589__sample_46141,unknown,n,Pb0.885Sn0.10Sb0.015Te,10.1021/acsaem.1c02589,0.5928440892713807,-0.3249959226355373,-0.9178400119069179,0.9178400119069179,1.8091264225078565,0.7225302996554333,0.39938076779280224,medium,0.3592458186473994,0.77541582582487,1.170118,1.9446462419644777,unknown,no,large_under_prediction,selected model primary split test residual,unknown,unknown,unknown,manual annotation missing; possible material-system outlier; possibly missing additive/structure feature,True
10.1039_c3ce40643a__sample_15920,unknown,n,Bi2MnTe5,10.1039/c3ce40643a,-0.3837571757291233,0.5337468190804685,0.9175039948095918,0.9175039948095918,0.6812968425043382,1.7053098408776892,2.503034998091644,medium,0.0619813577617983,0.0349758675526083,0.1527376,0.2520862423892117,unknown,no,large_over_prediction,selected model primary split test residual,unknown,unknown,unknown,manual annotation missing; possible material-system outlier; possibly missing additive/structure feature,True
10.1002_adfm.200800298__sample_5867,unknown,p,Yb14Mn0.8Al0.2Sb11,10.1002/adfm.200800298,0.2213116654894417,1.1383589576805098,0.9170472921910681,0.9170472921910681,1.2477122388174535,3.1216414138982405,2.501892116452143,medium,0.1666812191106123,0.1239105015504096,,,unknown,no,large_over_prediction,selected model primary split test residual,unknown,unknown,unknown,manual annotation missing; possible material-system outlier; possibly missing additive/structure feature,True
10.1016_j.jallcom.2014.11.081__sample_22737,unknown,p,AgSbSe2,10.1016/j.jallcom.2014.11.081,-1.2021034476912242,-0.28539837663615775,0.9167050710550665,0.9167050710550665,0.3005613314913232,0.7517147290762949,2.501036062578116,medium,0.3720226237249518,0.7832105745985781,,,unknown,no,large_over_prediction,selected model primary split test residual,unknown,unknown,unknown,manual annotation missing; possible material-system outlier; possibly missing additive/structure feature,True
10.1088_0953-8984_25_7_075804__sample_9461,unknown,n,GeBi4Te7,10.1088/0953-8984/25/7/075804,-1.1839329407079515,-0.2677352589505173,0.9161976817574342,0.9161976817574342,0.3060726029261572,0.765110310399317,2.4997673855307685,low,0.5889311323770261,0.8040438114028864,0.1086003,0.259275760987592,unknown,no,large_over_prediction,selected model primary split test residual,unknown,unknown,unknown,low target quality; manual annotation missing; possible material-system outlier; possibly missing additive/structure feature,True
10.1021_jacs.8b09029__sample_45137,unknown,n,(Pb0.93Sn0.07)(Te0.93Se0.07),10.1021/jacs.8b09029,0.5371207012302153,1.4504925869630054,0.9133718857327902,0.9133718857327902,1.7110730720741003,4.265214987090859,2.4927135238711466,low,0.484258100652752,0.8638716469336039,1.35521,2.4241768099919043,unknown,no,large_over_prediction,selected model primary split test residual,unknown,unknown,unknown,low target quality; manual annotation missing; possible material-system outlier; possibly missing additive/structure feature,True
10.3724_sp.j.1077.2010.00583__sample_5685,unknown,p,(Ag2Te)0.5(Bi0.5Sb1.5Te3)0.5,10.3724/sp.j.1077.2010.00583,1.2514825136512528,0.33899209864559476,-0.9124904150056581,0.9124904150056581,3.495521276059409,1.4035322553631449,0.40152301889158654,medium,0.1751695455745439,0.3378243588961612,0.8372618,1.0860167856797858,unknown,no,large_under_prediction,selected model primary split test residual,unknown,unknown,unknown,manual annotation missing; possible material-system outlier; possibly missing additive/structure feature,True
10.1016_j.jallcom.2020.156678__sample_39571,unknown,n,"(Sm,Mm)0.15Co4Sb12",10.1016/j.jallcom.2020.156678,1.009829477567282,0.0975198525723956,-0.9123096249948864,0.9123096249948864,2.74513286836845,1.1024333274835247,0.40159561680478806,medium,0.1014628282008787,0.1708798643778744,,,unknown,no,large_under_prediction,selected model primary split test residual,unknown,unknown,unknown,manual annotation missing; possible material-system outlier; possibly missing additive/structure feature,True
10.1103_physrevb.87.115206__sample_1224,unknown,n,Ba8Cu5Si41Ge0,10.1103/physrevb.87.115206,1.0548420200805355,0.14428686040465524,-0.9105551596758803,0.9105551596758803,2.871521475334824,1.1552154465692257,0.4023008208338493,medium,0.1096118200372945,0.188919650858528,,,unknown,no,large_under_prediction,selected model primary split test residual,unknown,unknown,unknown,manual annotation missing; possible material-system outlier; possibly missing additive/structure feature,True
10.1016_j.mtcomm.2020.101121__sample_31048,unknown,n,Bi2Te2.79Se0.21Cl0.005,10.1016/j.mtcomm.2020.101121,-0.742520017406191,0.16707418253341827,0.9095941999396093,0.9095941999396093,0.47591309383045,1.1818419340853457,2.4833145996743506,medium,0.216256308742628,0.3277561984227799,,,unknown,no,large_over_prediction,selected model primary split test residual,unknown,unknown,unknown,manual annotation missing; possible material-system outlier; possibly missing additive/structure feature,True
10.1088_0953-8984_28_16_165603__sample_18069,unknown,p,CePd3,10.1088/0953-8984/28/16/165603,3.685632622703536,2.77730125452038,-0.908331368183156,0.908331368183156,39.87033735386778,16.075578459584598,0.4031964494532957,medium,0.4513231751278787,0.4841836058306827,,,unknown,no,large_under_prediction,selected model primary split test residual,unknown,unknown,unknown,manual annotation missing; possible material-system outlier; possibly missing additive/structure feature,True
10.1007_s11664-010-1202-8__sample_20902,unknown,p,(Ag1.2SbTe2.1)15(GeTe)85,10.1007/s11664-010-1202-8,0.8449022554788116,-0.06275981692934743,-0.907662072408159,0.907662072408159,2.3277502786137902,0.9391690191008236,0.40346639746086194,medium,0.0837573402496766,0.1711328136170368,1.040092,1.2237144900765111,unknown,no,large_under_prediction,selected model primary split test residual,unknown,unknown,unknown,manual annotation missing; possible material-system outlier; possibly missing additive/structure feature,True
10.1016_j.jmat.2020.04.001__sample_39398,unknown,p,Bi0.5Sb1.5Te3,10.1016/j.jmat.2020.04.001,0.4899541884282147,-0.4173742750322476,-0.9073284634604624,0.9073284634604624,1.6322414426965373,0.6587743110207169,0.403601019915529,medium,0.2307026738263482,0.2252734253240768,,,unknown,no,large_under_prediction,selected model primary split test residual,unknown,unknown,unknown,manual annotation missing; possible material-system outlier; possibly missing additive/structure feature,True
10.1039_c4cp04875j__sample_82645,unknown,p,Ti0.26Sc0.04Zr0.35Hf0.35NiSn,10.1039/c4cp04875j,-0.0607694254778158,0.8451982679838114,0.9059676934616272,0.9059676934616272,0.9410401946561536,2.3284394237975405,2.4743251531868182,low,0.3873977028313183,,,,unknown,no,large_over_prediction,selected model primary split test residual,unknown,unknown,unknown,low target quality; manual annotation missing; possible material-system outlier; possibly missing additive/structure feature,True
10.1021_am405410e__sample_47,unknown,n,Pb1.00025Zn0.01Te1.01I0.0005,10.1021/am405410e,0.3392095260471949,1.2447138550815788,0.9055043290343839,0.9055043290343839,1.4038374549126609,3.4719411788584926,2.4731789045153363,medium,0.4188887006261702,0.7362105624689105,,,unknown,no,large_over_prediction,selected model primary split test residual,unknown,unknown,unknown,manual annotation missing; possible material-system outlier; possibly missing additive/structure feature,True
10.1007_s11664-011-1584-2__sample_10063,unknown,n,Mg2Si0.6925Sn0.3Sb0.0075,10.1007/s11664-011-1584-2,-0.8311436635626854,0.07416918251937359,0.905312846082059,0.905312846082059,0.4355508777014488,1.076988997795894,2.472705378254623,medium,0.0808145281861755,0.1479303991138526,,,unknown,no,large_over_prediction,selected model primary split test residual,unknown,unknown,unknown,manual annotation missing; possible material-system outlier; possibly missing additive/structure feature,True
10.1021_cm052055b__sample_3406,unknown,n,In0.1Co4Sb12,10.1021/cm052055b,-0.584353130638648,0.3208767712243602,0.9052299018630082,0.9052299018630082,0.5574663531080266,1.3783357198049098,2.4725002901436346,medium,0.0750693193471562,0.0616177678261438,,,unknown,no,large_over_prediction,selected model primary split test residual,unknown,unknown,unknown,manual annotation missing; possible material-system outlier; possibly missing additive/structure feature,True
10.1039_c9ta10128d__sample_83047,unknown,n,Ti0.5Zr0.25Hf0.25NiCu0.05Sn,10.1039/c9ta10128d,1.3015664408236192,0.3966477503768387,-0.9049186904467805,0.9049186904467805,3.675048907809096,1.4868321017500166,0.4045747795602538,medium,0.0934322079548433,0.1311296148275147,,,unknown,no,large_under_prediction,selected model primary split test residual,unknown,unknown,unknown,manual annotation missing; possible material-system outlier; possibly missing additive/structure feature,True
10.1016_j.mtphys.2019.03.005__sample_40260,unknown,p,Sn0.81Ge0.05Mg0.2Te(Cu2Te)0.05,10.1016/j.mtphys.2019.03.005,1.5926330330323226,0.6880863665499812,-0.9045466664823414,0.9045466664823414,4.91667767467579,1.9899039406675403,0.404725319074075,low,0.4895299382722073,0.8829373169362728,,,unknown,no,large_under_prediction,selected model primary split test residual,unknown,unknown,unknown,low target quality; manual annotation missing; possible material-system outlier; possibly missing additive/structure feature,True
10.1007_s11664-013-2746-1__sample_30302,unknown,p,(BaFe12O19)0.002CeFe3CoSb12,10.1007/s11664-013-2746-1,0.9718482649000638,0.0673510269445614,-0.9044972379555024,0.9044972379555024,2.6428245880026955,1.0696708955860956,0.4047453245447876,medium,0.104345079112564,0.0735563133704651,,0.5699661771480754,unknown,no,large_under_prediction,selected model primary split test residual,unknown,unknown,unknown,manual annotation missing; possible material-system outlier; possibly missing additive/structure feature,True
10.1016_j.intermet.2020.106914__sample_83377,unknown,n,Ti0.85Nb0.15CoSb,10.1016/j.intermet.2020.106914,0.7304048838133309,-0.17331718185534403,-0.903722065668675,0.903722065668675,2.075920944331402,0.8408708635619169,0.4050591935391541,medium,0.1601847187464043,0.2849222851057227,0.4773,0.5445533346019257,unknown,no,large_under_prediction,selected model primary split test residual,unknown,unknown,unknown,manual annotation missing; possible material-system outlier; possibly missing additive/structure feature,True
10.1021_acs.chemmater.8b03994__sample_43368,unknown,n,Yb0.3Co3.9Fe0.1Sb12,10.1021/acs.chemmater.8b03994,0.864262299131776,-0.0391381242491149,-0.9034004233808909,0.9034004233808909,2.3732546880087764,0.961617877225696,0.4051894986595471,medium,0.0976455698023179,0.1532288229553556,1.172277,1.3444058599192763,unknown,no,large_under_prediction,selected model primary split test residual,unknown,unknown,unknown,manual annotation missing; possible material-system outlier; possibly missing additive/structure feature,True
10.1016_s0925-8388_03_00547-4__sample_11025,unknown,n,NiZrSn0.98Sb0.02,10.1016/s0925-8388(03)00547-4,1.8212910246715472,0.9182638937734534,-0.9030271308980938,0.9030271308980938,6.179831617081995,2.504937774660612,0.405340781088045,medium,0.1120150393608195,0.1708639930483902,,,unknown,no,large_under_prediction,selected model primary split test residual,unknown,unknown,unknown,manual annotation missing; possible material-system outlier; possibly missing additive/structure feature,True
10.1149_1.2427584__sample_13979,unknown,p,Ag2Se,10.1149/1.2427584,1.0640186162157426,0.16264720767814878,-0.9013714085375938,0.9013714085375938,2.897993544182587,1.1766215134216136,0.4060124687936437,medium,0.1932224507365749,0.0438345488406832,,,unknown,no,large_under_prediction,selected model primary split test residual,unknown,unknown,unknown,manual annotation missing; possible material-system outlier; possibly missing additive/structure feature,True
10.3365_met.mat.2008.04.223__sample_4621,unknown,n,In0.05Co4Sb12,10.3365/met.mat.2008.04.223,-0.5804698702146395,0.3208767712243602,0.9013466414389997,0.9013466414389997,0.5596353487966744,1.3783357198049098,2.462917545806571,medium,0.0821412430813048,0.1039401087893416,,,unknown,no,large_over_prediction,selected model primary split test residual,unknown,unknown,unknown,manual annotation missing; possible material-system outlier; possibly missing additive/structure feature,True
10.1039_c1jm10827a__sample_8690,unknown,p,Mg2Si0.997Bi0.003,10.1039/c1jm10827a,1.5200720431788703,0.6193814348840379,-0.9006906082948325,0.9006906082948325,4.57255460464544,1.8577785293673845,0.4062889762934692,medium,0.2103745403786791,0.4058797034339085,,,unknown,no,large_under_prediction,selected model primary split test residual,unknown,unknown,unknown,manual annotation missing; possible material-system outlier; possibly missing additive/structure feature,True
10.1016_j.matlet.2021.130180__sample_45719,unknown,p,Na0.94CoO2,10.1016/j.matlet.2021.130180,-1.3287815322048393,-2.2281303225554616,-0.8993487903506223,0.8993487903506223,0.2647997147349386,0.10772966167668271,0.40683450805269505,medium,0.3415730038721916,0.6375433607936831,0.9994072,0.2121877842679825,unknown,no,large_under_prediction,selected model primary split test residual,unknown,unknown,unknown,manual annotation missing; possible material-system outlier; possibly missing additive/structure feature,True
10.1002_adfm.201902437__sample_41426,unknown,n,Cd3As2,10.1002/adfm.201902437,-0.1012011178129309,0.7976295489838091,0.8988306667967401,0.8988306667967401,0.9037512541313396,2.2202716404988485,2.456728696474022,medium,0.2167505485312469,0.4514311076248865,,,unknown,no,large_over_prediction,selected model primary split test residual,unknown,unknown,unknown,manual annotation missing; possible material-system outlier; possibly missing additive/structure feature,True
10.1039_c5ta06107e__sample_1751,unknown,n,(Bi2Te2.5Se0.5)(MnTe2)0.03,10.1039/c5ta06107e,1.0638429977063533,0.16707418253341827,-0.8967688151729349,0.8967688151729349,2.8974846475632785,1.1818419340853457,0.4078854861506338,low,0.1898926863974882,,,,unknown,no,large_under_prediction,selected model primary split test residual,unknown,unknown,unknown,low target quality; manual annotation missing; possible material-system outlier; possibly missing additive/structure feature,True
10.1016_j.jallcom.2017.08.033__sample_41176,unknown,p,Eu5In1.9Cd0.1Sb6,10.1016/j.jallcom.2017.08.033,-0.2916492987307642,-1.186259089684634,-0.8946097909538697,0.8946097909538697,0.7470304745751637,0.30536145988706087,0.4087670721341321,medium,0.1228779979395249,0.2136863038772676,,,unknown,no,large_under_prediction,selected model primary split test residual,unknown,unknown,unknown,manual annotation missing; possible material-system outlier; possibly missing additive/structure feature,True
10.1016_s0925-8388_01_00926-4__sample_7903,unknown,n,La2.76S4,10.1016/s0925-8388(01)00926-4,0.193053325627823,1.087273500946786,0.8942201753189629,0.8942201753189629,1.2129474729800809,2.966175762154819,2.4454280405624207,medium,0.2914899974594943,0.5030007182410362,,,unknown,no,large_over_prediction,selected model primary split test residual,unknown,unknown,unknown,manual annotation missing; possible material-system outlier; possibly missing additive/structure feature,True
10.1016_j.jallcom.2016.08.095__sample_9829,unknown,n,Mg1.9Mn0.1Si,10.1016/j.jallcom.2016.08.095,-2.0830286140233625,-1.1901856985193096,0.8928429155040529,0.8928429155040529,0.1245524191893545,0.3041647758734736,2.4420623690259933,medium,0.280070793116196,0.497453321505425,7.216495e-05,0.000114853418154,unknown,no,large_over_prediction,selected model primary split test residual,unknown,unknown,unknown,manual annotation missing; possible material-system outlier; possibly missing additive/structure feature,True
10.1016_j.jallcom.2008.10.165__sample_19873,unknown,p,YMn6.5Al5.5,10.1016/j.jallcom.2008.10.165,2.557664729111018,1.6649533065869189,-0.8927114225240993,0.8927114225240993,12.905643923175834,5.2854264493983205,0.40954379966324667,medium,0.2300111113511887,0.2385315801571144,,,unknown,no,large_under_prediction,selected model primary split test residual,unknown,unknown,unknown,manual annotation missing; possible material-system outlier; possibly missing additive/structure feature,True
10.1016_j.matlet.2021.130180__sample_45720,unknown,p,Na0.96CoO2,10.1016/j.matlet.2021.130180,-1.3354800451121511,-2.2281303225554616,-0.8926502774433105,0.8926502774433105,0.2630318779768476,0.10772966167668271,0.4095688420175642,medium,0.3745077908706066,0.7615533211711272,0.001762941,0.3349787527261391,unknown,no,large_under_prediction,selected model primary split test residual,unknown,unknown,unknown,manual annotation missing; possible material-system outlier; possibly missing additive/structure feature,True
10.1002_pssc.201300339__sample_8962,unknown,p,CrSi2,10.1002/pssc.201300339,0.7167769757243047,-0.1755904499929029,-0.8923674257172076,0.8923674257172076,2.047822381687004,0.8389615096789076,0.40968470565682946,medium,0.32125209962658,0.7025216954791651,0.09821429,,unknown,no,large_under_prediction,selected model primary split test residual,unknown,unknown,unknown,manual annotation missing; possible material-system outlier; possibly missing additive/structure feature,True
10.1016_j.intermet.2016.05.012__sample_14728,unknown,p,Cu1.99Ni0.01Se,10.1016/j.intermet.2016.05.012,0.5034079807778077,-0.38875131473712493,-0.8921592955149327,0.8921592955149327,1.6543496663832815,0.6779028334978274,0.40976998229150075,medium,0.3366542807929198,0.4830195729015098,,,unknown,no,large_under_prediction,selected model primary split test residual,unknown,unknown,unknown,manual annotation missing; possible material-system outlier; possibly missing additive/structure feature,True
10.1016_j.actamat.2015.11.022__sample_12069,unknown,n,Ti0.5Zr0.5NiSn,10.1016/j.actamat.2015.11.022,-0.1291954178766381,0.7626188202537131,0.8918142381303512,0.8918142381303512,0.8788022151017162,2.1438833203598717,2.4395515663461658,medium,0.372536338727099,0.6859683197663801,,,unknown,no,large_over_prediction,selected model primary split test residual,unknown,unknown,unknown,manual annotation missing; possible material-system outlier; possibly missing additive/structure feature,True
10.1111_jace.14726__sample_46207,unknown,n,Bi2O2Se0.975Cl0.015,10.1111/jace.14726,-1.286504088382966,-2.1780936187890356,-0.8915895304060697,0.8915895304060697,0.2762347894769579,0.11325723643392926,0.4100035214549853,medium,0.4392844150994622,0.5644740005064112,0.2326542,0.1507034624173235,unknown,no,large_under_prediction,selected model primary split test residual,unknown,unknown,unknown,manual annotation missing; possible material-system outlier; possibly missing additive/structure feature,True
10.1021_jacs.6b09568__sample_44734,unknown,n,(K2Bi8Se13)78.6(BiCl3)21.4,10.1021/jacs.6b09568,-1.1380390062315402,-2.0290064708772686,-0.8909674646457284,0.8909674646457284,0.3204468002587507,0.13146607165572982,0.4102586499524261,medium,0.2507606202175568,0.3653768565567057,1.276964,1.5932268987536775,unknown,no,large_under_prediction,selected model primary split test residual,unknown,unknown,unknown,manual annotation missing; possible material-system outlier; possibly missing additive/structure feature,True
10.1016_j.jallcom.2020.155473__sample_31157,unknown,n,BiSb(Se0.96Br0.04)3,10.1016/j.jallcom.2020.155473,-2.316882111424111,-1.4269907939898134,0.8898913174342975,0.8898913174342975,0.0985804698610804,0.2400301366880463,2.434865009532788,medium,0.1099864648699912,0.2274786580840367,0.6910056,0.8501470701518956,unknown,no,large_over_prediction,selected model primary split test residual,unknown,unknown,unknown,manual annotation missing; possible material-system outlier; possibly missing additive/structure feature,True
10.1016_j.jssc.2019.121060__sample_38591,unknown,p,Bi0.4Sb1.6Te3,10.1016/j.jssc.2019.121060,0.4714926570276511,-0.4173742750322476,-0.8888669320598988,0.8888669320598988,1.602384219094775,0.6587743110207169,0.41112131732854573,low,0.2160366817972525,,,,unknown,no,large_under_prediction,selected model primary split test residual,unknown,unknown,unknown,low target quality; manual annotation missing; possible material-system outlier; possibly missing additive/structure feature,True
10.1016_j.jpcs.2014.01.002__sample_28486,unknown,n,(Sr0.95Eu0.05)3Ti2O7,10.1016/j.jpcs.2014.01.002,-1.1461746623874232,-2.0349645206292166,-0.8887898582417935,0.8887898582417935,0.3178503315852012,0.1306851190475683,0.4111530052393152,medium,0.2322947057038727,0.4179654683356125,,,unknown,no,large_under_prediction,selected model primary split test residual,unknown,unknown,unknown,manual annotation missing; possible material-system outlier; possibly missing additive/structure feature,True
10.1063_1.3651484__sample_16625,unknown,n,NiZr0.5Hf0.5Sn,10.1063/1.3651484,1.3855555203474104,0.49787476155423427,-0.8876807587931761,0.8876807587931761,3.997045728412621,1.6452210655719677,0.41160926778422113,medium,0.25853965417272,0.1553848283037988,0.1380597,1.0938521333773037,unknown,no,large_under_prediction,selected model primary split test residual,unknown,unknown,unknown,manual annotation missing; possible material-system outlier; possibly missing additive/structure feature,True
10.1016_j.intermet.2020.106914__sample_83380,unknown,n,Ti0.9V0.1CoSb,10.1016/j.intermet.2020.106914,-1.060607917250829,-0.17331718185534403,0.8872907353954849,0.8872907353954849,0.346245257872028,0.8408708635619169,2.4285411697182067,medium,0.2853133581400141,0.3881755779365342,0.09448,0.0886412958815106,unknown,no,large_over_prediction,selected model primary split test residual,unknown,unknown,unknown,manual annotation missing; possible material-system outlier; possibly missing additive/structure feature,True
10.1063_1.3658021__sample_19024,unknown,n,Si,10.1063/1.3658021,-0.016742640932799,-0.903463489403521,-0.886720848470722,0.886720848470722,0.9833967381379218,0.405163945775223,0.41200456546399344,low,0.4714722952336705,0.9529336857283828,0.4126676,0.3101833142798496,unknown,no,large_under_prediction,selected model primary split test residual,unknown,unknown,unknown,low target quality; manual annotation missing; possible material-system outlier; possibly missing additive/structure feature,True
10.2320_matertrans.m2015357__sample_511,unknown,n,Fe0.92Co0.08Si1.86,10.2320/matertrans.m2015357,-0.294823982357727,-1.181310002669951,-0.886486020312224,0.886486020312224,0.7446626496948268,0.3068764661796462,0.4121013270981276,medium,0.3572463113410533,0.7110863787085412,0.1169231,,unknown,no,large_under_prediction,selected model primary split test residual,unknown,unknown,unknown,manual annotation missing; possible material-system outlier; possibly missing additive/structure feature,True
10.1063_1.1352686__sample_21960,unknown,p,Si0.949Ge0.051P0.0041,10.1063/1.1352686,1.035197719446414,0.14943222381655333,-0.8857654956298606,0.8857654956298606,2.81566289189964,1.1611747681508449,0.412398363274034,medium,0.1689019132644989,0.1727598402523892,,,unknown,no,large_under_prediction,selected model primary split test residual,unknown,unknown,unknown,manual annotation missing; possible material-system outlier; possibly missing additive/structure feature,True
10.1063_1.3106102__sample_16672,unknown,p,AgSbTe2,10.1063/1.3106102,-0.1458919930006713,-1.0315956593346471,-0.8857036663339759,0.8857036663339759,0.8642510433057129,0.35643775333117544,0.41242386236274653,medium,0.0934944674826916,0.1089985459643659,1.070998,0.5294711009650716,not_checked,no,large_under_prediction,selected model primary split test residual,unknown,unknown,not_checked,manual annotation missing; possible material-system outlier; possibly missing additive/structure feature,True
10.1021_acsnano.1c03120__sample_44814,unknown,p,Cu2SnSe2.8S0.2,10.1021/acsnano.1c03120,-1.1593854678636584,-0.27413314887658524,0.8852523189870731,0.8852523189870731,0.3136788874211724,0.7602308446387507,2.423595833588886,medium,0.092508174555299,0.1332751852206946,,,unknown,no,large_over_prediction,selected model primary split test residual,unknown,unknown,unknown,manual annotation missing; possible material-system outlier; possibly missing additive/structure feature,True
10.1016_j.actamat.2011.10.059__sample_4848,unknown,n,Li0.36Co4Sb12,10.1016/j.actamat.2011.10.059,1.208545515351878,0.3234049570225796,-0.8851405583292984,0.8851405583292984,3.348610606076327,1.3818248172817984,0.4126561669411082,medium,0.1230298157163126,0.2043107932668608,,,unknown,no,large_under_prediction,selected model primary split test residual,unknown,unknown,unknown,manual annotation missing; possible material-system outlier; possibly missing additive/structure feature,True
10.1016_j.actamat.2019.01.013__sample_83822,unknown,n,(Hf0.25Zr0.25Ti0.5)0.995Nb0.005NiSn,10.1016/j.actamat.2019.01.013,-0.0537403639341315,0.831349180744122,0.8850895446782535,0.8850895446782535,0.947678125982991,2.296414929938763,2.4232013665576355,medium,0.4544625042677571,0.7215215723407161,0.9865,0.7441003476997774,unknown,no,large_over_prediction,selected model primary split test residual,unknown,unknown,unknown,manual annotation missing; possible material-system outlier; possibly missing additive/structure feature,True
10.1021_acsenergylett.6b00671__sample_31746,unknown,p,Sn0.91Mg0.12Te(Cu2Te)0.01,10.1021/acsenergylett.6b00671,1.5670584391456563,0.682028369865037,-0.8850300692806193,0.8850300692806193,4.792529920667711,1.9778855496336858,0.41270176344733606,low,0.5224751575925914,0.8087439372079848,,,unknown,no,large_under_prediction,selected model primary split test residual,unknown,unknown,unknown,low target quality; manual annotation missing; possible material-system outlier; possibly missing additive/structure feature,True
10.1016_j.jallcom.2014.02.077__sample_15171,unknown,n,Pb1.04Se,10.1016/j.jallcom.2014.02.077,-0.7629171151993159,0.12152425192830495,0.8844413671276209,0.8844413671276209,0.4663041780520505,1.1292167512767752,2.4216312107560145,medium,0.4007011772521664,0.6879032773951216,,,unknown,no,large_over_prediction,selected model primary split test residual,unknown,unknown,unknown,manual annotation missing; possible material-system outlier; possibly missing additive/structure feature,True
10.1088_1757-899x_18_14_142006__sample_9653,unknown,n,Mg2SiSb0.03,10.1088/1757-899x/18/14/142006,-0.1277330687553801,0.7563982071982525,0.8841312759536326,0.8841312759536326,0.8800882708507949,2.130588445794544,2.4208804007067055,low,0.4531544230912731,,0.6135666,,unknown,no,large_over_prediction,selected model primary split test residual,unknown,unknown,unknown,low target quality; manual annotation missing; possible material-system outlier; possibly missing additive/structure feature,True
10.1021_acs.jpcc.7b10839__sample_40434,unknown,p,Ge0.99Ag0.01Te,10.1021/acs.jpcc.7b10839,1.819750245441596,0.9356517763788355,-0.8840984690627605,0.8840984690627605,6.170317192577902,2.5488742124641717,0.41308641564328974,medium,0.2779537696596014,0.5205400177607392,0.02591463,0.0178215544214216,unknown,no,large_under_prediction,selected model primary split test residual,unknown,unknown,unknown,manual annotation missing; possible material-system outlier; possibly missing additive/structure feature,True
10.1039_c4ra06042c__sample_470,unknown,p,Pb0.4Mn0.04Sn0.56Te1,10.1039/c4ra06042c,1.1343358399838526,0.25148534460219674,-0.8828504953816558,0.8828504953816558,3.109107911865337,1.2859340540506936,0.4136022584301958,medium,0.3138021635000058,0.5593751005760756,0.8165899,0.0061781604319423,unknown,no,large_under_prediction,selected model primary split test residual,unknown,unknown,unknown,manual annotation missing; possible material-system outlier; possibly missing additive/structure feature,True
10.1016_j.scriptamat.2020.04.036__sample_31009,unknown,n,Ti2NiCoSn0.5Sb1.5,10.1016/j.scriptamat.2020.04.036,1.0812166537849988,0.20069090581327442,-0.8805257479717243,0.8805257479717243,2.948264386896774,1.222246924012099,0.41456489772227906,medium,0.069403197746012,0.0494737176163165,,,unknown,no,large_under_prediction,selected model primary split test residual,unknown,unknown,unknown,manual annotation missing; possible material-system outlier; possibly missing additive/structure feature,True
10.1016_j.jallcom.2013.03.167__sample_29719,unknown,n,Bi2Te2.4,10.1016/j.jallcom.2013.03.167,-1.203298260559546,-0.32317814034638565,0.8801201202131603,0.8801201202131603,0.3002024313966596,0.7238448969013289,2.411189321597824,medium,0.1254481815942498,0.1947924690697829,0.4789506,0.4910157394819409,unknown,no,large_over_prediction,selected model primary split test residual,unknown,unknown,unknown,manual annotation missing; possible material-system outlier; possibly missing additive/structure feature,True
10.1016_j.materresbull.2019.01.010__sample_27931,unknown,p,Cu3Sb0.985Sn0.015Se4,10.1016/j.materresbull.2019.01.010,-1.3154796305198448,-0.43616938720222803,0.8793102433176168,0.8793102433176168,0.2683455856357262,0.6465082064437944,2.409237345612297,medium,0.0886465723954402,0.1554753243974735,,0.9418445505940456,unknown,no,large_over_prediction,selected model primary split test residual,unknown,unknown,unknown,manual annotation missing; possible material-system outlier; possibly missing additive/structure feature,True
10.1002_pssa.201127501__sample_16832,unknown,n,Ag0.8Pb18SbTe5Se15,10.1002/pssa.201127501,0.2812280865593068,-0.5977573279824318,-0.8789854145417386,0.8789854145417386,1.3247557284547016,0.5500438217709316,0.4152039579497011,medium,0.075501126752034,0.1306031599103219,,,unknown,no,large_under_prediction,selected model primary split test residual,unknown,unknown,unknown,manual annotation missing; possible material-system outlier; possibly missing additive/structure feature,True
10.1021_am4059167__sample_30712,unknown,n,Ag2Te,10.1021/am4059167,-1.583316335870378,-0.7046971165062417,0.8786192193641362,0.8786192193641362,0.2052931470129148,0.4942582542540644,2.407573079986791,low,0.3129790282610078,,,0.1442878469179921,unknown,no,large_over_prediction,selected model primary split test residual,unknown,unknown,unknown,low target quality; manual annotation missing; possible material-system outlier; possibly missing additive/structure feature,True
10.1007_s11664-010-1202-8__sample_20903,unknown,p,(Ag0.8SbTe1.9)15(GeTe)85,10.1007/s11664-010-1202-8,0.8141639439375813,-0.06275981692934743,-0.8769237608669287,0.8769237608669287,2.2572876641830764,0.9391690191008236,0.4160608477168609,medium,0.0809801079367187,0.1627257747063498,1.337833,1.5469180517245769,unknown,no,large_under_prediction,selected model primary split test residual,unknown,unknown,unknown,manual annotation missing; possible material-system outlier; possibly missing additive/structure feature,True
10.1039_c4cp04875j__sample_82649,unknown,p,Ti0.26Sc0.04Zr0.35Hf0.35NiSn,10.1039/c4cp04875j,-0.0303210006751646,0.8451982679838114,0.875519268658976,0.875519268658976,0.9701340698697286,2.3284394237975405,2.40012127819633,low,0.3594515804363074,,,,unknown,no,large_over_prediction,selected model primary split test residual,unknown,unknown,unknown,low target quality; manual annotation missing; possible material-system outlier; possibly missing additive/structure feature,True
10.1002_adfm.201902437__sample_41433,unknown,n,Cd3As2,10.1002/adfm.201902437,1.6694529223589416,0.7976295489838091,-0.8718233733751325,0.8718233733751325,5.309262423758661,2.2202716404988485,0.4181883401662825,medium,0.0985577472967211,0.1114692335996113,,,unknown,no,large_under_prediction,selected model primary split test residual,unknown,unknown,unknown,manual annotation missing; possible material-system outlier; possibly missing additive/structure feature,True
10.1007_s11664-012-2440-8__sample_862,unknown,n,Ba8Cu3.5Ge41In1.5,10.1007/s11664-012-2440-8,0.1627531331802355,1.0334932679919286,0.8707401348116932,0.8707401348116932,1.1767461542473932,2.810867818833701,2.388678143275035,medium,0.2926893571689376,0.6566472865447971,,,unknown,no,large_over_prediction,selected model primary split test residual,unknown,unknown,unknown,manual annotation missing; possible material-system outlier; possibly missing additive/structure feature,True
10.1007_s11664-019-07720-7__sample_35574,unknown,p,Bi0.94In0.06CuSeO,10.1007/s11664-019-07720-7,-1.0390150956742674,-1.9095235355239417,-0.8705084398496743,0.8705084398496743,0.3538029724922638,0.14815095845043202,0.41873859172755107,medium,0.4188461424906805,0.714790877669085,0.7697318,0.4899405332000366,unknown,no,large_under_prediction,selected model primary split test residual,unknown,unknown,unknown,manual annotation missing; possible material-system outlier; possibly missing additive/structure feature,True
10.1134_s1063783406120080__sample_5638,unknown,p,Bi1.6Sb0.4Te2.4Se0.3S0.3,10.1134/s1063783406120080,1.0847171105161195,0.21505111167219568,-0.8696659988439238,0.8696659988439238,2.958602742742174,1.2399252700004446,0.41909150292047076,medium,0.0526787462271794,0.0866010003533302,,0.6821490688035166,unknown,no,large_under_prediction,selected model primary split test residual,unknown,unknown,unknown,manual annotation missing; possible material-system outlier; possibly missing additive/structure feature,True
10.1021_acsami.9b23059__sample_34816,unknown,p,Mg2.89Li0.01Cd0.3Sb2,10.1021/acsami.9b23059,-1.254108804862811,-0.3848484497448813,0.8692603551179298,0.8692603551179298,0.2853300196754793,0.680553766486613,2.385146039875658,medium,0.3618908288528741,0.1986033078663166,0.5845523,,unknown,no,large_over_prediction,selected model primary split test residual,unknown,unknown,unknown,manual annotation missing; possible material-system outlier; possibly missing additive/structure feature,True
10.1016_j.jpcs.2014.01.002__sample_28483,unknown,n,(Sr0.95Gd0.05)3Ti2O7,10.1016/j.jpcs.2014.01.002,-0.6938319323019869,-1.5616824998746268,-0.8678505675726399,0.8678505675726399,0.499657741323465,0.20978281454778547,0.41985302577745454,medium,0.1884095135248531,0.3220181229731633,,,unknown,no,large_under_prediction,selected model primary split test residual,unknown,unknown,unknown,manual annotation missing; possible material-system outlier; possibly missing additive/structure feature,True
10.3724_sp.j.1077.2014.13261__sample_4835,unknown,n,Yb0.6Co4Sb12,10.3724/sp.j.1077.2014.13261,1.298897877186201,0.4332426047448079,-0.8656552724413931,0.8656552724413931,3.665254879733705,1.542250332566503,0.4207757395247103,medium,0.0966385227332952,0.2002026205628416,1.091733,1.2099421088657194,unknown,no,large_under_prediction,selected model primary split test residual,unknown,unknown,unknown,manual annotation missing; possible material-system outlier; possibly missing additive/structure feature,True
10.1016_j.jssc.2012.03.065__sample_8686,unknown,p,Bi0.5Sb1.5Te3,10.1016/j.jssc.2012.03.065,0.4479977076104722,-0.4173742750322476,-0.8653719826427198,0.8653719826427198,1.5651751076583833,0.6587743110207169,0.42089495788512227,medium,0.1952660968941933,0.1811861262815714,,,unknown,no,large_under_prediction,selected model primary split test residual,unknown,unknown,unknown,manual annotation missing; possible material-system outlier; possibly missing additive/structure feature,True
10.1016_j.mtphys.2019.03.005__sample_40259,unknown,p,Sn0.8Ge0.05Mg0.2Te(Cu2Te)0.05,10.1016/j.mtphys.2019.03.005,1.5528612805216424,0.6880863665499812,-0.8647749139716612,0.8647749139716612,4.724970325089485,1.9899039406675403,0.42114633611584723,medium,0.4348964260867512,0.7208514253974448,,,unknown,no,large_under_prediction,selected model primary split test residual,unknown,unknown,unknown,manual annotation missing; possible material-system outlier; possibly missing additive/structure feature,True
10.1063_1.4801851__sample_16462,unknown,p,(Zn0.999Sm0.001)4Sb3,10.1063/1.4801851,-0.1616128819227446,0.7026317792500046,0.8642446611727492,0.8642446611727492,0.850770489436109,2.0190594400720263,2.3732128290089842,medium,0.0860317500796453,0.0430766399229457,,,unknown,no,large_over_prediction,selected model primary split test residual,unknown,unknown,unknown,manual annotation missing; possible material-system outlier; possibly missing additive/structure feature,True
10.1021_nl3003045__sample_1351,unknown,n,Si86.25Ge13.75P1.05,10.1021/nl3003045,0.7381125380045417,-0.12578815314183098,-0.8639006911463727,0.8639006911463727,2.091983246916583,0.8818016339032559,0.4215146728363917,medium,0.2748344142940624,0.5698690496542281,1.264995,,unknown,no,large_under_prediction,selected model primary split test residual,unknown,unknown,unknown,manual annotation missing; possible material-system outlier; possibly missing additive/structure feature,True
10.1063_5.0038957__sample_42188,unknown,p,Ge0.94Y0.06Te,10.1063/5.0038957,1.6979400442492725,0.8356432944250413,-0.8622967498242312,0.8622967498242312,5.462682908470288,2.3062971993152788,0.42219130012822026,medium,0.3556190269160512,0.5964251114897039,,,unknown,no,large_under_prediction,selected model primary split test residual,unknown,unknown,unknown,manual annotation missing; possible material-system outlier; possibly missing additive/structure feature,True
10.1088_0022-3727_45_21_215308__sample_1025,unknown,n,Ba8Zn7.62Ge38.38,10.1088/0022-3727/45/21/215308,0.6306292832354995,-0.2308793097989239,-0.8615085930344234,0.8615085930344234,1.8787924999671093,0.7938352683920872,0.4225241842332159,medium,0.1768266049153898,0.3095660371496025,,,unknown,no,large_under_prediction,selected model primary split test residual,unknown,unknown,unknown,manual annotation missing; possible material-system outlier; possibly missing additive/structure feature,True
10.1016_j.jpcs.2019.109262__sample_34135,unknown,p,Sb1.75Bi0.25Te3,10.1016/j.jpcs.2019.109262,0.860737141305157,6.011428478179339e-05,-0.8606770270203752,0.8606770270203752,2.36490331926558,1.0000601160916816,0.42287568711360674,medium,0.1525391413753914,0.2728337363436243,0.8971053,1.118076173866672,unknown,no,large_under_prediction,selected model primary split test residual,unknown,unknown,unknown,manual annotation missing; possible material-system outlier; possibly missing additive/structure feature,True
10.1109_ict.2007.4569461__sample_5211,unknown,p,Zn3.7Co0.3Sb3,10.1109/ict.2007.4569461,1.1517655189205322,0.29155069760282554,-0.8602148213177068,0.8602148213177068,3.1637736840582527,1.3385014905872974,0.4230711878450065,medium,0.0883179913600502,0.1002298139345797,,,unknown,no,large_under_prediction,selected model primary split test residual,unknown,unknown,unknown,manual annotation missing; possible material-system outlier; possibly missing additive/structure feature,True
10.1007_s11664-017-5607-5__sample_2547,unknown,n,Pb0.95Bi0.05Te,10.1007/s11664-017-5607-5,-1.0147949484589671,-0.15575742007312474,0.8590375283858424,0.8590375283858424,0.3624767486285329,0.855766757031591,2.360887312826189,low,0.5981240154416015,0.9052692931353838,,1.4134172221359276,unknown,no,large_over_prediction,selected model primary split test residual,unknown,unknown,unknown,low target quality; manual annotation missing; possible material-system outlier; possibly missing additive/structure feature,True
10.1016_j.jssc.2021.122227__sample_45201,unknown,p,Mo0.97Nb0.03Te2,10.1016/j.jssc.2021.122227,-1.2307099333113596,-0.37244690905014577,0.8582630242612138,0.8582630242612138,0.2920851430843779,0.6890462327057961,2.359059503778813,medium,0.2167966211122646,0.1250998593830495,0.126539,0.1268644723520182,unknown,no,large_over_prediction,selected model primary split test residual,unknown,unknown,unknown,manual annotation missing; possible material-system outlier; possibly missing additive/structure feature,True
10.1007_s11664-009-0660-3__sample_8197,unknown,n,NdGd1.04S3,10.1007/s11664-009-0660-3,0.229145630616512,1.087273500946786,0.8581278703302739,0.8581278703302739,1.2575251598398227,2.966175762154819,2.358740689158566,medium,0.1654075469514628,0.2569034785213629,,,unknown,no,large_over_prediction,selected model primary split test residual,unknown,unknown,unknown,manual annotation missing; possible material-system outlier; possibly missing additive/structure feature,True
10.1021_acs.inorgchem.5b01296__sample_20402,unknown,p,Ca3Co4O9,10.1021/acs.inorgchem.5b01296,-0.2818338927254294,-1.1398607002995509,-0.8580268075741215,0.8580268075741215,0.7543989852855021,0.31986357561333406,0.4239978868639143,medium,0.2038984521411116,0.3665775445378016,,,unknown,no,large_under_prediction,selected model primary split test residual,unknown,unknown,unknown,manual annotation missing; possible material-system outlier; possibly missing additive/structure feature,True
10.1016_j.jallcom.2017.06.296__sample_2770,unknown,n,PbTe0.847Se0.15I0.003,10.1016/j.jallcom.2017.06.296,-0.664032283250514,0.1938351643845219,0.8578674476350359,0.8578674476350359,0.5147714396932387,1.2138961731412476,2.358126499528858,medium,0.3446182490017203,0.6074630150369918,0.933698,0.459963246912916,unknown,no,large_over_prediction,selected model primary split test residual,unknown,unknown,unknown,manual annotation missing; possible material-system outlier; possibly missing additive/structure feature,True
10.3724_sp.j.1077.2010.00583__sample_5686,unknown,p,(Ag2Te)0.1(Bi0.5Sb1.5Te3)0.9,10.3724/sp.j.1077.2010.00583,1.1964483300683206,0.33899209864559476,-0.8574562314227259,0.8574562314227259,3.3083458790969624,1.4035322553631449,0.4242398789773001,medium,0.1705193719218,0.333059899008469,0.6673947,0.8727096312645922,unknown,no,large_under_prediction,selected model primary split test residual,unknown,unknown,unknown,manual annotation missing; possible material-system outlier; possibly missing additive/structure feature,True
10.1039_b914712h__sample_13435,unknown,p,Yb3.8La0.2Sb3,10.1039/b914712h,1.9958034696032063,1.1383589576805098,-0.8574445119226966,0.8574445119226966,7.358112673332627,3.1216414138982405,0.42424485088570824,medium,0.2094689109362793,0.2615733596588525,,,unknown,no,large_under_prediction,selected model primary split test residual,unknown,unknown,unknown,manual annotation missing; possible material-system outlier; possibly missing additive/structure feature,True
10.1002_adfm.201400123__sample_8247,unknown,n,Mg2Si0.4Sn0.48Sb0.12,10.1002/adfm.201400123,0.9310902227093516,0.07416918251937359,-0.8569210401899781,0.8569210401899781,2.537273863868382,1.076988997795894,0.4244669892093924,medium,0.1241027332766506,0.2596024643783809,0.8350515,,unknown,no,large_under_prediction,selected model primary split test residual,unknown,unknown,unknown,manual annotation missing; possible material-system outlier; possibly missing additive/structure feature,True
10.1063_1.4887504__sample_24347,unknown,p,Sb2Te3,10.1063/1.4887504,-0.8862700464150922,-0.03201338202727115,0.8542566643878211,0.8542566643878211,0.4121903398396225,0.968493621584423,2.3496271697227313,medium,0.1095928910853261,0.1440978449374596,0.5978364,0.2513642326558749,unknown,no,large_over_prediction,selected model primary split test residual,unknown,unknown,unknown,manual annotation missing; possible material-system outlier; possibly missing additive/structure feature,True
10.1016_j.jmat.2020.04.001__sample_39399,unknown,p,Bi0.5Sb1.5Te3,10.1016/j.jmat.2020.04.001,0.4368041218476646,-0.4173742750322476,-0.8541783968799121,0.8541783968799121,1.5477528763884174,0.6587743110207169,0.4256327486581222,medium,0.2262522753901914,0.2882293742138435,,,unknown,no,large_under_prediction,selected model primary split test residual,unknown,unknown,unknown,manual annotation missing; possible material-system outlier; possibly missing additive/structure feature,True
10.1007_s11664-013-2485-3__sample_7093,unknown,n,Cu0.8Fe1.2S2,10.1007/s11664-013-2485-3,-0.5062040865389557,-1.3586229291050562,-0.8524188425661006,0.8524188425661006,0.602779339800498,0.25701446050714455,0.42638233186991553,medium,0.0754675468699567,0.1233482564371425,,,unknown,no,large_under_prediction,selected model primary split test residual,unknown,unknown,unknown,manual annotation missing; possible material-system outlier; possibly missing additive/structure feature,True
10.1039_c5ce00228a__sample_13853,unknown,p,Ge0.86Sb0.09Te,10.1039/c5ce00228a,0.9658165874212468,0.11354569919903038,-0.8522708882222164,0.8522708882222164,2.626931900420462,1.1202430819341949,0.42644542165516003,medium,0.1066354175115348,0.2052174690357496,1.06556,0.926168305605518,not_checked,no,large_under_prediction,selected model primary split test residual,unknown,unknown,not_checked,manual annotation missing; possible material-system outlier; possibly missing additive/structure feature,True
10.1039_c6ra02658c__sample_3078,unknown,p,SnCd0.03Te,10.1039/c6ra02658c,1.771135230142159,0.918891026634034,-0.852244203508125,0.852244203508125,5.877521915534303,2.506509196146334,0.4264568013811441,medium,0.2538160372383244,0.4677001417666191,0.115376,0.5157543892005813,unknown,no,large_under_prediction,selected model primary split test residual,unknown,unknown,unknown,manual annotation missing; possible material-system outlier; possibly missing additive/structure feature,True
10.1016_j.jallcom.2018.08.291__sample_41604,unknown,p,Cu2Se,10.1016/j.jallcom.2018.08.291,-0.078555179528095,0.7733776850017701,0.851932864529865,0.851932864529865,0.92445104775159,2.1670735978736118,2.3441734455753767,medium,0.2547361280206175,0.4679888778794194,0.7563946,1.0771154787803614,unknown,no,large_over_prediction,selected model primary split test residual,unknown,unknown,unknown,manual annotation missing; possible material-system outlier; possibly missing additive/structure feature,True
10.1016_j.physb.2006.03.068__sample_4678,unknown,p,Ce0.40Yb0.53Fe4Sb12,10.1016/j.physb.2006.03.068,2.156304580797844,1.3049735688166537,-0.8513310119811903,0.8513310119811903,8.639153304053075,3.687591625006569,0.42684641598807244,medium,0.2754406955817823,0.279396229806711,,,unknown,no,large_under_prediction,selected model primary split test residual,unknown,unknown,unknown,manual annotation missing; possible material-system outlier; possibly missing additive/structure feature,True
10.1021_ja403653m__sample_13271,unknown,p,Ca0.84Ce0.16Ag0.85Sb,10.1021/ja403653m,1.9827034075160048,1.1315798063082323,-0.8511236012077725,0.8511236012077725,7.262349561325194,3.1005509028779517,0.4269349577152797,medium,0.2292024437302539,0.0736483136315962,,,unknown,no,large_under_prediction,selected model primary split test residual,unknown,unknown,unknown,manual annotation missing; possible material-system outlier; possibly missing additive/structure feature,True
10.1039_d0ta06013e__sample_37624,unknown,p,Ge0.43Sn0.43Bi0.02Sb0.12Te,10.1039/d0ta06013e,1.0403496465580595,0.18925917196093464,-0.8510904745971248,0.8510904745971248,2.8302064133025207,1.2083540834010704,0.42694910085765164,medium,0.2034206181718878,0.3344001554000619,,,unknown,no,large_under_prediction,selected model primary split test residual,unknown,unknown,unknown,manual annotation missing; possible material-system outlier; possibly missing additive/structure feature,True
10.1002_adfm.200500043__sample_5864,unknown,p,Ca0.25Yb0.75Zn2Sb2,10.1002/adfm.200500043,0.7963773401093341,-0.051615348069910735,-0.8479926881792449,0.8479926881792449,2.217493136643528,0.9496940982627923,0.42827374866209555,medium,0.1362024446868597,0.2112289004506498,,,unknown,no,large_under_prediction,selected model primary split test residual,unknown,unknown,unknown,manual annotation missing; possible material-system outlier; possibly missing additive/structure feature,True
10.1039_c3ce41583j__sample_12968,unknown,p,Cu3Sb0.94Sn0.06Se3.5S0.5,10.1039/c3ce41583j,0.9355033008537224,0.0886256339215026,-0.8468776669322198,0.8468776669322198,2.548495795120581,1.092671520595588,0.4287515493208372,medium,0.2255938176691757,0.4658387122438103,,,unknown,no,large_under_prediction,selected model primary split test residual,unknown,unknown,unknown,manual annotation missing; possible material-system outlier; possibly missing additive/structure feature,True
10.1016_j.ceramint.2020.02.206__sample_32987,unknown,p,Ca3Co4O9,10.1016/j.ceramint.2020.02.206,-2.5739939683091664,-1.7272497376022231,0.8467442307069433,0.8467442307069433,0.0762304745082834,0.17777265971603107,2.332041888270207,medium,0.3582946821726405,0.6444720991965062,0.04280312,,unknown,no,large_over_prediction,selected model primary split test residual,unknown,unknown,unknown,manual annotation missing; possible material-system outlier; possibly missing additive/structure feature,True
10.1016_j.jallcom.2016.06.058__sample_20609,unknown,p,Ca3Co4O9,10.1016/j.jallcom.2016.06.058,-2.5722996660548896,-1.7272497376022231,0.8450499284526665,0.8450499284526665,0.0763597414508,0.17777265971603107,2.328094049802058,medium,0.3285388171919865,0.6549402972892114,0.05573979,,unknown,no,large_over_prediction,selected model primary split test residual,unknown,unknown,unknown,manual annotation missing; possible material-system outlier; possibly missing additive/structure feature,True
10.1016_j.jcis.2014.11.052__sample_32519,unknown,p,Cu2Se,10.1016/j.jcis.2014.11.052,1.6177611195203008,0.7733776850017701,-0.8443834345185307,0.8443834345185307,5.041789706370181,2.1670735978736118,0.4298222901156639,medium,0.1876251714807653,0.3219761518310959,0.2259843,0.0518258206016164,unknown,no,large_under_prediction,selected model primary split test residual,unknown,unknown,unknown,manual annotation missing; possible material-system outlier; possibly missing additive/structure feature,True
10.1063_1.1687997__sample_10376,unknown,p,CoSb3C0.57,10.1063/1.1687997,-0.3408377714094777,0.5031978316363683,0.844035603045846,0.844035603045846,0.7111742716482377,1.6540020427489344,2.3257338020898484,medium,0.1527970841904359,0.0585908412020545,,,unknown,no,large_over_prediction,selected model primary split test residual,unknown,unknown,unknown,manual annotation missing; possible material-system outlier; possibly missing additive/structure feature,True
10.1016_s1002-0721_12_60357-3__sample_19375,unknown,p,Ca2.9La0.1Co4O9,10.1016/s1002-0721(12)60357-3,-0.8789107128865241,-1.7218214215764411,-0.842910708689917,0.842910708689917,0.4152349755311294,0.17874028981864587,0.4304557668583147,medium,0.3331131286175414,0.6901130115875491,,,unknown,no,large_under_prediction,selected model primary split test residual,unknown,unknown,unknown,manual annotation missing; possible material-system outlier; possibly missing additive/structure feature,True
10.1021_acs.chemmater.7b04436__sample_44035,unknown,p,Cu4.98Fe0.96S4,10.1021/acs.chemmater.7b04436,-1.9090568746415524,-1.0667926110043342,0.8422642636372182,0.8422642636372182,0.1482201108415323,0.34411044537403485,2.3216177846603845,low,0.5735654331608397,0.9077818771374132,,,unknown,no,large_over_prediction,selected model primary split test residual,unknown,unknown,unknown,low target quality; manual annotation missing; possible material-system outlier; possibly missing additive/structure feature,True
10.1016_j.mtphys.2021.100444__sample_45587,unknown,p,(Ge0.9Sb0.1Te)0.985(FeTe2)0.015,10.1016/j.mtphys.2021.100444,0.6156138820203757,1.4576764589115223,0.8420625768911466,0.8420625768911466,1.850792419082588,4.295966069058501,2.321149592339454,medium,0.1968676390077764,0.2048891411631065,1.928685,1.7942304726698377,unknown,no,large_over_prediction,selected model primary split test residual,unknown,unknown,unknown,manual annotation missing; possible material-system outlier; possibly missing additive/structure feature,True
10.1016_j.jallcom.2016.01.207__sample_17488,unknown,p,Zn51.9Sb48.1,10.1016/j.jallcom.2016.01.207,-1.071066375351614,-0.229340397791587,0.8417259775600271,0.8417259775600271,0.3426429365481959,0.7950578515010945,2.3203684264165836,medium,0.222804314944964,0.4423444864089952,0.2940956,,unknown,no,large_over_prediction,selected model primary split test residual,unknown,unknown,unknown,manual annotation missing; possible material-system outlier; possibly missing additive/structure feature,True
10.1103_physrevb.86.075426__sample_30541,unknown,p,Bi0.5Sb1.5Te3,10.1103/physrevb.86.075426,0.4243062974887496,-0.4173742750322476,-0.8416805725209973,0.8416805725209973,1.528529706900164,0.6587743110207169,0.4309856118902011,medium,0.1936271387350462,0.2050880145208235,,,unknown,no,large_under_prediction,selected model primary split test residual,unknown,unknown,unknown,manual annotation missing; possible material-system outlier; possibly missing additive/structure feature,True
10.1134_s1063782619050063__sample_40306,unknown,n,Mg2(Ge0.02Si0.8Sn0.18)0.99Sb0.01,10.1134/s1063782619050063,-0.154270597249142,0.6862288606887916,0.8404994579379337,0.8404994579379337,0.8570400769439339,1.9862111132206484,2.3175241936213244,medium,0.1420419657787709,0.3304590364720143,0.3051731,1.512144715034217,unknown,no,large_over_prediction,selected model primary split test residual,unknown,unknown,unknown,manual annotation missing; possible material-system outlier; possibly missing additive/structure feature,True
10.1063_1.4995430__sample_44158,unknown,p,Ge17.4Sb1.6Te20,10.1063/1.4995430,1.6447229254019995,0.8050819360347492,-0.8396409893672503,0.8396409893672503,5.179574579566863,2.236879772370289,0.43186553992188026,medium,0.0816264425380083,0.1443360570815173,,,unknown,no,large_under_prediction,selected model primary split test residual,unknown,unknown,unknown,manual annotation missing; possible material-system outlier; possibly missing additive/structure feature,True
10.1007_s12613-012-0545-y__sample_12922,unknown,n,Co0.81Ni0.19Sb2.88Sn0.12,10.1007/s12613-012-0545-y,0.5596895387947317,-0.2799252101054442,-0.839614748900176,0.839614748900176,1.7501290687631983,0.7558402685558575,0.4318768724240456,medium,0.1360930626869104,0.1260546480781217,0.4994538,0.3567727814069654,unknown,no,large_under_prediction,selected model primary split test residual,unknown,unknown,unknown,manual annotation missing; possible material-system outlier; possibly missing additive/structure feature,True
10.1016_j.jallcom.2017.06.296__sample_2759,unknown,n,PbTe0.982Se0.15I0.003,10.1016/j.jallcom.2017.06.296,-0.645645567252952,0.1938351643845219,0.8394807316374738,0.8394807316374738,0.5243239464554499,1.2138961731412476,2.3151644729321714,medium,0.291018724995111,0.4168551756321274,0.952645,0.094464637836184,unknown,no,large_over_prediction,selected model primary split test residual,unknown,unknown,unknown,manual annotation missing; possible material-system outlier; possibly missing additive/structure feature,True
10.1021_cm902001c__sample_27111,unknown,n,K0.9Pb20.2Sb1.2Te22,10.1021/cm902001c,-0.5782307731998719,0.25975828396773676,0.8379890571676087,0.8379890571676087,0.5608898305645965,1.2966166357556814,2.311713575641933,medium,0.1362219956974516,0.236043953200608,0.6496908,,unknown,no,large_over_prediction,selected model primary split test residual,unknown,unknown,unknown,manual annotation missing; possible material-system outlier; possibly missing additive/structure feature,True
10.1021_acs.chemmater.8b03994__sample_43365,unknown,n,Yb0.25Co3.9Fe0.1Sb12,10.1021/acs.chemmater.8b03994,0.7987511956670197,-0.0391381242491149,-0.8378893199161346,0.8378893199161346,2.2227633979947674,0.961617877225696,0.43262268853860253,medium,0.0434209140154934,0.0603753458342151,1.240924,1.076781701460908,unknown,no,large_under_prediction,selected model primary split test residual,unknown,unknown,unknown,manual annotation missing; possible material-system outlier; possibly missing additive/structure feature,True
10.1016_j.jallcom.2016.06.172__sample_2655,unknown,p,(Pb0.96Sr0.04)0.98Na0.02Te,10.1016/j.jallcom.2016.06.172,0.9782054096490252,0.1423890514845759,-0.8358163581644493,0.8358163581644493,2.659678922414943,1.1530251474321291,0.43352042899418924,medium,0.2924892066493258,0.5881143726721478,0.5906692,1.1171385630982704,unknown,no,large_under_prediction,selected model primary split test residual,unknown,unknown,unknown,manual annotation missing; possible material-system outlier; possibly missing additive/structure feature,True
10.1016_j.jpcs.2006.02.003__sample_11997,unknown,n,Bi0.9Sb0.1,10.1016/j.jpcs.2006.02.003,0.270319683461849,1.1051653331543536,0.8348456496925046,0.8348456496925046,1.3103832916484468,3.019723687979301,2.304458326983492,medium,0.2128417372173549,0.3791002676156716,,0.1248241435076517,unknown,no,large_over_prediction,selected model primary split test residual,unknown,unknown,unknown,manual annotation missing; possible material-system outlier; possibly missing additive/structure feature,True
10.1016_j.matlet.2021.130180__sample_45721,unknown,p,Na0.98CoO2,10.1016/j.matlet.2021.130180,-1.3937847467670197,-2.2281303225554616,-0.8343455757884419,0.8343455757884419,0.2481343993449911,0.10772966167668271,0.43415851232662783,medium,0.3308172702642155,0.6174916895124617,1.131547,0.8881592361201934,not_checked,no,large_under_prediction,selected model primary split test residual,unknown,unknown,not_checked,manual annotation missing; possible material-system outlier; possibly missing additive/structure feature,True
10.1039_c8tc02700e__sample_40809,unknown,p,Bi0.94Yb0.06CuSeO,10.1039/c8tc02700e,-2.8860891055985456,-2.0517890655554423,0.8343000400431033,0.8343000400431033,0.0557939908865795,0.12850479430768258,2.3032013352282474,low,0.524135386480756,0.8165948597215122,0.4835745,0.2837315990817622,unknown,no,large_over_prediction,selected model primary split test residual,unknown,unknown,unknown,low target quality; manual annotation missing; possible material-system outlier; possibly missing additive/structure feature,True
10.1016_j.mssp.2020.105393__sample_38625,unknown,n,Pb0.95Bi0.05S,10.1016/j.mssp.2020.105393,-0.9079403153288054,-1.742027459452399,-0.8340871441235936,0.8340871441235936,0.4033541514086086,0.17516490062436355,0.4342707271330816,medium,0.2570853438744501,0.3723338044906598,0.4445726,0.6275888324615732,unknown,no,large_under_prediction,selected model primary split test residual,unknown,unknown,unknown,manual annotation missing; possible material-system outlier; possibly missing additive/structure feature,True
10.1016_j.enconman.2014.07.083__sample_6801,unknown,p,Bi0.4Sb1.6Te3,10.1016/j.enconman.2014.07.083,0.4165204852743393,-0.4173742750322476,-0.8338947603065869,0.8338947603065869,1.5166750705089942,0.6587743110207169,0.43435428183020974,low,0.1878055339308549,,,,unknown,no,large_under_prediction,selected model primary split test residual,unknown,unknown,unknown,low target quality; manual annotation missing; possible material-system outlier; possibly missing additive/structure feature,True
10.1016_j.ssc.2012.10.003__sample_4795,unknown,n,In0.09Nd0.03Co4Sb12.16,10.1016/j.ssc.2012.10.003,-0.448201516569795,0.38491931017471487,0.8331208267445098,0.8331208267445098,0.6387759471233099,1.4694957433023996,2.300486970306549,medium,0.5341008818035256,0.5663121940805247,0.1159091,0.1916245600590605,unknown,no,large_over_prediction,selected model primary split test residual,unknown,unknown,unknown,manual annotation missing; possible material-system outlier; possibly missing additive/structure feature,True
10.1021_acsami.5b01085__sample_11296,unknown,p,Cu2Se,10.1021/acsami.5b01085,1.6064960721666328,0.7733776850017701,-0.8331183871648628,0.8331183871648628,4.985312413522044,2.1670735978736118,0.4346916337671622,medium,0.1837758573897804,0.3311872961474355,0.3942197,0.1586135085299687,unknown,no,large_under_prediction,selected model primary split test residual,unknown,unknown,unknown,manual annotation missing; possible material-system outlier; possibly missing additive/structure feature,True
10.1039_c4ee01463d__sample_407,unknown,p,Sn0.98Bi0.02Hg0.03Te1.03,10.1039/c4ee01463d,1.3260132565333562,0.49323825245076897,-0.8327750040825872,0.8327750040825872,3.7659993458398144,1.6376106396623125,0.4348409251508053,medium,0.2248252153752,0.1866651990291243,1.210341,0.1189285786531679,not_checked,no,large_under_prediction,selected model primary split test residual,unknown,unknown,not_checked,manual annotation missing; possible material-system outlier; possibly missing additive/structure feature,True
10.1039_d0ta06013e__sample_37627,unknown,p,Ge0.40Sn0.40Bi0.02Sb0.12Te,10.1039/d0ta06013e,1.0218812826529209,0.18925917196093464,-0.8326221106919862,0.8326221106919862,2.77841683772513,1.2083540834010704,0.43490741453698795,medium,0.2218224628405445,0.359927354411465,,,unknown,no,large_under_prediction,selected model primary split test residual,unknown,unknown,unknown,manual annotation missing; possible material-system outlier; possibly missing additive/structure feature,True
10.1016_j.jallcom.2021.159548__sample_45469,unknown,n,Cu2CoTi3S8,10.1016/j.jallcom.2021.159548,0.6038188090714998,1.4342846585531552,0.8304658494816555,0.8304658494816555,1.82909042737854,4.196641902902218,2.294387330492382,medium,0.1211586199038006,0.0796389431742649,,,unknown,no,large_over_prediction,selected model primary split test residual,unknown,unknown,unknown,manual annotation missing; possible material-system outlier; possibly missing additive/structure feature,True
10.1007_s11664-012-2469-8__sample_417,unknown,n,Pb1Te1I0.00053,10.1007/s11664-012-2469-8,-0.6073981231539147,0.2228559663627524,0.8302540895166671,0.8302540895166671,0.5447664418945263,1.2496405704964137,2.2939015225507595,low,0.2466636227706436,,0.4999067,0.1843662675695228,unknown,no,large_over_prediction,selected model primary split test residual,unknown,unknown,unknown,low target quality; manual annotation missing; possible material-system outlier; possibly missing additive/structure feature,True
10.1002_anie.201912909__sample_34057,unknown,n,Mg3.5Sc0.06Sb2,10.1002/anie.201912909,-1.8010597966818631,-0.9709684881941081,0.830091308487755,0.830091308487755,0.165123797804843,0.3787160783831705,2.293528149290562,medium,0.0956836726892963,0.1083582666657505,,,unknown,no,large_over_prediction,selected model primary split test residual,unknown,unknown,unknown,manual annotation missing; possible material-system outlier; possibly missing additive/structure feature,True
10.1039_d0ta06013e__sample_37625,unknown,p,Ge0.41Sn0.41Bi0.02Sb0.16Te,10.1039/d0ta06013e,1.0192059888682965,0.18925917196093464,-0.8299468169073618,0.8299468169073618,2.770993690405421,1.2083540834010704,0.43607247738780575,medium,0.207257937746201,0.3268754417824348,,,unknown,no,large_under_prediction,selected model primary split test residual,unknown,unknown,unknown,manual annotation missing; possible material-system outlier; possibly missing additive/structure feature,True
10.1021_acsaem.9b02168__sample_34392,unknown,p,Yb14MgSb11,10.1021/acsaem.9b02168,-0.1651622188076133,-0.9948065021460686,-0.8296442833384553,0.8296442833384553,0.8477561709377892,0.36979499215905814,0.43620442390881137,medium,0.1471664005603714,0.0697352707061593,,,unknown,no,large_under_prediction,selected model primary split test residual,unknown,unknown,unknown,manual annotation missing; possible material-system outlier; possibly missing additive/structure feature,True
10.1016_s1003-6326_08_60326-x__sample_18974,unknown,p,Cu2Mo6Te8,10.1016/s1003-6326(08)60326-x,1.6954799502869284,0.8661781052553225,-0.829301845031606,0.829301845031606,5.449260711930625,2.37780574194932,0.43635382259163086,medium,0.0957950166272514,0.0879304150856942,0.01001833,0.0054499379900116,unknown,no,large_under_prediction,selected model primary split test residual,unknown,unknown,unknown,manual annotation missing; possible material-system outlier; possibly missing additive/structure feature,True
10.1021_acsami.0c01004__sample_32842,unknown,n,Mn3.2Sb1.5Bi0.49Se0.01,10.1021/acsami.0c01004,-1.1620081675700331,-0.3338495819915217,0.8281585855785114,0.8281585855785114,0.3128572797812509,0.7161614977120657,2.289099675778055,medium,0.3903929513737686,0.2609015554503581,1.24757,1.0273330173023696,unknown,no,large_over_prediction,selected model primary split test residual,unknown,unknown,unknown,manual annotation missing; possible material-system outlier; possibly missing additive/structure feature,True
10.1007_s11664-010-1214-4__sample_33812,unknown,n,CaMn0.98Nb0.02O3,10.1007/s11664-010-1214-4,-2.5165442703263383,-1.6884023577825824,0.8281419125437559,0.8281419125437559,0.0807381343810255,0.18481455578933018,2.289061509857775,medium,0.1335315100465682,0.2207991818891342,,,unknown,no,large_over_prediction,selected model primary split test residual,unknown,unknown,unknown,manual annotation missing; possible material-system outlier; possibly missing additive/structure feature,True
10.1039_c8ta01463a__sample_45804,unknown,n,Zn0.994Al0.003Zr0.003O,10.1039/c8ta01463a,-0.6198669069399667,0.20746641248055694,0.8273333194205237,0.8273333194205237,0.5380160390307233,1.2305563848094756,2.28721133858094,low,0.3981322049688675,0.8560789455751647,0.1143157,0.0263866840961201,unknown,no,large_over_prediction,selected model primary split test residual,unknown,unknown,unknown,low target quality; manual annotation missing; possible material-system outlier; possibly missing additive/structure feature,True
10.1063_1.3658021__sample_19022,unknown,n,Si,10.1063/1.3658021,-0.0766744987369601,-0.903463489403521,-0.8267889906665609,0.8267889906665609,0.9261912809781138,0.405163945775223,0.4374516950184907,low,0.4202631224931042,0.8389948918627737,0.2933178,,unknown,no,large_under_prediction,selected model primary split test residual,unknown,unknown,unknown,low target quality; manual annotation missing; possible material-system outlier; possibly missing additive/structure feature,True
10.1063_1.4990714__sample_43034,unknown,p,Bi0.5Sb1.5Te3,10.1063/1.4990714,0.4088770513545248,-0.4173742750322476,-0.8262513263867723,0.8262513263867723,1.505126655825466,0.6587743110207169,0.4376869604102661,medium,0.2271705777882126,0.3163429675914966,,,unknown,no,large_under_prediction,selected model primary split test residual,unknown,unknown,unknown,manual annotation missing; possible material-system outlier; possibly missing additive/structure feature,True
10.1016_j.jallcom.2013.07.136__sample_10152,unknown,p,Mn0.95Cr0.05Si1.74,10.1016/j.jallcom.2013.07.136,0.6953278847672997,-0.12870837541531807,-0.8240362601826178,0.8240362601826178,2.0043661673441924,0.8792303333429909,0.43865754055706346,medium,0.3805465254093318,0.3127419959247628,,,unknown,no,large_under_prediction,selected model primary split test residual,unknown,unknown,unknown,manual annotation missing; possible material-system outlier; possibly missing additive/structure feature,True
10.1002_pssa.201127501__sample_16830,unknown,n,Ag0.8Pb18SbTe15Se5,10.1002/pssa.201127501,0.2261569347609816,-0.5977573279824318,-0.8239142627434133,0.8239142627434133,1.2537724103132537,0.5500438217709316,0.4387110589181841,medium,0.2743431283306891,0.4609424384879362,,,unknown,no,large_under_prediction,selected model primary split test residual,unknown,unknown,unknown,manual annotation missing; possible material-system outlier; possibly missing additive/structure feature,True
10.1007_s11664-012-2403-0__sample_8591,unknown,n,Mg2Si0.8Sn0.2,10.1007/s11664-012-2403-0,0.6883235087220415,-0.1344920254142135,-0.8228155341362551,0.8228155341362551,1.990375886767172,0.8741598499114908,0.4391933482128983,medium,0.2088067267043408,0.364650801156429,,1.832147470360065,unknown,no,large_under_prediction,selected model primary split test residual,unknown,unknown,unknown,manual annotation missing; possible material-system outlier; possibly missing additive/structure feature,True
10.1016_j.jallcom.2013.01.017__sample_29715,unknown,p,Sb2Te3,10.1016/j.jallcom.2013.01.017,-0.854334676716301,-0.03201338202727115,0.8223212946890299,0.8223212946890299,0.4255662360392261,0.968493621584423,2.275776458673646,medium,0.2142013625692876,0.4065624461242693,0.5666866,0.4338617553292131,unknown,no,large_over_prediction,selected model primary split test residual,unknown,unknown,unknown,manual annotation missing; possible material-system outlier; possibly missing additive/structure feature,True
10.1016_j.ceramint.2016.02.055__sample_31057,unknown,p,Cu2Se0.87S0.13,10.1016/j.ceramint.2016.02.055,-0.276507192500134,-1.09846968997272,-0.821962497472586,0.821962497472586,0.7584281641173809,0.3333808696210223,0.43956815608106214,medium,0.180493955157822,0.2756306177181905,0.5213095,,unknown,no,large_under_prediction,selected model primary split test residual,unknown,unknown,unknown,manual annotation missing; possible material-system outlier; possibly missing additive/structure feature,True
10.1039_c4nr04470c__sample_29808,unknown,n,Si100P3,10.1039/c4nr04470c,1.0926811355445831,0.27116101515136926,-0.8215201203932139,0.8215201203932139,2.9822592043252265,1.3114862225374244,0.4397626539756676,medium,0.2276304700130165,0.0836980649395431,0.3474845,0.0575731291090894,unknown,no,large_under_prediction,selected model primary split test residual,unknown,unknown,unknown,manual annotation missing; possible material-system outlier; possibly missing additive/structure feature,True
10.1039_c4ee01463d__sample_243,unknown,p,Sn0.98Bi0.02Hg0.02Te1.02,10.1039/c4ee01463d,1.314534715432469,0.49323825245076897,-0.8212964629816999,0.8212964629816999,3.7230183192225232,1.6376106396623125,0.4398610211524004,medium,0.274147235237043,0.4982109619893302,1.031169,0.4142476149653705,not_checked,no,large_under_prediction,selected model primary split test residual,unknown,unknown,not_checked,manual annotation missing; possible material-system outlier; possibly missing additive/structure feature,True
10.1016_j.jssc.2011.08.036__sample_82390,unknown,n,(Zr0.25Hf0.75NiSn)0.94(Zr0.25Hf0.75Ni2Sn)0.06,10.1016/j.jssc.2011.08.036,-0.7165614995756229,0.10452420634001229,0.8210857059156351,0.8210857059156351,0.488428834604959,1.1101822669903958,2.2729662713060557,medium,0.3668076690576163,0.541917636811018,0.1589,,unknown,no,large_over_prediction,selected model primary split test residual,unknown,unknown,unknown,manual annotation missing; possible material-system outlier; possibly missing additive/structure feature,True
10.1021_cm3011343__sample_10597,unknown,n,TiCoSb,10.1021/cm3011343,-1.5142808955192395,-0.6933108750175455,0.820970020501694,0.820970020501694,0.2199663067446619,0.4999181594698032,2.272703337471184,medium,0.2190843845740739,0.3203112897046102,,,unknown,no,large_over_prediction,selected model primary split test residual,unknown,unknown,unknown,manual annotation missing; possible material-system outlier; possibly missing additive/structure feature,True
10.1021_am507882f__sample_29060,unknown,n,Zn0.98Al0.02OC0.24,10.1021/am507882f,-1.039168336893049,-1.8600288626244836,-0.8208605257314345,0.8208605257314345,0.353748759447493,0.1556681373121656,0.4400528147584118,medium,0.2372048794333474,0.2938116380130625,,,unknown,no,large_under_prediction,selected model primary split test residual,unknown,unknown,unknown,manual annotation missing; possible material-system outlier; possibly missing additive/structure feature,True
10.1109_ict.2005.1519980__sample_5130,unknown,p,Co0.98Mn0.02Sb3,10.1109/ict.2005.1519980,-0.5286941357727118,0.29155069760282554,0.8202448333755374,0.8202448333755374,0.5893741099393385,1.3385014905872974,2.271055799728059,medium,0.1614446958338995,0.2826572432469068,,,unknown,no,large_over_prediction,selected model primary split test residual,unknown,unknown,unknown,manual annotation missing; possible material-system outlier; possibly missing additive/structure feature,True
10.1021_acs.chemmater.7b02685__sample_82465,unknown,n,(TiNiSn)0.98(MnNiSb)0.02,10.1021/acs.chemmater.7b02685,0.9912524189362968,0.1712150642632391,-0.8200373546730577,0.8200373546730577,2.694607136918083,1.1867459482216205,0.44041520263282,medium,0.1415456062606943,0.1797831342020308,0.4499,,unknown,no,large_under_prediction,selected model primary split test residual,unknown,unknown,unknown,manual annotation missing; possible material-system outlier; possibly missing additive/structure feature,True
10.1002_adfm.201902437__sample_41411,unknown,n,Cd3As2,10.1002/adfm.201902437,1.6162108167076137,0.7976295489838091,-0.8185812677238046,0.8185812677238046,5.033979461294158,2.2202716404988485,0.44105695257009475,medium,0.4597693784780968,0.456066368399138,,,unknown,no,large_under_prediction,selected model primary split test residual,unknown,unknown,unknown,manual annotation missing; possible material-system outlier; possibly missing additive/structure feature,True
10.1016_j.mattod.2017.02.007__sample_21615,unknown,p,(Bi0.25Sb0.75)2Te3,10.1016/j.mattod.2017.02.007,0.8163091911036842,6.011428478179339e-05,-0.8162490768189024,0.8162490768189024,2.2621353019792627,1.0000601160916816,0.4420867819960529,medium,0.1963051773259896,0.3144679924831687,1.145763,,unknown,no,large_under_prediction,selected model primary split test residual,unknown,unknown,unknown,manual annotation missing; possible material-system outlier; possibly missing additive/structure feature,True
10.1039_c8ta04372h__sample_83056,unknown,p,Hf0.7Ti0.3CoSb0.8Sn0.2,10.1039/c8ta04372h,0.0444412554340672,0.8597623825118338,0.8153211270777666,0.8153211270777666,1.045443560778362,2.3625992321068128,2.259901271330029,low,0.4550808660213103,0.9696916787605924,,,unknown,no,large_over_prediction,selected model primary split test residual,unknown,unknown,unknown,low target quality; manual annotation missing; possible material-system outlier; possibly missing additive/structure feature,True
10.1021_jacs.8b09029__sample_45136,unknown,n,(Pb0.95Sn0.05)(Te0.95Se0.05),10.1021/jacs.8b09029,0.6385031220733772,1.4504925869630054,0.8119894648896282,0.8119894648896282,1.8936442025475344,4.265214987090859,2.2523845722194444,low,0.5046151505423849,0.8973641932512129,1.251164,2.477988934589272,unknown,no,large_over_prediction,selected model primary split test residual,unknown,unknown,unknown,low target quality; manual annotation missing; possible material-system outlier; possibly missing additive/structure feature,True
10.1021_acsaem.0c01525__sample_37616,unknown,p,(Cu2Se)0.995(CuFeSe2)0.005,10.1021/acsaem.0c01525,-0.0378078814819587,0.7733776850017701,0.8111855664837287,0.8111855664837287,0.9628979136424792,2.1670735978736118,2.250574611462123,medium,0.2838155641905706,0.488243105395929,0.7958188,0.6448710209633453,unknown,no,large_over_prediction,selected model primary split test residual,unknown,unknown,unknown,manual annotation missing; possible material-system outlier; possibly missing additive/structure feature,True
10.1039_c7ee00098g__sample_31368,unknown,n,Mg3.15Nb0.05Sb1.5Bi0.49Te0.01,10.1039/c7ee00098g,-0.51202766229695,-1.3226855417247911,-0.8106578794278412,0.8106578794278412,0.5992792101767834,0.26641886141234505,0.44456549950023,medium,0.1779253023494763,0.3276001547873872,1.461538,1.2606045195475768,unknown,no,large_under_prediction,selected model primary split test residual,unknown,unknown,unknown,manual annotation missing; possible material-system outlier; possibly missing additive/structure feature,True
10.1016_j.jpcs.2014.01.002__sample_28488,unknown,n,(Sr0.95Dy0.05)3Ti2O7,10.1016/j.jpcs.2014.01.002,-0.7519236268203372,-1.5616824998746268,-0.8097588730542896,0.8097588730542896,0.4714587691694701,0.20978281454778547,0.4449653464232779,medium,0.1809810626487193,0.278433204045776,,,unknown,no,large_under_prediction,selected model primary split test residual,unknown,unknown,unknown,manual annotation missing; possible material-system outlier; possibly missing additive/structure feature,True
10.4028_www.scientific.net_amr.79-82.1639__sample_9518,unknown,n,Y0.002Mg2Si,10.4028/www.scientific.net/amr.79-82.1639,-1.1420540785312678,-0.3325479375798052,0.8095061409514626,0.8095061409514626,0.3191627626643602,0.7170942922751632,2.2467981110605875,medium,0.4547711087817792,0.7944010674533285,,0.0724317767984144,unknown,no,large_over_prediction,selected model primary split test residual,unknown,unknown,unknown,manual annotation missing; possible material-system outlier; possibly missing additive/structure feature,True
10.1021_am405410e__sample_99,unknown,n,Pb1.00075Zn0.02Te1.02I0.0015,10.1021/am405410e,0.4359929944059729,1.2447138550815788,0.808720860675606,0.808720860675606,1.546497960574552,3.4719411788584926,2.245034437399842,medium,0.4470324023941962,0.7629182011746329,,,unknown,no,large_over_prediction,selected model primary split test residual,unknown,unknown,unknown,manual annotation missing; possible material-system outlier; possibly missing additive/structure feature,True
10.1016_j.scriptamat.2013.10.021__sample_4777,unknown,n,CoSb2.85Te0.15,10.1016/j.scriptamat.2013.10.021,0.7349301101461169,-0.07309343288487298,-0.8080235430309899,0.8080235430309899,2.085336243566541,0.9295139787959068,0.4457381785136786,medium,0.078173175583372,0.0921303554917816,,,unknown,no,large_under_prediction,selected model primary split test residual,unknown,unknown,unknown,manual annotation missing; possible material-system outlier; possibly missing additive/structure feature,True
10.1063_1.3682585__sample_835,unknown,p,Ba8Au6.10Si39.90,10.1063/1.3682585,1.4267814597988075,0.6193814348840379,-0.8074000249147697,0.8074000249147697,4.165271500958394,1.8577785293673845,0.44601619100697887,medium,0.0842182900365442,0.0691032476232286,,,unknown,no,large_under_prediction,selected model primary split test residual,unknown,unknown,unknown,manual annotation missing; possible material-system outlier; possibly missing additive/structure feature,True
10.1016_j.jallcom.2020.156540__sample_38702,unknown,p,(Cu2Te)55.56(Ag2Te)44.44,10.1016/j.jallcom.2020.156540,-0.4697495519514619,0.3364571558502165,0.8062067078016784,0.8062067078016784,0.625158818484152,1.399978887079805,2.2393971670661075,low,0.4761832899727558,,0.5639541,0.427172670688181,unknown,no,large_over_prediction,selected model primary split test residual,unknown,unknown,unknown,low target quality; manual annotation missing; possible material-system outlier; possibly missing additive/structure feature,True
10.1016_j.jmat.2020.11.001__sample_39613,unknown,p,Cu1.8S,10.1016/j.jmat.2020.11.001,1.7370471672399457,0.9308491991324996,-0.806197968107446,0.806197968107446,5.680544934137686,2.536662394738458,0.4465526501681527,medium,0.248167026450769,0.5641499754816354,0.3917647,0.3921314056558836,unknown,no,large_under_prediction,selected model primary split test residual,unknown,unknown,unknown,manual annotation missing; possible material-system outlier; possibly missing additive/structure feature,True
10.1134_s1063782614040095__sample_17141,unknown,p,ZnSbPb0.02Cu0.0015,10.1134/s1063782614040095,-0.3709515854987588,-1.177131232180703,-0.8061796466819442,0.8061796466819442,0.6900773505007862,0.30816151559367305,0.446560831724214,medium,0.123787637516038,0.2370391058554724,0.7142963,0.2894940595331781,unknown,no,large_under_prediction,selected model primary split test residual,unknown,unknown,unknown,manual annotation missing; possible material-system outlier; possibly missing additive/structure feature,True
10.1021_acsami.0c06968__sample_38301,unknown,p,(CuGaSe2)0.01(Cu2Se)0.99,10.1021/acsami.0c06968,-0.0323469738961757,0.7733776850017701,0.8057246588979458,0.8057246588979458,0.9681705938698816,2.1670735978736118,2.2383179282605417,medium,0.2253930091037977,0.2970653006166769,,,unknown,no,large_over_prediction,selected model primary split test residual,unknown,unknown,unknown,manual annotation missing; possible material-system outlier; possibly missing additive/structure feature,True
10.1103_physrevb.75.245110__sample_4706,unknown,n,Ca0.08Co3.98Ni0.02Sb12.15,10.1103/physrevb.75.245110,0.0225509455707224,0.8281900131835948,0.8056390676128724,0.8056390676128724,1.022807140330649,2.2891716178291386,2.238126355951235,medium,0.3362590580516145,0.2020804590360758,,,unknown,no,large_over_prediction,selected model primary split test residual,unknown,unknown,unknown,manual annotation missing; possible material-system outlier; possibly missing additive/structure feature,True
10.1016_j.actamat.2021.117231__sample_46279,unknown,n,Ag4.02TeS,10.1016/j.actamat.2021.117231,0.1001151008373044,-0.7046971165062417,-0.8048122173435461,0.8048122173435461,1.1052981314947277,0.4942582542540644,0.4471718898010478,medium,0.1522983596436644,0.2509576108452568,0.7682119,0.7857276617482154,unknown,no,large_under_prediction,selected model primary split test residual,unknown,unknown,unknown,manual annotation missing; possible material-system outlier; possibly missing additive/structure feature,True
10.1016_j.jssc.2014.08.026__sample_9121,unknown,n,Mg2.2Si0.3Sn0.57Sb0.013,10.1016/j.jssc.2014.08.026,0.8786300567283578,0.07416918251937359,-0.8044608742089843,0.8044608742089843,2.4075991718745327,1.076988997795894,0.4473290281776269,medium,0.1374228225921269,0.2877157362034488,0.9651366,,unknown,no,large_under_prediction,selected model primary split test residual,unknown,unknown,unknown,manual annotation missing; possible material-system outlier; possibly missing additive/structure feature,True
10.1039_c1ee01314a__sample_133,unknown,n,Pb1Te0.998I0.002,10.1039/c1ee01314a,1.0093044838819694,0.20717812142493713,-0.8021263624570323,0.8021263624570323,2.743692069185541,1.230201677542222,0.44837454295933604,medium,0.6082216177992962,0.7603591627401727,,,unknown,no,large_under_prediction,selected model primary split test residual,unknown,unknown,unknown,manual annotation missing; possible material-system outlier; possibly missing additive/structure feature,True
10.1063_1.4801851__sample_16464,unknown,p,(Zn0.997Sm0.003)4Sb3,10.1063/1.4801851,-0.0989851330438083,0.7026317792500046,0.8016169122938129,0.8016169122938129,0.9057561737608066,2.0190594400720263,2.229142343781829,medium,0.0821854682190888,0.0392011901559931,,,unknown,no,large_over_prediction,selected model primary split test residual,unknown,unknown,unknown,manual annotation missing; possible material-system outlier; possibly missing additive/structure feature,True
10.1039_c5ta06107e__sample_1750,unknown,n,(Bi2Te2.5Se0.5)(MnTe2)0.02,10.1039/c5ta06107e,0.9682660374002084,0.16707418253341827,-0.8011918548667902,0.8011918548667902,2.63337432568679,1.1818419340853457,0.4487937482177429,low,0.1962573721170075,,,,unknown,no,large_under_prediction,selected model primary split test residual,unknown,unknown,unknown,low target quality; manual annotation missing; possible material-system outlier; possibly missing additive/structure feature,True
10.1021_am303145v__sample_5950,unknown,p,Bi0.5Sb1.5Te3,10.1021/am303145v,0.8006619103278451,6.011428478179339e-05,-0.8006017960430633,0.8006017960430633,2.2270145246585376,1.0000601160916816,0.4490586410724098,medium,0.185581799662927,0.3024211577617685,0.9832021,0.9607465667994234,unknown,no,large_under_prediction,selected model primary split test residual,unknown,unknown,unknown,manual annotation missing; possible material-system outlier; possibly missing additive/structure feature,True
10.1002_ejic.201100282__sample_6264,unknown,p,YbCd2Sb2,10.1002/ejic.201100282,-0.0135568115235329,0.7869442165724929,0.8005010280960259,0.8005010280960259,0.98653466818814,2.196673600952802,2.2266562664109832,medium,0.1194499414703154,0.1608827728285463,0.7408764,0.654951096120062,unknown,no,large_over_prediction,selected model primary split test residual,unknown,unknown,unknown,manual annotation missing; possible material-system outlier; possibly missing additive/structure feature,True
10.1021_acs.chemmater.7b04436__sample_44037,unknown,p,Cu5.04Fe0.9S4,10.1021/acs.chemmater.7b04436,-0.2666647442210485,-1.0667926110043342,-0.8001278667832856,0.8001278667832856,0.7659298108216419,0.34411044537403485,0.4492715135410313,medium,0.4431483410889471,0.5698939898406652,,,unknown,no,large_under_prediction,selected model primary split test residual,unknown,unknown,unknown,manual annotation missing; possible material-system outlier; possibly missing additive/structure feature,True
10.1021_cm902001c__sample_27116,unknown,n,K0.95Pb21Sb1.2Te23,10.1021/cm902001c,-0.5386579035506535,0.25975828396773676,0.7984161875183902,0.7984161875183902,0.5835308817989757,1.2966166357556814,2.2220188788609154,medium,0.1565437527157228,0.2823578246591819,0.6514698,,unknown,no,large_over_prediction,selected model primary split test residual,unknown,unknown,unknown,manual annotation missing; possible material-system outlier; possibly missing additive/structure feature,True
10.1039_c3ee43438a__sample_27526,unknown,p,Pb0.88Sr0.12Se,10.1039/c3ee43438a,-0.1540793554361465,0.6426046877608367,0.7966840431969832,0.7966840431969832,0.8572039945155057,1.9014270586699613,2.218173352942264,medium,0.4133901162037716,0.5202436870568624,,,unknown,no,large_over_prediction,selected model primary split test residual,unknown,unknown,unknown,manual annotation missing; possible material-system outlier; possibly missing additive/structure feature,True
10.1016_j.mtphys.2021.100497__sample_45598,unknown,p,Ge0.74Al0.02Pb0.1Sb0.1Te,10.1016/j.mtphys.2021.100497,0.2918399898814163,1.088394287488118,0.7965542976067017,0.7965542976067017,1.3388887647484178,2.969502075723809,2.217885573400707,medium,0.343533258822628,0.3714608531008329,2.22971,1.852100112319748,unknown,no,large_over_prediction,selected model primary split test residual,unknown,unknown,unknown,manual annotation missing; possible material-system outlier; possibly missing additive/structure feature,True
10.1016_j.mtphys.2019.03.005__sample_40261,unknown,p,Sn0.82Ge0.05Mg0.2Te(Cu2Te)0.05,10.1016/j.mtphys.2019.03.005,1.4821382447723093,0.6880863665499812,-0.794051878222328,0.794051878222328,4.402348923690663,1.9899039406675403,0.45200959196103996,low,0.5145555027715087,0.892499393345037,,,unknown,no,large_under_prediction,selected model primary split test residual,unknown,unknown,unknown,low target quality; manual annotation missing; possible material-system outlier; possibly missing additive/structure feature,True
10.1021_acsami.6b16060__sample_2848,unknown,p,Pb0.94Na0.02Sr0.04Te,10.1021/acsami.6b16060,0.6631971943721489,-0.13068623237580107,-0.79388342674795,0.79388342674795,1.9409881408858485,0.8774930601136344,0.4520857400566883,medium,0.3655569049333594,0.357115640567431,,,unknown,no,large_under_prediction,selected model primary split test residual,unknown,unknown,unknown,manual annotation missing; possible material-system outlier; possibly missing additive/structure feature,True
10.1038_ncomms5515__sample_304,unknown,p,K0.005Pb1Te0.7S0.3,10.1038/ncomms5515,-0.8723907905748258,-0.07897863097258642,0.7934121596022394,0.7934121596022394,0.4179511202170652,0.9240596704905396,2.210927608019388,medium,0.5041368000238053,0.3080257962073753,,,unknown,no,large_over_prediction,selected model primary split test residual,unknown,unknown,unknown,manual annotation missing; possible material-system outlier; possibly missing additive/structure feature,True
10.1016_j.jallcom.2004.09.036__sample_1872,unknown,n,CoSi0.995B0.005,10.1016/j.jallcom.2004.09.036,2.675831270777865,1.8828756646664464,-0.7929556061114187,0.7929556061114187,14.524418547417826,6.572377667488775,0.4525053891852506,medium,0.2483043752824628,0.5167470374503815,,,unknown,no,large_under_prediction,selected model primary split test residual,unknown,unknown,unknown,manual annotation missing; possible material-system outlier; possibly missing additive/structure feature,True
10.1021_nl3003045__sample_1350,unknown,n,Si88.75Ge11.25P0.75,10.1021/nl3003045,0.6665655976569438,-0.12578815314183098,-0.7923537507987748,0.7923537507987748,1.9475371954516056,0.8818016339032559,0.45277781392964817,medium,0.2318173093028276,0.5165641129940356,1.08251,1.1412922066328606,unknown,no,large_under_prediction,selected model primary split test residual,unknown,unknown,unknown,manual annotation missing; possible material-system outlier; possibly missing additive/structure feature,True
10.1039_c3cp50918d__sample_11967,unknown,n,TiNiSn,10.1039/c3cp50918d,0.480670406673609,-0.311597060733946,-0.7922674674075549,0.7922674674075549,1.6171581925067098,0.7322765317583235,0.452816882820377,medium,0.4070396713712189,0.5929686681437287,,,unknown,no,large_under_prediction,selected model primary split test residual,unknown,unknown,unknown,manual annotation missing; possible material-system outlier; possibly missing additive/structure feature,True
10.1016_j.jssc.2014.06.042__sample_4384,unknown,p,CeFe4Sb12,10.1016/j.jssc.2014.06.042,1.5785062707454414,0.7870965404263982,-0.7914097303190432,0.7914097303190432,4.847709235271253,2.1970082322269864,0.45320544727432543,low,0.0814114438313581,,,,unknown,no,large_under_prediction,selected model primary split test residual,unknown,unknown,unknown,low target quality; manual annotation missing; possible material-system outlier; possibly missing additive/structure feature,True
10.1039_c7ta03659k__sample_43443,unknown,p,Bi0.875Ba0.125Cu0.8Ni0.2SeO,10.1039/c7ta03659k,-1.6508348661465833,-2.440601601428358,-0.7897667352817745,0.7897667352817745,0.1918896395645059,0.08710843113889652,0.45395067360900443,medium,0.2999414929110048,0.7219056041778539,0.452489,0.4085114030680504,unknown,no,large_under_prediction,selected model primary split test residual,unknown,unknown,unknown,manual annotation missing; possible material-system outlier; possibly missing additive/structure feature,True
10.1007_s11664-011-1715-9__sample_405,unknown,n,Pb0.95Ce0.05Te1,10.1007/s11664-011-1715-9,-0.5825301095984023,0.20717812142493713,0.7897082310233394,0.7897082310233394,0.5584835529055742,1.230201677542222,2.2027536373129664,low,0.2036223332583351,,,,unknown,no,large_over_prediction,selected model primary split test residual,unknown,unknown,unknown,low target quality; manual annotation missing; possible material-system outlier; possibly missing additive/structure feature,True
10.1016_j.pnsc.2016.11.003__sample_14226,unknown,n,Mg2Si0.875Bi0.125,10.1016/j.pnsc.2016.11.003,1.2059519534182788,0.41765040218290056,-0.7883015512353782,0.7883015512353782,3.3399370296687065,1.5183897558595107,0.45461628239443846,medium,0.3065520475966252,0.4581899774030277,0.6797464,0.0277822229035533,unknown,no,large_under_prediction,selected model primary split test residual,unknown,unknown,unknown,manual annotation missing; possible material-system outlier; possibly missing additive/structure feature,True
10.1016_j.scriptamat.2012.04.005__sample_5666,unknown,n,Bi2Te2.7Se0.3,10.1016/j.scriptamat.2012.04.005,0.1959452467292749,-0.5900718409578668,-0.7860170876871417,0.7860170876871417,1.2164602983308164,0.5542874627618415,0.4556560238935994,medium,0.09149820359338,0.123679441340595,,,unknown,no,large_under_prediction,selected model primary split test residual,unknown,unknown,unknown,manual annotation missing; possible material-system outlier; possibly missing additive/structure feature,True
10.1063_1.2168019__sample_10322,unknown,n,Hf0.60Zr0.25Ti0.15NiSn0.975Sb0.025,10.1063/1.2168019,1.9712825030557504,1.1857603841479596,-0.7855221189077908,0.7855221189077908,7.179878802591445,3.273174745647116,0.45588161522527704,medium,0.2562124066772826,0.4859193745947965,,,unknown,no,large_under_prediction,selected model primary split test residual,unknown,unknown,unknown,manual annotation missing; possible material-system outlier; possibly missing additive/structure feature,True
10.1021_cm703616q__sample_12858,unknown,p,Yb14Mn0.9Zn0.1Sb11,10.1021/cm703616q,0.6408296124940164,-0.1446310989363013,-0.7854607114303177,0.7854607114303177,1.898054876350617,0.865341459621606,0.45590961062484914,medium,0.2013376846900677,0.0883269955196848,,,unknown,no,large_under_prediction,selected model primary split test residual,unknown,unknown,unknown,manual annotation missing; possible material-system outlier; possibly missing additive/structure feature,True
10.2497_jjspm.61.18__sample_30754,unknown,n,Cu1.95Fe0.05S2,10.2497/jjspm.61.18,-0.5744463259062856,-1.3586229291050562,-0.7841766031987706,0.7841766031987706,0.5630165101811375,0.25701446050714455,0.45649542395205445,medium,0.2636384894164232,0.3172955940587629,,,unknown,no,large_under_prediction,selected model primary split test residual,unknown,unknown,unknown,manual annotation missing; possible material-system outlier; possibly missing additive/structure feature,True
10.1021_acsami.9b23059__sample_34817,unknown,p,Mg3.19Li0.01Sb2,10.1021/acsami.9b23059,-1.7901073748412752,-1.0068012585630315,0.7833061162782438,0.7833061162782438,0.1669422433077606,0.3653858872365819,2.188696401802792,medium,0.7463134292005084,0.7749787994209024,0.4663255,0.0618742922956521,unknown,no,large_over_prediction,selected model primary split test residual,unknown,unknown,unknown,manual annotation missing; possible material-system outlier; possibly missing additive/structure feature,True
10.1016_j.intermet.2016.05.012__sample_14737,unknown,p,Cu1.9875Ni0.0125Se,10.1016/j.intermet.2016.05.012,0.3942868230382666,-0.38875131473712493,-0.7830381377753916,0.7830381377753916,1.4833259397186307,0.6779028334978274,0.4570154241531147,medium,0.3723836372421325,0.5581727755796787,,,unknown,no,large_under_prediction,selected model primary split test residual,unknown,unknown,unknown,manual annotation missing; possible material-system outlier; possibly missing additive/structure feature,True
10.1021_acsnano.1c03120__sample_44812,unknown,p,Cu2SnSe2.9S0.1,10.1021/acsnano.1c03120,-1.057090293935454,-0.27413314887658524,0.7829571450588688,0.7829571450588688,0.347465362940877,0.7602308446387507,2.187932743005834,medium,0.1119006277008756,0.1873077126529856,,,unknown,no,large_over_prediction,selected model primary split test residual,unknown,unknown,unknown,manual annotation missing; possible material-system outlier; possibly missing additive/structure feature,True
10.1007_s11664-014-3014-8__sample_8652,unknown,n,(Mg2Si)99.493Sb0.507,10.1007/s11664-014-3014-8,0.9721257478501268,0.18925531646817012,-0.7828704313819568,0.7828704313819568,2.6435580285197866,1.2083494246096258,0.45709207498888144,low,0.1735326923140911,,,,unknown,no,large_under_prediction,selected model primary split test residual,unknown,unknown,unknown,low target quality; manual annotation missing; possible material-system outlier; possibly missing additive/structure feature,True
10.1021_jacs.9b11405__sample_41251,unknown,p,(GeTe)90(AgBiSe2)10,10.1021/jacs.9b11405,0.916134725183875,0.13351949109402722,-0.7826152340898478,0.7826152340898478,2.499610013695327,1.1428435411889457,0.4572087385341403,medium,0.0999843111132852,0.208966041627427,,,unknown,no,large_under_prediction,selected model primary split test residual,unknown,unknown,unknown,manual annotation missing; possible material-system outlier; possibly missing additive/structure feature,True
10.1063_1.121747__sample_570,unknown,n,Sr14.7Ga19.8Ge55.5,10.1063/1.121747,-0.4173077868869633,0.364189394426948,0.7814971813139113,0.7814971813139113,0.6588181131589629,1.439346792605777,2.1847407711731877,medium,0.1585291945524721,0.255936085117541,,,unknown,no,large_over_prediction,selected model primary split test residual,unknown,unknown,unknown,manual annotation missing; possible material-system outlier; possibly missing additive/structure feature,True
10.1039_c3ta00844d__sample_13120,unknown,p,Ca5Ga1.9Zn0.1Sb6,10.1039/c3ta00844d,-0.1443963201213562,-0.9246156276228952,-0.780219307501539,0.780219307501539,0.8655446473151684,0.39668386409509,0.4583054904510854,medium,0.1107290752010418,0.0903435142899614,,,unknown,no,large_under_prediction,selected model primary split test residual,unknown,unknown,unknown,manual annotation missing; possible material-system outlier; possibly missing additive/structure feature,True
10.1016_j.mtphys.2019.03.005__sample_40257,unknown,p,Sn0.78Ge0.05Mg0.2Te(Cu2Te)0.05,10.1016/j.mtphys.2019.03.005,1.4682370962229925,0.6880863665499812,-0.7801507296730112,0.7801507296730112,4.341574612376912,1.9899039406675403,0.45833692112413416,medium,0.4145245498517901,0.3468490774009041,,,unknown,no,large_under_prediction,selected model primary split test residual,unknown,unknown,unknown,manual annotation missing; possible material-system outlier; possibly missing additive/structure feature,True
10.1016_j.jallcom.2008.10.165__sample_19870,unknown,p,YMn4Al8,10.1016/j.jallcom.2008.10.165,2.444546038988584,1.6649533065869189,-0.7795927324016649,0.7795927324016649,11.525316366812296,5.2854264493983205,0.4585927432428632,medium,0.2077068887212615,0.3260385974082536,,,unknown,no,large_under_prediction,selected model primary split test residual,unknown,unknown,unknown,manual annotation missing; possible material-system outlier; possibly missing additive/structure feature,True
10.1016_j.jssc.2014.08.026__sample_9118,unknown,n,Mg2.2Si0.7Sn0.17Sb0.013,10.1016/j.jssc.2014.08.026,0.8535356625735303,0.07416918251937359,-0.7793664800541568,0.7793664800541568,2.3479336948430465,1.076988997795894,0.45869651266616707,medium,0.141071937639067,0.3014726895272522,0.5255642,,unknown,no,large_under_prediction,selected model primary split test residual,unknown,unknown,unknown,manual annotation missing; possible material-system outlier; possibly missing additive/structure feature,True
10.1007_s11664-011-1584-2__sample_10064,unknown,n,Mg2Si0.6915Sn0.3Sb0.0085,10.1007/s11664-011-1584-2,-0.7051224977543994,0.07416918251937359,0.7792916802737729,0.7792916802737729,0.4940480507724369,1.076988997795894,2.1799276327718276,medium,0.0903094415499644,0.1641528370709866,0.3606174,,unknown,no,large_over_prediction,selected model primary split test residual,unknown,unknown,unknown,manual annotation missing; possible material-system outlier; possibly missing additive/structure feature,True
10.1021_acs.chemmater.8b03994__sample_43391,unknown,n,Yb0.25Co3.7Fe0.3Sb12,10.1021/acs.chemmater.8b03994,-0.8174065944184179,-0.0391381242491149,0.778268470169303,0.778268470169303,0.4415753548154633,0.961617877225696,2.177698249549188,medium,0.2258785215186287,0.4044709538738429,0.5420613,0.4780809899522873,unknown,no,large_over_prediction,selected model primary split test residual,unknown,unknown,unknown,manual annotation missing; possible material-system outlier; possibly missing additive/structure feature,True
10.1039_c5ta06107e__sample_1749,unknown,n,(Bi2Te2.5Se0.5)(MnTe2)0.01,10.1039/c5ta06107e,0.944060388202876,0.16707418253341827,-0.7769862056694576,0.7769862056694576,2.570397068160672,1.1818419340853457,0.45978963667704836,low,0.1932611492952889,,,,unknown,no,large_under_prediction,selected model primary split test residual,unknown,unknown,unknown,low target quality; manual annotation missing; possible material-system outlier; possibly missing additive/structure feature,True
10.1039_c3ee42187b__sample_161,unknown,p,Pb0.98Na0.02Te1,10.1039/c3ee42187b,0.6590928207608063,-0.11533168333837636,-0.7744245040991827,0.7744245040991827,1.9330379268654767,0.891070541634389,0.4609689904425761,medium,0.4043842032885948,0.2323694282002781,,1.9021574424893648,unknown,no,large_under_prediction,selected model primary split test residual,unknown,unknown,unknown,manual annotation missing; possible material-system outlier; possibly missing additive/structure feature,True
10.1021_acsaem.9b01656__sample_35421,unknown,n,Pb0.99Sb0.01Se0.68Te0.16S0.16,10.1021/acsaem.9b01656,0.2630271840787416,-0.5107980580191194,-0.773825242097861,0.773825242097861,1.3008620812083245,0.600016539676086,0.4612453144292991,medium,0.3931286719397031,0.7719482104541514,0.4875354,,unknown,no,large_under_prediction,selected model primary split test residual,unknown,unknown,unknown,manual annotation missing; possible material-system outlier; possibly missing additive/structure feature,True
10.1021_cm902001c__sample_27113,unknown,n,K0.95Pb21SbTe23,10.1021/cm902001c,-0.5833421827937488,-1.3561849551486496,-0.7728427723549007,0.7728427723549007,0.5580302074819647,0.2576418194999868,0.46169869667550867,medium,0.2734765339437111,0.5317547663916382,0.705331,,unknown,no,large_under_prediction,selected model primary split test residual,unknown,unknown,unknown,manual annotation missing; possible material-system outlier; possibly missing additive/structure feature,True
10.1103_physrevb.85.165127__sample_1198,unknown,n,Ba8Cu4.4Si41.6,10.1103/physrevb.85.165127,1.2732229051974018,0.5011135346989589,-0.7721093704984429,0.7721093704984429,3.572347365967248,1.6505582015973013,0.4620374315559866,medium,0.0823402108964131,0.081328693866195,,,unknown,no,large_under_prediction,selected model primary split test residual,unknown,unknown,unknown,manual annotation missing; possible material-system outlier; possibly missing additive/structure feature,True
10.4028_www.scientific.net_ddf.312-315.223__sample_5024,unknown,p,Sn0.1Co3FeSb12,10.4028/www.scientific.net/ddf.312-315.223,0.3736464249582501,1.1449168466341104,0.7712704216758604,0.7712704216758604,1.4530233068446865,3.1421800631271113,2.1625118112871253,medium,0.1152398929067723,0.1358526623785392,,,unknown,no,large_over_prediction,selected model primary split test residual,unknown,unknown,unknown,manual annotation missing; possible material-system outlier; possibly missing additive/structure feature,True
10.1016_s0925-8388_03_00547-4__sample_11026,unknown,n,NiZrSn0.97Sb0.03,10.1016/s0925-8388(03)00547-4,1.6884253712028765,0.9182638937734534,-0.7701614774294231,0.7701614774294231,5.410953749903928,2.504937774660612,0.46293830818736664,medium,0.1000689988983453,0.1287903118507776,,,unknown,no,large_under_prediction,selected model primary split test residual,unknown,unknown,unknown,manual annotation missing; possible material-system outlier; possibly missing additive/structure feature,True
10.1039_c4cp04875j__sample_82632,unknown,n,Ti0.3Zr0.35Hf0.35NiSn,10.1039/c4cp04875j,-0.1084497030799396,0.6615751339745046,0.7700248370544442,0.7700248370544442,0.8972240212869751,1.9378422929576393,2.15981989668311,low,0.4804144663850614,,,,unknown,no,large_over_prediction,selected model primary split test residual,unknown,unknown,unknown,low target quality; manual annotation missing; possible material-system outlier; possibly missing additive/structure feature,True
10.1088_0953-8984_28_16_165603__sample_18070,unknown,p,CePd3Be0.1,10.1088/0953-8984/28/16/165603,2.4349314895901566,1.6649533065869189,-0.7699781830032377,0.7699781830032377,11.415036637738655,5.2854264493983205,0.46302316997603393,medium,0.4885268505647121,0.5350519806048515,,,unknown,no,large_under_prediction,selected model primary split test residual,unknown,unknown,unknown,manual annotation missing; possible material-system outlier; possibly missing additive/structure feature,True
10.1063_1.2168019__sample_10320,unknown,n,Hf0.75Zr0.25NiSn0.975Sb0.025,10.1063/1.2168019,1.9440881581608256,1.1745042186033585,-0.7695839395574671,0.7695839395574671,6.987257675463232,3.2365379307074416,0.4632057498141243,medium,0.2609383542741063,0.5295848577778467,,,unknown,no,large_under_prediction,selected model primary split test residual,unknown,unknown,unknown,manual annotation missing; possible material-system outlier; possibly missing additive/structure feature,True
10.1063_1.4831668__sample_19637,unknown,n,FeSb2,10.1063/1.4831668,-0.1054771570642875,0.6639880945018856,0.7694652515661731,0.7694652515661731,0.8998950288562948,1.9425238758847443,2.1586116309071732,medium,0.2974183738366215,0.6144955335626814,,,unknown,no,large_over_prediction,selected model primary split test residual,unknown,unknown,unknown,manual annotation missing; possible material-system outlier; possibly missing additive/structure feature,True
10.1021_am405410e__sample_98,unknown,n,Pb1.0005Zn0.01Te1.01I0.001,10.1021/am405410e,0.4773360712684339,1.2447138550815788,0.7673777838131449,0.7673777838131449,1.6117750243212134,3.4719411788584926,2.1541102985639538,medium,0.4264695333217103,0.7275140212117844,,,unknown,no,large_over_prediction,selected model primary split test residual,unknown,unknown,unknown,manual annotation missing; possible material-system outlier; possibly missing additive/structure feature,True
10.1039_b914712h__sample_13437,unknown,p,Yb3.8Sm0.2Sb3,10.1039/b914712h,1.905622371752448,1.1383589576805098,-0.7672634140719383,0.7672634140719383,6.723590898775434,3.1216414138982405,0.46428187867093224,medium,0.1834191861509856,0.1880946792044821,,,unknown,no,large_under_prediction,selected model primary split test residual,unknown,unknown,unknown,manual annotation missing; possible material-system outlier; possibly missing additive/structure feature,True
10.1039_c4cp04875j__sample_82638,unknown,n,Ti0.3Zr0.35Hf0.35NiSn,10.1039/c4cp04875j,-0.1053210155126758,0.6615751339745046,0.7668961494871804,0.7668961494871804,0.9000355508327623,1.9378422929576393,2.153073054908377,low,0.4547061413640949,,,,unknown,no,large_over_prediction,selected model primary split test residual,unknown,unknown,unknown,low target quality; manual annotation missing; possible material-system outlier; possibly missing additive/structure feature,True
10.1021_acs.inorgchem.9b03060__sample_34316,unknown,n,Bi2Te3,10.1021/acs.inorgchem.9b03060,0.4434462904110092,-0.32317814034638565,-0.7666244307573948,0.7666244307573948,1.5580675297989617,0.7238448969013289,0.46457864184790953,medium,0.0827866440739127,0.1338750153376743,0.3937177,0.2830087512446782,unknown,no,large_under_prediction,selected model primary split test residual,unknown,unknown,unknown,manual annotation missing; possible material-system outlier; possibly missing additive/structure feature,True
10.1515_msp-2015-0004__sample_11089,unknown,p,PbTe,10.1515/msp-2015-0004,-1.938947351238081,-1.17264159365766,0.7663057575804211,0.7663057575804211,0.1438552992074387,0.309548159841921,2.151802273168637,medium,0.4285810450029537,0.3271008156936585,,,unknown,no,large_over_prediction,selected model primary split test residual,unknown,unknown,unknown,manual annotation missing; possible material-system outlier; possibly missing additive/structure feature,True
10.1016_j.scriptamat.2012.04.005__sample_5667,unknown,n,Bi2Te2.55Se0.45,10.1016/j.scriptamat.2012.04.005,0.1758975707173278,-0.5900718409578668,-0.7659694116751946,0.7659694116751946,1.192315924330863,0.5542874627618415,0.4648830494089995,medium,0.1080634505581378,0.1718631445443086,,,unknown,no,large_under_prediction,selected model primary split test residual,unknown,unknown,unknown,manual annotation missing; possible material-system outlier; possibly missing additive/structure feature,True
10.1007_s11664-010-1274-5__sample_13619,unknown,p,Yb3.8Sm0.2Sb3,10.1007/s11664-010-1274-5,1.9032448706464893,1.1383589576805098,-0.7648859129659795,0.7648859129659795,6.70762454151444,3.1216414138982405,0.4653870225708011,medium,0.1719699106844266,0.2028301814171469,,,unknown,no,large_under_prediction,selected model primary split test residual,unknown,unknown,unknown,manual annotation missing; possible material-system outlier; possibly missing additive/structure feature,True
10.1063_1.4801851__sample_16463,unknown,p,(Zn0.998Sm0.002)4Sb3,10.1063/1.4801851,-0.062061956311798,0.7026317792500046,0.7646937355618026,0.7646937355618026,0.939824656917774,2.0190594400720263,2.1483363148756753,medium,0.0878397281580247,0.0432756411204924,,,unknown,no,large_over_prediction,selected model primary split test residual,unknown,unknown,unknown,manual annotation missing; possible material-system outlier; possibly missing additive/structure feature,True
10.1016_j.matchemphys.2014.01.006__sample_26511,unknown,n,Ca0.8Dy0.1Bi0.1MnO3,10.1016/j.matchemphys.2014.01.006,0.0337880016121378,-0.7302216645987097,-0.7640096662108475,0.7640096662108475,1.034365299706573,0.48180217976577067,0.4657949951554325,medium,0.2938234902391025,0.5616173765015153,,,unknown,no,large_under_prediction,selected model primary split test residual,unknown,unknown,unknown,manual annotation missing; possible material-system outlier; possibly missing additive/structure feature,True
10.1021_acsaem.9b01711__sample_40823,unknown,p,Nb0.88Hf0.12FeSb,10.1021/acsaem.9b01711,1.9348595110552549,1.1709110019210336,-0.7639485091342213,0.7639485091342213,6.923071372062794,3.224929217423168,0.4658234826867414,medium,0.2327142922429889,0.4591749306550663,0.6638539,,unknown,no,large_under_prediction,selected model primary split test residual,unknown,unknown,unknown,manual annotation missing; possible material-system outlier; possibly missing additive/structure feature,True
10.1021_acsenergylett.6b00671__sample_31745,unknown,p,Sn0.91Mg0.12Te,10.1021/acsenergylett.6b00671,1.6364656718887023,0.8729126203767519,-0.7635530515119504,0.7635530515119504,5.13698161164606,2.393873153059517,0.4660077325627102,low,0.5152053918020502,0.8016041219768429,,,unknown,no,large_under_prediction,selected model primary split test residual,unknown,unknown,unknown,low target quality; manual annotation missing; possible material-system outlier; possibly missing additive/structure feature,True
10.1016_j.mseb.2015.01.008__sample_9246,unknown,n,Sb0.16(Mg2Si)99.84,10.1016/j.mseb.2015.01.008,-0.124966297708728,0.6377040926094826,0.7626703903182106,0.7626703903182106,0.8825266452534481,1.8921317293713507,2.1439938834118255,medium,0.2572925182864966,0.4433231680459217,0.3546862,,unknown,no,large_over_prediction,selected model primary split test residual,unknown,unknown,unknown,manual annotation missing; possible material-system outlier; possibly missing additive/structure feature,True
10.1016_j.actamat.2011.04.040__sample_12195,unknown,p,Bi0.5Sb1.5Te3,10.1016/j.actamat.2011.04.040,0.3451672417147056,-0.4173742750322476,-0.7625415167469531,0.7625415167469531,1.4122260830306037,0.6587743110207169,0.46647935407551944,medium,0.2644673288423133,0.2048351698489101,,,unknown,no,large_under_prediction,selected model primary split test residual,unknown,unknown,unknown,manual annotation missing; possible material-system outlier; possibly missing additive/structure feature,True
10.1016_j.actamat.2021.117231__sample_46280,unknown,n,Ag4.05TeS,10.1016/j.actamat.2021.117231,0.0576282715339004,-0.7046971165062417,-0.762325388040142,0.762325388040142,1.0593211426881546,0.4942582542540644,0.4665801845508575,medium,0.1771112545383449,0.3064644156685555,0.7266654,0.929574748757955,unknown,no,large_under_prediction,selected model primary split test residual,unknown,unknown,unknown,manual annotation missing; possible material-system outlier; possibly missing additive/structure feature,True
10.1016_j.jallcom.2017.06.296__sample_2758,unknown,n,PbTe0.987Se0.1I0.003,10.1016/j.jallcom.2017.06.296,-0.5653926221394343,0.1938351643845219,0.7592277865239562,0.7592277865239562,0.5681370397819864,1.2138961731412476,2.1366256521614244,medium,0.2591351841825767,0.4804810460527051,0.08084254,0.2267210039851892,unknown,no,large_over_prediction,selected model primary split test residual,unknown,unknown,unknown,manual annotation missing; possible material-system outlier; possibly missing additive/structure feature,True
10.1038_ncomms12167__sample_2833,unknown,p,Pb0.98Na0.02Te,10.1038/ncomms12167,0.643380966707687,-0.11533168333837636,-0.7587126500460634,0.7587126500460634,1.902903669521385,0.891070541634389,0.4682688650542723,medium,0.5039415214124863,0.412277476629018,,2.419696508290244,unknown,no,large_under_prediction,selected model primary split test residual,unknown,unknown,unknown,manual annotation missing; possible material-system outlier; possibly missing additive/structure feature,True
10.1016_j.intermet.2016.05.012__sample_14732,unknown,p,Cu1.99Sm0.01Se,10.1016/j.intermet.2016.05.012,0.3694748188580082,-0.38875131473712493,-0.7582261335951331,0.7582261335951331,1.446974491363777,0.6779028334978274,0.46849674098878025,medium,0.3307752939777342,0.4740310598618064,,,unknown,no,large_under_prediction,selected model primary split test residual,unknown,unknown,unknown,manual annotation missing; possible material-system outlier; possibly missing additive/structure feature,True
10.1007_s11664-010-1274-5__sample_13620,unknown,p,Yb3.6Sm0.4Sb3,10.1007/s11664-010-1274-5,1.8948423444223887,1.1383589576805098,-0.756483386741879,0.756483386741879,6.651499675942693,3.1216414138982405,0.46931392407469696,medium,0.3106662708951872,0.3659061022721479,,,unknown,no,large_under_prediction,selected model primary split test residual,unknown,unknown,unknown,manual annotation missing; possible material-system outlier; possibly missing additive/structure feature,True
10.1007_s11664-011-1715-9__sample_141,unknown,n,Pb0.985Ce0.015Te1,10.1007/s11664-011-1715-9,-0.5487191344165158,0.20717812142493713,0.755897255841453,0.755897255841453,0.577689279014864,1.230201677542222,2.1295213919152007,low,0.2574298278994216,,,,unknown,no,large_over_prediction,selected model primary split test residual,unknown,unknown,unknown,low target quality; manual annotation missing; possible material-system outlier; possibly missing additive/structure feature,True
10.1016_j.jallcom.2019.152649__sample_35427,unknown,n,(CuI)0.003Bi2Te2.7Se0.3,10.1016/j.jallcom.2019.152649,0.7375409666086835,-0.017637855294891563,-0.7551788219035751,0.7551788219035751,2.0907878707859764,0.9825167811881227,0.46992657405209237,low,0.132180841553712,,0.803352,0.6572855221597331,unknown,no,large_under_prediction,selected model primary split test residual,unknown,unknown,unknown,low target quality; manual annotation missing; possible material-system outlier; possibly missing additive/structure feature,True
10.1016_j.actamat.2005.12.032__sample_544,unknown,n,Ba24Ga9Ge91,10.1016/j.actamat.2005.12.032,1.119348150882027,0.364189394426948,-0.7551587564550791,0.7551587564550791,3.062857031781832,1.439346792605777,0.4699360034341629,medium,0.129234391283893,0.2217154900963327,,,unknown,no,large_under_prediction,selected model primary split test residual,unknown,unknown,unknown,manual annotation missing; possible material-system outlier; possibly missing additive/structure feature,True
10.1021_jacs.7b05881__sample_40024,unknown,p,Na0.01(Sn0.97Pb0.03)0.99Se,10.1021/jacs.7b05881,-1.9455203479465333,-2.6991141973578547,-0.7535938494113215,0.7535938494113215,0.1429128395844434,0.06726506993456735,0.47067198531747184,medium,0.3569139690380758,0.5951326031403456,0.264774,0.0536880238955174,unknown,no,large_under_prediction,selected model primary split test residual,unknown,unknown,unknown,manual annotation missing; possible material-system outlier; possibly missing additive/structure feature,True
10.1039_c5cp00739a__sample_28005,unknown,n,In1.90Ga0.10O3,10.1039/c5cp00739a,-0.3398309921501952,-1.0932720431165395,-0.7534410509663443,0.7534410509663443,0.7118906277003678,0.3351181766930514,0.47074390875967737,medium,0.2020509011050525,0.3994883673001883,0.02918149,0.203782816157463,unknown,no,large_under_prediction,selected model primary split test residual,unknown,unknown,unknown,manual annotation missing; possible material-system outlier; possibly missing additive/structure feature,True
10.1016_s0955-2219_02_00202-9__sample_20091,unknown,p,Na0.45Ca2.55Co4O9,10.1016/s0955-2219(02)00202-9,-2.2366834403616624,-1.4834612520326818,0.7532221883289807,0.7532221883289807,0.1068121665046226,0.2268511389802959,2.123832391045811,low,0.8394414999526317,,,,unknown,no,large_over_prediction,selected model primary split test residual,unknown,unknown,unknown,low target quality; manual annotation missing; possible material-system outlier; possibly missing additive/structure feature,True
10.1016_j.intermet.2009.06.005__sample_3439,unknown,p,(Pr0.0487Nd0.9513)0.76Fe3.4Ni0.6Sb12,10.1016/j.intermet.2009.06.005,1.758957737286168,1.0062401570705837,-0.7527175802155843,0.7527175802155843,5.8063824635923575,2.735297368637652,0.4710846014344959,medium,0.3950240770314216,0.6604104095548419,,,unknown,no,large_under_prediction,selected model primary split test residual,unknown,unknown,unknown,manual annotation missing; possible material-system outlier; possibly missing additive/structure feature,True
10.1016_j.mssp.2020.105393__sample_38622,unknown,n,Pb0.98Bi0.02S,10.1016/j.mssp.2020.105393,-0.9894022146740956,-1.742027459452399,-0.7526252447783034,0.7526252447783034,0.3717988805195807,0.17516490062436355,0.4711281012454219,medium,0.1130932508986082,0.2465523286551146,0.642357,0.8372278510696968,unknown,no,large_under_prediction,selected model primary split test residual,unknown,unknown,unknown,manual annotation missing; possible material-system outlier; possibly missing additive/structure feature,True
10.1021_ja403653m__sample_13268,unknown,p,Ca0.84Ce0.16Ag0.88Sb,10.1021/ja403653m,1.8839663142062,1.1315798063082323,-0.7523865078979677,0.7523865078979677,6.579549738563976,3.1005509028779517,0.4712405903256633,medium,0.2301997623664831,0.1545824005682534,,,unknown,no,large_under_prediction,selected model primary split test residual,unknown,unknown,unknown,manual annotation missing; possible material-system outlier; possibly missing additive/structure feature,True
10.3740_mrsk.2010.20.6.326__sample_4514,unknown,n,Co0.99Ni0.01Sb3,10.3740/mrsk.2010.20.6.326,-0.3181869740169837,0.4332426047448079,0.7514295787617916,0.7514295787617916,0.7274667583159203,1.542250332566503,2.1200285991579877,medium,0.1214632340942396,0.1809826565550371,0.1080729,,unknown,no,large_over_prediction,selected model primary split test residual,unknown,unknown,unknown,manual annotation missing; possible material-system outlier; possibly missing additive/structure feature,True
10.1021_acsami.9b19398__sample_35960,unknown,n,Bi2Te2.1Se0.9,10.1021/acsami.9b19398,0.1607036351145449,-0.5900718409578668,-0.7507754760724117,0.7507754760724117,1.174336885020098,0.5542874627618415,0.47200038577716585,medium,0.1755766765077832,0.2267133669311554,,,unknown,no,large_under_prediction,selected model primary split test residual,unknown,unknown,unknown,manual annotation missing; possible material-system outlier; possibly missing additive/structure feature,True
10.1002_pssa.202000198__sample_37963,unknown,p,Cu2ZnSn0.98Pb0.02Se3.975Te0.025,10.1002/pssa.202000198,0.4048656269549056,-0.3458622480133418,-0.7507278749682473,0.7507278749682473,1.4991010477494997,0.7076099550702348,0.47202285405144795,low,0.1509230526024284,,,,unknown,no,large_under_prediction,selected model primary split test residual,unknown,unknown,unknown,low target quality; manual annotation missing; possible material-system outlier; possibly missing additive/structure feature,True
10.1021_acsami.9b07313__sample_40964,unknown,p,Te0.98(Sb2Se3)0.02,10.1021/acsami.9b07313,-0.0751167056454737,-0.8257672891577312,-0.7506505835122576,0.7506505835122576,0.9276352197439306,0.4378988684753295,0.4720593387950594,medium,0.2839464640008492,0.5495393353361048,,,unknown,no,large_under_prediction,selected model primary split test residual,unknown,unknown,unknown,manual annotation missing; possible material-system outlier; possibly missing additive/structure feature,True
10.1039_c4cp04875j__sample_82636,unknown,n,Ti0.3Zr0.35Hf0.35NiSn,10.1039/c4cp04875j,-0.0887413598522301,0.6615751339745046,0.7503164938267347,0.7503164938267347,0.915082219970598,1.9378422929576393,2.1176701400885083,low,0.4653399135708513,,,0.393564384168511,unknown,no,large_over_prediction,selected model primary split test residual,unknown,unknown,unknown,low target quality; manual annotation missing; possible material-system outlier; possibly missing additive/structure feature,True
10.1016_j.actamat.2021.117231__sample_46278,unknown,n,Ag4.01TeS,10.1016/j.actamat.2021.117231,0.0455868553772371,-0.7046971165062417,-0.7502839718834787,0.7502839718834787,1.0466419071438822,0.4942582542540644,0.4722324329653643,medium,0.159416340654848,0.2822602889909118,0.6561822,0.9331954884690394,unknown,no,large_under_prediction,selected model primary split test residual,unknown,unknown,unknown,manual annotation missing; possible material-system outlier; possibly missing additive/structure feature,True
