sample_key,DOI,doi_url,paper_title,sample_id,composition,material_system,n_or_p,n_rows_step22,n_pf_eval_rows_step22,n_zt_obs_eval_rows_step22,n_zt_calc_eval_rows_step22,sigma_fitting_log_rmse_step22,sigma_ML_log_rmse_step22,sigma_log_rmse_gap_ML_minus_fitting_step22,pf_fitting_mape_step22,pf_ML_mape_step22,pf_mape_gap_ML_minus_fitting_step22,zt_obs_fitting_mape_step22,zt_obs_ML_mape_step22,zt_obs_mape_gap_ML_minus_fitting_step22,zt_calc_fitting_mape_step22,zt_calc_ML_mape_step22,zt_calc_mape_gap_ML_minus_fitting_step22,zt_obs_max_step22,zt_pred_fitting_max_step22,zt_pred_ML_max_step22,zt_calc_from_obs_max_step22,sintering_method,sintering_checked,record_checked,comparison_category_step22,comparison_note_step22,n_or_p_final_step17,n_or_p_source_step17,n_or_p_confidence_final_step17,additive_final_step17,additive_source_step17,additive_confidence_final_step17,structure_final_step17,structure_source_step17,structure_confidence_final_step17,sintering_method_final_step17,sintering_condition_final_step17,sintering_checked_final_step17,sintering_source_step17,sintering_confidence_final_step17,paper_checked_step17,manual_review_status_step17,step17_check_additive,step17_check_structure,step17_check_np_type,step17_check_sintering,nanocarbon_keyword_detected_step9,nanocarbon_type_auto_step9,rare_metal_flag_auto_step9,toxicity_flag_auto_step9,target_quality_step18,sigma_fit_log_rmse_step12,validation_sigma_log_rmse_step13,n_or_p_final_step17__step17,n_or_p_source_step17__step17,n_or_p_confidence_final_step17__step17,additive_final_step17__step17,additive_source_step17__step17,additive_confidence_final_step17__step17,structure_final_step17__step17,structure_source_step17__step17,structure_confidence_final_step17__step17,sintering_method_final_step17__step17,sintering_condition_final_step17__step17,sintering_checked_final_step17__step17,sintering_source_step17__step17,sintering_confidence_final_step17__step17,paper_checked_step17__step17,manual_review_status_step17__step17,step17_check_additive__step17,step17_check_structure__step17,step17_check_np_type__step17,step17_check_sintering__step17,nanocarbon_keyword_detected_step9__step17,nanocarbon_type_auto_step9__step17,rare_metal_flag_auto_step9__step17,toxicity_flag_auto_step9__step17,target_log_tau_eff_step18,pred_log_tau_eff_step19,residual_log_tau_eff_step19,abs_error_log_tau_eff_step19,tau_eff_ratio_pred_true_step19,residual_category_step19,manual_review_status_step17__step19,paper_checked_step17__step19,manual_review_priority_score_step15,manual_review_priority_tier_step15,pf_zt_problem_reason_step15,sintering_check_reason_step15,missing_additive_info_step23,missing_structure_info_step23,missing_sintering_info_step23,missing_np_paper_confirmation_step23,manual_annotation_needed_step23,error_pattern_step23,primary_error_source_hypothesis_step23,secondary_error_source_hypothesis_step23,error_cause_note_step23,step23_review_priority_score,step23_review_priority_tier,step23_review_reason
10.1002_adma.201104305__sample_84021,10.1002/adma.201104305,https://doi.org/10.1002/adma.201104305,,84021,Kx(NiC2S4),unknown,n,22,17,6,7,0.2401752885709869,2.010999335297697,1.7708240467267102,0.1976777245620567,6.154593838136946,5.956916113574889,0.1566564298320961,5.853240802681836,5.69658437284974,0.1877808730396662,5.5015391484254295,5.313758275385763,0.1881,0.1446085589449877,1.064899979113763,0.2067988399635197,unknown,no,no,ML_much_worse,primary DOI test sample aggregate,n,,high,unknown,unknown,unknown,unknown,unknown,unknown,unknown,,no,unknown,unknown,no,unknown,,,,,False,unknown,False,False,medium,0.2401752885709869,0.400008919192481,,,,,,,,,,,,,,,,,,,,,,,,,-2.7147036331227703,-2.2303896961313674,0.4843139369914029,0.4843139369914029,1.6230611045991146,moderate_error,unknown,no,0,low,no major issue,,True,True,True,True,True,fitting_good_ML_bad,insufficient_material_features,missing_additive_or_structure_annotation; possible_sintering_or_microstructure_effect,candidate hypothesis only; no causal mechanism proven,115,A,ML much worse than fitting; ZT_ML false positive; missing additive info and ML bad; missing structure info and ML bad; missing sintering info for high-ZT/error sample; manual review not checked
10.1002_adma.201400515__sample_7653,10.1002/adma.201400515,https://doi.org/10.1002/adma.201400515,,7653,Cu1.98S,unknown,p,15,6,1,1,0.439224346498371,1.521432966602155,1.082208620103784,0.4320956417580652,4.303186106519986,3.8710904647619206,0.5386682908409537,0.979839600393538,0.4411713095525842,0.4755604540775953,1.2506716109375895,0.7751111568599942,1.362581,0.5571696810831649,2.3911354386584924,1.062409738958936,unknown,no,no,ML_moderately_worse,primary DOI test sample aggregate,p,existing_step6_or_step15,high,unknown,auto_step9,unknown,unknown,auto_step9,unknown,unknown,,no,unknown,unknown,no,unknown,yes,yes,yes,yes,False,unknown,False,False,medium,0.439224346498371,0.7026420487232127,p,existing_step6_or_step15,high,unknown,auto_step9,unknown,unknown,auto_step9,unknown,unknown,,no,unknown,unknown,no,not_checked,yes,yes,yes,yes,False,unknown,False,False,-1.9296605973553296,0.9308491991324996,2.860509796487829,2.860509796487829,17.470431031129625,large_over_prediction,not_checked,no,90,A,observed high ZT missed; manual review required; sintering check required later,high observed ZT; high-ZT false negative; important candidate for paper; carried from Step14,True,True,True,True,True,not_evaluable,not_evaluable,missing_additive_or_structure_annotation; possible_sintering_or_microstructure_effect; tau_eff_ML_prediction_error,candidate hypothesis only; no causal mechanism proven,60,B,observed high ZT; missing sintering info for high-ZT/error sample; manual review not checked
10.1002_adma.201400515__sample_7654,10.1002/adma.201400515,https://doi.org/10.1002/adma.201400515,,7654,Cu1.97S,unknown,p,15,5,0,1,0.4761489516156775,0.8330383373825694,0.3568893857668918,0.740617553119639,2.0556151026008616,1.3149975494812227,,,,0.5155755004714541,0.0404086429989286,-0.4751668574725254,1.553548,0.5318182689261721,1.0534731725036417,1.097835203305677,unknown,no,no,not_evaluated,primary DOI test sample aggregate,p,existing_step6_or_step15,high,unknown,auto_step9,unknown,unknown,auto_step9,unknown,unknown,,no,unknown,unknown,no,unknown,yes,yes,yes,yes,False,unknown,False,False,medium,0.4761489516156775,0.669329556631594,p,existing_step6_or_step15,high,unknown,auto_step9,unknown,unknown,auto_step9,unknown,unknown,,no,unknown,unknown,no,not_checked,yes,yes,yes,yes,False,unknown,False,False,-1.1565527503316455,0.9308491991324996,2.0874019494641454,2.0874019494641454,8.063937408564621,large_over_prediction,not_checked,no,90,A,observed high ZT missed; insufficient ZT evaluation rows; manual review required; sintering check required later,high observed ZT; high-ZT false negative; important candidate for paper; carried from Step14,True,True,True,True,True,not_evaluable,not_evaluable,missing_additive_or_structure_annotation; possible_sintering_or_microstructure_effect; tau_eff_ML_prediction_error,candidate hypothesis only; no causal mechanism proven,60,B,observed high ZT; missing sintering info for high-ZT/error sample; manual review not checked
10.1002_adma.201501030__sample_42634,10.1002/adma.201501030,https://doi.org/10.1002/adma.201501030,,42634,Cu2S0.50Te0.50,unknown,p,15,3,0,0,0.2191076099925488,0.6476826372131322,0.4285750272205834,0.0985446723282022,0.6582297509700585,0.5596850786418562,,,,,,,1.827485,,,,unknown,no,no,not_evaluated,primary DOI test sample aggregate,p,,high,unknown,unknown,unknown,unknown,unknown,unknown,unknown,,no,unknown,unknown,no,unknown,,,,,False,unknown,True,True,medium,0.2191076099925489,0.1300043642985617,,,,,,,,,,,,,,,,,,,,,,,,,-0.366646077088482,0.8661781052553225,1.2328241823438044,1.2328241823438044,3.4309053690670037,large_over_prediction,unknown,no,50,B,insufficient ZT evaluation rows; manual review required; sintering check required later,high observed ZT; important candidate for paper,True,True,True,True,True,not_evaluable,not_evaluable,missing_additive_or_structure_annotation; possible_sintering_or_microstructure_effect; tau_eff_ML_prediction_error,candidate hypothesis only; no causal mechanism proven,90,A,observed high ZT; ZT_ML false negative; missing sintering info for high-ZT/error sample; manual review not checked
10.1002_adma.201501030__sample_42635,10.1002/adma.201501030,https://doi.org/10.1002/adma.201501030,,42635,Cu2S0.52Te0.48,unknown,p,15,5,2,4,0.2621252203797352,0.5273632523336813,0.2652380319539461,0.2739748779554088,0.8107649111930086,0.5367900332375999,1.0244498648615812,2.1992071956014447,1.1747573307398635,0.3200758336694149,0.8329980155159701,0.5129221818465551,0.4897661,1.4105977070663895,2.229146007947323,1.9918292200113328,unknown,no,no,ML_much_worse,primary DOI test sample aggregate,p,,high,unknown,unknown,unknown,unknown,unknown,unknown,unknown,,no,unknown,unknown,no,unknown,,,,,False,unknown,True,True,medium,0.2621252203797352,0.3107426545273213,,,,,,,,,,,,,,,,,,,,,,,,,-0.214755703685448,0.8661781052553225,1.0809338089407703,1.0809338089407703,2.9474306034367537,large_over_prediction,unknown,no,100,A,large ZT error vs observed ZT; predicted high ZT false positive; manual review required; sintering check required later,high-ZT false positive; important candidate for paper; high predicted ZT; carried from Step14,True,True,True,True,True,fitting_bad_ML_bad,missing_additive_or_structure_annotation,possible_sintering_or_microstructure_effect; tau_eff_ML_prediction_error,candidate hypothesis only; no causal mechanism proven,140,A,ML much worse than fitting; fitting and ML both poor; ZT_ML false positive; missing additive info and ML bad; missing structure info and ML bad; missing sintering info for high-ZT/error sample; manual review not checked
10.1002_adma.201501970__sample_6417,10.1002/adma.201501970,https://doi.org/10.1002/adma.201501970,,6417,Na2.19Ga2.19Sn3.81,unknown,n,50,13,0,5,0.0764878678562902,1.9709656977379757,1.8944778298816851,0.0797480776584066,6.3526249316352805,6.272876853976874,,,,0.1193068071779009,6.688741082928781,6.56943427575088,,1.218272164774711,8.731302798093187,1.196237494478724,unknown,no,no,not_evaluated,primary DOI test sample aggregate,n,,high,unknown,unknown,unknown,unknown,unknown,unknown,unknown,,no,unknown,unknown,no,unknown,,,,,False,unknown,True,False,medium,0.0764878678562902,0.0636226494599781,,,,,,,,,,,,,,,,,,,,,,,,,-0.5489229550387704,2.1201256065688328,2.669048561607603,2.669048561607603,14.426236985438376,large_over_prediction,unknown,no,30,C,insufficient ZT evaluation rows; sintering check required later,high predicted ZT,True,True,True,True,True,fitting_good_ML_bad,tau_eff_ML_prediction_error,missing_additive_or_structure_annotation,candidate hypothesis only; no causal mechanism proven,35,C,ZT_ML false positive; manual review not checked
10.1002_adma.201705942__sample_31967,10.1002/adma.201705942,https://doi.org/10.1002/adma.201705942,,31967,GeTe,unknown,p,12,10,5,8,0.3917866455198375,1.0220136337961423,0.630226988276305,0.4147566089049869,0.5643650314299651,0.1496084225249782,0.4203431696314176,0.5235614962080226,0.103218326576605,0.4124299660033297,0.5579887160176727,0.145558750014343,0.9395894,1.65776918924827,0.6450269881773836,0.9098048069389234,unknown,no,no,ML_moderately_worse,primary DOI test sample aggregate,p,,high,unknown,unknown,unknown,unknown,unknown,unknown,unknown,,no,unknown,unknown,no,unknown,,,,,False,unknown,True,True,medium,0.3917866455198375,0.6740575770868451,,,,,,,,,,,,,,,,,,,,,,,,,2.015498180267064,1.6451320951512611,-0.3703660851158028,0.3703660851158028,0.6904815093598111,moderate_error,unknown,no,65,B,predicted high ZT false positive; manual review required; sintering check required later,high-ZT false positive; important candidate for paper; high predicted ZT; carried from Step14,True,True,True,True,True,fitting_good_ML_bad,insufficient_material_features,missing_additive_or_structure_annotation,candidate hypothesis only; no causal mechanism proven,10,low,manual review not checked
10.1002_adma.201705942__sample_31968,10.1002/adma.201705942,https://doi.org/10.1002/adma.201705942,,31968,Ge0.95Sb0.05Te,unknown,p,12,9,6,7,0.2531392891991018,0.762426329826682,0.5092870406275802,0.2151453713127802,0.4815327257983511,0.2663873544855709,0.2154636702218206,0.5270606958972813,0.3115970256754606,0.2078567866489953,0.5060819370564547,0.2982251504074593,1.397067,1.815458348744785,0.8844067198439876,1.2992880403154785,unknown,no,no,ML_moderately_worse,primary DOI test sample aggregate,p,,high,unknown,unknown,unknown,unknown,unknown,unknown,unknown,,no,unknown,unknown,no,unknown,,,,,False,unknown,True,True,medium,0.2531392891991018,0.4277305189921242,,,,,,,,,,,,,,,,,,,,,,,,,1.1991905977485715,0.1135456991990303,-1.085644898549541,1.085644898549541,0.337683943773686,large_under_prediction,unknown,no,65,B,manual review required; sintering check required later,high observed ZT; important candidate for paper; high predicted ZT,True,True,True,True,True,not_evaluable,not_evaluable,missing_additive_or_structure_annotation; possible_sintering_or_microstructure_effect; tau_eff_ML_prediction_error,candidate hypothesis only; no causal mechanism proven,90,A,observed high ZT; ZT_ML false negative; missing sintering info for high-ZT/error sample; manual review not checked
10.1002_adma.201705942__sample_31969,10.1002/adma.201705942,https://doi.org/10.1002/adma.201705942,,31969,Ge0.9Sb0.1Te,unknown,p,12,7,5,7,0.132265272783249,0.1611801477131805,0.0289148749299315,0.1311128102645637,0.1572887433826044,0.0261759331180407,0.161440314370442,0.164833511574937,0.0033931972044949,0.1311128102645674,0.1572887433826021,0.0261759331180347,1.725513,1.6180158083914955,1.4756327306193575,1.6864853380328115,unknown,no,no,ML_close_to_fitting,primary DOI test sample aggregate,p,,high,unknown,unknown,unknown,unknown,unknown,unknown,unknown,,no,unknown,unknown,no,unknown,,,,,False,unknown,True,True,medium,0.132265272783249,0.1693871389006228,,,,,,,,,,,,,,,,,,,,,,,,,0.57212811753215,0.1135456991990303,-0.4585824183331196,0.4585824183331196,0.632179176223394,moderate_error,unknown,no,65,B,manual review required; sintering check required later,high observed ZT; important candidate for paper; high predicted ZT,True,True,True,True,True,both_good,material_system_out_of_distribution,missing_additive_or_structure_annotation; possible_sintering_or_microstructure_effect,candidate hypothesis only; no causal mechanism proven,60,B,observed high ZT; missing sintering info for high-ZT/error sample; manual review not checked
10.1002_adma.201705942__sample_31970,10.1002/adma.201705942,https://doi.org/10.1002/adma.201705942,,31970,Ge0.88Sb0.12Te,unknown,p,12,10,9,10,0.5026115081444255,0.7521282891891411,0.2495167810447156,0.5186845544250851,0.9929749445671908,0.4742903901421056,0.4669882605410296,0.9806255302639388,0.5136372697229092,0.5186845544250624,0.9929749445671592,0.4742903901420968,1.53783,0.9552443002942465,1.671541313103898,1.5409190210230352,unknown,no,no,ML_much_worse,primary DOI test sample aggregate,p,existing_step6_or_step15,high,unknown,auto_step9,unknown,unknown,auto_step9,unknown,unknown,,no,unknown,unknown,no,unknown,no,no,yes,yes,False,unknown,True,True,medium,0.5026115081444255,0.6122950672261032,p,existing_step6_or_step15,high,unknown,auto_step9,unknown,unknown,auto_step9,unknown,unknown,,no,unknown,unknown,no,not_checked,no,no,yes,yes,False,unknown,True,True,-0.0795199058102009,0.1135456991990303,0.1930656050092312,0.1930656050092312,1.2129623673161765,good,not_checked,no,90,A,observed high ZT missed; manual review required; sintering check required later,high observed ZT; high-ZT false negative; important candidate for paper; carried from Step14,True,True,True,True,True,both_poor,missing_additive_or_structure_annotation,possible_sintering_or_microstructure_effect,candidate hypothesis only; no causal mechanism proven,120,A,ML much worse than fitting; observed high ZT; missing additive info and ML bad; missing structure info and ML bad; missing sintering info for high-ZT/error sample; manual review not checked
10.1002_adma.201705942__sample_31971,10.1002/adma.201705942,https://doi.org/10.1002/adma.201705942,,31971,Ge0.895Sb0.1In0.005Te,unknown,p,12,10,10,10,0.2514899978271029,0.3060378399031113,0.0545478420760083,0.218991736665062,0.3344546438967161,0.115462907231654,0.1906306932635084,0.2923084866578496,0.1016777933943412,0.218991736665069,0.3344546438967257,0.1154629072316566,1.790029,1.5642273922196772,1.862244012654489,1.8367600511678648,unknown,no,no,ML_moderately_worse,primary DOI test sample aggregate,p,,high,unknown,unknown,unknown,unknown,unknown,unknown,unknown,,no,unknown,unknown,no,unknown,,,,,False,unknown,True,True,medium,0.2514899978271029,0.346466636331953,,,,,,,,,,,,,,,,,,,,,,,,,0.2447723341619491,0.5642394487645755,0.3194671146026264,0.3194671146026264,1.3763941085546123,moderate_error,unknown,no,65,B,manual review required; sintering check required later,high observed ZT; important candidate for paper; high predicted ZT,True,True,True,True,True,both_good,material_system_out_of_distribution,missing_additive_or_structure_annotation; possible_sintering_or_microstructure_effect,candidate hypothesis only; no causal mechanism proven,60,B,observed high ZT; missing sintering info for high-ZT/error sample; manual review not checked
10.1002_adma.201705942__sample_31972,10.1002/adma.201705942,https://doi.org/10.1002/adma.201705942,,31972,Ge0.893Sb0.1In0.007Te,unknown,p,12,11,11,11,0.2453355256813678,0.384285344532041,0.1389498188506731,0.2223246325292813,0.3676393266423338,0.1453146941130524,0.2114355597032625,0.3208021776505976,0.1093666179473351,0.2223246325292689,0.367639326642321,0.1453146941130521,1.989443,1.7335870773932274,2.3302429759677814,2.004517740307434,unknown,no,no,ML_moderately_worse,primary DOI test sample aggregate,p,,high,unknown,unknown,unknown,unknown,unknown,unknown,unknown,,no,unknown,unknown,no,unknown,,,,,False,unknown,True,True,medium,0.2453355256813679,0.3666908982159302,,,,,,,,,,,,,,,,,,,,,,,,,0.123382703454767,0.5642394487645755,0.4408567453098085,0.4408567453098085,1.5540380631543498,moderate_error,unknown,no,65,B,manual review required; sintering check required later,high observed ZT; important candidate for paper; high predicted ZT,True,True,True,True,True,both_good,material_system_out_of_distribution,missing_additive_or_structure_annotation; possible_sintering_or_microstructure_effect,candidate hypothesis only; no causal mechanism proven,60,B,observed high ZT; missing sintering info for high-ZT/error sample; manual review not checked
10.1002_adma.201705942__sample_31973,10.1002/adma.201705942,https://doi.org/10.1002/adma.201705942,,31973,Ge0.89Sb0.1In0.01Te,unknown,p,12,7,6,7,0.4202325275867913,0.5373729786198536,0.1171404510330622,0.3924742281961401,0.5411344958071688,0.1486602676110286,0.3555307913466481,0.5650873546037661,0.2095565632571179,0.3924742281961345,0.5411344958071618,0.1486602676110272,2.276833,1.786887955007842,2.497773949566896,2.3232014023759406,unknown,no,no,ML_moderately_worse,primary DOI test sample aggregate,p,,high,unknown,unknown,unknown,unknown,unknown,unknown,unknown,,no,unknown,unknown,no,unknown,,,,,False,unknown,True,True,medium,0.4202325275867913,0.576360665217837,,,,,,,,,,,,,,,,,,,,,,,,,0.0842381492363008,0.5642394487645755,0.4800012995282747,0.4800012995282747,1.6160765023286376,moderate_error,unknown,no,65,B,manual review required; sintering check required later,high observed ZT; important candidate for paper; high predicted ZT,True,True,True,True,True,not_evaluable,not_evaluable,missing_additive_or_structure_annotation; possible_sintering_or_microstructure_effect,candidate hypothesis only; no causal mechanism proven,60,B,observed high ZT; missing sintering info for high-ZT/error sample; manual review not checked
10.1002_adma.201705942__sample_31974,10.1002/adma.201705942,https://doi.org/10.1002/adma.201705942,,31974,Ge 0.888Sb0.1In0.012Te,unknown,p,12,11,11,11,0.4218587941723565,0.6902714087431505,0.268412614570794,0.4039390844233004,0.825651839107726,0.4217127546844255,0.3148219059003669,0.7758330305062142,0.4610111246058472,0.4039390844232713,0.8256518391076803,0.4217127546844089,2.042229,1.5596266671529255,2.6934070619486987,2.4068645028886566,unknown,no,no,ML_moderately_worse,primary DOI test sample aggregate,p,,high,unknown,unknown,unknown,unknown,unknown,unknown,unknown,,no,unknown,unknown,no,unknown,,,,,False,unknown,True,True,medium,0.4218587941723566,0.5661456793208656,,,,,,,,,,,,,,,,,,,,,,,,,-0.1271979511652124,0.5642394487645755,0.6914373999297879,0.6914373999297879,1.996583360424105,large_over_prediction,unknown,no,65,B,manual review required; sintering check required later,high observed ZT; important candidate for paper; high predicted ZT,True,True,True,True,True,not_evaluable,not_evaluable,missing_additive_or_structure_annotation; possible_sintering_or_microstructure_effect,candidate hypothesis only; no causal mechanism proven,60,B,observed high ZT; missing sintering info for high-ZT/error sample; manual review not checked
10.1002_aenm.201601450__sample_3187,10.1002/aenm.201601450,https://doi.org/10.1002/aenm.201601450,,3187,PbTeNa0.02(SrTe)0.04,unknown,p,13,2,1,2,0.2988930403308747,1.0202547898733398,0.7213617495424651,0.340729353040147,0.4945354086745439,0.1538060556343968,0.1579948296722586,0.5634276358535236,0.405432806181265,0.3407293530401386,0.4945354086745182,0.1538060556343795,1.823886,3.0491196262768496,1.1495399890393785,2.041020150709405,unknown,no,no,ML_moderately_worse,primary DOI test sample aggregate,p,,high,unknown,unknown,unknown,unknown,unknown,unknown,unknown,,no,unknown,unknown,no,unknown,,,,,False,unknown,True,True,medium,0.2988930403308747,0.1461500442760337,,,,,,,,,,,,,,,,,,,,,,,,,0.71308412731828,0.6775637098813112,-0.0355204174369687,0.0355204174369687,0.965103029098572,good,unknown,no,75,B,manual review required; sintering check required later,high observed ZT; important candidate for paper; high predicted ZT,True,True,True,True,True,fitting_good_ML_bad,insufficient_material_features,missing_additive_or_structure_annotation; possible_sintering_or_microstructure_effect,candidate hypothesis only; no causal mechanism proven,60,B,observed high ZT; missing sintering info for high-ZT/error sample; manual review not checked
10.1002_aenm.201601450__sample_3188,10.1002/aenm.201601450,https://doi.org/10.1002/aenm.201601450,,3188,PbTe0.95Se0.05TeNa0.02(SrTe)0.04,unknown,p,13,4,0,0,0.3085311643179142,0.6972690864566055,0.3887379221386912,0.2816639063399442,0.5339026130016753,0.252238706661731,,,,,,,1.088933,,,,unknown,no,no,not_evaluated,primary DOI test sample aggregate,p,,high,unknown,unknown,unknown,unknown,unknown,unknown,unknown,,no,unknown,unknown,no,unknown,,,,,False,unknown,True,True,medium,0.3085311643179142,0.1893186803035854,,,,,,,,,,,,,,,,,,,,,,,,,0.6671064092857756,-0.0526760702168797,-0.7197824795026553,0.7197824795026553,0.4868581460689886,large_under_prediction,unknown,no,50,B,insufficient ZT evaluation rows; manual review required; sintering check required later,high observed ZT; important candidate for paper,True,True,True,True,True,not_evaluable,not_evaluable,missing_additive_or_structure_annotation; possible_sintering_or_microstructure_effect,candidate hypothesis only; no causal mechanism proven,90,A,observed high ZT; ZT_ML false negative; missing sintering info for high-ZT/error sample; manual review not checked
10.1002_aenm.201601450__sample_3189,10.1002/aenm.201601450,https://doi.org/10.1002/aenm.201601450,,3189,PbTe0.85Se0.15TeNa0.02(SrTe)0.04,unknown,p,14,4,0,1,0.3230150717931698,0.6985261852826602,0.3755111134894904,0.3941735002974169,0.3733439525842639,-0.0208295477131529,,,,0.4600332292483896,0.7093403419596925,0.2493071127113029,2.059395,0.0773481319785295,0.0416358613320631,0.1432460961826674,unknown,no,no,not_evaluated,primary DOI test sample aggregate,p,existing_step6_or_step15,high,unknown,auto_step9,unknown,unknown,auto_step9,unknown,unknown,,no,unknown,unknown,no,unknown,yes,yes,yes,yes,False,unknown,True,True,medium,0.3230150717931698,0.1871973440782614,p,existing_step6_or_step15,high,unknown,auto_step9,unknown,unknown,auto_step9,unknown,unknown,,no,unknown,unknown,no,not_checked,yes,yes,yes,yes,False,unknown,True,True,0.6611668981352505,-0.0526760702168797,-0.7138429683521302,0.7138429683521302,0.4897584501240715,large_under_prediction,not_checked,no,100,A,observed high ZT missed; insufficient ZT evaluation rows; manual review required; sintering check required later,high observed ZT; high-ZT false negative; important candidate for paper; carried from Step14,True,True,True,True,True,not_evaluable,not_evaluable,missing_additive_or_structure_annotation; possible_sintering_or_microstructure_effect,candidate hypothesis only; no causal mechanism proven,90,A,observed high ZT; ZT_ML false negative; missing sintering info for high-ZT/error sample; manual review not checked
10.1002_aenm.201601450__sample_3190,10.1002/aenm.201601450,https://doi.org/10.1002/aenm.201601450,,3190,PbTe0.75Se0.25TeNa0.02(SrTe)0.04,unknown,p,14,4,2,2,0.3279903926464361,0.7122090827496532,0.3842186901032171,0.3675887601805662,0.314722686629685,-0.0528660735508811,0.3337156722779,0.2912278147779818,-0.0424878574999182,0.305901994928078,0.3060087469392002,0.0001067520111222,2.064717,3.2112954216055254,1.706568289384662,1.9978826132840823,unknown,no,no,ML_close_to_fitting,primary DOI test sample aggregate,p,,high,unknown,unknown,unknown,unknown,unknown,unknown,unknown,,no,unknown,unknown,no,unknown,,,,,False,unknown,True,True,medium,0.3279903926464361,0.2065343562108708,,,,,,,,,,,,,,,,,,,,,,,,,0.6740022269025995,-0.0526760702168797,-0.7266782971194792,0.7266782971194792,0.4835124101389254,large_under_prediction,unknown,no,75,B,manual review required; sintering check required later,high observed ZT; important candidate for paper; high predicted ZT,True,True,True,True,True,both_good,material_system_out_of_distribution,missing_additive_or_structure_annotation; possible_sintering_or_microstructure_effect,candidate hypothesis only; no causal mechanism proven,60,B,observed high ZT; missing sintering info for high-ZT/error sample; manual review not checked
10.1002_aenm.201601450__sample_3191,10.1002/aenm.201601450,https://doi.org/10.1002/aenm.201601450,,3191,PbTe0.65Se0.35TeNa0.02(SrTe)0.04,unknown,p,14,1,0,0,0.2695620943028233,0.6420167309680596,0.3724546366652362,0.2420385185826245,0.3064493187539403,0.0644108001713157,,,,,,,1.955358,,,,unknown,no,no,not_evaluated,primary DOI test sample aggregate,p,,high,unknown,unknown,unknown,unknown,unknown,unknown,unknown,,no,unknown,unknown,no,unknown,,,,,False,unknown,True,True,medium,0.2695620943028233,0.1678580007217001,,,,,,,,,,,,,,,,,,,,,,,,,0.6244972767147738,-0.0526760702168797,-0.6771733469316535,0.6771733469316535,0.5080510486765335,large_under_prediction,unknown,no,50,B,insufficient ZT evaluation rows; manual review required; sintering check required later,high observed ZT; important candidate for paper,True,True,True,True,True,not_evaluable,not_evaluable,missing_additive_or_structure_annotation; possible_sintering_or_microstructure_effect,candidate hypothesis only; no causal mechanism proven,90,A,observed high ZT; ZT_ML false negative; missing sintering info for high-ZT/error sample; manual review not checked
10.1002_aenm.201601450__sample_3192,10.1002/aenm.201601450,https://doi.org/10.1002/aenm.201601450,,3192,PbTe0.85Se0.15Na0.02,unknown,p,37,7,0,3,0.3085677181925513,1.3412483370961237,1.0326806189035722,0.2828818286097424,0.7508103514891236,0.4679285228793811,,,,0.3482587513427556,0.6954944502147401,0.3472356988719845,1.19941,2.8540751287028825,0.7737368746761728,1.7441660386903015,unknown,no,no,not_evaluated,primary DOI test sample aggregate,p,,high,unknown,unknown,unknown,unknown,unknown,unknown,unknown,,no,unknown,unknown,no,unknown,,,,,False,unknown,True,True,medium,0.3085677181925513,0.4580471608832049,,,,,,,,,,,,,,,,,,,,,,,,,0.9809730530222144,1.0876369506653072,0.1066638976430928,0.1066638976430928,1.1125602575074651,good,unknown,no,75,B,insufficient ZT evaluation rows; manual review required; sintering check required later,high observed ZT; important candidate for paper; high predicted ZT,True,True,True,True,True,fitting_good_ML_bad,insufficient_material_features,missing_additive_or_structure_annotation; possible_sintering_or_microstructure_effect,candidate hypothesis only; no causal mechanism proven,90,A,observed high ZT; ZT_ML false negative; missing sintering info for high-ZT/error sample; manual review not checked
10.1002_aenm.201601450__sample_3193,10.1002/aenm.201601450,https://doi.org/10.1002/aenm.201601450,,3193,PbTeNa0.02(SrTe)0.04,unknown,p,35,8,2,3,0.2426550255113299,0.8784949284109455,0.6358399028996156,0.1973596736881903,0.5441711828328386,0.3468115091446482,0.1902701505683548,0.5934397688458954,0.4031696182775406,0.2140798857555404,0.6097129067697518,0.3956330210142113,1.98222,1.03266208571589,0.4438904921756331,0.8728742511201394,unknown,no,no,ML_moderately_worse,primary DOI test sample aggregate,p,,high,unknown,unknown,unknown,unknown,unknown,unknown,unknown,,no,unknown,unknown,no,unknown,,,,,False,unknown,True,True,medium,0.2426550255113299,0.1132814532999389,,,,,,,,,,,,,,,,,,,,,,,,,0.5819104817979707,0.6775637098813112,0.0956532280833405,0.0956532280833405,1.1003774178394865,good,unknown,no,75,B,manual review required; sintering check required later,high observed ZT; important candidate for paper; high predicted ZT,True,True,True,True,True,not_evaluable,not_evaluable,missing_additive_or_structure_annotation; possible_sintering_or_microstructure_effect,candidate hypothesis only; no causal mechanism proven,90,A,observed high ZT; ZT_ML false negative; missing sintering info for high-ZT/error sample; manual review not checked
10.1002_aenm.201601450__sample_3194,10.1002/aenm.201601450,https://doi.org/10.1002/aenm.201601450,,3194,PbTe0.85Se0.15Na0.02,unknown,p,14,3,1,1,0.4056647372262494,1.0993584035531103,0.6936936663268611,0.2214641791250471,0.6143876216756643,0.3929234425506172,0.2753126691767213,0.7391449553998316,0.4638322862231103,0.2102865503278353,0.7157384593690097,0.5054519090411743,1.712166,0.4333909967632904,0.1560013856756223,0.5487952585120652,unknown,no,no,ML_moderately_worse,primary DOI test sample aggregate,p,existing_step6_or_step15,high,unknown,auto_step9,unknown,unknown,auto_step9,unknown,unknown,,no,unknown,unknown,no,unknown,yes,yes,yes,yes,False,unknown,True,True,medium,0.4056647372262494,0.3804522156968214,p,existing_step6_or_step15,high,unknown,auto_step9,unknown,unknown,auto_step9,unknown,unknown,,no,unknown,unknown,no,not_checked,yes,yes,yes,yes,False,unknown,True,True,0.6974772175587901,1.0876369506653072,0.3901597331065171,0.3901597331065171,1.477216735456454,moderate_error,not_checked,no,100,A,observed high ZT missed; manual review required; sintering check required later,high observed ZT; high-ZT false negative; important candidate for paper; carried from Step14,True,True,True,True,True,not_evaluable,not_evaluable,missing_additive_or_structure_annotation; possible_sintering_or_microstructure_effect,candidate hypothesis only; no causal mechanism proven,90,A,observed high ZT; ZT_ML false negative; missing sintering info for high-ZT/error sample; manual review not checked
10.1002_aenm.201601450__sample_3198,10.1002/aenm.201601450,https://doi.org/10.1002/aenm.201601450,,3198,PbTe0.85Se0.15Na0.02(SrTe)0.04,unknown,p,14,4,1,1,0.3985461343485175,1.0193828859555722,0.6208367516070548,0.2231150862873969,0.6565299350399526,0.4334148487525557,0.271002789576282,0.7147330060717442,0.4437302164954621,0.2361736439388499,0.7011038651984824,0.4649302212596325,2.226909,0.5192136831800847,0.2031757110855217,0.6797535579389168,unknown,no,no,ML_moderately_worse,primary DOI test sample aggregate,p,existing_step6_or_step15,high,unknown,auto_step9,unknown,unknown,auto_step9,unknown,unknown,,no,unknown,unknown,no,unknown,yes,yes,yes,yes,False,unknown,True,True,medium,0.3985461343485175,0.3855332521188034,p,existing_step6_or_step15,high,unknown,auto_step9,unknown,unknown,auto_step9,unknown,unknown,,no,unknown,unknown,no,not_checked,yes,yes,yes,yes,False,unknown,True,True,0.6085660543202019,0.774166658803196,0.165600604482994,0.165600604482994,1.1801016802670248,good,not_checked,no,100,A,observed high ZT missed; manual review required; sintering check required later,high observed ZT; high-ZT false negative; important candidate for paper; carried from Step14,True,True,True,True,True,fitting_good_ML_bad,insufficient_material_features,missing_additive_or_structure_annotation; possible_sintering_or_microstructure_effect,candidate hypothesis only; no causal mechanism proven,90,A,observed high ZT; ZT_ML false negative; missing sintering info for high-ZT/error sample; manual review not checked
10.1002_aenm.201601450__sample_3199,10.1002/aenm.201601450,https://doi.org/10.1002/aenm.201601450,,3199,PbTe0.85Se0.15Na0.02(SrTe)0.05,unknown,p,14,3,2,2,0.4217031956224422,0.9173985312813044,0.4956953356588621,0.341978818556312,0.708655563870801,0.3666767453144889,0.2124807297198556,0.6439822143736178,0.4315014846537621,0.2916867587809582,0.6863883296080595,0.3947015708271013,1.602461,1.169894373713014,0.5179806155971775,1.2886301524916477,unknown,no,no,ML_moderately_worse,primary DOI test sample aggregate,p,,high,unknown,unknown,unknown,unknown,unknown,unknown,unknown,,no,unknown,unknown,no,unknown,,,,,False,unknown,True,True,medium,0.4217031956224422,0.4418195421137929,,,,,,,,,,,,,,,,,,,,,,,,,0.4850526363313853,0.774166658803196,0.2891140224718107,0.2891140224718107,1.335243967666666,moderate_error,unknown,no,75,B,manual review required; sintering check required later,high observed ZT; important candidate for paper; high predicted ZT,True,True,True,True,True,not_evaluable,not_evaluable,missing_additive_or_structure_annotation; possible_sintering_or_microstructure_effect,candidate hypothesis only; no causal mechanism proven,90,A,observed high ZT; ZT_ML false negative; missing sintering info for high-ZT/error sample; manual review not checked
10.1002_anie.201402026__sample_30769,10.1002/anie.201402026,https://doi.org/10.1002/anie.201402026,,30769,Bi0.5Sb1.5Te3,unknown,p,14,11,8,11,0.2061669431903912,0.364665536283117,0.1584985930927258,0.1903401907005323,0.3877516538559835,0.1974114631554511,0.2981252376374451,0.6396525240591727,0.3415272864217276,0.1903401907005339,0.3877516538559807,0.1974114631554467,1.155275,1.0158272906201875,1.372310578889082,1.3619190600177506,unknown,no,no,ML_moderately_worse,primary DOI test sample aggregate,p,,high,unknown,unknown,unknown,unknown,unknown,unknown,unknown,,no,unknown,unknown,no,unknown,,,,,False,unknown,True,True,medium,0.2061669431903912,0.1369594525653684,,,,,,,,,,,,,,,,,,,,,,,,,-0.1406956037934457,6.011428478179339e-05,0.1407557180782274,0.1407557180782274,1.1511434101110207,good,unknown,no,65,B,manual review required; sintering check required later,high observed ZT; important candidate for paper; high predicted ZT,True,True,True,True,True,not_evaluable,not_evaluable,missing_additive_or_structure_annotation; possible_sintering_or_microstructure_effect,candidate hypothesis only; no causal mechanism proven,60,B,observed high ZT; missing sintering info for high-ZT/error sample; manual review not checked
10.1002_anie.201402026__sample_30770,10.1002/anie.201402026,https://doi.org/10.1002/anie.201402026,,30770,Bi0.53Sb1.5Te3,unknown,p,14,9,8,9,0.115049889319284,0.1175448767338275,0.0024949874145434,0.0926506547978915,0.0930900507346568,0.0004393959367652,0.1689347934849703,0.1589633039993679,-0.0099714894856024,0.0926506547978945,0.0930900507346592,0.0004393959367647,1.208062,1.301246768537643,1.270274481985099,1.4949682954858257,unknown,no,no,ML_close_to_fitting,primary DOI test sample aggregate,p,,high,unknown,unknown,unknown,unknown,unknown,unknown,unknown,,no,unknown,unknown,no,unknown,,,,,False,unknown,True,True,medium,0.115049889319284,0.117675794192998,,,,,,,,,,,,,,,,,,,,,,,,,0.1841867771117568,6.011428478179339e-05,-0.184126662826975,0.184126662826975,0.8318304351591848,good,unknown,no,65,B,manual review required; sintering check required later,high observed ZT; important candidate for paper; high predicted ZT,True,True,True,True,True,both_good,material_system_out_of_distribution,missing_additive_or_structure_annotation; possible_sintering_or_microstructure_effect,candidate hypothesis only; no causal mechanism proven,60,B,observed high ZT; missing sintering info for high-ZT/error sample; manual review not checked
10.1002_anie.201402026__sample_30771,10.1002/anie.201402026,https://doi.org/10.1002/anie.201402026,,30771,Bi0.6Sb1.5Te3,unknown,p,14,9,8,8,0.2262039670057266,0.2292473866953875,0.0030434196896608,0.2096405459871425,0.18979690392773,-0.0198436420594124,0.2493468807109556,0.24023419511427,-0.0091126855966855,0.210112415035942,0.1932970461594626,-0.0168153688764793,1.17937,1.3902172676321298,1.3394100835402605,1.7369737886516925,unknown,no,no,ML_close_to_fitting,primary DOI test sample aggregate,p,,high,unknown,unknown,unknown,unknown,unknown,unknown,unknown,,no,unknown,unknown,no,unknown,,,,,False,unknown,True,True,medium,0.2262039670057266,0.3065886095006962,,,,,,,,,,,,,,,,,,,,,,,,,0.1973276858962643,6.011428478179339e-05,-0.1972675716114825,0.1972675716114825,0.8209709354053404,good,unknown,no,65,B,manual review required; sintering check required later,high observed ZT; important candidate for paper; high predicted ZT,True,True,True,True,True,both_good,material_system_out_of_distribution,missing_additive_or_structure_annotation; possible_sintering_or_microstructure_effect,candidate hypothesis only; no causal mechanism proven,60,B,observed high ZT; missing sintering info for high-ZT/error sample; manual review not checked
10.1002_anie.201402026__sample_30772,10.1002/anie.201402026,https://doi.org/10.1002/anie.201402026,,30772,Bi0.67Sb1.5Te3,unknown,p,14,10,8,10,0.3741166214218661,0.3790411914316624,0.0049245700097962,0.4148423885426594,0.466009682005074,0.0511672934624146,0.2406721889134116,0.2418181882829597,0.0011459993695481,0.4148423885426256,0.4660096820050369,0.0511672934624112,0.9396308,1.2823360132263828,1.3628591475512,1.9639378665810543,unknown,no,no,ML_close_to_fitting,primary DOI test sample aggregate,p,,high,unknown,unknown,unknown,unknown,unknown,unknown,unknown,,no,unknown,unknown,no,unknown,,,,,False,unknown,True,True,medium,0.3741166214218661,0.4168907124040898,,,,,,,,,,,,,,,,,,,,,,,,,0.0991955417892196,6.011428478179339e-05,-0.0991354275044378,0.0991354275044378,0.9056200538544996,good,unknown,no,65,B,predicted high ZT false positive; manual review required; sintering check required later,high-ZT false positive; important candidate for paper; high predicted ZT; carried from Step14,True,True,True,True,True,both_good,material_system_out_of_distribution,missing_additive_or_structure_annotation,candidate hypothesis only; no causal mechanism proven,35,C,ZT_ML false positive; manual review not checked
10.1002_ejic.201100282__sample_6265,10.1002/ejic.201100282,https://doi.org/10.1002/ejic.201100282,,6265,YbCd1.85Mn0.15Sb2,unknown,p,8,5,2,4,0.1173038784545121,1.14467474798769,1.0273708695331778,0.1267298030072997,2.244153500380784,2.117423697373484,0.400932186193385,0.8706161722934167,0.4696839861000316,0.0870508651793223,2.051726496809848,1.9646756316305252,1.146987,0.6559240518350802,2.0481523308060887,0.7623862315756752,unknown,no,no,ML_moderately_worse,primary DOI test sample aggregate,p,existing_step6_or_step15,high,unknown,auto_step9,unknown,unknown,auto_step9,unknown,unknown,,no,unknown,unknown,no,unknown,yes,yes,yes,yes,False,unknown,True,True,medium,0.1173038784545121,0.1577771884160193,p,existing_step6_or_step15,high,unknown,auto_step9,unknown,unknown,auto_step9,unknown,unknown,,no,unknown,unknown,no,not_checked,yes,yes,yes,yes,False,unknown,True,True,-0.7651921989538797,-0.526666759518352,0.2385254394355277,0.2385254394355277,1.26937599783452,good,not_checked,no,100,A,observed high ZT missed; manual review required; sintering check required later,high observed ZT; high-ZT false negative; important candidate for paper; carried from Step14,True,True,True,True,True,fitting_good_ML_bad,insufficient_material_features,missing_additive_or_structure_annotation; possible_sintering_or_microstructure_effect,candidate hypothesis only; no causal mechanism proven,60,B,observed high ZT; missing sintering info for high-ZT/error sample; manual review not checked
10.1002_ejic.201100282__sample_6266,10.1002/ejic.201100282,https://doi.org/10.1002/ejic.201100282,,6266,YbCd1.4Mn0.6Sb2,unknown,p,8,7,7,7,0.0945052741343982,2.0991731010854178,2.00466782695102,0.0769751512580274,7.131517596499519,7.054542445241491,0.0610487120909678,7.069188542099807,7.008139830008839,0.0769751512580255,7.131517596498648,7.054542445240623,0.5360778,0.4663289463742433,3.79688387219576,0.5542427225041324,unknown,no,no,ML_much_worse,primary DOI test sample aggregate,p,,high,unknown,unknown,unknown,unknown,unknown,unknown,unknown,,no,unknown,unknown,no,unknown,,,,,False,unknown,True,True,medium,0.0945052741343982,0.1763991812887957,,,,,,,,,,,,,,,,,,,,,,,,,-1.7235885399474986,-0.526666759518352,1.1969217804291468,1.1969217804291468,3.3099125874972213,large_over_prediction,unknown,no,0,low,no major issue,,True,True,True,True,True,fitting_good_ML_bad,tau_eff_ML_prediction_error,missing_additive_or_structure_annotation; possible_sintering_or_microstructure_effect,candidate hypothesis only; no causal mechanism proven,115,A,ML much worse than fitting; ZT_ML false positive; missing additive info and ML bad; missing structure info and ML bad; missing sintering info for high-ZT/error sample; manual review not checked
10.1002_ejic.201100282__sample_6268,10.1002/ejic.201100282,https://doi.org/10.1002/ejic.201100282,,6268,YbCd1.95Mn0.05Sb2,unknown,p,8,6,2,5,0.0990502578772534,0.55307857206579,0.4540283141885365,0.0926251077529962,0.7598572842333516,0.6672321764803555,0.1149774575505257,0.8062134967560138,0.691236039205488,0.1063434919116419,0.7589222266705867,0.6525787347589448,0.6170125,0.6843826538286085,1.1792737772589048,0.7488185528275166,unknown,no,no,ML_much_worse,primary DOI test sample aggregate,p,,high,unknown,unknown,unknown,unknown,unknown,unknown,unknown,,no,unknown,unknown,no,unknown,,,,,False,unknown,True,True,medium,0.0990502578772534,0.0959501953254122,,,,,,,,,,,,,,,,,,,,,,,,,-0.1706807312613529,-0.526666759518352,-0.355986028256999,0.355986028256999,0.7004824071270513,moderate_error,unknown,no,10,low,no major issue,,True,True,True,True,True,both_poor,missing_additive_or_structure_annotation,possible_sintering_or_microstructure_effect,candidate hypothesis only; no causal mechanism proven,115,A,ML much worse than fitting; ZT_ML false positive; missing additive info and ML bad; missing structure info and ML bad; missing sintering info for high-ZT/error sample; manual review not checked
10.1002_ejic.201100282__sample_6269,10.1002/ejic.201100282,https://doi.org/10.1002/ejic.201100282,,6269,YbCd1.8Mn0.2Sb2,unknown,p,8,5,2,3,0.0986658848182629,1.2810300103016854,1.1823641254834223,0.099621606542403,2.625929536041702,2.526307929499299,0.0573052095204592,2.589512501539468,2.5322072920190086,0.0565861015972858,2.4308639070306666,2.3742778054333806,0.955884,0.9018639413887348,3.2346899699360145,0.991572960589638,unknown,no,no,ML_much_worse,primary DOI test sample aggregate,p,,high,unknown,unknown,unknown,unknown,unknown,unknown,unknown,,no,unknown,unknown,no,unknown,,,,,False,unknown,True,True,medium,0.0986658848182629,0.1132475941914122,,,,,,,,,,,,,,,,,,,,,,,,,-0.9037685413873786,-0.526666759518352,0.3771017818690266,0.3771017818690266,1.4580527051485674,moderate_error,unknown,no,10,low,no major issue,,True,True,True,True,True,fitting_good_ML_bad,insufficient_material_features,missing_additive_or_structure_annotation; possible_sintering_or_microstructure_effect,candidate hypothesis only; no causal mechanism proven,115,A,ML much worse than fitting; ZT_ML false positive; missing additive info and ML bad; missing structure info and ML bad; missing sintering info for high-ZT/error sample; manual review not checked
10.1002_ejic.201100282__sample_6270,10.1002/ejic.201100282,https://doi.org/10.1002/ejic.201100282,,6270,YbCd1.2Mn0.8Sb2,unknown,p,8,6,5,5,0.0937362665944528,2.6455079118633837,2.5517716452689303,0.0775627964776328,12.929109852883942,12.851547056406307,0.059490497399314,13.326333924333689,13.266843426934372,0.0925332036268056,12.893862718685318,12.801329515058512,0.1265396,0.1155570006362038,1.6255649041670983,0.1398968548750358,unknown,no,no,ML_much_worse,primary DOI test sample aggregate,p,,high,unknown,unknown,unknown,unknown,unknown,unknown,unknown,,no,unknown,unknown,no,unknown,,,,,False,unknown,True,True,medium,0.0937362665944528,0.2013573115392036,,,,,,,,,,,,,,,,,,,,,,,,,-2.270390590344542,-0.526666759518352,1.7437238308261902,1.7437238308261902,5.71859891710709,large_over_prediction,unknown,no,0,low,no major issue,,True,True,True,True,True,fitting_good_ML_bad,tau_eff_ML_prediction_error,missing_additive_or_structure_annotation; possible_sintering_or_microstructure_effect,candidate hypothesis only; no causal mechanism proven,115,A,ML much worse than fitting; ZT_ML false positive; missing additive info and ML bad; missing structure info and ML bad; missing sintering info for high-ZT/error sample; manual review not checked
10.1002_ejic.201100282__sample_6272,10.1002/ejic.201100282,https://doi.org/10.1002/ejic.201100282,,6272,YbCd1.9Mn0.1Sb2,unknown,p,8,8,2,8,0.1456685701721583,0.8943794640502158,0.7487108938780576,0.1247491898390386,1.4435237021715093,1.3187745123324706,0.2227580401597176,1.838479495246811,1.6157214550870935,0.1247491898389934,1.4435237021714198,1.3187745123324264,0.8866546,0.9592061832190064,2.3181927702001284,1.1505384514808068,unknown,no,no,ML_much_worse,primary DOI test sample aggregate,p,,high,unknown,unknown,unknown,unknown,unknown,unknown,unknown,,no,unknown,unknown,no,unknown,,,,,False,unknown,True,True,medium,0.1456685701721585,0.1961932922901756,,,,,,,,,,,,,,,,,,,,,,,,,-0.5089809757037169,-0.526666759518352,-0.017685783814635,0.017685783814635,0.98246969174165,good,unknown,no,10,low,no major issue,,True,True,True,True,True,fitting_good_ML_bad,insufficient_material_features,missing_additive_or_structure_annotation; possible_sintering_or_microstructure_effect,candidate hypothesis only; no causal mechanism proven,115,A,ML much worse than fitting; ZT_ML false positive; missing additive info and ML bad; missing structure info and ML bad; missing sintering info for high-ZT/error sample; manual review not checked
10.1002_ejic.201100282__sample_6273,10.1002/ejic.201100282,https://doi.org/10.1002/ejic.201100282,,6273,YbCd1.6Mn0.4Sb2,unknown,p,8,5,1,3,0.1271460916306378,1.6389018738887975,1.5117557822581595,0.0684549863285455,3.95777132461703,3.889316338288484,0.1259257512889408,3.478877585652417,3.352951834363476,0.0918029478252951,3.7326494489048248,3.6408465010795297,0.7374636,0.644597942121753,3.30300918827454,0.8196558955222745,unknown,no,no,ML_much_worse,primary DOI test sample aggregate,p,,high,unknown,unknown,unknown,unknown,unknown,unknown,unknown,,no,unknown,unknown,no,unknown,,,,,False,unknown,True,True,medium,0.1271460916306378,0.240232058368497,,,,,,,,,,,,,,,,,,,,,,,,,-1.2605062731803274,-0.526666759518352,0.7338395136619754,0.7338395136619754,2.0830632228905275,large_over_prediction,unknown,no,10,low,no major issue,,True,True,True,True,True,fitting_good_ML_bad,insufficient_material_features,missing_additive_or_structure_annotation; possible_sintering_or_microstructure_effect,candidate hypothesis only; no causal mechanism proven,115,A,ML much worse than fitting; ZT_ML false positive; missing additive info and ML bad; missing structure info and ML bad; missing sintering info for high-ZT/error sample; manual review not checked
10.1002_pssa.201228589__sample_5618,10.1002/pssa.201228589,https://doi.org/10.1002/pssa.201228589,,5618,Bi2.0Se0.3Te2.7,unknown,n,8,8,6,6,0.1483620739451038,0.750769657432008,0.6024075834869042,0.1297612574109491,1.1107637000213724,0.9810024426104232,0.1104345661272021,0.9768107095168695,0.8663761433896675,0.1088822054542708,0.9846432432640944,0.8757610378098235,0.4490934,0.4827795807702814,1.007799695585284,0.4493466851476963,unknown,no,no,ML_much_worse,primary DOI test sample aggregate,n,,high,unknown,unknown,unknown,unknown,unknown,unknown,unknown,,no,unknown,unknown,no,unknown,,,,,False,unknown,True,True,medium,0.1483620739451036,0.2419256298068166,,,,,,,,,,,,,,,,,,,,,,,,,-0.9084005377148006,0.0434032168861993,0.951803754601,0.951803754601,2.5903778538837265,large_over_prediction,unknown,no,0,low,no major issue,,True,True,True,True,True,both_poor,missing_additive_or_structure_annotation,possible_sintering_or_microstructure_effect,candidate hypothesis only; no causal mechanism proven,115,A,ML much worse than fitting; ZT_ML false positive; missing additive info and ML bad; missing structure info and ML bad; missing sintering info for high-ZT/error sample; manual review not checked
10.1002_pssa.202000096__sample_83943,10.1002/pssa.202000096,https://doi.org/10.1002/pssa.202000096,,83943,Ti2FeNiSb1.8Sn0.2,unknown,p,10,9,8,8,0.3043324721387246,1.1936963267912248,0.8893638546525002,0.2110672809875559,2.489241026086005,2.2781737450984494,0.2112654661890801,2.437178649091132,2.225913182902052,0.2281125383576612,2.4993234590761144,2.271210920718453,0.3654,0.3286319534882205,1.042303316704444,0.3606198854182174,unknown,no,no,ML_much_worse,primary DOI test sample aggregate,p,,high,unknown,unknown,unknown,unknown,unknown,unknown,unknown,,no,unknown,unknown,no,unknown,,,,,False,unknown,True,True,medium,0.3043324721387246,0.4619704155762708,,,,,,,,,,,,,,,,,,,,,,,,,-0.4117422242874013,1.817930750208348,2.2296729744957493,2.2296729744957493,9.29682528332553,large_over_prediction,unknown,no,0,low,no major issue,,True,True,True,True,True,fitting_good_ML_bad,tau_eff_ML_prediction_error,missing_additive_or_structure_annotation; possible_sintering_or_microstructure_effect,candidate hypothesis only; no causal mechanism proven,115,A,ML much worse than fitting; ZT_ML false positive; missing additive info and ML bad; missing structure info and ML bad; missing sintering info for high-ZT/error sample; manual review not checked
10.1002_pssa.202000096__sample_83948,10.1002/pssa.202000096,https://doi.org/10.1002/pssa.202000096,,83948,Ti1.8Hf0.2FeNiSb1.7Sn0.3,unknown,p,10,10,6,8,0.2953325818397588,1.089988884391456,0.7946563025516973,0.2281283035144835,1.97982143042258,1.7516931269080966,0.1680110707372641,1.9013114277488403,1.7333003570115764,0.2258067330196017,2.180402921889851,1.9545961888702488,0.489,0.4730137186971681,1.3506489994979312,0.4864258674036449,unknown,no,no,ML_much_worse,primary DOI test sample aggregate,p,,high,unknown,unknown,unknown,unknown,unknown,unknown,unknown,,no,unknown,unknown,no,unknown,,,,,False,unknown,True,True,medium,0.2953325818397588,0.4515166075194857,,,,,,,,,,,,,,,,,,,,,,,,,-0.1779538553125389,1.440601118566902,1.618554973879441,1.618554973879441,5.045793742206823,large_over_prediction,unknown,no,0,low,no major issue,,True,True,True,True,True,fitting_good_ML_bad,tau_eff_ML_prediction_error,missing_additive_or_structure_annotation; possible_sintering_or_microstructure_effect,candidate hypothesis only; no causal mechanism proven,115,A,ML much worse than fitting; ZT_ML false positive; missing additive info and ML bad; missing structure info and ML bad; missing sintering info for high-ZT/error sample; manual review not checked
10.1002_pssa.202000096__sample_83949,10.1002/pssa.202000096,https://doi.org/10.1002/pssa.202000096,,83949,Ti1.6Hf0.4FeNiSb1.7Sn0.3,unknown,p,10,9,8,9,0.3041508637130442,1.05122624055366,0.7470753768406156,0.1790956928259072,1.6529454469259337,1.4738497541000264,0.1832312157743545,1.7184394659238424,1.535208250149488,0.1790956928259242,1.6529454469259504,1.4738497541000262,0.5248,0.5303506119554067,1.450702391976709,0.5215928765948125,unknown,no,no,ML_much_worse,primary DOI test sample aggregate,p,,high,unknown,unknown,unknown,unknown,unknown,unknown,unknown,,no,unknown,unknown,no,unknown,,,,,False,unknown,True,True,medium,0.3041508637130442,0.4608372292715497,,,,,,,,,,,,,,,,,,,,,,,,,-0.135002557254233,1.440601118566902,1.5756036758211351,1.5756036758211351,4.833658700420725,large_over_prediction,unknown,no,0,low,no major issue,,True,True,True,True,True,fitting_good_ML_bad,tau_eff_ML_prediction_error,missing_additive_or_structure_annotation; possible_sintering_or_microstructure_effect,candidate hypothesis only; no causal mechanism proven,115,A,ML much worse than fitting; ZT_ML false positive; missing additive info and ML bad; missing structure info and ML bad; missing sintering info for high-ZT/error sample; manual review not checked
10.1002_pssa.202000096__sample_83950,10.1002/pssa.202000096,https://doi.org/10.1002/pssa.202000096,,83950,Ti1.4Hf0.6FeNiSb1.7Sn0.3,unknown,p,10,8,6,7,0.3118063708879859,1.093492162677462,0.7816857917894762,0.1977431222938687,1.7325030573828075,1.534759935088939,0.2597429391971519,1.691291243408264,1.431548304211112,0.2208293337040946,1.7006765403662674,1.4798472066621728,0.5189,0.4807432577587706,1.3711811109130558,0.5193767317381086,unknown,no,no,ML_much_worse,primary DOI test sample aggregate,p,,high,unknown,unknown,unknown,unknown,unknown,unknown,unknown,,no,unknown,unknown,no,unknown,,,,,False,unknown,True,True,medium,0.3118063708879859,0.464779848796499,,,,,,,,,,,,,,,,,,,,,,,,,-0.17683216290161,1.440601118566902,1.6174332814685122,1.6174332814685122,5.040137086765913,large_over_prediction,unknown,no,0,low,no major issue,,True,True,True,True,True,fitting_good_ML_bad,tau_eff_ML_prediction_error,missing_additive_or_structure_annotation; possible_sintering_or_microstructure_effect,candidate hypothesis only; no causal mechanism proven,115,A,ML much worse than fitting; ZT_ML false positive; missing additive info and ML bad; missing structure info and ML bad; missing sintering info for high-ZT/error sample; manual review not checked
10.1002_slct.201901565__sample_27873,10.1002/slct.201901565,https://doi.org/10.1002/slct.201901565,,27873,Bi0.3Sb1.7Te,unknown,p,12,11,2,2,0.1326788924609495,0.1900547290945301,0.0573758366335806,0.1221775329220128,0.1420061661052064,0.0198286331831936,0.1088002011339765,0.1937962330853399,0.0849960319513634,0.1102930648000191,0.1944795969110256,0.0841865321110065,1.050029,1.0644857087539612,0.9290564164193378,1.0318225737449835,unknown,no,no,ML_close_to_fitting,primary DOI test sample aggregate,p,,high,unknown,unknown,unknown,unknown,unknown,unknown,unknown,,no,unknown,unknown,no,unknown,,,,,False,unknown,True,True,medium,0.1326788924609495,0.2264130029472824,,,,,,,,,,,,,,,,,,,,,,,,,0.2961745180304453,6.011428478179339e-05,-0.2961144037456635,0.2961144037456635,0.7437023408196766,moderate_error,unknown,no,75,B,manual review required; sintering check required later,high observed ZT; important candidate for paper; high predicted ZT,True,True,True,True,True,both_good,material_system_out_of_distribution,missing_additive_or_structure_annotation; possible_sintering_or_microstructure_effect,candidate hypothesis only; no causal mechanism proven,90,A,observed high ZT; ZT_ML false negative; missing sintering info for high-ZT/error sample; manual review not checked
10.1002_slct.201901565__sample_27874,10.1002/slct.201901565,https://doi.org/10.1002/slct.201901565,,27874,Cu0.0008Bi0.3Sb1.6992Te,unknown,p,12,12,2,2,0.1666921428272266,0.4048736634743474,0.2381815206471207,0.1476987667645844,0.298956462571596,0.1512576958070116,0.0967022610412779,0.3498477322343397,0.2531454711930617,0.0881810231551158,0.3530797951210112,0.2648987719658953,1.170803,1.1915624974580077,0.8239040387362554,1.1654880902083715,unknown,no,no,ML_moderately_worse,primary DOI test sample aggregate,p,,high,unknown,unknown,unknown,unknown,unknown,unknown,unknown,,no,unknown,unknown,no,unknown,,,,,False,unknown,True,True,medium,0.1666921428272266,0.2824941961751563,,,,,,,,,,,,,,,,,,,,,,,,,0.5085201481225735,0.6206512798537652,0.1121311317311917,0.1121311317311917,1.1186595427899533,good,unknown,no,75,B,manual review required; sintering check required later,high observed ZT; important candidate for paper; high predicted ZT,True,True,True,True,True,both_good,material_system_out_of_distribution,missing_additive_or_structure_annotation; possible_sintering_or_microstructure_effect,candidate hypothesis only; no causal mechanism proven,90,A,observed high ZT; ZT_ML false negative; missing sintering info for high-ZT/error sample; manual review not checked
10.1002_slct.201901565__sample_27875,10.1002/slct.201901565,https://doi.org/10.1002/slct.201901565,,27875,Cu0.001Bi0.3Sb1.699Te,unknown,p,12,12,9,9,0.1725067982474374,0.4445845242933223,0.2720777260458848,0.152695930188274,0.3263281759173956,0.1736322457291216,0.1379080550907249,0.2778690846350642,0.1399610295443393,0.1371920882955264,0.2789635415104261,0.1417714532148997,1.281702,1.274020822784709,0.8457138432067997,1.2863181689430887,unknown,no,no,ML_moderately_worse,primary DOI test sample aggregate,p,,high,unknown,unknown,unknown,unknown,unknown,unknown,unknown,,no,unknown,unknown,no,unknown,,,,,False,unknown,True,True,medium,0.1725067982474374,0.2922840858761133,,,,,,,,,,,,,,,,,,,,,,,,,0.5493055903135389,0.6206512798537652,0.0713456895402263,0.0713456895402263,1.0739524158232694,good,unknown,no,65,B,manual review required; sintering check required later,high observed ZT; important candidate for paper; high predicted ZT,True,True,True,True,True,both_good,material_system_out_of_distribution,missing_additive_or_structure_annotation; possible_sintering_or_microstructure_effect,candidate hypothesis only; no causal mechanism proven,90,A,observed high ZT; ZT_ML false negative; missing sintering info for high-ZT/error sample; manual review not checked
10.1002_slct.201901565__sample_27876,10.1002/slct.201901565,https://doi.org/10.1002/slct.201901565,,27876,Cu0.0025Bi0.3Sb1.6975Te,unknown,p,12,12,2,2,0.1739536826183059,0.6113058831115044,0.4373522004931984,0.1517434276355346,0.4350148232149433,0.2832713955794086,0.2384279259694596,0.4094975378904912,0.1710696119210316,0.2361275133395732,0.4117116097679131,0.1755840964283398,1.221653,1.219344575643261,0.6786024655334265,1.051866554016497,unknown,no,no,ML_moderately_worse,primary DOI test sample aggregate,p,,high,unknown,unknown,unknown,unknown,unknown,unknown,unknown,,no,unknown,unknown,no,unknown,,,,,False,unknown,True,True,medium,0.1739536826183059,0.3110111321118313,,,,,,,,,,,,,,,,,,,,,,,,,0.7255867401657778,0.6206512798537652,-0.1049354603120126,0.1049354603120126,0.900382631125174,good,unknown,no,75,B,manual review required; sintering check required later,high observed ZT; important candidate for paper; high predicted ZT,True,True,True,True,True,both_good,material_system_out_of_distribution,missing_additive_or_structure_annotation; possible_sintering_or_microstructure_effect,candidate hypothesis only; no causal mechanism proven,90,A,observed high ZT; ZT_ML false negative; missing sintering info for high-ZT/error sample; manual review not checked
10.1002_slct.201901565__sample_27877,10.1002/slct.201901565,https://doi.org/10.1002/slct.201901565,,27877,Cu0.005Bi0.3Sb1.695Te,unknown,p,12,12,2,2,0.1617561037582632,0.5480308057370322,0.386274701978769,0.1415959185267851,0.3998148502505244,0.2582189317237392,0.1234973780571981,0.4807815814250803,0.3572842033678822,0.1294922031906217,0.4843327671802468,0.3548405639896251,1.205655,1.0879046917412438,0.644447762579523,1.1879664028763652,unknown,no,no,ML_moderately_worse,primary DOI test sample aggregate,p,,high,unknown,unknown,unknown,unknown,unknown,unknown,unknown,,no,unknown,unknown,no,unknown,,,,,False,unknown,True,True,medium,0.1617561037582632,0.2907543453972423,,,,,,,,,,,,,,,,,,,,,,,,,0.6631685215483617,0.6206512798537652,-0.0425172416945964,0.0425172416945964,0.958373941387689,good,unknown,no,75,B,manual review required; sintering check required later,high observed ZT; important candidate for paper; high predicted ZT,True,True,True,True,True,both_good,material_system_out_of_distribution,missing_additive_or_structure_annotation; possible_sintering_or_microstructure_effect,candidate hypothesis only; no causal mechanism proven,90,A,observed high ZT; ZT_ML false negative; missing sintering info for high-ZT/error sample; manual review not checked
10.1002_slct.201901565__sample_27878,10.1002/slct.201901565,https://doi.org/10.1002/slct.201901565,,27878,Cu0.0075Bi0.3Sb1.6925Te,unknown,p,12,12,5,5,0.1893052483079088,0.8420664961814799,0.652761247873571,0.1650043189151422,0.5517948595949812,0.386790540679839,0.1570259828094029,0.5727908493437626,0.4157648665343597,0.1562724423936133,0.5724776052889899,0.4162051628953767,0.929079,1.0757332814297638,0.4735445976796941,0.8984096457043951,unknown,no,no,ML_moderately_worse,primary DOI test sample aggregate,p,,high,unknown,unknown,unknown,unknown,unknown,unknown,unknown,,no,unknown,unknown,no,unknown,,,,,False,unknown,True,True,medium,0.1893052483079088,0.3498588877278578,,,,,,,,,,,,,,,,,,,,,,,,,0.9600652002934486,0.6206512798537652,-0.3394139204396833,0.3394139204396833,0.712187599067033,moderate_error,unknown,no,65,B,predicted high ZT false positive; manual review required; sintering check required later,high-ZT false positive; important candidate for paper; high predicted ZT; carried from Step14,True,True,True,True,True,not_evaluable,not_evaluable,missing_additive_or_structure_annotation,candidate hypothesis only; no causal mechanism proven,10,low,manual review not checked
10.1002_smll.202101328__sample_44605,10.1002/smll.202101328,https://doi.org/10.1002/smll.202101328,,44605,Bi1.997W0.003Te2.482Cl0.018Se0.5,unknown,n,12,10,7,8,0.0964896308079016,0.3364590196598416,0.23996938885194,0.0573773946347231,0.2490562622789938,0.1916788676442707,0.080880867770479,0.2184183708079965,0.1375375030375175,0.0614963035060508,0.2350277793793379,0.1735314758732871,1.169615,1.2834097539822382,0.9297810302980012,1.1741931155887424,unknown,no,no,ML_moderately_worse,primary DOI test sample aggregate,n,,high,unknown,unknown,unknown,unknown,unknown,unknown,unknown,,no,unknown,unknown,no,unknown,,,,,False,unknown,True,True,medium,0.0964896308079016,0.0359369658059371,,,,,,,,,,,,,,,,,,,,,,,,,0.2933281210033208,0.1791439398917235,-0.1141841811115972,0.1141841811115972,0.8920936339532247,good,unknown,no,65,B,manual review required; sintering check required later,high observed ZT; important candidate for paper; high predicted ZT,True,True,True,True,True,both_good,material_system_out_of_distribution,missing_additive_or_structure_annotation; possible_sintering_or_microstructure_effect,candidate hypothesis only; no causal mechanism proven,90,A,observed high ZT; ZT_ML false negative; missing sintering info for high-ZT/error sample; manual review not checked
10.1002_smll.202101328__sample_44606,10.1002/smll.202101328,https://doi.org/10.1002/smll.202101328,,44606,Bi1.996W0.004Te2.476Cl0.024Se0.5,unknown,n,12,5,1,1,0.1465952969310259,0.4049003494140868,0.2583050524830609,0.1193315352105616,0.3144429976143276,0.195111462403766,0.1032660595455989,0.3851807814100466,0.2819147218644476,0.1245015404304785,0.3997402635206576,0.2752387230901791,1.353907,1.0850740732340984,0.7439490842511827,1.2393786206861224,unknown,no,no,ML_moderately_worse,primary DOI test sample aggregate,n,,high,unknown,unknown,unknown,unknown,unknown,unknown,unknown,,no,unknown,unknown,no,unknown,,,,,False,unknown,True,True,medium,0.1465952969310258,0.1713350120295378,,,,,,,,,,,,,,,,,,,,,,,,,0.3484324792978333,0.1791439398917235,-0.1692885394061097,0.1692885394061097,0.8442652644400057,good,unknown,no,75,B,manual review required; sintering check required later,high observed ZT; important candidate for paper; high predicted ZT,True,True,True,True,True,both_good,material_system_out_of_distribution,missing_additive_or_structure_annotation; possible_sintering_or_microstructure_effect,candidate hypothesis only; no causal mechanism proven,90,A,observed high ZT; ZT_ML false negative; missing sintering info for high-ZT/error sample; manual review not checked
10.1002_smll.202101328__sample_44607,10.1002/smll.202101328,https://doi.org/10.1002/smll.202101328,,44607,Bi1.995W0.005Te2.47Cl0.03Se0.5,unknown,n,12,7,5,6,0.1397516820603173,0.5130984759934677,0.3733467939331503,0.1245194930082307,0.4230648523698634,0.2985453593616326,0.1464517323649912,0.4139787019617956,0.2675269695968044,0.1179799241577632,0.4119777707584283,0.293997846600665,1.10741,1.21146854621996,0.7394367561679214,1.1220761999714557,unknown,no,no,ML_moderately_worse,primary DOI test sample aggregate,n,,high,unknown,unknown,unknown,unknown,unknown,unknown,unknown,,no,unknown,unknown,no,unknown,,,,,False,unknown,True,True,medium,0.1397516820603173,0.1534193874700673,,,,,,,,,,,,,,,,,,,,,,,,,0.4647013639116828,0.1791439398917235,-0.2855574240199593,0.2855574240199593,0.7515951803224805,moderate_error,unknown,no,65,B,manual review required; sintering check required later,high observed ZT; important candidate for paper; high predicted ZT,True,True,True,True,True,both_good,material_system_out_of_distribution,missing_additive_or_structure_annotation; possible_sintering_or_microstructure_effect,candidate hypothesis only; no causal mechanism proven,90,A,observed high ZT; ZT_ML false negative; missing sintering info for high-ZT/error sample; manual review not checked
10.1002_smll.202101328__sample_44608,10.1002/smll.202101328,https://doi.org/10.1002/smll.202101328,,44608,Bi1.994W0.006Te2.464Cl0.036Se0.5,unknown,n,12,8,3,6,0.1561026909664156,0.6927353168213571,0.5366326258549415,0.1269597012344636,0.4826898633428812,0.3557301621084175,0.1211847507674298,0.429094714919527,0.3079099641520972,0.101436892616423,0.4454405057954008,0.3440036131789777,0.8962068,1.1369220111164866,0.5789186701178759,0.9375815339474554,unknown,no,no,ML_moderately_worse,primary DOI test sample aggregate,n,,high,unknown,unknown,unknown,unknown,unknown,unknown,unknown,,no,unknown,unknown,no,unknown,,,,,False,unknown,True,True,medium,0.1561026909664156,0.2062944973792361,,,,,,,,,,,,,,,,,,,,,,,,,0.6459194407396627,0.1791439398917235,-0.4667755008479392,0.4667755008479392,0.627020840259638,moderate_error,unknown,no,65,B,predicted high ZT false positive; manual review required; sintering check required later,high-ZT false positive; important candidate for paper; high predicted ZT; carried from Step14,True,True,True,True,True,both_good,material_system_out_of_distribution,missing_additive_or_structure_annotation,candidate hypothesis only; no causal mechanism proven,10,low,manual review not checked
10.1002_zaac.202000224__sample_39311,10.1002/zaac.202000224,https://doi.org/10.1002/zaac.202000224,,39311,Sn12Sb2Te15,unknown,p,19,19,18,19,0.2174005457405132,0.4842372299847565,0.2668366842442433,0.1972654271602197,0.3366069066769027,0.1393414795166829,0.1820833583012856,0.3607127309935323,0.1786293726922466,0.1972654271602131,0.3366069066768857,0.1393414795166726,0.8388772,1.322026117232484,0.857677705122659,0.8452109900519023,unknown,no,no,ML_moderately_worse,primary DOI test sample aggregate,p,,high,unknown,unknown,unknown,unknown,unknown,unknown,unknown,,no,unknown,unknown,no,unknown,,,,,False,unknown,True,True,medium,0.2174005457405132,0.4415603622717833,,,,,,,,,,,,,,,,,,,,,,,,,1.034169858410169,1.3774881605725289,0.3433183021623598,0.3433183021623598,1.4096173747839356,moderate_error,unknown,no,65,B,predicted high ZT false positive; manual review required; sintering check required later,high-ZT false positive; important candidate for paper; high predicted ZT; carried from Step14,True,True,True,True,True,both_good,material_system_out_of_distribution,missing_additive_or_structure_annotation,candidate hypothesis only; no causal mechanism proven,10,low,manual review not checked
10.1007_s10853-016-9980-x__sample_2539,10.1007/s10853-016-9980-x,https://doi.org/10.1007/s10853-016-9980-x,,2539,Pb0.99Ca0.01Te,unknown,p,21,5,1,1,0.3808203902019881,2.673525715176445,2.292705324974457,0.390197554250333,17.954947053664533,17.5647494994142,0.7499931185086521,2.525413104530513,1.775419986021861,0.4247557251585768,19.090856996681307,18.66610127152273,1.036861,0.1058466134500231,1.492571068047985,0.074291060271572,unknown,no,no,ML_much_worse,primary DOI test sample aggregate,p,existing_step6_or_step15,medium,unknown,auto_step9,unknown,unknown,auto_step9,unknown,unknown,,no,unknown,unknown,no,unknown,yes,yes,yes,yes,False,unknown,True,True,medium,0.3808203902019881,0.4629804191105863,p,existing_step6_or_step15,medium,unknown,auto_step9,unknown,unknown,auto_step9,unknown,unknown,,no,unknown,unknown,no,not_checked,yes,yes,yes,yes,False,unknown,True,True,-2.694708118426198,-0.3981283803569948,2.2965797380692035,2.2965797380692035,9.940126411766988,large_over_prediction,not_checked,no,100,A,observed high ZT missed; manual review required; sintering check required later,high observed ZT; high-ZT false negative; important candidate for paper; carried from Step14,True,True,True,True,True,fitting_good_ML_bad,tau_eff_ML_prediction_error,missing_additive_or_structure_annotation; possible_sintering_or_microstructure_effect,candidate hypothesis only; no causal mechanism proven,120,A,ML much worse than fitting; observed high ZT; missing additive info and ML bad; missing structure info and ML bad; missing sintering info for high-ZT/error sample; manual review not checked
10.1007_s10853-016-9980-x__sample_2541,10.1007/s10853-016-9980-x,https://doi.org/10.1007/s10853-016-9980-x,,2541,Pb0.986Na0.014Te,unknown,p,19,8,1,2,0.4528935008360465,0.6314112052197123,0.1785177043836657,0.2331263122011372,0.4085136749591569,0.1753873627580196,0.4012636038382987,0.0975019611183468,-0.3037616427199519,0.3579851105239781,0.3755702490388637,0.0175851385148856,1.240599,1.351386186365116,0.8703739821868762,1.017988775138781,unknown,no,no,ML_better_than_fitting,primary DOI test sample aggregate,p,,high,unknown,unknown,unknown,unknown,unknown,unknown,unknown,,no,unknown,unknown,no,unknown,,,,,False,unknown,True,True,low,0.4528935008360465,0.842153025820846,,,,,,,,,,,,,,,,,,,,,,,,,0.629151893253257,-0.1153316833383763,-0.7444835765916334,0.7444835765916334,0.4749795271602444,large_under_prediction,unknown,no,75,B,manual review required; sintering check required later,high observed ZT; important candidate for paper; high predicted ZT,True,True,True,True,True,both_good,material_system_out_of_distribution,missing_additive_or_structure_annotation; possible_sintering_or_microstructure_effect,candidate hypothesis only; no causal mechanism proven,90,A,observed high ZT; ZT_ML false negative; missing sintering info for high-ZT/error sample; manual review not checked
10.1007_s10853-016-9980-x__sample_2542,10.1007/s10853-016-9980-x,https://doi.org/10.1007/s10853-016-9980-x,,2542,Pb0.966Ca0.02Na0.014Te,unknown,p,21,7,0,0,0.4436514562263846,0.5223735503637045,0.0787220941373199,0.3212586908354852,0.358116092632584,0.0368574017970988,,,,,,,1.289858,,,,unknown,no,no,not_evaluated,primary DOI test sample aggregate,p,,high,unknown,unknown,unknown,unknown,unknown,unknown,unknown,,no,unknown,unknown,no,unknown,,,,,False,unknown,True,True,medium,0.4436514562263842,0.7686450979851384,,,,,,,,,,,,,,,,,,,,,,,,,0.3102732224536808,-0.1272821337157982,-0.437555356169479,0.437555356169479,0.6456127867878532,moderate_error,unknown,no,50,B,insufficient ZT evaluation rows; manual review required; sintering check required later,high observed ZT; important candidate for paper,True,True,True,True,True,not_evaluable,not_evaluable,missing_additive_or_structure_annotation; possible_sintering_or_microstructure_effect,candidate hypothesis only; no causal mechanism proven,90,A,observed high ZT; ZT_ML false negative; missing sintering info for high-ZT/error sample; manual review not checked
10.1007_s10854-020-03214-z__sample_32405,10.1007/s10854-020-03214-z,https://doi.org/10.1007/s10854-020-03214-z,,32405,PbS,unknown,n,20,20,20,20,0.2022079143663416,0.9611643643752226,0.758956450008881,0.1769978207082516,1.611654393535304,1.4346565728270524,0.2599246459296734,1.906227660646207,1.6463030147165334,0.1769978207082543,1.6116543935351824,1.434656572826928,0.3298653,0.5144914191428638,1.3166323171677567,0.3810406549771475,unknown,no,no,ML_much_worse,primary DOI test sample aggregate,n,,high,unknown,unknown,unknown,unknown,unknown,unknown,unknown,,no,unknown,unknown,no,unknown,,,,,False,unknown,False,True,medium,0.2022079143663416,0.3273342729306956,,,,,,,,,,,,,,,,,,,,,,,,,-2.3199750186520367,-2.2103463494812865,0.1096286691707502,0.1096286691707502,1.1158636389476555,good,unknown,no,0,low,no major issue,,True,True,True,True,True,fitting_good_ML_bad,insufficient_material_features,missing_additive_or_structure_annotation; possible_sintering_or_microstructure_effect,candidate hypothesis only; no causal mechanism proven,115,A,ML much worse than fitting; ZT_ML false positive; missing additive info and ML bad; missing structure info and ML bad; missing sintering info for high-ZT/error sample; manual review not checked
10.1007_s10904-011-9583-6__sample_30338,10.1007/s10904-011-9583-6,https://doi.org/10.1007/s10904-011-9583-6,,30338,Yb0.2Co4Sb12,unknown,n,11,2,1,1,0.1122921432815863,0.2902122458039038,0.1779201025223175,0.0620782452160176,0.2822945039769893,0.2202162587609716,0.0489601339905039,0.2722564166035248,0.2232962826130208,0.0614946630371153,0.2818479420595955,0.2203532790224802,1.155556,0.6622055398549078,0.5067251644677071,0.7055959234050645,unknown,no,no,ML_moderately_worse,primary DOI test sample aggregate,n,existing_step6_or_step15,high,unknown,auto_step9,unknown,unknown,auto_step9,unknown,unknown,,no,unknown,unknown,no,unknown,yes,yes,yes,yes,False,unknown,True,True,medium,0.1122921432815863,0.2401620098184667,n,existing_step6_or_step15,high,unknown,auto_step9,unknown,unknown,auto_step9,unknown,unknown,,no,unknown,unknown,no,not_checked,yes,yes,yes,yes,False,unknown,True,True,0.6191752207057305,0.4332426047448079,-0.1859326159609226,0.1859326159609226,0.8303295440553181,good,not_checked,no,100,A,observed high ZT missed; manual review required; sintering check required later,high observed ZT; high-ZT false negative; important candidate for paper; carried from Step14,True,True,True,True,True,both_good,material_system_out_of_distribution,missing_additive_or_structure_annotation; possible_sintering_or_microstructure_effect,candidate hypothesis only; no causal mechanism proven,90,A,observed high ZT; ZT_ML false negative; missing sintering info for high-ZT/error sample; manual review not checked
10.1007_s11595-009-6912-5__sample_9214,10.1007/s11595-009-6912-5,https://doi.org/10.1007/s11595-009-6912-5,,9214,Mg2Si,unknown,n,20,9,1,6,0.407212591415371,0.8966138720888743,0.4894012806735033,0.3118614023447933,1.3288851479985582,1.017023745653765,2.9861179426384754,7.860701041247822,4.874583098609346,0.3434949193806687,1.3360655109112267,0.992570591530558,0.08781818,0.6949218870568271,1.5447347963202975,0.9123918833241136,unknown,no,no,ML_much_worse,primary DOI test sample aggregate,n,,high,unknown,unknown,unknown,unknown,unknown,unknown,unknown,,no,unknown,unknown,no,unknown,,,,,False,unknown,False,False,medium,0.4072125914153709,0.4783045957890957,,,,,,,,,,,,,,,,,,,,,,,,,-1.3480533140621784,-1.3768894836670535,-0.0288361696048751,0.0288361696048751,0.9715756250471238,good,unknown,no,65,B,large ZT error vs observed ZT; manual review required; sintering check required later,large ZT prediction error; important candidate for paper; carried from Step14,True,True,True,True,True,fitting_bad_ML_bad,missing_additive_or_structure_annotation,possible_sintering_or_microstructure_effect,candidate hypothesis only; no causal mechanism proven,140,A,ML much worse than fitting; fitting and ML both poor; ZT_ML false positive; missing additive info and ML bad; missing structure info and ML bad; missing sintering info for high-ZT/error sample; manual review not checked
10.1007_s11595-009-6912-5__sample_9215,10.1007/s11595-009-6912-5,https://doi.org/10.1007/s11595-009-6912-5,,9215,Mg2Si,unknown,n,20,9,0,3,0.7454820202143658,1.359794423940692,0.6143124037263262,0.9963640716976394,4.200123575658218,3.203759503960578,,,,0.3828050397325424,0.9244919919087672,0.5416869521762249,0.3627273,0.5450739138824141,1.6996094423883523,1.002825407567974,unknown,no,no,not_evaluated,primary DOI test sample aggregate,n,,high,unknown,unknown,unknown,unknown,unknown,unknown,unknown,,no,unknown,unknown,no,unknown,,,,,False,unknown,False,False,low,0.7454820202143658,0.8238755338895547,,,,,,,,,,,,,,,,,,,,,,,,,-1.6864775954642532,-1.3768894836670535,0.3095881117971997,0.3095881117971997,1.3628636510502126,moderate_error,unknown,no,0,low,insufficient ZT evaluation rows,,True,True,True,True,True,not_evaluable,not_evaluable,missing_additive_or_structure_annotation,candidate hypothesis only; no causal mechanism proven,35,C,ZT_ML false positive; manual review not checked
10.1007_s11664-009-0993-y__sample_16740,10.1007/s11664-009-0993-y,https://doi.org/10.1007/s11664-009-0993-y,,16740,(GeTe)80(AgSbTe2)20,unknown,p,22,22,2,2,0.0486092676501064,0.4916864923190758,0.4430772246689693,0.0419354311613468,0.3861995074283862,0.3442640762670393,0.0390369361559937,0.3952434879666391,0.3562065518106453,0.038311277305407,0.3989317812192268,0.3606205039138198,1.395074,1.3417089030011704,0.8225601423502832,1.3170325315921123,unknown,no,no,ML_moderately_worse,primary DOI test sample aggregate,p,,high,unknown,unknown,unknown,unknown,unknown,unknown,unknown,,no,unknown,unknown,no,unknown,,,,,False,unknown,True,True,medium,0.0486092676501064,0.0168400828826234,,,,,,,,,,,,,,,,,,,,,,,,,0.564921853897549,0.1335194910940272,-0.4314023628035218,0.4314023628035218,0.6495974843191843,moderate_error,unknown,no,75,B,manual review required; sintering check required later,high observed ZT; important candidate for paper; high predicted ZT,True,True,True,True,True,both_good,material_system_out_of_distribution,missing_additive_or_structure_annotation; possible_sintering_or_microstructure_effect,candidate hypothesis only; no causal mechanism proven,90,A,observed high ZT; ZT_ML false negative; missing sintering info for high-ZT/error sample; manual review not checked
10.1007_s11664-009-0993-y__sample_16741,10.1007/s11664-009-0993-y,https://doi.org/10.1007/s11664-009-0993-y,,16741,(GeTe)80(Ag1.2Sb0.8Te1.8)20,unknown,p,22,7,2,2,0.0576063727631688,0.5087131715773757,0.4511067988142069,0.0408120310888309,0.402747494156859,0.361935463068028,0.0689617531445542,0.399802525724521,0.3308407725799667,0.0661471551429456,0.400121933702983,0.3339747785600374,1.497537,0.8028335116444748,0.4843008803321378,0.8648608537282515,unknown,no,no,ML_moderately_worse,primary DOI test sample aggregate,p,existing_step6_or_step15,high,unknown,auto_step9,unknown,unknown,auto_step9,unknown,unknown,,no,unknown,unknown,no,unknown,yes,yes,yes,yes,False,unknown,True,True,medium,0.0576063727631689,0.0630053728887289,p,existing_step6_or_step15,high,unknown,auto_step9,unknown,unknown,auto_step9,unknown,unknown,,no,unknown,unknown,no,not_checked,yes,yes,yes,yes,False,unknown,True,True,0.6401141678845792,0.2356757577022246,-0.4044384101823546,0.4044384101823546,0.6673514834403644,moderate_error,not_checked,no,100,A,observed high ZT missed; manual review required; sintering check required later,high observed ZT; high-ZT false negative; important candidate for paper; carried from Step14,True,True,True,True,True,both_good,material_system_out_of_distribution,missing_additive_or_structure_annotation; possible_sintering_or_microstructure_effect,candidate hypothesis only; no causal mechanism proven,90,A,observed high ZT; ZT_ML false negative; missing sintering info for high-ZT/error sample; manual review not checked
10.1007_s11664-009-0993-y__sample_16742,10.1007/s11664-009-0993-y,https://doi.org/10.1007/s11664-009-0993-y,,16742,(GeTe)80(Ag1.4Sb0.6Te1.6)20,unknown,p,17,4,0,0,0.0451337125091126,0.3841337745973814,0.3390000620882687,0.0280960373088504,0.3144866132865209,0.2863905759776703,,,,,,,1.028571,,,,unknown,no,no,not_evaluated,primary DOI test sample aggregate,p,,high,unknown,unknown,unknown,unknown,unknown,unknown,unknown,,no,unknown,unknown,no,unknown,,,,,False,unknown,True,True,medium,0.0451337125091126,0.013832155500085,,,,,,,,,,,,,,,,,,,,,,,,,0.5161462476868962,0.2356757577022246,-0.2804704899846716,0.2804704899846716,0.7554282364121321,moderate_error,unknown,no,50,B,insufficient ZT evaluation rows; manual review required; sintering check required later,high observed ZT; important candidate for paper,True,True,True,True,True,not_evaluable,not_evaluable,missing_additive_or_structure_annotation; possible_sintering_or_microstructure_effect,candidate hypothesis only; no causal mechanism proven,90,A,observed high ZT; ZT_ML false negative; missing sintering info for high-ZT/error sample; manual review not checked
10.1007_s11664-009-0993-y__sample_16743,10.1007/s11664-009-0993-y,https://doi.org/10.1007/s11664-009-0993-y,,16743,(GeTe)80(Ag0.8Sb1.2Te2.2)20,unknown,p,19,19,1,1,0.0905232396563522,0.4916264970582817,0.4011032574019295,0.077010963793269,0.3806428618297877,0.3036318980365186,0.0227207994720398,0.3972203079334039,0.3744995084613641,0.0194537299103965,0.3952051998831522,0.3757514699727556,1.36355,0.8588505524495809,0.5297336434225818,0.8758898775588613,unknown,no,no,ML_moderately_worse,primary DOI test sample aggregate,p,existing_step6_or_step15,high,unknown,auto_step9,unknown,unknown,auto_step9,unknown,unknown,,no,unknown,unknown,no,unknown,yes,yes,yes,yes,False,unknown,True,True,medium,0.0905232396563522,0.1065772634619157,p,existing_step6_or_step15,high,unknown,auto_step9,unknown,unknown,auto_step9,unknown,unknown,,no,unknown,unknown,no,not_checked,yes,yes,yes,yes,False,unknown,True,True,0.6178937832144794,0.2356757577022246,-0.3822180255122548,0.3822180255122548,0.6823462680918683,moderate_error,not_checked,no,100,A,observed high ZT missed; manual review required; sintering check required later,high observed ZT; high-ZT false negative; important candidate for paper; carried from Step14,True,True,True,True,True,both_good,material_system_out_of_distribution,missing_additive_or_structure_annotation; possible_sintering_or_microstructure_effect,candidate hypothesis only; no causal mechanism proven,90,A,observed high ZT; ZT_ML false negative; missing sintering info for high-ZT/error sample; manual review not checked
10.1007_s11664-009-0993-y__sample_16744,10.1007/s11664-009-0993-y,https://doi.org/10.1007/s11664-009-0993-y,,16744,(GeTe)80(Ag0.6Sb1.4Te2.4)20,unknown,p,22,7,0,1,0.0757946609296561,0.3442798820739321,0.268485221144276,0.0631201305456188,0.297175824178939,0.2340556936333201,,,,0.1625582080026404,0.1690702923531163,0.0065120843504758,0.4768473,1.6256412452476958,1.161914814547777,1.398331054787068,unknown,no,no,not_evaluated,primary DOI test sample aggregate,p,,high,unknown,unknown,unknown,unknown,unknown,unknown,unknown,,no,unknown,unknown,no,unknown,,,,,False,unknown,True,True,medium,0.0757946609296561,0.1034157274061234,,,,,,,,,,,,,,,,,,,,,,,,,0.4705061795286144,0.2356757577022246,-0.2348304218263897,0.2348304218263897,0.7907049245572945,good,unknown,no,75,B,predicted high ZT false positive; insufficient ZT evaluation rows; manual review required; sintering check required later,high-ZT false positive; important candidate for paper; high predicted ZT; carried from Step14,True,True,True,True,True,not_evaluable,not_evaluable,missing_additive_or_structure_annotation,candidate hypothesis only; no causal mechanism proven,35,C,ZT_ML false positive; manual review not checked
10.1007_s11664-010-1202-8__sample_20900,10.1007/s11664-010-1202-8,https://doi.org/10.1007/s11664-010-1202-8,,20900,(Ag0.8SbTe1.9)15(GeTe)85,unknown,p,19,1,0,1,0.0935345519218083,0.7696603341618127,0.6761257822400043,0.0175256315603089,0.5260160768169918,0.5084904452566829,,,,0.0175256315602974,0.5260160768169764,0.5084904452566789,1.358394,1.4266571443484182,0.6645656181441174,1.402084724058252,unknown,no,no,not_evaluated,primary DOI test sample aggregate,p,,high,unknown,unknown,unknown,unknown,unknown,unknown,unknown,,no,unknown,unknown,no,unknown,,,,,False,unknown,True,True,medium,0.0935345519218083,0.2015233484837851,,,,,,,,,,,,,,,,,,,,,,,,,0.9716013925928308,-0.0627598169293474,-1.0343612095221784,1.0343612095221784,0.3554533686456361,large_under_prediction,unknown,no,75,B,insufficient ZT evaluation rows; manual review required; sintering check required later,high observed ZT; important candidate for paper; high predicted ZT,True,True,True,True,True,not_evaluable,not_evaluable,missing_additive_or_structure_annotation; possible_sintering_or_microstructure_effect; tau_eff_ML_prediction_error,candidate hypothesis only; no causal mechanism proven,90,A,observed high ZT; ZT_ML false negative; missing sintering info for high-ZT/error sample; manual review not checked
10.1007_s11664-010-1202-8__sample_20901,10.1007/s11664-010-1202-8,https://doi.org/10.1007/s11664-010-1202-8,,20901,(AgSbTe2)15(GeTe)85,unknown,p,19,6,3,6,0.0674858857021596,0.6798317645615977,0.612345878859438,0.0515077472173577,0.4862014406976975,0.4346936934803398,0.0251027180335014,0.501144258374114,0.4760415403406126,0.0515077472173594,0.4862014406976847,0.4346936934803252,1.16473,1.3602491485585997,0.6915595740885979,1.222569433344178,unknown,no,no,ML_moderately_worse,primary DOI test sample aggregate,p,,high,unknown,unknown,unknown,unknown,unknown,unknown,unknown,,no,unknown,unknown,no,unknown,,,,,False,unknown,True,True,medium,0.0674858857021596,0.1196797044953422,,,,,,,,,,,,,,,,,,,,,,,,,0.752117934130699,0.1335194910940272,-0.6185984430366718,0.6185984430366718,0.5386989259727817,large_under_prediction,unknown,no,65,B,manual review required; sintering check required later,high observed ZT; important candidate for paper; high predicted ZT,True,True,True,True,True,not_evaluable,not_evaluable,missing_additive_or_structure_annotation; possible_sintering_or_microstructure_effect,candidate hypothesis only; no causal mechanism proven,90,A,observed high ZT; ZT_ML false negative; missing sintering info for high-ZT/error sample; manual review not checked
10.1007_s11664-010-1202-8__sample_20902,10.1007/s11664-010-1202-8,https://doi.org/10.1007/s11664-010-1202-8,,20902,(Ag1.2SbTe2.1)15(GeTe)85,unknown,p,19,11,2,6,0.0837573402496765,0.6427372900381083,0.5589799497884318,0.0776017862631367,0.4520695089158344,0.3744677226526977,0.0352939852378951,0.4525976211889763,0.4173036359510811,0.0564638128937906,0.464146656962024,0.4076828440682333,1.040092,1.2237144900765111,0.647028025280642,1.0917672952409423,unknown,no,no,ML_moderately_worse,primary DOI test sample aggregate,p,,high,unknown,unknown,unknown,unknown,unknown,unknown,unknown,,no,unknown,unknown,no,unknown,,,,,False,unknown,True,True,medium,0.0837573402496766,0.1711328136170368,,,,,,,,,,,,,,,,,,,,,,,,,0.8449022554788116,-0.0627598169293474,-0.907662072408159,0.907662072408159,0.4034663974608619,large_under_prediction,unknown,no,75,B,manual review required; sintering check required later,high observed ZT; important candidate for paper; high predicted ZT,True,True,True,True,True,both_good,material_system_out_of_distribution,missing_additive_or_structure_annotation; possible_sintering_or_microstructure_effect,candidate hypothesis only; no causal mechanism proven,90,A,observed high ZT; ZT_ML false negative; missing sintering info for high-ZT/error sample; manual review not checked
10.1007_s11664-010-1202-8__sample_20903,10.1007/s11664-010-1202-8,https://doi.org/10.1007/s11664-010-1202-8,,20903,(Ag0.8SbTe1.9)15(GeTe)85,unknown,p,17,9,2,4,0.0809801079367187,0.6119004591207964,0.5309203511840777,0.0831452318491777,0.4284716198520268,0.3453263880028491,0.1023076504321708,0.4253223497782618,0.323014699346091,0.0832861718617783,0.445216415072696,0.3619302432109177,1.337833,1.5469180517245769,0.8434508418469907,1.331950712499168,unknown,no,no,ML_moderately_worse,primary DOI test sample aggregate,p,,high,unknown,unknown,unknown,unknown,unknown,unknown,unknown,,no,unknown,unknown,no,unknown,,,,,False,unknown,True,True,medium,0.0809801079367187,0.1627257747063498,,,,,,,,,,,,,,,,,,,,,,,,,0.8141639439375813,-0.0627598169293474,-0.8769237608669287,0.8769237608669287,0.4160608477168609,large_under_prediction,unknown,no,75,B,manual review required; sintering check required later,high observed ZT; important candidate for paper; high predicted ZT,True,True,True,True,True,both_good,material_system_out_of_distribution,missing_additive_or_structure_annotation; possible_sintering_or_microstructure_effect,candidate hypothesis only; no causal mechanism proven,90,A,observed high ZT; ZT_ML false negative; missing sintering info for high-ZT/error sample; manual review not checked
10.1007_s11664-010-1202-8__sample_20904,10.1007/s11664-010-1202-8,https://doi.org/10.1007/s11664-010-1202-8,,20904,(AgSbTe2)15(GeTe)85,unknown,p,17,8,5,7,0.0546270926915634,0.5432935670659188,0.4886664743743553,0.0540558210727148,0.4175064886650788,0.363450667592364,0.0510553845135495,0.4276032176581059,0.3765478331445563,0.0435920836799832,0.4280900494134346,0.3844979657334514,1.225686,1.5424865301545594,0.8983958245769914,1.5060356364381609,unknown,no,no,ML_moderately_worse,primary DOI test sample aggregate,p,,high,unknown,unknown,unknown,unknown,unknown,unknown,unknown,,no,unknown,unknown,no,unknown,,,,,False,unknown,True,True,medium,0.0546270926915634,0.0597872167678881,,,,,,,,,,,,,,,,,,,,,,,,,0.6161843415480701,0.1335194910940272,-0.4826648504540429,0.4826648504540429,0.617136621775998,moderate_error,unknown,no,65,B,manual review required; sintering check required later,high observed ZT; important candidate for paper; high predicted ZT,True,True,True,True,True,both_good,material_system_out_of_distribution,missing_additive_or_structure_annotation; possible_sintering_or_microstructure_effect,candidate hypothesis only; no causal mechanism proven,90,A,observed high ZT; ZT_ML false negative; missing sintering info for high-ZT/error sample; manual review not checked
10.1007_s11664-010-1202-8__sample_20905,10.1007/s11664-010-1202-8,https://doi.org/10.1007/s11664-010-1202-8,,20905,(Ag1.2SbTe2.1)15(GeTe)85,unknown,p,19,8,4,5,0.0912950146441029,0.4556731943714423,0.3643781797273394,0.0425207849664736,0.3449668700847957,0.3024460851183221,0.0613730430458999,0.3480515840664289,0.286678541020529,0.0476437802367542,0.3466122040554878,0.2989684238187335,1.453293,1.3296060423821687,0.8508229085919452,1.4242297634863,unknown,no,no,ML_moderately_worse,primary DOI test sample aggregate,p,,high,unknown,unknown,unknown,unknown,unknown,unknown,unknown,,no,unknown,unknown,no,unknown,,,,,False,unknown,True,True,medium,0.0912950146441029,0.191745146385672,,,,,,,,,,,,,,,,,,,,,,,,,0.6540796483511405,-0.0627598169293474,-0.7168394652804879,0.7168394652804879,0.4882930870071341,large_under_prediction,unknown,no,65,B,manual review required; sintering check required later,high observed ZT; important candidate for paper; high predicted ZT,True,True,True,True,True,both_good,material_system_out_of_distribution,missing_additive_or_structure_annotation; possible_sintering_or_microstructure_effect,candidate hypothesis only; no causal mechanism proven,90,A,observed high ZT; ZT_ML false negative; missing sintering info for high-ZT/error sample; manual review not checked
10.1007_s11664-010-1424-9__sample_8005,10.1007/s11664-010-1424-9,https://doi.org/10.1007/s11664-010-1424-9,,8005,Bi2Te2.85Se0.15,unknown,n,12,12,0,5,0.0847964814028985,0.1434159712227728,0.0586194898198742,0.0614516745736519,0.1410258490138341,0.0795741744401821,,,,0.0679533948143881,0.1008088648083283,0.0328554699939401,,1.0337386260587014,1.1604918938557942,1.163129542087705,unknown,no,no,not_evaluated,primary DOI test sample aggregate,n,,high,unknown,unknown,unknown,unknown,unknown,unknown,unknown,,no,unknown,unknown,no,unknown,,,,,False,unknown,True,True,medium,0.0847964814028986,0.0342456441071612,,,,,,,,,,,,,,,,,,,,,,,,,-0.2880980154768957,0.0434032168861993,0.331501232363095,0.331501232363095,1.3930578630303754,moderate_error,unknown,no,35,C,insufficient ZT evaluation rows; sintering check required later,high predicted ZT,True,True,True,True,True,not_evaluable,not_evaluable,missing_additive_or_structure_annotation,candidate hypothesis only; no causal mechanism proven,35,C,ZT_ML false positive; manual review not checked
10.1007_s11664-010-1487-7__sample_8097,10.1007/s11664-010-1487-7,https://doi.org/10.1007/s11664-010-1487-7,,8097,Bi2Te3,unknown,n,7,7,7,7,0.1887730860036457,0.9944594430582988,0.805686357054653,0.1582189581222843,0.6166188290375726,0.4583998709152882,0.1557098155966539,0.6165447362574791,0.4608349206608252,0.1582189581222799,0.6166188290375639,0.4583998709152839,1.043741,0.9617216122391152,0.362254450631699,1.0468256797816773,unknown,no,no,ML_moderately_worse,primary DOI test sample aggregate,n,,high,unknown,unknown,unknown,unknown,unknown,unknown,unknown,,no,unknown,unknown,no,unknown,,,,,False,unknown,True,True,medium,0.1887730860036456,0.3160118327302515,,,,,,,,,,,,,,,,,,,,,,,,,0.724818119163299,-0.3231781403463856,-1.0479962595096846,1.0479962595096846,0.3506396365134046,large_under_prediction,unknown,no,90,A,observed high ZT missed; manual review required; sintering check required later,high observed ZT; high-ZT false negative; important candidate for paper; carried from Step14,True,True,True,True,True,not_evaluable,not_evaluable,missing_additive_or_structure_annotation; possible_sintering_or_microstructure_effect; tau_eff_ML_prediction_error,candidate hypothesis only; no causal mechanism proven,90,A,observed high ZT; ZT_ML false negative; missing sintering info for high-ZT/error sample; manual review not checked
10.1007_s11664-010-1487-7__sample_8098,10.1007/s11664-010-1487-7,https://doi.org/10.1007/s11664-010-1487-7,,8098,Bi2Te3,unknown,n,7,7,7,7,0.1843496685450559,0.9530927834469204,0.7687431149018644,0.1556465713814598,0.6008110945421651,0.4451645231607052,0.1555229420564012,0.6007974910467456,0.4452745489903443,0.1556465713814511,0.6008110945421522,0.445164523160701,1.182393,1.2049102759768449,0.472986213829662,1.1835727738493311,unknown,no,no,ML_moderately_worse,primary DOI test sample aggregate,n,,high,unknown,unknown,unknown,unknown,unknown,unknown,unknown,,no,unknown,unknown,no,unknown,,,,,False,unknown,True,True,medium,0.1843496685450563,0.3032673998780309,,,,,,,,,,,,,,,,,,,,,,,,,0.6835341034998782,-0.3231781403463856,-1.006712243846264,1.006712243846264,0.3654184134054774,large_under_prediction,unknown,no,65,B,manual review required; sintering check required later,high observed ZT; important candidate for paper; high predicted ZT,True,True,True,True,True,not_evaluable,not_evaluable,missing_additive_or_structure_annotation; possible_sintering_or_microstructure_effect; tau_eff_ML_prediction_error,candidate hypothesis only; no causal mechanism proven,90,A,observed high ZT; ZT_ML false negative; missing sintering info for high-ZT/error sample; manual review not checked
10.1007_s11664-010-1487-7__sample_8099,10.1007/s11664-010-1487-7,https://doi.org/10.1007/s11664-010-1487-7,,8099,Bi2Te3,unknown,n,7,7,7,7,0.1539144188659271,0.60275187009621,0.4488374512302828,0.1282420050020989,0.4352103848161629,0.306968379814064,0.1267492446660201,0.4369804800270729,0.3102312353610528,0.1282420050020929,0.4352103848161588,0.306968379814066,1.070151,1.1272022701518791,0.6293733103692933,1.0657762814001857,unknown,no,no,ML_moderately_worse,primary DOI test sample aggregate,n,,high,unknown,unknown,unknown,unknown,unknown,unknown,unknown,,no,unknown,unknown,no,unknown,,,,,False,unknown,True,True,medium,0.1539144188659271,0.2192337123099841,,,,,,,,,,,,,,,,,,,,,,,,,0.3312093576516893,-0.3231781403463856,-0.6543874979980749,0.6543874979980749,0.5197603193467683,large_under_prediction,unknown,no,65,B,manual review required; sintering check required later,high observed ZT; important candidate for paper; high predicted ZT,True,True,True,True,True,both_good,material_system_out_of_distribution,missing_additive_or_structure_annotation; possible_sintering_or_microstructure_effect,candidate hypothesis only; no causal mechanism proven,90,A,observed high ZT; ZT_ML false negative; missing sintering info for high-ZT/error sample; manual review not checked
10.1007_s11664-010-1487-7__sample_8100,10.1007/s11664-010-1487-7,https://doi.org/10.1007/s11664-010-1487-7,,8100,Bi2Te3,unknown,n,7,7,7,7,0.1432825869784399,0.4627857598332265,0.3195031728547866,0.118363459715303,0.3495994169633208,0.2312359572480177,0.1179834619835758,0.3510217459874398,0.2330382840038639,0.1183634597152889,0.3495994169633101,0.2312359572480211,1.087758,1.195230010045857,0.7697360065179341,1.0850147513688115,unknown,no,no,ML_moderately_worse,primary DOI test sample aggregate,n,,high,unknown,unknown,unknown,unknown,unknown,unknown,unknown,,no,unknown,unknown,no,unknown,,,,,False,unknown,True,True,medium,0.1432825869784399,0.1863647540014762,,,,,,,,,,,,,,,,,,,,,,,,,0.1884862774337443,-0.3231781403463856,-0.5116644177801299,0.5116644177801299,0.5994969346051328,large_under_prediction,unknown,no,65,B,manual review required; sintering check required later,high observed ZT; important candidate for paper; high predicted ZT,True,True,True,True,True,both_good,material_system_out_of_distribution,missing_additive_or_structure_annotation; possible_sintering_or_microstructure_effect,candidate hypothesis only; no causal mechanism proven,90,A,observed high ZT; ZT_ML false negative; missing sintering info for high-ZT/error sample; manual review not checked
10.1007_s11664-010-1487-7__sample_8101,10.1007/s11664-010-1487-7,https://doi.org/10.1007/s11664-010-1487-7,,8101,Bi2Te3,unknown,n,7,7,7,7,0.1459104214923867,0.4527074090232018,0.3067969875308151,0.1183750215158351,0.3417412783668941,0.223366256851059,0.1162216753538953,0.3431555024527028,0.2269338270988074,0.1183750215158329,0.3417412783668844,0.2233662568510514,1.126272,1.201217370088658,0.7825375522248997,1.123463568673856,unknown,no,no,ML_moderately_worse,primary DOI test sample aggregate,n,,high,unknown,unknown,unknown,unknown,unknown,unknown,unknown,,no,unknown,unknown,no,unknown,,,,,False,unknown,True,True,medium,0.1459104214923867,0.2207468758772127,,,,,,,,,,,,,,,,,,,,,,,,,0.1769888472386129,-0.3231781403463856,-0.5001669875849986,0.5001669875849986,0.606429385078579,large_under_prediction,unknown,no,65,B,manual review required; sintering check required later,high observed ZT; important candidate for paper; high predicted ZT,True,True,True,True,True,both_good,material_system_out_of_distribution,missing_additive_or_structure_annotation; possible_sintering_or_microstructure_effect,candidate hypothesis only; no causal mechanism proven,90,A,observed high ZT; ZT_ML false negative; missing sintering info for high-ZT/error sample; manual review not checked
10.1007_s11664-011-1841-4__sample_4057,10.1007/s11664-011-1841-4,https://doi.org/10.1007/s11664-011-1841-4,,4057,Co4Sb11Ge0.3Te0.7,unknown,n,21,16,8,13,0.0925249751519598,0.2758415144762727,0.1833165393243129,0.0858155694422439,0.2163687002023133,0.1305531307600694,0.0906038080608077,0.2070147765299687,0.1164109684691609,0.0819841962114261,0.224301803831167,0.1423176076197408,0.9592614,1.1496780561498632,0.8865844331273633,0.9631493099643136,unknown,no,no,ML_moderately_worse,primary DOI test sample aggregate,n,,high,unknown,unknown,unknown,unknown,unknown,unknown,unknown,,no,unknown,unknown,no,unknown,,,,,False,unknown,True,True,medium,0.0925249751519598,0.1439265341653782,,,,,,,,,,,,,,,,,,,,,,,,,0.516452073699801,0.2892636647345635,-0.2271884089652374,0.2271884089652374,0.7967706494138062,good,unknown,no,65,B,predicted high ZT false positive; manual review required; sintering check required later,high-ZT false positive; important candidate for paper; high predicted ZT; carried from Step14,True,True,True,True,True,both_good,material_system_out_of_distribution,missing_additive_or_structure_annotation,candidate hypothesis only; no causal mechanism proven,10,low,manual review not checked
10.1007_s11664-011-1841-4__sample_4058,10.1007/s11664-011-1841-4,https://doi.org/10.1007/s11664-011-1841-4,,4058,Co4Sb11Ge0.25Te0.75,unknown,n,21,15,6,9,0.0966826320548811,0.3479607836148142,0.251278151559933,0.0899094418628101,0.2753446444898485,0.1854352026270384,0.1356255042028525,0.252807964877606,0.1171824606747535,0.100164207348649,0.2785786194839495,0.1784144121353005,0.9363625,1.176539621502798,0.842247353976732,0.9300335539390971,unknown,no,no,ML_moderately_worse,primary DOI test sample aggregate,n,,high,unknown,unknown,unknown,unknown,unknown,unknown,unknown,,no,unknown,unknown,no,unknown,,,,,False,unknown,True,True,medium,0.096682632054881,0.1604465228358794,,,,,,,,,,,,,,,,,,,,,,,,,0.5908503512902985,0.2892636647345635,-0.3015866865557349,0.3015866865557349,0.7396437064101311,moderate_error,unknown,no,65,B,predicted high ZT false positive; manual review required; sintering check required later,high-ZT false positive; important candidate for paper; high predicted ZT; carried from Step14,True,True,True,True,True,both_good,material_system_out_of_distribution,missing_additive_or_structure_annotation,candidate hypothesis only; no causal mechanism proven,10,low,manual review not checked
10.1007_s11664-011-1841-4__sample_4059,10.1007/s11664-011-1841-4,https://doi.org/10.1007/s11664-011-1841-4,,4059,Co4Sb11Ge0.2Te0.8,unknown,n,21,13,9,11,0.0956629093611227,0.4093457260928142,0.3136828167316914,0.0977504131596522,0.31349224075284,0.2157418275931877,0.0952987129225279,0.3176110567282348,0.2223123438057068,0.1017029614114855,0.301509267576541,0.1998063061650554,0.8605829,1.109408495893206,0.7451395737826418,0.8729917871392089,unknown,no,no,ML_moderately_worse,primary DOI test sample aggregate,n,,high,unknown,unknown,unknown,unknown,unknown,unknown,unknown,,no,unknown,unknown,no,unknown,,,,,False,unknown,True,True,medium,0.0956629093611228,0.1647010432177389,,,,,,,,,,,,,,,,,,,,,,,,,0.6546019244212532,0.2892636647345635,-0.3653382596866896,0.3653382596866896,0.6939618718467311,moderate_error,unknown,no,65,B,predicted high ZT false positive; manual review required; sintering check required later,high-ZT false positive; important candidate for paper; high predicted ZT; carried from Step14,True,True,True,True,True,both_good,material_system_out_of_distribution,missing_additive_or_structure_annotation,candidate hypothesis only; no causal mechanism proven,10,low,manual review not checked
10.1007_s11664-011-1841-4__sample_4060,10.1007/s11664-011-1841-4,https://doi.org/10.1007/s11664-011-1841-4,,4060,Co4Sb11Ge0.15Te0.85,unknown,n,21,16,7,9,0.0982512668106243,0.4548320807536085,0.3565808139429842,0.0745401726857265,0.354452098328709,0.2799119256429825,0.1000534806848307,0.3558053795831612,0.2557518988983304,0.0806533821869719,0.3534241022696947,0.2727707200827227,0.7940889,1.0245685152025237,0.6571639196692112,0.7964831266424894,unknown,no,no,ML_moderately_worse,primary DOI test sample aggregate,n,,high,unknown,unknown,unknown,unknown,unknown,unknown,unknown,,no,unknown,unknown,no,unknown,,,,,False,unknown,True,True,medium,0.0982512668106243,0.1700512553909626,,,,,,,,,,,,,,,,,,,,,,,,,0.7006845645104252,0.2892636647345635,-0.4114208997758616,0.4114208997758616,0.6627079392678416,moderate_error,unknown,no,65,B,predicted high ZT false positive; manual review required; sintering check required later,high-ZT false positive; important candidate for paper; high predicted ZT; carried from Step14,True,True,True,True,True,both_good,material_system_out_of_distribution,missing_additive_or_structure_annotation,candidate hypothesis only; no causal mechanism proven,10,low,manual review not checked
10.1007_s11664-011-1841-4__sample_4061,10.1007/s11664-011-1841-4,https://doi.org/10.1007/s11664-011-1841-4,,4061,Co4Sb11Ge0.3Te0.6Se0.1,unknown,n,21,14,4,8,0.0905702011880506,0.2314942962985169,0.1409240951104663,0.0742890590954319,0.2229966606129552,0.1487076015175233,0.0822492912648997,0.2826806737368232,0.2004313824719235,0.0727017235321948,0.2324754108552407,0.1597736873230458,0.9183672,0.9113086298747184,1.1276860222219158,0.8951760694877815,unknown,no,no,ML_moderately_worse,primary DOI test sample aggregate,n,,high,unknown,unknown,unknown,unknown,unknown,unknown,unknown,,no,unknown,unknown,no,unknown,,,,,False,unknown,True,True,medium,0.0905702011880506,0.1097881616435403,,,,,,,,,,,,,,,,,,,,,,,,,-0.0010607858268289,0.2042833027881462,0.2053440886149751,0.2053440886149751,1.227947515038591,good,unknown,no,0,low,no major issue,,True,True,True,True,True,both_good,material_system_out_of_distribution,missing_additive_or_structure_annotation,candidate hypothesis only; no causal mechanism proven,35,C,ZT_ML false positive; manual review not checked
10.1007_s11664-011-1841-4__sample_4063,10.1007/s11664-011-1841-4,https://doi.org/10.1007/s11664-011-1841-4,,4063,Co4Sb11Ge0.2Te0.7Se0.1,unknown,n,21,13,4,11,0.0999652031043691,0.2844414871591998,0.1844762840548306,0.0852301779020976,0.2213606298795795,0.1361304519774818,0.0950238863890282,0.2171269638721778,0.1221030774831495,0.0926892145355179,0.2195557746524893,0.1268665601169713,0.9970189,1.2748385605824524,0.9767963224781252,0.998437003201524,unknown,no,no,ML_moderately_worse,primary DOI test sample aggregate,n,,high,unknown,unknown,unknown,unknown,unknown,unknown,unknown,,no,unknown,unknown,no,unknown,,,,,False,unknown,True,True,medium,0.0999652031043691,0.1690709061075207,,,,,,,,,,,,,,,,,,,,,,,,,0.4782773095851376,0.2042833027881462,-0.2739940067969914,0.2739940067969914,0.760336632099018,moderate_error,unknown,no,65,B,predicted high ZT false positive; manual review required; sintering check required later,high-ZT false positive; important candidate for paper; high predicted ZT; carried from Step14,True,True,True,True,True,both_good,material_system_out_of_distribution,missing_additive_or_structure_annotation,candidate hypothesis only; no causal mechanism proven,10,low,manual review not checked
10.1007_s11664-011-1841-4__sample_4064,10.1007/s11664-011-1841-4,https://doi.org/10.1007/s11664-011-1841-4,,4064,Co4Sb11Ge0.15Te0.75Se0.1,unknown,n,21,16,6,12,0.1001639814757203,0.3661469599259812,0.2659829784502609,0.0633540377833397,0.3043490644987637,0.240995026715424,0.0785196035215157,0.2878426088117669,0.2093230052902511,0.0667835317424357,0.2998338437165089,0.2330503119740731,0.9619,1.157137432938727,0.8136452617610093,0.9567292987956132,unknown,no,no,ML_moderately_worse,primary DOI test sample aggregate,n,,high,unknown,unknown,unknown,unknown,unknown,unknown,unknown,,no,unknown,unknown,no,unknown,,,,,False,unknown,True,True,medium,0.1001639814757202,0.1719056600073901,,,,,,,,,,,,,,,,,,,,,,,,,0.5641606664402363,0.2042833027881462,-0.3598773636520901,0.3598773636520901,0.6977618917943104,moderate_error,unknown,no,65,B,predicted high ZT false positive; manual review required; sintering check required later,high-ZT false positive; important candidate for paper; high predicted ZT; carried from Step14,True,True,True,True,True,both_good,material_system_out_of_distribution,missing_additive_or_structure_annotation,candidate hypothesis only; no causal mechanism proven,10,low,manual review not checked
10.1007_s11664-012-2021-x__sample_4076,10.1007/s11664-012-2021-x,https://doi.org/10.1007/s11664-012-2021-x,,4076,Ba0.4Co4Sb12,unknown,n,21,12,8,10,0.1142855628524772,0.6254209160998048,0.5111353532473275,0.1067950622700958,0.436320223074415,0.3295251608043191,0.0765878789102036,0.443223672308475,0.3666357933982714,0.1097602568538785,0.4320924131848875,0.3223321563310091,0.7640486,1.0590467637000502,0.5726267802899134,0.7782755242110599,unknown,no,no,ML_moderately_worse,primary DOI test sample aggregate,n,,high,unknown,unknown,unknown,unknown,unknown,unknown,unknown,,no,unknown,unknown,no,unknown,,,,,False,unknown,True,True,medium,0.1142855628524772,0.2343327614841949,,,,,,,,,,,,,,,,,,,,,,,,,1.0016508832346809,0.8519330906339899,-0.1497177926006909,0.1497177926006909,0.8609509088617027,good,unknown,no,65,B,predicted high ZT false positive; manual review required; sintering check required later,high-ZT false positive; important candidate for paper; high predicted ZT; carried from Step14,True,True,True,True,True,both_good,material_system_out_of_distribution,missing_additive_or_structure_annotation,candidate hypothesis only; no causal mechanism proven,10,low,manual review not checked
10.1007_s11664-012-2021-x__sample_4077,10.1007/s11664-012-2021-x,https://doi.org/10.1007/s11664-012-2021-x,,4077,Ba0.4In0.1Co4Sb12,unknown,n,21,13,5,9,0.1229777328287193,0.5917691825186547,0.4687914496899354,0.0859275499055594,0.4472234559955383,0.3612959060899789,0.1230103522440576,0.4338615056262034,0.3108511533821457,0.0911127898305776,0.4478683700853155,0.3567555802547378,0.9257195,1.1429778910422137,0.6406878659312913,0.8733329138260795,unknown,no,no,ML_moderately_worse,primary DOI test sample aggregate,n,,high,unknown,unknown,unknown,unknown,unknown,unknown,unknown,,no,unknown,unknown,no,unknown,,,,,False,unknown,True,True,medium,0.1229777328287193,0.2574885885518597,,,,,,,,,,,,,,,,,,,,,,,,,0.9959222719720372,0.7126523701536179,-0.2832699018184192,0.2832699018184192,0.7533164389421148,moderate_error,unknown,no,65,B,predicted high ZT false positive; manual review required; sintering check required later,high-ZT false positive; important candidate for paper; high predicted ZT; carried from Step14,True,True,True,True,True,both_good,material_system_out_of_distribution,missing_additive_or_structure_annotation,candidate hypothesis only; no causal mechanism proven,10,low,manual review not checked
10.1007_s11664-012-2021-x__sample_4078,10.1007/s11664-012-2021-x,https://doi.org/10.1007/s11664-012-2021-x,,4078,Ba0.4In0.2Co4Sb12,unknown,n,21,10,4,8,0.1118390083324886,0.4769979948929214,0.3651589865604328,0.0758575261531935,0.4002145498768363,0.3243570237236427,0.0608973983485546,0.4032860918802833,0.3423886935317287,0.0723193340906061,0.3933529757204284,0.3210336416298222,1.115169,1.204517232937346,0.7575826069600302,1.07123448919045,unknown,no,no,ML_moderately_worse,primary DOI test sample aggregate,n,,high,unknown,unknown,unknown,unknown,unknown,unknown,unknown,,no,unknown,unknown,no,unknown,,,,,False,unknown,True,True,medium,0.1118390083324886,0.2305300204051484,,,,,,,,,,,,,,,,,,,,,,,,,0.8807738865337973,0.7126523701536179,-0.1681215163801793,0.1681215163801793,0.8452511165877891,good,unknown,no,65,B,manual review required; sintering check required later,high observed ZT; important candidate for paper; high predicted ZT,True,True,True,True,True,both_good,material_system_out_of_distribution,missing_additive_or_structure_annotation; possible_sintering_or_microstructure_effect,candidate hypothesis only; no causal mechanism proven,90,A,observed high ZT; ZT_ML false negative; missing sintering info for high-ZT/error sample; manual review not checked
10.1007_s11664-012-2021-x__sample_4079,10.1007/s11664-012-2021-x,https://doi.org/10.1007/s11664-012-2021-x,,4079,Ba0.4In0.3Co4Sb12,unknown,n,21,8,1,4,0.1175923254226033,0.5221853160589688,0.4045929906363654,0.0706651977727182,0.4160543444054816,0.3453891466327633,0.1291265216432714,0.4764020519331454,0.347275530289874,0.0958415974782297,0.4206527600957771,0.3248111626175473,1.160124,1.1379145935865216,0.6841519016074287,1.0170121861728905,unknown,no,no,ML_moderately_worse,primary DOI test sample aggregate,n,,high,unknown,unknown,unknown,unknown,unknown,unknown,unknown,,no,unknown,unknown,no,unknown,,,,,False,unknown,True,True,medium,0.1175923254226033,0.2448266580773759,,,,,,,,,,,,,,,,,,,,,,,,,0.925844931939264,0.7126523701536179,-0.213192561785646,0.213192561785646,0.8080005322098949,good,unknown,no,75,B,manual review required; sintering check required later,high observed ZT; important candidate for paper; high predicted ZT,True,True,True,True,True,both_good,material_system_out_of_distribution,missing_additive_or_structure_annotation; possible_sintering_or_microstructure_effect,candidate hypothesis only; no causal mechanism proven,90,A,observed high ZT; ZT_ML false negative; missing sintering info for high-ZT/error sample; manual review not checked
10.1007_s11664-012-2021-x__sample_4080,10.1007/s11664-012-2021-x,https://doi.org/10.1007/s11664-012-2021-x,,4080,Ba0.4In0.4Co4Sb12,unknown,n,21,8,3,6,0.1122837468162914,0.7129781668314997,0.6006944200152082,0.1351958565555912,0.4736850587931406,0.3384892022375493,0.1045307271125111,0.5211380737120496,0.4166073465995384,0.109156032440717,0.4982669572107525,0.3891109247700354,1.173924,1.444310436058548,0.7143022253681484,1.197167768813738,unknown,no,no,ML_moderately_worse,primary DOI test sample aggregate,n,,high,unknown,unknown,unknown,unknown,unknown,unknown,unknown,,no,unknown,unknown,no,unknown,,,,,False,unknown,True,True,medium,0.1122837468162914,0.226011573499956,,,,,,,,,,,,,,,,,,,,,,,,,1.1211534631400792,0.7126523701536179,-0.4085010929864613,0.4085010929864613,0.6646457460422995,moderate_error,unknown,no,65,B,manual review required; sintering check required later,high observed ZT; important candidate for paper; high predicted ZT,True,True,True,True,True,not_evaluable,not_evaluable,missing_additive_or_structure_annotation; possible_sintering_or_microstructure_effect,candidate hypothesis only; no causal mechanism proven,90,A,observed high ZT; ZT_ML false negative; missing sintering info for high-ZT/error sample; manual review not checked
10.1007_s11664-012-2403-0__sample_8588,10.1007/s11664-012-2403-0,https://doi.org/10.1007/s11664-012-2403-0,,8588,Mg2Si,unknown,n,10,4,0,3,0.3146851549176366,0.8622817578764373,0.5475966029588007,0.4514658611427755,0.4454473992412886,-0.0060184619014868,,,,0.3617407069547784,0.5175848379639802,0.1558441310092018,,1.2867438643445368,0.5765491987274497,0.7762720290180968,unknown,no,no,not_evaluated,primary DOI test sample aggregate,n,,high,unknown,unknown,unknown,unknown,unknown,unknown,unknown,,no,unknown,unknown,no,unknown,,,,,False,unknown,False,False,medium,0.3146851549176366,0.655306020886702,,,,,,,,,,,,,,,,,,,,,,,,,0.2535642548854021,-1.3768894836670535,-1.6304537385524556,1.6304537385524556,0.1958406934913721,large_under_prediction,unknown,no,25,C,insufficient ZT evaluation rows; sintering check required later,high predicted ZT,True,True,True,True,True,not_evaluable,not_evaluable,missing_additive_or_structure_annotation; tau_eff_ML_prediction_error,candidate hypothesis only; no causal mechanism proven,10,low,manual review not checked
10.1007_s11664-012-2403-0__sample_8589,10.1007/s11664-012-2403-0,https://doi.org/10.1007/s11664-012-2403-0,,8589,Mg2Si,unknown,n,10,4,0,3,0.3588829554341215,1.3699944141412623,1.0111114587071408,0.4981863036584801,0.6006421664650528,0.1024558628065726,,,,0.4571978922637528,0.611568072765651,0.1543701805018981,,1.8543878781100287,0.4943072325031326,1.0640062170171312,unknown,no,no,not_evaluated,primary DOI test sample aggregate,n,,high,unknown,unknown,unknown,unknown,unknown,unknown,unknown,,no,unknown,unknown,no,unknown,,,,,False,unknown,False,False,medium,0.3588829554341215,0.6501642496636777,,,,,,,,,,,,,,,,,,,,,,,,,0.7729074448676931,-1.3768894836670535,-2.1497969285347467,2.1497969285347467,0.1165078147840454,large_under_prediction,unknown,no,25,C,insufficient ZT evaluation rows; sintering check required later,high predicted ZT,True,True,True,True,True,fitting_good_ML_bad,tau_eff_ML_prediction_error,missing_additive_or_structure_annotation,candidate hypothesis only; no causal mechanism proven,10,low,manual review not checked
10.1007_s11664-012-2403-0__sample_8591,10.1007/s11664-012-2403-0,https://doi.org/10.1007/s11664-012-2403-0,,8591,Mg2Si0.8Sn0.2,unknown,n,9,3,0,2,0.2088067267043408,1.0477903259108603,0.8389835992065195,0.2253896760985496,0.566754045655646,0.3413643695570963,,,,0.2058792360843802,0.5765621009495818,0.3706828648652016,,1.832147470360065,0.656203068431513,1.319861418232544,unknown,no,no,not_evaluated,primary DOI test sample aggregate,n,,high,unknown,unknown,unknown,unknown,unknown,unknown,unknown,,no,unknown,unknown,no,unknown,,,,,False,unknown,False,False,medium,0.2088067267043408,0.364650801156429,,,,,,,,,,,,,,,,,,,,,,,,,0.6883235087220415,-0.1344920254142135,-0.8228155341362551,0.8228155341362551,0.4391933482128983,large_under_prediction,unknown,no,25,C,insufficient ZT evaluation rows; sintering check required later,high predicted ZT,True,True,True,True,True,fitting_good_ML_bad,insufficient_material_features,missing_additive_or_structure_annotation,candidate hypothesis only; no causal mechanism proven,10,low,manual review not checked
10.1007_s11664-012-2410-1__sample_13515,10.1007/s11664-012-2410-1,https://doi.org/10.1007/s11664-012-2410-1,,13515,ZrSe2,unknown,n,21,19,0,2,0.4531355656022027,2.035765780000411,1.5826302143982085,0.3742979799256408,0.8397397709239394,0.4654417909982985,,,,0.3459310551217525,0.8150752345296759,0.4691441794079233,0.06926978,1.0283996464893952,0.141325406954461,1.0286739878360858,unknown,no,no,not_evaluated,primary DOI test sample aggregate,n,,high,unknown,unknown,unknown,unknown,unknown,unknown,unknown,,no,unknown,unknown,no,unknown,,,,,False,unknown,True,True,low,0.4531355656022027,0.8933834563350028,,,,,,,,,,,,,,,,,,,,,,,,,1.8956553839016328,-0.4846912202139637,-2.3803466041155965,2.3803466041155965,0.0925185046578897,large_under_prediction,unknown,no,75,B,predicted high ZT false positive; insufficient ZT evaluation rows; manual review required; sintering check required later,high-ZT false positive; important candidate for paper; high predicted ZT; carried from Step14,True,True,True,True,True,not_evaluable,not_evaluable,missing_additive_or_structure_annotation; tau_eff_ML_prediction_error,candidate hypothesis only; no causal mechanism proven,10,low,manual review not checked
10.1007_s11664-013-2824-4__sample_4143,10.1007/s11664-013-2824-4,https://doi.org/10.1007/s11664-013-2824-4,,4143,Co4Sb11.3Te0.5Se0.2,unknown,n,52,21,4,9,0.0935723864557048,0.2918823359315098,0.198309949475805,0.0637233681066701,0.2468441260020495,0.1831207578953793,0.0983391531825837,0.2453004900878789,0.1469613369052952,0.0832523460406077,0.2378828730448713,0.1546305270042635,0.9035831,1.0661740732707974,0.8086408961115588,0.904474821154196,unknown,no,no,ML_moderately_worse,primary DOI test sample aggregate,n,,high,unknown,unknown,unknown,unknown,unknown,unknown,unknown,,no,unknown,unknown,no,unknown,,,,,False,unknown,True,True,medium,0.0935723864557046,0.1509329774997562,,,,,,,,,,,,,,,,,,,,,,,,,0.1562231766753933,0.3441238150110133,0.18790063833562,0.18790063833562,1.20671360832007,good,unknown,no,65,B,predicted high ZT false positive; manual review required; sintering check required later,high-ZT false positive; important candidate for paper; high predicted ZT; carried from Step14,True,True,True,True,True,both_good,material_system_out_of_distribution,missing_additive_or_structure_annotation,candidate hypothesis only; no causal mechanism proven,10,low,manual review not checked
10.1007_s11664-013-2824-4__sample_4144,10.1007/s11664-013-2824-4,https://doi.org/10.1007/s11664-013-2824-4,,4144,Co4Sb11.3Te0.5Se0.2,unknown,n,54,30,2,7,0.0834312933367343,0.3624552625551477,0.2790239692184134,0.0670866375527308,0.2861750812654952,0.2190884437127643,0.0366096604886505,0.3154354388214471,0.2788257783327965,0.1011338660451039,0.2564079047520597,0.1552740387069557,0.9557003,1.17109219028525,0.82301116436071,0.947529149218856,unknown,no,no,ML_moderately_worse,primary DOI test sample aggregate,n,,high,unknown,unknown,unknown,unknown,unknown,unknown,unknown,,no,unknown,unknown,no,unknown,,,,,False,unknown,True,True,medium,0.0834312933367343,0.1285416311082438,,,,,,,,,,,,,,,,,,,,,,,,,0.2324685441963812,0.3441238150110133,0.1116552708146321,0.1116552708146321,1.118127343071169,good,unknown,no,75,B,predicted high ZT false positive; manual review required; sintering check required later,high-ZT false positive; important candidate for paper; high predicted ZT; carried from Step14,True,True,True,True,True,both_good,material_system_out_of_distribution,missing_additive_or_structure_annotation,candidate hypothesis only; no causal mechanism proven,10,low,manual review not checked
10.1007_s11664-013-2824-4__sample_4145,10.1007/s11664-013-2824-4,https://doi.org/10.1007/s11664-013-2824-4,,4145,Co4Sb11.3Te0.5Se0.2,unknown,n,54,22,6,14,0.0866865952900206,0.4950966201151056,0.408410024825085,0.0619676657334898,0.3845242445026339,0.3225565787691441,0.0648090220521799,0.40191183634176,0.33710281428958,0.0640997845846833,0.3732083005939749,0.3091085160092915,1.072964,1.2902354651161545,0.7924516171930699,1.067557184002231,unknown,no,no,ML_moderately_worse,primary DOI test sample aggregate,n,,high,unknown,unknown,unknown,unknown,unknown,unknown,unknown,,no,unknown,unknown,no,unknown,,,,,False,unknown,True,True,medium,0.0866865952900206,0.1173553558718524,,,,,,,,,,,,,,,,,,,,,,,,,0.3671947806695627,0.3441238150110133,-0.0230709656585493,0.0230709656585493,0.97719313415829,good,unknown,no,65,B,manual review required; sintering check required later,high observed ZT; important candidate for paper; high predicted ZT,True,True,True,True,True,both_good,material_system_out_of_distribution,missing_additive_or_structure_annotation; possible_sintering_or_microstructure_effect,candidate hypothesis only; no causal mechanism proven,90,A,observed high ZT; ZT_ML false negative; missing sintering info for high-ZT/error sample; manual review not checked
10.1007_s11664-014-3582-7__sample_4196,10.1007/s11664-014-3582-7,https://doi.org/10.1007/s11664-014-3582-7,,4196,Yb0.3Co4Sb12,unknown,n,12,9,1,8,0.0998778842893465,0.7247693532848566,0.6248914689955101,0.0906798502859256,0.5017468606882666,0.4110670104023409,0.0599373402434559,0.5414395739302981,0.4815022336868421,0.0912460180388302,0.5056929365380093,0.4144469184991791,1.11635,1.538592385600445,0.7505218642247294,1.2365323336394918,unknown,no,no,ML_moderately_worse,primary DOI test sample aggregate,n,,high,unknown,unknown,unknown,unknown,unknown,unknown,unknown,,no,unknown,unknown,no,unknown,,,,,False,unknown,True,True,medium,0.0998778842893466,0.2126136604869394,,,,,,,,,,,,,,,,,,,,,,,,,1.0694224630594524,0.4332426047448079,-0.6361798583146445,0.6361798583146445,0.5293106082329229,large_under_prediction,unknown,no,75,B,manual review required; sintering check required later,high observed ZT; important candidate for paper; high predicted ZT,True,True,True,True,True,not_evaluable,not_evaluable,missing_additive_or_structure_annotation; possible_sintering_or_microstructure_effect,candidate hypothesis only; no causal mechanism proven,90,A,observed high ZT; ZT_ML false negative; missing sintering info for high-ZT/error sample; manual review not checked
10.1007_s11664-014-3582-7__sample_4197,10.1007/s11664-014-3582-7,https://doi.org/10.1007/s11664-014-3582-7,,4197,Yb0.3Co4Sb12,unknown,n,12,4,0,0,0.0936774031612133,0.3153980255327069,0.2217206223714936,0.0879252282422213,0.2123446749307734,0.1244194466885521,,,,,,,1.053058,,,,unknown,no,no,not_evaluated,primary DOI test sample aggregate,n,,high,unknown,unknown,unknown,unknown,unknown,unknown,unknown,,no,unknown,unknown,no,unknown,,,,,False,unknown,True,True,medium,0.0936774031612133,0.1965340790497877,,,,,,,,,,,,,,,,,,,,,,,,,0.6527331728706254,0.4332426047448079,-0.2194905681258174,0.2194905681258174,0.8029277307706508,good,unknown,no,50,B,insufficient ZT evaluation rows; manual review required; sintering check required later,high observed ZT; important candidate for paper,True,True,True,True,True,not_evaluable,not_evaluable,missing_additive_or_structure_annotation; possible_sintering_or_microstructure_effect,candidate hypothesis only; no causal mechanism proven,90,A,observed high ZT; ZT_ML false negative; missing sintering info for high-ZT/error sample; manual review not checked
10.1007_s11664-014-3582-7__sample_4198,10.1007/s11664-014-3582-7,https://doi.org/10.1007/s11664-014-3582-7,,4198,Yb0.3Co4Sb12,unknown,n,12,7,0,3,0.0849777745391763,0.6145959088183839,0.5296181342792076,0.0400053413521189,0.462635207085705,0.4226298657335861,,,,0.0343689049761677,0.4638925909056146,0.4295236859294468,1.122447,1.0600948205782337,0.5767568935918341,1.029594819170511,unknown,no,no,not_evaluated,primary DOI test sample aggregate,n,,high,unknown,unknown,unknown,unknown,unknown,unknown,unknown,,no,unknown,unknown,no,unknown,,,,,False,unknown,True,True,medium,0.0849777745391763,0.1750004460437614,,,,,,,,,,,,,,,,,,,,,,,,,0.9602607915084574,0.4332426047448079,-0.5270181867636495,0.5270181867636495,0.5903626990759541,large_under_prediction,unknown,no,75,B,insufficient ZT evaluation rows; manual review required; sintering check required later,high observed ZT; important candidate for paper; high predicted ZT,True,True,True,True,True,not_evaluable,not_evaluable,missing_additive_or_structure_annotation; possible_sintering_or_microstructure_effect,candidate hypothesis only; no causal mechanism proven,90,A,observed high ZT; ZT_ML false negative; missing sintering info for high-ZT/error sample; manual review not checked
10.1007_s11664-014-3590-7__sample_16964,10.1007/s11664-014-3590-7,https://doi.org/10.1007/s11664-014-3590-7,,16964,Zn4Sb2.94In0.06,unknown,p,25,16,7,8,0.2083634946840639,0.8891764610103227,0.6808129663262588,0.1739276380350055,1.300826501419151,1.1268988633841457,0.1829561888934614,1.1148864937140863,0.9319303048206248,0.1703320765687689,1.1117650643909716,0.9414329878222026,0.6341328,0.5413226531340242,1.2848972773691687,0.6269860034760746,unknown,no,no,ML_much_worse,primary DOI test sample aggregate,p,,high,unknown,unknown,unknown,unknown,unknown,unknown,unknown,,no,unknown,unknown,no,unknown,,,,,False,unknown,True,True,medium,0.2083634946840639,0.3794355079675543,,,,,,,,,,,,,,,,,,,,,,,,,-0.6015623660161847,-0.2941825259146927,0.307379840101492,0.307379840101492,1.3598573983575124,moderate_error,unknown,no,0,low,no major issue,,True,True,True,True,True,fitting_good_ML_bad,insufficient_material_features,missing_additive_or_structure_annotation; possible_sintering_or_microstructure_effect,candidate hypothesis only; no causal mechanism proven,115,A,ML much worse than fitting; ZT_ML false positive; missing additive info and ML bad; missing structure info and ML bad; missing sintering info for high-ZT/error sample; manual review not checked
10.1007_s11664-014-3590-7__sample_16965,10.1007/s11664-014-3590-7,https://doi.org/10.1007/s11664-014-3590-7,,16965,(Zn4Sb2.94In0.06)96.28(ZnO)3.72,unknown,p,25,16,3,6,0.2615050769381832,0.9684446365970936,0.7069395596589103,0.1996135475986122,1.6332098435152678,1.4335962959166555,0.2447642003963664,2.145384732645423,1.9006205322490568,0.2532822594885109,1.697968213210317,1.4446859537218062,0.6468368,0.5074161795850338,1.289231303440454,0.6380673369646092,unknown,no,no,ML_much_worse,primary DOI test sample aggregate,p,,high,unknown,unknown,unknown,unknown,unknown,unknown,unknown,,no,unknown,unknown,no,unknown,,,,,False,unknown,True,True,medium,0.2615050769381832,0.4996766413414263,,,,,,,,,,,,,,,,,,,,,,,,,-0.6696137111412611,-0.2941825259146927,0.3754311852265684,0.3754311852265684,1.455618920696922,moderate_error,unknown,no,0,low,no major issue,,True,True,True,True,True,fitting_good_ML_bad,insufficient_material_features,missing_additive_or_structure_annotation; possible_sintering_or_microstructure_effect,candidate hypothesis only; no causal mechanism proven,115,A,ML much worse than fitting; ZT_ML false positive; missing additive info and ML bad; missing structure info and ML bad; missing sintering info for high-ZT/error sample; manual review not checked
10.1007_s11664-014-3590-7__sample_16967,10.1007/s11664-014-3590-7,https://doi.org/10.1007/s11664-014-3590-7,,16967,(Zn4Sb2.94In0.06)86.43(ZnO)13.57,unknown,p,25,17,5,7,0.2456265783673191,0.9306042628749308,0.6849776845076117,0.2043540983554961,1.6132626709861608,1.4089085726306647,0.2689409961633314,1.5323689563878238,1.2634279602244924,0.2247967314407863,1.4768996403734145,1.252102908932628,0.9327338,0.5762273220398344,1.4138979138997754,0.8565419145899507,unknown,no,no,ML_much_worse,primary DOI test sample aggregate,p,,high,unknown,unknown,unknown,unknown,unknown,unknown,unknown,,no,unknown,unknown,no,unknown,,,,,False,unknown,True,True,medium,0.2456265783673191,0.4890372304433787,,,,,,,,,,,,,,,,,,,,,,,,,-0.6347472221146453,-0.2941825259146927,0.3405646961999526,0.3405646961999526,1.4057411831773958,moderate_error,unknown,no,0,low,no major issue,,True,True,True,True,True,fitting_good_ML_bad,insufficient_material_features,missing_additive_or_structure_annotation; possible_sintering_or_microstructure_effect,candidate hypothesis only; no causal mechanism proven,115,A,ML much worse than fitting; ZT_ML false positive; missing additive info and ML bad; missing structure info and ML bad; missing sintering info for high-ZT/error sample; manual review not checked
10.1007_s11664-016-4865-y__sample_2341,10.1007/s11664-016-4865-y,https://doi.org/10.1007/s11664-016-4865-y,,2341,Sr7.89Ga15.10Sn0.46Ge30.42,unknown,n,20,17,2,2,0.1338418687179083,0.7977411383005517,0.6638992695826433,0.1153720947443807,0.5422756853800984,0.4269035906357177,0.4499257222047962,0.549953584052364,0.1000278618475678,0.2423022498163077,0.4496261943566313,0.2073239445403235,0.8899944,1.2798349104160218,0.5829218380708224,0.8822332927296028,unknown,no,no,ML_moderately_worse,primary DOI test sample aggregate,n,,high,unknown,unknown,unknown,unknown,unknown,unknown,unknown,,no,unknown,unknown,no,unknown,,,,,False,unknown,True,False,medium,0.1338418687179083,0.2876225622355847,,,,,,,,,,,,,,,,,,,,,,,,,0.2377874208432744,-1.156985876363006,-1.3947732972062803,1.3947732972062803,0.2478892271780154,large_under_prediction,unknown,no,70,B,predicted high ZT false positive; manual review required; sintering check required later,high-ZT false positive; important candidate for paper; high predicted ZT; carried from Step14,True,True,True,True,True,not_evaluable,not_evaluable,missing_additive_or_structure_annotation; tau_eff_ML_prediction_error,candidate hypothesis only; no causal mechanism proven,10,low,manual review not checked
10.1007_s11664-016-4865-y__sample_2342,10.1007/s11664-016-4865-y,https://doi.org/10.1007/s11664-016-4865-y,,2342,Sr7.86Ga15.09Sn0.48Ge30.49,unknown,n,20,17,0,3,0.1450626720543391,0.7582400095279579,0.6131773374736188,0.1047850057502922,0.5346494441936632,0.4298644384433709,,,,0.2002851901403421,0.4699196475071943,0.2696344573668521,0.7793969,1.3243964239884936,0.6292180001345499,0.8984924206406808,unknown,no,no,not_evaluated,primary DOI test sample aggregate,n,,high,unknown,unknown,unknown,unknown,unknown,unknown,unknown,,no,unknown,unknown,no,unknown,,,,,False,unknown,True,False,medium,0.1450626720543391,0.3013940294228752,,,,,,,,,,,,,,,,,,,,,,,,,0.1955884841841035,-1.156985876363006,-1.3525743605471097,1.3525743605471097,0.2585737410456475,large_under_prediction,unknown,no,70,B,predicted high ZT false positive; insufficient ZT evaluation rows; manual review required; sintering check required later,high-ZT false positive; important candidate for paper; high predicted ZT; carried from Step14,True,True,True,True,True,not_evaluable,not_evaluable,missing_additive_or_structure_annotation; tau_eff_ML_prediction_error,candidate hypothesis only; no causal mechanism proven,10,low,manual review not checked
10.1007_s11664-016-4865-y__sample_2343,10.1007/s11664-016-4865-y,https://doi.org/10.1007/s11664-016-4865-y,,2343,Sr7.92Ga15.04Sn0.35Ge30.69,unknown,n,20,15,1,2,0.1382791128344704,0.8768994115244608,0.7386202986899904,0.1194355762414079,0.5740095437186612,0.4545739674772532,0.4242585933891626,0.757808068179736,0.3335494747905733,0.2362855790884417,0.4799429236060653,0.2436573445176235,0.9673715,1.4464339815761151,0.608458304763175,0.990159908124966,unknown,no,no,ML_moderately_worse,primary DOI test sample aggregate,n,,high,unknown,unknown,unknown,unknown,unknown,unknown,unknown,,no,unknown,unknown,no,unknown,,,,,False,unknown,True,False,medium,0.1382791128344704,0.2986007679771528,,,,,,,,,,,,,,,,,,,,,,,,,0.3172822518824202,-1.156985876363006,-1.4742681282454262,1.4742681282454262,0.2289462250196359,large_under_prediction,unknown,no,70,B,predicted high ZT false positive; manual review required; sintering check required later,high-ZT false positive; important candidate for paper; high predicted ZT; carried from Step14,True,True,True,True,True,not_evaluable,not_evaluable,missing_additive_or_structure_annotation; tau_eff_ML_prediction_error,candidate hypothesis only; no causal mechanism proven,10,low,manual review not checked
10.1007_s11664-016-4865-y__sample_2345,10.1007/s11664-016-4865-y,https://doi.org/10.1007/s11664-016-4865-y,,2345,Sr7.84Ga14.49Sn0.34Ge31.42,unknown,n,20,17,0,1,0.1407940176041311,1.308224737574519,1.167430719970388,0.1137407029751805,0.7279289712549674,0.6141882682797869,,,,0.4718066662412678,0.5991370657879007,0.1273303995466329,0.75725,1.029529080263375,0.2804037088818349,0.6995002155361947,unknown,no,no,not_evaluated,primary DOI test sample aggregate,n,,high,unknown,unknown,unknown,unknown,unknown,unknown,unknown,,no,unknown,unknown,no,unknown,,,,,False,unknown,True,False,medium,0.1407940176041312,0.3057768085315712,,,,,,,,,,,,,,,,,,,,,,,,,0.7519805482214035,-1.156985876363006,-1.9089664245844096,1.9089664245844096,0.148233517965356,large_under_prediction,unknown,no,70,B,predicted high ZT false positive; insufficient ZT evaluation rows; manual review required; sintering check required later,high-ZT false positive; important candidate for paper; high predicted ZT; carried from Step14,True,True,True,True,True,fitting_good_ML_bad,tau_eff_ML_prediction_error,missing_additive_or_structure_annotation,candidate hypothesis only; no causal mechanism proven,10,low,manual review not checked
10.1007_s11664-017-5607-5__sample_2545,10.1007/s11664-017-5607-5,https://doi.org/10.1007/s11664-017-5607-5,,2545,Pb0.98Bi0.02Te,unknown,n,42,19,7,10,0.4110359160382355,1.6589838557989012,1.2479479397606656,0.2240811732131542,4.784724253980818,4.560643080767664,0.2062883596992346,4.06491730043163,3.858628940732396,0.2427013521536045,4.918198623191687,4.675497271038083,0.502394,0.841563948534853,4.198655266480505,0.6055202380659536,unknown,no,no,ML_much_worse,primary DOI test sample aggregate,n,,high,unknown,unknown,unknown,unknown,unknown,unknown,unknown,,no,unknown,unknown,no,unknown,,,,,False,unknown,True,True,medium,0.4110359160382355,0.3288850693723779,,,,,,,,,,,,,,,,,,,,,,,,,-1.6981794548312446,-0.1557574200731247,1.54242203475812,1.54242203475812,4.675901763641362,large_over_prediction,unknown,no,0,low,no major issue,,True,True,True,True,True,fitting_good_ML_bad,tau_eff_ML_prediction_error,missing_additive_or_structure_annotation; possible_sintering_or_microstructure_effect,candidate hypothesis only; no causal mechanism proven,115,A,ML much worse than fitting; ZT_ML false positive; missing additive info and ML bad; missing structure info and ML bad; missing sintering info for high-ZT/error sample; manual review not checked
10.1007_s11664-017-5607-5__sample_2546,10.1007/s11664-017-5607-5,https://doi.org/10.1007/s11664-017-5607-5,,2546,Pb0.96Bi0.04Te,unknown,n,30,14,4,4,0.3064031571542053,1.5848251070696568,1.2784219499154514,0.2535765757266309,4.489357872050115,4.235781296323484,0.3044594551151838,3.408164317447889,3.1037048623327057,0.1712049737800497,3.7262658605475822,3.5550608867675324,0.6917688,0.8520882807464045,4.034403915814912,0.6364393391645928,unknown,no,no,ML_much_worse,primary DOI test sample aggregate,n,,high,unknown,unknown,unknown,unknown,unknown,unknown,unknown,,no,unknown,unknown,no,unknown,,,,,False,unknown,True,True,medium,0.3064031571542053,0.2961862697955684,,,,,,,,,,,,,,,,,,,,,,,,,-1.6458455847305613,-0.1557574200731247,1.4900881646574369,1.4900881646574369,4.4374867312554045,large_over_prediction,unknown,no,0,low,no major issue,,True,True,True,True,True,fitting_good_ML_bad,tau_eff_ML_prediction_error,missing_additive_or_structure_annotation; possible_sintering_or_microstructure_effect,candidate hypothesis only; no causal mechanism proven,115,A,ML much worse than fitting; ZT_ML false positive; missing additive info and ML bad; missing structure info and ML bad; missing sintering info for high-ZT/error sample; manual review not checked
10.1007_s11664-017-5607-5__sample_2547,10.1007/s11664-017-5607-5,https://doi.org/10.1007/s11664-017-5607-5,,2547,Pb0.95Bi0.05Te,unknown,n,45,25,0,17,0.5981240154416015,1.1005879261266078,0.5024639106850063,0.5421628369445454,2.4752691369073814,1.933106299962836,,,,0.6388884830607586,2.8523754272717845,2.213486944211026,,1.4134172221359276,3.560437397685185,0.6172974144011378,unknown,no,no,not_evaluated,primary DOI test sample aggregate,n,,high,unknown,unknown,unknown,unknown,unknown,unknown,unknown,,no,unknown,unknown,no,unknown,,,,,False,unknown,True,True,low,0.5981240154416015,0.9052692931353838,,,,,,,,,,,,,,,,,,,,,,,,,-1.0147949484589671,-0.1557574200731247,0.8590375283858424,0.8590375283858424,2.360887312826189,large_over_prediction,unknown,no,35,C,insufficient ZT evaluation rows; sintering check required later,high predicted ZT,True,True,True,True,True,not_evaluable,not_evaluable,missing_additive_or_structure_annotation,candidate hypothesis only; no causal mechanism proven,35,C,ZT_ML false positive; manual review not checked
10.1007_s11664-017-5607-5__sample_2549,10.1007/s11664-017-5607-5,https://doi.org/10.1007/s11664-017-5607-5,,2549,Pb0.94Bi0.06Te,unknown,n,29,13,4,4,0.6304749677446104,0.9234229000289776,0.2929479322843671,0.4806515502956724,1.687901456067922,1.2072499057722497,0.2885970566006806,1.190693431250986,0.9020963746503056,0.4217316996407531,1.5606069456631384,1.1388752460223852,0.6378941,0.7879946629884423,1.5471730479080064,0.3625181104332286,unknown,no,no,ML_much_worse,primary DOI test sample aggregate,n,,high,unknown,unknown,unknown,unknown,unknown,unknown,unknown,,no,unknown,unknown,no,unknown,,,,,False,unknown,True,True,low,0.6304749677446104,0.955808561042758,,,,,,,,,,,,,,,,,,,,,,,,,-0.7656152683780844,-0.1557574200731247,0.6098578483049596,0.6098578483049596,1.8401697969327089,large_over_prediction,unknown,no,0,low,no major issue,,True,True,True,True,True,fitting_good_ML_bad,insufficient_material_features,missing_additive_or_structure_annotation; possible_sintering_or_microstructure_effect,candidate hypothesis only; no causal mechanism proven,115,A,ML much worse than fitting; ZT_ML false positive; missing additive info and ML bad; missing structure info and ML bad; missing sintering info for high-ZT/error sample; manual review not checked
10.1007_s11664-019-07720-7__sample_35575,10.1007/s11664-019-07720-7,https://doi.org/10.1007/s11664-019-07720-7,,35575,Bi0.94In0.06CuSeO,unknown,p,13,9,7,8,0.4348171677176259,0.7529307886729402,0.3181136209553142,0.3954453967389411,0.3327013817537145,-0.0627440149852265,0.3139018789076104,0.3342234464772882,0.0203215675696778,0.4260944580270158,0.3067330962742607,-0.1193613617527551,1.082461,0.6527166541597892,0.3529961613277472,0.7506747653055187,unknown,no,no,ML_close_to_fitting,primary DOI test sample aggregate,p,existing_step6_or_step15,high,unknown,auto_step9,unknown,unknown,auto_step9,unknown,unknown,,no,unknown,unknown,no,unknown,yes,yes,yes,yes,False,unknown,True,True,medium,0.4348171677176259,0.759598770455947,p,existing_step6_or_step15,high,unknown,auto_step9,unknown,unknown,auto_step9,unknown,unknown,,no,unknown,unknown,no,not_checked,yes,yes,yes,yes,False,unknown,True,True,-0.8802247307537076,-1.9095235355239415,-1.0292988047702345,1.0292988047702345,0.3572573799330629,large_under_prediction,not_checked,no,90,A,observed high ZT missed; manual review required; sintering check required later,high observed ZT; high-ZT false negative; important candidate for paper; carried from Step14,True,True,True,True,True,both_good,material_system_out_of_distribution,missing_additive_or_structure_annotation; possible_sintering_or_microstructure_effect; tau_eff_ML_prediction_error,candidate hypothesis only; no causal mechanism proven,90,A,observed high ZT; ZT_ML false negative; missing sintering info for high-ZT/error sample; manual review not checked
10.1007_s11664-019-07745-y__sample_32521,10.1007/s11664-019-07745-y,https://doi.org/10.1007/s11664-019-07745-y,,32521,Ni/Bi0.5Sb1.5Te3,unknown,p,21,21,21,21,0.1150295479950346,0.1244844779740027,0.009454929978968,0.1034592684306739,0.0975821429318902,-0.0058771254987837,0.1071393919230753,0.099667569284931,-0.0074718226381443,0.1034592684306739,0.0975821429318968,-0.005877125498777,1.029548,0.9568741491384656,0.912405196762013,1.0246056595409854,unknown,no,no,ML_close_to_fitting,primary DOI test sample aggregate,p,existing_step6_or_step15,high,unknown,auto_step9,unknown,unknown,auto_step9,unknown,unknown,,no,unknown,unknown,no,unknown,yes,yes,yes,yes,False,unknown,True,True,medium,0.1150295479950346,0.1482657932124272,p,existing_step6_or_step15,high,unknown,auto_step9,unknown,unknown,auto_step9,unknown,unknown,,no,unknown,unknown,no,not_checked,yes,yes,yes,yes,False,unknown,True,True,0.2306777369820502,0.0622653515247349,-0.1684123854573152,0.1684123854573152,0.8450052949282519,good,not_checked,no,90,A,observed high ZT missed; manual review required; sintering check required later,high observed ZT; high-ZT false negative; important candidate for paper; carried from Step14,True,True,True,True,True,both_good,material_system_out_of_distribution,missing_additive_or_structure_annotation; possible_sintering_or_microstructure_effect,candidate hypothesis only; no causal mechanism proven,90,A,observed high ZT; ZT_ML false negative; missing sintering info for high-ZT/error sample; manual review not checked
10.1007_s11664-019-07745-y__sample_32522,10.1007/s11664-019-07745-y,https://doi.org/10.1007/s11664-019-07745-y,,32522,Ni/Bi0.5Sb1.5Te3,unknown,p,21,17,12,15,0.128478544218477,0.2866461380662523,0.1581675938477753,0.1103192285813204,0.3421325381312434,0.2318133095499229,0.1096441079027774,0.3851811503673112,0.2755370424645337,0.1045501385730129,0.375267685736605,0.2707175471635921,0.9027957,0.8313712173729919,1.0741845123727052,0.8964879631424988,unknown,no,no,ML_moderately_worse,primary DOI test sample aggregate,p,,high,unknown,unknown,unknown,unknown,unknown,unknown,unknown,,no,unknown,unknown,no,unknown,,,,,False,unknown,True,True,medium,0.128478544218477,0.166509891716122,,,,,,,,,,,,,,,,,,,,,,,,,-0.073150606914016,0.0622653515247349,0.1354159584387509,0.1354159584387509,1.145012963113648,good,unknown,no,0,low,no major issue,,True,True,True,True,True,both_good,material_system_out_of_distribution,missing_additive_or_structure_annotation,candidate hypothesis only; no causal mechanism proven,35,C,ZT_ML false positive; manual review not checked
10.1007_s11664-019-07745-y__sample_32523,10.1007/s11664-019-07745-y,https://doi.org/10.1007/s11664-019-07745-y,,32523,Ni/Bi0.5Sb1.5Te3,unknown,p,21,21,12,15,0.1347924479771301,0.4041928276279867,0.2694003796508565,0.1243433843208266,0.4769792581376509,0.3526358738168242,0.1180801444629416,0.5420401025730383,0.4239599581100965,0.1111831500168995,0.5459836578912792,0.4348005078743797,0.958683,0.8844514784139814,1.294684811675697,0.9544393719840844,unknown,no,no,ML_moderately_worse,primary DOI test sample aggregate,p,,high,unknown,unknown,unknown,unknown,unknown,unknown,unknown,,no,unknown,unknown,no,unknown,,,,,False,unknown,True,True,medium,0.1347924479771301,0.1833451487941849,,,,,,,,,,,,,,,,,,,,,,,,,-0.1979648555121645,0.0622653515247349,0.2602302070368995,0.2602302070368995,1.2972286834663127,moderate_error,unknown,no,0,low,no major issue,,True,True,True,True,True,not_evaluable,not_evaluable,missing_additive_or_structure_annotation,candidate hypothesis only; no causal mechanism proven,35,C,ZT_ML false positive; manual review not checked
10.1007_s11664-019-07745-y__sample_32524,10.1007/s11664-019-07745-y,https://doi.org/10.1007/s11664-019-07745-y,,32524,Ni/Bi0.5Sb1.5Te3,unknown,p,21,20,16,19,0.1361159723487905,0.5518328941986226,0.4157169218498321,0.1233676955143071,0.7133244174966077,0.5899567219823005,0.1149808021616222,0.7069261203671867,0.5919453182055645,0.1227566271728494,0.7257805115783833,0.6030238844055339,1.049448,1.0426063258508786,1.7798086268614666,1.0615868349303914,unknown,no,no,ML_much_worse,primary DOI test sample aggregate,p,,high,unknown,unknown,unknown,unknown,unknown,unknown,unknown,,no,unknown,unknown,no,unknown,,,,,False,unknown,True,True,medium,0.1361159723487905,0.1986704452836701,,,,,,,,,,,,,,,,,,,,,,,,,-0.3516921389319354,0.0622653515247349,0.4139574904566703,0.4139574904566703,1.5127928173857013,moderate_error,unknown,no,65,B,manual review required; sintering check required later,high observed ZT; important candidate for paper; high predicted ZT,True,True,True,True,True,both_poor,missing_additive_or_structure_annotation,possible_sintering_or_microstructure_effect,candidate hypothesis only; no causal mechanism proven,120,A,ML much worse than fitting; observed high ZT; missing additive info and ML bad; missing structure info and ML bad; missing sintering info for high-ZT/error sample; manual review not checked
10.1007_s11664-019-07745-y__sample_32525,10.1007/s11664-019-07745-y,https://doi.org/10.1007/s11664-019-07745-y,,32525,Bi0.5Sb1.5Te3,unknown,p,21,17,16,16,0.1218195205789151,0.5344106376915698,0.4125911171126547,0.1144350509951609,0.6726361254323476,0.5582010744371867,0.1166520790239534,0.695367399825306,0.5787153208013526,0.1146674425907697,0.6836565659115358,0.568989123320766,0.8800245,0.8492394004056477,1.4289313047336625,0.8872052826107681,unknown,no,no,ML_much_worse,primary DOI test sample aggregate,p,,high,unknown,unknown,unknown,unknown,unknown,unknown,unknown,,no,unknown,unknown,no,unknown,,,,,False,unknown,True,True,medium,0.1218195205789151,0.1726140289066122,,,,,,,,,,,,,,,,,,,,,,,,,-0.3602440544846945,6.011428478179339e-05,0.3603041687694763,0.3603041687694763,1.433765454916189,moderate_error,unknown,no,0,low,no major issue,,True,True,True,True,True,both_poor,missing_additive_or_structure_annotation,possible_sintering_or_microstructure_effect,candidate hypothesis only; no causal mechanism proven,115,A,ML much worse than fitting; ZT_ML false positive; missing additive info and ML bad; missing structure info and ML bad; missing sintering info for high-ZT/error sample; manual review not checked
10.1007_s11664-019-07745-y__sample_32542,10.1007/s11664-019-07745-y,https://doi.org/10.1007/s11664-019-07745-y,,32542,Ni/Bi0.5Sb1.5Te3,unknown,p,21,21,21,21,0.1101612879433608,0.1305653309812825,0.0204040430379216,0.0986856888776382,0.0921928528134081,-0.00649283606423,0.1085686338312361,0.09451469719519,-0.014053936636046,0.0986856888776408,0.0921928528134081,-0.0064928360642326,1.023117,0.9928854830703082,0.9256823346078802,1.056199507651585,unknown,no,no,ML_close_to_fitting,primary DOI test sample aggregate,p,existing_step6_or_step15,high,unknown,auto_step9,unknown,unknown,auto_step9,unknown,unknown,,no,unknown,unknown,no,unknown,yes,yes,yes,yes,False,unknown,True,True,medium,0.1101612879433608,0.1389434164053856,p,existing_step6_or_step15,high,unknown,auto_step9,unknown,unknown,auto_step9,unknown,unknown,,no,unknown,unknown,no,not_checked,yes,yes,yes,yes,False,unknown,True,True,0.2531742544634854,0.0622653515247349,-0.1909089029387504,0.1909089029387504,0.8262078498301837,good,not_checked,no,90,A,observed high ZT missed; manual review required; sintering check required later,high observed ZT; high-ZT false negative; important candidate for paper; carried from Step14,True,True,True,True,True,both_good,material_system_out_of_distribution,missing_additive_or_structure_annotation; possible_sintering_or_microstructure_effect,candidate hypothesis only; no causal mechanism proven,90,A,observed high ZT; ZT_ML false negative; missing sintering info for high-ZT/error sample; manual review not checked
10.1007_s11664-019-07745-y__sample_32543,10.1007/s11664-019-07745-y,https://doi.org/10.1007/s11664-019-07745-y,,32543,Ni/Bi0.5Sb1.5Te3,unknown,p,21,21,21,21,0.1047049685609132,0.118396228342617,0.0136912597817037,0.0939396872639875,0.0880131984977955,-0.0059264887661919,0.0911972356516245,0.083390147290804,-0.0078070883608205,0.0939396872639819,0.0880131984977903,-0.0059264887661916,1.018247,0.9749850681183588,0.9225617351679268,1.0240457033547767,unknown,no,no,ML_close_to_fitting,primary DOI test sample aggregate,p,existing_step6_or_step15,high,unknown,auto_step9,unknown,unknown,auto_step9,unknown,unknown,,no,unknown,unknown,no,unknown,yes,yes,yes,yes,False,unknown,True,True,medium,0.1047049685609132,0.1361010352003145,p,existing_step6_or_step15,high,unknown,auto_step9,unknown,unknown,auto_step9,unknown,unknown,,no,unknown,unknown,no,not_checked,yes,yes,yes,yes,False,unknown,True,True,0.2383579067424057,0.0622653515247349,-0.1760925552176707,0.1760925552176707,0.83854036845897,good,not_checked,no,90,A,observed high ZT missed; manual review required; sintering check required later,high observed ZT; high-ZT false negative; important candidate for paper; carried from Step14,True,True,True,True,True,both_good,material_system_out_of_distribution,missing_additive_or_structure_annotation; possible_sintering_or_microstructure_effect,candidate hypothesis only; no causal mechanism proven,90,A,observed high ZT; ZT_ML false negative; missing sintering info for high-ZT/error sample; manual review not checked
10.1007_s11664-019-07745-y__sample_32544,10.1007/s11664-019-07745-y,https://doi.org/10.1007/s11664-019-07745-y,,32544,Bi0.5Sb1.5Te3,unknown,p,21,21,21,21,0.1305711988794203,0.5626976904330144,0.432126491553594,0.1189942021539037,0.7432222391453841,0.6242280369914803,0.1071814536928084,0.6972470139098979,0.5900655602170894,0.1189942021538945,0.7432222391453559,0.6242280369914613,0.8591944,0.812136232588072,1.4038966674722133,0.8516781094845594,unknown,no,no,ML_much_worse,primary DOI test sample aggregate,p,,high,unknown,unknown,unknown,unknown,unknown,unknown,unknown,,no,unknown,unknown,no,unknown,,,,,False,unknown,True,True,medium,0.1305711988794203,0.1874116213914414,,,,,,,,,,,,,,,,,,,,,,,,,-0.3872419588124486,6.011428478179339e-05,0.3873020730972304,0.3873020730972304,1.4730013781640985,moderate_error,unknown,no,0,low,no major issue,,True,True,True,True,True,both_poor,missing_additive_or_structure_annotation,possible_sintering_or_microstructure_effect,candidate hypothesis only; no causal mechanism proven,115,A,ML much worse than fitting; ZT_ML false positive; missing additive info and ML bad; missing structure info and ML bad; missing sintering info for high-ZT/error sample; manual review not checked
10.1007_s11664-019-07745-y__sample_32576,10.1007/s11664-019-07745-y,https://doi.org/10.1007/s11664-019-07745-y,,32576,Bi0.5Sb1.5Te3,unknown,p,21,6,6,6,0.1221133963184982,0.5318785119838259,0.4097651156653276,0.1489009685054524,0.5211134923912811,0.3722125238858287,0.1348388936621834,0.538027775499117,0.4031888818369334,0.1489009685054545,0.5211134923912643,0.3722125238858097,0.8875657,0.7832471429244645,1.314378349020017,0.8761435053705584,unknown,no,no,ML_moderately_worse,primary DOI test sample aggregate,p,,high,unknown,unknown,unknown,unknown,unknown,unknown,unknown,,no,unknown,unknown,no,unknown,,,,,False,unknown,True,True,medium,0.1221133963184982,0.1722103753301403,,,,,,,,,,,,,,,,,,,,,,,,,-0.3575738881550397,6.011428478179339e-05,0.3576340024398215,0.3576340024398215,1.4299421693496446,moderate_error,unknown,no,0,low,no major issue,,True,True,True,True,True,not_evaluable,not_evaluable,missing_additive_or_structure_annotation,candidate hypothesis only; no causal mechanism proven,35,C,ZT_ML false positive; manual review not checked
10.1007_s11664-019-07745-y__sample_32579,10.1007/s11664-019-07745-y,https://doi.org/10.1007/s11664-019-07745-y,,32579,Ni/Bi0.5Sb1.5Te3,unknown,p,21,21,21,21,0.1320159410609876,0.5462098397562399,0.4141938986952523,0.1194486362364559,0.7136102494822415,0.5941616132457855,0.1251594018813528,0.7333073063090559,0.6081479044277032,0.1194486362364622,0.7136102494822201,0.5941616132457578,1.029422,1.053255968864892,1.789439259473042,1.0570290917531262,unknown,no,no,ML_much_worse,primary DOI test sample aggregate,p,,high,unknown,unknown,unknown,unknown,unknown,unknown,unknown,,no,unknown,unknown,no,unknown,,,,,False,unknown,True,True,medium,0.1320159410609876,0.1948076769363258,,,,,,,,,,,,,,,,,,,,,,,,,-0.346925973079206,0.0622653515247349,0.4091913246039409,0.4091913246039409,1.5055997512070929,moderate_error,unknown,no,65,B,manual review required; sintering check required later,high observed ZT; important candidate for paper; high predicted ZT,True,True,True,True,True,both_poor,missing_additive_or_structure_annotation,possible_sintering_or_microstructure_effect,candidate hypothesis only; no causal mechanism proven,120,A,ML much worse than fitting; observed high ZT; missing additive info and ML bad; missing structure info and ML bad; missing sintering info for high-ZT/error sample; manual review not checked
10.1007_s11664-019-07745-y__sample_32581,10.1007/s11664-019-07745-y,https://doi.org/10.1007/s11664-019-07745-y,,32581,Ni/Bi0.5Sb1.5Te3,unknown,p,21,21,20,21,0.1324070359685656,0.5332257311672866,0.4008186951987209,0.1204945381918755,0.6907465001840111,0.5702519619921356,0.135807275979387,0.7520402128552752,0.6162329368758882,0.1204945381918617,0.6907465001839881,0.5702519619921262,1.075657,1.075610054160922,1.8029297399150088,1.1093250082167434,unknown,no,no,ML_much_worse,primary DOI test sample aggregate,p,,high,unknown,unknown,unknown,unknown,unknown,unknown,unknown,,no,unknown,unknown,no,unknown,,,,,False,unknown,True,True,medium,0.1324070359685656,0.1956816416731976,,,,,,,,,,,,,,,,,,,,,,,,,-0.3334349362902005,0.0622653515247349,0.3957002878149354,0.3957002878149354,1.4854240511407235,moderate_error,unknown,no,65,B,manual review required; sintering check required later,high observed ZT; important candidate for paper; high predicted ZT,True,True,True,True,True,both_poor,missing_additive_or_structure_annotation,possible_sintering_or_microstructure_effect,candidate hypothesis only; no causal mechanism proven,120,A,ML much worse than fitting; observed high ZT; missing additive info and ML bad; missing structure info and ML bad; missing sintering info for high-ZT/error sample; manual review not checked
10.1007_s11664-020-08056-3__sample_32439,10.1007/s11664-020-08056-3,https://doi.org/10.1007/s11664-020-08056-3,,32439,Zn4.05Sb3,unknown,p,5,5,4,4,0.1824345989151815,0.3948094487768873,0.2123748498617058,0.1648421514273175,0.4444818411397003,0.2796396897123828,0.1570782250160261,0.5080000023508834,0.3509217773348572,0.1780153052900019,0.49058091066887,0.312565605378868,0.5476277,0.760385898435334,1.0791809339175338,0.54469539976708,unknown,no,no,ML_moderately_worse,primary DOI test sample aggregate,p,,high,unknown,unknown,unknown,unknown,unknown,unknown,unknown,,no,unknown,unknown,no,unknown,,,,,False,unknown,True,True,low,0.1824345989151815,,,,,,,,,,,,,,,,,,,,,,,,,,-0.0829030483276969,-0.229340397791587,-0.1464373494638901,0.1464373494638901,0.863779846910081,good,unknown,no,0,low,no major issue,,True,True,True,True,True,not_evaluable,not_evaluable,missing_additive_or_structure_annotation,candidate hypothesis only; no causal mechanism proven,35,C,ZT_ML false positive; manual review not checked
10.1007_s11664-020-08056-3__sample_32441,10.1007/s11664-020-08056-3,https://doi.org/10.1007/s11664-020-08056-3,,32441,Zn4Sb3,unknown,p,5,5,4,4,0.2580370539966934,0.2882256100676444,0.030188556070951,0.2458159999774322,0.3069047602096463,0.0610887602322141,0.2425249497271063,0.2757573785878028,0.0332324288606964,0.2394299724162248,0.2722383062985487,0.0328083338823238,0.9142147,1.1154668007221582,1.2683156978899726,0.9153653780870892,unknown,no,no,ML_close_to_fitting,primary DOI test sample aggregate,p,,high,unknown,unknown,unknown,unknown,unknown,unknown,unknown,,no,unknown,unknown,no,unknown,,,,,False,unknown,True,True,low,0.2580370539966934,,,,,,,,,,,,,,,,,,,,,,,,,,0.1388116985615575,-0.229340397791587,-0.3681520963531445,0.3681520963531445,0.6920119211945184,moderate_error,unknown,no,65,B,predicted high ZT false positive; manual review required; sintering check required later,high-ZT false positive; important candidate for paper; high predicted ZT; carried from Step14,True,True,True,True,True,both_good,material_system_out_of_distribution,missing_additive_or_structure_annotation,candidate hypothesis only; no causal mechanism proven,35,C,ZT_ML false positive; manual review not checked
10.1007_s12598-020-01569-0__sample_42009,10.1007/s12598-020-01569-0,https://doi.org/10.1007/s12598-020-01569-0,,42009,Ti0.6Hf0.3Ta0.1CoSb,unknown,n,8,4,1,4,0.1210009196062111,0.2281044515103282,0.107103531904117,0.1239283012570055,0.2596532773189455,0.1357249760619399,0.145292985115455,0.3896146909023661,0.2443217057869111,0.123928301257005,0.2596532773189414,0.1357249760619363,0.1364149,0.850480101492891,1.0319103135303995,0.7273568611192167,unknown,no,no,ML_moderately_worse,primary DOI test sample aggregate,n,,high,unknown,unknown,unknown,unknown,unknown,unknown,unknown,,no,unknown,unknown,no,unknown,,,,,False,unknown,True,True,medium,0.1210009196062111,0.0858609553124785,,,,,,,,,,,,,,,,,,,,,,,,,0.0067544627654139,-0.2979174042072709,-0.3046718669726848,0.3046718669726848,0.7373652886038224,moderate_error,unknown,no,10,low,no major issue,,True,True,True,True,True,both_good,material_system_out_of_distribution,missing_additive_or_structure_annotation,candidate hypothesis only; no causal mechanism proven,35,C,ZT_ML false positive; manual review not checked
10.1007_s12598-021-01753-w__sample_45736,10.1007/s12598-021-01753-w,https://doi.org/10.1007/s12598-021-01753-w,,45736,Sn0.98Na0.02Se,unknown,p,11,10,9,10,0.3308230228391917,1.7530128101148057,1.4221897872756135,0.2021903011193138,4.527325320248563,4.325135019129249,0.1972037719650976,4.6067492575502165,4.409545485585118,0.2021903011192671,4.527325320247576,4.325135019128309,0.648433,0.4508670478559795,2.521694517756383,0.6362758620126857,unknown,no,no,ML_much_worse,primary DOI test sample aggregate,p,,high,unknown,unknown,unknown,unknown,unknown,unknown,unknown,,no,unknown,unknown,no,unknown,,,,,False,unknown,True,True,medium,0.3308230228391917,0.5153220588926646,,,,,,,,,,,,,,,,,,,,,,,,,-2.6762500419723607,-1.4353337164488915,1.2409163255234692,1.2409163255234692,3.458781382780092,large_over_prediction,unknown,no,0,low,no major issue,,True,True,True,True,True,fitting_good_ML_bad,tau_eff_ML_prediction_error,missing_additive_or_structure_annotation; possible_sintering_or_microstructure_effect,candidate hypothesis only; no causal mechanism proven,115,A,ML much worse than fitting; ZT_ML false positive; missing additive info and ML bad; missing structure info and ML bad; missing sintering info for high-ZT/error sample; manual review not checked
10.1007_s12598-021-01753-w__sample_45737,10.1007/s12598-021-01753-w,https://doi.org/10.1007/s12598-021-01753-w,,45737,Sn0.9775Na0.02In0.0025Se,unknown,p,11,9,6,7,0.3166867725493025,0.5428330608252514,0.2261462882759488,0.2305404436306841,0.5941616595591717,0.3636212159284875,0.3819602551411087,0.8698479268862288,0.4878876717451201,0.2561687739436084,0.668150851367528,0.4119820774239197,1.010345,0.5530940314156385,0.8595511597273392,0.99998572384343,unknown,no,no,ML_moderately_worse,primary DOI test sample aggregate,p,,high,unknown,unknown,unknown,unknown,unknown,unknown,unknown,,no,unknown,unknown,no,unknown,,,,,False,unknown,True,True,medium,0.3166867725493025,0.3892211101886347,,,,,,,,,,,,,,,,,,,,,,,,,-2.1462580011585106,-3.420893871867373,-1.2746358707088623,1.2746358707088623,0.2795327357489322,large_under_prediction,unknown,no,90,A,observed high ZT missed; manual review required; sintering check required later,high observed ZT; high-ZT false negative; important candidate for paper; carried from Step14,True,True,True,True,True,not_evaluable,not_evaluable,missing_additive_or_structure_annotation; possible_sintering_or_microstructure_effect; tau_eff_ML_prediction_error,candidate hypothesis only; no causal mechanism proven,90,A,observed high ZT; ZT_ML false negative; missing sintering info for high-ZT/error sample; manual review not checked
10.1007_s12598-021-01753-w__sample_45738,10.1007/s12598-021-01753-w,https://doi.org/10.1007/s12598-021-01753-w,,45738,Sn0.9750Na0.02In0.0050Se,unknown,p,11,7,3,4,0.3064934397673904,0.5143941273330318,0.2079006875656413,0.2188973214215204,0.494305262602904,0.2754079411813835,0.2360735867550727,0.3351427180734772,0.0990691313184044,0.226386511343891,0.3207401643241278,0.0943536529802367,1.093832,0.661967507484403,1.0005752530352028,1.118157224352801,unknown,no,no,ML_close_to_fitting,primary DOI test sample aggregate,p,existing_step6_or_step15,high,unknown,auto_step9,unknown,unknown,auto_step9,unknown,unknown,,no,unknown,unknown,no,unknown,yes,yes,yes,yes,False,unknown,True,True,medium,0.3064934397673904,0.3947668416272167,p,existing_step6_or_step15,high,unknown,auto_step9,unknown,unknown,auto_step9,unknown,unknown,,no,unknown,unknown,no,not_checked,yes,yes,yes,yes,False,unknown,True,True,-2.118489575479598,-3.420893871867373,-1.3024042963877749,1.3024042963877749,0.2718773329017996,large_under_prediction,not_checked,no,90,A,observed high ZT missed; manual review required; sintering check required later,high observed ZT; high-ZT false negative; important candidate for paper; carried from Step14,True,True,True,True,True,both_good,material_system_out_of_distribution,missing_additive_or_structure_annotation; possible_sintering_or_microstructure_effect; tau_eff_ML_prediction_error,candidate hypothesis only; no causal mechanism proven,60,B,observed high ZT; missing sintering info for high-ZT/error sample; manual review not checked
10.1007_s12598-021-01753-w__sample_45740,10.1007/s12598-021-01753-w,https://doi.org/10.1007/s12598-021-01753-w,,45740,Sn0.97Na0.02In0.01Se,unknown,p,11,6,4,6,0.3876942682097398,0.8137102139067438,0.426015945697004,0.2062430592839076,0.7591000564427244,0.5528569971588168,0.1390563711225706,0.9016993293414316,0.7626429582188611,0.206243059283879,0.7591000564425933,0.5528569971587142,0.7265959,0.5707097997314461,1.1671206844035262,1.0184180236469111,unknown,no,no,ML_much_worse,primary DOI test sample aggregate,p,,high,unknown,unknown,unknown,unknown,unknown,unknown,unknown,,no,unknown,unknown,no,unknown,,,,,False,unknown,True,True,medium,0.3876942682097398,0.6529320439160635,,,,,,,,,,,,,,,,,,,,,,,,,-2.4207898735878164,-3.420893871867373,-1.0001039982795563,1.0001039982795563,0.3678411843318337,large_under_prediction,unknown,no,0,low,no major issue,,True,True,True,True,True,both_poor,missing_additive_or_structure_annotation,possible_sintering_or_microstructure_effect; tau_eff_ML_prediction_error,candidate hypothesis only; no causal mechanism proven,115,A,ML much worse than fitting; ZT_ML false positive; missing additive info and ML bad; missing structure info and ML bad; missing sintering info for high-ZT/error sample; manual review not checked
10.1007_s40843-021-1666-6__sample_46050,10.1007/s40843-021-1666-6,https://doi.org/10.1007/s40843-021-1666-6,,46050,Bi2Te2.5Se0.5,unknown,n,21,21,21,21,0.1377161538298946,0.803962366099507,0.6662462122696124,0.1163859266767141,0.5428299992939152,0.4264440726172011,0.1199890773095028,0.5393721656431552,0.4193830883336523,0.1163859266767134,0.5428299992939063,0.4264440726171928,0.8217492,1.067688867839184,0.483558486794225,0.833620376430948,unknown,no,no,ML_moderately_worse,primary DOI test sample aggregate,n,,high,unknown,unknown,unknown,unknown,unknown,unknown,unknown,,no,unknown,unknown,no,unknown,,,,,False,unknown,True,True,medium,0.1377161538298946,0.2210341280235567,,,,,,,,,,,,,,,,,,,,,,,,,0.6196433632984617,0.0434032168861993,-0.5762401464122624,0.5762401464122624,0.5620074649135921,large_under_prediction,unknown,no,65,B,predicted high ZT false positive; manual review required; sintering check required later,high-ZT false positive; important candidate for paper; high predicted ZT; carried from Step14,True,True,True,True,True,not_evaluable,not_evaluable,missing_additive_or_structure_annotation,candidate hypothesis only; no causal mechanism proven,10,low,manual review not checked
10.1007_s40843-021-1666-6__sample_46051,10.1007/s40843-021-1666-6,https://doi.org/10.1007/s40843-021-1666-6,,46051,(BaFe12O19)0.1(Bi2Te2.5Se0.5)99.9,unknown,n,21,21,21,21,0.1418185094612692,0.9530362156148454,0.8112177061535762,0.1195623376827104,0.6064188674265703,0.4868565297438598,0.124190380873002,0.6032569727145978,0.4790665918415957,0.1195623376827109,0.6064188674265575,0.4868565297438465,0.9071601,1.1856404806966467,0.4620222492560884,0.9172314031045374,unknown,no,no,ML_moderately_worse,primary DOI test sample aggregate,n,,high,unknown,unknown,unknown,unknown,unknown,unknown,unknown,,no,unknown,unknown,no,unknown,,,,,False,unknown,True,True,medium,0.1418185094612689,0.2311672931437012,,,,,,,,,,,,,,,,,,,,,,,,,0.5802603699831838,0.291378817665648,-0.2888815523175357,0.2888815523175357,0.74910092941701,moderate_error,unknown,no,65,B,predicted high ZT false positive; manual review required; sintering check required later,high-ZT false positive; important candidate for paper; high predicted ZT; carried from Step14,True,True,True,True,True,not_evaluable,not_evaluable,missing_additive_or_structure_annotation,candidate hypothesis only; no causal mechanism proven,10,low,manual review not checked
10.1007_s40843-021-1666-6__sample_46052,10.1007/s40843-021-1666-6,https://doi.org/10.1007/s40843-021-1666-6,,46052,(BaFe12O19)0.21(Bi2Te2.5Se0.5)99.79,unknown,n,21,21,21,21,0.1389405877585087,0.9109057116966096,0.7719651239381008,0.1161260478469822,0.5896266273959498,0.4735005795489675,0.1137468440138323,0.5896319458187718,0.4758851018049395,0.1161260478469866,0.5896266273959374,0.4735005795489507,1.014884,1.2898909196887771,0.5243009742758044,1.0117859277234724,unknown,no,no,ML_moderately_worse,primary DOI test sample aggregate,n,,high,unknown,unknown,unknown,unknown,unknown,unknown,unknown,,no,unknown,unknown,no,unknown,,,,,False,unknown,True,True,medium,0.1389405877585084,0.2261258136443468,,,,,,,,,,,,,,,,,,,,,,,,,0.5380820584536449,0.291378817665648,-0.2467032407879968,0.2467032407879968,0.7813725386274349,good,unknown,no,65,B,manual review required; sintering check required later,high observed ZT; important candidate for paper; high predicted ZT,True,True,True,True,True,not_evaluable,not_evaluable,missing_additive_or_structure_annotation; possible_sintering_or_microstructure_effect,candidate hypothesis only; no causal mechanism proven,90,A,observed high ZT; ZT_ML false negative; missing sintering info for high-ZT/error sample; manual review not checked
10.1007_s40843-021-1666-6__sample_46053,10.1007/s40843-021-1666-6,https://doi.org/10.1007/s40843-021-1666-6,,46053,(BaFe12O19)0.31(Bi2Te2.5Se0.5)99.69,unknown,n,22,20,19,19,0.1352742863584629,0.8594045659322604,0.7241302795737975,0.1166264040812359,0.5642162311109761,0.4475898270297401,0.1231601528674617,0.5639535375878894,0.4407933847204276,0.120396826927859,0.5627918610168916,0.4423950340890326,0.9638712,1.2302553810440295,0.5265180761841874,0.9651223648123508,unknown,no,no,ML_moderately_worse,primary DOI test sample aggregate,n,,high,unknown,unknown,unknown,unknown,unknown,unknown,unknown,,no,unknown,unknown,no,unknown,,,,,False,unknown,True,True,medium,0.1352742863584629,0.2191679760324248,,,,,,,,,,,,,,,,,,,,,,,,,0.4865264108337126,0.291378817665648,-0.1951475931680645,0.1951475931680645,0.8227132222438113,good,unknown,no,65,B,predicted high ZT false positive; manual review required; sintering check required later,high-ZT false positive; important candidate for paper; high predicted ZT; carried from Step14,True,True,True,True,True,not_evaluable,not_evaluable,missing_additive_or_structure_annotation,candidate hypothesis only; no causal mechanism proven,10,low,manual review not checked
10.1007_s40843-021-1666-6__sample_46054,10.1007/s40843-021-1666-6,https://doi.org/10.1007/s40843-021-1666-6,,46054,(BaFe12O19)0.42(Bi2Te2.5Se0.5)99.58,unknown,n,21,21,21,21,0.1385359874509117,0.782621976605307,0.6440859891543953,0.1161391957947642,0.5327009320626441,0.4165617362678798,0.1144119434696162,0.5357661983158387,0.4213542548462224,0.1161391957947607,0.5327009320626382,0.4165617362678775,0.9287829,1.1784196192821272,0.5454802568904732,0.9235058282698668,unknown,no,no,ML_moderately_worse,primary DOI test sample aggregate,n,,high,unknown,unknown,unknown,unknown,unknown,unknown,unknown,,no,unknown,unknown,no,unknown,,,,,False,unknown,True,True,medium,0.1385359874509117,0.2202674517818557,,,,,,,,,,,,,,,,,,,,,,,,,0.4080979230335556,0.291378817665648,-0.1167191053679075,0.1167191053679075,0.8898351079671801,good,unknown,no,65,B,predicted high ZT false positive; manual review required; sintering check required later,high-ZT false positive; important candidate for paper; high predicted ZT; carried from Step14,True,True,True,True,True,not_evaluable,not_evaluable,missing_additive_or_structure_annotation,candidate hypothesis only; no causal mechanism proven,10,low,manual review not checked
10.1016_j.actamat.2011.01.064__sample_3133,10.1016/j.actamat.2011.01.064,https://doi.org/10.1016/j.actamat.2011.01.064,,3133,Ba0.3In0.2Co3.95Ni0.05Sb12,unknown,n,21,6,2,2,0.0981166624181205,0.6168423770624835,0.5187257146443629,0.0746370218905406,0.4514049138025512,0.3767678919120106,0.1345765137296712,0.3829033142639288,0.2483268005342576,0.128957786899063,0.4009887928365806,0.2720310059375176,1.074804,1.3605924110389849,0.7400268358541557,1.1059183745375487,unknown,no,no,ML_moderately_worse,primary DOI test sample aggregate,n,,high,unknown,unknown,unknown,unknown,unknown,unknown,unknown,,no,unknown,unknown,no,unknown,,,,,False,unknown,True,True,medium,0.0981166624181206,0.1870330136007882,,,,,,,,,,,,,,,,,,,,,,,,,1.1899674383750565,0.7042081286136312,-0.4857593097614252,0.4857593097614252,0.6152298693182988,moderate_error,unknown,no,75,B,manual review required; sintering check required later,high observed ZT; important candidate for paper; high predicted ZT,True,True,True,True,True,both_good,material_system_out_of_distribution,missing_additive_or_structure_annotation; possible_sintering_or_microstructure_effect,candidate hypothesis only; no causal mechanism proven,90,A,observed high ZT; ZT_ML false negative; missing sintering info for high-ZT/error sample; manual review not checked
10.1016_j.actamat.2011.01.064__sample_3134,10.1016/j.actamat.2011.01.064,https://doi.org/10.1016/j.actamat.2011.01.064,,3134,Ba0.3In0.2Co3.95Ni0.05Sb12,unknown,n,21,4,2,2,0.0931769267664493,0.5804258171284284,0.4872488903619791,0.090611850183769,0.4087186038463893,0.3181067536626202,0.1634794914576685,0.3552818563902481,0.1918023649325796,0.1557277845328393,0.3669492276289249,0.2112214430960856,1.203677,1.5729916123898204,0.8869924839846277,1.230457560856557,unknown,no,no,ML_moderately_worse,primary DOI test sample aggregate,n,,high,unknown,unknown,unknown,unknown,unknown,unknown,unknown,,no,unknown,unknown,no,unknown,,,,,False,unknown,True,True,medium,0.0931769267664493,0.1689660206476258,,,,,,,,,,,,,,,,,,,,,,,,,1.1538764704017972,0.7042081286136312,-0.4496683417881659,0.4496683417881659,0.6378396613068783,moderate_error,unknown,no,75,B,manual review required; sintering check required later,high observed ZT; important candidate for paper; high predicted ZT,True,True,True,True,True,both_good,material_system_out_of_distribution,missing_additive_or_structure_annotation; possible_sintering_or_microstructure_effect,candidate hypothesis only; no causal mechanism proven,90,A,observed high ZT; ZT_ML false negative; missing sintering info for high-ZT/error sample; manual review not checked
10.1016_j.actamat.2011.01.064__sample_3135,10.1016/j.actamat.2011.01.064,https://doi.org/10.1016/j.actamat.2011.01.064,,3135,Ba0.3In0.2Co3.95Ni0.05Sb12,unknown,n,21,9,2,4,0.0943645177545557,0.5633411429564843,0.4689766252019285,0.0513337520216937,0.4475935999137326,0.3962598478920389,0.0374802760605145,0.4219833762588936,0.3845031001983791,0.0659945504581706,0.4563696153188744,0.3903750648607038,1.216632,0.7558280785658009,0.4337344443669928,0.795044208383306,unknown,no,no,ML_moderately_worse,primary DOI test sample aggregate,n,existing_step6_or_step15,high,unknown,auto_step9,unknown,unknown,auto_step9,unknown,unknown,,no,unknown,unknown,no,unknown,yes,yes,yes,yes,False,unknown,True,True,medium,0.0943645177545557,0.1754456285059983,n,existing_step6_or_step15,high,unknown,auto_step9,unknown,unknown,auto_step9,unknown,unknown,,no,unknown,unknown,no,not_checked,yes,yes,yes,yes,False,unknown,True,True,1.136359881872261,0.7042081286136312,-0.4321517532586296,0.4321517532586296,0.6491108645216624,moderate_error,not_checked,no,100,A,observed high ZT missed; manual review required; sintering check required later,high observed ZT; high-ZT false negative; important candidate for paper; carried from Step14,True,True,True,True,True,both_good,material_system_out_of_distribution,missing_additive_or_structure_annotation; possible_sintering_or_microstructure_effect,candidate hypothesis only; no causal mechanism proven,90,A,observed high ZT; ZT_ML false negative; missing sintering info for high-ZT/error sample; manual review not checked
10.1016_j.actamat.2011.01.064__sample_3136,10.1016/j.actamat.2011.01.064,https://doi.org/10.1016/j.actamat.2011.01.064,,3136,Ba0.3In0.2Co3.95Ni0.05Sb12,unknown,n,21,2,1,1,0.0941992152085231,0.5465624479743122,0.452363232765789,0.028002551662773,0.4090389838766941,0.3810364322139211,0.0541892463139944,0.3846793246526861,0.3304900783386917,0.0404579641781278,0.392694149151009,0.3522361849728811,1.190721,1.228256974665361,0.7169224252606623,1.18049648996207,unknown,no,no,ML_moderately_worse,primary DOI test sample aggregate,n,,high,unknown,unknown,unknown,unknown,unknown,unknown,unknown,,no,unknown,unknown,no,unknown,,,,,False,unknown,True,True,medium,0.0941992152085231,0.1768303723254206,,,,,,,,,,,,,,,,,,,,,,,,,1.119362116670752,0.7042081286136312,-0.4151539880571206,0.4151539880571206,0.6602386040168172,moderate_error,unknown,no,75,B,manual review required; sintering check required later,high observed ZT; important candidate for paper; high predicted ZT,True,True,True,True,True,both_good,material_system_out_of_distribution,missing_additive_or_structure_annotation; possible_sintering_or_microstructure_effect,candidate hypothesis only; no causal mechanism proven,90,A,observed high ZT; ZT_ML false negative; missing sintering info for high-ZT/error sample; manual review not checked
10.1016_j.actamat.2011.01.064__sample_3137,10.1016/j.actamat.2011.01.064,https://doi.org/10.1016/j.actamat.2011.01.064,,3137,Ba0.3In0.2Co3.95Ni0.05Sb12,unknown,n,21,7,3,3,0.0953868717429032,0.5077471382151753,0.412360266472272,0.1050062194871898,0.3475582540502239,0.2425520345630341,0.2046341644189973,0.2684069819566568,0.0637728175376595,0.1803538679462639,0.2831527827152144,0.1027989147689504,1.171319,1.5359250960982458,0.9327911408564292,1.195463559586533,unknown,no,no,ML_close_to_fitting,primary DOI test sample aggregate,n,,high,unknown,unknown,unknown,unknown,unknown,unknown,unknown,,no,unknown,unknown,no,unknown,,,,,False,unknown,True,True,medium,0.0953868717429032,0.1747510971724563,,,,,,,,,,,,,,,,,,,,,,,,,1.0796852371187402,0.7042081286136312,-0.3754771085051089,0.3754771085051089,0.6869614454428489,moderate_error,unknown,no,65,B,manual review required; sintering check required later,high observed ZT; important candidate for paper; high predicted ZT,True,True,True,True,True,both_good,material_system_out_of_distribution,missing_additive_or_structure_annotation; possible_sintering_or_microstructure_effect,candidate hypothesis only; no causal mechanism proven,90,A,observed high ZT; ZT_ML false negative; missing sintering info for high-ZT/error sample; manual review not checked
10.1016_j.actamat.2011.01.064__sample_3138,10.1016/j.actamat.2011.01.064,https://doi.org/10.1016/j.actamat.2011.01.064,,3138,Ba0.3In0.2Co3.95Ni0.05Sb12,unknown,n,21,8,2,4,0.0940016258405866,0.5029810336225791,0.4089794077819924,0.1019038715973027,0.3564539092670445,0.2545500376697418,0.0353668374075462,0.3817624983946087,0.3463956609870624,0.1172009885865543,0.3645481260206364,0.2473471374340821,1.158642,1.5388599001307317,0.9388709796853528,1.1972446883503798,unknown,no,no,ML_moderately_worse,primary DOI test sample aggregate,n,,high,unknown,unknown,unknown,unknown,unknown,unknown,unknown,,no,unknown,unknown,no,unknown,,,,,False,unknown,True,True,medium,0.0940016258405866,0.1752185234465274,,,,,,,,,,,,,,,,,,,,,,,,,1.0750974370456914,0.7042081286136312,-0.3708893084320601,0.3708893084320601,0.6901203278322077,moderate_error,unknown,no,75,B,manual review required; sintering check required later,high observed ZT; important candidate for paper; high predicted ZT,True,True,True,True,True,both_good,material_system_out_of_distribution,missing_additive_or_structure_annotation; possible_sintering_or_microstructure_effect,candidate hypothesis only; no causal mechanism proven,90,A,observed high ZT; ZT_ML false negative; missing sintering info for high-ZT/error sample; manual review not checked
10.1016_j.actamat.2011.01.064__sample_3139,10.1016/j.actamat.2011.01.064,https://doi.org/10.1016/j.actamat.2011.01.064,,3139,Ba0.3In0.2Co3.95Ni0.05Sb12,unknown,n,21,11,6,8,0.0919792682730449,0.4945796521288783,0.4026003838558333,0.0854306953996551,0.3669604382346772,0.2815297428350221,0.1304573529768314,0.3405158066716752,0.2100584536948438,0.1067062652829555,0.3588356295796289,0.2521293642966734,1.16481,1.5021090134661514,0.9239647511493252,1.1782363226385362,unknown,no,no,ML_moderately_worse,primary DOI test sample aggregate,n,,high,unknown,unknown,unknown,unknown,unknown,unknown,unknown,,no,unknown,unknown,no,unknown,,,,,False,unknown,True,True,medium,0.0919792682730449,0.1689385438286343,,,,,,,,,,,,,,,,,,,,,,,,,1.0669298941011565,0.7042081286136312,-0.3627217654875252,0.3627217654875252,0.6957799965780193,moderate_error,unknown,no,65,B,manual review required; sintering check required later,high observed ZT; important candidate for paper; high predicted ZT,True,True,True,True,True,both_good,material_system_out_of_distribution,missing_additive_or_structure_annotation; possible_sintering_or_microstructure_effect,candidate hypothesis only; no causal mechanism proven,90,A,observed high ZT; ZT_ML false negative; missing sintering info for high-ZT/error sample; manual review not checked
10.1016_j.actamat.2011.01.064__sample_3140,10.1016/j.actamat.2011.01.064,https://doi.org/10.1016/j.actamat.2011.01.064,,3140,Ba0.3In0.2Co3.95Ni0.05Sb12,unknown,n,21,1,0,0,0.0923409078027398,0.4982397189652416,0.4058988111625017,0.0668863994347235,0.4281258374781013,0.3612394380433778,,,,,,,1.15218,,,,unknown,no,no,not_evaluated,primary DOI test sample aggregate,n,,high,unknown,unknown,unknown,unknown,unknown,unknown,unknown,,no,unknown,unknown,no,unknown,,,,,False,unknown,True,True,medium,0.0923409078027396,0.1705741710170925,,,,,,,,,,,,,,,,,,,,,,,,,1.0705863885714997,0.7042081286136312,-0.3663782599578684,0.3663782599578684,0.6932405264765306,moderate_error,unknown,no,50,B,insufficient ZT evaluation rows; manual review required; sintering check required later,high observed ZT; important candidate for paper,True,True,True,True,True,not_evaluable,not_evaluable,missing_additive_or_structure_annotation; possible_sintering_or_microstructure_effect,candidate hypothesis only; no causal mechanism proven,90,A,observed high ZT; ZT_ML false negative; missing sintering info for high-ZT/error sample; manual review not checked
10.1016_j.actamat.2011.01.064__sample_3141,10.1016/j.actamat.2011.01.064,https://doi.org/10.1016/j.actamat.2011.01.064,,3141,Ba0.3In0.2Co3.95Ni0.05Sb12,unknown,n,21,7,3,5,0.0946615174562577,0.4537604979264336,0.3590989804701758,0.1134858460392728,0.3378594964828126,0.2243736504435397,0.1325644339421876,0.3178203108187004,0.1852558768765127,0.1333514839217903,0.3132673224016558,0.1799158384798654,1.096825,1.4189587745211072,0.9104162328622638,1.1026780172689024,unknown,no,no,ML_moderately_worse,primary DOI test sample aggregate,n,,high,unknown,unknown,unknown,unknown,unknown,unknown,unknown,,no,unknown,unknown,no,unknown,,,,,False,unknown,True,True,medium,0.0946615174562577,0.1762440652441606,,,,,,,,,,,,,,,,,,,,,,,,,1.0247551389111684,0.7042081286136312,-0.3205470102975372,0.3205470102975372,0.7257519346923123,moderate_error,unknown,no,65,B,manual review required; sintering check required later,high observed ZT; important candidate for paper; high predicted ZT,True,True,True,True,True,both_good,material_system_out_of_distribution,missing_additive_or_structure_annotation; possible_sintering_or_microstructure_effect,candidate hypothesis only; no causal mechanism proven,90,A,observed high ZT; ZT_ML false negative; missing sintering info for high-ZT/error sample; manual review not checked
10.1016_j.actamat.2011.01.064__sample_3142,10.1016/j.actamat.2011.01.064,https://doi.org/10.1016/j.actamat.2011.01.064,,3142,Ba0.3In0.2Co3.95Ni0.05Sb12,unknown,n,21,6,2,2,0.0939982417233908,0.4529738681139915,0.3589756263906007,0.0665049163453205,0.3826956268499399,0.3161907105046193,0.0655042907952143,0.3385581546060515,0.2730538638108372,0.0653554200724733,0.3460205388421984,0.2806651187697251,1.058269,1.0754577635151816,0.6904807430695625,0.9921557337988912,unknown,no,no,ML_moderately_worse,primary DOI test sample aggregate,n,,high,unknown,unknown,unknown,unknown,unknown,unknown,unknown,,no,unknown,unknown,no,unknown,,,,,False,unknown,True,True,medium,0.0939982417233908,0.1734723462553789,,,,,,,,,,,,,,,,,,,,,,,,,1.0240920007202912,0.7042081286136312,-0.3198838721066599,0.3198838721066599,0.7262333681281162,moderate_error,unknown,no,75,B,manual review required; sintering check required later,high observed ZT; important candidate for paper; high predicted ZT,True,True,True,True,True,both_good,material_system_out_of_distribution,missing_additive_or_structure_annotation; possible_sintering_or_microstructure_effect,candidate hypothesis only; no causal mechanism proven,90,A,observed high ZT; ZT_ML false negative; missing sintering info for high-ZT/error sample; manual review not checked
10.1016_j.actamat.2011.01.064__sample_3143,10.1016/j.actamat.2011.01.064,https://doi.org/10.1016/j.actamat.2011.01.064,,3143,Ba0.3In0.2Co3.95Ni0.05Sb12,unknown,n,21,5,0,0,0.094072085030649,0.4800380671058969,0.3859659820752479,0.1082455096346501,0.3580846462218712,0.249839136587221,,,,,,,1.132437,,,,unknown,no,no,not_evaluated,primary DOI test sample aggregate,n,,high,unknown,unknown,unknown,unknown,unknown,unknown,unknown,,no,unknown,unknown,no,unknown,,,,,False,unknown,True,True,medium,0.094072085030649,0.1730649129278019,,,,,,,,,,,,,,,,,,,,,,,,,1.0517086800393822,0.7042081286136312,-0.347500551425751,0.347500551425751,0.7064516243738383,moderate_error,unknown,no,50,B,insufficient ZT evaluation rows; manual review required; sintering check required later,high observed ZT; important candidate for paper,True,True,True,True,True,not_evaluable,not_evaluable,missing_additive_or_structure_annotation; possible_sintering_or_microstructure_effect,candidate hypothesis only; no causal mechanism proven,90,A,observed high ZT; ZT_ML false negative; missing sintering info for high-ZT/error sample; manual review not checked
10.1016_j.actamat.2011.01.064__sample_3144,10.1016/j.actamat.2011.01.064,https://doi.org/10.1016/j.actamat.2011.01.064,,3144,Ba0.3In0.2Co4Sb12,unknown,n,21,4,3,3,0.1017479728991933,0.3616117379467276,0.2598637650475343,0.1096371697377384,0.2158459266717289,0.1062087569339904,0.1034867965559929,0.2273695447348824,0.1238827481788895,0.107185917321194,0.2176257513211076,0.1104398339999136,1.21625,1.428094331101128,1.009382647670478,1.1793275559831369,unknown,no,no,ML_moderately_worse,primary DOI test sample aggregate,n,,high,unknown,unknown,unknown,unknown,unknown,unknown,unknown,,no,unknown,unknown,no,unknown,,,,,False,unknown,True,True,medium,0.1017479728991933,0.2028036143509243,,,,,,,,,,,,,,,,,,,,,,,,,0.7640743568721058,0.7126523701536179,-0.0514219867184878,0.0514219867184878,0.9498777501520872,good,unknown,no,65,B,manual review required; sintering check required later,high observed ZT; important candidate for paper; high predicted ZT,True,True,True,True,True,both_good,material_system_out_of_distribution,missing_additive_or_structure_annotation; possible_sintering_or_microstructure_effect,candidate hypothesis only; no causal mechanism proven,60,B,observed high ZT; missing sintering info for high-ZT/error sample; manual review not checked
10.1016_j.actamat.2011.01.064__sample_3145,10.1016/j.actamat.2011.01.064,https://doi.org/10.1016/j.actamat.2011.01.064,,3145,Ba0.3In0.2Co4Sb12,unknown,n,21,7,0,3,0.0929711566317758,0.3452884386244996,0.2523172819927237,0.1174899639742885,0.2508580348521386,0.13336807087785,,,,0.064342787718437,0.306661545851751,0.242318758133314,,1.242110856818005,0.8907208656833582,1.1865726082056376,unknown,no,no,not_evaluated,primary DOI test sample aggregate,n,,high,unknown,unknown,unknown,unknown,unknown,unknown,unknown,,no,unknown,unknown,no,unknown,,,,,False,unknown,True,True,medium,0.0929711566317758,0.1829070162351376,,,,,,,,,,,,,,,,,,,,,,,,,0.7496087598631993,0.7126523701536179,-0.0369563897095813,0.0369563897095813,0.9637181624615864,good,unknown,no,35,C,insufficient ZT evaluation rows; sintering check required later,high predicted ZT,True,True,True,True,True,not_evaluable,not_evaluable,missing_additive_or_structure_annotation,candidate hypothesis only; no causal mechanism proven,10,low,manual review not checked
10.1016_j.actamat.2011.01.064__sample_3146,10.1016/j.actamat.2011.01.064,https://doi.org/10.1016/j.actamat.2011.01.064,,3146,Ba0.3In0.2Co4Sb12,unknown,n,21,2,1,2,0.0849564448917312,0.5462685681274336,0.4613121232357024,0.1399365641901967,0.3576605810364249,0.2177240168462282,0.5919114428033139,0.0719655274752377,-0.5199459153280762,0.1399365641901892,0.3576605810364154,0.2177240168462262,1.330965,2.1187784134707126,1.2351814017239202,1.7062447917607797,unknown,no,no,ML_better_than_fitting,primary DOI test sample aggregate,n,,high,unknown,unknown,unknown,unknown,unknown,unknown,unknown,,no,unknown,unknown,no,unknown,,,,,False,unknown,True,True,medium,0.0849564448917312,0.146920730330223,,,,,,,,,,,,,,,,,,,,,,,,,0.9566942002458886,0.7126523701536179,-0.2440418300922706,0.2440418300922706,0.7834548615882752,good,unknown,no,75,B,manual review required; sintering check required later,high observed ZT; important candidate for paper; high predicted ZT,True,True,True,True,True,not_evaluable,not_evaluable,missing_additive_or_structure_annotation; possible_sintering_or_microstructure_effect,candidate hypothesis only; no causal mechanism proven,60,B,observed high ZT; missing sintering info for high-ZT/error sample; manual review not checked
10.1016_j.actamat.2011.01.064__sample_3147,10.1016/j.actamat.2011.01.064,https://doi.org/10.1016/j.actamat.2011.01.064,,3147,Ba0.3In0.2Co4Sb12,unknown,n,21,6,4,5,0.0854262803663073,0.5386246005773687,0.4531983202110614,0.1061651024746501,0.383170351513828,0.2770052490391778,0.3555700225389342,0.203545336970151,-0.1520246855687831,0.1189724177589277,0.3822633299144499,0.2632909121555221,1.330956,2.1131704035427665,1.2415768965781806,1.707247428202192,unknown,no,no,ML_better_than_fitting,primary DOI test sample aggregate,n,,high,unknown,unknown,unknown,unknown,unknown,unknown,unknown,,no,unknown,unknown,no,unknown,,,,,False,unknown,True,True,medium,0.0854262803663073,0.1455181699772051,,,,,,,,,,,,,,,,,,,,,,,,,0.9488794591836722,0.7126523701536179,-0.2362270890300543,0.2362270890300543,0.7896013437683308,good,unknown,no,65,B,manual review required; sintering check required later,high observed ZT; important candidate for paper; high predicted ZT,True,True,True,True,True,both_good,material_system_out_of_distribution,missing_additive_or_structure_annotation; possible_sintering_or_microstructure_effect,candidate hypothesis only; no causal mechanism proven,60,B,observed high ZT; missing sintering info for high-ZT/error sample; manual review not checked
10.1016_j.actamat.2011.01.064__sample_3148,10.1016/j.actamat.2011.01.064,https://doi.org/10.1016/j.actamat.2011.01.064,,3148,Ba0.3In0.2Co4Sb12,unknown,n,21,1,1,1,0.0879109670735497,0.7546655099572926,0.6667545428837429,0.1138901909022049,0.581233605320767,0.467343414418562,0.2289494941698315,0.4192110914104954,0.1902615972406638,0.1138901909022041,0.5812336053207705,0.4673434144185663,1.44188,1.1918277228539882,0.5632455407377591,1.3450113187071735,unknown,no,no,ML_moderately_worse,primary DOI test sample aggregate,n,,high,unknown,unknown,unknown,unknown,unknown,unknown,unknown,,no,unknown,unknown,no,unknown,,,,,False,unknown,True,True,medium,0.0879109670735497,0.1415005843925287,,,,,,,,,,,,,,,,,,,,,,,,,1.16659998809542,0.7126523701536179,-0.4539476179418021,0.4539476179418021,0.6351160010579322,moderate_error,unknown,no,75,B,manual review required; sintering check required later,high observed ZT; important candidate for paper; high predicted ZT,True,True,True,True,True,both_good,material_system_out_of_distribution,missing_additive_or_structure_annotation; possible_sintering_or_microstructure_effect,candidate hypothesis only; no causal mechanism proven,90,A,observed high ZT; ZT_ML false negative; missing sintering info for high-ZT/error sample; manual review not checked
10.1016_j.actamat.2011.01.064__sample_3149,10.1016/j.actamat.2011.01.064,https://doi.org/10.1016/j.actamat.2011.01.064,,3149,Ba0.3In0.2Co4Sb12,unknown,n,21,3,0,0,0.0860230219438551,0.7489807619432381,0.662957739999383,0.0840101620750175,0.5098796670541691,0.4258695049791515,,,,,,,1.449545,,,,unknown,no,no,not_evaluated,primary DOI test sample aggregate,n,,high,unknown,unknown,unknown,unknown,unknown,unknown,unknown,,no,unknown,unknown,no,unknown,,,,,False,unknown,True,True,medium,0.0860230219438551,0.1326935646017868,,,,,,,,,,,,,,,,,,,,,,,,,1.1610966829606784,0.7126523701536179,-0.4484443128070604,0.4484443128070604,0.6386208735532941,moderate_error,unknown,no,50,B,insufficient ZT evaluation rows; manual review required; sintering check required later,high observed ZT; important candidate for paper,True,True,True,True,True,not_evaluable,not_evaluable,missing_additive_or_structure_annotation; possible_sintering_or_microstructure_effect,candidate hypothesis only; no causal mechanism proven,90,A,observed high ZT; ZT_ML false negative; missing sintering info for high-ZT/error sample; manual review not checked
10.1016_j.actamat.2011.01.064__sample_3150,10.1016/j.actamat.2011.01.064,https://doi.org/10.1016/j.actamat.2011.01.064,,3150,Ba0.3In0.2Co4Sb12,unknown,n,21,1,0,0,0.0880123622324472,0.8748037403320725,0.7867913780996253,0.1274242004225838,0.634566461262792,0.5071422608402082,,,,,,,1.29027,,,,unknown,no,no,not_evaluated,primary DOI test sample aggregate,n,,high,unknown,unknown,unknown,unknown,unknown,unknown,unknown,,no,unknown,unknown,no,unknown,,,,,False,unknown,True,True,medium,0.0880123622324472,0.1182973087799717,,,,,,,,,,,,,,,,,,,,,,,,,1.287437441496346,0.7126523701536179,-0.5747850713427282,0.5747850713427282,0.5628258232066665,large_under_prediction,unknown,no,50,B,insufficient ZT evaluation rows; manual review required; sintering check required later,high observed ZT; important candidate for paper,True,True,True,True,True,not_evaluable,not_evaluable,missing_additive_or_structure_annotation; possible_sintering_or_microstructure_effect,candidate hypothesis only; no causal mechanism proven,90,A,observed high ZT; ZT_ML false negative; missing sintering info for high-ZT/error sample; manual review not checked
10.1016_j.actamat.2011.01.064__sample_3151,10.1016/j.actamat.2011.01.064,https://doi.org/10.1016/j.actamat.2011.01.064,,3151,Ba0.3In0.2Co4Sb12,unknown,n,21,4,0,0,0.0876109200669545,0.868436017992535,0.7808250979255804,0.0920653268994919,0.5686476974437421,0.4765823705442502,,,,,,,1.526002,,,,unknown,no,no,not_evaluated,primary DOI test sample aggregate,n,,high,unknown,unknown,unknown,unknown,unknown,unknown,unknown,,no,unknown,unknown,no,unknown,,,,,False,unknown,True,True,medium,0.0876109200669546,0.1164308176795678,,,,,,,,,,,,,,,,,,,,,,,,,1.281077806260924,0.7126523701536179,-0.5684254361073061,0.5684254361073061,0.5664165960436848,large_under_prediction,unknown,no,50,B,insufficient ZT evaluation rows; manual review required; sintering check required later,high observed ZT; important candidate for paper,True,True,True,True,True,not_evaluable,not_evaluable,missing_additive_or_structure_annotation; possible_sintering_or_microstructure_effect,candidate hypothesis only; no causal mechanism proven,90,A,observed high ZT; ZT_ML false negative; missing sintering info for high-ZT/error sample; manual review not checked
10.1016_j.actamat.2011.01.064__sample_3152,10.1016/j.actamat.2011.01.064,https://doi.org/10.1016/j.actamat.2011.01.064,,3152,Ba0.3In0.2Co4Sb12,unknown,n,21,1,0,0,0.0901015363600579,0.989212772202706,0.8991112358426482,0.0420242322329477,0.6109065059125682,0.5688822736796205,,,,,,,1.214359,,,,unknown,no,no,not_evaluated,primary DOI test sample aggregate,n,,high,unknown,unknown,unknown,unknown,unknown,unknown,unknown,,no,unknown,unknown,no,unknown,,,,,False,unknown,True,True,medium,0.0901015363600579,0.1118487694655051,,,,,,,,,,,,,,,,,,,,,,,,,1.4021731590887725,0.7126523701536179,-0.6895207889351546,0.6895207889351546,0.5018164874691924,large_under_prediction,unknown,no,50,B,insufficient ZT evaluation rows; manual review required; sintering check required later,high observed ZT; important candidate for paper,True,True,True,True,True,not_evaluable,not_evaluable,missing_additive_or_structure_annotation; possible_sintering_or_microstructure_effect,candidate hypothesis only; no causal mechanism proven,90,A,observed high ZT; ZT_ML false negative; missing sintering info for high-ZT/error sample; manual review not checked
10.1016_j.actamat.2011.01.064__sample_3153,10.1016/j.actamat.2011.01.064,https://doi.org/10.1016/j.actamat.2011.01.064,,3153,Ba0.3In0.2Co4Sb12,unknown,n,21,3,0,0,0.0890447325784173,0.9823071089759252,0.8932623763975077,0.039652733516677,0.6314417217080451,0.5917889881913682,,,,,,,1.587389,,,,unknown,no,no,not_evaluated,primary DOI test sample aggregate,n,,high,unknown,unknown,unknown,unknown,unknown,unknown,unknown,,no,unknown,unknown,no,unknown,,,,,False,unknown,True,True,medium,0.0890447325784173,0.1075817218244603,,,,,,,,,,,,,,,,,,,,,,,,,1.3953352360898486,0.7126523701536179,-0.6826828659362306,0.6826828659362306,0.5052596285208334,large_under_prediction,unknown,no,50,B,insufficient ZT evaluation rows; manual review required; sintering check required later,high observed ZT; important candidate for paper,True,True,True,True,True,not_evaluable,not_evaluable,missing_additive_or_structure_annotation; possible_sintering_or_microstructure_effect,candidate hypothesis only; no causal mechanism proven,90,A,observed high ZT; ZT_ML false negative; missing sintering info for high-ZT/error sample; manual review not checked
10.1016_j.actamat.2019.01.013__sample_83822,10.1016/j.actamat.2019.01.013,https://doi.org/10.1016/j.actamat.2019.01.013,,83822,(Hf0.25Zr0.25Ti0.5)0.995Nb0.005NiSn,unknown,n,14,14,14,14,0.4544625042677571,0.5689129280166513,0.1144504237488941,0.42479829191307,0.6524730397102562,0.2276747477971861,0.428945475656469,0.6600918713665745,0.2311463957101054,0.4247982919130707,0.6524730397102422,0.2276747477971714,0.9865,0.7441003476997774,1.047762586201272,0.9893248774524503,unknown,no,no,ML_moderately_worse,primary DOI test sample aggregate,n,,high,unknown,unknown,unknown,unknown,unknown,unknown,unknown,,no,unknown,unknown,no,unknown,,,,,False,unknown,True,False,medium,0.4544625042677571,0.7215215723407161,,,,,,,,,,,,,,,,,,,,,,,,,-0.0537403639341315,0.831349180744122,0.8850895446782535,0.8850895446782535,2.4232013665576355,large_over_prediction,unknown,no,0,low,no major issue,,True,True,True,True,True,not_evaluable,not_evaluable,missing_additive_or_structure_annotation,candidate hypothesis only; no causal mechanism proven,35,C,ZT_ML false positive; manual review not checked
10.1016_j.actamat.2019.01.013__sample_83825,10.1016/j.actamat.2019.01.013,https://doi.org/10.1016/j.actamat.2019.01.013,,83825,(Hf0.25Zr0.25Ti0.5)0.98Nb0.02NiSn,unknown,n,14,14,11,12,0.0748970564835771,0.5387055542907545,0.4638084978071774,0.0563715610487689,0.4117578313411439,0.3553862702923749,0.0685585009859329,0.4073771118841979,0.338818610898265,0.0626823536483219,0.410822322091057,0.3481399684427351,0.9949,1.0429928271480151,0.6117819670493879,1.0032409073978965,unknown,no,no,ML_moderately_worse,primary DOI test sample aggregate,n,,high,unknown,unknown,unknown,unknown,unknown,unknown,unknown,,no,unknown,unknown,no,unknown,,,,,False,unknown,True,False,medium,0.074897056483577,0.1147424056214341,,,,,,,,,,,,,,,,,,,,,,,,,0.8219696555173853,0.831349180744122,0.0093795252267366,0.0093795252267366,1.009423650824629,good,unknown,no,60,B,predicted high ZT false positive; manual review required; sintering check required later,high-ZT false positive; important candidate for paper; high predicted ZT; carried from Step14,True,True,True,True,True,both_good,material_system_out_of_distribution,missing_additive_or_structure_annotation,candidate hypothesis only; no causal mechanism proven,10,low,manual review not checked
10.1016_j.actamat.2019.01.013__sample_83826,10.1016/j.actamat.2019.01.013,https://doi.org/10.1016/j.actamat.2019.01.013,,83826,(Hf0.25Zr0.25Ti0.5)0.975Nb0.025NiSn,unknown,n,14,14,13,13,0.066806006417462,0.6468397235388658,0.5800337171214037,0.0518295332722053,0.4732844246694739,0.4214548913972685,0.0546585957908913,0.4688942683759331,0.4142356725850418,0.0542469131359759,0.4740167054366499,0.419769792300674,0.9694,1.0412126382681448,0.5471706454028137,0.9723784863671696,unknown,no,no,ML_moderately_worse,primary DOI test sample aggregate,n,,high,unknown,unknown,unknown,unknown,unknown,unknown,unknown,,no,unknown,unknown,no,unknown,,,,,False,unknown,True,False,medium,0.066806006417462,0.0666785900401393,,,,,,,,,,,,,,,,,,,,,,,,,0.9318766251696978,0.831349180744122,-0.1005274444255758,0.1005274444255758,0.9043602924234476,good,unknown,no,60,B,predicted high ZT false positive; manual review required; sintering check required later,high-ZT false positive; important candidate for paper; high predicted ZT; carried from Step14,True,True,True,True,True,both_good,material_system_out_of_distribution,missing_additive_or_structure_annotation,candidate hypothesis only; no causal mechanism proven,10,low,manual review not checked
10.1016_j.actamat.2021.117231__sample_46273,10.1016/j.actamat.2021.117231,https://doi.org/10.1016/j.actamat.2021.117231,,46273,Ag3.92TeS,unknown,n,8,8,8,8,0.3294530949415722,1.7760863931637758,1.4466332982222037,0.2983674225123779,5.040559520601132,4.742192098088754,0.2828513117769853,5.120899248128363,4.838047936351377,0.2983674225123897,5.040559520600574,4.742192098088185,0.6920841,1.023196974202962,5.860267110592492,0.7520528350911981,unknown,no,no,ML_much_worse,primary DOI test sample aggregate,n,,high,unknown,unknown,unknown,unknown,unknown,unknown,unknown,,no,unknown,unknown,no,unknown,,,,,False,unknown,True,True,medium,0.3294530949415722,0.4204975307314976,,,,,,,,,,,,,,,,,,,,,,,,,-2.317694754442682,-0.7046971165062417,1.6129976379364404,1.6129976379364404,5.01783034424896,large_over_prediction,unknown,no,65,B,predicted high ZT false positive; manual review required; sintering check required later,high-ZT false positive; important candidate for paper; high predicted ZT; carried from Step14,True,True,True,True,True,fitting_good_ML_bad,tau_eff_ML_prediction_error,missing_additive_or_structure_annotation; possible_sintering_or_microstructure_effect,candidate hypothesis only; no causal mechanism proven,115,A,ML much worse than fitting; ZT_ML false positive; missing additive info and ML bad; missing structure info and ML bad; missing sintering info for high-ZT/error sample; manual review not checked
10.1016_j.actamat.2021.117231__sample_46274,10.1016/j.actamat.2021.117231,https://doi.org/10.1016/j.actamat.2021.117231,,46274,Ag3.95TeS,unknown,n,8,6,6,6,0.2732800913581399,1.4012011254512828,1.127921034093143,0.2692729427746855,2.9111611236140544,2.641888180839369,0.2708295556545931,3.0267310065894293,2.7559014509348363,0.2692729427746633,2.911161123613747,2.641888180839084,0.9711413,1.1607323539698864,4.587543205945006,0.9715921408388106,unknown,no,no,ML_much_worse,primary DOI test sample aggregate,n,,high,unknown,unknown,unknown,unknown,unknown,unknown,unknown,,no,unknown,unknown,no,unknown,,,,,False,unknown,True,True,medium,0.2732800913581399,0.4308585450614392,,,,,,,,,,,,,,,,,,,,,,,,,-1.9467250699576373,-0.7046971165062417,1.2420279534513956,1.2420279534513956,3.462628398590735,large_over_prediction,unknown,no,65,B,predicted high ZT false positive; manual review required; sintering check required later,high-ZT false positive; important candidate for paper; high predicted ZT; carried from Step14,True,True,True,True,True,fitting_good_ML_bad,tau_eff_ML_prediction_error,missing_additive_or_structure_annotation; possible_sintering_or_microstructure_effect,candidate hypothesis only; no causal mechanism proven,115,A,ML much worse than fitting; ZT_ML false positive; missing additive info and ML bad; missing structure info and ML bad; missing sintering info for high-ZT/error sample; manual review not checked
10.1016_j.actamat.2021.117231__sample_46275,10.1016/j.actamat.2021.117231,https://doi.org/10.1016/j.actamat.2021.117231,,46275,Ag3.98TeS,unknown,n,8,8,7,7,0.3428723473206085,1.1250702820127785,0.7821979346921699,0.3151108014781745,2.099505374324576,1.7843945728464017,0.3265980258470213,2.2336871324124146,1.9070891065653928,0.3239566739569069,2.230775410895158,1.9068187369382508,0.9420823,1.368789527715227,3.9967353348951073,0.860495314355199,unknown,no,no,ML_much_worse,primary DOI test sample aggregate,n,,high,unknown,unknown,unknown,unknown,unknown,unknown,unknown,,no,unknown,unknown,no,unknown,,,,,False,unknown,True,True,medium,0.3428723473206085,0.2338666416020858,,,,,,,,,,,,,,,,,,,,,,,,,-1.643982652705006,-0.7046971165062417,0.9392855361987644,0.9392855361987644,2.558153057500629,large_over_prediction,unknown,no,65,B,predicted high ZT false positive; manual review required; sintering check required later,high-ZT false positive; important candidate for paper; high predicted ZT; carried from Step14,True,True,True,True,True,fitting_good_ML_bad,insufficient_material_features,missing_additive_or_structure_annotation; possible_sintering_or_microstructure_effect,candidate hypothesis only; no causal mechanism proven,115,A,ML much worse than fitting; ZT_ML false positive; missing additive info and ML bad; missing structure info and ML bad; missing sintering info for high-ZT/error sample; manual review not checked
10.1016_j.actamat.2021.117231__sample_46276,10.1016/j.actamat.2021.117231,https://doi.org/10.1016/j.actamat.2021.117231,,46276,Ag3.99TeS,unknown,n,8,8,6,8,0.2278156517701819,0.5407320048331725,0.3129163530629906,0.215444099030412,0.6758158611513243,0.4603717621209123,0.2296694143203698,0.6364929895334882,0.4068235752131184,0.2154440990304144,0.6758158611512868,0.4603717621208723,0.9697587,0.9334359594514794,1.5242706429204391,0.9942926065332236,unknown,no,no,ML_moderately_worse,primary DOI test sample aggregate,n,,high,unknown,unknown,unknown,unknown,unknown,unknown,unknown,,no,unknown,unknown,no,unknown,,,,,False,unknown,True,True,medium,0.2278156517701819,0.237991557864458,,,,,,,,,,,,,,,,,,,,,,,,,-1.062830533660538,-0.7046971165062417,0.3581334171542962,0.3581334171542962,1.4306564818641097,moderate_error,unknown,no,0,low,no major issue,,True,True,True,True,True,not_evaluable,not_evaluable,missing_additive_or_structure_annotation,candidate hypothesis only; no causal mechanism proven,35,C,ZT_ML false positive; manual review not checked
10.1016_j.actamat.2021.117335__sample_46037,10.1016/j.actamat.2021.117335,https://doi.org/10.1016/j.actamat.2021.117335,,46037,(Ag0.98Cu0.02)2Se,unknown,n,5,5,5,5,0.2139635793608376,1.3948427776114238,1.1808791982505862,0.1682931398695966,0.7420517594808179,0.5737586196112213,0.1638682812823007,0.7432697348570991,0.5794014535747983,0.1682931398695883,0.7420517594808071,0.5737586196112188,0.8030338,1.0128593092217564,0.2552384283079634,0.805411194115491,unknown,no,no,ML_much_worse,primary DOI test sample aggregate,n,,high,unknown,unknown,unknown,unknown,unknown,unknown,unknown,,no,unknown,unknown,no,unknown,,,,,False,unknown,True,True,low,0.2139635793608376,,,,,,,,,,,,,,,,,,,,,,,,,,0.4983560220064362,2.7860749667059013,2.287718944699465,2.287718944699465,9.852438073413714,large_over_prediction,unknown,no,65,B,predicted high ZT false positive; manual review required; sintering check required later,high-ZT false positive; important candidate for paper; high predicted ZT; carried from Step14,True,True,True,True,True,fitting_good_ML_bad,tau_eff_ML_prediction_error,missing_additive_or_structure_annotation; possible_sintering_or_microstructure_effect,candidate hypothesis only; no causal mechanism proven,90,A,ML much worse than fitting; missing additive info and ML bad; missing structure info and ML bad; missing sintering info for high-ZT/error sample; manual review not checked
10.1016_j.applthermaleng.2020.115206__sample_28521,10.1016/j.applthermaleng.2020.115206,https://doi.org/10.1016/j.applthermaleng.2020.115206,,28521,Bi2Te3,unknown,p,24,24,0,24,0.315399855835701,0.7031901488198701,0.387790292984169,0.1930813464726378,0.444632711224052,0.2515513647514141,,,,0.1930813464726366,0.4446327112240442,0.2515513647514075,,1.04926006399706,0.5596719358208907,1.0299889196801562,unknown,no,no,not_evaluated,primary DOI test sample aggregate,p,,high,unknown,unknown,unknown,unknown,unknown,unknown,unknown,,no,unknown,unknown,no,unknown,,,,,False,unknown,True,True,medium,0.315399855835701,0.3015343609104127,,,,,,,,,,,,,,,,,,,,,,,,,0.5107470612418153,-0.6864095275125219,-1.1971565887543374,1.1971565887543374,0.3020518496520463,large_under_prediction,unknown,no,35,C,insufficient ZT evaluation rows; sintering check required later,high predicted ZT,True,True,True,True,True,not_evaluable,not_evaluable,missing_additive_or_structure_annotation; tau_eff_ML_prediction_error,candidate hypothesis only; no causal mechanism proven,10,low,manual review not checked
10.1016_j.cap.2014.12.006__sample_1509,10.1016/j.cap.2014.12.006,https://doi.org/10.1016/j.cap.2014.12.006,,1509,Cu0.008Bi1.98Ge0.02Te2.7Se0.3,unknown,n,6,6,0,6,0.1889171144506366,0.9508698581600148,0.7619527437093782,0.1539996128918353,1.5835917488171216,1.4295921359252863,,,,0.1539996128918299,1.5835917488171114,1.4295921359252814,,0.705801342555185,1.7922872405238122,0.5407144838002437,unknown,no,no,not_evaluated,primary DOI test sample aggregate,n,,high,unknown,unknown,unknown,unknown,unknown,unknown,unknown,,no,unknown,unknown,no,unknown,,,,,False,unknown,True,True,low,0.1889171144506366,,,,,,,,,,,,,,,,,,,,,,,,,,-0.6882278491239555,0.0615090862988729,0.7497369354228285,0.7497369354228285,2.116443182143356,large_over_prediction,unknown,no,10,low,insufficient ZT evaluation rows,,True,True,True,True,True,not_evaluable,not_evaluable,missing_additive_or_structure_annotation,candidate hypothesis only; no causal mechanism proven,35,C,ZT_ML false positive; manual review not checked
10.1016_j.cej.2020.126274__sample_41842,10.1016/j.cej.2020.126274,https://doi.org/10.1016/j.cej.2020.126274,,41842,SnSeTe30,unknown,p,14,13,9,13,0.3613699689794895,1.150153733665978,0.7887837646864884,0.3301572469285013,0.6299056379028405,0.2997483909743391,0.3497498958410659,0.5944103756740038,0.2446604798329378,0.3301572469284861,0.629905637902807,0.2997483909743209,1.104416,1.4642153743055446,0.4913544468466285,1.1419031405850222,unknown,no,no,ML_moderately_worse,primary DOI test sample aggregate,p,,high,unknown,unknown,unknown,unknown,unknown,unknown,unknown,,no,unknown,unknown,no,unknown,,,,,False,unknown,True,True,medium,0.3613699689794895,0.4362644702464139,,,,,,,,,,,,,,,,,,,,,,,,,1.5272409751718448,1.67396208774571,0.1467211125738652,0.1467211125738652,1.1580309577177066,good,unknown,no,65,B,manual review required; sintering check required later,high observed ZT; important candidate for paper; high predicted ZT,True,True,True,True,True,fitting_good_ML_bad,insufficient_material_features,missing_additive_or_structure_annotation; possible_sintering_or_microstructure_effect,candidate hypothesis only; no causal mechanism proven,90,A,observed high ZT; ZT_ML false negative; missing sintering info for high-ZT/error sample; manual review not checked
10.1016_j.cej.2020.126274__sample_41843,10.1016/j.cej.2020.126274,https://doi.org/10.1016/j.cej.2020.126274,,41843,SnSeTe30,unknown,p,14,13,11,12,0.4575821319006797,0.9846387878554896,0.52705665595481,0.4720047282419973,0.5352947543920789,0.0632900261500815,0.4792021886002197,0.5437714394287788,0.064569250828559,0.4974440732170282,0.5256069419692851,0.0281628687522568,0.8424863,1.240174083320844,0.5186096436202621,0.8458547265496705,unknown,no,no,ML_close_to_fitting,primary DOI test sample aggregate,p,,high,unknown,unknown,unknown,unknown,unknown,unknown,unknown,,no,unknown,unknown,no,unknown,,,,,False,unknown,True,True,medium,0.4575821319006797,0.6242624430558554,,,,,,,,,,,,,,,,,,,,,,,,,1.3071875030045417,1.67396208774571,0.3667745847411683,0.3667745847411683,1.4430725918678842,moderate_error,unknown,no,65,B,predicted high ZT false positive; manual review required; sintering check required later,high-ZT false positive; important candidate for paper; high predicted ZT; carried from Step14,True,True,True,True,True,not_evaluable,not_evaluable,missing_additive_or_structure_annotation,candidate hypothesis only; no causal mechanism proven,10,low,manual review not checked
10.1016_j.ceramint.2020.03.029__sample_33348,10.1016/j.ceramint.2020.03.029,https://doi.org/10.1016/j.ceramint.2020.03.029,,33348,Bi2Te3(SiC)0.1,unknown,n,5,5,5,5,0.060467634520131,0.1663994405406695,0.1059318060205384,0.0410410884562955,0.1420513189704268,0.1010102305141313,0.0485190874790134,0.179617520001263,0.1310984325222496,0.0410410884562973,0.1420513189704154,0.1010102305141181,1.051442,1.0658947894242663,0.9128265718390632,1.041279133212523,unknown,no,no,ML_moderately_worse,primary DOI test sample aggregate,n,,high,unknown,unknown,unknown,unknown,unknown,unknown,unknown,,no,unknown,unknown,no,unknown,,,,,False,unknown,True,True,low,0.060467634520131,,,,,,,,,,,,,,,,,,,,,,,,,,0.0641021141544271,0.0820906018275868,0.0179884876731597,0.0179884876731597,1.0181512550323029,good,unknown,no,65,B,manual review required; sintering check required later,high observed ZT; important candidate for paper; high predicted ZT,True,True,True,True,True,both_good,material_system_out_of_distribution,missing_additive_or_structure_annotation; possible_sintering_or_microstructure_effect,candidate hypothesis only; no causal mechanism proven,90,A,observed high ZT; ZT_ML false negative; missing sintering info for high-ZT/error sample; manual review not checked
10.1016_j.ceramint.2020.03.029__sample_33349,10.1016/j.ceramint.2020.03.029,https://doi.org/10.1016/j.ceramint.2020.03.029,,33349,Bi2Te3(SiC)0.2,unknown,n,5,5,5,5,0.0634221178270361,0.1181976925839701,0.0547755747569339,0.0425141527218001,0.093115434388357,0.0506012816665569,0.0810686305488084,0.0825796824736761,0.0015110519248676,0.0425141527217817,0.093115434388356,0.0506012816665742,0.9841888,1.094681274369494,0.9907648427917836,0.9998784403621942,unknown,no,no,ML_close_to_fitting,primary DOI test sample aggregate,n,,high,unknown,unknown,unknown,unknown,unknown,unknown,unknown,,no,unknown,unknown,no,unknown,,,,,False,unknown,True,True,low,0.0634221178270361,,,,,,,,,,,,,,,,,,,,,,,,,,0.0088194321944076,0.0820906018275868,0.0732711696331792,0.0732711696331792,1.0760222819242042,good,unknown,no,65,B,predicted high ZT false positive; manual review required; sintering check required later,high-ZT false positive; important candidate for paper; high predicted ZT; carried from Step14,True,True,True,True,True,both_good,material_system_out_of_distribution,missing_additive_or_structure_annotation,candidate hypothesis only; no causal mechanism proven,10,low,manual review not checked
10.1016_j.ceramint.2020.03.029__sample_33350,10.1016/j.ceramint.2020.03.029,https://doi.org/10.1016/j.ceramint.2020.03.029,,33350,Bi2Te3,unknown,n,5,5,5,5,0.1147547375340479,0.6267624306676639,0.5120076931336159,0.0911395993483288,0.4564910878814122,0.3653514885330834,0.1513114319130939,0.5416996705219324,0.3903882386088384,0.0911395993483235,0.4564910878814127,0.3653514885330891,1.182885,1.1561457291740989,0.6243302767699027,1.019191859707475,unknown,no,no,ML_moderately_worse,primary DOI test sample aggregate,n,,high,unknown,unknown,unknown,unknown,unknown,unknown,unknown,,no,unknown,unknown,no,unknown,,,,,False,unknown,True,True,low,0.1147547375340479,,,,,,,,,,,,,,,,,,,,,,,,,,0.3646075484933206,-0.3231781403463856,-0.6877856888397063,0.6877856888397063,0.502687945118991,large_under_prediction,unknown,no,65,B,manual review required; sintering check required later,high observed ZT; important candidate for paper; high predicted ZT,True,True,True,True,True,not_evaluable,not_evaluable,missing_additive_or_structure_annotation; possible_sintering_or_microstructure_effect,candidate hypothesis only; no causal mechanism proven,90,A,observed high ZT; ZT_ML false negative; missing sintering info for high-ZT/error sample; manual review not checked
10.1016_j.ceramint.2020.03.029__sample_33351,10.1016/j.ceramint.2020.03.029,https://doi.org/10.1016/j.ceramint.2020.03.029,,33351,Bi2Te3,unknown,n,5,5,5,5,0.1104503092930062,0.3623154758240467,0.2518651665310404,0.0850969784909534,0.2875951721112817,0.2024981936203282,0.2075277530935428,0.1483885014454146,-0.0591392516481281,0.0850969784909528,0.2875951721112777,0.2024981936203248,1.019663,1.4188376594127925,1.00477947603541,1.2362106580037722,unknown,no,no,ML_close_to_fitting,primary DOI test sample aggregate,n,,high,unknown,unknown,unknown,unknown,unknown,unknown,unknown,,no,unknown,unknown,no,unknown,,,,,False,unknown,True,True,low,0.1104503092930062,,,,,,,,,,,,,,,,,,,,,,,,,,0.093509858053429,-0.3231781403463856,-0.4166879983998146,0.4166879983998146,0.6592265676052301,moderate_error,unknown,no,65,B,manual review required; sintering check required later,high observed ZT; important candidate for paper; high predicted ZT,True,True,True,True,True,both_good,material_system_out_of_distribution,missing_additive_or_structure_annotation; possible_sintering_or_microstructure_effect,candidate hypothesis only; no causal mechanism proven,60,B,observed high ZT; missing sintering info for high-ZT/error sample; manual review not checked
10.1016_j.intermet.2011.07.020__sample_16534,10.1016/j.intermet.2011.07.020,https://doi.org/10.1016/j.intermet.2011.07.020,,16534,Zn3.91Cd0.04Sb3,unknown,p,19,7,4,5,0.1280506756355896,0.5019030832756293,0.3738524076400397,0.1427345113741469,0.7937098449027994,0.6509753335286524,0.1863258064879454,0.9204396538461608,0.7341138473582154,0.1488977584001088,0.8462586704703702,0.6973609120702613,1.228446,0.8130247067701405,1.3208819619789909,0.8373851371180738,unknown,no,no,ML_much_worse,primary DOI test sample aggregate,p,existing_step6_or_step15,high,unknown,auto_step9,unknown,unknown,auto_step9,unknown,unknown,,no,unknown,unknown,no,unknown,yes,yes,yes,yes,False,unknown,True,True,medium,0.1280506756355896,0.1731589092279791,p,existing_step6_or_step15,high,unknown,auto_step9,unknown,unknown,auto_step9,unknown,unknown,,no,unknown,unknown,no,not_checked,yes,yes,yes,yes,False,unknown,True,True,-0.1055646119559302,-0.127844118304559,-0.0222795063486288,0.0222795063486288,0.977966848903391,good,not_checked,no,90,A,observed high ZT missed; manual review required; sintering check required later,high observed ZT; high-ZT false negative; important candidate for paper; carried from Step14,True,True,True,True,True,both_poor,missing_additive_or_structure_annotation,possible_sintering_or_microstructure_effect,candidate hypothesis only; no causal mechanism proven,120,A,ML much worse than fitting; observed high ZT; missing additive info and ML bad; missing structure info and ML bad; missing sintering info for high-ZT/error sample; manual review not checked
10.1016_j.intermet.2011.07.020__sample_16535,10.1016/j.intermet.2011.07.020,https://doi.org/10.1016/j.intermet.2011.07.020,,16535,Zn3.96Cd0.04Sb3,unknown,p,19,7,2,3,0.1130403680166552,0.4489319176593741,0.3358915496427188,0.1155326268681952,0.6833659837462843,0.5678333568780891,0.226889250860824,0.7858291288153643,0.5589398779545403,0.1406449796398355,0.6959373889706392,0.5552924093308036,1.105908,0.8530619422922433,1.317247162474128,0.8565605878654852,unknown,no,no,ML_much_worse,primary DOI test sample aggregate,p,existing_step6_or_step15,high,unknown,auto_step9,unknown,unknown,auto_step9,unknown,unknown,,no,unknown,unknown,no,unknown,yes,yes,yes,yes,False,unknown,True,True,medium,0.1130403680166552,0.1247953997167956,p,existing_step6_or_step15,high,unknown,auto_step9,unknown,unknown,auto_step9,unknown,unknown,,no,unknown,unknown,no,not_checked,yes,yes,yes,yes,False,unknown,True,True,-0.0547383583067662,-0.127844118304559,-0.0731057599977928,0.0731057599977928,0.9295025206427528,good,not_checked,no,100,A,observed high ZT missed; manual review required; sintering check required later,high observed ZT; high-ZT false negative; important candidate for paper; carried from Step14,True,True,True,True,True,both_poor,missing_additive_or_structure_annotation,possible_sintering_or_microstructure_effect,candidate hypothesis only; no causal mechanism proven,120,A,ML much worse than fitting; observed high ZT; missing additive info and ML bad; missing structure info and ML bad; missing sintering info for high-ZT/error sample; manual review not checked
10.1016_j.intermet.2011.07.020__sample_16536,10.1016/j.intermet.2011.07.020,https://doi.org/10.1016/j.intermet.2011.07.020,,16536,Zn4.01Cd0.04Sb3,unknown,p,19,8,2,6,0.0787083673817695,0.2256359751638757,0.1469276077821061,0.0802904515801928,0.2565120141928329,0.17622156261264,0.1543790867667226,0.4262171345756563,0.2718380478089336,0.0797744599597884,0.2972246433320919,0.2174501833723035,1.004814,0.9946489609339476,1.228873086175839,1.092307113929312,unknown,no,no,ML_moderately_worse,primary DOI test sample aggregate,p,,high,unknown,unknown,unknown,unknown,unknown,unknown,unknown,,no,unknown,unknown,no,unknown,,,,,False,unknown,True,True,medium,0.0787083673817695,0.0750886440033623,,,,,,,,,,,,,,,,,,,,,,,,,0.1682658683274449,-0.127844118304559,-0.2961099866320039,0.2961099866320039,0.7437056258447002,moderate_error,unknown,no,100,A,observed high ZT missed; manual review required; sintering check required later,high observed ZT; high-ZT false negative; important candidate for paper; carried from Step14,True,True,True,True,True,both_good,material_system_out_of_distribution,missing_additive_or_structure_annotation; possible_sintering_or_microstructure_effect,candidate hypothesis only; no causal mechanism proven,60,B,observed high ZT; missing sintering info for high-ZT/error sample; manual review not checked
10.1016_j.intermet.2014.06.014__sample_13135,10.1016/j.intermet.2014.06.014,https://doi.org/10.1016/j.intermet.2014.06.014,,13135,Cu2CdSnSe4,unknown,p,6,6,6,6,0.8500775524603362,3.3714250766565192,2.521347524196183,0.9891044899775476,37.15836139082325,36.1692569008457,0.8125593761349325,32.633057421500745,31.820498045365813,0.9891044899776434,37.15836139082512,36.16925690084747,0.08904886,0.038373877247423,1.0021191530688236,0.089871697275674,unknown,no,no,ML_much_worse,primary DOI test sample aggregate,p,,high,unknown,unknown,unknown,unknown,unknown,unknown,unknown,,no,unknown,unknown,no,unknown,,,,,False,unknown,True,True,low,0.8500775524603362,,,,,,,,,,,,,,,,,,,,,,,,,,-4.592449461867036,-2.966448573203297,1.6260008886637394,1.6260008886637394,5.083504513797564,large_over_prediction,unknown,no,40,C,possible unit or temperature alignment issue; manual review required; sintering check required later,large ZT prediction error; important candidate for paper; carried from Step14,True,True,True,True,True,both_poor,missing_additive_or_structure_annotation,possible_sintering_or_microstructure_effect; tau_eff_ML_prediction_error,candidate hypothesis only; no causal mechanism proven,115,A,ML much worse than fitting; ZT_ML false positive; missing additive info and ML bad; missing structure info and ML bad; missing sintering info for high-ZT/error sample; manual review not checked
10.1016_j.intermet.2014.06.014__sample_13136,10.1016/j.intermet.2014.06.014,https://doi.org/10.1016/j.intermet.2014.06.014,,13136,Cu2Cd0.9Zn0.1SnSe4,unknown,p,6,6,6,6,0.6884279442850292,3.5271725595431964,2.8387446152581672,0.7305754702016533,39.27452297523562,38.54394750503397,0.8228764902229221,42.32140219124016,41.49852570101724,0.7305754702017317,39.27452297523487,38.54394750503313,0.1206977,0.057358271047796,1.823757408794608,0.1218804245101611,unknown,no,no,ML_much_worse,primary DOI test sample aggregate,p,,high,unknown,unknown,unknown,unknown,unknown,unknown,unknown,,no,unknown,unknown,no,unknown,,,,,False,unknown,True,True,low,0.6884279442850292,,,,,,,,,,,,,,,,,,,,,,,,,,-4.204321872246844,-1.5696940109599482,2.634627861286896,2.634627861286896,13.938124582171982,large_over_prediction,unknown,no,0,low,no major issue,,True,True,True,True,True,both_poor,missing_additive_or_structure_annotation,possible_sintering_or_microstructure_effect; tau_eff_ML_prediction_error,candidate hypothesis only; no causal mechanism proven,115,A,ML much worse than fitting; ZT_ML false positive; missing additive info and ML bad; missing structure info and ML bad; missing sintering info for high-ZT/error sample; manual review not checked
10.1016_j.intermet.2014.06.014__sample_13137,10.1016/j.intermet.2014.06.014,https://doi.org/10.1016/j.intermet.2014.06.014,,13137,Cu2Cd0.8Zn0.2SnSe4,unknown,p,6,6,6,6,0.4353391990721726,2.9211961391926544,2.485856940120482,0.4285209726608897,18.83913521197128,18.410614239310387,0.438408397508296,19.0748676865856,18.636459289077305,0.428520972660948,18.839135211969975,18.41061423930903,0.1286847,0.0941869957290098,1.6923228283922174,0.1295172434997381,unknown,no,no,ML_much_worse,primary DOI test sample aggregate,p,,high,unknown,unknown,unknown,unknown,unknown,unknown,unknown,,no,unknown,unknown,no,unknown,,,,,False,unknown,True,True,low,0.4353391990721726,,,,,,,,,,,,,,,,,,,,,,,,,,-3.633559960157888,-1.5696940109599482,2.06386594919794,2.06386594919794,7.876360637860751,large_over_prediction,unknown,no,0,low,no major issue,,True,True,True,True,True,fitting_good_ML_bad,tau_eff_ML_prediction_error,missing_additive_or_structure_annotation; possible_sintering_or_microstructure_effect,candidate hypothesis only; no causal mechanism proven,115,A,ML much worse than fitting; ZT_ML false positive; missing additive info and ML bad; missing structure info and ML bad; missing sintering info for high-ZT/error sample; manual review not checked
10.1016_j.intermet.2014.06.014__sample_13138,10.1016/j.intermet.2014.06.014,https://doi.org/10.1016/j.intermet.2014.06.014,,13138,Cu2Cd0.7Zn0.3SnSe4,unknown,p,6,6,6,6,0.2468187109592612,2.5547355981912867,2.3079168872320253,0.2062449810224116,12.130457374231105,11.924212393208691,0.1778435606827635,11.844230629795772,11.666387069113007,0.2062449810221004,12.130457374225728,11.924212393203629,0.1257234,0.1181655557559761,1.5024786376915669,0.1258067035102396,unknown,no,no,ML_much_worse,primary DOI test sample aggregate,p,,high,unknown,unknown,unknown,unknown,unknown,unknown,unknown,,no,unknown,unknown,no,unknown,,,,,False,unknown,True,True,low,0.2468187109592612,,,,,,,,,,,,,,,,,,,,,,,,,,-3.2877695561604114,-1.5696940109599482,1.7180755452004632,1.7180755452004632,5.573791626263233,large_over_prediction,unknown,no,0,low,no major issue,,True,True,True,True,True,fitting_good_ML_bad,tau_eff_ML_prediction_error,missing_additive_or_structure_annotation; possible_sintering_or_microstructure_effect,candidate hypothesis only; no causal mechanism proven,115,A,ML much worse than fitting; ZT_ML false positive; missing additive info and ML bad; missing structure info and ML bad; missing sintering info for high-ZT/error sample; manual review not checked
10.1016_j.intermet.2014.06.014__sample_13139,10.1016/j.intermet.2014.06.014,https://doi.org/10.1016/j.intermet.2014.06.014,,13139,Cu2Cd0.5Zn0.5SnSe4,unknown,p,6,6,6,6,0.1418306636179342,2.214591335515649,2.0727606718977145,0.1281875876068723,8.209591645118213,8.08140405751134,0.1209654372797048,8.22914663667344,8.108181199393734,0.1281875876067775,8.20959164511718,8.081404057510403,0.1354296,0.1612125955226229,1.4696344132699226,0.1357796811886525,unknown,no,no,ML_much_worse,primary DOI test sample aggregate,p,,high,unknown,unknown,unknown,unknown,unknown,unknown,unknown,,no,unknown,unknown,no,unknown,,,,,False,unknown,True,True,low,0.1418306636179342,,,,,,,,,,,,,,,,,,,,,,,,,,-2.955029751105604,-1.5696940109599482,1.385335740145656,1.385335740145656,3.996167353424261,large_over_prediction,unknown,no,0,low,no major issue,,True,True,True,True,True,fitting_good_ML_bad,tau_eff_ML_prediction_error,missing_additive_or_structure_annotation; possible_sintering_or_microstructure_effect,candidate hypothesis only; no causal mechanism proven,115,A,ML much worse than fitting; ZT_ML false positive; missing additive info and ML bad; missing structure info and ML bad; missing sintering info for high-ZT/error sample; manual review not checked
10.1016_j.intermet.2014.06.014__sample_13140,10.1016/j.intermet.2014.06.014,https://doi.org/10.1016/j.intermet.2014.06.014,,13140,Cu2Cd0.3Zn0.7SnSe4,unknown,p,6,6,6,6,0.1548382070463562,2.269261121169347,2.114422914122991,0.1326742197396115,8.73973381673017,8.60705959699056,0.145227831488681,8.907393752933778,8.762165921445098,0.1326742197397012,8.739733816728519,8.607059596988817,0.1170246,0.1259311137570939,1.2116125916163842,0.1168202558192516,unknown,no,no,ML_much_worse,primary DOI test sample aggregate,p,,high,unknown,unknown,unknown,unknown,unknown,unknown,unknown,,no,unknown,unknown,no,unknown,,,,,False,unknown,True,True,low,0.1548382070463562,,,,,,,,,,,,,,,,,,,,,,,,,,-3.008957194152995,-1.5696940109599482,1.439263183193047,1.439263183193047,4.217587082806003,large_over_prediction,unknown,no,0,low,no major issue,,True,True,True,True,True,fitting_good_ML_bad,tau_eff_ML_prediction_error,missing_additive_or_structure_annotation; possible_sintering_or_microstructure_effect,candidate hypothesis only; no causal mechanism proven,115,A,ML much worse than fitting; ZT_ML false positive; missing additive info and ML bad; missing structure info and ML bad; missing sintering info for high-ZT/error sample; manual review not checked
10.1016_j.intermet.2014.06.014__sample_13141,10.1016/j.intermet.2014.06.014,https://doi.org/10.1016/j.intermet.2014.06.014,,13141,Cu2Cd0.45Zn0.55SnSe4,unknown,p,6,6,6,6,0.1312548676551995,1.5199356540364266,1.3886807863812272,0.1125753262454461,3.585816848933934,3.473241522688488,0.1120420190895153,3.5604881056656272,3.448446086576112,0.1125753262453645,3.5858168489327604,3.473241522687396,0.1816107,0.2209625463090944,1.0045058114091845,0.1798874326586399,unknown,no,no,ML_much_worse,primary DOI test sample aggregate,p,,high,unknown,unknown,unknown,unknown,unknown,unknown,unknown,,no,unknown,unknown,no,unknown,,,,,False,unknown,True,True,low,0.1312548676551995,,,,,,,,,,,,,,,,,,,,,,,,,,-2.259242519908032,-1.5696940109599482,0.689548508948084,0.689548508948084,1.9928155916928232,large_over_prediction,unknown,no,0,low,no major issue,,True,True,True,True,True,fitting_good_ML_bad,insufficient_material_features,missing_additive_or_structure_annotation; possible_sintering_or_microstructure_effect,candidate hypothesis only; no causal mechanism proven,115,A,ML much worse than fitting; ZT_ML false positive; missing additive info and ML bad; missing structure info and ML bad; missing sintering info for high-ZT/error sample; manual review not checked
10.1016_j.intermet.2014.06.014__sample_13143,10.1016/j.intermet.2014.06.014,https://doi.org/10.1016/j.intermet.2014.06.014,,13143,Cu2Cd0.35Zn0.65SnSe4,unknown,p,6,6,6,6,0.1212296451719494,1.497567295157798,1.3763376499858486,0.1049487427791012,3.482205191048126,3.377256448269025,0.1085413931459767,3.5034776442387865,3.3949362510928096,0.1049487427789815,3.482205191047388,3.377256448268406,0.1857629,0.2295262455413361,1.0211347409838696,0.1875195892935958,unknown,no,no,ML_much_worse,primary DOI test sample aggregate,p,,high,unknown,unknown,unknown,unknown,unknown,unknown,unknown,,no,unknown,unknown,no,unknown,,,,,False,unknown,True,True,low,0.1212296451719494,,,,,,,,,,,,,,,,,,,,,,,,,,-2.237637160195718,-1.5696940109599482,0.6679431492357697,0.6679431492357697,1.950221877109202,large_over_prediction,unknown,no,0,low,no major issue,,True,True,True,True,True,fitting_good_ML_bad,insufficient_material_features,missing_additive_or_structure_annotation; possible_sintering_or_microstructure_effect,candidate hypothesis only; no causal mechanism proven,115,A,ML much worse than fitting; ZT_ML false positive; missing additive info and ML bad; missing structure info and ML bad; missing sintering info for high-ZT/error sample; manual review not checked
10.1016_j.intermet.2016.08.006__sample_6993,10.1016/j.intermet.2016.08.006,https://doi.org/10.1016/j.intermet.2016.08.006,,6993,Bi2Te2.85Se0.15,unknown,n,5,4,4,4,0.0728256496207244,0.3920808257920652,0.3192551761713408,0.0594559494541611,0.44449630499994,0.3850403555457788,0.0584985600105927,0.4803702038640138,0.421871643853421,0.0594559494541499,0.4444963049999337,0.3850403555457837,0.8782606,0.848403753600743,1.2471481461200755,0.8917859508719506,unknown,no,no,ML_moderately_worse,primary DOI test sample aggregate,n,,high,unknown,unknown,unknown,unknown,unknown,unknown,unknown,,no,unknown,unknown,no,unknown,,,,,False,unknown,True,True,low,0.0728256496207244,,,,,,,,,,,,,,,,,,,,,,,,,,-0.5576941121400758,0.0434032168861993,0.6010973290262751,0.6010973290262751,1.8241193616757376,large_over_prediction,unknown,no,0,low,no major issue,,True,True,True,True,True,both_good,material_system_out_of_distribution,missing_additive_or_structure_annotation,candidate hypothesis only; no causal mechanism proven,35,C,ZT_ML false positive; manual review not checked
10.1016_j.intermet.2016.08.006__sample_6995,10.1016/j.intermet.2016.08.006,https://doi.org/10.1016/j.intermet.2016.08.006,,6995,Bi2Te2.4Se0.6,unknown,n,5,4,4,4,0.0549620772480166,0.7137154929514961,0.6587534157034795,0.0398041322346552,1.0000907390890417,0.9602866068543864,0.1974376628415496,1.2240159536622257,1.0265782908206758,0.039804132234652,1.0000907390890217,0.9602866068543696,0.6354896,0.8044174406117326,1.6387915916688294,0.8024724495278954,unknown,no,no,ML_much_worse,primary DOI test sample aggregate,n,,high,unknown,unknown,unknown,unknown,unknown,unknown,unknown,,no,unknown,unknown,no,unknown,,,,,False,unknown,True,True,low,0.0549620772480166,,,,,,,,,,,,,,,,,,,,,,,,,,-0.8840320941996292,0.0434032168861993,0.9274353110858286,0.9274353110858286,2.5280172784365256,large_over_prediction,unknown,no,0,low,no major issue,,True,True,True,True,True,fitting_good_ML_bad,insufficient_material_features,missing_additive_or_structure_annotation; possible_sintering_or_microstructure_effect,candidate hypothesis only; no causal mechanism proven,115,A,ML much worse than fitting; ZT_ML false positive; missing additive info and ML bad; missing structure info and ML bad; missing sintering info for high-ZT/error sample; manual review not checked
10.1016_j.jallcom.2007.03.037__sample_1595,10.1016/j.jallcom.2007.03.037,https://doi.org/10.1016/j.jallcom.2007.03.037,,1595,(Bi2Te3)99.91(SbI3)0.09,unknown,n,16,16,0,16,0.1539640957428212,0.3005586240273526,0.1465945282845313,0.1404054538007983,0.2183329287514601,0.0779274749506618,,,,0.1404054538007971,0.2183329287514497,0.0779274749506526,,1.0050861581069666,0.7764246639334612,0.8262516585987262,unknown,no,no,not_evaluated,primary DOI test sample aggregate,n,,high,unknown,unknown,unknown,unknown,unknown,unknown,unknown,,no,unknown,unknown,no,unknown,,,,,False,unknown,True,True,medium,0.1539640957428212,0.1619431713479515,,,,,,,,,,,,,,,,,,,,,,,,,0.2582619142352395,0.2019586122596465,-0.0563033019755929,0.0563033019755929,0.9452523954891436,good,unknown,no,35,C,insufficient ZT evaluation rows; sintering check required later,high predicted ZT,True,True,True,True,True,not_evaluable,not_evaluable,missing_additive_or_structure_annotation,candidate hypothesis only; no causal mechanism proven,10,low,manual review not checked
10.1016_j.jallcom.2010.09.014__sample_1618,10.1016/j.jallcom.2010.09.014,https://doi.org/10.1016/j.jallcom.2010.09.014,,1618,Bi0.5Sb1.5Te3,unknown,p,18,18,10,18,0.0800412230251004,0.8832548957044566,0.8032136726793562,0.0643694644965103,1.4174770888239143,1.353107624327404,0.0603916386360679,1.4540781413906674,1.3936865027545997,0.0643694644965274,1.4174770888238704,1.353107624327343,0.6782609,0.7305952810622184,1.7607240169106488,0.6965925087003223,unknown,no,no,ML_much_worse,primary DOI test sample aggregate,p,,high,unknown,unknown,unknown,unknown,unknown,unknown,unknown,,no,unknown,unknown,no,unknown,,,,,False,unknown,True,True,medium,0.0800412230251004,0.1758286817193796,,,,,,,,,,,,,,,,,,,,,,,,,-0.7195237971494958,6.011428478179339e-05,0.7195839114342776,0.7195839114342776,2.053578562292932,large_over_prediction,unknown,no,0,low,no major issue,,True,True,True,True,True,fitting_good_ML_bad,insufficient_material_features,missing_additive_or_structure_annotation; possible_sintering_or_microstructure_effect,candidate hypothesis only; no causal mechanism proven,115,A,ML much worse than fitting; ZT_ML false positive; missing additive info and ML bad; missing structure info and ML bad; missing sintering info for high-ZT/error sample; manual review not checked
10.1016_j.jallcom.2010.09.014__sample_1619,10.1016/j.jallcom.2010.09.014,https://doi.org/10.1016/j.jallcom.2010.09.014,,1619,Bi0.5Sb1.5Te3,unknown,p,18,18,7,18,0.0606091146768451,0.748530914764593,0.6879218000877478,0.0506458266377897,1.1125243610911142,1.0618785344533244,0.0417107567042533,1.1127330306517833,1.07102227394753,0.0506458266377812,1.1125243610911235,1.0618785344533423,0.723913,0.801873391747864,1.690912877740694,0.7308950311926605,unknown,no,no,ML_much_worse,primary DOI test sample aggregate,p,,high,unknown,unknown,unknown,unknown,unknown,unknown,unknown,,no,unknown,unknown,no,unknown,,,,,False,unknown,True,True,medium,0.0606091146768451,0.1225878128404938,,,,,,,,,,,,,,,,,,,,,,,,,-0.585976172485239,6.011428478179339e-05,0.5860362867700208,0.5860362867700208,1.7968520751953168,large_over_prediction,unknown,no,0,low,no major issue,,True,True,True,True,True,fitting_good_ML_bad,insufficient_material_features,missing_additive_or_structure_annotation; possible_sintering_or_microstructure_effect,candidate hypothesis only; no causal mechanism proven,115,A,ML much worse than fitting; ZT_ML false positive; missing additive info and ML bad; missing structure info and ML bad; missing sintering info for high-ZT/error sample; manual review not checked
10.1016_j.jallcom.2010.09.014__sample_1620,10.1016/j.jallcom.2010.09.014,https://doi.org/10.1016/j.jallcom.2010.09.014,,1620,Bi0.5Sb1.5Te3,unknown,p,18,18,7,18,0.0495305051224102,0.1474347329216463,0.0979042277992361,0.0410195319500682,0.1503742113051995,0.1093546793551313,0.0412260513831979,0.1464217499261554,0.1051956985429574,0.0410195319500573,0.1503742113052205,0.1093546793551631,0.8673913,0.9074673264039192,1.0426527131589285,0.9086333451851852,unknown,no,no,ML_moderately_worse,primary DOI test sample aggregate,p,,high,unknown,unknown,unknown,unknown,unknown,unknown,unknown,,no,unknown,unknown,no,unknown,,,,,False,unknown,True,True,medium,0.0495305051224102,0.0787897004551004,,,,,,,,,,,,,,,,,,,,,,,,,0.0212310553267511,6.011428478179339e-05,-0.0211709410419693,0.0211709410419693,0.979051590165325,good,unknown,no,0,low,no major issue,,True,True,True,True,True,both_good,material_system_out_of_distribution,missing_additive_or_structure_annotation,candidate hypothesis only; no causal mechanism proven,35,C,ZT_ML false positive; manual review not checked
10.1016_j.jallcom.2011.06.116__sample_1627,10.1016/j.jallcom.2011.06.116,https://doi.org/10.1016/j.jallcom.2011.06.116,,1627,Bi2Se0.24Te2.76,unknown,p,5,5,1,1,0.0565402925404726,0.2241390975642637,0.167598805023791,0.044523570336314,0.2441561736230984,0.1996326032867844,0.0323077611833956,0.2823411570112329,0.2500333958278373,0.0270766833667084,0.2758430692973745,0.248766385930666,0.9535008,0.9843062761345768,1.2227133190831363,0.9583571432155072,unknown,no,no,ML_moderately_worse,primary DOI test sample aggregate,p,,high,unknown,unknown,unknown,unknown,unknown,unknown,unknown,,no,unknown,unknown,no,unknown,,,,,False,unknown,True,True,low,0.0565402925404726,,,,,,,,,,,,,,,,,,,,,,,,,,-0.2347141674716731,-0.8895639046882848,-0.6548497372166118,0.6548497372166118,0.5195201212616914,large_under_prediction,unknown,no,10,low,no major issue,,True,True,True,True,True,both_good,material_system_out_of_distribution,missing_additive_or_structure_annotation,candidate hypothesis only; no causal mechanism proven,35,C,ZT_ML false positive; manual review not checked
10.1016_j.jallcom.2011.06.116__sample_1628,10.1016/j.jallcom.2011.06.116,https://doi.org/10.1016/j.jallcom.2011.06.116,,1628,Bi2Se0.36Te2.64,unknown,p,5,5,2,2,0.0404904488233784,0.1427104006822336,0.1022199518588552,0.0354423250581234,0.1475944230538756,0.1121520979957522,0.0091962406192327,0.1464037921077939,0.1372075514885612,0.0209255274148904,0.1226570746738677,0.1017315472589772,1.192206,1.202912410781794,1.379321150730733,1.20491325,unknown,no,no,ML_moderately_worse,primary DOI test sample aggregate,p,,high,unknown,unknown,unknown,unknown,unknown,unknown,unknown,,no,unknown,unknown,no,unknown,,,,,False,unknown,True,True,low,0.0404904488233784,,,,,,,,,,,,,,,,,,,,,,,,,,-0.1546694050912567,-0.8895639046882848,-0.7348944995970281,0.7348944995970281,0.4795560496626652,large_under_prediction,unknown,no,75,B,manual review required; sintering check required later,high observed ZT; important candidate for paper; high predicted ZT,True,True,True,True,True,both_good,material_system_out_of_distribution,missing_additive_or_structure_annotation; possible_sintering_or_microstructure_effect,candidate hypothesis only; no causal mechanism proven,60,B,observed high ZT; missing sintering info for high-ZT/error sample; manual review not checked
10.1016_j.jallcom.2012.11.022__sample_21955,10.1016/j.jallcom.2012.11.022,https://doi.org/10.1016/j.jallcom.2012.11.022,,21955,Si0.7Ge0.3,unknown,n,5,0,0,0,0.2542930233039224,0.2544176766535116,0.0001246533495892,,,,,,,,,,1.1633,,,,unknown,no,no,not_evaluated,primary DOI test sample aggregate,n,,high,unknown,unknown,unknown,unknown,unknown,unknown,unknown,,no,unknown,unknown,no,unknown,,,,,False,unknown,True,False,low,0.2542930233039224,,,,,,,,,,,,,,,,,,,,,,,,,,0.1760507044841993,-0.148311900614875,-0.3243626050990743,0.3243626050990743,0.7229880356956621,moderate_error,unknown,no,45,C,insufficient ZT evaluation rows; sintering check required later,high observed ZT,True,True,True,True,True,not_evaluable,not_evaluable,missing_additive_or_structure_annotation; possible_sintering_or_microstructure_effect,candidate hypothesis only; no causal mechanism proven,90,A,observed high ZT; ZT_ML false negative; missing sintering info for high-ZT/error sample; manual review not checked
10.1016_j.jallcom.2013.03.167__sample_29719,10.1016/j.jallcom.2013.03.167,https://doi.org/10.1016/j.jallcom.2013.03.167,,29719,Bi2Te2.4,unknown,n,18,18,18,18,0.1254481815942498,0.9599702549797168,0.834522073385467,0.1037064031812578,1.6110630143753502,1.5073566111940924,0.1030855653793352,1.6102015072621276,1.5071159418827924,0.1037064031812309,1.6110630143750178,1.5073566111937868,0.4789506,0.4910157394819409,1.2718329488548528,0.4790160710703892,unknown,no,no,ML_much_worse,primary DOI test sample aggregate,n,,high,unknown,unknown,unknown,unknown,unknown,unknown,unknown,,no,unknown,unknown,no,unknown,,,,,False,unknown,True,True,medium,0.1254481815942498,0.1947924690697829,,,,,,,,,,,,,,,,,,,,,,,,,-1.203298260559546,-0.3231781403463856,0.8801201202131603,0.8801201202131603,2.411189321597824,large_over_prediction,unknown,no,0,low,no major issue,,True,True,True,True,True,fitting_good_ML_bad,insufficient_material_features,missing_additive_or_structure_annotation; possible_sintering_or_microstructure_effect,candidate hypothesis only; no causal mechanism proven,115,A,ML much worse than fitting; ZT_ML false positive; missing additive info and ML bad; missing structure info and ML bad; missing sintering info for high-ZT/error sample; manual review not checked
10.1016_j.jallcom.2013.09.124__sample_3731,10.1016/j.jallcom.2013.09.124,https://doi.org/10.1016/j.jallcom.2013.09.124,,3731,Ba0.2Yb0.15Fe0.37Co3.63Sb12,unknown,n,11,4,1,3,0.0776346839091727,0.1659493137517618,0.0883146298425891,0.048948395877777,0.1102186554441057,0.0612702595663287,0.0765806784332917,0.0692932930313945,-0.0072873854018971,0.0633652383186644,0.0965003507648395,0.0331351124461751,0.8202074,0.9462311674435012,1.0957087613111085,1.0466763832566957,unknown,no,no,ML_close_to_fitting,primary DOI test sample aggregate,n,,high,unknown,unknown,unknown,unknown,unknown,unknown,unknown,,no,unknown,unknown,no,unknown,,,,,False,unknown,True,True,medium,0.0776346839091727,0.1531944706195948,,,,,,,,,,,,,,,,,,,,,,,,,0.7841164992759815,-1.5927415478981346,-2.376858047174116,2.376858047174116,0.0928418243612263,large_under_prediction,unknown,no,10,low,no major issue,,True,True,True,True,True,both_good,material_system_out_of_distribution,missing_additive_or_structure_annotation; tau_eff_ML_prediction_error,candidate hypothesis only; no causal mechanism proven,35,C,ZT_ML false positive; manual review not checked
10.1016_j.jallcom.2013.09.124__sample_3732,10.1016/j.jallcom.2013.09.124,https://doi.org/10.1016/j.jallcom.2013.09.124,,3732,Ba0.24Yb0.19Fe0.38Co3.63Sb12,unknown,n,10,3,2,2,0.0635546961324288,0.0714604388155692,0.0079057426831403,0.0343643302687499,0.0523113106446118,0.0179469803758618,0.0552358926135577,0.0663460918708559,0.0111101992572982,0.0486247692404509,0.0595676141546047,0.0109428449141538,1.241526,1.1290932668189888,1.0928007340524837,1.106640148508828,unknown,no,no,ML_close_to_fitting,primary DOI test sample aggregate,n,,high,unknown,unknown,unknown,unknown,unknown,unknown,unknown,,no,unknown,unknown,no,unknown,,,,,False,unknown,True,True,medium,0.0635546961324288,0.1022194195632671,,,,,,,,,,,,,,,,,,,,,,,,,0.963457310811328,-1.5927415478981346,-2.556198858709463,2.556198858709463,0.0775991458679804,large_under_prediction,unknown,no,75,B,manual review required; sintering check required later,high observed ZT; important candidate for paper; high predicted ZT,True,True,True,True,True,both_good,material_system_out_of_distribution,missing_additive_or_structure_annotation; possible_sintering_or_microstructure_effect; tau_eff_ML_prediction_error,candidate hypothesis only; no causal mechanism proven,60,B,observed high ZT; missing sintering info for high-ZT/error sample; manual review not checked
10.1016_j.jallcom.2013.09.124__sample_3733,10.1016/j.jallcom.2013.09.124,https://doi.org/10.1016/j.jallcom.2013.09.124,,3733,Ba0.32Yb0.1Fe0.37Co3.67Sb12,unknown,n,11,5,2,4,0.0786845845814056,0.118027019837682,0.0393424352562763,0.0460648187587593,0.1221318844355194,0.07606706567676,0.06962234998786,0.1479728885771409,0.0783505385892808,0.0355714847959515,0.1114553979777299,0.0758839131817784,1.12177,0.9350547936310704,0.8563103755009411,0.924287411871856,unknown,no,no,ML_close_to_fitting,primary DOI test sample aggregate,n,existing_step6_or_step15,high,unknown,auto_step9,unknown,unknown,auto_step9,unknown,unknown,,no,unknown,unknown,no,unknown,yes,yes,yes,yes,False,unknown,True,True,medium,0.0786845845814056,0.1459130404566909,n,existing_step6_or_step15,high,unknown,auto_step9,unknown,unknown,auto_step9,unknown,unknown,,no,unknown,unknown,no,not_checked,yes,yes,yes,yes,False,unknown,True,True,1.0187585322539057,-1.5927415478981346,-2.61150008015204,2.61150008015204,0.0734243187473173,large_under_prediction,not_checked,no,100,A,observed high ZT missed; manual review required; sintering check required later,high observed ZT; high-ZT false negative; important candidate for paper; carried from Step14,True,True,True,True,True,both_good,material_system_out_of_distribution,missing_additive_or_structure_annotation; possible_sintering_or_microstructure_effect; tau_eff_ML_prediction_error,candidate hypothesis only; no causal mechanism proven,90,A,observed high ZT; ZT_ML false negative; missing sintering info for high-ZT/error sample; manual review not checked
10.1016_j.jallcom.2013.09.124__sample_3734,10.1016/j.jallcom.2013.09.124,https://doi.org/10.1016/j.jallcom.2013.09.124,,3734,Ba0.27Yb0.17Fe0.37Co3.67Sb12,unknown,n,11,3,1,1,0.0738321509425338,0.0804705973969326,0.0066384464543987,0.0421622680692406,0.0513336964077726,0.009171428338532,0.164915247288446,0.1912190970859825,0.0263038497975365,0.0613650890626875,0.0909306051756936,0.029565516113006,1.050226,0.7935651738914883,0.7685691252020355,0.845446045789029,unknown,no,no,ML_close_to_fitting,primary DOI test sample aggregate,n,existing_step6_or_step15,high,unknown,auto_step9,unknown,unknown,auto_step9,unknown,unknown,,no,unknown,unknown,no,unknown,yes,yes,yes,yes,False,unknown,True,True,medium,0.0738321509425338,0.1269611940326507,n,existing_step6_or_step15,high,unknown,auto_step9,unknown,unknown,auto_step9,unknown,unknown,,no,unknown,unknown,no,not_checked,yes,yes,yes,yes,False,unknown,True,True,0.9627914646483384,-1.5927415478981346,-2.555533012546473,2.555533012546473,0.0776508321671602,large_under_prediction,not_checked,no,100,A,observed high ZT missed; manual review required; sintering check required later,high observed ZT; high-ZT false negative; important candidate for paper; carried from Step14,True,True,True,True,True,both_good,material_system_out_of_distribution,missing_additive_or_structure_annotation; possible_sintering_or_microstructure_effect; tau_eff_ML_prediction_error,candidate hypothesis only; no causal mechanism proven,90,A,observed high ZT; ZT_ML false negative; missing sintering info for high-ZT/error sample; manual review not checked
10.1016_j.jallcom.2013.12.068__sample_7177,10.1016/j.jallcom.2013.12.068,https://doi.org/10.1016/j.jallcom.2013.12.068,,7177,Bi0.4Sb1.6Te3,unknown,p,6,6,6,6,0.0736055885507127,0.1097260041042526,0.0361204155535398,0.0628637424061229,0.0789598850566663,0.0160961426505433,0.0636211162911613,0.0791967815005246,0.0155756652093633,0.062863742406119,0.078959885056655,0.016096142650536,1.189669,1.2850568326196998,1.184626092762941,1.190444544118261,unknown,no,no,ML_close_to_fitting,primary DOI test sample aggregate,p,,high,unknown,unknown,unknown,unknown,unknown,unknown,unknown,,no,unknown,unknown,no,unknown,,,,,False,unknown,True,True,low,0.0736055885507127,,,,,,,,,,,,,,,,,,,,,,,,,,0.2414726780121082,6.011428478179339e-05,-0.2414125637273264,0.2414125637273264,0.7855174835072697,good,unknown,no,65,B,manual review required; sintering check required later,high observed ZT; important candidate for paper; high predicted ZT,True,True,True,True,True,both_good,material_system_out_of_distribution,missing_additive_or_structure_annotation; possible_sintering_or_microstructure_effect,candidate hypothesis only; no causal mechanism proven,60,B,observed high ZT; missing sintering info for high-ZT/error sample; manual review not checked
10.1016_j.jallcom.2013.12.068__sample_7179,10.1016/j.jallcom.2013.12.068,https://doi.org/10.1016/j.jallcom.2013.12.068,,7179,Bi0.4Sb1.6Te3,unknown,p,8,8,8,8,0.0545302885750877,0.2721954013086258,0.2176651127335381,0.0433361063041665,0.3075273672822232,0.2641912609780567,0.0429415422074317,0.3079741511296576,0.2650326089222259,0.0433361063041695,0.3075273672822138,0.2641912609780443,0.7912583,0.8245062965906276,1.076491135462163,0.7925351029590451,unknown,no,no,ML_moderately_worse,primary DOI test sample aggregate,p,,high,unknown,unknown,unknown,unknown,unknown,unknown,unknown,,no,unknown,unknown,no,unknown,,,,,False,unknown,True,True,medium,0.0545302885750877,0.1142234829933132,,,,,,,,,,,,,,,,,,,,,,,,,-0.1065803791631123,6.011428478179339e-05,0.1066404934478941,0.1066404934478941,1.1125342192347316,good,unknown,no,0,low,no major issue,,True,True,True,True,True,both_good,material_system_out_of_distribution,missing_additive_or_structure_annotation,candidate hypothesis only; no causal mechanism proven,35,C,ZT_ML false positive; manual review not checked
10.1016_j.jallcom.2013.12.068__sample_7180,10.1016/j.jallcom.2013.12.068,https://doi.org/10.1016/j.jallcom.2013.12.068,,7180,Bi0.4Sb1.6Te3,unknown,p,8,8,8,8,0.0784953976684332,0.603346798942764,0.5248514012743307,0.0597074001313764,0.8243987213881525,0.7646913212567761,0.0610303905699488,0.8362817678107765,0.7752513772408276,0.0597074001313852,0.8243987213881427,0.7646913212567575,0.7107285,0.7364161162569253,1.3394498080417288,0.7216574899214344,unknown,no,no,ML_much_worse,primary DOI test sample aggregate,p,,high,unknown,unknown,unknown,unknown,unknown,unknown,unknown,,no,unknown,unknown,no,unknown,,,,,False,unknown,True,True,medium,0.0784953976684336,0.1640579213770742,,,,,,,,,,,,,,,,,,,,,,,,,-0.4381219591163563,6.011428478179339e-05,0.4381820734011381,0.4381820734011381,1.5498870749422438,moderate_error,unknown,no,0,low,no major issue,,True,True,True,True,True,both_poor,missing_additive_or_structure_annotation,possible_sintering_or_microstructure_effect,candidate hypothesis only; no causal mechanism proven,115,A,ML much worse than fitting; ZT_ML false positive; missing additive info and ML bad; missing structure info and ML bad; missing sintering info for high-ZT/error sample; manual review not checked
10.1016_j.jallcom.2016.06.133__sample_16278,10.1016/j.jallcom.2016.06.133,https://doi.org/10.1016/j.jallcom.2016.06.133,,16278,AgSn4SbTe6(SiC)0.03,unknown,p,9,4,0,1,0.0630294156510072,1.4487128710169026,1.3856834553658954,0.0735031582243786,0.7681412575674508,0.6946380993430721,,,,0.1186377214185248,0.7369022073071327,0.6182644858886078,0.8677686,1.0881377603212048,0.2559243599645774,0.972734728578039,unknown,no,no,not_evaluated,primary DOI test sample aggregate,p,,high,unknown,unknown,unknown,unknown,unknown,unknown,unknown,,no,unknown,unknown,no,unknown,,,,,False,unknown,True,True,medium,0.0630294156510072,0.0893702500213656,,,,,,,,,,,,,,,,,,,,,,,,,1.2985424554890188,-0.580123548258379,-1.878666003747398,1.878666003747398,0.1527937962170966,large_under_prediction,unknown,no,75,B,predicted high ZT false positive; insufficient ZT evaluation rows; manual review required; sintering check required later,high-ZT false positive; important candidate for paper; high predicted ZT; carried from Step14,True,True,True,True,True,fitting_good_ML_bad,tau_eff_ML_prediction_error,missing_additive_or_structure_annotation,candidate hypothesis only; no causal mechanism proven,10,low,manual review not checked
10.1016_j.jallcom.2016.06.172__sample_2649,10.1016/j.jallcom.2016.06.172,https://doi.org/10.1016/j.jallcom.2016.06.172,,2649,Pb0.98Na0.02Te,unknown,p,22,14,7,10,0.3435085610154368,1.2313059728234588,0.8877974118080219,0.2854179557657345,0.7026013976392026,0.4171834418734681,0.2396211040628314,0.6661197365617177,0.4264986324988863,0.2608278786269306,0.7336961616273963,0.4728682830004657,0.5896149,1.2681947891430048,0.3887475169129789,0.7695829106363045,unknown,no,no,ML_moderately_worse,primary DOI test sample aggregate,p,,high,unknown,unknown,unknown,unknown,unknown,unknown,unknown,,no,unknown,unknown,no,unknown,,,,,False,unknown,True,True,medium,0.3435085610154368,0.6365310257586478,,,,,,,,,,,,,,,,,,,,,,,,,1.3716083940611632,-0.1153316833383763,-1.4869400773995396,1.4869400773995396,0.2260633345949659,large_under_prediction,unknown,no,65,B,predicted high ZT false positive; manual review required; sintering check required later,high-ZT false positive; important candidate for paper; high predicted ZT; carried from Step14,True,True,True,True,True,fitting_good_ML_bad,tau_eff_ML_prediction_error,missing_additive_or_structure_annotation,candidate hypothesis only; no causal mechanism proven,10,low,manual review not checked
10.1016_j.jallcom.2016.06.172__sample_2651,10.1016/j.jallcom.2016.06.172,https://doi.org/10.1016/j.jallcom.2016.06.172,,2651,Pb0.588Sr0.392Na0.02Te,unknown,p,11,5,1,2,0.1868239379616129,1.216451363132724,1.029627425171111,0.1837752818479093,2.458151666218327,2.274376384370418,1.975705815454437,8.89966284142914,6.923957025974704,0.1177053879169168,1.9352428392180132,1.817537451301097,0.2576436,0.4965801326419871,1.6520369256182963,0.5354396684712308,unknown,no,no,ML_much_worse,primary DOI test sample aggregate,p,,high,unknown,unknown,unknown,unknown,unknown,unknown,unknown,,no,unknown,unknown,no,unknown,,,,,False,unknown,True,True,medium,0.1868239379616129,0.2328375639830903,,,,,,,,,,,,,,,,,,,,,,,,,-1.0016112270143471,0.1423890514845759,1.144000278498923,1.144000278498923,3.139301360471324,large_over_prediction,unknown,no,75,B,large ZT error vs observed ZT; manual review required; sintering check required later,large ZT prediction error; important candidate for paper; carried from Step14,True,True,True,True,True,fitting_good_ML_bad,tau_eff_ML_prediction_error,missing_additive_or_structure_annotation; possible_sintering_or_microstructure_effect,candidate hypothesis only; no causal mechanism proven,115,A,ML much worse than fitting; ZT_ML false positive; missing additive info and ML bad; missing structure info and ML bad; missing sintering info for high-ZT/error sample; manual review not checked
10.1016_j.jallcom.2016.06.172__sample_2652,10.1016/j.jallcom.2016.06.172,https://doi.org/10.1016/j.jallcom.2016.06.172,,2652,Pb0.392Sr0.588Na0.02Te,unknown,p,11,9,2,8,0.2904605264500778,1.480789318810125,1.1903287923600474,0.2792404366897174,3.6893250979641854,3.410084661274469,42.139266110381065,183.2799832366999,141.14071712631883,0.2944457864051289,3.6573703638587904,3.3629245774536614,0.04774551,1.1013739084079792,4.704789480178947,1.5347072253084306,unknown,no,no,ML_much_worse,primary DOI test sample aggregate,p,,high,unknown,unknown,unknown,unknown,unknown,unknown,unknown,,no,unknown,unknown,no,unknown,,,,,False,unknown,True,True,medium,0.2904605264500778,0.3621085421220378,,,,,,,,,,,,,,,,,,,,,,,,,-1.2516144067238897,0.1423890514845759,1.3940034582084655,1.3940034582084655,4.03095555473505,large_over_prediction,unknown,no,100,A,large ZT error vs observed ZT; predicted high ZT false positive; manual review required; sintering check required later,high-ZT false positive; important candidate for paper; high predicted ZT; carried from Step14,True,True,True,True,True,fitting_good_ML_bad,tau_eff_ML_prediction_error,missing_additive_or_structure_annotation; possible_sintering_or_microstructure_effect,candidate hypothesis only; no causal mechanism proven,115,A,ML much worse than fitting; ZT_ML false positive; missing additive info and ML bad; missing structure info and ML bad; missing sintering info for high-ZT/error sample; manual review not checked
10.1016_j.jallcom.2016.06.172__sample_2653,10.1016/j.jallcom.2016.06.172,https://doi.org/10.1016/j.jallcom.2016.06.172,,2653,Pb0.196Sr0.784Na0.02Te,unknown,p,11,9,3,5,0.2580801523757677,1.537414631769293,1.2793344793935253,0.2611420414361267,3.5495406173939266,3.2883985759578,573.7739242444101,2615.4537437122603,2041.6798194678504,0.3092446938857768,3.86817938985756,3.558934695971783,0.004942857,1.9237701005184649,8.757278765142589,2.3368607830600263,unknown,no,no,ML_much_worse,primary DOI test sample aggregate,p,,high,unknown,unknown,unknown,unknown,unknown,unknown,unknown,,no,unknown,unknown,no,unknown,,,,,False,unknown,True,True,medium,0.2580801523757677,0.2877226437951552,,,,,,,,,,,,,,,,,,,,,,,,,-1.3151901453369843,0.1423890514845759,1.45757919682156,1.45757919682156,4.295548254739294,large_over_prediction,unknown,no,90,A,large ZT error vs observed ZT; predicted high ZT false positive; manual review required; sintering check required later,high-ZT false positive; important candidate for paper; high predicted ZT; carried from Step14,True,True,True,True,True,fitting_good_ML_bad,tau_eff_ML_prediction_error,missing_additive_or_structure_annotation; possible_sintering_or_microstructure_effect,candidate hypothesis only; no causal mechanism proven,115,A,ML much worse than fitting; ZT_ML false positive; missing additive info and ML bad; missing structure info and ML bad; missing sintering info for high-ZT/error sample; manual review not checked
10.1016_j.jallcom.2016.06.172__sample_2655,10.1016/j.jallcom.2016.06.172,https://doi.org/10.1016/j.jallcom.2016.06.172,,2655,(Pb0.96Sr0.04)0.98Na0.02Te,unknown,p,11,9,5,6,0.2924892066493259,0.8309743765841059,0.5384851699347799,0.2660118316408705,0.5319056305796034,0.2658937989387329,0.333592145292918,0.4458260466835762,0.1122339013906582,0.3121128634471649,0.5099088395925631,0.1977959761453981,0.5906692,1.1171385630982704,0.5132323386163128,0.6577457160141786,unknown,no,no,ML_moderately_worse,primary DOI test sample aggregate,p,,high,unknown,unknown,unknown,unknown,unknown,unknown,unknown,,no,unknown,unknown,no,unknown,,,,,False,unknown,True,True,medium,0.2924892066493258,0.5881143726721478,,,,,,,,,,,,,,,,,,,,,,,,,0.9782054096490252,0.1423890514845759,-0.8358163581644493,0.8358163581644493,0.4335204289941892,large_under_prediction,unknown,no,65,B,predicted high ZT false positive; manual review required; sintering check required later,high-ZT false positive; important candidate for paper; high predicted ZT; carried from Step14,True,True,True,True,True,both_good,material_system_out_of_distribution,missing_additive_or_structure_annotation,candidate hypothesis only; no causal mechanism proven,10,low,manual review not checked
10.1016_j.jallcom.2016.06.172__sample_2664,10.1016/j.jallcom.2016.06.172,https://doi.org/10.1016/j.jallcom.2016.06.172,,2664,Pb0.932Na0.008Sr0.05Mn0.01Se,unknown,p,11,6,0,1,0.3761067116713469,0.6807152546025441,0.3046085429311971,0.4569997203741984,0.4128726757576883,-0.04412704461651,,,,0.80982160515424,0.0261880154150424,-0.7836335897391975,0.8578437,1.335078823121902,0.7570038306650422,0.7376853162321053,unknown,no,no,not_evaluated,primary DOI test sample aggregate,p,,high,unknown,unknown,unknown,unknown,unknown,unknown,unknown,,no,unknown,unknown,no,unknown,,,,,False,unknown,True,True,medium,0.3761067116713469,0.7577409664765794,,,,,,,,,,,,,,,,,,,,,,,,,0.2333374497641689,0.716379825810669,0.4830423760465,0.4830423760465,1.6209985950684984,moderate_error,unknown,no,75,B,predicted high ZT false positive; insufficient ZT evaluation rows; manual review required; sintering check required later,high-ZT false positive; important candidate for paper; high predicted ZT; carried from Step14,True,True,True,True,True,not_evaluable,not_evaluable,missing_additive_or_structure_annotation,candidate hypothesis only; no causal mechanism proven,10,low,manual review not checked
10.1016_j.jallcom.2016.06.172__sample_2665,10.1016/j.jallcom.2016.06.172,https://doi.org/10.1016/j.jallcom.2016.06.172,,2665,Pb0.932Na0.008Sr0.04Mn0.02Se,unknown,p,11,7,3,3,0.3379814246658276,0.6466995158205705,0.3087180911547429,0.2720646598738735,0.4719924160916354,0.1999277562177619,0.3380596772605947,0.3939712134885137,0.055911536227919,0.3280372831420112,0.3594518110919778,0.0314145279499665,0.871416,1.3810398648914937,0.7957143048433014,0.8321237616664057,unknown,no,no,ML_close_to_fitting,primary DOI test sample aggregate,p,,high,unknown,unknown,unknown,unknown,unknown,unknown,unknown,,no,unknown,unknown,no,unknown,,,,,False,unknown,True,True,medium,0.3379814246658276,0.6977651556456199,,,,,,,,,,,,,,,,,,,,,,,,,0.2173119626553918,0.716379825810669,0.4990678631552772,0.4990678631552772,1.6471851529042527,moderate_error,unknown,no,65,B,predicted high ZT false positive; manual review required; sintering check required later,high-ZT false positive; important candidate for paper; high predicted ZT; carried from Step14,True,True,True,True,True,both_good,material_system_out_of_distribution,missing_additive_or_structure_annotation,candidate hypothesis only; no causal mechanism proven,10,low,manual review not checked
10.1016_j.jallcom.2016.06.172__sample_2666,10.1016/j.jallcom.2016.06.172,https://doi.org/10.1016/j.jallcom.2016.06.172,,2666,Pb0.932Na0.008Sr0.03Mn0.03Se,unknown,p,11,9,5,5,0.3563854833460627,0.8193454562539296,0.4629599729078669,0.3531361274786774,0.5118185697992578,0.1586824423205803,0.4121487341559249,0.4501064854936061,0.0379577513376811,0.4334780659789715,0.4384173848413605,0.004939318862389,1.020109,1.833340449013874,0.8766580195867281,0.9807908707854884,unknown,no,no,ML_close_to_fitting,primary DOI test sample aggregate,p,,high,unknown,unknown,unknown,unknown,unknown,unknown,unknown,,no,unknown,unknown,no,unknown,,,,,False,unknown,True,True,medium,0.3563854833460627,0.7317189801811549,,,,,,,,,,,,,,,,,,,,,,,,,0.4037381418436059,0.716379825810669,0.312641683967063,0.312641683967063,1.3670316139154712,moderate_error,unknown,no,65,B,manual review required; sintering check required later,high observed ZT; important candidate for paper; high predicted ZT,True,True,True,True,True,both_good,material_system_out_of_distribution,missing_additive_or_structure_annotation; possible_sintering_or_microstructure_effect,candidate hypothesis only; no causal mechanism proven,90,A,observed high ZT; ZT_ML false negative; missing sintering info for high-ZT/error sample; manual review not checked
10.1016_j.jallcom.2016.12.052__sample_41499,10.1016/j.jallcom.2016.12.052,https://doi.org/10.1016/j.jallcom.2016.12.052,,41499,Bi0.5Sb1.5Te3,unknown,p,8,8,8,8,0.0466114361222392,0.728784829484784,0.6821733933625448,0.0381027127772893,1.0717021753601208,1.0335994625828315,0.0390588841649695,1.067729744487515,1.0286708603225452,0.0381027127772713,1.071702175360076,1.0335994625828049,0.8372554,0.8239003810698712,1.7050374369432442,0.8382863692718996,unknown,no,no,ML_much_worse,primary DOI test sample aggregate,p,,high,unknown,unknown,unknown,unknown,unknown,unknown,unknown,,no,unknown,unknown,no,unknown,,,,,False,unknown,True,True,medium,0.0466114361222393,0.0861012630391619,,,,,,,,,,,,,,,,,,,,,,,,,-0.567195796601158,6.011428478179339e-05,0.5672559108859399,0.5672559108859399,1.7634214205292955,large_over_prediction,unknown,no,0,low,no major issue,,True,True,True,True,True,fitting_good_ML_bad,insufficient_material_features,missing_additive_or_structure_annotation; possible_sintering_or_microstructure_effect,candidate hypothesis only; no causal mechanism proven,115,A,ML much worse than fitting; ZT_ML false positive; missing additive info and ML bad; missing structure info and ML bad; missing sintering info for high-ZT/error sample; manual review not checked
10.1016_j.jallcom.2016.12.052__sample_41500,10.1016/j.jallcom.2016.12.052,https://doi.org/10.1016/j.jallcom.2016.12.052,,41500,Bi0.5Sb1.5Te3,unknown,p,8,8,8,8,0.0484869808811092,0.5971484859572957,0.5486615050761865,0.0387039629315536,0.8154537674871487,0.7767498045555951,0.038534884167254,0.8168365059081688,0.7783016217409148,0.0387039629315466,0.815453767487127,0.7767498045555803,0.8683779,0.8900060603390075,1.6138937092514627,0.8741956941535834,unknown,no,no,ML_much_worse,primary DOI test sample aggregate,p,,high,unknown,unknown,unknown,unknown,unknown,unknown,unknown,,no,unknown,unknown,no,unknown,,,,,False,unknown,True,True,medium,0.0484869808811092,0.1010747483143739,,,,,,,,,,,,,,,,,,,,,,,,,-0.435079794920425,6.011428478179339e-05,0.4351399092052068,0.4351399092052068,1.5451792286267012,moderate_error,unknown,no,0,low,no major issue,,True,True,True,True,True,both_poor,missing_additive_or_structure_annotation,possible_sintering_or_microstructure_effect,candidate hypothesis only; no causal mechanism proven,115,A,ML much worse than fitting; ZT_ML false positive; missing additive info and ML bad; missing structure info and ML bad; missing sintering info for high-ZT/error sample; manual review not checked
10.1016_j.jallcom.2016.12.052__sample_41501,10.1016/j.jallcom.2016.12.052,https://doi.org/10.1016/j.jallcom.2016.12.052,,41501,Bi0.5Sb1.5Te3,unknown,p,8,8,8,8,0.0524483851994473,0.5841751676120235,0.5317267824125761,0.04261040761916,0.7917565310645396,0.7491461234453796,0.0435528974997024,0.8018666515325543,0.7583137540328518,0.0426104076191547,0.7917565310645183,0.7491461234453635,0.9829295,0.9479270763451,1.696111437336244,0.9920409069717684,unknown,no,no,ML_much_worse,primary DOI test sample aggregate,p,,high,unknown,unknown,unknown,unknown,unknown,unknown,unknown,,no,unknown,unknown,no,unknown,,,,,False,unknown,True,True,medium,0.0524483851994473,0.0186908571925372,,,,,,,,,,,,,,,,,,,,,,,,,-0.4217190203743612,6.011428478179339e-05,0.421779134659143,0.421779134659143,1.5246717403490275,moderate_error,unknown,no,0,low,no major issue,,True,True,True,True,True,both_poor,missing_additive_or_structure_annotation,possible_sintering_or_microstructure_effect,candidate hypothesis only; no causal mechanism proven,115,A,ML much worse than fitting; ZT_ML false positive; missing additive info and ML bad; missing structure info and ML bad; missing sintering info for high-ZT/error sample; manual review not checked
10.1016_j.jallcom.2017.06.296__sample_2751,10.1016/j.jallcom.2017.06.296,https://doi.org/10.1016/j.jallcom.2017.06.296,,2751,PbTe0.9982I0.0018,unknown,n,10,5,1,1,0.3078264693459752,1.15042434001971,0.8425978706737349,0.3740482986158387,2.5529859486649995,2.1789376500491606,0.0279859428152756,2.11452759410363,2.0865416512883543,0.0414367002690088,1.904195206727332,1.8627585064583232,0.5375,0.5354093109500914,1.6221496847780543,0.558553943281938,unknown,no,no,ML_much_worse,primary DOI test sample aggregate,n,,high,unknown,unknown,unknown,unknown,unknown,unknown,unknown,,no,unknown,unknown,no,unknown,,,,,False,unknown,True,True,medium,0.3078264693459752,0.0605307111434595,,,,,,,,,,,,,,,,,,,,,,,,,-1.1654374167602757,0.201967999884602,1.3674054166448777,1.3674054166448777,3.9251533347312586,large_over_prediction,unknown,no,10,low,no major issue,,True,True,True,True,True,fitting_good_ML_bad,tau_eff_ML_prediction_error,missing_additive_or_structure_annotation; possible_sintering_or_microstructure_effect,candidate hypothesis only; no causal mechanism proven,115,A,ML much worse than fitting; ZT_ML false positive; missing additive info and ML bad; missing structure info and ML bad; missing sintering info for high-ZT/error sample; manual review not checked
10.1016_j.jallcom.2017.06.296__sample_2753,10.1016/j.jallcom.2017.06.296,https://doi.org/10.1016/j.jallcom.2017.06.296,,2753,PbTe0.997I0.003,unknown,n,10,3,0,2,0.2973852460936317,0.3516563802411938,0.054271134147562,0.3828223855975146,0.5306718840629686,0.1478494984654539,,,,0.2856591139743004,0.344633099124117,0.0589739851498166,1.004167,1.2935281508532015,1.5605755028454422,1.022641596030074,unknown,no,no,not_evaluated,primary DOI test sample aggregate,n,,high,unknown,unknown,unknown,unknown,unknown,unknown,unknown,,no,unknown,unknown,no,unknown,,,,,False,unknown,True,True,medium,0.2973852460936316,0.4933281692472359,,,,,,,,,,,,,,,,,,,,,,,,,-0.2446426034247069,0.201967999884602,0.4466106033093089,0.4466106033093089,1.5630055515826216,moderate_error,unknown,no,75,B,insufficient ZT evaluation rows; manual review required; sintering check required later,high observed ZT; important candidate for paper; high predicted ZT,True,True,True,True,True,not_evaluable,not_evaluable,missing_additive_or_structure_annotation; possible_sintering_or_microstructure_effect,candidate hypothesis only; no causal mechanism proven,60,B,observed high ZT; missing sintering info for high-ZT/error sample; manual review not checked
10.1016_j.jallcom.2017.06.296__sample_2754,10.1016/j.jallcom.2017.06.296,https://doi.org/10.1016/j.jallcom.2017.06.296,,2754,PbTe0.9964I0.0036,unknown,n,10,3,0,2,0.3089148132064461,0.3385817715183559,0.0296669583119097,0.3790297656150576,0.2868345978453053,-0.0921951677697523,,,,0.2559441824843563,0.2228194784132612,-0.0331247040710951,,1.2017055608924876,1.0461789116880815,0.9668134631178492,unknown,no,no,not_evaluated,primary DOI test sample aggregate,n,,high,unknown,unknown,unknown,unknown,unknown,unknown,unknown,,no,unknown,unknown,no,unknown,,,,,False,unknown,True,True,medium,0.3089148132064461,0.5896258992029593,,,,,,,,,,,,,,,,,,,,,,,,,0.0816360299101772,0.201967999884602,0.1203319699744248,0.1203319699744248,1.1278712088146017,good,unknown,no,35,C,insufficient ZT evaluation rows; sintering check required later,high predicted ZT,True,True,True,True,True,not_evaluable,not_evaluable,missing_additive_or_structure_annotation,candidate hypothesis only; no causal mechanism proven,35,C,ZT_ML false positive; manual review not checked
10.1016_j.jallcom.2017.06.296__sample_2755,10.1016/j.jallcom.2017.06.296,https://doi.org/10.1016/j.jallcom.2017.06.296,,2755,PbTe0.9958I0.0042,unknown,n,10,2,0,1,0.3456621335934304,0.6554342021446383,0.3097720685512079,0.5184016339665471,0.2970420097178385,-0.2213596242487086,,,,0.750916280644297,0.0032678463429396,-0.7476484343013574,0.8958333,1.4405742406986617,0.8254431305139451,0.8227544952455199,unknown,no,no,not_evaluated,primary DOI test sample aggregate,n,,high,unknown,unknown,unknown,unknown,unknown,unknown,unknown,,no,unknown,unknown,no,unknown,,,,,False,unknown,True,True,medium,0.3456621335934304,0.6872338830744161,,,,,,,,,,,,,,,,,,,,,,,,,0.4999152974729012,0.201967999884602,-0.2979472975882992,0.2979472975882992,0.7423404618494932,moderate_error,unknown,no,75,B,predicted high ZT false positive; insufficient ZT evaluation rows; manual review required; sintering check required later,high-ZT false positive; important candidate for paper; high predicted ZT; carried from Step14,True,True,True,True,True,not_evaluable,not_evaluable,missing_additive_or_structure_annotation,candidate hypothesis only; no causal mechanism proven,10,low,manual review not checked
10.1016_j.jallcom.2017.06.296__sample_2756,10.1016/j.jallcom.2017.06.296,https://doi.org/10.1016/j.jallcom.2017.06.296,,2756,PbTe0.997I0.003,unknown,n,18,11,6,10,0.2779003489764337,0.3209182746192201,0.0430179256427864,0.2264260559368068,0.2816730327497608,0.0552469768129539,0.3460261645668099,0.4062681506200694,0.0602419860532595,0.2201881880164237,0.2585222075498419,0.0383340195334182,1.041651,1.2838767605818713,1.5073953664708295,1.0787315948261955,unknown,no,no,ML_close_to_fitting,primary DOI test sample aggregate,n,,high,unknown,unknown,unknown,unknown,unknown,unknown,unknown,,no,unknown,unknown,no,unknown,,,,,False,unknown,True,True,medium,0.2779003489764337,0.4766150307463906,,,,,,,,,,,,,,,,,,,,,,,,,-0.2174604426017082,0.201967999884602,0.4194284424863101,0.4194284424863101,1.5210919156042897,moderate_error,unknown,no,65,B,manual review required; sintering check required later,high observed ZT; important candidate for paper; high predicted ZT,True,True,True,True,True,both_good,material_system_out_of_distribution,missing_additive_or_structure_annotation; possible_sintering_or_microstructure_effect,candidate hypothesis only; no causal mechanism proven,60,B,observed high ZT; missing sintering info for high-ZT/error sample; manual review not checked
10.1016_j.jallcom.2017.06.296__sample_2757,10.1016/j.jallcom.2017.06.296,https://doi.org/10.1016/j.jallcom.2017.06.296,,2757,PbTe0.992Se0.05I0.003,unknown,n,9,5,1,1,0.3291244377985415,0.3621195560328277,0.0329951182342861,0.3374627222611532,0.3181943922387431,-0.0192683300224101,0.9661606315597766,0.6905613177763287,-0.2755993137834479,0.9492770808645324,0.676044356519988,-0.2732327243445444,0.9028798,1.3226368466984513,1.1372411056365317,0.6785268547413705,unknown,no,no,ML_better_than_fitting,primary DOI test sample aggregate,n,,high,unknown,unknown,unknown,unknown,unknown,unknown,unknown,,no,unknown,unknown,no,unknown,,,,,False,unknown,True,True,medium,0.3291244377985413,0.7005633670474458,,,,,,,,,,,,,,,,,,,,,,,,,-0.271251058340266,0.1938351643845219,0.4650862227247879,0.4650862227247879,1.59215146260634,moderate_error,unknown,no,75,B,predicted high ZT false positive; manual review required; sintering check required later,high-ZT false positive; important candidate for paper; high predicted ZT; carried from Step14,True,True,True,True,True,not_evaluable,not_evaluable,missing_additive_or_structure_annotation,candidate hypothesis only; no causal mechanism proven,35,C,ZT_ML false positive; manual review not checked
10.1016_j.jallcom.2017.06.296__sample_2760,10.1016/j.jallcom.2017.06.296,https://doi.org/10.1016/j.jallcom.2017.06.296,,2760,PbTe0.977Se0.2I0.003,unknown,n,9,4,0,2,0.3332506664791207,0.5799123320688554,0.2466616655897346,0.2054494118071614,0.2828339903928238,0.0773845785856624,,,,0.2320987308552111,0.2342986123598706,0.0021998815046594,0.924116,0.7126974850125902,1.145565910788389,0.9017577891976428,unknown,no,no,not_evaluated,primary DOI test sample aggregate,n,,high,unknown,unknown,unknown,unknown,unknown,unknown,unknown,,no,unknown,unknown,no,unknown,,,,,False,unknown,True,True,medium,0.3332506664791207,0.184643505630722,,,,,,,,,,,,,,,,,,,,,,,,,-0.8968701604380639,0.1938351643845219,1.0907053248225858,1.0907053248225858,2.976372641895138,large_over_prediction,unknown,no,10,low,insufficient ZT evaluation rows,,True,True,True,True,True,not_evaluable,not_evaluable,missing_additive_or_structure_annotation; tau_eff_ML_prediction_error,candidate hypothesis only; no causal mechanism proven,35,C,ZT_ML false positive; manual review not checked
10.1016_j.jallcom.2017.06.296__sample_2771,10.1016/j.jallcom.2017.06.296,https://doi.org/10.1016/j.jallcom.2017.06.296,,2771,Pb0.995Sn0.005Te0.847Se0.15I0.003,unknown,n,19,13,4,9,0.510878772884668,0.5223354277073822,0.0114566548227141,0.3935331142558537,0.3918426603775541,-0.0016904538782995,0.4591451158129696,0.4633568107061235,0.0042116948931539,0.5140599027006781,0.4877325013361602,-0.0263274013645179,1.200913,2.1719253524490134,1.948023434789801,1.2648393486899487,unknown,no,no,ML_close_to_fitting,primary DOI test sample aggregate,n,,high,unknown,unknown,unknown,unknown,unknown,unknown,unknown,,no,unknown,unknown,no,unknown,,,,,False,unknown,True,True,low,0.510878772884668,0.8859277630313016,,,,,,,,,,,,,,,,,,,,,,,,,0.160692136083983,1.3875217224837255,1.2268295863997427,1.2268295863997427,3.410399999764271,large_over_prediction,unknown,no,65,B,manual review required; sintering check required later,high observed ZT; important candidate for paper; high predicted ZT,True,True,True,True,True,both_good,material_system_out_of_distribution,missing_additive_or_structure_annotation; possible_sintering_or_microstructure_effect; tau_eff_ML_prediction_error,candidate hypothesis only; no causal mechanism proven,60,B,observed high ZT; missing sintering info for high-ZT/error sample; manual review not checked
10.1016_j.jallcom.2018.08.291__sample_41604,10.1016/j.jallcom.2018.08.291,https://doi.org/10.1016/j.jallcom.2018.08.291,,41604,Cu2Se,unknown,p,9,7,3,5,0.2547361280206175,0.2550564055693665,0.0003202775487489,0.2300183459428425,0.2289116929443951,-0.0011066529984474,0.2352793187645561,0.2365242736916343,0.0012449549270782,0.2695044936682675,0.2686220212654095,-0.000882472402858,0.7563946,1.0771154787803614,1.063439748844804,0.7586138635133031,unknown,no,no,ML_close_to_fitting,primary DOI test sample aggregate,p,,high,unknown,unknown,unknown,unknown,unknown,unknown,unknown,,no,unknown,unknown,no,unknown,,,,,False,unknown,True,True,medium,0.2547361280206175,0.4679888778794194,,,,,,,,,,,,,,,,,,,,,,,,,-0.078555179528095,0.7733776850017701,0.851932864529865,0.851932864529865,2.3441734455753767,large_over_prediction,unknown,no,65,B,predicted high ZT false positive; manual review required; sintering check required later,high-ZT false positive; important candidate for paper; high predicted ZT; carried from Step14,True,True,True,True,True,both_good,material_system_out_of_distribution,missing_additive_or_structure_annotation,candidate hypothesis only; no causal mechanism proven,35,C,ZT_ML false positive; manual review not checked
10.1016_j.jallcom.2018.08.291__sample_41605,10.1016/j.jallcom.2018.08.291,https://doi.org/10.1016/j.jallcom.2018.08.291,,41605,Cu2Se0.98I0.02,unknown,p,9,5,1,2,0.2074223579788852,0.6270184768315535,0.4195961188526683,0.1529329188877172,0.4235713827069213,0.2706384638192041,0.03179748846754,0.4642192608155588,0.4324217723480188,0.1991376822515728,0.3408740302006055,0.1417363479490326,0.6961023,1.139015034301349,0.630304414367044,0.8192963024681639,unknown,no,no,ML_moderately_worse,primary DOI test sample aggregate,p,,high,unknown,unknown,unknown,unknown,unknown,unknown,unknown,,no,unknown,unknown,no,unknown,,,,,False,unknown,True,True,medium,0.2074223579788852,0.4357671478740259,,,,,,,,,,,,,,,,,,,,,,,,,0.2504662958341492,-1.09846968997272,-1.3489359858068692,1.3489359858068692,0.2595162427610562,large_under_prediction,unknown,no,75,B,predicted high ZT false positive; manual review required; sintering check required later,high-ZT false positive; important candidate for paper; high predicted ZT; carried from Step14,True,True,True,True,True,both_good,material_system_out_of_distribution,missing_additive_or_structure_annotation; tau_eff_ML_prediction_error,candidate hypothesis only; no causal mechanism proven,10,low,manual review not checked
10.1016_j.jallcom.2018.08.291__sample_41606,10.1016/j.jallcom.2018.08.291,https://doi.org/10.1016/j.jallcom.2018.08.291,,41606,Cu2Se0.97I0.03,unknown,p,9,5,3,5,0.2701810088033509,0.5189605459994715,0.2487795371961206,0.2810324621748547,0.2680396618196294,-0.0129928003552252,0.416110209317807,0.1756201268541393,-0.2404900824636677,0.2810324621748771,0.2680396618196022,-0.0129928003552748,1.138246,1.6989722247496866,1.0908321047685343,1.1362875505998096,unknown,no,no,ML_better_than_fitting,primary DOI test sample aggregate,p,,high,unknown,unknown,unknown,unknown,unknown,unknown,unknown,,no,unknown,unknown,no,unknown,,,,,False,unknown,True,True,medium,0.2701810088033509,0.534672276830742,,,,,,,,,,,,,,,,,,,,,,,,,0.1018327236897824,-1.09846968997272,-1.2003024136625025,1.2003024136625025,0.3011031404387762,large_under_prediction,unknown,no,65,B,manual review required; sintering check required later,high observed ZT; important candidate for paper; high predicted ZT,True,True,True,True,True,both_good,material_system_out_of_distribution,missing_additive_or_structure_annotation; possible_sintering_or_microstructure_effect; tau_eff_ML_prediction_error,candidate hypothesis only; no causal mechanism proven,60,B,observed high ZT; missing sintering info for high-ZT/error sample; manual review not checked
10.1016_j.jallcom.2018.08.291__sample_41607,10.1016/j.jallcom.2018.08.291,https://doi.org/10.1016/j.jallcom.2018.08.291,,41607,Cu2Se0.96I0.04,unknown,p,9,4,3,3,0.2083267419220877,0.2645423485831945,0.0562156066611068,0.1724773558213246,0.2217512736299474,0.0492739178086227,0.1791037709818728,0.2023067308811035,0.0232029598992306,0.1835046755334046,0.2060455443894354,0.0225408688560307,0.7107186,1.000689741754761,0.8501416652673529,0.7111069628802809,unknown,no,no,ML_close_to_fitting,primary DOI test sample aggregate,p,,high,unknown,unknown,unknown,unknown,unknown,unknown,unknown,,no,unknown,unknown,no,unknown,,,,,False,unknown,True,True,medium,0.2083267419220877,0.4391085841679342,,,,,,,,,,,,,,,,,,,,,,,,,-0.1782081846401415,-1.09846968997272,-0.9202615053325784,0.9202615053325784,0.3984148398553188,large_under_prediction,unknown,no,65,B,predicted high ZT false positive; manual review required; sintering check required later,high-ZT false positive; important candidate for paper; high predicted ZT; carried from Step14,True,True,True,True,True,both_good,material_system_out_of_distribution,missing_additive_or_structure_annotation,candidate hypothesis only; no causal mechanism proven,10,low,manual review not checked
10.1016_j.jallcom.2019.153284__sample_34307,10.1016/j.jallcom.2019.153284,https://doi.org/10.1016/j.jallcom.2019.153284,,34307,Bi0.5Sb1.5Te3,unknown,p,10,10,10,10,0.0440735698791723,0.7128643540501797,0.6687907841710073,0.0398267333551756,1.0390177098926014,0.9991909765374258,0.0350606886318085,1.0391444665341685,1.00408377790236,0.0398267333551783,1.039017709892588,0.9991909765374096,1.298439,1.3489220943440898,2.7478160365610784,1.2912375586862326,unknown,no,no,ML_much_worse,primary DOI test sample aggregate,p,,high,unknown,unknown,unknown,unknown,unknown,unknown,unknown,,no,unknown,unknown,no,unknown,,,,,False,unknown,True,True,medium,0.0440735698791723,0.07269357629721,,,,,,,,,,,,,,,,,,,,,,,,,-0.551403678564047,6.011428478179339e-05,0.5514637928488288,0.5514637928488288,1.7357919990580617,large_over_prediction,unknown,no,65,B,manual review required; sintering check required later,high observed ZT; important candidate for paper; high predicted ZT,True,True,True,True,True,fitting_good_ML_bad,insufficient_material_features,missing_additive_or_structure_annotation; possible_sintering_or_microstructure_effect,candidate hypothesis only; no causal mechanism proven,120,A,ML much worse than fitting; observed high ZT; missing additive info and ML bad; missing structure info and ML bad; missing sintering info for high-ZT/error sample; manual review not checked
10.1016_j.jallcom.2019.153284__sample_34308,10.1016/j.jallcom.2019.153284,https://doi.org/10.1016/j.jallcom.2019.153284,,34308,Bi0.5Sb1.5Te3,unknown,p,10,10,10,10,0.0522931108534879,0.5420878798933799,0.489794769039892,0.0402805177973021,0.7175835470322764,0.6773030292349743,0.0410737887663579,0.7161101188995342,0.6750363301331763,0.0402805177973022,0.7175835470322754,0.6773030292349732,1.290238,1.3202672316463615,2.264590374184837,1.2930137771605352,unknown,no,no,ML_much_worse,primary DOI test sample aggregate,p,,high,unknown,unknown,unknown,unknown,unknown,unknown,unknown,,no,unknown,unknown,no,unknown,,,,,False,unknown,True,True,medium,0.0522931108534879,0.0141758905459399,,,,,,,,,,,,,,,,,,,,,,,,,-0.3794628038188909,6.011428478179339e-05,0.3795229181036727,0.3795229181036727,1.4615871263160694,moderate_error,unknown,no,65,B,manual review required; sintering check required later,high observed ZT; important candidate for paper; high predicted ZT,True,True,True,True,True,both_poor,missing_additive_or_structure_annotation,possible_sintering_or_microstructure_effect,candidate hypothesis only; no causal mechanism proven,120,A,ML much worse than fitting; observed high ZT; missing additive info and ML bad; missing structure info and ML bad; missing sintering info for high-ZT/error sample; manual review not checked
10.1016_j.jallcom.2019.153284__sample_34309,10.1016/j.jallcom.2019.153284,https://doi.org/10.1016/j.jallcom.2019.153284,,34309,Bi0.5Sb1.5Te3,unknown,p,10,10,10,10,0.0982225952226131,0.3049595536412281,0.206736958418615,0.0868786960823782,0.3410676503923688,0.2541889543099905,0.0883214278699393,0.3401968108786906,0.2518753830087512,0.0868786960823768,0.3410676503923639,0.254188954309987,1.170681,1.2243420131706375,1.6341326261048903,1.168142864181147,unknown,no,no,ML_moderately_worse,primary DOI test sample aggregate,p,,high,unknown,unknown,unknown,unknown,unknown,unknown,unknown,,no,unknown,unknown,no,unknown,,,,,False,unknown,True,True,medium,0.0982225952226131,0.131008700194151,,,,,,,,,,,,,,,,,,,,,,,,,-0.1286116679010225,6.011428478179339e-05,0.1286717821858042,0.1286717821858042,1.1373167752731763,good,unknown,no,65,B,manual review required; sintering check required later,high observed ZT; important candidate for paper; high predicted ZT,True,True,True,True,True,both_good,material_system_out_of_distribution,missing_additive_or_structure_annotation; possible_sintering_or_microstructure_effect,candidate hypothesis only; no causal mechanism proven,60,B,observed high ZT; missing sintering info for high-ZT/error sample; manual review not checked
10.1016_j.jallcom.2019.153284__sample_34310,10.1016/j.jallcom.2019.153284,https://doi.org/10.1016/j.jallcom.2019.153284,,34310,Bi0.5Sb1.5Te3,unknown,p,10,10,10,10,0.0448521945055521,0.498658040183725,0.4538058456781729,0.0350026684619067,0.6448306041349715,0.6098279356730647,0.0341260112132162,0.6460050284776578,0.6118790172644416,0.0350026684619129,0.6448306041349613,0.6098279356730483,1.269527,1.298949893978629,2.134415790532956,1.2664996214174389,unknown,no,no,ML_much_worse,primary DOI test sample aggregate,p,,high,unknown,unknown,unknown,unknown,unknown,unknown,unknown,,no,unknown,unknown,no,unknown,,,,,False,unknown,True,True,medium,0.0448521945055521,0.0198953422099788,,,,,,,,,,,,,,,,,,,,,,,,,-0.3365398864594107,6.011428478179339e-05,0.3366000007441925,0.3366000007441925,1.4001788811992275,moderate_error,unknown,no,65,B,manual review required; sintering check required later,high observed ZT; important candidate for paper; high predicted ZT,True,True,True,True,True,both_poor,missing_additive_or_structure_annotation,possible_sintering_or_microstructure_effect,candidate hypothesis only; no causal mechanism proven,120,A,ML much worse than fitting; observed high ZT; missing additive info and ML bad; missing structure info and ML bad; missing sintering info for high-ZT/error sample; manual review not checked
10.1016_j.jallcom.2019.153284__sample_34311,10.1016/j.jallcom.2019.153284,https://doi.org/10.1016/j.jallcom.2019.153284,,34311,Bi0.5Sb1.5Te3,unknown,p,10,10,10,10,0.0480692191261709,0.6162241507674961,0.5681549316413251,0.0417342177781614,0.8505807673052075,0.808846549527046,0.042372317280987,0.8471632414626533,0.8047909241816663,0.0417342177781598,0.850580767305202,0.8088465495270422,1.403283,1.4034941292509842,2.5942861150924967,1.399103858260957,unknown,no,no,ML_much_worse,primary DOI test sample aggregate,p,,high,unknown,unknown,unknown,unknown,unknown,unknown,unknown,,no,unknown,unknown,no,unknown,,,,,False,unknown,True,True,medium,0.0480692191261709,0.0740092874224021,,,,,,,,,,,,,,,,,,,,,,,,,-0.454249520551731,6.011428478179339e-05,0.4543096348365128,0.4543096348365128,1.5750856233576247,moderate_error,unknown,no,65,B,manual review required; sintering check required later,high observed ZT; important candidate for paper; high predicted ZT,True,True,True,True,True,both_poor,missing_additive_or_structure_annotation,possible_sintering_or_microstructure_effect,candidate hypothesis only; no causal mechanism proven,120,A,ML much worse than fitting; observed high ZT; missing additive info and ML bad; missing structure info and ML bad; missing sintering info for high-ZT/error sample; manual review not checked
10.1016_j.jallcom.2020.155181__sample_31078,10.1016/j.jallcom.2020.155181,https://doi.org/10.1016/j.jallcom.2020.155181,,31078,Sn0.69Pb0.3Zn0.01Te,unknown,p,13,1,1,1,0.3018735928802694,0.3807099059538811,0.0788363130736117,0.4860137129417467,0.1783583583393319,-0.3076553546024148,0.4851077683802179,0.1776399750990195,-0.3074677932811984,0.4860137129417015,0.178358358339308,-0.3076553546023935,1.3455,1.7177023768483908,1.3620795927190776,1.1559128707150623,unknown,no,no,ML_better_than_fitting,primary DOI test sample aggregate,p,,high,unknown,unknown,unknown,unknown,unknown,unknown,unknown,,no,unknown,unknown,no,unknown,,,,,False,unknown,True,True,medium,0.3018735928802694,0.3955512736954137,,,,,,,,,,,,,,,,,,,,,,,,,1.261053242116583,0.2514853446021967,-1.0095678975143862,1.0095678975143862,0.3643763935049305,large_under_prediction,unknown,no,75,B,manual review required; sintering check required later,high observed ZT; important candidate for paper; high predicted ZT,True,True,True,True,True,both_good,material_system_out_of_distribution,missing_additive_or_structure_annotation; possible_sintering_or_microstructure_effect; tau_eff_ML_prediction_error,candidate hypothesis only; no causal mechanism proven,60,B,observed high ZT; missing sintering info for high-ZT/error sample; manual review not checked
10.1016_j.jallcom.2020.155473__sample_31157,10.1016/j.jallcom.2020.155473,https://doi.org/10.1016/j.jallcom.2020.155473,,31157,BiSb(Se0.96Br0.04)3,unknown,n,9,8,6,7,0.1099864648699912,1.4610390647143945,1.351052599844403,0.0876446883897557,3.382227606474398,3.294582918084642,0.089704446209506,3.2370722319624634,3.1473677857529574,0.0842061556651415,3.4635376397934707,3.379331484128329,0.6910056,0.8501470701518956,3.64934387982825,0.6627983071792495,unknown,no,no,ML_much_worse,primary DOI test sample aggregate,n,,high,unknown,unknown,unknown,unknown,unknown,unknown,unknown,,no,unknown,unknown,no,unknown,,,,,False,unknown,True,True,medium,0.1099864648699912,0.2274786580840367,,,,,,,,,,,,,,,,,,,,,,,,,-2.316882111424111,-1.4269907939898134,0.8898913174342975,0.8898913174342975,2.434865009532788,large_over_prediction,unknown,no,0,low,no major issue,,True,True,True,True,True,fitting_good_ML_bad,insufficient_material_features,missing_additive_or_structure_annotation; possible_sintering_or_microstructure_effect,candidate hypothesis only; no causal mechanism proven,115,A,ML much worse than fitting; ZT_ML false positive; missing additive info and ML bad; missing structure info and ML bad; missing sintering info for high-ZT/error sample; manual review not checked
10.1016_j.jallcom.2020.155473__sample_31158,10.1016/j.jallcom.2020.155473,https://doi.org/10.1016/j.jallcom.2020.155473,,31158,BiSb(Se0.94Br0.06)3,unknown,n,9,8,8,8,0.06632240602316,0.8468807318551193,0.7805583258319592,0.0214514174294445,1.2764511602896642,1.2549997428602198,0.0285780415810082,1.3638848235168968,1.3353067819358886,0.0214514174294767,1.2764511602893998,1.2549997428599229,0.6341503,0.6386098529602277,1.4855991958606172,0.6421543285488913,unknown,no,no,ML_much_worse,primary DOI test sample aggregate,n,,high,unknown,unknown,unknown,unknown,unknown,unknown,unknown,,no,unknown,unknown,no,unknown,,,,,False,unknown,True,True,medium,0.06632240602316,0.1420576799690913,,,,,,,,,,,,,,,,,,,,,,,,,-1.7042685577690126,-1.4269907939898134,0.2772777637791992,0.2772777637791992,1.319532838564917,moderate_error,unknown,no,0,low,no major issue,,True,True,True,True,True,fitting_good_ML_bad,insufficient_material_features,missing_additive_or_structure_annotation; possible_sintering_or_microstructure_effect,candidate hypothesis only; no causal mechanism proven,115,A,ML much worse than fitting; ZT_ML false positive; missing additive info and ML bad; missing structure info and ML bad; missing sintering info for high-ZT/error sample; manual review not checked
10.1016_j.jallcom.2020.155473__sample_31164,10.1016/j.jallcom.2020.155473,https://doi.org/10.1016/j.jallcom.2020.155473,,31164,BiSb(Se0.94Br0.06)3,unknown,n,9,9,5,9,0.0927453267454853,0.7576301632187199,0.6648848364732346,0.0741697779061048,1.1305947071983762,1.0564249292922714,0.0781823976735038,1.181057392580017,1.102874994906513,0.07416977790607,1.1305947071982465,1.0564249292921766,0.8885788,1.0796882541695507,2.290120347855233,0.8653549373869773,unknown,no,no,ML_much_worse,primary DOI test sample aggregate,n,,high,unknown,unknown,unknown,unknown,unknown,unknown,unknown,,no,unknown,unknown,no,unknown,,,,,False,unknown,True,True,medium,0.0927453267454853,0.1934558675677538,,,,,,,,,,,,,,,,,,,,,,,,,-1.6119208220957786,-1.4269907939898134,0.1849300281059651,0.1849300281059651,1.203134251599952,good,unknown,no,65,B,predicted high ZT false positive; manual review required; sintering check required later,high-ZT false positive; important candidate for paper; high predicted ZT; carried from Step14,True,True,True,True,True,fitting_good_ML_bad,insufficient_material_features,missing_additive_or_structure_annotation; possible_sintering_or_microstructure_effect,candidate hypothesis only; no causal mechanism proven,115,A,ML much worse than fitting; ZT_ML false positive; missing additive info and ML bad; missing structure info and ML bad; missing sintering info for high-ZT/error sample; manual review not checked
10.1016_j.jallcom.2020.155473__sample_31165,10.1016/j.jallcom.2020.155473,https://doi.org/10.1016/j.jallcom.2020.155473,,31165,BiSb(Se0.94Br0.06)3,unknown,n,9,9,9,9,0.0888153289212854,0.6957742418495407,0.6069589129282553,0.0698354273924644,1.002063519395292,0.9322280920028276,0.066835227109358,0.9816443535056052,0.9148091263962472,0.0698354273924573,1.0020635193952212,0.932228092002764,0.9752541,1.1934963952669069,2.379688232386159,0.9639631702785076,unknown,no,no,ML_much_worse,primary DOI test sample aggregate,n,,high,unknown,unknown,unknown,unknown,unknown,unknown,unknown,,no,unknown,unknown,no,unknown,,,,,False,unknown,True,True,medium,0.0888153289212854,0.18518404614373,,,,,,,,,,,,,,,,,,,,,,,,,-1.5500711360020372,-1.4269907939898134,0.1230803420122237,0.1230803420122237,1.1309752821273968,good,unknown,no,65,B,predicted high ZT false positive; manual review required; sintering check required later,high-ZT false positive; important candidate for paper; high predicted ZT; carried from Step14,True,True,True,True,True,both_poor,missing_additive_or_structure_annotation,possible_sintering_or_microstructure_effect,candidate hypothesis only; no causal mechanism proven,115,A,ML much worse than fitting; ZT_ML false positive; missing additive info and ML bad; missing structure info and ML bad; missing sintering info for high-ZT/error sample; manual review not checked
10.1016_j.jallcom.2020.155473__sample_31166,10.1016/j.jallcom.2020.155473,https://doi.org/10.1016/j.jallcom.2020.155473,,31166,BiSb(Se0.94Br0.06)3,unknown,n,9,6,5,5,0.0579198075868109,0.5511265219113829,0.4932067143245719,0.042520379358301,0.7784424686032695,0.7359220892449685,0.0503482961182157,0.7930868679536633,0.7427385718354476,0.0497747484619045,0.785985275109363,0.7362105266474585,0.7553286,0.8667320964669432,1.4993763032063925,0.7630888328822979,unknown,no,no,ML_much_worse,primary DOI test sample aggregate,n,,high,unknown,unknown,unknown,unknown,unknown,unknown,unknown,,no,unknown,unknown,no,unknown,,,,,False,unknown,True,True,medium,0.0579198075868109,0.1050835504114014,,,,,,,,,,,,,,,,,,,,,,,,,-1.4080633725277236,-1.4269907939898134,-0.0189274214620898,0.0189274214620898,0.98125057739066,good,unknown,no,0,low,no major issue,,True,True,True,True,True,both_poor,missing_additive_or_structure_annotation,possible_sintering_or_microstructure_effect,candidate hypothesis only; no causal mechanism proven,115,A,ML much worse than fitting; ZT_ML false positive; missing additive info and ML bad; missing structure info and ML bad; missing sintering info for high-ZT/error sample; manual review not checked
10.1016_j.jallcom.2020.155473__sample_31168,10.1016/j.jallcom.2020.155473,https://doi.org/10.1016/j.jallcom.2020.155473,,31168,BiSb(Se0.94Br0.06)3,unknown,n,9,9,9,9,0.0560185239903256,0.4499157431988871,0.3938972192085615,0.042407657740045,0.5652017379856771,0.5227940802456321,0.0395845369286108,0.5704504308709119,0.530865893942301,0.0424076577399968,0.5652017379855672,0.5227940802455703,0.7786176,0.8933749582945378,1.3960765225753502,0.7864769768565117,unknown,no,no,ML_much_worse,primary DOI test sample aggregate,n,,high,unknown,unknown,unknown,unknown,unknown,unknown,unknown,,no,unknown,unknown,no,unknown,,,,,False,unknown,True,True,medium,0.0560185239903256,0.102541867329501,,,,,,,,,,,,,,,,,,,,,,,,,-1.3064035167441996,-1.4269907939898134,-0.1205872772456138,0.1205872772456138,0.8863997214430857,good,unknown,no,0,low,no major issue,,True,True,True,True,True,both_poor,missing_additive_or_structure_annotation,possible_sintering_or_microstructure_effect,candidate hypothesis only; no causal mechanism proven,115,A,ML much worse than fitting; ZT_ML false positive; missing additive info and ML bad; missing structure info and ML bad; missing sintering info for high-ZT/error sample; manual review not checked
10.1016_j.jallcom.2020.156540__sample_38703,10.1016/j.jallcom.2020.156540,https://doi.org/10.1016/j.jallcom.2020.156540,,38703,(Cu2Te)50.00(Ag2Te)50.00,unknown,p,6,6,6,6,0.4798630507236865,0.6210684928983858,0.1412054421746992,0.4393759085310504,0.7321029574594414,0.292727048928391,0.5231028025660923,0.7979564388973007,0.2748536363312084,0.4393759085311156,0.7321029574595023,0.2927270489283867,0.9732131,0.7444071209613322,1.1041919883115598,0.9945315831920288,unknown,no,no,ML_moderately_worse,primary DOI test sample aggregate,p,,medium,unknown,unknown,unknown,unknown,unknown,unknown,unknown,,no,unknown,unknown,no,unknown,,,,,False,unknown,True,True,low,0.4798630507236865,,,,,,,,,,,,,,,,,,,,,,,,,,-0.7966765946217192,0.3364571558502165,1.1331337504719357,1.1331337504719357,3.105372731313533,large_over_prediction,unknown,no,0,low,no major issue,,True,True,True,True,True,not_evaluable,not_evaluable,missing_additive_or_structure_annotation; tau_eff_ML_prediction_error,candidate hypothesis only; no causal mechanism proven,35,C,ZT_ML false positive; manual review not checked
10.1016_j.jallcom.2020.156872__sample_41850,10.1016/j.jallcom.2020.156872,https://doi.org/10.1016/j.jallcom.2020.156872,,41850,(Bi0.4Sb1.6Te3)96.52(C3N4)3.48,unknown,p,7,7,0,0,0.0442018841562647,1.0053750262104173,0.9611731420541524,0.03697731637135,0.6333769992544973,0.5963996828831473,,,,,,,1.037913,,,,unknown,no,no,not_evaluated,primary DOI test sample aggregate,p,,high,unknown,unknown,unknown,unknown,unknown,unknown,unknown,,no,unknown,unknown,no,unknown,,,,,False,unknown,True,True,medium,0.0442018841562647,0.0303856823399723,,,,,,,,,,,,,,,,,,,,,,,,,-0.4804513100686472,-0.7226898129507443,-0.242238502882097,0.242238502882097,0.7848689617175209,good,unknown,no,50,B,insufficient ZT evaluation rows; manual review required; sintering check required later,high observed ZT; important candidate for paper,True,True,True,True,True,fitting_good_ML_bad,insufficient_material_features,missing_additive_or_structure_annotation; possible_sintering_or_microstructure_effect,candidate hypothesis only; no causal mechanism proven,90,A,observed high ZT; ZT_ML false negative; missing sintering info for high-ZT/error sample; manual review not checked
10.1016_j.jallcom.2020.157788__sample_40190,10.1016/j.jallcom.2020.157788,https://doi.org/10.1016/j.jallcom.2020.157788,,40190,(Pb0.995Bi0.005S)(Pb0.067Cl0.134),unknown,n,12,11,11,11,0.4084306419917682,0.8941525200657567,0.4857218780739885,0.393943358650997,0.5049224861882154,0.1109791275372184,0.3920269016850495,0.5086401500661514,0.1166132483811018,0.3939433586509977,0.5049224861881932,0.1109791275371955,0.7532067,1.4901389668379788,0.6726361592024047,0.7397277991321276,unknown,no,no,ML_moderately_worse,primary DOI test sample aggregate,n,,high,unknown,unknown,unknown,unknown,unknown,unknown,unknown,,no,unknown,unknown,no,unknown,,,,,False,unknown,True,True,medium,0.4084306419917682,0.7821554398692029,,,,,,,,,,,,,,,,,,,,,,,,,0.0170663202317104,-1.742027459452399,-1.7590937796841095,1.7590937796841095,0.1722008450398906,large_under_prediction,unknown,no,65,B,predicted high ZT false positive; manual review required; sintering check required later,high-ZT false positive; important candidate for paper; high predicted ZT; carried from Step14,True,True,True,True,True,not_evaluable,not_evaluable,missing_additive_or_structure_annotation; tau_eff_ML_prediction_error,candidate hypothesis only; no causal mechanism proven,10,low,manual review not checked
10.1016_j.jallcom.2020.157788__sample_40191,10.1016/j.jallcom.2020.157788,https://doi.org/10.1016/j.jallcom.2020.157788,,40191,(Pb0.99Bi0.01S)(Pb0.067Cl0.134),unknown,n,12,12,11,12,0.3986541848229968,0.855682109602229,0.4570279247792322,0.3734444851860307,0.4904327695620121,0.1169882843759814,0.3683134007540275,0.4718770230447932,0.1035636222907656,0.3734444851860206,0.4904327695619935,0.1169882843759729,0.7988323,1.5665423565669467,0.7347147747922217,0.7952737998999483,unknown,no,no,ML_moderately_worse,primary DOI test sample aggregate,n,,high,unknown,unknown,unknown,unknown,unknown,unknown,unknown,,no,unknown,unknown,no,unknown,,,,,False,unknown,True,True,medium,0.3986541848229968,0.7882148288049236,,,,,,,,,,,,,,,,,,,,,,,,,-0.0212099958757834,-1.742027459452399,-1.7208174635766156,1.7208174635766156,0.1789198276716521,large_under_prediction,unknown,no,65,B,predicted high ZT false positive; manual review required; sintering check required later,high-ZT false positive; important candidate for paper; high predicted ZT; carried from Step14,True,True,True,True,True,both_good,material_system_out_of_distribution,missing_additive_or_structure_annotation; tau_eff_ML_prediction_error,candidate hypothesis only; no causal mechanism proven,10,low,manual review not checked
10.1016_j.jallcom.2020.157788__sample_40193,10.1016/j.jallcom.2020.157788,https://doi.org/10.1016/j.jallcom.2020.157788,,40193,(PbS)(Pb0.067Cl0.134),unknown,n,12,12,12,12,0.555563796835938,6.268857796534242,5.713293999698304,0.5807199765829955,611.7711459267113,611.1904259501283,0.987298803027066,5.5412770632009964,4.55397826017393,0.5807199765831743,611.7711459268505,611.1904259502674,0.6915557,0.0055291070168927,2.847560036007153,0.0072479393434176,unknown,no,no,ML_much_worse,primary DOI test sample aggregate,n,,high,unknown,unknown,unknown,unknown,unknown,unknown,unknown,,no,unknown,unknown,no,unknown,,,,,False,unknown,False,True,medium,0.5555637968359382,0.398579794918664,,,,,,,,,,,,,,,,,,,,,,,,,-6.298153979673565,-0.6448916505129931,5.653262329160572,5.653262329160572,285.2204326368461,large_over_prediction,unknown,no,35,C,manual review required; sintering check required later,large ZT prediction error; important candidate for paper; carried from Step14,True,True,True,True,True,both_poor,missing_additive_or_structure_annotation,possible_sintering_or_microstructure_effect; tau_eff_ML_prediction_error,candidate hypothesis only; no causal mechanism proven,115,A,ML much worse than fitting; ZT_ML false positive; missing additive info and ML bad; missing structure info and ML bad; missing sintering info for high-ZT/error sample; manual review not checked
10.1016_j.jallcom.2020.158376__sample_39627,10.1016/j.jallcom.2020.158376,https://doi.org/10.1016/j.jallcom.2020.158376,,39627,Bi0.3Sb1.7Te3,unknown,p,9,9,4,4,0.143991333915045,0.4166888945567513,0.2726975606417062,0.1305585174496557,0.3166033104134607,0.1860447929638049,0.1794276281421276,0.2421798600531623,0.0627522319110346,0.1603799230273302,0.2556826792276517,0.0953027562003215,1.070167,1.2653046484434582,0.8558103970688636,1.1428890439822577,unknown,no,no,ML_close_to_fitting,primary DOI test sample aggregate,p,,high,unknown,unknown,unknown,unknown,unknown,unknown,unknown,,no,unknown,unknown,no,unknown,,,,,False,unknown,True,True,medium,0.143991333915045,0.2428907656305182,,,,,,,,,,,,,,,,,,,,,,,,,0.5511162723059958,6.011428478179339e-05,-0.551056158021214,0.551056158021214,0.5763407818821948,large_under_prediction,unknown,no,65,B,manual review required; sintering check required later,high observed ZT; important candidate for paper; high predicted ZT,True,True,True,True,True,both_good,material_system_out_of_distribution,missing_additive_or_structure_annotation; possible_sintering_or_microstructure_effect,candidate hypothesis only; no causal mechanism proven,90,A,observed high ZT; ZT_ML false negative; missing sintering info for high-ZT/error sample; manual review not checked
10.1016_j.jallcom.2020.158376__sample_39628,10.1016/j.jallcom.2020.158376,https://doi.org/10.1016/j.jallcom.2020.158376,,39628,(Bi0.3Sb1.7Te3)97.34(TiC)2.66,unknown,p,9,7,2,2,0.1403541919068119,0.3503855229775022,0.2100313310706903,0.1225438133154213,0.2741383708386558,0.1515945575232344,0.2188378770517715,0.1158675856312243,-0.1029702914205472,0.1616140444191524,0.1573771631209656,-0.0042368812981867,1.111879,1.317501917895238,0.9557022911216364,1.187325690038215,unknown,no,no,ML_better_than_fitting,primary DOI test sample aggregate,p,,high,unknown,unknown,unknown,unknown,unknown,unknown,unknown,,no,unknown,unknown,no,unknown,,,,,False,unknown,True,True,medium,0.1403541919068119,0.2351990452950313,,,,,,,,,,,,,,,,,,,,,,,,,0.4978636507181338,0.1860866036005229,-0.3117770471176109,0.3117770471176109,0.7321447438139033,moderate_error,unknown,no,75,B,manual review required; sintering check required later,high observed ZT; important candidate for paper; high predicted ZT,True,True,True,True,True,both_good,material_system_out_of_distribution,missing_additive_or_structure_annotation; possible_sintering_or_microstructure_effect,candidate hypothesis only; no causal mechanism proven,90,A,observed high ZT; ZT_ML false negative; missing sintering info for high-ZT/error sample; manual review not checked
10.1016_j.jallcom.2020.158376__sample_39629,10.1016/j.jallcom.2020.158376,https://doi.org/10.1016/j.jallcom.2020.158376,,39629,(Bi0.3Sb1.7Te3)94.81(TiC)5.19,unknown,p,9,8,1,1,0.1346254962876924,0.3148384900223733,0.1802129937346808,0.1361291831236399,0.2392751972214772,0.1031460140978373,0.095093575556689,0.3192277148522435,0.2241341392955544,0.1031649170885342,0.3252998848252024,0.2221349677366681,1.113663,1.007760803364811,0.758150905394506,1.1236857506658176,unknown,no,no,ML_moderately_worse,primary DOI test sample aggregate,p,,high,unknown,unknown,unknown,unknown,unknown,unknown,unknown,,no,unknown,unknown,no,unknown,,,,,False,unknown,True,True,medium,0.1346254962876924,0.2347069032705177,,,,,,,,,,,,,,,,,,,,,,,,,0.4614210409486896,0.1860866036005229,-0.2753344373481666,0.2753344373481666,0.7593181364120412,moderate_error,unknown,no,75,B,manual review required; sintering check required later,high observed ZT; important candidate for paper; high predicted ZT,True,True,True,True,True,both_good,material_system_out_of_distribution,missing_additive_or_structure_annotation; possible_sintering_or_microstructure_effect,candidate hypothesis only; no causal mechanism proven,90,A,observed high ZT; ZT_ML false negative; missing sintering info for high-ZT/error sample; manual review not checked
10.1016_j.jallcom.2020.158376__sample_39630,10.1016/j.jallcom.2020.158376,https://doi.org/10.1016/j.jallcom.2020.158376,,39630,(Bi0.3Sb1.7Te3)92.39(TiC)7.61,unknown,p,9,9,3,3,0.1329849277598481,0.2916790641867348,0.1586941364268866,0.1203881030725022,0.2218032220986311,0.1014151190261289,0.1913836497341872,0.124811778883863,-0.0665718708503241,0.1603067509157208,0.1562513206025136,-0.0040554303132071,1.139484,1.3020766501223215,1.0043708515020542,1.1168271905120155,unknown,no,no,ML_close_to_fitting,primary DOI test sample aggregate,p,,high,unknown,unknown,unknown,unknown,unknown,unknown,unknown,,no,unknown,unknown,no,unknown,,,,,False,unknown,True,True,medium,0.1329849277598481,0.2250011164644599,,,,,,,,,,,,,,,,,,,,,,,,,0.4364164542294754,0.1860866036005229,-0.2503298506289524,0.2503298506289524,0.7785439375059445,moderate_error,unknown,no,65,B,manual review required; sintering check required later,high observed ZT; important candidate for paper; high predicted ZT,True,True,True,True,True,both_good,material_system_out_of_distribution,missing_additive_or_structure_annotation; possible_sintering_or_microstructure_effect,candidate hypothesis only; no causal mechanism proven,60,B,observed high ZT; missing sintering info for high-ZT/error sample; manual review not checked
10.1016_j.jallcom.2020.158384__sample_40368,10.1016/j.jallcom.2020.158384,https://doi.org/10.1016/j.jallcom.2020.158384,,40368,MgAg0.97Sb0.995,unknown,p,14,14,13,13,0.5810230967613604,0.77982782993755,0.1988047331761895,0.5732823169664776,0.435119480238898,-0.1381628367275795,0.579846964773529,0.4585322019374801,-0.1213147628360489,0.5813728767106668,0.4587977569286853,-0.1225751197819814,0.914502,1.1065774158546746,0.6577921881111365,0.910349041126023,unknown,no,no,ML_better_than_fitting,primary DOI test sample aggregate,p,,high,unknown,unknown,unknown,unknown,unknown,unknown,unknown,,no,unknown,unknown,no,unknown,,,,,False,unknown,True,True,low,0.5810230967613604,0.9539632794440212,,,,,,,,,,,,,,,,,,,,,,,,,0.107294994532709,-4.842381322556033,-4.949676317088742,4.949676317088742,0.0070857020785825,large_under_prediction,unknown,no,65,B,predicted high ZT false positive; manual review required; sintering check required later,high-ZT false positive; important candidate for paper; high predicted ZT; carried from Step14,True,True,True,True,True,not_evaluable,not_evaluable,missing_additive_or_structure_annotation; tau_eff_ML_prediction_error,candidate hypothesis only; no causal mechanism proven,10,low,manual review not checked
10.1016_j.jallcom.2020.158384__sample_40369,10.1016/j.jallcom.2020.158384,https://doi.org/10.1016/j.jallcom.2020.158384,,40369,MgAg0.97Sb0.995,unknown,p,12,12,12,12,0.5178093331941223,0.7212678050241473,0.203458471830025,0.482151791298729,0.3988950179826455,-0.0832567733160834,0.4782083910926762,0.3999898859908641,-0.0782185051018121,0.4821517912987216,0.3988950179826457,-0.0832567733160758,0.8969612,1.0898790241842098,0.6596607157012419,0.8960044251965557,unknown,no,no,ML_close_to_fitting,primary DOI test sample aggregate,p,,high,unknown,unknown,unknown,unknown,unknown,unknown,unknown,,no,unknown,unknown,no,unknown,,,,,False,unknown,True,True,low,0.5178093331941223,0.907849992956472,,,,,,,,,,,,,,,,,,,,,,,,,0.0892532771232548,-4.842381322556033,-4.931634599679287,4.931634599679287,0.0072147004904774,large_under_prediction,unknown,no,65,B,predicted high ZT false positive; manual review required; sintering check required later,high-ZT false positive; important candidate for paper; high predicted ZT; carried from Step14,True,True,True,True,True,both_good,material_system_out_of_distribution,missing_additive_or_structure_annotation; tau_eff_ML_prediction_error,candidate hypothesis only; no causal mechanism proven,10,low,manual review not checked
10.1016_j.jallcom.2020.158384__sample_40370,10.1016/j.jallcom.2020.158384,https://doi.org/10.1016/j.jallcom.2020.158384,,40370,MgAg0.97Sb0.995,unknown,p,12,12,12,12,0.4437302533581653,0.6212891341213114,0.177558880763146,0.403475805933317,0.3453559086502744,-0.0581198972830426,0.401851182525945,0.3442905870623911,-0.0575605954635538,0.403475805933319,0.3453559086502586,-0.0581198972830603,1.059301,1.243801816901866,0.8051812876124028,1.0627178361308474,unknown,no,no,ML_close_to_fitting,primary DOI test sample aggregate,p,,high,unknown,unknown,unknown,unknown,unknown,unknown,unknown,,no,unknown,unknown,no,unknown,,,,,False,unknown,True,True,medium,0.4437302533581653,0.7974145644638002,,,,,,,,,,,,,,,,,,,,,,,,,0.0220174261381134,-4.842381322556033,-4.864398748694146,4.864398748694146,0.0077164663324379,large_under_prediction,unknown,no,65,B,manual review required; sintering check required later,high observed ZT; important candidate for paper; high predicted ZT,True,True,True,True,True,both_good,material_system_out_of_distribution,missing_additive_or_structure_annotation; possible_sintering_or_microstructure_effect; tau_eff_ML_prediction_error,candidate hypothesis only; no causal mechanism proven,90,A,observed high ZT; ZT_ML false negative; missing sintering info for high-ZT/error sample; manual review not checked
10.1016_j.jallcom.2020.158384__sample_40371,10.1016/j.jallcom.2020.158384,https://doi.org/10.1016/j.jallcom.2020.158384,,40371,MgAg0.97Sb0.995,unknown,p,12,12,12,12,0.4352230760677972,0.6670365584061179,0.2318134823383206,0.3923801020916529,0.3580894828622978,-0.0342906192293551,0.3928481886834381,0.3576458195681644,-0.0352023691152737,0.3923801020916482,0.3580894828622784,-0.0342906192293697,1.166552,1.3310309582338566,0.8028922792396569,1.165719618128546,unknown,no,no,ML_close_to_fitting,primary DOI test sample aggregate,p,,high,unknown,unknown,unknown,unknown,unknown,unknown,unknown,,no,unknown,unknown,no,unknown,,,,,False,unknown,True,True,low,0.4352230760677972,0.8106262358380357,,,,,,,,,,,,,,,,,,,,,,,,,0.0926454512214927,-4.842381322556033,-4.935026773777526,4.935026773777526,0.0071902684326719,large_under_prediction,unknown,no,65,B,manual review required; sintering check required later,high observed ZT; important candidate for paper; high predicted ZT,True,True,True,True,True,both_good,material_system_out_of_distribution,missing_additive_or_structure_annotation; possible_sintering_or_microstructure_effect; tau_eff_ML_prediction_error,candidate hypothesis only; no causal mechanism proven,90,A,observed high ZT; ZT_ML false negative; missing sintering info for high-ZT/error sample; manual review not checked
10.1016_j.jiec.2017.11.033__sample_42882,10.1016/j.jiec.2017.11.033,https://doi.org/10.1016/j.jiec.2017.11.033,,42882,WSe2,unknown,p,9,5,0,3,0.3325495650155253,4.88652439099975,4.553974825984224,0.4073201267862639,161.47201574817686,161.0646956213906,,,,0.4119068515295804,171.47009745994637,171.0581906084168,,0.2261846171136574,29.630131572037207,0.2639285917673243,unknown,no,no,not_evaluated,primary DOI test sample aggregate,p,,high,unknown,unknown,unknown,unknown,unknown,unknown,unknown,,no,unknown,unknown,no,unknown,,,,,False,unknown,True,True,medium,0.3325495650155253,0.4247898224730401,,,,,,,,,,,,,,,,,,,,,,,,,-4.73738117205178,-0.9368766524007124,3.800504519651068,3.800504519651068,44.723742809382216,large_over_prediction,unknown,no,10,low,insufficient ZT evaluation rows,,True,True,True,True,True,fitting_good_ML_bad,tau_eff_ML_prediction_error,missing_additive_or_structure_annotation,candidate hypothesis only; no causal mechanism proven,35,C,ZT_ML false positive; manual review not checked
10.1016_j.jmat.2017.07.003__sample_15411,10.1016/j.jmat.2017.07.003,https://doi.org/10.1016/j.jmat.2017.07.003,,15411,In0.15Ce0.15Co4Sb12,unknown,n,21,6,3,6,0.0993045990634305,0.2643571421549314,0.1650525430915009,0.055802344211137,0.2034066647407487,0.1476043205296117,0.0834013301256717,0.1520139118809894,0.0686125817553176,0.0558023442111428,0.2034066647407423,0.1476043205295994,1.291095,0.7676096147584918,0.6008136194055519,0.7742537133307605,unknown,no,no,ML_close_to_fitting,primary DOI test sample aggregate,n,existing_step6_or_step15,high,unknown,auto_step9,unknown,unknown,auto_step9,unknown,unknown,,no,unknown,unknown,no,unknown,yes,yes,yes,yes,False,unknown,True,True,medium,0.0993045990634305,0.1706307660380417,n,existing_step6_or_step15,high,unknown,auto_step9,unknown,unknown,auto_step9,unknown,unknown,,no,unknown,unknown,no,not_checked,yes,yes,yes,yes,False,unknown,True,True,0.611317835165819,0.3849193101747148,-0.226398524991104,0.226398524991104,0.7974002544055496,good,not_checked,no,90,A,observed high ZT missed; manual review required; sintering check required later,high observed ZT; high-ZT false negative; important candidate for paper; carried from Step14,True,True,True,True,True,both_good,material_system_out_of_distribution,missing_additive_or_structure_annotation; possible_sintering_or_microstructure_effect,candidate hypothesis only; no causal mechanism proven,90,A,observed high ZT; ZT_ML false negative; missing sintering info for high-ZT/error sample; manual review not checked
10.1016_j.jmat.2017.07.003__sample_15412,10.1016/j.jmat.2017.07.003,https://doi.org/10.1016/j.jmat.2017.07.003,,15412,In0.15Ce0.15Co4Sb12,unknown,n,21,9,9,9,0.0947702829012437,0.5649430466373032,0.4701727637360595,0.0499992161662654,0.4417951440132571,0.3917959278469917,0.0510524083151078,0.4419428741213491,0.3908904658062413,0.0499992161662667,0.4417951440132521,0.3917959278469853,1.27482,0.7994359725895281,0.4580457500091307,0.8474648139504002,unknown,no,no,ML_moderately_worse,primary DOI test sample aggregate,n,existing_step6_or_step15,high,unknown,auto_step9,unknown,unknown,auto_step9,unknown,unknown,,no,unknown,unknown,no,unknown,yes,yes,yes,yes,False,unknown,True,True,medium,0.0947702829012435,0.1738091841072008,n,existing_step6_or_step15,high,unknown,auto_step9,unknown,unknown,auto_step9,unknown,unknown,,no,unknown,unknown,no,not_checked,yes,yes,yes,yes,False,unknown,True,True,0.9232586891235558,0.3849193101747148,-0.5383393789488409,0.5383393789488409,0.5837167803458047,large_under_prediction,not_checked,no,90,A,observed high ZT missed; manual review required; sintering check required later,high observed ZT; high-ZT false negative; important candidate for paper; carried from Step14,True,True,True,True,True,both_good,material_system_out_of_distribution,missing_additive_or_structure_annotation; possible_sintering_or_microstructure_effect,candidate hypothesis only; no causal mechanism proven,90,A,observed high ZT; ZT_ML false negative; missing sintering info for high-ZT/error sample; manual review not checked
10.1016_j.jmat.2017.07.003__sample_15414,10.1016/j.jmat.2017.07.003,https://doi.org/10.1016/j.jmat.2017.07.003,,15414,In0.20Ce0.15Co4Sb12,unknown,n,23,5,1,2,0.1004815290088383,0.3538415397204031,0.2533600107115649,0.0779090129998019,0.2779950509230174,0.2000860379232155,0.0592460271361093,0.3299133793015463,0.2706673521654369,0.111954718892126,0.2211759158576152,0.1092211969654892,1.512071,1.7996158423436208,1.2818425785440812,1.493000731664618,unknown,no,no,ML_moderately_worse,primary DOI test sample aggregate,n,,high,unknown,unknown,unknown,unknown,unknown,unknown,unknown,,no,unknown,unknown,no,unknown,,,,,False,unknown,True,True,medium,0.1004815290088381,0.187980490671951,,,,,,,,,,,,,,,,,,,,,,,,,0.7055959782403747,0.3849193101747148,-0.3206766680656598,0.3206766680656598,0.7256578414163437,moderate_error,unknown,no,75,B,manual review required; sintering check required later,high observed ZT; important candidate for paper; high predicted ZT,True,True,True,True,True,both_good,material_system_out_of_distribution,missing_additive_or_structure_annotation; possible_sintering_or_microstructure_effect,candidate hypothesis only; no causal mechanism proven,60,B,observed high ZT; missing sintering info for high-ZT/error sample; manual review not checked
10.1016_j.jmat.2017.07.003__sample_15415,10.1016/j.jmat.2017.07.003,https://doi.org/10.1016/j.jmat.2017.07.003,,15415,In0.20Ce0.15Co4Sb12.3,unknown,n,21,8,7,8,0.0958699710020902,0.4496287905598635,0.3537588195577732,0.0404875390519574,0.3624478301690469,0.3219602911170894,0.0464357051065528,0.3739035904286719,0.327467885322119,0.0404875390519558,0.3624478301690375,0.3219602911170816,1.272515,0.9408701173443192,0.6063854909973463,0.929298957839815,unknown,no,no,ML_moderately_worse,primary DOI test sample aggregate,n,existing_step6_or_step15,high,unknown,auto_step9,unknown,unknown,auto_step9,unknown,unknown,,no,unknown,unknown,no,unknown,yes,yes,yes,yes,False,unknown,True,True,medium,0.0958699710020902,0.1621443491057336,n,existing_step6_or_step15,high,unknown,auto_step9,unknown,unknown,auto_step9,unknown,unknown,,no,unknown,unknown,no,not_checked,yes,yes,yes,yes,False,unknown,True,True,0.8056105106182679,0.3849193101747148,-0.420691200443553,0.420691200443553,0.6565928256803141,moderate_error,not_checked,no,90,A,observed high ZT missed; manual review required; sintering check required later,high observed ZT; high-ZT false negative; important candidate for paper; carried from Step14,True,True,True,True,True,both_good,material_system_out_of_distribution,missing_additive_or_structure_annotation; possible_sintering_or_microstructure_effect,candidate hypothesis only; no causal mechanism proven,90,A,observed high ZT; ZT_ML false negative; missing sintering info for high-ZT/error sample; manual review not checked
10.1016_j.jmat.2017.07.003__sample_15416,10.1016/j.jmat.2017.07.003,https://doi.org/10.1016/j.jmat.2017.07.003,,15416,In0.20Ce0.20Co4Sb12.3,unknown,n,22,8,7,8,0.0967070905910058,0.5192271900226557,0.4225200994316499,0.056250405198797,0.414215302020431,0.3579648968216339,0.0838370133106566,0.4435738641253891,0.3597368508147324,0.0562504051987921,0.4142153020204308,0.3579648968216386,1.330923,0.7569487514562854,0.4544799477980803,0.8730075967973061,unknown,no,no,ML_moderately_worse,primary DOI test sample aggregate,n,existing_step6_or_step15,high,unknown,auto_step9,unknown,unknown,auto_step9,unknown,unknown,,no,unknown,unknown,no,unknown,yes,yes,yes,yes,False,unknown,True,True,medium,0.0967070905910058,0.1648797067184383,n,existing_step6_or_step15,high,unknown,auto_step9,unknown,unknown,auto_step9,unknown,unknown,,no,unknown,unknown,no,not_checked,yes,yes,yes,yes,False,unknown,True,True,0.8764630725755954,0.3849193101747148,-0.4915437624008805,0.4915437624008805,0.6116813742221112,moderate_error,not_checked,no,90,A,observed high ZT missed; manual review required; sintering check required later,high observed ZT; high-ZT false negative; important candidate for paper; carried from Step14,True,True,True,True,True,both_good,material_system_out_of_distribution,missing_additive_or_structure_annotation; possible_sintering_or_microstructure_effect,candidate hypothesis only; no causal mechanism proven,90,A,observed high ZT; ZT_ML false negative; missing sintering info for high-ZT/error sample; manual review not checked
10.1016_j.jmat.2019.01.008__sample_41035,10.1016/j.jmat.2019.01.008,https://doi.org/10.1016/j.jmat.2019.01.008,,41035,AgCuTe,unknown,p,6,5,5,5,0.1245722853203385,1.2562995351210118,1.1317272498006732,0.1277138669221026,0.7058974324652628,0.5781835655431602,0.124089062015656,0.7111746420036859,0.5870855799880298,0.1277138669220745,0.7058974324651999,0.5781835655431253,1.340882,1.58159151644849,0.4530845739604844,1.3670402813049816,unknown,no,no,ML_much_worse,primary DOI test sample aggregate,p,,high,unknown,unknown,unknown,unknown,unknown,unknown,unknown,,no,unknown,unknown,no,unknown,,,,,False,unknown,True,True,low,0.1245722853203385,,,,,,,,,,,,,,,,,,,,,,,,,,0.345495233636074,-1.0315956593346471,-1.377090892970721,1.377090892970721,0.2523114875724538,large_under_prediction,unknown,no,65,B,manual review required; sintering check required later,high observed ZT; important candidate for paper; high predicted ZT,True,True,True,True,True,fitting_good_ML_bad,tau_eff_ML_prediction_error,missing_additive_or_structure_annotation; possible_sintering_or_microstructure_effect,candidate hypothesis only; no causal mechanism proven,150,A,ML much worse than fitting; observed high ZT; ZT_ML false negative; missing additive info and ML bad; missing structure info and ML bad; missing sintering info for high-ZT/error sample; manual review not checked
10.1016_j.jmat.2019.01.008__sample_41037,10.1016/j.jmat.2019.01.008,https://doi.org/10.1016/j.jmat.2019.01.008,,41037,Ag1.6Cu0.4Te,unknown,p,6,6,5,6,0.0582717592753077,0.9894260067866792,0.9311542475113714,0.0502384969275437,1.6896470230776808,1.639408526150137,0.0589443615436994,1.6827824588842026,1.623838097340503,0.0502384969275349,1.6896470230772838,1.6394085261497489,0.4878961,0.5004729109486987,1.3438071836033068,0.4996079676184377,unknown,no,no,ML_much_worse,primary DOI test sample aggregate,p,,high,unknown,unknown,unknown,unknown,unknown,unknown,unknown,,no,unknown,unknown,no,unknown,,,,,False,unknown,True,True,low,0.0582717592753077,,,,,,,,,,,,,,,,,,,,,,,,,,-1.390104144110028,0.3364571558502165,1.7265612999602444,1.7265612999602444,5.621290702817384,large_over_prediction,unknown,no,0,low,no major issue,,True,True,True,True,True,fitting_good_ML_bad,tau_eff_ML_prediction_error,missing_additive_or_structure_annotation; possible_sintering_or_microstructure_effect,candidate hypothesis only; no causal mechanism proven,115,A,ML much worse than fitting; ZT_ML false positive; missing additive info and ML bad; missing structure info and ML bad; missing sintering info for high-ZT/error sample; manual review not checked
10.1016_j.jmat.2019.01.008__sample_41038,10.1016/j.jmat.2019.01.008,https://doi.org/10.1016/j.jmat.2019.01.008,,41038,Ag1.4Cu0.6Te,unknown,p,6,6,4,5,0.0561093974122183,0.4368186121301983,0.3807092147179799,0.038147650507413,0.5445706788530076,0.5064230283455945,0.0529921263575124,0.5518088396781357,0.4988167133206232,0.0388911679083305,0.5344283880247825,0.495537220116452,1.025394,1.1249269861044713,1.7348450950651528,1.0479245942410789,unknown,no,no,ML_moderately_worse,primary DOI test sample aggregate,p,,high,unknown,unknown,unknown,unknown,unknown,unknown,unknown,,no,unknown,unknown,no,unknown,,,,,False,unknown,True,True,low,0.0561093974122183,,,,,,,,,,,,,,,,,,,,,,,,,,-0.8355955659317088,0.3364571558502165,1.1720527217819252,1.1720527217819252,3.228613285847525,large_over_prediction,unknown,no,65,B,manual review required; sintering check required later,high observed ZT; important candidate for paper; high predicted ZT,True,True,True,True,True,not_evaluable,not_evaluable,missing_additive_or_structure_annotation; possible_sintering_or_microstructure_effect; tau_eff_ML_prediction_error,candidate hypothesis only; no causal mechanism proven,60,B,observed high ZT; missing sintering info for high-ZT/error sample; manual review not checked
10.1016_j.jmat.2019.01.008__sample_41039,10.1016/j.jmat.2019.01.008,https://doi.org/10.1016/j.jmat.2019.01.008,,41039,Ag1.2Cu0.8Te,unknown,p,6,6,4,6,0.0907458690585149,0.1702870902073178,0.0795412211488028,0.0841620845905616,0.1305874934611559,0.0464254088705942,0.0848630903325351,0.1440125750660217,0.0591494847334866,0.0841620845905512,0.1305874934611386,0.0464254088705874,1.329073,1.4736137363636062,1.2758650304593355,1.3313264503006113,unknown,no,no,ML_close_to_fitting,primary DOI test sample aggregate,p,,high,unknown,unknown,unknown,unknown,unknown,unknown,unknown,,no,unknown,unknown,no,unknown,,,,,False,unknown,True,True,low,0.0907458690585149,,,,,,,,,,,,,,,,,,,,,,,,,,-0.2583022669256172,0.3364571558502165,0.5947594227758337,0.5947594227758337,1.8125948234706424,large_over_prediction,unknown,no,65,B,manual review required; sintering check required later,high observed ZT; important candidate for paper; high predicted ZT,True,True,True,True,True,both_good,material_system_out_of_distribution,missing_additive_or_structure_annotation; possible_sintering_or_microstructure_effect,candidate hypothesis only; no causal mechanism proven,60,B,observed high ZT; missing sintering info for high-ZT/error sample; manual review not checked
10.1016_j.jmst.2020.09.005__sample_38654,10.1016/j.jmst.2020.09.005,https://doi.org/10.1016/j.jmst.2020.09.005,,38654,BiSbSe3,unknown,n,11,7,7,7,0.4981264853488932,4.5584259946095935,4.0602995092607,0.1707994974883947,88.59544733598966,88.42464783850127,0.3472200134757416,99.5882639794464,99.24104396597065,0.170799497488395,88.59544733599047,88.42464783850208,0.1634825,0.0911233821767954,8.46201040724055,0.1232586100944771,unknown,no,no,ML_much_worse,primary DOI test sample aggregate,n,,high,unknown,unknown,unknown,unknown,unknown,unknown,unknown,,no,unknown,unknown,no,unknown,,,,,False,unknown,True,True,medium,0.4981264853488932,0.7747357227449335,,,,,,,,,,,,,,,,,,,,,,,,,-5.377921251486795,-0.415264076405552,4.962657175081243,4.962657175081243,142.97319642176657,large_over_prediction,unknown,no,0,low,no major issue,,True,True,True,True,True,fitting_good_ML_bad,tau_eff_ML_prediction_error,missing_additive_or_structure_annotation; possible_sintering_or_microstructure_effect,candidate hypothesis only; no causal mechanism proven,115,A,ML much worse than fitting; ZT_ML false positive; missing additive info and ML bad; missing structure info and ML bad; missing sintering info for high-ZT/error sample; manual review not checked
10.1016_j.jmst.2020.09.005__sample_38655,10.1016/j.jmst.2020.09.005,https://doi.org/10.1016/j.jmst.2020.09.005,,38655,BiSb(Se0.995Cl0.005)3,unknown,n,11,11,11,11,0.2440937581888368,1.8425495107389704,1.5984557525501333,0.2120783281842962,5.40263896135707,5.190560633172773,0.1986842978638264,5.411932791158727,5.213248493294901,0.2120783281842609,5.402638961356503,5.190560633172241,0.6354499,0.9387559628960748,5.830541780300822,0.6238183517001432,unknown,no,no,ML_much_worse,primary DOI test sample aggregate,n,,high,unknown,unknown,unknown,unknown,unknown,unknown,unknown,,no,unknown,unknown,no,unknown,,,,,False,unknown,True,True,medium,0.2440937581888368,0.4729842569824756,,,,,,,,,,,,,,,,,,,,,,,,,-2.686298447924071,-1.4269907939898134,1.2593076539342576,1.2593076539342576,3.522981520416748,large_over_prediction,unknown,no,0,low,no major issue,,True,True,True,True,True,fitting_good_ML_bad,tau_eff_ML_prediction_error,missing_additive_or_structure_annotation; possible_sintering_or_microstructure_effect,candidate hypothesis only; no causal mechanism proven,115,A,ML much worse than fitting; ZT_ML false positive; missing additive info and ML bad; missing structure info and ML bad; missing sintering info for high-ZT/error sample; manual review not checked
10.1016_j.jmst.2020.09.005__sample_38656,10.1016/j.jmst.2020.09.005,https://doi.org/10.1016/j.jmst.2020.09.005,,38656,BiSb(Se0.990Cl0.010)3,unknown,n,11,11,9,10,0.2389853540167922,1.5147123504200004,1.275726996403208,0.2102888425394223,3.596252771408501,3.3859639288690784,0.180712304825011,3.78574056654776,3.605028261722748,0.2052055987491518,3.7261430972019367,3.520937498452785,0.6417621,0.9515831704598212,4.246572842177556,0.627208673248219,unknown,no,no,ML_much_worse,primary DOI test sample aggregate,n,,high,unknown,unknown,unknown,unknown,unknown,unknown,unknown,,no,unknown,unknown,no,unknown,,,,,False,unknown,True,True,medium,0.2389853540167922,0.4748251171821684,,,,,,,,,,,,,,,,,,,,,,,,,-2.355729251965037,-1.4269907939898134,0.9287384579752236,0.9287384579752236,2.531313803751099,large_over_prediction,unknown,no,0,low,no major issue,,True,True,True,True,True,fitting_good_ML_bad,insufficient_material_features,missing_additive_or_structure_annotation; possible_sintering_or_microstructure_effect,candidate hypothesis only; no causal mechanism proven,115,A,ML much worse than fitting; ZT_ML false positive; missing additive info and ML bad; missing structure info and ML bad; missing sintering info for high-ZT/error sample; manual review not checked
10.1016_j.jmst.2020.09.005__sample_38657,10.1016/j.jmst.2020.09.005,https://doi.org/10.1016/j.jmst.2020.09.005,,38657,BiSb(Se0.985Cl0.015)3,unknown,n,11,4,4,4,0.2228015182519807,0.8265967213801234,0.6037952031281427,0.2534286396475825,1.5255007997928294,1.272072160145247,0.2595699939226511,1.5111537424862946,1.2515837485636436,0.2534286396475469,1.5255007997926646,1.2720721601451177,0.9731214,1.529496035558706,3.390379373817375,0.9734700892901784,unknown,no,no,ML_much_worse,primary DOI test sample aggregate,n,,high,unknown,unknown,unknown,unknown,unknown,unknown,unknown,,no,unknown,unknown,no,unknown,,,,,False,unknown,True,True,medium,0.2228015182519807,0.4587202803187674,,,,,,,,,,,,,,,,,,,,,,,,,-1.655992330374186,-1.4269907939898134,0.2290015363843724,0.2290015363843724,1.257343970771983,good,unknown,no,65,B,predicted high ZT false positive; manual review required; sintering check required later,high-ZT false positive; important candidate for paper; high predicted ZT; carried from Step14,True,True,True,True,True,fitting_good_ML_bad,insufficient_material_features,missing_additive_or_structure_annotation; possible_sintering_or_microstructure_effect,candidate hypothesis only; no causal mechanism proven,115,A,ML much worse than fitting; ZT_ML false positive; missing additive info and ML bad; missing structure info and ML bad; missing sintering info for high-ZT/error sample; manual review not checked
10.1016_j.jmst.2020.09.005__sample_38658,10.1016/j.jmst.2020.09.005,https://doi.org/10.1016/j.jmst.2020.09.005,,38658,BiSb(Se0.980Cl0.020)3,unknown,n,11,11,11,11,0.1779173976036572,1.0113888384857583,0.8334714408821011,0.1539270765061547,1.751972159818355,1.5980450833122004,0.154282410143887,1.7341382625075694,1.5798558523636823,0.1539270765061807,1.7519721598181164,1.5980450833119355,0.8252495,1.1675080456766538,3.159735705949275,0.8161539602891531,unknown,no,no,ML_much_worse,primary DOI test sample aggregate,n,,high,unknown,unknown,unknown,unknown,unknown,unknown,unknown,,no,unknown,unknown,no,unknown,,,,,False,unknown,True,True,medium,0.1779173976036572,0.3796314376769354,,,,,,,,,,,,,,,,,,,,,,,,,-1.855605583017076,-1.4269907939898134,0.4286147890272624,0.4286147890272624,1.535129571730104,moderate_error,unknown,no,65,B,predicted high ZT false positive; manual review required; sintering check required later,high-ZT false positive; important candidate for paper; high predicted ZT; carried from Step14,True,True,True,True,True,fitting_good_ML_bad,insufficient_material_features,missing_additive_or_structure_annotation; possible_sintering_or_microstructure_effect,candidate hypothesis only; no causal mechanism proven,115,A,ML much worse than fitting; ZT_ML false positive; missing additive info and ML bad; missing structure info and ML bad; missing sintering info for high-ZT/error sample; manual review not checked
10.1016_j.joule.2020.07.021__sample_37072,10.1016/j.joule.2020.07.021,https://doi.org/10.1016/j.joule.2020.07.021,,37072,GeTe,unknown,p,12,7,4,4,0.4082560051803854,1.0176400213268848,0.6093840161464994,0.5188342857944415,0.490079447322217,-0.0287548384722244,0.516238270566352,0.4030520761741517,-0.1131861943922002,0.5155525043563826,0.4033220645547499,-0.1122304398016326,0.8367253,1.500502043870951,0.590752520348027,0.8461620126116819,unknown,no,no,ML_better_than_fitting,primary DOI test sample aggregate,p,,high,unknown,unknown,unknown,unknown,unknown,unknown,unknown,,no,unknown,unknown,no,unknown,,,,,False,unknown,True,True,medium,0.4082560051803854,0.7333100724999901,,,,,,,,,,,,,,,,,,,,,,,,,2.00372006725839,1.6451320951512611,-0.3585879721071288,0.3585879721071288,0.6986621603525928,moderate_error,unknown,no,65,B,predicted high ZT false positive; manual review required; sintering check required later,high-ZT false positive; important candidate for paper; high predicted ZT; carried from Step14,True,True,True,True,True,not_evaluable,not_evaluable,missing_additive_or_structure_annotation,candidate hypothesis only; no causal mechanism proven,10,low,manual review not checked
10.1016_j.joule.2020.07.021__sample_37073,10.1016/j.joule.2020.07.021,https://doi.org/10.1016/j.joule.2020.07.021,,37073,Ge0.97Sn0.03Te,unknown,p,12,9,1,4,0.2338472219074358,0.7661970007402823,0.5323497788328464,0.2439854115014362,0.4984104894000762,0.2544250778986399,0.7094022503291506,0.1759263923734793,-0.5334758579556712,0.3417921001418054,0.3979856176296705,0.0561935174878651,1.290898,2.2066639461454,1.0637949719378603,1.583376863823643,unknown,no,no,ML_better_than_fitting,primary DOI test sample aggregate,p,,high,unknown,unknown,unknown,unknown,unknown,unknown,unknown,,no,unknown,unknown,no,unknown,,,,,False,unknown,True,True,medium,0.2338472219074358,0.4426380628675596,,,,,,,,,,,,,,,,,,,,,,,,,1.9989643413799272,0.8085030504265678,-1.1904612909533594,1.1904612909533594,0.3040809619123157,large_under_prediction,unknown,no,75,B,manual review required; sintering check required later,high observed ZT; important candidate for paper; high predicted ZT,True,True,True,True,True,not_evaluable,not_evaluable,missing_additive_or_structure_annotation; possible_sintering_or_microstructure_effect; tau_eff_ML_prediction_error,candidate hypothesis only; no causal mechanism proven,60,B,observed high ZT; missing sintering info for high-ZT/error sample; manual review not checked
10.1016_j.joule.2020.07.021__sample_37074,10.1016/j.joule.2020.07.021,https://doi.org/10.1016/j.joule.2020.07.021,,37074,Ge0.95Sn0.05Te,unknown,p,12,6,2,2,0.1510147944108565,0.7834279417917741,0.6324131473809176,0.1488849680922021,0.5005032255581479,0.3516182574659457,0.2731427940708474,0.5463253682103939,0.2731825741395464,0.1918175461051185,0.5298136676757285,0.3379961215706099,1.415617,1.771978035994355,0.8214873135604225,1.4692694730451057,unknown,no,no,ML_moderately_worse,primary DOI test sample aggregate,p,,high,unknown,unknown,unknown,unknown,unknown,unknown,unknown,,no,unknown,unknown,no,unknown,,,,,False,unknown,True,True,medium,0.1510147944108565,0.2826364068032521,,,,,,,,,,,,,,,,,,,,,,,,,2.038060411480096,0.8085030504265678,-1.2295573610535282,1.2295573610535282,0.2924219863980618,large_under_prediction,unknown,no,75,B,manual review required; sintering check required later,high observed ZT; important candidate for paper; high predicted ZT,True,True,True,True,True,not_evaluable,not_evaluable,missing_additive_or_structure_annotation; possible_sintering_or_microstructure_effect; tau_eff_ML_prediction_error,candidate hypothesis only; no causal mechanism proven,90,A,observed high ZT; ZT_ML false negative; missing sintering info for high-ZT/error sample; manual review not checked
10.1016_j.joule.2020.07.021__sample_37075,10.1016/j.joule.2020.07.021,https://doi.org/10.1016/j.joule.2020.07.021,,37075,Ge0.92Sn0.08Te,unknown,p,12,9,6,9,0.1704328262699937,0.6649762399093224,0.4945434136393286,0.1673103486312646,0.4524958650241791,0.2851855163929145,0.2033487078399272,0.4796396454489293,0.276290937609002,0.1673103486312589,0.4524958650241775,0.2851855163929185,1.264826,1.6034915918004031,0.8431748858364913,1.2900846199464937,unknown,no,no,ML_moderately_worse,primary DOI test sample aggregate,p,,high,unknown,unknown,unknown,unknown,unknown,unknown,unknown,,no,unknown,unknown,no,unknown,,,,,False,unknown,True,True,medium,0.1704328262699937,0.3579017622542596,,,,,,,,,,,,,,,,,,,,,,,,,1.912089552239843,0.8085030504265678,-1.1035865018132751,1.1035865018132751,0.3316793792552891,large_under_prediction,unknown,no,65,B,manual review required; sintering check required later,high observed ZT; important candidate for paper; high predicted ZT,True,True,True,True,True,both_good,material_system_out_of_distribution,missing_additive_or_structure_annotation; possible_sintering_or_microstructure_effect; tau_eff_ML_prediction_error,candidate hypothesis only; no causal mechanism proven,90,A,observed high ZT; ZT_ML false negative; missing sintering info for high-ZT/error sample; manual review not checked
10.1016_j.joule.2020.07.021__sample_37076,10.1016/j.joule.2020.07.021,https://doi.org/10.1016/j.joule.2020.07.021,,37076,Ge0.91Sn0.05Sb0.04Te,unknown,p,12,10,0,2,0.1482115750288057,0.7730148031250204,0.6248032280962146,0.1435100885689325,0.5213888842530877,0.3778787956841551,,,,0.1047344007421505,0.5017067127243635,0.3969723119822129,1.692242,2.235906670936159,1.0470466529549691,1.912976253582573,unknown,no,no,not_evaluated,primary DOI test sample aggregate,p,,high,unknown,unknown,unknown,unknown,unknown,unknown,unknown,,no,unknown,unknown,no,unknown,,,,,False,unknown,True,True,medium,0.1482115750288057,0.3128630983814308,,,,,,,,,,,,,,,,,,,,,,,,,1.528377743878578,1.4273269688299015,-0.1010507750486764,0.1010507750486764,0.9038871368073168,good,unknown,no,75,B,insufficient ZT evaluation rows; manual review required; sintering check required later,high observed ZT; important candidate for paper; high predicted ZT,True,True,True,True,True,not_evaluable,not_evaluable,missing_additive_or_structure_annotation; possible_sintering_or_microstructure_effect,candidate hypothesis only; no causal mechanism proven,60,B,observed high ZT; missing sintering info for high-ZT/error sample; manual review not checked
10.1016_j.joule.2020.07.021__sample_37078,10.1016/j.joule.2020.07.021,https://doi.org/10.1016/j.joule.2020.07.021,,37078,Ge0.87Sn0.05Sb0.08Te,unknown,p,12,10,7,10,0.1151149751887554,0.2278126946440412,0.1126977194552858,0.1039584995954737,0.1827027277921343,0.0787442281966605,0.1101784498236275,0.1811213236838986,0.0709428738602711,0.1039584995954716,0.1827027277921382,0.0787442281966665,2.198108,2.197447718020858,1.8052656097581268,2.357190698386603,unknown,no,no,ML_close_to_fitting,primary DOI test sample aggregate,p,,high,unknown,unknown,unknown,unknown,unknown,unknown,unknown,,no,unknown,unknown,no,unknown,,,,,False,unknown,True,True,medium,0.1151149751887554,0.0808916270620417,,,,,,,,,,,,,,,,,,,,,,,,,0.9662932438866024,1.4273269688299015,0.4610337249432991,0.4610337249432991,1.5857123284371502,moderate_error,unknown,no,65,B,manual review required; sintering check required later,high observed ZT; important candidate for paper; high predicted ZT,True,True,True,True,True,both_good,material_system_out_of_distribution,missing_additive_or_structure_annotation; possible_sintering_or_microstructure_effect,candidate hypothesis only; no causal mechanism proven,60,B,observed high ZT; missing sintering info for high-ZT/error sample; manual review not checked
10.1016_j.joule.2020.07.021__sample_37079,10.1016/j.joule.2020.07.021,https://doi.org/10.1016/j.joule.2020.07.021,,37079,Ge0.85Sn0.05Sb0.1Te,unknown,p,12,8,1,1,0.1449094430221864,0.1536843687192614,0.008774925697075,0.1281302047650695,0.1257624891827414,-0.0023677155823281,0.1984679952061723,0.2384638724683356,0.0399958772621632,0.2271552940541396,0.2657196954964429,0.0385644014423032,1.890416,1.196993468383016,1.137264345205492,1.5488149937160445,unknown,no,no,ML_close_to_fitting,primary DOI test sample aggregate,p,,high,unknown,unknown,unknown,unknown,unknown,unknown,unknown,,no,unknown,unknown,no,unknown,,,,,False,unknown,True,True,medium,0.1449094430221864,0.1094555223526655,,,,,,,,,,,,,,,,,,,,,,,,,0.8208917069186453,1.4273269688299015,0.6064352619112562,0.6064352619112562,1.8338824225022876,large_over_prediction,unknown,no,75,B,manual review required; sintering check required later,high observed ZT; important candidate for paper; high predicted ZT,True,True,True,True,True,both_good,material_system_out_of_distribution,missing_additive_or_structure_annotation; possible_sintering_or_microstructure_effect,candidate hypothesis only; no causal mechanism proven,60,B,observed high ZT; missing sintering info for high-ZT/error sample; manual review not checked
10.1016_j.jpcs.2019.109262__sample_34133,10.1016/j.jpcs.2019.109262,https://doi.org/10.1016/j.jpcs.2019.109262,,34133,Sb2Te3,unknown,p,44,39,4,4,0.1654334556124462,1.043301913470135,0.8778684578576885,0.1402701320753849,0.6294144901774974,0.4891443581021124,0.1503653041698944,0.5919238685660839,0.4415585643961895,0.1491323271112664,0.5920382153163827,0.4429058882051162,0.8770303,1.1055650349941455,0.3946540556979868,0.8742125016280545,unknown,no,no,ML_moderately_worse,primary DOI test sample aggregate,p,,high,unknown,unknown,unknown,unknown,unknown,unknown,unknown,,no,unknown,unknown,no,unknown,,,,,False,unknown,True,True,medium,0.1654334556124462,0.299574732349076,,,,,,,,,,,,,,,,,,,,,,,,,1.003414471500831,-0.0320133820272711,-1.0354278535281023,1.0354278535281023,0.3550744285735905,large_under_prediction,unknown,no,65,B,predicted high ZT false positive; manual review required; sintering check required later,high-ZT false positive; important candidate for paper; high predicted ZT; carried from Step14,True,True,True,True,True,fitting_good_ML_bad,tau_eff_ML_prediction_error,missing_additive_or_structure_annotation,candidate hypothesis only; no causal mechanism proven,10,low,manual review not checked
10.1016_j.jpcs.2019.109262__sample_34134,10.1016/j.jpcs.2019.109262,https://doi.org/10.1016/j.jpcs.2019.109262,,34134,Sb1.85Bi0.15Te3,unknown,p,43,30,3,3,0.1818334174700673,0.9770908517308696,0.7952574342608023,0.120807834832147,0.6189392549979449,0.4981314201657978,0.091212679933605,0.6338060741125068,0.5425933941789017,0.0904049044034175,0.6341145873848947,0.5437096829814771,0.9521626,1.0116197282567074,0.3873332942037896,0.9463127669770536,unknown,no,no,ML_much_worse,primary DOI test sample aggregate,p,,high,unknown,unknown,unknown,unknown,unknown,unknown,unknown,,no,unknown,unknown,no,unknown,,,,,False,unknown,True,True,medium,0.1818334174700673,0.327782110417001,,,,,,,,,,,,,,,,,,,,,,,,,1.1201193931038111,6.011428478179339e-05,-1.1200592788190291,1.1200592788190291,0.3262604537153998,large_under_prediction,unknown,no,65,B,predicted high ZT false positive; manual review required; sintering check required later,high-ZT false positive; important candidate for paper; high predicted ZT; carried from Step14,True,True,True,True,True,both_poor,missing_additive_or_structure_annotation,possible_sintering_or_microstructure_effect; tau_eff_ML_prediction_error,candidate hypothesis only; no causal mechanism proven,90,A,ML much worse than fitting; missing additive info and ML bad; missing structure info and ML bad; missing sintering info for high-ZT/error sample; manual review not checked
10.1016_j.jpcs.2019.109262__sample_34135,10.1016/j.jpcs.2019.109262,https://doi.org/10.1016/j.jpcs.2019.109262,,34135,Sb1.75Bi0.25Te3,unknown,p,43,28,2,2,0.1525391413753914,0.7170529293549485,0.564513787979557,0.1374801092756344,0.4620468522385559,0.3245667429629215,0.2444526347646026,0.3824186230749762,0.1379659883103736,0.2469687892421588,0.3811699374252413,0.1342011481830824,0.8971053,1.118076173866672,0.5548648487487475,0.894871710651892,unknown,no,no,ML_moderately_worse,primary DOI test sample aggregate,p,,high,unknown,unknown,unknown,unknown,unknown,unknown,unknown,,no,unknown,unknown,no,unknown,,,,,False,unknown,True,True,medium,0.1525391413753914,0.2728337363436243,,,,,,,,,,,,,,,,,,,,,,,,,0.860737141305157,6.011428478179339e-05,-0.8606770270203752,0.8606770270203752,0.4228756871136067,large_under_prediction,unknown,no,75,B,predicted high ZT false positive; manual review required; sintering check required later,high-ZT false positive; important candidate for paper; high predicted ZT; carried from Step14,True,True,True,True,True,both_good,material_system_out_of_distribution,missing_additive_or_structure_annotation,candidate hypothesis only; no causal mechanism proven,10,low,manual review not checked
10.1016_j.jpcs.2019.109262__sample_34136,10.1016/j.jpcs.2019.109262,https://doi.org/10.1016/j.jpcs.2019.109262,,34136,Sb1.65Bi0.35Te3,unknown,p,44,31,3,4,0.0985479049216175,0.1091888625293283,0.0106409576077108,0.0706232651567122,0.0892439312830171,0.0186206661263049,0.0474313638159808,0.0150167798620314,-0.0324145839539493,0.0429269502522789,0.0326904798039778,-0.0102364704483011,1.149557,1.181397762452148,1.1271385159578589,1.1540459602661608,unknown,no,no,ML_close_to_fitting,primary DOI test sample aggregate,p,,high,unknown,unknown,unknown,unknown,unknown,unknown,unknown,,no,unknown,unknown,no,unknown,,,,,False,unknown,True,True,medium,0.0985479049216175,0.1485753134275972,,,,,,,,,,,,,,,,,,,,,,,,,0.207113071795045,6.011428478179339e-05,-0.2070529575102632,0.2070529575102632,0.8129765956311482,good,unknown,no,65,B,manual review required; sintering check required later,high observed ZT; important candidate for paper; high predicted ZT,True,True,True,True,True,both_good,material_system_out_of_distribution,missing_additive_or_structure_annotation; possible_sintering_or_microstructure_effect,candidate hypothesis only; no causal mechanism proven,60,B,observed high ZT; missing sintering info for high-ZT/error sample; manual review not checked
10.1016_j.jssc.2014.08.026__sample_9119,10.1016/j.jssc.2014.08.026,https://doi.org/10.1016/j.jssc.2014.08.026,,9119,Mg2.2Si0.5Sn0.37Sb0.013,unknown,n,28,12,2,2,0.1300285362701724,0.5274200918810122,0.3973915556108398,0.1094229320481011,0.4054566615147704,0.2960337294666693,0.0973769576263533,0.4130032773919143,0.3156263197655609,0.0941927385458023,0.4026030046846114,0.308410266138809,1.043306,1.0284020837905947,0.6168470360982288,0.9433428570364863,unknown,no,no,ML_moderately_worse,primary DOI test sample aggregate,n,,high,unknown,unknown,unknown,unknown,unknown,unknown,unknown,,no,unknown,unknown,no,unknown,,,,,False,unknown,True,True,medium,0.1300285362701724,0.2715234555539071,,,,,,,,,,,,,,,,,,,,,,,,,0.7038339815468068,0.0741691825193735,-0.6296647990274332,0.6296647990274332,0.5327703562208446,large_under_prediction,unknown,no,75,B,manual review required; sintering check required later,high observed ZT; important candidate for paper; high predicted ZT,True,True,True,True,True,both_good,material_system_out_of_distribution,missing_additive_or_structure_annotation; possible_sintering_or_microstructure_effect,candidate hypothesis only; no causal mechanism proven,90,A,observed high ZT; ZT_ML false negative; missing sintering info for high-ZT/error sample; manual review not checked
10.1016_j.jssc.2020.121722__sample_38824,10.1016/j.jssc.2020.121722,https://doi.org/10.1016/j.jssc.2020.121722,,38824,Sn0.002(Bi0.46Sb1.54)0.999Te3,unknown,p,9,9,1,1,0.1218421109404852,0.4364062757507129,0.3145641648102276,0.1109571918388917,0.5317707103653451,0.4208135185264533,0.1080767841722152,0.3561871512023694,0.2481103670301541,0.1099185697692117,0.3533866792361832,0.2434681094669714,1.004764,0.8008537526449752,1.217714204603712,0.8997533545187238,unknown,no,no,ML_moderately_worse,primary DOI test sample aggregate,p,,high,unknown,unknown,unknown,unknown,unknown,unknown,unknown,,no,unknown,unknown,no,unknown,,,,,False,unknown,True,True,medium,0.1218421109404852,0.1898886983787688,,,,,,,,,,,,,,,,,,,,,,,,,0.1762722861615394,0.8153427369161423,0.639070450754603,0.639070450754603,1.894718826019212,large_over_prediction,unknown,no,100,A,observed high ZT missed; manual review required; sintering check required later,high observed ZT; high-ZT false negative; important candidate for paper; carried from Step14,True,True,True,True,True,both_good,material_system_out_of_distribution,missing_additive_or_structure_annotation; possible_sintering_or_microstructure_effect,candidate hypothesis only; no causal mechanism proven,60,B,observed high ZT; missing sintering info for high-ZT/error sample; manual review not checked
10.1016_j.jssc.2020.121722__sample_38825,10.1016/j.jssc.2020.121722,https://doi.org/10.1016/j.jssc.2020.121722,,38825,Sn0.005(Bi0.46Sb1.54)0.9975Te3,unknown,p,9,8,0,3,0.1208933665938641,0.3509019927708496,0.2300086261769855,0.1132150207168677,0.4142623355218203,0.3010473148049525,,,,0.1141808681322772,0.5488902039981035,0.4347093358658262,0.9273657,0.8835160480668,1.2282290883523923,0.8675148910914177,unknown,no,no,not_evaluated,primary DOI test sample aggregate,p,,high,unknown,unknown,unknown,unknown,unknown,unknown,unknown,,no,unknown,unknown,no,unknown,,,,,False,unknown,True,True,medium,0.1208933665938641,0.1974084557047763,,,,,,,,,,,,,,,,,,,,,,,,,0.2659055247344355,0.8153427369161423,0.5494372121817068,0.5494372121817068,1.7322778386181596,large_over_prediction,unknown,no,10,low,insufficient ZT evaluation rows,,True,True,True,True,True,not_evaluable,not_evaluable,missing_additive_or_structure_annotation,candidate hypothesis only; no causal mechanism proven,35,C,ZT_ML false positive; manual review not checked
10.1016_j.matchemphys.2011.09.010__sample_7443,10.1016/j.matchemphys.2011.09.010,https://doi.org/10.1016/j.matchemphys.2011.09.010,,7443,Bi2S3,unknown,n,6,6,6,6,0.913234416532446,4.4179643980037575,3.5047299814713115,1.0686008141424397,116.5753297089373,115.50672889479486,1.1233858804738657,121.26155068576324,120.1381648052894,1.06860081414245,116.57532970893938,115.50672889479692,0.08981879,0.0329597276727917,2.484516654411617,0.0983044921099832,unknown,no,no,ML_much_worse,primary DOI test sample aggregate,n,,high,unknown,unknown,unknown,unknown,unknown,unknown,unknown,,no,unknown,unknown,no,unknown,,,,,False,unknown,True,False,low,0.913234416532446,,,,,,,,,,,,,,,,,,,,,,,,,,-5.969931831277634,-3.3843047546299583,2.585627076647676,2.585627076647676,13.271608797102278,large_over_prediction,unknown,no,80,A,large PF error; large ZT error vs observed ZT; large ZT error vs calculated ZT; possible unit or temperature alignment issue; manual review required; sintering check required later,large ZT prediction error; important candidate for paper; carried from Step14,True,True,True,True,True,fitting_bad_ML_bad,missing_additive_or_structure_annotation,possible_sintering_or_microstructure_effect; tau_eff_ML_prediction_error,candidate hypothesis only; no causal mechanism proven,140,A,ML much worse than fitting; fitting and ML both poor; ZT_ML false positive; missing additive info and ML bad; missing structure info and ML bad; missing sintering info for high-ZT/error sample; manual review not checked
10.1016_j.matchemphys.2011.09.010__sample_7444,10.1016/j.matchemphys.2011.09.010,https://doi.org/10.1016/j.matchemphys.2011.09.010,,7444,Bi1.995Ag0.005S3,unknown,n,6,6,6,6,0.4143065483308871,2.864477140201003,2.450170591870116,0.3896592420022597,17.566336053077702,17.176676811075442,0.3947668265458365,18.51550360040662,18.120736773860784,0.389659242002718,17.56633605307599,17.17667681107327,0.124736,0.0808575442823637,1.3761511401790716,0.1343157814355942,unknown,no,no,ML_much_worse,primary DOI test sample aggregate,n,,high,unknown,unknown,unknown,unknown,unknown,unknown,unknown,,no,unknown,unknown,no,unknown,,,,,False,unknown,True,False,low,0.4143065483308871,,,,,,,,,,,,,,,,,,,,,,,,,,-4.437725404812689,-1.444029475833869,2.99369592897882,2.99369592897882,19.95931454735619,large_over_prediction,unknown,no,0,low,no major issue,,True,True,True,True,True,fitting_good_ML_bad,tau_eff_ML_prediction_error,missing_additive_or_structure_annotation; possible_sintering_or_microstructure_effect,candidate hypothesis only; no causal mechanism proven,115,A,ML much worse than fitting; ZT_ML false positive; missing additive info and ML bad; missing structure info and ML bad; missing sintering info for high-ZT/error sample; manual review not checked
10.1016_j.matchemphys.2011.09.010__sample_7445,10.1016/j.matchemphys.2011.09.010,https://doi.org/10.1016/j.matchemphys.2011.09.010,,7445,Bi1.99Ag0.01S3,unknown,n,6,6,5,5,0.3572762218772359,1.658667420528224,1.3013911986509883,0.3414939388118483,4.414649321526945,4.073155382715097,0.3834333240474114,4.952110919082784,4.568677595035372,0.3701173974045699,4.687661340915052,4.317543943510482,0.2525172,0.1995272260136287,1.007958787990589,0.2679987294753561,unknown,no,no,ML_much_worse,primary DOI test sample aggregate,n,,high,unknown,unknown,unknown,unknown,unknown,unknown,unknown,,no,unknown,unknown,no,unknown,,,,,False,unknown,True,False,low,0.3572762218772359,,,,,,,,,,,,,,,,,,,,,,,,,,-3.223100310464106,-1.444029475833869,1.779070834630237,1.779070834630237,5.924349160332387,large_over_prediction,unknown,no,0,low,no major issue,,True,True,True,True,True,fitting_good_ML_bad,tau_eff_ML_prediction_error,missing_additive_or_structure_annotation; possible_sintering_or_microstructure_effect,candidate hypothesis only; no causal mechanism proven,115,A,ML much worse than fitting; ZT_ML false positive; missing additive info and ML bad; missing structure info and ML bad; missing sintering info for high-ZT/error sample; manual review not checked
10.1016_j.matchemphys.2011.09.010__sample_7446,10.1016/j.matchemphys.2011.09.010,https://doi.org/10.1016/j.matchemphys.2011.09.010,,7446,Bi1.985Ag0.015S3,unknown,n,6,6,6,6,0.4622231049023852,2.7211141423202645,2.258891037417879,0.4443594319385038,15.263947455573335,14.819588023634834,0.4361375416878438,15.48028684647811,15.044149304790269,0.4443594319388813,15.26394745557132,14.819588023632438,0.1422031,0.08310567113661,1.2140071772522347,0.1470912192947321,unknown,no,no,ML_much_worse,primary DOI test sample aggregate,n,,high,unknown,unknown,unknown,unknown,unknown,unknown,unknown,,no,unknown,unknown,no,unknown,,,,,False,unknown,True,False,low,0.4622231049023854,,,,,,,,,,,,,,,,,,,,,,,,,,-4.284937385277366,-1.444029475833869,2.840907909443497,2.840907909443497,17.131312158704148,large_over_prediction,unknown,no,0,low,no major issue,,True,True,True,True,True,fitting_good_ML_bad,tau_eff_ML_prediction_error,missing_additive_or_structure_annotation; possible_sintering_or_microstructure_effect,candidate hypothesis only; no causal mechanism proven,115,A,ML much worse than fitting; ZT_ML false positive; missing additive info and ML bad; missing structure info and ML bad; missing sintering info for high-ZT/error sample; manual review not checked
10.1016_j.materresbull.2019.01.010__sample_27931,10.1016/j.materresbull.2019.01.010,https://doi.org/10.1016/j.materresbull.2019.01.010,,27931,Cu3Sb0.985Sn0.015Se4,unknown,p,7,5,0,5,0.0886465723954402,0.7758255666688383,0.687178994273398,0.0741986410202746,1.173694960933291,1.0994963199130163,,,,0.0741986410202869,1.1736949609333065,1.0994963199130194,,0.9418445505940456,2.035679090015653,1.0824930761400848,unknown,no,no,not_evaluated,primary DOI test sample aggregate,p,,high,unknown,unknown,unknown,unknown,unknown,unknown,unknown,,no,unknown,unknown,no,unknown,,,,,False,unknown,True,True,medium,0.0886465723954402,0.1554753243974735,,,,,,,,,,,,,,,,,,,,,,,,,-1.3154796305198448,-0.436169387202228,0.8793102433176168,0.8793102433176168,2.409237345612297,large_over_prediction,unknown,no,10,low,insufficient ZT evaluation rows,,True,True,True,True,True,not_evaluable,not_evaluable,missing_additive_or_structure_annotation,candidate hypothesis only; no causal mechanism proven,35,C,ZT_ML false positive; manual review not checked
10.1016_j.matlet.2011.08.031__sample_9222,10.1016/j.matlet.2011.08.031,https://doi.org/10.1016/j.matlet.2011.08.031,,9222,Mg2Si0.58Sn0.418Bi0.002,unknown,n,19,2,1,1,0.1236231910688996,1.541066377429669,1.417443186360769,0.0408932363790885,3.4564256119001877,3.415532375521099,0.1809669752868878,4.487284288985299,4.306317313698411,0.0589934838379863,3.3723240192336807,3.3133305353956946,0.4265306,0.4193637348583244,1.9485456255872573,0.4456544430412024,unknown,no,no,ML_much_worse,primary DOI test sample aggregate,n,,high,unknown,unknown,unknown,unknown,unknown,unknown,unknown,,no,unknown,unknown,no,unknown,,,,,False,unknown,True,False,medium,0.1236231910688996,0.1266755783793851,,,,,,,,,,,,,,,,,,,,,,,,,-1.55225378251891,0.2416764472161835,1.7939302297350934,1.7939302297350934,6.013038709880382,large_over_prediction,unknown,no,5,low,no major issue,,True,True,True,True,True,fitting_good_ML_bad,tau_eff_ML_prediction_error,missing_additive_or_structure_annotation; possible_sintering_or_microstructure_effect,candidate hypothesis only; no causal mechanism proven,115,A,ML much worse than fitting; ZT_ML false positive; missing additive info and ML bad; missing structure info and ML bad; missing sintering info for high-ZT/error sample; manual review not checked
10.1016_j.matlet.2021.130180__sample_45721,10.1016/j.matlet.2021.130180,https://doi.org/10.1016/j.matlet.2021.130180,,45721,Na0.98CoO2,unknown,p,34,6,1,4,0.3308172702642155,0.8808161641243558,0.5499988938601403,0.1666522881067941,1.6391840908067865,1.472531802699992,0.2150929337268417,0.7756055194743211,0.5605125857474793,0.2032201454215982,1.7219073736938275,1.5186872282722297,1.131547,0.8881592361201934,2.0091810987446097,0.7991013083403107,unknown,no,no,ML_much_worse,primary DOI test sample aggregate,p,existing_step6_or_step15,high,unknown,auto_step9,unknown,unknown,auto_step9,unknown,unknown,,no,unknown,unknown,no,unknown,yes,yes,yes,yes,False,unknown,False,False,medium,0.3308172702642155,0.6174916895124617,p,existing_step6_or_step15,high,unknown,auto_step9,unknown,unknown,auto_step9,unknown,unknown,,no,unknown,unknown,no,not_checked,yes,yes,yes,yes,False,unknown,False,False,-1.3937847467670197,-2.2281303225554616,-0.8343455757884419,0.8343455757884419,0.4341585123266278,large_under_prediction,not_checked,no,90,A,observed high ZT missed; manual review required; sintering check required later,high observed ZT; high-ZT false negative; important candidate for paper; carried from Step14,True,True,True,True,True,both_poor,missing_additive_or_structure_annotation,possible_sintering_or_microstructure_effect,candidate hypothesis only; no causal mechanism proven,120,A,ML much worse than fitting; observed high ZT; missing additive info and ML bad; missing structure info and ML bad; missing sintering info for high-ZT/error sample; manual review not checked
10.1016_j.mattod.2017.02.007__sample_21613,10.1016/j.mattod.2017.02.007,https://doi.org/10.1016/j.mattod.2017.02.007,,21613,(Bi0.25Sb0.75)2Te3,unknown,p,9,1,0,0,0.1873231051271449,0.893765460673069,0.7064423555459239,0.224552348124411,0.6763942791870072,0.4518419310625962,,,,,,,1.016949,,,,unknown,no,no,not_evaluated,primary DOI test sample aggregate,p,,high,unknown,unknown,unknown,unknown,unknown,unknown,unknown,,no,unknown,unknown,no,unknown,,,,,False,unknown,True,True,medium,0.187323105127145,0.3077223714820621,,,,,,,,,,,,,,,,,,,,,,,,,1.0340115384232424,6.011428478179339e-05,-1.0339514241384606,1.0339514241384606,0.3555990580893638,large_under_prediction,unknown,no,50,B,insufficient ZT evaluation rows; manual review required; sintering check required later,high observed ZT; important candidate for paper,True,True,True,True,True,not_evaluable,not_evaluable,missing_additive_or_structure_annotation; possible_sintering_or_microstructure_effect; tau_eff_ML_prediction_error,candidate hypothesis only; no causal mechanism proven,90,A,observed high ZT; ZT_ML false negative; missing sintering info for high-ZT/error sample; manual review not checked
10.1016_j.mattod.2017.02.007__sample_21614,10.1016/j.mattod.2017.02.007,https://doi.org/10.1016/j.mattod.2017.02.007,,21614,(Bi0.25Sb0.75)2Te3,unknown,p,10,0,0,0,0.1834343602913884,0.9496792789402632,0.7662449186488749,,,,,,,,,,1.091525,,,,unknown,no,no,not_evaluated,primary DOI test sample aggregate,p,,high,unknown,unknown,unknown,unknown,unknown,unknown,unknown,,no,unknown,unknown,no,unknown,,,,,False,unknown,True,True,medium,0.1834343602913884,0.3154250991153904,,,,,,,,,,,,,,,,,,,,,,,,,1.0918922709831025,6.011428478179339e-05,-1.091832156698321,1.091832156698321,0.3356010563666833,large_under_prediction,unknown,no,50,B,insufficient ZT evaluation rows; manual review required; sintering check required later,high observed ZT; important candidate for paper,True,True,True,True,True,not_evaluable,not_evaluable,missing_additive_or_structure_annotation; possible_sintering_or_microstructure_effect; tau_eff_ML_prediction_error,candidate hypothesis only; no causal mechanism proven,90,A,observed high ZT; ZT_ML false negative; missing sintering info for high-ZT/error sample; manual review not checked
10.1016_j.mattod.2017.02.007__sample_21615,10.1016/j.mattod.2017.02.007,https://doi.org/10.1016/j.mattod.2017.02.007,,21615,(Bi0.25Sb0.75)2Te3,unknown,p,10,1,0,0,0.1963051773259896,0.6849454444686919,0.4886402671427022,0.178197095361404,0.5736381819169993,0.3954410865555953,,,,,,,1.145763,,,,unknown,no,no,not_evaluated,primary DOI test sample aggregate,p,,high,unknown,unknown,unknown,unknown,unknown,unknown,unknown,,no,unknown,unknown,no,unknown,,,,,False,unknown,True,True,medium,0.1963051773259896,0.3144679924831687,,,,,,,,,,,,,,,,,,,,,,,,,0.8163091911036842,6.011428478179339e-05,-0.8162490768189024,0.8162490768189024,0.4420867819960529,large_under_prediction,unknown,no,50,B,insufficient ZT evaluation rows; manual review required; sintering check required later,high observed ZT; important candidate for paper,True,True,True,True,True,not_evaluable,not_evaluable,missing_additive_or_structure_annotation; possible_sintering_or_microstructure_effect,candidate hypothesis only; no causal mechanism proven,90,A,observed high ZT; ZT_ML false negative; missing sintering info for high-ZT/error sample; manual review not checked
10.1016_j.mattod.2017.11.005__sample_41015,10.1016/j.mattod.2017.11.005,https://doi.org/10.1016/j.mattod.2017.11.005,,41015,Sn0.98Na0.02Se0.9S0.1,unknown,p,13,9,0,0,0.3913083517963944,0.687798598130259,0.2964902463338646,0.241007541511273,0.4847604780342724,0.2437529365229994,,,,,,,1.499209,,,,unknown,no,no,not_evaluated,primary DOI test sample aggregate,p,,high,unknown,unknown,unknown,unknown,unknown,unknown,unknown,,no,unknown,unknown,no,unknown,,,,,False,unknown,True,True,medium,0.3913083517963944,0.1209851364924973,,,,,,,,,,,,,,,,,,,,,,,,,-0.4173529169400045,-2.9710036329340466,-2.553650715994042,2.553650715994042,0.0777971317072064,large_under_prediction,unknown,no,50,B,insufficient ZT evaluation rows; manual review required; sintering check required later,high observed ZT; important candidate for paper,True,True,True,True,True,not_evaluable,not_evaluable,missing_additive_or_structure_annotation; possible_sintering_or_microstructure_effect; tau_eff_ML_prediction_error,candidate hypothesis only; no causal mechanism proven,90,A,observed high ZT; ZT_ML false negative; missing sintering info for high-ZT/error sample; manual review not checked
10.1016_j.mattod.2017.11.005__sample_41016,10.1016/j.mattod.2017.11.005,https://doi.org/10.1016/j.mattod.2017.11.005,,41016,Sn0.97Na0.03Se0.9S0.1,unknown,p,13,13,5,5,0.5845360214569235,1.26388071046879,0.6793446890118664,0.5203070346202123,0.6208546899572092,0.1005476553369968,0.45411726034538,0.6714705211774331,0.217353260832053,0.4768328337616759,0.6547147640743345,0.1778819303126585,2.298333,4.326452701432048,1.4108076860576506,2.160538366213624,unknown,no,no,ML_moderately_worse,primary DOI test sample aggregate,p,,high,unknown,unknown,unknown,unknown,unknown,unknown,unknown,,no,unknown,unknown,no,unknown,,,,,False,unknown,True,True,medium,0.5845360214569235,0.4895854265437497,,,,,,,,,,,,,,,,,,,,,,,,,0.1375961532136884,-2.9710036329340466,-3.108599786147735,3.108599786147735,0.0446634499584707,large_under_prediction,unknown,no,65,B,manual review required; sintering check required later,high observed ZT; important candidate for paper; high predicted ZT,True,True,True,True,True,not_evaluable,not_evaluable,missing_additive_or_structure_annotation; possible_sintering_or_microstructure_effect; tau_eff_ML_prediction_error,candidate hypothesis only; no causal mechanism proven,60,B,observed high ZT; missing sintering info for high-ZT/error sample; manual review not checked
10.1016_j.mattod.2017.11.005__sample_41017,10.1016/j.mattod.2017.11.005,https://doi.org/10.1016/j.mattod.2017.11.005,,41017,Sn0.97Na0.03Se,unknown,p,24,3,1,1,0.399179180494112,0.9274698045001764,0.5282906240060644,0.2087887959009014,0.6374556225216302,0.4286668266207287,0.7198887001202989,0.2554028760174509,-0.464485824102848,0.054928724428652,0.5432862055775985,0.4883574811489465,1.6136,2.775212406514114,1.201481919258241,2.6307108169958737,unknown,no,no,ML_better_than_fitting,primary DOI test sample aggregate,p,,high,unknown,unknown,unknown,unknown,unknown,unknown,unknown,,no,unknown,unknown,no,unknown,,,,,False,unknown,True,True,medium,0.399179180494112,0.2485438943027284,,,,,,,,,,,,,,,,,,,,,,,,,-0.1175646021452679,-1.4353337164488915,-1.3177691143036236,1.3177691143036236,0.2677319155308994,large_under_prediction,unknown,no,75,B,manual review required; sintering check required later,high observed ZT; important candidate for paper; high predicted ZT,True,True,True,True,True,not_evaluable,not_evaluable,missing_additive_or_structure_annotation; possible_sintering_or_microstructure_effect; tau_eff_ML_prediction_error,candidate hypothesis only; no causal mechanism proven,60,B,observed high ZT; missing sintering info for high-ZT/error sample; manual review not checked
10.1016_j.mseb.2003.10.014__sample_15594,10.1016/j.mseb.2003.10.014,https://doi.org/10.1016/j.mseb.2003.10.014,,15594,Pb0.79Sn0.21Cd0.001Te,unknown,p,22,13,0,10,0.5740546580023664,3.5581529035379016,2.984098245535536,0.5614823426799067,31.393418806868645,30.83193646418874,,,,0.5906895737481033,35.72592891809063,35.13523934434253,,0.0308749994230555,1.0343068792394792,0.055512796498106,unknown,no,no,not_evaluated,primary DOI test sample aggregate,p,,high,unknown,unknown,unknown,unknown,unknown,unknown,unknown,,no,unknown,unknown,no,unknown,,,,,False,unknown,True,True,medium,0.5740546580023664,0.7063086608516083,,,,,,,,,,,,,,,,,,,,,,,,,-2.482461707349118,0.2514853446021967,2.733947051951315,2.733947051951315,15.393526316038423,large_over_prediction,unknown,no,10,low,insufficient ZT evaluation rows,,True,True,True,True,True,not_evaluable,not_evaluable,missing_additive_or_structure_annotation; tau_eff_ML_prediction_error,candidate hypothesis only; no causal mechanism proven,35,C,ZT_ML false positive; manual review not checked
10.1016_j.mseb.2003.10.014__sample_15595,10.1016/j.mseb.2003.10.014,https://doi.org/10.1016/j.mseb.2003.10.014,,15595,Pb0.74Sn0.24Cd0.02Te,unknown,p,51,27,0,20,0.3812665772043727,2.1437011633133984,1.7624345861090256,0.3319941646270645,7.653934355627677,7.321940191000612,,,,0.3639836769329073,8.274738894300896,7.910755217367988,,0.5274750936262469,4.348670319970669,0.398227703388195,unknown,no,no,not_evaluated,primary DOI test sample aggregate,p,,high,unknown,unknown,unknown,unknown,unknown,unknown,unknown,,no,unknown,unknown,no,unknown,,,,,False,unknown,True,True,medium,0.3812665772043727,0.2085669637896828,,,,,,,,,,,,,,,,,,,,,,,,,-1.0804454395666128,0.2514853446021967,1.3319307841688095,1.3319307841688095,3.788350818548975,large_over_prediction,unknown,no,10,low,insufficient ZT evaluation rows,,True,True,True,True,True,fitting_good_ML_bad,tau_eff_ML_prediction_error,missing_additive_or_structure_annotation,candidate hypothesis only; no causal mechanism proven,35,C,ZT_ML false positive; manual review not checked
10.1016_j.mseb.2003.10.014__sample_15596,10.1016/j.mseb.2003.10.014,https://doi.org/10.1016/j.mseb.2003.10.014,,15596,Pb0.744Sn0.24Cd0.016Te,unknown,p,25,15,0,12,0.9777115905829864,3.068963187237489,2.0912515966545024,1.2048201320523964,27.110904019546773,25.906083887494376,,,,1.3644706461102076,30.68827877076038,29.32380812465017,,0.1402319154487906,2.571783777488048,0.1875968372282332,unknown,no,no,not_evaluated,primary DOI test sample aggregate,p,,high,unknown,unknown,unknown,unknown,unknown,unknown,unknown,,no,unknown,unknown,no,unknown,,,,,False,unknown,True,True,low,0.9777115905829864,0.8433003085984027,,,,,,,,,,,,,,,,,,,,,,,,,-1.879979107133556,0.2514853446021967,2.131464451735753,2.131464451735753,8.42719900549578,large_over_prediction,unknown,no,70,B,large PF error; large ZT error vs calculated ZT; insufficient ZT evaluation rows; possible unit or temperature alignment issue; manual review required; sintering check required later,large ZT prediction error; important candidate for paper; carried from Step14,True,True,True,True,True,not_evaluable,not_evaluable,missing_additive_or_structure_annotation; tau_eff_ML_prediction_error,candidate hypothesis only; no causal mechanism proven,35,C,ZT_ML false positive; manual review not checked
10.1016_j.mseb.2015.01.008__sample_9245,10.1016/j.mseb.2015.01.008,https://doi.org/10.1016/j.mseb.2015.01.008,,9245,Mg2Si,unknown,n,12,4,2,3,0.3215451464914626,1.0473995277292742,0.7258543812378115,0.5502649994099702,0.4741305415423672,-0.0761344578676029,8.767340583980065,2.6046404570448045,-6.162700126935261,0.650127369110733,0.3910199175680149,-0.2591074515427181,0.1400365,1.602451396361218,0.591385248021917,1.0307600835989006,unknown,no,no,ML_better_than_fitting,primary DOI test sample aggregate,n,,high,unknown,unknown,unknown,unknown,unknown,unknown,unknown,,no,unknown,unknown,no,unknown,,,,,False,unknown,False,False,medium,0.3215451464914626,0.668006875106956,,,,,,,,,,,,,,,,,,,,,,,,,0.4475769566511864,-1.3768894836670535,-1.82446644031824,1.82446644031824,0.1613036863169524,large_under_prediction,unknown,no,90,A,large ZT error vs observed ZT; predicted high ZT false positive; manual review required; sintering check required later,high-ZT false positive; important candidate for paper; high predicted ZT; carried from Step14,True,True,True,True,True,fitting_good_ML_bad,tau_eff_ML_prediction_error,missing_additive_or_structure_annotation,candidate hypothesis only; no causal mechanism proven,10,low,manual review not checked
10.1016_j.mssp.2020.105393__sample_38619,10.1016/j.mssp.2020.105393,https://doi.org/10.1016/j.mssp.2020.105393,,38619,PbS,unknown,n,19,19,19,19,0.2458261233348842,1.0755800822901211,0.829753958955237,0.2136153994502032,1.934770124811922,1.7211547253617188,0.217874596556108,1.9325772498381275,1.714702653282019,0.2136153994501906,1.9347701248117333,1.721154725361543,0.3516185,0.479645799772839,1.3667066139514192,0.34701656079258,unknown,no,no,ML_much_worse,primary DOI test sample aggregate,n,,high,unknown,unknown,unknown,unknown,unknown,unknown,unknown,,no,unknown,unknown,no,unknown,,,,,False,unknown,False,True,medium,0.2458261233348842,0.3775807680735544,,,,,,,,,,,,,,,,,,,,,,,,,-2.427432694027034,-2.2103463494812865,0.2170863445457476,0.2170863445457476,1.2424513764061336,good,unknown,no,0,low,no major issue,,True,True,True,True,True,fitting_good_ML_bad,insufficient_material_features,missing_additive_or_structure_annotation; possible_sintering_or_microstructure_effect,candidate hypothesis only; no causal mechanism proven,115,A,ML much worse than fitting; ZT_ML false positive; missing additive info and ML bad; missing structure info and ML bad; missing sintering info for high-ZT/error sample; manual review not checked
10.1016_j.mssp.2020.105393__sample_38620,10.1016/j.mssp.2020.105393,https://doi.org/10.1016/j.mssp.2020.105393,,38620,Pb0.995Bi0.005S,unknown,n,19,19,18,18,0.1841803212633707,1.1670881263918682,0.9829078051284976,0.1551744015535608,2.221776635855224,2.066602234301663,0.1590808525938264,2.2618892286880934,2.102808376094267,0.1570111272136025,2.2463545483787226,2.08934342116512,0.425134,0.6007813514457642,1.902063523431572,0.4308323061041825,unknown,no,no,ML_much_worse,primary DOI test sample aggregate,n,,high,unknown,unknown,unknown,unknown,unknown,unknown,unknown,,no,unknown,unknown,no,unknown,,,,,False,unknown,True,True,medium,0.1841803212633707,0.3675213336791847,,,,,,,,,,,,,,,,,,,,,,,,,-1.9309382407468427,-1.742027459452399,0.1889107812944437,0.1889107812944437,1.2079331774407087,good,unknown,no,0,low,no major issue,,True,True,True,True,True,fitting_good_ML_bad,insufficient_material_features,missing_additive_or_structure_annotation; possible_sintering_or_microstructure_effect,candidate hypothesis only; no causal mechanism proven,115,A,ML much worse than fitting; ZT_ML false positive; missing additive info and ML bad; missing structure info and ML bad; missing sintering info for high-ZT/error sample; manual review not checked
10.1016_j.mssp.2020.105393__sample_38621,10.1016/j.mssp.2020.105393,https://doi.org/10.1016/j.mssp.2020.105393,,38621,Pb0.99Bi0.01S,unknown,n,19,19,18,19,0.0698540349649175,0.6833544537573467,0.6135004187924292,0.0564619240405593,0.978316084908639,0.9218541608680796,0.0632220873549973,0.9464922819690628,0.8832701946140653,0.0564619240405869,0.978316084908587,0.921854160868,0.7028832,0.7365063587687846,1.4534460890134202,0.7061315196009632,unknown,no,no,ML_much_worse,primary DOI test sample aggregate,n,,high,unknown,unknown,unknown,unknown,unknown,unknown,unknown,,no,unknown,unknown,no,unknown,,,,,False,unknown,True,True,medium,0.0698540349649175,0.0897750910036875,,,,,,,,,,,,,,,,,,,,,,,,,-1.4582494196181557,-1.742027459452399,-0.2837780398342433,0.2837780398342433,0.7529337474598228,moderate_error,unknown,no,0,low,no major issue,,True,True,True,True,True,both_poor,missing_additive_or_structure_annotation,possible_sintering_or_microstructure_effect,candidate hypothesis only; no causal mechanism proven,115,A,ML much worse than fitting; ZT_ML false positive; missing additive info and ML bad; missing structure info and ML bad; missing sintering info for high-ZT/error sample; manual review not checked
10.1016_j.mssp.2020.105393__sample_38622,10.1016/j.mssp.2020.105393,https://doi.org/10.1016/j.mssp.2020.105393,,38622,Pb0.98Bi0.02S,unknown,n,18,18,18,18,0.1130932508986082,0.2393334839728096,0.1262402330742014,0.0861111544030476,0.2431736289951238,0.1570624745920761,0.0885029006117698,0.2520115734939013,0.1635086728821315,0.0861111544030465,0.2431736289951012,0.1570624745920547,0.642357,0.8372278510696968,1.0338281181452162,0.6429518843572917,unknown,no,no,ML_moderately_worse,primary DOI test sample aggregate,n,,high,unknown,unknown,unknown,unknown,unknown,unknown,unknown,,no,unknown,unknown,no,unknown,,,,,False,unknown,True,True,medium,0.1130932508986082,0.2465523286551146,,,,,,,,,,,,,,,,,,,,,,,,,-0.9894022146740956,-1.742027459452399,-0.7526252447783034,0.7526252447783034,0.4711281012454219,large_under_prediction,unknown,no,0,low,no major issue,,True,True,True,True,True,both_good,material_system_out_of_distribution,missing_additive_or_structure_annotation,candidate hypothesis only; no causal mechanism proven,35,C,ZT_ML false positive; manual review not checked
10.1016_j.mssp.2020.105393__sample_38624,10.1016/j.mssp.2020.105393,https://doi.org/10.1016/j.mssp.2020.105393,,38624,Pb0.96Bi0.04S,unknown,n,19,18,18,18,0.108392063441318,0.2031090545175004,0.0947169910761823,0.0937461110220953,0.164338396944246,0.0705922859221506,0.0945390796319496,0.1626334144160824,0.0680943347841327,0.0937461110221012,0.1643383969442363,0.0705922859221351,0.8948312,1.119894758522608,0.9431462907760192,0.900926036787428,unknown,no,no,ML_close_to_fitting,primary DOI test sample aggregate,n,,high,unknown,unknown,unknown,unknown,unknown,unknown,unknown,,no,unknown,unknown,no,unknown,,,,,False,unknown,True,True,medium,0.1083920634413179,0.2093635986480305,,,,,,,,,,,,,,,,,,,,,,,,,-0.606706070111558,-1.742027459452399,-1.1353213893408411,1.1353213893408411,0.3213188362889293,large_under_prediction,unknown,no,65,B,predicted high ZT false positive; manual review required; sintering check required later,high-ZT false positive; important candidate for paper; high predicted ZT; carried from Step14,True,True,True,True,True,both_good,material_system_out_of_distribution,missing_additive_or_structure_annotation; tau_eff_ML_prediction_error,candidate hypothesis only; no causal mechanism proven,10,low,manual review not checked
10.1016_j.mssp.2020.105393__sample_38627,10.1016/j.mssp.2020.105393,https://doi.org/10.1016/j.mssp.2020.105393,,38627,Pb0.96Bi0.04S,unknown,n,19,19,0,19,0.1967930892631882,0.3543397771975276,0.1575466879343393,0.1737157292546676,0.266019273797234,0.0923035445425664,,,,0.1737157292546674,0.2660192737972052,0.0923035445425377,,1.2519961028864468,0.9324602860892612,0.8314446009192024,unknown,no,no,not_evaluated,primary DOI test sample aggregate,n,,high,unknown,unknown,unknown,unknown,unknown,unknown,unknown,,no,unknown,unknown,no,unknown,,,,,False,unknown,True,True,medium,0.1967930892631882,0.4186534271606278,,,,,,,,,,,,,,,,,,,,,,,,,-0.4838067834228521,-1.742027459452399,-1.258220676029547,1.258220676029547,0.2841591881983183,large_under_prediction,unknown,no,35,C,insufficient ZT evaluation rows; sintering check required later,high predicted ZT,True,True,True,True,True,not_evaluable,not_evaluable,missing_additive_or_structure_annotation; tau_eff_ML_prediction_error,candidate hypothesis only; no causal mechanism proven,10,low,manual review not checked
10.1016_j.mssp.2020.105393__sample_38628,10.1016/j.mssp.2020.105393,https://doi.org/10.1016/j.mssp.2020.105393,,38628,Pb0.96Bi0.04S,unknown,n,19,19,0,19,0.2155184831940519,0.4220584835343964,0.2065400003403444,0.1923372013857283,0.3058707908542254,0.1135335894684971,,,,0.1923372013857107,0.3058707908542311,0.1135335894685204,,1.2363852216347384,0.8601121398597468,0.8200733404309419,unknown,no,no,not_evaluated,primary DOI test sample aggregate,n,,high,unknown,unknown,unknown,unknown,unknown,unknown,unknown,,no,unknown,unknown,no,unknown,,,,,False,unknown,True,True,medium,0.2155184831940517,0.4596583378108729,,,,,,,,,,,,,,,,,,,,,,,,,-0.4155901788847849,-1.742027459452399,-1.326437280567614,1.326437280567614,0.2654212000741395,large_under_prediction,unknown,no,35,C,insufficient ZT evaluation rows; sintering check required later,high predicted ZT,True,True,True,True,True,not_evaluable,not_evaluable,missing_additive_or_structure_annotation; tau_eff_ML_prediction_error,candidate hypothesis only; no causal mechanism proven,10,low,manual review not checked
10.1016_j.mtphys.2018.05.001__sample_44011,10.1016/j.mtphys.2018.05.001,https://doi.org/10.1016/j.mtphys.2018.05.001,,44011,Ag9GaSe5.98,unknown,n,12,9,8,8,0.206894527242512,0.3446627942432512,0.1377682670007392,0.1859382381186218,0.2904130851960205,0.1044748470773987,0.1668120445089765,0.2157367796269438,0.0489247351179672,0.1636728869691734,0.2270885353835832,0.0634156484144098,1.302239,1.6528342992830671,2.1774384047084894,1.3087280880493497,unknown,no,no,ML_close_to_fitting,primary DOI test sample aggregate,n,,high,unknown,unknown,unknown,unknown,unknown,unknown,unknown,,no,unknown,unknown,no,unknown,,,,,False,unknown,True,True,medium,0.2068945272425121,0.3473840832828794,,,,,,,,,,,,,,,,,,,,,,,,,-0.8305643214614306,-1.334234683517156,-0.5036703620557254,0.5036703620557254,0.6043085530561705,large_under_prediction,unknown,no,65,B,manual review required; sintering check required later,high observed ZT; important candidate for paper; high predicted ZT,True,True,True,True,True,both_good,material_system_out_of_distribution,missing_additive_or_structure_annotation; possible_sintering_or_microstructure_effect,candidate hypothesis only; no causal mechanism proven,60,B,observed high ZT; missing sintering info for high-ZT/error sample; manual review not checked
10.1016_j.mtphys.2018.05.001__sample_44012,10.1016/j.mtphys.2018.05.001,https://doi.org/10.1016/j.mtphys.2018.05.001,,44012,Ag9GaSe5.68Te0.3,unknown,n,12,12,10,10,0.2038976012954606,0.286245738897885,0.0823481376024243,0.1858750206727221,0.2556237048079469,0.0697486841352247,0.1839945276249464,0.2334378670697923,0.0494433394448458,0.1862763720600932,0.2250515829500058,0.0387752108899125,1.45101,2.0128600270072186,2.4607361300244364,1.4478222940882948,unknown,no,no,ML_close_to_fitting,primary DOI test sample aggregate,n,,high,unknown,unknown,unknown,unknown,unknown,unknown,unknown,,no,unknown,unknown,no,unknown,,,,,False,unknown,True,True,medium,0.2038976012954606,0.4237578628323336,,,,,,,,,,,,,,,,,,,,,,,,,-0.789183409261699,-0.4181195931623649,0.3710638160993341,0.3710638160993341,1.4492755575485672,moderate_error,unknown,no,65,B,manual review required; sintering check required later,high observed ZT; important candidate for paper; high predicted ZT,True,True,True,True,True,both_good,material_system_out_of_distribution,missing_additive_or_structure_annotation; possible_sintering_or_microstructure_effect,candidate hypothesis only; no causal mechanism proven,60,B,observed high ZT; missing sintering info for high-ZT/error sample; manual review not checked
10.1016_j.mtphys.2018.05.001__sample_44013,10.1016/j.mtphys.2018.05.001,https://doi.org/10.1016/j.mtphys.2018.05.001,,44013,Ag9GaSe5.53Te0.45,unknown,n,13,13,11,12,0.1994782068853883,0.2576863067929792,0.0582080999075909,0.1798628867119712,0.2104582151364604,0.0305953284244892,0.1769216816684738,0.1971035192078807,0.0201818375394068,0.1679102492108234,0.1815159594171906,0.0136057102063671,1.560953,2.279633773765108,2.6835555153593216,1.5808941584113956,unknown,no,no,ML_close_to_fitting,primary DOI test sample aggregate,n,,high,unknown,unknown,unknown,unknown,unknown,unknown,unknown,,no,unknown,unknown,no,unknown,,,,,False,unknown,True,True,medium,0.1994782068853884,0.4428460972105675,,,,,,,,,,,,,,,,,,,,,,,,,-0.7514072695179583,-0.4181195931623649,0.3332876763555934,0.3332876763555934,1.3955487070952604,moderate_error,unknown,no,65,B,manual review required; sintering check required later,high observed ZT; important candidate for paper; high predicted ZT,True,True,True,True,True,both_good,material_system_out_of_distribution,missing_additive_or_structure_annotation; possible_sintering_or_microstructure_effect,candidate hypothesis only; no causal mechanism proven,60,B,observed high ZT; missing sintering info for high-ZT/error sample; manual review not checked
10.1016_j.mtphys.2018.05.001__sample_44014,10.1016/j.mtphys.2018.05.001,https://doi.org/10.1016/j.mtphys.2018.05.001,,44014,Ag9GaSe5.38Te0.6,unknown,n,12,12,7,10,0.2896873840705134,0.5825616814855793,0.2928742974150659,0.2724772556899196,0.732584712704836,0.4601074570149164,0.2788424443565495,0.7724648438437821,0.4936223994872326,0.2401311818242402,0.6626944512523183,0.4225632694280781,1.376961,2.010641816501765,3.333036771373201,1.3633260101345632,unknown,no,no,ML_moderately_worse,primary DOI test sample aggregate,n,,high,unknown,unknown,unknown,unknown,unknown,unknown,unknown,,no,unknown,unknown,no,unknown,,,,,False,unknown,True,True,medium,0.2896873840705134,0.5929529894136544,,,,,,,,,,,,,,,,,,,,,,,,,-1.0937093229371089,-0.4181195931623649,0.675589729774744,0.675589729774744,1.9651915662883817,large_over_prediction,unknown,no,65,B,manual review required; sintering check required later,high observed ZT; important candidate for paper; high predicted ZT,True,True,True,True,True,not_evaluable,not_evaluable,missing_additive_or_structure_annotation; possible_sintering_or_microstructure_effect,candidate hypothesis only; no causal mechanism proven,60,B,observed high ZT; missing sintering info for high-ZT/error sample; manual review not checked
10.1016_j.mtphys.2018.05.001__sample_44015,10.1016/j.mtphys.2018.05.001,https://doi.org/10.1016/j.mtphys.2018.05.001,,44015,Ag9GaSe5.23Te0.75,unknown,n,12,12,6,7,0.2246801206941852,0.8890488249234724,0.6643687042292871,0.2029789098909279,1.4263046177791503,1.2233257078882225,0.2036357221360043,1.2646023455040274,1.060966623368023,0.2055600521478781,1.2153599975268012,1.009799945378923,1.367921,1.9987640443084704,4.724297663585607,1.3325676409126268,unknown,no,no,ML_much_worse,primary DOI test sample aggregate,n,,high,unknown,unknown,unknown,unknown,unknown,unknown,unknown,,no,unknown,unknown,no,unknown,,,,,False,unknown,True,True,medium,0.2246801206941852,0.4410569379592772,,,,,,,,,,,,,,,,,,,,,,,,,-1.4484693695341726,-0.4181195931623649,1.0303497763718077,1.0303497763718077,2.8020457527100286,large_over_prediction,unknown,no,65,B,manual review required; sintering check required later,high observed ZT; important candidate for paper; high predicted ZT,True,True,True,True,True,fitting_good_ML_bad,tau_eff_ML_prediction_error,missing_additive_or_structure_annotation; possible_sintering_or_microstructure_effect,candidate hypothesis only; no causal mechanism proven,120,A,ML much worse than fitting; observed high ZT; missing additive info and ML bad; missing structure info and ML bad; missing sintering info for high-ZT/error sample; manual review not checked
10.1016_j.mtphys.2020.100180__sample_34195,10.1016/j.mtphys.2020.100180,https://doi.org/10.1016/j.mtphys.2020.100180,,34195,Cu2ErTe3,unknown,p,13,3,1,3,0.518932589895461,2.6353467648009232,2.1164141749054624,0.6783674012125346,0.8899391303853598,0.2115717291728251,0.3491135416805099,0.95086430755746,0.6017507658769501,0.67836740121246,0.8899391303853698,0.2115717291729097,0.1283944,1.490106927615977,0.112488798569995,0.7269510480091018,unknown,no,no,ML_much_worse,primary DOI test sample aggregate,p,,high,unknown,unknown,unknown,unknown,unknown,unknown,unknown,,no,unknown,unknown,no,unknown,,,,,False,unknown,True,True,low,0.518932589895461,0.8766064598346012,,,,,,,,,,,,,,,,,,,,,,,,,1.2537952913078192,-1.177131232180703,-2.4309265234885222,2.4309265234885222,0.0879553021648857,large_under_prediction,unknown,no,75,B,predicted high ZT false positive; manual review required; sintering check required later,high-ZT false positive; important candidate for paper; high predicted ZT; carried from Step14,True,True,True,True,True,both_poor,missing_additive_or_structure_annotation,possible_sintering_or_microstructure_effect; tau_eff_ML_prediction_error,candidate hypothesis only; no causal mechanism proven,90,A,ML much worse than fitting; missing additive info and ML bad; missing structure info and ML bad; missing sintering info for high-ZT/error sample; manual review not checked
10.1016_j.mtphys.2020.100180__sample_34197,10.1016/j.mtphys.2020.100180,https://doi.org/10.1016/j.mtphys.2020.100180,,34197,Cu2.7Ag0.3ErTe3,unknown,p,13,4,0,1,0.565761015418496,2.505703424936325,1.9399424095178288,0.6248232946688883,0.8863390456794507,0.2615157510105623,,,,0.8776515545521335,0.8365053026045269,-0.0411462519476065,0.7135401,1.9059901501203624,0.1659622532611008,1.0150925742848962,unknown,no,no,not_evaluated,primary DOI test sample aggregate,p,,high,unknown,unknown,unknown,unknown,unknown,unknown,unknown,,no,unknown,unknown,no,unknown,,,,,False,unknown,True,True,low,0.5657610154184959,0.8130442103266021,,,,,,,,,,,,,,,,,,,,,,,,,1.1292591222126631,-2.516467382546565,-3.645726504759228,3.645726504759228,0.0261024394172322,large_under_prediction,unknown,no,75,B,predicted high ZT false positive; insufficient ZT evaluation rows; manual review required; sintering check required later,high-ZT false positive; important candidate for paper; high predicted ZT; carried from Step14,True,True,True,True,True,not_evaluable,not_evaluable,missing_additive_or_structure_annotation; tau_eff_ML_prediction_error,candidate hypothesis only; no causal mechanism proven,10,low,manual review not checked
10.1016_j.mtphys.2021.100444__sample_45584,10.1016/j.mtphys.2021.100444,https://doi.org/10.1016/j.mtphys.2021.100444,,45584,Ge0.9Sb0.1Te,unknown,p,11,8,3,4,0.2030583610500196,0.2337074818583467,0.0306491208083271,0.1864281109335083,0.2541542344502796,0.0677261235167712,0.193513091882988,0.1266532095345633,-0.0668598823484247,0.2009538962884546,0.1926617531653563,-0.0082921431230983,1.792042,1.6106151382121343,1.808171611790291,1.8098876452789168,unknown,no,no,ML_close_to_fitting,primary DOI test sample aggregate,p,,high,unknown,unknown,unknown,unknown,unknown,unknown,unknown,,no,unknown,unknown,no,unknown,,,,,False,unknown,True,True,medium,0.2030583610500196,0.2725355320662974,,,,,,,,,,,,,,,,,,,,,,,,,0.3643144002944499,0.1135456991990303,-0.2507687010954195,0.2507687010954195,0.7782023480946234,moderate_error,unknown,no,65,B,manual review required; sintering check required later,high observed ZT; important candidate for paper; high predicted ZT,True,True,True,True,True,both_good,material_system_out_of_distribution,missing_additive_or_structure_annotation; possible_sintering_or_microstructure_effect,candidate hypothesis only; no causal mechanism proven,60,B,observed high ZT; missing sintering info for high-ZT/error sample; manual review not checked
10.1016_j.mtphys.2021.100444__sample_45585,10.1016/j.mtphys.2021.100444,https://doi.org/10.1016/j.mtphys.2021.100444,,45585,(Ge0.9Sb0.1Te)0.995(FeTe2)0.005,unknown,p,11,6,2,3,0.1833739408626492,0.189480109939169,0.0061061690765198,0.1426927406140973,0.1232132184539277,-0.0194795221601695,0.1981631703751173,0.1889298728444374,-0.0092332975306798,0.1580372145658923,0.1351420900178829,-0.0228951245480094,1.801592,1.387183482555912,1.322548475960904,1.7423958318713129,unknown,no,no,ML_close_to_fitting,primary DOI test sample aggregate,p,,high,unknown,unknown,unknown,unknown,unknown,unknown,unknown,,no,unknown,unknown,no,unknown,,,,,False,unknown,True,True,medium,0.1833739408626492,0.1800882246903005,,,,,,,,,,,,,,,,,,,,,,,,,0.4385078955990918,1.4576764589115223,1.0191685633124306,1.0191685633124306,2.77088998636686,large_over_prediction,unknown,no,75,B,manual review required; sintering check required later,high observed ZT; important candidate for paper; high predicted ZT,True,True,True,True,True,both_good,material_system_out_of_distribution,missing_additive_or_structure_annotation; possible_sintering_or_microstructure_effect; tau_eff_ML_prediction_error,candidate hypothesis only; no causal mechanism proven,60,B,observed high ZT; missing sintering info for high-ZT/error sample; manual review not checked
10.1016_j.mtphys.2021.100444__sample_45586,10.1016/j.mtphys.2021.100444,https://doi.org/10.1016/j.mtphys.2021.100444,,45586,(Ge0.9Sb0.1Te)0.99(FeTe2)0.01,unknown,p,11,10,5,8,0.1725211276629254,0.2112973386750307,0.0387762110121053,0.1570706295941032,0.1492668171621361,-0.0078038124319671,0.18757086124232,0.1581704395115716,-0.0294004217307484,0.1579294471619153,0.1811085474921092,0.0231791003301938,1.916967,1.974290638450576,1.747547114677393,2.0002292864197555,unknown,no,no,ML_close_to_fitting,primary DOI test sample aggregate,p,,high,unknown,unknown,unknown,unknown,unknown,unknown,unknown,,no,unknown,unknown,no,unknown,,,,,False,unknown,True,True,medium,0.1725211276629254,0.1880580921517382,,,,,,,,,,,,,,,,,,,,,,,,,0.5127890220139566,1.4576764589115223,0.9448874368975656,0.9448874368975656,2.57252379103119,large_over_prediction,unknown,no,65,B,manual review required; sintering check required later,high observed ZT; important candidate for paper; high predicted ZT,True,True,True,True,True,both_good,material_system_out_of_distribution,missing_additive_or_structure_annotation; possible_sintering_or_microstructure_effect,candidate hypothesis only; no causal mechanism proven,60,B,observed high ZT; missing sintering info for high-ZT/error sample; manual review not checked
10.1016_j.mtphys.2021.100444__sample_45587,10.1016/j.mtphys.2021.100444,https://doi.org/10.1016/j.mtphys.2021.100444,,45587,(Ge0.9Sb0.1Te)0.985(FeTe2)0.015,unknown,p,11,6,3,5,0.1968676390077764,0.2988332139268457,0.1019655749190693,0.1443461194596215,0.2472860010478869,0.1029398815882653,0.1337003779008015,0.3081217746630727,0.1744213967622711,0.1463421772019992,0.2779375589229422,0.131595381720943,1.928685,1.7942304726698377,1.4329788027243235,1.903948050434088,unknown,no,no,ML_moderately_worse,primary DOI test sample aggregate,p,,high,unknown,unknown,unknown,unknown,unknown,unknown,unknown,,no,unknown,unknown,no,unknown,,,,,False,unknown,True,True,medium,0.1968676390077764,0.2048891411631065,,,,,,,,,,,,,,,,,,,,,,,,,0.6156138820203757,1.4576764589115223,0.8420625768911466,0.8420625768911466,2.321149592339454,large_over_prediction,unknown,no,65,B,manual review required; sintering check required later,high observed ZT; important candidate for paper; high predicted ZT,True,True,True,True,True,both_good,material_system_out_of_distribution,missing_additive_or_structure_annotation; possible_sintering_or_microstructure_effect,candidate hypothesis only; no causal mechanism proven,60,B,observed high ZT; missing sintering info for high-ZT/error sample; manual review not checked
10.1016_j.mtphys.2021.100444__sample_45588,10.1016/j.mtphys.2021.100444,https://doi.org/10.1016/j.mtphys.2021.100444,,45588,(Ge0.9Sb0.1Te)0.98(FeTe2)0.02,unknown,p,11,5,3,3,0.1894932826407582,0.3870691925245708,0.1975759098838126,0.134520551071212,0.3468280160834856,0.2123074650122735,0.1431581472522749,0.359104332923655,0.2159461856713801,0.1272052836253481,0.3591208583986066,0.2319155747732584,1.826325,1.6282647710276823,1.161836730536297,1.81411460127406,unknown,no,no,ML_moderately_worse,primary DOI test sample aggregate,p,,high,unknown,unknown,unknown,unknown,unknown,unknown,unknown,,no,unknown,unknown,no,unknown,,,,,False,unknown,True,True,medium,0.1894932826407582,0.1867995241087409,,,,,,,,,,,,,,,,,,,,,,,,,0.7283057633830105,1.4576764589115223,0.7293706955285119,0.7293706955285119,2.0737751609738204,large_over_prediction,unknown,no,65,B,manual review required; sintering check required later,high observed ZT; important candidate for paper; high predicted ZT,True,True,True,True,True,both_good,material_system_out_of_distribution,missing_additive_or_structure_annotation; possible_sintering_or_microstructure_effect,candidate hypothesis only; no causal mechanism proven,60,B,observed high ZT; missing sintering info for high-ZT/error sample; manual review not checked
10.1016_j.mtphys.2021.100497__sample_45589,10.1016/j.mtphys.2021.100497,https://doi.org/10.1016/j.mtphys.2021.100497,,45589,Ge0.9Sb0.1Te,unknown,p,11,11,9,10,0.2056881164177633,0.237485924468793,0.0317978080510297,0.1921113273128173,0.238471961097141,0.0463606337843237,0.1837022892176771,0.2053502382318881,0.0216479490142109,0.1944129218867014,0.2306740089217994,0.036261087035098,1.746905,1.5902346471833972,1.790672337227558,1.7378535092895593,unknown,no,no,ML_close_to_fitting,primary DOI test sample aggregate,p,,high,unknown,unknown,unknown,unknown,unknown,unknown,unknown,,no,unknown,unknown,no,unknown,,,,,False,unknown,True,True,medium,0.2056881164177633,0.2589916812986554,,,,,,,,,,,,,,,,,,,,,,,,,0.3613048218061026,0.1135456991990303,-0.2477591226070722,0.2477591226070722,0.7805479369875247,good,unknown,no,65,B,manual review required; sintering check required later,high observed ZT; important candidate for paper; high predicted ZT,True,True,True,True,True,both_good,material_system_out_of_distribution,missing_additive_or_structure_annotation; possible_sintering_or_microstructure_effect,candidate hypothesis only; no causal mechanism proven,60,B,observed high ZT; missing sintering info for high-ZT/error sample; manual review not checked
10.1016_j.mtphys.2021.100497__sample_45590,10.1016/j.mtphys.2021.100497,https://doi.org/10.1016/j.mtphys.2021.100497,,45590,Ge0.89Al0.01Sb0.1Te,unknown,p,11,10,9,10,0.1977497969202449,0.2032856328067243,0.0055358358864794,0.1978738205301564,0.2170693441700542,0.0191955236398977,0.1970884321938045,0.2119575975272561,0.0148691653334515,0.1978738205301497,0.2170693441700462,0.0191955236398965,1.81912,1.4523007361448117,1.522367354440434,1.8117834557154529,unknown,no,no,ML_close_to_fitting,primary DOI test sample aggregate,p,,high,unknown,unknown,unknown,unknown,unknown,unknown,unknown,,no,unknown,unknown,no,unknown,,,,,False,unknown,True,True,medium,0.1977497969202449,0.2457727068548235,,,,,,,,,,,,,,,,,,,,,,,,,0.4195296772534905,1.0120157589407812,0.5924860816872908,0.5924860816872908,1.8084788574515385,large_over_prediction,unknown,no,65,B,manual review required; sintering check required later,high observed ZT; important candidate for paper; high predicted ZT,True,True,True,True,True,both_good,material_system_out_of_distribution,missing_additive_or_structure_annotation; possible_sintering_or_microstructure_effect,candidate hypothesis only; no causal mechanism proven,60,B,observed high ZT; missing sintering info for high-ZT/error sample; manual review not checked
10.1016_j.mtphys.2021.100497__sample_45591,10.1016/j.mtphys.2021.100497,https://doi.org/10.1016/j.mtphys.2021.100497,,45591,Ge0.88Al0.02Sb0.1Te,unknown,p,11,10,7,10,0.1731222668571174,0.1793159945538694,0.0061937276967519,0.1445464694700412,0.1375361489458741,-0.007010320524167,0.1452175265036145,0.1381338373993811,-0.0070836891042333,0.1445464694700416,0.1375361489458716,-0.0070103205241699,1.84663,1.8938734815880467,1.8074239630651143,1.8897921563249789,unknown,no,no,ML_close_to_fitting,primary DOI test sample aggregate,p,,high,unknown,unknown,unknown,unknown,unknown,unknown,unknown,,no,unknown,unknown,no,unknown,,,,,False,unknown,True,True,medium,0.1731222668571174,0.1866529304902097,,,,,,,,,,,,,,,,,,,,,,,,,0.5133688432695064,1.0120157589407812,0.4986469156712748,0.4986469156712748,1.6464919203759332,moderate_error,unknown,no,65,B,manual review required; sintering check required later,high observed ZT; important candidate for paper; high predicted ZT,True,True,True,True,True,both_good,material_system_out_of_distribution,missing_additive_or_structure_annotation; possible_sintering_or_microstructure_effect,candidate hypothesis only; no causal mechanism proven,60,B,observed high ZT; missing sintering info for high-ZT/error sample; manual review not checked
10.1016_j.mtphys.2021.100497__sample_45592,10.1016/j.mtphys.2021.100497,https://doi.org/10.1016/j.mtphys.2021.100497,,45592,Ge0.87Al0.03Sb0.1Te,unknown,p,11,11,7,10,0.2098043998014451,0.3516407500145806,0.1418363502131355,0.1883726031672321,0.2367620240001532,0.0483894208329211,0.2038001835529272,0.2806146805351295,0.0768144969822023,0.1869591732985413,0.2511225828077779,0.0641634095092365,2.059835,1.9738012272711585,1.4884978514106773,2.0737983996146503,unknown,no,no,ML_close_to_fitting,primary DOI test sample aggregate,p,,high,unknown,unknown,unknown,unknown,unknown,unknown,unknown,,no,unknown,unknown,no,unknown,,,,,False,unknown,True,True,medium,0.2098043998014451,0.2348260000620326,,,,,,,,,,,,,,,,,,,,,,,,,0.7488410395493781,1.0120157589407812,0.2631747193914031,0.2631747193914031,1.3010540184606183,moderate_error,unknown,no,65,B,manual review required; sintering check required later,high observed ZT; important candidate for paper; high predicted ZT,True,True,True,True,True,both_good,material_system_out_of_distribution,missing_additive_or_structure_annotation; possible_sintering_or_microstructure_effect,candidate hypothesis only; no causal mechanism proven,60,B,observed high ZT; missing sintering info for high-ZT/error sample; manual review not checked
10.1016_j.mtphys.2021.100497__sample_45593,10.1016/j.mtphys.2021.100497,https://doi.org/10.1016/j.mtphys.2021.100497,,45593,Ge0.86Al0.04Sb0.1Te,unknown,p,11,11,8,11,0.1249785963112946,0.5636663297819275,0.4386877334706328,0.1015218411145388,0.418352787747793,0.3168309466332542,0.1248591624967678,0.4240566487980017,0.2991974863012339,0.1015218411145378,0.4183527877477831,0.3168309466332452,1.599037,1.6425841202899014,0.948033316933384,1.6108015425958673,unknown,no,no,ML_moderately_worse,primary DOI test sample aggregate,p,,high,unknown,unknown,unknown,unknown,unknown,unknown,unknown,,no,unknown,unknown,no,unknown,,,,,False,unknown,True,True,medium,0.1249785963112945,0.1228455656795881,,,,,,,,,,,,,,,,,,,,,,,,,1.0162835747798782,1.0120157589407812,-0.0042678158390969,0.0042678158390969,0.9957412783448872,good,unknown,no,65,B,manual review required; sintering check required later,high observed ZT; important candidate for paper; high predicted ZT,True,True,True,True,True,both_good,material_system_out_of_distribution,missing_additive_or_structure_annotation; possible_sintering_or_microstructure_effect,candidate hypothesis only; no causal mechanism proven,90,A,observed high ZT; ZT_ML false negative; missing sintering info for high-ZT/error sample; manual review not checked
10.1016_j.mtphys.2021.100497__sample_45594,10.1016/j.mtphys.2021.100497,https://doi.org/10.1016/j.mtphys.2021.100497,,45594,Ge0.85Al0.05Sb0.1Te,unknown,p,11,10,5,8,0.0844889930919437,0.8102063850183227,0.725717391926379,0.0665833368466713,0.5463993206908963,0.4798159838442248,0.0916654703656241,0.5352440522376203,0.4435785818719961,0.066480368006449,0.5372006919904668,0.4707203239840177,1.426243,1.6307478824814277,0.7285126283049536,1.5678916405704608,unknown,no,no,ML_moderately_worse,primary DOI test sample aggregate,p,,high,unknown,unknown,unknown,unknown,unknown,unknown,unknown,,no,unknown,unknown,no,unknown,,,,,False,unknown,True,True,medium,0.0844889930919437,0.0839285875186546,,,,,,,,,,,,,,,,,,,,,,,,,1.272436309055745,1.0120157589407812,-0.2604205501149637,0.2604205501149637,0.770727388145973,moderate_error,unknown,no,65,B,manual review required; sintering check required later,high observed ZT; important candidate for paper; high predicted ZT,True,True,True,True,True,not_evaluable,not_evaluable,missing_additive_or_structure_annotation; possible_sintering_or_microstructure_effect,candidate hypothesis only; no causal mechanism proven,90,A,observed high ZT; ZT_ML false negative; missing sintering info for high-ZT/error sample; manual review not checked
10.1016_j.mtphys.2021.100497__sample_45595,10.1016/j.mtphys.2021.100497,https://doi.org/10.1016/j.mtphys.2021.100497,,45595,Ge0.76Pb0.1Sb0.1Te,unknown,p,11,10,8,9,0.460112771076639,1.2887423878859163,0.8286296168092773,0.4632109307097948,2.595829849386246,2.1326189186764517,0.4687341640443389,2.68550475750219,2.216770593457852,0.4544770964242821,2.424417970056775,1.9699408736324928,1.825997,1.5673773857808042,5.2237291920260445,1.899375762912152,unknown,no,no,ML_much_worse,primary DOI test sample aggregate,p,,high,unknown,unknown,unknown,unknown,unknown,unknown,unknown,,no,unknown,unknown,no,unknown,,,,,False,unknown,True,True,medium,0.4601127710766394,0.7327602975131954,,,,,,,,,,,,,,,,,,,,,,,,,-0.7371605267275902,0.9732052000405608,1.7103657267681511,1.7103657267681511,5.530983936647606,large_over_prediction,unknown,no,65,B,manual review required; sintering check required later,high observed ZT; important candidate for paper; high predicted ZT,True,True,True,True,True,fitting_good_ML_bad,tau_eff_ML_prediction_error,missing_additive_or_structure_annotation; possible_sintering_or_microstructure_effect,candidate hypothesis only; no causal mechanism proven,120,A,ML much worse than fitting; observed high ZT; missing additive info and ML bad; missing structure info and ML bad; missing sintering info for high-ZT/error sample; manual review not checked
10.1016_j.mtphys.2021.100497__sample_45596,10.1016/j.mtphys.2021.100497,https://doi.org/10.1016/j.mtphys.2021.100497,,45596,Ge0.75Al0.01Pb0.1Sb0.1Te,unknown,p,11,10,8,8,0.5932081385060187,1.26000503024418,0.6667968917381611,0.643322448508891,2.5814933272925105,1.93817087878362,0.681387217951474,2.4097755872727946,1.728388369321321,0.6441479710246191,2.230737242103962,1.5865892710793434,2.052957,1.4069397144331828,4.276115127689025,2.1350468721826936,unknown,no,no,ML_much_worse,primary DOI test sample aggregate,p,,high,unknown,unknown,unknown,unknown,unknown,unknown,unknown,,no,unknown,unknown,no,unknown,,,,,False,unknown,True,True,low,0.5932081385060187,0.8538512337669752,,,,,,,,,,,,,,,,,,,,,,,,,-0.6217672030580171,1.088394287488118,1.710161490546135,1.710161490546135,5.529854424731903,large_over_prediction,unknown,no,65,B,manual review required; sintering check required later,high observed ZT; important candidate for paper; high predicted ZT,True,True,True,True,True,both_poor,missing_additive_or_structure_annotation,possible_sintering_or_microstructure_effect; tau_eff_ML_prediction_error,candidate hypothesis only; no causal mechanism proven,120,A,ML much worse than fitting; observed high ZT; missing additive info and ML bad; missing structure info and ML bad; missing sintering info for high-ZT/error sample; manual review not checked
10.1016_j.mtphys.2021.100497__sample_45597,10.1016/j.mtphys.2021.100497,https://doi.org/10.1016/j.mtphys.2021.100497,,45597,Ge0.745Al0.015Pb0.1Sb0.1Te,unknown,p,11,8,3,5,0.4762634301227748,0.8798433179280608,0.403579887805286,0.4488605459787739,1.244074536974748,0.7952139909959742,0.3669533687497635,1.3362876568480078,0.9693342880982444,0.4234420419672752,1.445817184319777,1.0223751423525016,2.156121,1.6525942245025231,3.463022729784889,2.141363964284315,unknown,no,no,ML_much_worse,primary DOI test sample aggregate,p,,high,unknown,unknown,unknown,unknown,unknown,unknown,unknown,,no,unknown,unknown,no,unknown,,,,,False,unknown,True,True,medium,0.4762634301227748,0.5734977061756228,,,,,,,,,,,,,,,,,,,,,,,,,-0.249934734957164,1.088394287488118,1.338329022445282,1.338329022445282,3.812667298121592,large_over_prediction,unknown,no,65,B,manual review required; sintering check required later,high observed ZT; important candidate for paper; high predicted ZT,True,True,True,True,True,fitting_good_ML_bad,tau_eff_ML_prediction_error,missing_additive_or_structure_annotation; possible_sintering_or_microstructure_effect,candidate hypothesis only; no causal mechanism proven,120,A,ML much worse than fitting; observed high ZT; missing additive info and ML bad; missing structure info and ML bad; missing sintering info for high-ZT/error sample; manual review not checked
10.1016_j.mtphys.2021.100497__sample_45598,10.1016/j.mtphys.2021.100497,https://doi.org/10.1016/j.mtphys.2021.100497,,45598,Ge0.74Al0.02Pb0.1Sb0.1Te,unknown,p,11,10,10,10,0.343533258822628,0.3965190218005622,0.0529857629779342,0.321911498592587,0.4414586896215689,0.1195471910289819,0.3148891755109723,0.432972267119974,0.1180830916090017,0.3219114985925763,0.4414586896215542,0.1195471910289779,2.22971,1.852100112319748,2.257687331665966,2.257485731723264,unknown,no,no,ML_moderately_worse,primary DOI test sample aggregate,p,,high,unknown,unknown,unknown,unknown,unknown,unknown,unknown,,no,unknown,unknown,no,unknown,,,,,False,unknown,True,True,medium,0.343533258822628,0.3714608531008329,,,,,,,,,,,,,,,,,,,,,,,,,0.2918399898814163,1.088394287488118,0.7965542976067017,0.7965542976067017,2.217885573400707,large_over_prediction,unknown,no,65,B,manual review required; sintering check required later,high observed ZT; important candidate for paper; high predicted ZT,True,True,True,True,True,both_good,material_system_out_of_distribution,missing_additive_or_structure_annotation; possible_sintering_or_microstructure_effect,candidate hypothesis only; no causal mechanism proven,60,B,observed high ZT; missing sintering info for high-ZT/error sample; manual review not checked
10.1016_j.mtphys.2021.100497__sample_45599,10.1016/j.mtphys.2021.100497,https://doi.org/10.1016/j.mtphys.2021.100497,,45599,Ge0.73Al0.03Pb0.1Sb0.1Te,unknown,p,11,10,9,9,0.2787769963494015,0.279624207806615,0.0008472114572135,0.279280439893439,0.2732715381234283,-0.0060089017700107,0.3372680617891638,0.3324021467191771,-0.0048659150699866,0.2911930832950347,0.2873185015956639,-0.0038745816993707,2.069919,1.5735048539443552,1.5396498653687234,1.919464834759256,unknown,no,no,ML_close_to_fitting,primary DOI test sample aggregate,p,,high,unknown,unknown,unknown,unknown,unknown,unknown,unknown,,no,unknown,unknown,no,unknown,,,,,False,unknown,True,True,medium,0.2787769963494015,0.3324264765487413,,,,,,,,,,,,,,,,,,,,,,,,,0.5116112754680806,1.088394287488118,0.5767830120200375,0.5767830120200375,1.780301998550516,large_over_prediction,unknown,no,65,B,manual review required; sintering check required later,high observed ZT; important candidate for paper; high predicted ZT,True,True,True,True,True,both_good,material_system_out_of_distribution,missing_additive_or_structure_annotation; possible_sintering_or_microstructure_effect,candidate hypothesis only; no causal mechanism proven,60,B,observed high ZT; missing sintering info for high-ZT/error sample; manual review not checked
10.1016_j.mtphys.2021.100497__sample_45600,10.1016/j.mtphys.2021.100497,https://doi.org/10.1016/j.mtphys.2021.100497,,45600,Ge0.72Al0.04Pb0.1Sb0.1Te,unknown,p,11,10,6,9,0.2485975360802577,0.3272305688622569,0.0786330327819992,0.2419020146288428,0.2185380036971902,-0.0233640109316525,0.2830906357718096,0.2502305423940745,-0.0328600933777351,0.2405709419581816,0.2413148800552028,0.0007439380970211,1.114168,1.4043345125410471,1.135161177476659,1.6365086724767142,unknown,no,no,ML_close_to_fitting,primary DOI test sample aggregate,p,,high,unknown,unknown,unknown,unknown,unknown,unknown,unknown,,no,unknown,unknown,no,unknown,,,,,False,unknown,True,True,medium,0.2485975360802577,0.3182861251760335,,,,,,,,,,,,,,,,,,,,,,,,,0.7026496701501359,1.088394287488118,0.3857446173379821,0.3857446173379821,1.4707090292636682,moderate_error,unknown,no,65,B,manual review required; sintering check required later,high observed ZT; important candidate for paper; high predicted ZT,True,True,True,True,True,both_good,material_system_out_of_distribution,missing_additive_or_structure_annotation; possible_sintering_or_microstructure_effect,candidate hypothesis only; no causal mechanism proven,60,B,observed high ZT; missing sintering info for high-ZT/error sample; manual review not checked
10.1016_j.nanoen.2015.07.012__sample_14067,10.1016/j.nanoen.2015.07.012,https://doi.org/10.1016/j.nanoen.2015.07.012,,14067,Cu2Se,unknown,p,21,19,18,19,0.3594884934523017,0.3761544072869378,0.016665913834636,0.341252034180563,0.3994351863018086,0.0581831521212456,0.3542926318643129,0.4216222362320974,0.0673296043677845,0.3412520341805423,0.3994351863017917,0.0581831521212494,1.822264,3.5572309907434425,3.9737412958220326,1.9175615389338163,unknown,no,no,ML_close_to_fitting,primary DOI test sample aggregate,p,,high,unknown,unknown,unknown,unknown,unknown,unknown,unknown,,no,unknown,unknown,no,unknown,,,,,False,unknown,True,True,medium,0.3594884934523017,0.6891470609755902,,,,,,,,,,,,,,,,,,,,,,,,,-0.2020587063856622,0.7733776850017701,0.9754363913874322,0.9754363913874322,2.6523244099976,large_over_prediction,unknown,no,65,B,manual review required; sintering check required later,high observed ZT; important candidate for paper; high predicted ZT,True,True,True,True,True,both_good,material_system_out_of_distribution,missing_additive_or_structure_annotation; possible_sintering_or_microstructure_effect,candidate hypothesis only; no causal mechanism proven,60,B,observed high ZT; missing sintering info for high-ZT/error sample; manual review not checked
10.1016_j.nanoen.2016.02.040__sample_3172,10.1016/j.nanoen.2016.02.040,https://doi.org/10.1016/j.nanoen.2016.02.040,,3172,Pb0.98In0.02Te0.9S0.1,unknown,n,7,4,0,1,0.2862559709986851,0.7031091315806958,0.4168531605820106,0.1799391729480265,0.9382660262614506,0.7583268533134241,,,,0.0640284799690726,0.7789602996674668,0.7149318196983943,0.5857406,0.7234682689122511,1.3750646263483686,0.7729597038255454,unknown,no,no,not_evaluated,primary DOI test sample aggregate,n,,high,unknown,unknown,unknown,unknown,unknown,unknown,unknown,,no,unknown,unknown,no,unknown,,,,,False,unknown,True,True,medium,0.2862559709986851,0.3670607659286405,,,,,,,,,,,,,,,,,,,,,,,,,-0.7320343565233005,-0.6551229914828133,0.0769113650404872,0.0769113650404872,1.0799463511492515,good,unknown,no,10,low,insufficient ZT evaluation rows,,True,True,True,True,True,not_evaluable,not_evaluable,missing_additive_or_structure_annotation,candidate hypothesis only; no causal mechanism proven,35,C,ZT_ML false positive; manual review not checked
10.1016_j.nanoen.2016.02.040__sample_3174,10.1016/j.nanoen.2016.02.040,https://doi.org/10.1016/j.nanoen.2016.02.040,,3174,Pb0.98In0.02Te0.7S0.3,unknown,n,7,4,0,2,0.4031412357786066,0.5668096072398361,0.1636683714612294,0.3358754813409166,0.8492842709519104,0.5134087896109938,,,,0.4182721430758013,0.83152250463393,0.4132503615581286,0.5029935,1.267826227086912,1.888416378645568,0.8973705838150012,unknown,no,no,not_evaluated,primary DOI test sample aggregate,n,,high,unknown,unknown,unknown,unknown,unknown,unknown,unknown,,no,unknown,unknown,no,unknown,,,,,False,unknown,True,True,medium,0.403141235778607,0.631493517746822,,,,,,,,,,,,,,,,,,,,,,,,,-0.4882698151039949,-0.6551229914828133,-0.1668531763788183,0.1668531763788183,0.8463238625496506,good,unknown,no,75,B,predicted high ZT false positive; insufficient ZT evaluation rows; manual review required; sintering check required later,high-ZT false positive; important candidate for paper; high predicted ZT; carried from Step14,True,True,True,True,True,not_evaluable,not_evaluable,missing_additive_or_structure_annotation,candidate hypothesis only; no causal mechanism proven,35,C,ZT_ML false positive; manual review not checked
10.1016_j.nanoen.2019.104394__sample_34182,10.1016/j.nanoen.2019.104394,https://doi.org/10.1016/j.nanoen.2019.104394,,34182,Bi2O1.98Te0.02Se,unknown,n,10,7,1,4,0.2282964895157116,0.6040500786173489,0.3757535891016372,0.197036271346877,0.7934843416052192,0.5964480702583421,0.5278297252275537,1.6727161798854473,1.1448864546578936,0.2419376868663305,0.7918155851095264,0.5498778982431959,0.6123821,0.9356155755772724,1.636723546942228,0.6105477662478597,unknown,no,no,ML_much_worse,primary DOI test sample aggregate,n,,high,unknown,unknown,unknown,unknown,unknown,unknown,unknown,,no,unknown,unknown,no,unknown,,,,,False,unknown,True,True,medium,0.2282964895157116,0.465137633402703,,,,,,,,,,,,,,,,,,,,,,,,,-0.814051754760254,-0.7221755131282477,0.0918762416320063,0.0918762416320063,1.0962291461553992,good,unknown,no,10,low,no major issue,,True,True,True,True,True,both_poor,missing_additive_or_structure_annotation,possible_sintering_or_microstructure_effect,candidate hypothesis only; no causal mechanism proven,115,A,ML much worse than fitting; ZT_ML false positive; missing additive info and ML bad; missing structure info and ML bad; missing sintering info for high-ZT/error sample; manual review not checked
10.1016_j.nanoen.2019.104394__sample_34183,10.1016/j.nanoen.2019.104394,https://doi.org/10.1016/j.nanoen.2019.104394,,34183,Bi2O1.96Te0.04Se,unknown,n,10,4,1,3,0.2042961844536279,0.5192691746703173,0.3149729902166894,0.1148322490336421,0.5740403556859724,0.4592081066523303,0.0167069437687461,0.5849365329645205,0.5682295891957744,0.1088786295293118,0.6327263434613569,0.5238477139320451,0.6962264,0.6951086118633758,1.1204218583044867,0.5877150547581085,unknown,no,no,ML_much_worse,primary DOI test sample aggregate,n,,high,unknown,unknown,unknown,unknown,unknown,unknown,unknown,,no,unknown,unknown,no,unknown,,,,,False,unknown,True,True,medium,0.2042961844536279,0.4415047557314173,,,,,,,,,,,,,,,,,,,,,,,,,-0.7321971949249646,-0.7221755131282477,0.0100216817967169,0.0100216817967169,1.010072067023979,good,unknown,no,10,low,no major issue,,True,True,True,True,True,both_poor,missing_additive_or_structure_annotation,possible_sintering_or_microstructure_effect,candidate hypothesis only; no causal mechanism proven,115,A,ML much worse than fitting; ZT_ML false positive; missing additive info and ML bad; missing structure info and ML bad; missing sintering info for high-ZT/error sample; manual review not checked
10.1016_j.nanoen.2019.104394__sample_34184,10.1016/j.nanoen.2019.104394,https://doi.org/10.1016/j.nanoen.2019.104394,,34184,Bi2O1.94Te0.06Se,unknown,n,10,7,3,4,0.2281738130472677,0.835087217125442,0.6069134040781743,0.2168817050413078,1.4569954494285358,1.240113744387228,0.1875038676977799,1.520039129374787,1.3325352616770072,0.1541033000107562,1.478918331292593,1.324815031281837,0.3682783,0.5114153700440668,1.1419497364607012,0.349275262683863,unknown,no,no,ML_much_worse,primary DOI test sample aggregate,n,,high,unknown,unknown,unknown,unknown,unknown,unknown,unknown,,no,unknown,unknown,no,unknown,,,,,False,unknown,True,True,medium,0.2281738130472677,0.4281846496719168,,,,,,,,,,,,,,,,,,,,,,,,,-1.0581150101679877,-0.7221755131282477,0.33593949703974,0.33593949703974,1.3992543632186862,moderate_error,unknown,no,0,low,no major issue,,True,True,True,True,True,fitting_good_ML_bad,insufficient_material_features,missing_additive_or_structure_annotation; possible_sintering_or_microstructure_effect,candidate hypothesis only; no causal mechanism proven,115,A,ML much worse than fitting; ZT_ML false positive; missing additive info and ML bad; missing structure info and ML bad; missing sintering info for high-ZT/error sample; manual review not checked
10.1016_j.nanoen.2020.104740__sample_33417,10.1016/j.nanoen.2020.104740,https://doi.org/10.1016/j.nanoen.2020.104740,,33417,GeTe,unknown,p,13,5,2,3,0.3763897302026249,0.8640381819279335,0.4876484517253086,0.3637081182161398,0.5688020631462272,0.2050939449300873,0.3623652371883601,0.4848375740119954,0.1224723368236352,0.3205790961078682,0.4564132568128051,0.1358341607049369,0.8270953,1.203999913951376,0.5531648401341894,0.894851524088827,unknown,no,no,ML_moderately_worse,primary DOI test sample aggregate,p,,high,unknown,unknown,unknown,unknown,unknown,unknown,unknown,,no,unknown,unknown,no,unknown,,,,,False,unknown,True,True,medium,0.376389730202625,0.5032256103194984,,,,,,,,,,,,,,,,,,,,,,,,,1.84931073653342,1.6451320951512611,-0.2041786413821589,0.2041786413821589,0.8153167088732514,good,unknown,no,75,B,predicted high ZT false positive; manual review required; sintering check required later,high-ZT false positive; important candidate for paper; high predicted ZT; carried from Step14,True,True,True,True,True,both_good,material_system_out_of_distribution,missing_additive_or_structure_annotation,candidate hypothesis only; no causal mechanism proven,10,low,manual review not checked
10.1016_j.nanoen.2020.104740__sample_33420,10.1016/j.nanoen.2020.104740,https://doi.org/10.1016/j.nanoen.2020.104740,,33420,Ge0.97Ti0.03Te,unknown,p,13,8,3,6,0.2471115794150731,0.8126132280558738,0.5655016486408007,0.2760893992650954,0.4731764979777163,0.1970870987126208,0.3698232078835207,0.3683675264741053,-0.0014556814094153,0.3061255769375968,0.4628151349498379,0.156689558012241,1.279376,1.782758909966147,0.8220392336191136,1.2743492833929146,unknown,no,no,ML_close_to_fitting,primary DOI test sample aggregate,p,,high,unknown,unknown,unknown,unknown,unknown,unknown,unknown,,no,unknown,unknown,no,unknown,,,,,False,unknown,True,True,medium,0.2471115794150731,0.3916131578908887,,,,,,,,,,,,,,,,,,,,,,,,,1.4045585002222472,0.8874425684522511,-0.517115931769996,0.517115931769996,0.5962376607396489,large_under_prediction,unknown,no,65,B,manual review required; sintering check required later,high observed ZT; important candidate for paper; high predicted ZT,True,True,True,True,True,both_good,material_system_out_of_distribution,missing_additive_or_structure_annotation; possible_sintering_or_microstructure_effect,candidate hypothesis only; no causal mechanism proven,90,A,observed high ZT; ZT_ML false negative; missing sintering info for high-ZT/error sample; manual review not checked
10.1016_j.nanoen.2020.104740__sample_33423,10.1016/j.nanoen.2020.104740,https://doi.org/10.1016/j.nanoen.2020.104740,,33423,Ge0.93Ti0.03Sb0.04Te,unknown,p,13,9,6,8,0.1961765557812619,0.5479967806828561,0.3518202249015941,0.1396570204352548,0.3954021920754595,0.2557451716402047,0.2050904535278388,0.3571523769627411,0.1520619234349023,0.1410510464587374,0.3851338612126449,0.2440828147539075,1.600878,2.261015823039628,1.355452512460341,1.719082483160949,unknown,no,no,ML_moderately_worse,primary DOI test sample aggregate,p,,high,unknown,unknown,unknown,unknown,unknown,unknown,unknown,,no,unknown,unknown,no,unknown,,,,,False,unknown,True,True,medium,0.1961765557812619,0.2423352341703323,,,,,,,,,,,,,,,,,,,,,,,,,0.9783260924303188,1.0120157589407812,0.0336896665104624,0.0336896665104624,1.0342635902905424,good,unknown,no,65,B,manual review required; sintering check required later,high observed ZT; important candidate for paper; high predicted ZT,True,True,True,True,True,both_good,material_system_out_of_distribution,missing_additive_or_structure_annotation; possible_sintering_or_microstructure_effect,candidate hypothesis only; no causal mechanism proven,60,B,observed high ZT; missing sintering info for high-ZT/error sample; manual review not checked
10.1016_j.nanoen.2020.104740__sample_33424,10.1016/j.nanoen.2020.104740,https://doi.org/10.1016/j.nanoen.2020.104740,,33424,Ge0.91Ti0.03Sb0.06Te,unknown,p,13,9,3,7,0.0725177063147661,0.2556967858055672,0.183179079490801,0.0470215588945581,0.2111046681366987,0.1640831092421406,0.1080148185365596,0.2501309307505329,0.1421161122139732,0.0517203489419715,0.2149769548498521,0.1632566059078806,1.958661,2.128261800731428,1.66547047834953,1.9262653517720565,unknown,no,no,ML_moderately_worse,primary DOI test sample aggregate,p,,high,unknown,unknown,unknown,unknown,unknown,unknown,unknown,,no,unknown,unknown,no,unknown,,,,,False,unknown,True,True,medium,0.0725177063147661,0.0953524749624832,,,,,,,,,,,,,,,,,,,,,,,,,0.7118451945014453,1.0120157589407812,0.3001705644393359,0.3001705644393359,1.3500890651230164,moderate_error,unknown,no,65,B,manual review required; sintering check required later,high observed ZT; important candidate for paper; high predicted ZT,True,True,True,True,True,both_good,material_system_out_of_distribution,missing_additive_or_structure_annotation; possible_sintering_or_microstructure_effect,candidate hypothesis only; no causal mechanism proven,60,B,observed high ZT; missing sintering info for high-ZT/error sample; manual review not checked
10.1016_j.nanoen.2020.104740__sample_33425,10.1016/j.nanoen.2020.104740,https://doi.org/10.1016/j.nanoen.2020.104740,,33425,Ge0.89Ti0.03Sb0.08Te,unknown,p,13,8,7,7,0.2454483328562144,0.2719291486677992,0.0264808158115847,0.2202334864606654,0.1926942527106378,-0.0275392337500275,0.2244956697650537,0.2040109802077134,-0.0204846895573403,0.223536928826015,0.206306229138416,-0.017230699687599,2.185198,1.9768637486760747,2.2223408802034865,2.1601225779018645,unknown,no,no,ML_close_to_fitting,primary DOI test sample aggregate,p,,high,unknown,unknown,unknown,unknown,unknown,unknown,unknown,,no,unknown,unknown,no,unknown,,,,,False,unknown,True,True,medium,0.2454483328562144,0.3407519950782844,,,,,,,,,,,,,,,,,,,,,,,,,0.3495977897343208,1.0120157589407812,0.6624179692064605,0.6624179692064605,1.9394762632032363,large_over_prediction,unknown,no,65,B,manual review required; sintering check required later,high observed ZT; important candidate for paper; high predicted ZT,True,True,True,True,True,both_good,material_system_out_of_distribution,missing_additive_or_structure_annotation; possible_sintering_or_microstructure_effect,candidate hypothesis only; no causal mechanism proven,60,B,observed high ZT; missing sintering info for high-ZT/error sample; manual review not checked
10.1016_j.physb.2019.411797__sample_35161,10.1016/j.physb.2019.411797,https://doi.org/10.1016/j.physb.2019.411797,,35161,Pb1.3Se,unknown,n,14,14,14,14,0.6020976642447419,0.6507057894900333,0.0486081252452914,0.5651293827021439,0.7588612763316233,0.1937318936294794,0.5443333811159111,0.5887103923410255,0.0443770112251143,0.5651293827021182,0.7588612763315827,0.1937318936294645,1.230895,1.0247945170459687,1.3116214709687215,0.5188901138367102,unknown,no,no,ML_close_to_fitting,primary DOI test sample aggregate,n,,high,unknown,unknown,unknown,unknown,unknown,unknown,unknown,,no,unknown,unknown,no,unknown,,,,,False,unknown,True,True,low,0.6020976642447419,0.9813793181370898,,,,,,,,,,,,,,,,,,,,,,,,,-0.7318222048628203,-0.2170995306772465,0.5147226741855738,0.5147226741855738,1.6731744229904544,large_over_prediction,unknown,no,105,A,manual review required; sintering check required later,high observed ZT; large ZT prediction error; important candidate for paper; high predicted ZT; carried from Step14,True,True,True,True,True,not_evaluable,not_evaluable,missing_additive_or_structure_annotation; possible_sintering_or_microstructure_effect,candidate hypothesis only; no causal mechanism proven,60,B,observed high ZT; missing sintering info for high-ZT/error sample; manual review not checked
10.1016_j.scriptamat.2018.05.026__sample_39767,10.1016/j.scriptamat.2018.05.026,https://doi.org/10.1016/j.scriptamat.2018.05.026,,39767,Bi0.4Sb1.6Te3,unknown,p,10,10,1,1,0.1224188275466421,0.1630963802672802,0.0406775527206381,0.1114462216654422,0.1096375516067551,-0.001808670058687,0.1434100686112818,0.2309232549383382,0.0875131863270564,0.145678912066374,0.2329603028600525,0.0872813907936784,1.079542,0.9247248077112395,0.8302506475173564,1.0824089686793303,unknown,no,no,ML_close_to_fitting,primary DOI test sample aggregate,p,existing_step6_or_step15,high,unknown,auto_step9,unknown,unknown,auto_step9,unknown,unknown,,no,unknown,unknown,no,unknown,yes,yes,yes,yes,False,unknown,True,True,medium,0.1224188275466421,0.1769849076469584,p,existing_step6_or_step15,high,unknown,auto_step9,unknown,unknown,auto_step9,unknown,unknown,,no,unknown,unknown,no,not_checked,yes,yes,yes,yes,False,unknown,True,True,0.2678654720947721,6.011428478179339e-05,-0.2678053578099902,0.2678053578099902,0.7650566789189618,moderate_error,not_checked,no,100,A,observed high ZT missed; manual review required; sintering check required later,high observed ZT; high-ZT false negative; important candidate for paper; carried from Step14,True,True,True,True,True,both_good,material_system_out_of_distribution,missing_additive_or_structure_annotation; possible_sintering_or_microstructure_effect,candidate hypothesis only; no causal mechanism proven,90,A,observed high ZT; ZT_ML false negative; missing sintering info for high-ZT/error sample; manual review not checked
10.1016_j.scriptamat.2018.05.026__sample_39768,10.1016/j.scriptamat.2018.05.026,https://doi.org/10.1016/j.scriptamat.2018.05.026,,39768,Bi0.4Sb1.59Ge0.01Te3,unknown,p,10,10,6,7,0.1167080086770055,0.1477342673140954,0.0310262586370898,0.1054694348467144,0.1376457260393299,0.0321762911926155,0.0768697099495954,0.1211640561933623,0.0442943462437669,0.0915784294653416,0.1454861969493795,0.0539077674840378,1.478817,1.3750328876279718,1.505397821872251,1.4779111451536402,unknown,no,no,ML_close_to_fitting,primary DOI test sample aggregate,p,,high,unknown,unknown,unknown,unknown,unknown,unknown,unknown,,no,unknown,unknown,no,unknown,,,,,False,unknown,True,True,medium,0.1167080086770052,0.1644662591591446,,,,,,,,,,,,,,,,,,,,,,,,,0.3815686677958499,0.1233199751966935,-0.2582486925991564,0.2582486925991564,0.7724031172803176,moderate_error,unknown,no,65,B,manual review required; sintering check required later,high observed ZT; important candidate for paper; high predicted ZT,True,True,True,True,True,both_good,material_system_out_of_distribution,missing_additive_or_structure_annotation; possible_sintering_or_microstructure_effect,candidate hypothesis only; no causal mechanism proven,60,B,observed high ZT; missing sintering info for high-ZT/error sample; manual review not checked
10.1016_j.scriptamat.2018.05.026__sample_39769,10.1016/j.scriptamat.2018.05.026,https://doi.org/10.1016/j.scriptamat.2018.05.026,,39769,Bi0.4Sb1.585Ge0.015Te3,unknown,p,10,10,1,1,0.1389460072319506,0.1389460164002304,9.16827980201873e-09,0.1255992145142434,0.1256156497628749,1.6435248631513355e-05,0.1900746644043362,0.190033781860176,-4.088254416020898e-05,0.1882295352668296,0.1881885595862158,-4.097568061381396e-05,1.336809,1.0827154779523036,1.08277013010528,1.3337704745247083,unknown,no,no,ML_close_to_fitting,primary DOI test sample aggregate,p,,high,unknown,unknown,unknown,unknown,unknown,unknown,unknown,,no,unknown,unknown,no,unknown,,,,,False,unknown,True,True,medium,0.1389460072319506,0.2046319205415652,,,,,,,,,,,,,,,,,,,,,,,,,0.4720977397736011,0.1233199751966935,-0.3487777645769075,0.3487777645769075,0.7055499110311806,moderate_error,unknown,no,75,B,manual review required; sintering check required later,high observed ZT; important candidate for paper; high predicted ZT,True,True,True,True,True,both_good,material_system_out_of_distribution,missing_additive_or_structure_annotation; possible_sintering_or_microstructure_effect,candidate hypothesis only; no causal mechanism proven,60,B,observed high ZT; missing sintering info for high-ZT/error sample; manual review not checked
10.1016_j.scriptamat.2018.09.010__sample_42840,10.1016/j.scriptamat.2018.09.010,https://doi.org/10.1016/j.scriptamat.2018.09.010,,42840,Cu2Sn0.90Fe0.10Se3,unknown,p,22,16,2,3,0.2424188807780824,1.499444765055091,1.2570258842770086,0.1839273911803375,0.7643585302803022,0.5804311390999647,0.5467510151524444,0.6478021458449514,0.101051130692507,0.3584002471349684,0.710427360814781,0.3520271136798126,1.07,1.7165575314411723,0.390863088619136,0.9285721580589577,unknown,no,no,ML_moderately_worse,primary DOI test sample aggregate,p,,high,unknown,unknown,unknown,unknown,unknown,unknown,unknown,,no,unknown,unknown,no,unknown,,,,,False,unknown,True,True,medium,0.2424188807780824,0.5364578198822054,,,,,,,,,,,,,,,,,,,,,,,,,1.278809253676486,1.0076364559171036,-0.2711727977593823,0.2711727977593823,0.7624847293680708,moderate_error,unknown,no,75,B,manual review required; sintering check required later,high observed ZT; important candidate for paper; high predicted ZT,True,True,True,True,True,fitting_good_ML_bad,insufficient_material_features,missing_additive_or_structure_annotation; possible_sintering_or_microstructure_effect,candidate hypothesis only; no causal mechanism proven,90,A,observed high ZT; ZT_ML false negative; missing sintering info for high-ZT/error sample; manual review not checked
10.1016_j.scriptamat.2018.09.010__sample_42841,10.1016/j.scriptamat.2018.09.010,https://doi.org/10.1016/j.scriptamat.2018.09.010,,42841,Cu2Sn0.85Fe0.15Se3,unknown,p,22,14,2,2,0.4141924463985861,1.838079461415568,1.4238870150169818,0.4625028646346614,0.805275356587714,0.3427724919530526,0.9310538331391222,0.6778501951735338,-0.2532036379655883,0.8912961686493855,0.6844828035637951,-0.2068133650855904,0.7316667,2.0272235747876715,0.338193409085768,0.7841622822259393,unknown,no,no,ML_better_than_fitting,primary DOI test sample aggregate,p,,high,unknown,unknown,unknown,unknown,unknown,unknown,unknown,,no,unknown,unknown,no,unknown,,,,,False,unknown,True,True,low,0.4141924463985861,0.9359226396465196,,,,,,,,,,,,,,,,,,,,,,,,,1.5898949569829286,1.0076364559171036,-0.582258501065825,0.582258501065825,0.5586352624057122,large_under_prediction,unknown,no,75,B,predicted high ZT false positive; manual review required; sintering check required later,high-ZT false positive; important candidate for paper; high predicted ZT; carried from Step14,True,True,True,True,True,not_evaluable,not_evaluable,missing_additive_or_structure_annotation,candidate hypothesis only; no causal mechanism proven,10,low,manual review not checked
10.1016_j.scriptamat.2018.09.010__sample_42842,10.1016/j.scriptamat.2018.09.010,https://doi.org/10.1016/j.scriptamat.2018.09.010,,42842,Cu2Sn0.80Fe0.20Se3,unknown,p,22,17,2,4,0.3500008756089239,1.647102689198496,1.297101813589572,0.3521600644206205,0.770247101205477,0.4180870367848565,1.2312229997203312,0.5537770623597486,-0.6774459373605827,0.6686880922098397,0.6788809371935863,0.0101928449837466,0.8733333,1.990597863243751,0.3981002465053337,0.8465427351963736,unknown,no,no,ML_better_than_fitting,primary DOI test sample aggregate,p,,high,unknown,unknown,unknown,unknown,unknown,unknown,unknown,,no,unknown,unknown,no,unknown,,,,,False,unknown,True,True,medium,0.3500008756089239,0.787803466283794,,,,,,,,,,,,,,,,,,,,,,,,,1.4085769234848096,1.0076364559171036,-0.4009404675677059,0.4009404675677059,0.6696899281215345,moderate_error,unknown,no,100,A,large ZT error vs observed ZT; predicted high ZT false positive; manual review required; sintering check required later,high-ZT false positive; important candidate for paper; high predicted ZT; carried from Step14,True,True,True,True,True,fitting_good_ML_bad,insufficient_material_features,missing_additive_or_structure_annotation,candidate hypothesis only; no causal mechanism proven,10,low,manual review not checked
10.1016_j.scriptamat.2018.09.015__sample_41871,10.1016/j.scriptamat.2018.09.015,https://doi.org/10.1016/j.scriptamat.2018.09.015,,41871,Co4Sb11.5Te0.5,unknown,n,20,20,20,20,0.0948913109828623,0.6498819391363978,0.5549906281535355,0.0760481295285626,0.4718124457323737,0.3957643162038111,0.0756249876589721,0.472915601278378,0.3972906136194059,0.0760481295285654,0.4718124457323671,0.3957643162038016,0.8965809,1.1308784999998982,0.5945668261620368,0.8964851367056961,unknown,no,no,ML_moderately_worse,primary DOI test sample aggregate,n,,high,unknown,unknown,unknown,unknown,unknown,unknown,unknown,,no,unknown,unknown,no,unknown,,,,,False,unknown,True,True,medium,0.0948913109828622,0.1651128673564646,,,,,,,,,,,,,,,,,,,,,,,,,0.5929578002219972,0.6943107166778195,0.1013529164558223,0.1013529164558223,1.1066671338964909,good,unknown,no,65,B,predicted high ZT false positive; manual review required; sintering check required later,high-ZT false positive; important candidate for paper; high predicted ZT; carried from Step14,True,True,True,True,True,both_good,material_system_out_of_distribution,missing_additive_or_structure_annotation,candidate hypothesis only; no causal mechanism proven,10,low,manual review not checked
10.1016_j.scriptamat.2018.09.015__sample_41872,10.1016/j.scriptamat.2018.09.015,https://doi.org/10.1016/j.scriptamat.2018.09.015,,41872,Co4Sb11.5Te0.5,unknown,n,20,20,20,20,0.0979587622584608,0.6117228105704597,0.513764048311999,0.0784482775861549,0.4505861313233558,0.3721378537372008,0.0787037153097699,0.4513539992054656,0.3726502838956956,0.0784482775861565,0.4505861313233472,0.3721378537371906,0.9836519,1.2542631272562683,0.6857238616094276,0.9834963544191848,unknown,no,no,ML_moderately_worse,primary DOI test sample aggregate,n,,high,unknown,unknown,unknown,unknown,unknown,unknown,unknown,,no,unknown,unknown,no,unknown,,,,,False,unknown,True,True,medium,0.0979587622584608,0.1729115653165811,,,,,,,,,,,,,,,,,,,,,,,,,0.5538693910225103,0.6943107166778195,0.1404413256553092,0.1404413256553092,1.1507815562302297,good,unknown,no,65,B,predicted high ZT false positive; manual review required; sintering check required later,high-ZT false positive; important candidate for paper; high predicted ZT; carried from Step14,True,True,True,True,True,both_good,material_system_out_of_distribution,missing_additive_or_structure_annotation,candidate hypothesis only; no causal mechanism proven,10,low,manual review not checked
10.1016_j.scriptamat.2018.09.015__sample_41873,10.1016/j.scriptamat.2018.09.015,https://doi.org/10.1016/j.scriptamat.2018.09.015,,41873,Co4Sb11.5Te0.5,unknown,n,20,20,20,20,0.082943762697381,0.3110583137141048,0.2281145510167238,0.0682534022937904,0.2564354728116602,0.1881820705178698,0.0693142769979244,0.2505781750473443,0.1812638980494199,0.0682534022937809,0.2564354728116585,0.1881820705178776,1.200355,1.442332288318858,1.068724099058731,1.2058747547255857,unknown,no,no,ML_moderately_worse,primary DOI test sample aggregate,n,,high,unknown,unknown,unknown,unknown,unknown,unknown,unknown,,no,unknown,unknown,no,unknown,,,,,False,unknown,True,True,medium,0.082943762697381,0.1319645068942824,,,,,,,,,,,,,,,,,,,,,,,,,0.2498368159508638,0.6943107166778195,0.4444739007269557,0.4444739007269557,1.5596694389937655,moderate_error,unknown,no,65,B,manual review required; sintering check required later,high observed ZT; important candidate for paper; high predicted ZT,True,True,True,True,True,both_good,material_system_out_of_distribution,missing_additive_or_structure_annotation; possible_sintering_or_microstructure_effect,candidate hypothesis only; no causal mechanism proven,60,B,observed high ZT; missing sintering info for high-ZT/error sample; manual review not checked
10.1016_j.scriptamat.2018.09.015__sample_41874,10.1016/j.scriptamat.2018.09.015,https://doi.org/10.1016/j.scriptamat.2018.09.015,,41874,Co4Sb11.5Te0.5,unknown,n,20,20,20,20,0.0871606381231924,0.3176739787390688,0.2305133406158763,0.0733963465691209,0.2603877469090566,0.1869914003399357,0.0729588574231383,0.264818300211891,0.1918594427887527,0.0733963465691194,0.2603877469090539,0.1869914003399344,1.181792,1.4151426210220466,1.0426311339022538,1.1781471627818478,unknown,no,no,ML_moderately_worse,primary DOI test sample aggregate,n,,high,unknown,unknown,unknown,unknown,unknown,unknown,unknown,,no,unknown,unknown,no,unknown,,,,,False,unknown,True,True,medium,0.0871606381231924,0.1321620128652856,,,,,,,,,,,,,,,,,,,,,,,,,0.255523737645014,0.6943107166778195,0.4387869790328055,0.4387869790328055,1.550824893979737,moderate_error,unknown,no,65,B,manual review required; sintering check required later,high observed ZT; important candidate for paper; high predicted ZT,True,True,True,True,True,both_good,material_system_out_of_distribution,missing_additive_or_structure_annotation; possible_sintering_or_microstructure_effect,candidate hypothesis only; no causal mechanism proven,60,B,observed high ZT; missing sintering info for high-ZT/error sample; manual review not checked
10.1016_j.scriptamat.2019.09.009__sample_35184,10.1016/j.scriptamat.2019.09.009,https://doi.org/10.1016/j.scriptamat.2019.09.009,,35184,Cu2Se,unknown,p,12,8,4,5,0.2142490601105127,0.3684924379237654,0.1542433778132527,0.2056803401845198,0.4608557877115412,0.2551754475270213,0.1740180132679057,0.2348543303626405,0.0608363170947347,0.1591799224389238,0.2983022670374618,0.139122344598538,1.053398,1.1881956730437415,1.603586283351396,1.0553361965266437,unknown,no,no,ML_close_to_fitting,primary DOI test sample aggregate,p,,high,unknown,unknown,unknown,unknown,unknown,unknown,unknown,,no,unknown,unknown,no,unknown,,,,,False,unknown,True,True,medium,0.2142490601105127,0.2610914893897396,,,,,,,,,,,,,,,,,,,,,,,,,-0.3911397269500625,0.7733776850017701,1.164517411951833,1.164517411951833,3.2043761163916424,large_over_prediction,unknown,no,65,B,manual review required; sintering check required later,high observed ZT; important candidate for paper; high predicted ZT,True,True,True,True,True,both_good,material_system_out_of_distribution,missing_additive_or_structure_annotation; possible_sintering_or_microstructure_effect; tau_eff_ML_prediction_error,candidate hypothesis only; no causal mechanism proven,60,B,observed high ZT; missing sintering info for high-ZT/error sample; manual review not checked
10.1016_j.scriptamat.2019.09.009__sample_35185,10.1016/j.scriptamat.2019.09.009,https://doi.org/10.1016/j.scriptamat.2019.09.009,,35185,Cu2Se,unknown,p,12,8,4,5,0.2047285442558375,0.4332706999112563,0.2285421556554188,0.1930576108202481,0.4771217259269125,0.2840641151066643,0.1692210493270999,0.40376785258871,0.2345468032616101,0.1976118685656473,0.542463244789783,0.3448513762241357,1.56068,1.684580257750521,2.4678981093674763,1.5400367621762263,unknown,no,no,ML_moderately_worse,primary DOI test sample aggregate,p,,high,unknown,unknown,unknown,unknown,unknown,unknown,unknown,,no,unknown,unknown,no,unknown,,,,,False,unknown,True,True,medium,0.2047285442558375,0.2620634352430381,,,,,,,,,,,,,,,,,,,,,,,,,-0.4731834871008078,0.7733776850017701,1.2465611721025778,1.2465611721025778,3.4783608826825314,large_over_prediction,unknown,no,65,B,manual review required; sintering check required later,high observed ZT; important candidate for paper; high predicted ZT,True,True,True,True,True,both_good,material_system_out_of_distribution,missing_additive_or_structure_annotation; possible_sintering_or_microstructure_effect; tau_eff_ML_prediction_error,candidate hypothesis only; no causal mechanism proven,60,B,observed high ZT; missing sintering info for high-ZT/error sample; manual review not checked
10.1016_j.scriptamat.2019.09.009__sample_35186,10.1016/j.scriptamat.2019.09.009,https://doi.org/10.1016/j.scriptamat.2019.09.009,,35186,Cu2Se,unknown,p,12,7,3,3,0.2045419950296682,0.3940721209372425,0.1895301259075743,0.1686594332564426,0.3436215407103794,0.1749621074539368,0.1509249939736568,0.425559212093366,0.2746342181197092,0.1697197200957257,0.4218982797305209,0.2521785596347952,1.606796,1.7328557539339684,2.4268696019774096,1.5780691265454054,unknown,no,no,ML_moderately_worse,primary DOI test sample aggregate,p,,high,unknown,unknown,unknown,unknown,unknown,unknown,unknown,,no,unknown,unknown,no,unknown,,,,,False,unknown,True,True,medium,0.2045419950296682,0.2570994184424686,,,,,,,,,,,,,,,,,,,,,,,,,-0.4281645190410643,0.7733776850017701,1.2015422040428343,1.2015422040428343,3.325241170779877,large_over_prediction,unknown,no,65,B,manual review required; sintering check required later,high observed ZT; important candidate for paper; high predicted ZT,True,True,True,True,True,both_good,material_system_out_of_distribution,missing_additive_or_structure_annotation; possible_sintering_or_microstructure_effect; tau_eff_ML_prediction_error,candidate hypothesis only; no causal mechanism proven,60,B,observed high ZT; missing sintering info for high-ZT/error sample; manual review not checked
10.1016_j.scriptamat.2019.09.009__sample_35187,10.1016/j.scriptamat.2019.09.009,https://doi.org/10.1016/j.scriptamat.2019.09.009,,35187,Cu2Se,unknown,p,12,11,4,7,0.2021236807288434,0.3418625622527353,0.1397388815238919,0.1855913724772931,0.3253455044166946,0.1397541319394014,0.2164896956123694,0.3715095841055328,0.1550198884931633,0.187449675523034,0.2851933420613997,0.0977436665383656,1.764563,2.101478425241965,2.7686259618970706,1.5839648484795683,unknown,no,no,ML_moderately_worse,primary DOI test sample aggregate,p,,high,unknown,unknown,unknown,unknown,unknown,unknown,unknown,,no,unknown,unknown,no,unknown,,,,,False,unknown,True,True,medium,0.2021236807288433,0.2670127901774343,,,,,,,,,,,,,,,,,,,,,,,,,-0.3670431396307536,0.7733776850017701,1.1404208246325236,1.1404208246325236,3.1280844632382387,large_over_prediction,unknown,no,65,B,manual review required; sintering check required later,high observed ZT; important candidate for paper; high predicted ZT,True,True,True,True,True,both_good,material_system_out_of_distribution,missing_additive_or_structure_annotation; possible_sintering_or_microstructure_effect; tau_eff_ML_prediction_error,candidate hypothesis only; no causal mechanism proven,60,B,observed high ZT; missing sintering info for high-ZT/error sample; manual review not checked
10.1016_j.scriptamat.2019.09.009__sample_35188,10.1016/j.scriptamat.2019.09.009,https://doi.org/10.1016/j.scriptamat.2019.09.009,,35188,Cu2Se,unknown,p,12,12,8,10,0.2154176120521585,0.3256920040852205,0.1102743920330619,0.1981268843325274,0.3193761406295181,0.1212492562969906,0.2115451862827778,0.4289613506344034,0.2174161643516255,0.1956466044786233,0.3738994829512284,0.178252878472605,1.997573,2.3748485954315965,3.0319598175513733,1.979470734067005,unknown,no,no,ML_moderately_worse,primary DOI test sample aggregate,p,,high,unknown,unknown,unknown,unknown,unknown,unknown,unknown,,no,unknown,unknown,no,unknown,,,,,False,unknown,True,True,medium,0.2154176120521585,0.3067138886409716,,,,,,,,,,,,,,,,,,,,,,,,,-0.3356086229301869,0.7733776850017701,1.108986307931957,1.108986307931957,3.031284047883253,large_over_prediction,unknown,no,65,B,manual review required; sintering check required later,high observed ZT; important candidate for paper; high predicted ZT,True,True,True,True,True,both_good,material_system_out_of_distribution,missing_additive_or_structure_annotation; possible_sintering_or_microstructure_effect; tau_eff_ML_prediction_error,candidate hypothesis only; no causal mechanism proven,60,B,observed high ZT; missing sintering info for high-ZT/error sample; manual review not checked
10.1016_j.scriptamat.2019.09.009__sample_35189,10.1016/j.scriptamat.2019.09.009,https://doi.org/10.1016/j.scriptamat.2019.09.009,,35189,Cu2Se,unknown,p,12,9,8,8,0.2041424876520907,0.3847488521175982,0.1806063644655074,0.1923955361461595,0.4982702376873718,0.3058747015412122,0.1944602334732371,0.4844739486010971,0.29001371512786,0.1935362647409888,0.4806133940417421,0.2870771293007533,1.963592,2.1317482157251497,2.9537259709586703,1.943869253789703,unknown,no,no,ML_moderately_worse,primary DOI test sample aggregate,p,,high,unknown,unknown,unknown,unknown,unknown,unknown,unknown,,no,unknown,unknown,no,unknown,,,,,False,unknown,True,True,medium,0.2041424876520906,0.259805870815229,,,,,,,,,,,,,,,,,,,,,,,,,-0.4174581069366908,0.7733776850017701,1.190835791938461,1.190835791938461,3.28982967176951,large_over_prediction,unknown,no,65,B,manual review required; sintering check required later,high observed ZT; important candidate for paper; high predicted ZT,True,True,True,True,True,both_good,material_system_out_of_distribution,missing_additive_or_structure_annotation; possible_sintering_or_microstructure_effect; tau_eff_ML_prediction_error,candidate hypothesis only; no causal mechanism proven,60,B,observed high ZT; missing sintering info for high-ZT/error sample; manual review not checked
10.1016_j.solidstatesciences.2009.06.007__sample_4811,10.1016/j.solidstatesciences.2009.06.007,https://doi.org/10.1016/j.solidstatesciences.2009.06.007,,4811,(TiO2)0.04Ba0.22Co4Sb12,unknown,n,12,5,0,0,0.1174494818010686,0.7095210570383259,0.5920715752372573,0.0819599418665279,0.5202754361796751,0.4383154943131471,,,,,,,1.094737,,,,unknown,no,no,not_evaluated,primary DOI test sample aggregate,n,,high,unknown,unknown,unknown,unknown,unknown,unknown,unknown,,no,unknown,unknown,no,unknown,,,,,False,unknown,True,True,medium,0.1174494818010686,0.2462763004028125,,,,,,,,,,,,,,,,,,,,,,,,,1.1346219186827748,0.9562022926615772,-0.1784196260211977,0.1784196260211977,0.8365912943462427,good,unknown,no,50,B,insufficient ZT evaluation rows; manual review required; sintering check required later,high observed ZT; important candidate for paper,True,True,True,True,True,not_evaluable,not_evaluable,missing_additive_or_structure_annotation; possible_sintering_or_microstructure_effect,candidate hypothesis only; no causal mechanism proven,90,A,observed high ZT; ZT_ML false negative; missing sintering info for high-ZT/error sample; manual review not checked
10.1016_j.solidstatesciences.2009.06.007__sample_4812,10.1016/j.solidstatesciences.2009.06.007,https://doi.org/10.1016/j.solidstatesciences.2009.06.007,,4812,(TiO2)0.08Ba0.22Co4Sb12,unknown,n,12,4,0,0,0.1170108964713592,0.6844723108845434,0.5674614144131842,0.128339575870735,0.4371124710071165,0.3087728951363814,,,,,,,1.014903,,,,unknown,no,no,not_evaluated,primary DOI test sample aggregate,n,,high,unknown,unknown,unknown,unknown,unknown,unknown,unknown,,no,unknown,unknown,no,unknown,,,,,False,unknown,True,True,medium,0.1170108964713592,0.2502098811997318,,,,,,,,,,,,,,,,,,,,,,,,,1.109285906568226,0.9562022926615772,-0.1530836139066488,0.1530836139066488,0.8580579732325727,good,unknown,no,50,B,insufficient ZT evaluation rows; manual review required; sintering check required later,high observed ZT; important candidate for paper,True,True,True,True,True,not_evaluable,not_evaluable,missing_additive_or_structure_annotation; possible_sintering_or_microstructure_effect,candidate hypothesis only; no causal mechanism proven,90,A,observed high ZT; ZT_ML false negative; missing sintering info for high-ZT/error sample; manual review not checked
10.1016_s1003-6326_11_60931-x__sample_9421,10.1016/s1003-6326(11)60931-x,https://doi.org/10.1016/s1003-6326%2811%2960931-x,,9421,Mg2Si,unknown,n,9,7,2,3,0.285486443467683,0.3735767108164412,0.0880902673487582,0.2654693751772298,0.3082910975503826,0.0428217223731527,7.893542687418531,5.989263372923681,-1.9042793144948504,0.1549171732049414,0.3332472391397552,0.1783300659348138,0.1317901,1.0031085729553004,0.7883236472165914,1.2951401458361558,unknown,no,no,ML_better_than_fitting,primary DOI test sample aggregate,n,,high,unknown,unknown,unknown,unknown,unknown,unknown,unknown,,no,unknown,unknown,no,unknown,,,,,False,unknown,False,False,medium,0.285486443467683,0.3290984396361504,,,,,,,,,,,,,,,,,,,,,,,,,-0.3082949338951633,-1.3768894836670535,-1.0685945497718905,1.0685945497718905,0.3434909377472267,large_under_prediction,unknown,no,90,A,large ZT error vs observed ZT; predicted high ZT false positive; manual review required; sintering check required later,high-ZT false positive; important candidate for paper; high predicted ZT; carried from Step14,True,True,True,True,True,fitting_bad_ML_bad,possible_ZT_observation_or_unit_inconsistency,missing_additive_or_structure_annotation; tau_eff_ML_prediction_error,candidate hypothesis only; no causal mechanism proven,35,C,fitting and ML both poor; manual review not checked
10.1021_acs.chemmater.5b04365__sample_275,10.1021/acs.chemmater.5b04365,https://doi.org/10.1021/acs.chemmater.5b04365,,275,Sn0.96Ca0.07Te1,unknown,p,12,12,2,12,0.4439487319028298,1.216347747675465,0.7723990157726351,0.4149627853770943,0.6455678450679413,0.2306050596908469,0.555441443506392,0.7647732221740495,0.2093317786676575,0.414962785377075,0.6455678450679164,0.2306050596908414,0.800813,1.5926370934313074,0.5132229948837967,0.986212473863556,unknown,no,no,ML_moderately_worse,primary DOI test sample aggregate,p,,high,unknown,unknown,unknown,unknown,unknown,unknown,unknown,,no,unknown,unknown,no,unknown,,,,,False,unknown,True,True,medium,0.4439487319028298,0.69791084181388,,,,,,,,,,,,,,,,,,,,,,,,,1.7657214886642605,1.5745291637334828,-0.1911923249307776,0.1911923249307776,0.8259737175362443,good,unknown,no,75,B,predicted high ZT false positive; manual review required; sintering check required later,high-ZT false positive; important candidate for paper; high predicted ZT; carried from Step14,True,True,True,True,True,not_evaluable,not_evaluable,missing_additive_or_structure_annotation,candidate hypothesis only; no causal mechanism proven,10,low,manual review not checked
10.1021_acs.chemmater.5b04365__sample_279,10.1021/acs.chemmater.5b04365,https://doi.org/10.1021/acs.chemmater.5b04365,,279,Sn1Ca0.03Te1,unknown,p,12,12,2,12,0.530135120133786,1.0176608786874484,0.4875257585536623,0.5134974303292071,0.5203278349111372,0.00683040458193,0.7368907068486782,0.8896234315503997,0.1527327247017215,0.5134974303291849,0.5203278349111258,0.0068304045819408,0.4349593,1.1567277613161426,0.4852570557096753,0.7223382760353169,unknown,no,no,ML_moderately_worse,primary DOI test sample aggregate,p,,high,unknown,unknown,unknown,unknown,unknown,unknown,unknown,,no,unknown,unknown,no,unknown,,,,,False,unknown,True,True,medium,0.530135120133786,0.7752368814228118,,,,,,,,,,,,,,,,,,,,,,,,,1.5019570967563671,1.5745291637334828,0.0725720669771157,0.0725720669771157,1.075270294777661,good,unknown,no,75,B,predicted high ZT false positive; manual review required; sintering check required later,high-ZT false positive; important candidate for paper; high predicted ZT; carried from Step14,True,True,True,True,True,not_evaluable,not_evaluable,missing_additive_or_structure_annotation,candidate hypothesis only; no causal mechanism proven,10,low,manual review not checked
10.1021_acs.chemmater.5b04365__sample_330,10.1021/acs.chemmater.5b04365,https://doi.org/10.1021/acs.chemmater.5b04365,,330,Sn0.94Ca0.09Te1,unknown,p,12,12,1,12,0.4441485589914176,1.1022447432598352,0.6580961842684176,0.409102808677162,0.598766626591475,0.1896638179143129,0.7245778285709875,0.8995654737379658,0.1749876451669783,0.4091028086771637,0.5987666265914593,0.1896638179142955,0.3373984,1.7097958826464674,0.623488438085439,1.1643500436396583,unknown,no,no,ML_moderately_worse,primary DOI test sample aggregate,p,,high,unknown,unknown,unknown,unknown,unknown,unknown,unknown,,no,unknown,unknown,no,unknown,,,,,False,unknown,True,True,medium,0.4441485589914176,0.6703970915866035,,,,,,,,,,,,,,,,,,,,,,,,,1.642084510718383,1.5745291637334828,-0.0675553469849001,0.0675553469849001,0.9346759876866328,good,unknown,no,75,B,predicted high ZT false positive; manual review required; sintering check required later,high-ZT false positive; important candidate for paper; high predicted ZT; carried from Step14,True,True,True,True,True,not_evaluable,not_evaluable,missing_additive_or_structure_annotation,candidate hypothesis only; no causal mechanism proven,10,low,manual review not checked
10.1021_acs.chemmater.5b04365__sample_397,10.1021/acs.chemmater.5b04365,https://doi.org/10.1021/acs.chemmater.5b04365,,397,Sn0.98Ca0.05Te1,unknown,p,12,12,3,12,0.5503925870471875,1.0480600028408678,0.4976674157936802,0.5353401101545275,0.526505478981307,-0.0088346311732205,0.7565924212610252,0.9002336950717692,0.1436412738107439,0.5353401101545204,0.5265054789812761,-0.0088346311732443,0.3699187,1.3325966080887075,0.5461959740024162,0.7095163611965434,unknown,no,no,ML_moderately_worse,primary DOI test sample aggregate,p,,high,unknown,unknown,unknown,unknown,unknown,unknown,unknown,,no,unknown,unknown,no,unknown,,,,,False,unknown,True,True,low,0.5503925870471875,0.8276640454345252,,,,,,,,,,,,,,,,,,,,,,,,,1.5251922733015093,1.5745291637334828,0.0493368904319735,0.0493368904319735,1.0505742195318142,good,unknown,no,65,B,predicted high ZT false positive; manual review required; sintering check required later,high-ZT false positive; important candidate for paper; high predicted ZT; carried from Step14,True,True,True,True,True,not_evaluable,not_evaluable,missing_additive_or_structure_annotation,candidate hypothesis only; no causal mechanism proven,10,low,manual review not checked
10.1021_acs.chemmater.5b04365__sample_400,10.1021/acs.chemmater.5b04365,https://doi.org/10.1021/acs.chemmater.5b04365,,400,Sn1.03Te1,unknown,p,8,5,1,5,0.5287892355527978,1.3817738709007887,0.852984635347991,0.5373105234509599,0.6471049912435167,0.1097944677925568,0.4050976184281271,0.8340298853206467,0.4289322668925195,0.5373105234509203,0.6471049912434963,0.1097944677925759,0.300813,1.0308638757018964,0.2875977655644603,0.4281393506727797,unknown,no,no,ML_moderately_worse,primary DOI test sample aggregate,p,,high,unknown,unknown,unknown,unknown,unknown,unknown,unknown,,no,unknown,unknown,no,unknown,,,,,False,unknown,True,True,low,0.5287892355527978,0.9684328027990312,,,,,,,,,,,,,,,,,,,,,,,,,2.141342860096612,0.918891026634034,-1.222451833462578,1.222451833462578,0.2945071983829945,large_under_prediction,unknown,no,75,B,predicted high ZT false positive; manual review required; sintering check required later,high-ZT false positive; important candidate for paper; high predicted ZT; carried from Step14,True,True,True,True,True,not_evaluable,not_evaluable,missing_additive_or_structure_annotation; tau_eff_ML_prediction_error,candidate hypothesis only; no causal mechanism proven,10,low,manual review not checked
10.1021_acs.chemmater.7b04023__sample_31993,10.1021/acs.chemmater.7b04023,https://doi.org/10.1021/acs.chemmater.7b04023,,31993,Ge0.90Sb0.10Te,unknown,p,10,2,1,2,0.0705524052751874,0.3656750664211391,0.2951226611459517,0.0334030500932988,0.3024429370560794,0.2690398869627805,0.0077942186490892,0.3069333948129448,0.2991391761638555,0.0334030500933052,0.3024429370560803,0.269039886962775,1.78566,1.7717421755270673,1.237581314218317,1.7167421416667572,unknown,no,no,ML_moderately_worse,primary DOI test sample aggregate,p,,high,unknown,unknown,unknown,unknown,unknown,unknown,unknown,,no,unknown,unknown,no,unknown,,,,,False,unknown,True,True,medium,0.0705524052751874,0.1354551575348919,,,,,,,,,,,,,,,,,,,,,,,,,0.8388188170344044,0.1135456991990303,-0.7252731178353741,0.7252731178353741,0.4841923093395231,large_under_prediction,unknown,no,75,B,manual review required; sintering check required later,high observed ZT; important candidate for paper; high predicted ZT,True,True,True,True,True,both_good,material_system_out_of_distribution,missing_additive_or_structure_annotation; possible_sintering_or_microstructure_effect,candidate hypothesis only; no causal mechanism proven,60,B,observed high ZT; missing sintering info for high-ZT/error sample; manual review not checked
10.1021_acs.chemmater.7b04023__sample_31997,10.1021/acs.chemmater.7b04023,https://doi.org/10.1021/acs.chemmater.7b04023,,31997,Ge0.88Bi0.02Sb0.10Te,unknown,p,11,10,4,5,0.3472946278608971,0.5797460749618294,0.2324514471009323,0.3340513962391568,0.7542730702351019,0.4202216739959451,0.3678832520909403,1.1759722619125628,0.8080890098216225,0.3644149044263626,1.0215726174704622,0.6571577130440995,1.373585,1.0466311695309527,1.664937698353403,1.206747150851662,unknown,no,no,ML_much_worse,primary DOI test sample aggregate,p,,high,unknown,unknown,unknown,unknown,unknown,unknown,unknown,,no,unknown,unknown,no,unknown,,,,,False,unknown,True,True,medium,0.3472946278608971,0.5208928123266265,,,,,,,,,,,,,,,,,,,,,,,,,0.0079371073194151,0.1233199751966935,0.1153828678772784,0.1153828678772784,1.1223030491105377,good,unknown,no,65,B,manual review required; sintering check required later,high observed ZT; important candidate for paper; high predicted ZT,True,True,True,True,True,fitting_good_ML_bad,insufficient_material_features,missing_additive_or_structure_annotation; possible_sintering_or_microstructure_effect,candidate hypothesis only; no causal mechanism proven,120,A,ML much worse than fitting; observed high ZT; missing additive info and ML bad; missing structure info and ML bad; missing sintering info for high-ZT/error sample; manual review not checked
10.1021_acs.chemmater.7b04023__sample_31998,10.1021/acs.chemmater.7b04023,https://doi.org/10.1021/acs.chemmater.7b04023,,31998,Ge0.85Bi0.05Sb0.10Te,unknown,p,11,9,3,4,0.244247055383828,0.2574072508098954,0.0131601954260673,0.2223482318720274,0.196325543114472,-0.0260226887575553,0.2175944408786185,0.2266265380109056,0.009032097132287,0.1895028342334947,0.1747143049039063,-0.0147885293295883,1.758491,1.4503022938196657,1.3371227833618191,1.7065864455985131,unknown,no,no,ML_close_to_fitting,primary DOI test sample aggregate,p,,high,unknown,unknown,unknown,unknown,unknown,unknown,unknown,,no,unknown,unknown,no,unknown,,,,,False,unknown,True,True,medium,0.244247055383828,0.3174411522152391,,,,,,,,,,,,,,,,,,,,,,,,,0.5534000997510679,0.1233199751966935,-0.4300801245543743,0.4300801245543743,0.6504569750600456,moderate_error,unknown,no,65,B,manual review required; sintering check required later,high observed ZT; important candidate for paper; high predicted ZT,True,True,True,True,True,both_good,material_system_out_of_distribution,missing_additive_or_structure_annotation; possible_sintering_or_microstructure_effect,candidate hypothesis only; no causal mechanism proven,60,B,observed high ZT; missing sintering info for high-ZT/error sample; manual review not checked
10.1021_acs.chemmater.8b00254__sample_40617,10.1021/acs.chemmater.8b00254,https://doi.org/10.1021/acs.chemmater.8b00254,,40617,Cu2.075Se,unknown,p,9,9,7,7,0.1965149274273715,0.6407861947922923,0.4442712673649207,0.1686975087581324,0.8787435629877359,0.7100460542296035,0.2513312405410648,0.8891733950743722,0.6378421545333073,0.2020819605296593,0.9170010181411756,0.7149190576115163,0.8967334,1.1143894728923898,2.050770482884692,0.8023787409541561,unknown,no,no,ML_much_worse,primary DOI test sample aggregate,p,,high,unknown,unknown,unknown,unknown,unknown,unknown,unknown,,no,unknown,unknown,no,unknown,,,,,False,unknown,True,True,medium,0.1965149274273715,0.2116693700151709,,,,,,,,,,,,,,,,,,,,,,,,,-0.7012419650312656,0.7733776850017701,1.4746196500330355,1.4746196500330355,4.369373565748187,large_over_prediction,unknown,no,65,B,predicted high ZT false positive; manual review required; sintering check required later,high-ZT false positive; important candidate for paper; high predicted ZT; carried from Step14,True,True,True,True,True,both_poor,missing_additive_or_structure_annotation,possible_sintering_or_microstructure_effect; tau_eff_ML_prediction_error,candidate hypothesis only; no causal mechanism proven,115,A,ML much worse than fitting; ZT_ML false positive; missing additive info and ML bad; missing structure info and ML bad; missing sintering info for high-ZT/error sample; manual review not checked
10.1021_acs.chemmater.8b03994__sample_43365,10.1021/acs.chemmater.8b03994,https://doi.org/10.1021/acs.chemmater.8b03994,,43365,Yb0.25Co3.9Fe0.1Sb12,unknown,n,8,4,0,1,0.0434209140154934,0.0551745414965812,0.0117536274810878,0.0495462121579038,0.0530310265820672,0.0034848144241633,,,,0.0726471454071513,0.1036847558451984,0.031037610438047,1.240924,1.076781701460908,1.040742850864568,1.1611348324728732,unknown,no,no,not_evaluated,primary DOI test sample aggregate,n,,high,unknown,unknown,unknown,unknown,unknown,unknown,unknown,,no,unknown,unknown,no,unknown,,,,,False,unknown,True,True,medium,0.0434209140154934,0.0603753458342151,,,,,,,,,,,,,,,,,,,,,,,,,0.7987511956670197,-0.0391381242491149,-0.8378893199161346,0.8378893199161346,0.4326226885386025,large_under_prediction,unknown,no,75,B,insufficient ZT evaluation rows; manual review required; sintering check required later,high observed ZT; important candidate for paper; high predicted ZT,True,True,True,True,True,not_evaluable,not_evaluable,missing_additive_or_structure_annotation; possible_sintering_or_microstructure_effect,candidate hypothesis only; no causal mechanism proven,60,B,observed high ZT; missing sintering info for high-ZT/error sample; manual review not checked
10.1021_acs.chemmater.8b03994__sample_43366,10.1021/acs.chemmater.8b03994,https://doi.org/10.1021/acs.chemmater.8b03994,,43366,Yb0.25Co3.75Fe0.25Sb12,unknown,n,10,7,4,6,0.1006427627042609,0.6787927884608244,0.5781500257565634,0.0919437335021193,0.9522087021338792,0.8602649686317597,0.136647039200104,0.8887583255013403,0.7521112863012362,0.1058576012537946,0.94869086070509,0.8428332594512953,1.243564,1.377346344277456,2.695136956374081,1.2674198260082017,unknown,no,no,ML_much_worse,primary DOI test sample aggregate,n,,high,unknown,unknown,unknown,unknown,unknown,unknown,unknown,,no,unknown,unknown,no,unknown,,,,,False,unknown,True,True,medium,0.1006427627042609,0.1799246150066042,,,,,,,,,,,,,,,,,,,,,,,,,0.0934189344578923,-0.0391381242491149,-0.1325570587070072,0.1325570587070072,0.875852957643129,good,unknown,no,65,B,manual review required; sintering check required later,high observed ZT; important candidate for paper; high predicted ZT,True,True,True,True,True,both_poor,missing_additive_or_structure_annotation,possible_sintering_or_microstructure_effect,candidate hypothesis only; no causal mechanism proven,120,A,ML much worse than fitting; observed high ZT; missing additive info and ML bad; missing structure info and ML bad; missing sintering info for high-ZT/error sample; manual review not checked
10.1021_acs.chemmater.8b03994__sample_43368,10.1021/acs.chemmater.8b03994,https://doi.org/10.1021/acs.chemmater.8b03994,,43368,Yb0.3Co3.9Fe0.1Sb12,unknown,n,10,9,3,6,0.0976455698023179,0.1394470058872144,0.0418014360848964,0.0893556758145354,0.1124745292860753,0.0231188534715398,0.0741903580906814,0.0987462478952698,0.0245558898045883,0.0845852847786657,0.1081561713276656,0.0235708865489998,1.172277,1.3444058599192763,1.217012546950216,1.14813272932108,unknown,no,no,ML_close_to_fitting,primary DOI test sample aggregate,n,,high,unknown,unknown,unknown,unknown,unknown,unknown,unknown,,no,unknown,unknown,no,unknown,,,,,False,unknown,True,True,medium,0.0976455698023179,0.1532288229553556,,,,,,,,,,,,,,,,,,,,,,,,,0.864262299131776,-0.0391381242491149,-0.9034004233808908,0.9034004233808908,0.4051894986595471,large_under_prediction,unknown,no,65,B,manual review required; sintering check required later,high observed ZT; important candidate for paper; high predicted ZT,True,True,True,True,True,both_good,material_system_out_of_distribution,missing_additive_or_structure_annotation; possible_sintering_or_microstructure_effect,candidate hypothesis only; no causal mechanism proven,60,B,observed high ZT; missing sintering info for high-ZT/error sample; manual review not checked
10.1021_acs.chemmater.8b03994__sample_43369,10.1021/acs.chemmater.8b03994,https://doi.org/10.1021/acs.chemmater.8b03994,,43369,Yb0.3Co3.75Fe0.25Sb12,unknown,n,10,10,8,9,0.0935256816814608,0.3764496664770883,0.2829239847956274,0.0786131994131797,0.4462707858282067,0.3676575864150269,0.0897116244236848,0.4450619536317518,0.355350329208067,0.086684594528129,0.4479222543711219,0.3612376598429928,1.050825,1.199289543676772,1.7269833317665444,1.050482937273107,unknown,no,no,ML_moderately_worse,primary DOI test sample aggregate,n,,high,unknown,unknown,unknown,unknown,unknown,unknown,unknown,,no,unknown,unknown,no,unknown,,,,,False,unknown,True,True,medium,0.0935256816814608,0.1562642386474121,,,,,,,,,,,,,,,,,,,,,,,,,0.4000624341650063,-0.0391381242491149,-0.4392005584141212,0.4392005584141212,0.6445514964398734,moderate_error,unknown,no,65,B,manual review required; sintering check required later,high observed ZT; important candidate for paper; high predicted ZT,True,True,True,True,True,both_good,material_system_out_of_distribution,missing_additive_or_structure_annotation; possible_sintering_or_microstructure_effect,candidate hypothesis only; no causal mechanism proven,60,B,observed high ZT; missing sintering info for high-ZT/error sample; manual review not checked
10.1021_acs.chemmater.8b03994__sample_43370,10.1021/acs.chemmater.8b03994,https://doi.org/10.1021/acs.chemmater.8b03994,,43370,Yb0.3Co3.5Fe0.5Sb12,unknown,n,10,8,5,7,0.5114685826668117,2.1688783249073147,1.657409742240503,0.5136523390609093,8.448046779457815,7.934394440396906,0.556311520994581,10.631666779433512,10.07535525843893,0.56057301392845,8.839879418747604,8.279306404819154,0.1838794,0.180293097493585,1.4836964602434954,0.1880271409393969,unknown,no,no,ML_much_worse,primary DOI test sample aggregate,n,,high,unknown,unknown,unknown,unknown,unknown,unknown,unknown,,no,unknown,unknown,no,unknown,,,,,False,unknown,True,True,medium,0.5114685826668117,0.7036993361517312,,,,,,,,,,,,,,,,,,,,,,,,,-1.3429987679664,-0.0391381242491149,1.303860643717285,1.303860643717285,3.683489894613599,large_over_prediction,unknown,no,0,low,no major issue,,True,True,True,True,True,both_poor,missing_additive_or_structure_annotation,possible_sintering_or_microstructure_effect; tau_eff_ML_prediction_error,candidate hypothesis only; no causal mechanism proven,115,A,ML much worse than fitting; ZT_ML false positive; missing additive info and ML bad; missing structure info and ML bad; missing sintering info for high-ZT/error sample; manual review not checked
10.1021_acs.chemmater.8b03994__sample_43371,10.1021/acs.chemmater.8b03994,https://doi.org/10.1021/acs.chemmater.8b03994,,43371,Yb0.4Co3.9Fe0.1Sb12,unknown,n,8,7,3,4,0.091915616575815,0.3149805504509855,0.2230649338751705,0.0719309622712211,0.2475158879738508,0.1755849257026296,0.0421869652349344,0.2503922370408663,0.2082052718059318,0.0483225067457971,0.2891425759491053,0.2408200692033081,1.135314,0.9450037773750616,0.6991867261460468,1.0831653064819295,unknown,no,no,ML_moderately_worse,primary DOI test sample aggregate,n,existing_step6_or_step15,high,unknown,auto_step9,unknown,unknown,auto_step9,unknown,unknown,,no,unknown,unknown,no,unknown,yes,yes,yes,yes,False,unknown,True,True,medium,0.091915616575815,0.1495455128284244,n,existing_step6_or_step15,high,unknown,auto_step9,unknown,unknown,auto_step9,unknown,unknown,,no,unknown,unknown,no,not_checked,yes,yes,yes,yes,False,unknown,True,True,1.0659803320920267,-0.0391381242491149,-1.1051184563411416,1.1051184563411416,0.3311716505363923,large_under_prediction,not_checked,no,90,A,observed high ZT missed; manual review required; sintering check required later,high observed ZT; high-ZT false negative; important candidate for paper; carried from Step14,True,True,True,True,True,both_good,material_system_out_of_distribution,missing_additive_or_structure_annotation; possible_sintering_or_microstructure_effect; tau_eff_ML_prediction_error,candidate hypothesis only; no causal mechanism proven,90,A,observed high ZT; ZT_ML false negative; missing sintering info for high-ZT/error sample; manual review not checked
10.1021_acs.chemmater.8b03994__sample_43372,10.1021/acs.chemmater.8b03994,https://doi.org/10.1021/acs.chemmater.8b03994,,43372,Yb0.4Co3.75Fe0.25Sb12,unknown,n,8,7,0,0,0.0678761150070865,0.315424158905568,0.2475480438984814,0.0680415095764169,0.3612021753894165,0.2931606658129995,,,,,,,1.31749,,,,unknown,no,no,not_evaluated,primary DOI test sample aggregate,n,,high,unknown,unknown,unknown,unknown,unknown,unknown,unknown,,no,unknown,unknown,no,unknown,,,,,False,unknown,True,True,medium,0.0678761150070865,0.0773701344709339,,,,,,,,,,,,,,,,,,,,,,,,,0.4566747799196291,-0.0391381242491149,-0.495812904168744,0.495812904168744,0.6090755859163067,moderate_error,unknown,no,50,B,insufficient ZT evaluation rows; manual review required; sintering check required later,high observed ZT; important candidate for paper,True,True,True,True,True,not_evaluable,not_evaluable,missing_additive_or_structure_annotation; possible_sintering_or_microstructure_effect,candidate hypothesis only; no causal mechanism proven,90,A,observed high ZT; ZT_ML false negative; missing sintering info for high-ZT/error sample; manual review not checked
10.1021_acs.chemmater.8b03994__sample_43373,10.1021/acs.chemmater.8b03994,https://doi.org/10.1021/acs.chemmater.8b03994,,43373,Yb0.4Co3.5Fe0.5Sb12,unknown,n,10,10,10,10,0.2023742756271185,1.1951037967448483,0.9927295211177298,0.1584105643254162,2.3152731301868843,2.156862565861468,0.157744617730179,2.3086266106751885,2.1508819929450094,0.1584105643254159,2.3152731301868235,2.156862565861408,0.830201,0.8257858461548965,2.6816297491970364,0.8278548740632665,unknown,no,no,ML_much_worse,primary DOI test sample aggregate,n,,high,unknown,unknown,unknown,unknown,unknown,unknown,unknown,,no,unknown,unknown,no,unknown,,,,,False,unknown,True,True,medium,0.2023742756271185,0.3533517337476221,,,,,,,,,,,,,,,,,,,,,,,,,-0.413135283100099,-0.0391381242491149,0.3739971588509841,0.3739971588509841,1.453533020747075,moderate_error,unknown,no,0,low,no major issue,,True,True,True,True,True,fitting_good_ML_bad,insufficient_material_features,missing_additive_or_structure_annotation; possible_sintering_or_microstructure_effect,candidate hypothesis only; no causal mechanism proven,115,A,ML much worse than fitting; ZT_ML false positive; missing additive info and ML bad; missing structure info and ML bad; missing sintering info for high-ZT/error sample; manual review not checked
10.1021_acs.chemmater.8b03994__sample_43374,10.1021/acs.chemmater.8b03994,https://doi.org/10.1021/acs.chemmater.8b03994,,43374,Yb0.5Co3.9Fe0.1Sb12,unknown,n,9,9,1,3,0.0899242679257867,0.3771710594598597,0.2872467915340729,0.0696328708157734,0.3038607977017118,0.2342279268859383,0.0004490414290179,0.3070126999256753,0.3065636584966573,0.069491649939398,0.2587907457913356,0.1892990958519376,1.09571,1.279246514687391,0.8868998431156538,1.0833958114254705,unknown,no,no,ML_moderately_worse,primary DOI test sample aggregate,n,,high,unknown,unknown,unknown,unknown,unknown,unknown,unknown,,no,unknown,unknown,no,unknown,,,,,False,unknown,True,True,medium,0.0899242679257867,0.1554444439931101,,,,,,,,,,,,,,,,,,,,,,,,,1.1310037108931283,-0.0391381242491149,-1.1701418351422432,1.1701418351422432,0.3103229234479335,large_under_prediction,unknown,no,75,B,manual review required; sintering check required later,high observed ZT; important candidate for paper; high predicted ZT,True,True,True,True,True,both_good,material_system_out_of_distribution,missing_additive_or_structure_annotation; possible_sintering_or_microstructure_effect; tau_eff_ML_prediction_error,candidate hypothesis only; no causal mechanism proven,90,A,observed high ZT; ZT_ML false negative; missing sintering info for high-ZT/error sample; manual review not checked
10.1021_acs.chemmater.8b03994__sample_43375,10.1021/acs.chemmater.8b03994,https://doi.org/10.1021/acs.chemmater.8b03994,,43375,Yb0.5Co3.75Fe0.25Sb12,unknown,n,10,10,5,6,0.089543836856129,0.2421338311659813,0.1525899943098522,0.074248701826053,0.1982699457688502,0.1240212439427971,0.1064742062513238,0.1940013311181867,0.0875271248668628,0.0941018865554784,0.207691008358221,0.1135891218027426,1.156436,1.2635909979211255,1.0090299868340105,1.1643297779337547,unknown,no,no,ML_close_to_fitting,primary DOI test sample aggregate,n,,high,unknown,unknown,unknown,unknown,unknown,unknown,unknown,,no,unknown,unknown,no,unknown,,,,,False,unknown,True,True,medium,0.089543836856129,0.1326860104891659,,,,,,,,,,,,,,,,,,,,,,,,,0.9896774526786684,-0.0391381242491149,-1.0288155769277834,1.0288155769277834,0.3574300583641203,large_under_prediction,unknown,no,65,B,manual review required; sintering check required later,high observed ZT; important candidate for paper; high predicted ZT,True,True,True,True,True,both_good,material_system_out_of_distribution,missing_additive_or_structure_annotation; possible_sintering_or_microstructure_effect; tau_eff_ML_prediction_error,candidate hypothesis only; no causal mechanism proven,60,B,observed high ZT; missing sintering info for high-ZT/error sample; manual review not checked
10.1021_acs.chemmater.8b03994__sample_43376,10.1021/acs.chemmater.8b03994,https://doi.org/10.1021/acs.chemmater.8b03994,,43376,Yb0.5Co3.5Fe0.5Sb12,unknown,n,7,6,5,6,0.1409105246766456,0.4628327834664281,0.3219222587897824,0.1274698256181126,0.5856940104589957,0.458224184840883,0.122314238963694,0.6118441709424813,0.4895299319787872,0.1274698256181081,0.5856940104589897,0.4582241848408815,1.064026,1.0317589749148002,1.6033995194518658,1.1377286671356788,unknown,no,no,ML_moderately_worse,primary DOI test sample aggregate,n,,high,unknown,unknown,unknown,unknown,unknown,unknown,unknown,,no,unknown,unknown,no,unknown,,,,,False,unknown,True,True,medium,0.1409105246766456,0.2389045415051685,,,,,,,,,,,,,,,,,,,,,,,,,0.3238482606220869,-0.0391381242491149,-0.3629863848712018,0.3629863848712018,0.6955959040624489,moderate_error,unknown,no,65,B,manual review required; sintering check required later,high observed ZT; important candidate for paper; high predicted ZT,True,True,True,True,True,not_evaluable,not_evaluable,missing_additive_or_structure_annotation; possible_sintering_or_microstructure_effect,candidate hypothesis only; no causal mechanism proven,60,B,observed high ZT; missing sintering info for high-ZT/error sample; manual review not checked
10.1021_acs.chemmater.8b03994__sample_43385,10.1021/acs.chemmater.8b03994,https://doi.org/10.1021/acs.chemmater.8b03994,,43385,Yb0.4Co3.8Fe0.2Sb12,unknown,n,11,3,1,1,0.0940158033797033,0.2087217715545807,0.1147059681748773,0.0957291931954203,0.1516310881795704,0.05590189498415,0.1734321522236247,0.0260698551974826,-0.1473622970261421,0.1768198071666382,0.0232581551235261,-0.1535616520431121,1.343689,1.57672787518921,1.3086592223395497,1.33982098668564,unknown,no,no,ML_better_than_fitting,primary DOI test sample aggregate,n,,high,unknown,unknown,unknown,unknown,unknown,unknown,unknown,,no,unknown,unknown,no,unknown,,,,,False,unknown,True,True,medium,0.0940158033797033,0.1488038879776719,,,,,,,,,,,,,,,,,,,,,,,,,0.9510578630677567,-0.0391381242491149,-0.9901959873168716,0.9901959873168716,0.3715038738392154,large_under_prediction,unknown,no,75,B,manual review required; sintering check required later,high observed ZT; important candidate for paper; high predicted ZT,True,True,True,True,True,both_good,material_system_out_of_distribution,missing_additive_or_structure_annotation; possible_sintering_or_microstructure_effect,candidate hypothesis only; no causal mechanism proven,60,B,observed high ZT; missing sintering info for high-ZT/error sample; manual review not checked
10.1021_acs.chemmater.8b03994__sample_43390,10.1021/acs.chemmater.8b03994,https://doi.org/10.1021/acs.chemmater.8b03994,,43390,Yb0.25Co3.8Fe0.2Sb12,unknown,n,8,5,0,3,0.1052175400974858,0.5999895167903863,0.4947719766929004,0.0859955163566373,0.9079556970282606,0.8219601806716234,,,,0.0778224935957616,0.8581859656429941,0.7803634720472324,0.9569655,0.941726126648273,1.700038540296333,1.015598011826569,unknown,no,no,not_evaluated,primary DOI test sample aggregate,n,,high,unknown,unknown,unknown,unknown,unknown,unknown,unknown,,no,unknown,unknown,no,unknown,,,,,False,unknown,True,True,medium,0.1052175400974858,0.1709877109239296,,,,,,,,,,,,,,,,,,,,,,,,,0.1740175429126029,-0.0391381242491149,-0.2131556671617178,0.2131556671617178,0.8080303436356019,good,unknown,no,10,low,insufficient ZT evaluation rows,,True,True,True,True,True,not_evaluable,not_evaluable,missing_additive_or_structure_annotation,candidate hypothesis only; no causal mechanism proven,35,C,ZT_ML false positive; manual review not checked
10.1021_acs.chemmater.8b03994__sample_43391,10.1021/acs.chemmater.8b03994,https://doi.org/10.1021/acs.chemmater.8b03994,,43391,Yb0.25Co3.7Fe0.3Sb12,unknown,n,8,5,3,4,0.2258785215186287,1.598158829022965,1.3722803075043362,0.1876052898789941,4.491566442726132,4.303961152847138,0.1963060532528144,4.476093613595078,4.279787560342264,0.2084813756764067,4.521529305925464,4.313047930249057,0.5420613,0.4780809899522873,2.325978279275166,0.5191365715304507,unknown,no,no,ML_much_worse,primary DOI test sample aggregate,n,,high,unknown,unknown,unknown,unknown,unknown,unknown,unknown,,no,unknown,unknown,no,unknown,,,,,False,unknown,True,True,medium,0.2258785215186287,0.4044709538738429,,,,,,,,,,,,,,,,,,,,,,,,,-0.8174065944184179,-0.0391381242491149,0.778268470169303,0.778268470169303,2.177698249549188,large_over_prediction,unknown,no,0,low,no major issue,,True,True,True,True,True,fitting_good_ML_bad,insufficient_material_features,missing_additive_or_structure_annotation; possible_sintering_or_microstructure_effect,candidate hypothesis only; no causal mechanism proven,115,A,ML much worse than fitting; ZT_ML false positive; missing additive info and ML bad; missing structure info and ML bad; missing sintering info for high-ZT/error sample; manual review not checked
10.1021_acs.chemmater.8b03994__sample_43393,10.1021/acs.chemmater.8b03994,https://doi.org/10.1021/acs.chemmater.8b03994,,43393,Yb0.3Co3.8Fe0.2Sb12,unknown,n,10,1,0,0,0.0875862278027129,0.1161171664815704,0.0285309386788575,0.0510627635337361,0.1343244689835253,0.0832617054497891,,,,,,,1.160477,,,,unknown,no,no,not_evaluated,primary DOI test sample aggregate,n,,high,unknown,unknown,unknown,unknown,unknown,unknown,unknown,,no,unknown,unknown,no,unknown,,,,,False,unknown,True,True,medium,0.0875862278027129,0.1594638000264656,,,,,,,,,,,,,,,,,,,,,,,,,0.6884737630015743,-0.0391381242491149,-0.7276118872506891,0.7276118872506891,0.4830612183713642,large_under_prediction,unknown,no,50,B,insufficient ZT evaluation rows; manual review required; sintering check required later,high observed ZT; important candidate for paper,True,True,True,True,True,not_evaluable,not_evaluable,missing_additive_or_structure_annotation; possible_sintering_or_microstructure_effect,candidate hypothesis only; no causal mechanism proven,90,A,observed high ZT; ZT_ML false negative; missing sintering info for high-ZT/error sample; manual review not checked
10.1021_acs.chemmater.8b03994__sample_43394,10.1021/acs.chemmater.8b03994,https://doi.org/10.1021/acs.chemmater.8b03994,,43394,Yb0.3Co3.7Fe0.3Sb12,unknown,n,8,3,2,2,0.113744867998379,0.6168084039956838,0.5030635359973048,0.1166117053863159,1.0160833680858916,0.8994716626995757,0.1683468440968512,1.1421708116939224,0.9738239675970712,0.1621425394386128,1.1307951826049352,0.9686526431663224,1.02679,0.4761158839132883,0.8729612740053337,0.4239184358398948,unknown,no,no,ML_much_worse,primary DOI test sample aggregate,n,existing_step6_or_step15,high,unknown,auto_step9,unknown,unknown,auto_step9,unknown,unknown,,no,unknown,unknown,no,unknown,yes,yes,yes,yes,False,unknown,True,True,medium,0.113744867998379,0.1866445936114383,n,existing_step6_or_step15,high,unknown,auto_step9,unknown,unknown,auto_step9,unknown,unknown,,no,unknown,unknown,no,not_checked,yes,yes,yes,yes,False,unknown,True,True,0.1584793302184286,-0.0391381242491149,-0.1976174544675435,0.1976174544675435,0.8206837419946729,good,not_checked,no,100,A,observed high ZT missed; manual review required; sintering check required later,high observed ZT; high-ZT false negative; important candidate for paper; carried from Step14,True,True,True,True,True,fitting_good_ML_bad,insufficient_material_features,missing_additive_or_structure_annotation; possible_sintering_or_microstructure_effect,candidate hypothesis only; no causal mechanism proven,150,A,ML much worse than fitting; observed high ZT; ZT_ML false negative; missing additive info and ML bad; missing structure info and ML bad; missing sintering info for high-ZT/error sample; manual review not checked
10.1021_acs.chemmater.8b03994__sample_43395,10.1021/acs.chemmater.8b03994,https://doi.org/10.1021/acs.chemmater.8b03994,,43395,Yb0.3Co3.6Fe0.4Sb12,unknown,n,8,3,0,1,0.2569417619719619,1.2244965341880072,0.9675547722160454,0.1179612057264076,2.6284691385027528,2.510507932776345,,,,0.3194549050345271,3.368650442743602,3.0491955377090747,0.6777188,0.3974510582503288,1.3159409502886923,0.3012236770910548,unknown,no,no,not_evaluated,primary DOI test sample aggregate,n,,high,unknown,unknown,unknown,unknown,unknown,unknown,unknown,,no,unknown,unknown,no,unknown,,,,,False,unknown,True,True,medium,0.2569417619719619,0.4242660952388195,,,,,,,,,,,,,,,,,,,,,,,,,-0.4325261904615685,-0.0391381242491149,0.3933880662124536,0.3933880662124536,1.4819933893144877,moderate_error,unknown,no,10,low,insufficient ZT evaluation rows,,True,True,True,True,True,fitting_good_ML_bad,insufficient_material_features,missing_additive_or_structure_annotation,candidate hypothesis only; no causal mechanism proven,35,C,ZT_ML false positive; manual review not checked
10.1021_acs.chemmater.8b03994__sample_43397,10.1021/acs.chemmater.8b03994,https://doi.org/10.1021/acs.chemmater.8b03994,,43397,Yb0.4Co3.7Fe0.3Sb12,unknown,n,9,3,1,1,0.0847589387402487,0.2188497807694552,0.1340908420292065,0.0219863796635416,0.2504684036833179,0.2284820240197762,0.0121882044384105,0.2384796836997745,0.2262914792613639,0.0087122587574071,0.2342266326479148,0.2255143738905077,1.097087,1.0888391927841226,1.3322672731869911,1.0794348768254494,unknown,no,no,ML_moderately_worse,primary DOI test sample aggregate,n,,high,unknown,unknown,unknown,unknown,unknown,unknown,unknown,,no,unknown,unknown,no,unknown,,,,,False,unknown,True,True,medium,0.0847589387402487,0.1307449091667913,,,,,,,,,,,,,,,,,,,,,,,,,0.5629392076837685,-0.0391381242491149,-0.6020773319328834,0.6020773319328834,0.5476727554833123,large_under_prediction,unknown,no,75,B,manual review required; sintering check required later,high observed ZT; important candidate for paper; high predicted ZT,True,True,True,True,True,both_good,material_system_out_of_distribution,missing_additive_or_structure_annotation; possible_sintering_or_microstructure_effect,candidate hypothesis only; no causal mechanism proven,60,B,observed high ZT; missing sintering info for high-ZT/error sample; manual review not checked
10.1021_acs.chemmater.8b03994__sample_43398,10.1021/acs.chemmater.8b03994,https://doi.org/10.1021/acs.chemmater.8b03994,,43398,Yb0.4Co3.6Fe0.4Sb12,unknown,n,8,4,1,3,0.1193506636578484,0.6351963602746484,0.5158456966168,0.1229216538542169,0.8212477562553225,0.6983261024011056,0.0585558006270908,0.7568855529746394,0.6983297523475486,0.0979922281957654,0.6832908673814987,0.5852986391857332,0.8621359,0.893710962068266,1.667807692520352,0.922654636615148,unknown,no,no,ML_much_worse,primary DOI test sample aggregate,n,,high,unknown,unknown,unknown,unknown,unknown,unknown,unknown,,no,unknown,unknown,no,unknown,,,,,False,unknown,True,True,medium,0.1193506636578485,0.2147819207541626,,,,,,,,,,,,,,,,,,,,,,,,,0.1408263774316969,-0.0391381242491149,-0.1799645016808118,0.1799645016808118,0.835299862626126,good,unknown,no,10,low,no major issue,,True,True,True,True,True,both_poor,missing_additive_or_structure_annotation,possible_sintering_or_microstructure_effect,candidate hypothesis only; no causal mechanism proven,115,A,ML much worse than fitting; ZT_ML false positive; missing additive info and ML bad; missing structure info and ML bad; missing sintering info for high-ZT/error sample; manual review not checked
10.1021_acs.chemmater.8b03994__sample_43399,10.1021/acs.chemmater.8b03994,https://doi.org/10.1021/acs.chemmater.8b03994,,43399,Yb0.5Co3.8Fe0.2Sb12,unknown,n,9,5,1,2,0.0782364258184829,0.3874121401563737,0.3091757143378908,0.0683601944131009,0.2925951273376728,0.2242349329245718,0.0363351286916864,0.2908864152080339,0.2545512865163474,0.0683320933946978,0.2689924528064518,0.2006603594117539,1.085965,1.1254236780296674,0.7700725341086075,1.090643485875831,unknown,no,no,ML_moderately_worse,primary DOI test sample aggregate,n,,high,unknown,unknown,unknown,unknown,unknown,unknown,unknown,,no,unknown,unknown,no,unknown,,,,,False,unknown,True,True,medium,0.0782364258184829,0.114014573821273,,,,,,,,,,,,,,,,,,,,,,,,,1.1441393830825473,-0.0391381242491149,-1.183277507331662,1.183277507331662,0.3062732788833588,large_under_prediction,unknown,no,75,B,manual review required; sintering check required later,high observed ZT; important candidate for paper; high predicted ZT,True,True,True,True,True,both_good,material_system_out_of_distribution,missing_additive_or_structure_annotation; possible_sintering_or_microstructure_effect; tau_eff_ML_prediction_error,candidate hypothesis only; no causal mechanism proven,90,A,observed high ZT; ZT_ML false negative; missing sintering info for high-ZT/error sample; manual review not checked
10.1021_acs.chemmater.8b03994__sample_43400,10.1021/acs.chemmater.8b03994,https://doi.org/10.1021/acs.chemmater.8b03994,,43400,Yb0.5Co3.7Fe0.3Sb12,unknown,n,10,2,0,1,0.1024888831589579,0.1648445659375445,0.0623556827785866,0.1512045689872511,0.0367747764490569,-0.1144297925381941,,,,0.1093616069618919,0.0250086723669258,-0.0843529345949661,1.024561,0.280846815837693,0.2468295352180148,0.2531607494573593,unknown,no,no,not_evaluated,primary DOI test sample aggregate,n,existing_step6_or_step15,high,unknown,auto_step9,unknown,unknown,auto_step9,unknown,unknown,,no,unknown,unknown,no,unknown,yes,yes,yes,yes,False,unknown,True,True,medium,0.1024888831589579,0.1630171012545222,n,existing_step6_or_step15,high,unknown,auto_step9,unknown,unknown,auto_step9,unknown,unknown,,no,unknown,unknown,no,not_checked,yes,yes,yes,yes,False,unknown,True,True,0.8938206709704029,-0.0391381242491149,-0.9329587952195176,0.9329587952195176,0.3933880320915796,large_under_prediction,not_checked,no,100,A,observed high ZT missed; insufficient ZT evaluation rows; manual review required; sintering check required later,high observed ZT; high-ZT false negative; important candidate for paper; carried from Step14,True,True,True,True,True,not_evaluable,not_evaluable,missing_additive_or_structure_annotation; possible_sintering_or_microstructure_effect,candidate hypothesis only; no causal mechanism proven,90,A,observed high ZT; ZT_ML false negative; missing sintering info for high-ZT/error sample; manual review not checked
10.1021_acs.inorgchem.8b02248__sample_40946,10.1021/acs.inorgchem.8b02248,https://doi.org/10.1021/acs.inorgchem.8b02248,,40946,CuPb18SbTe20,unknown,n,11,11,8,9,0.3171858064369443,1.1923979284761008,0.8752121220391564,0.2732141859802728,0.6664707616446363,0.3932565756643634,0.268715146458076,0.6854274004311627,0.4167122539730866,0.2491278387059183,0.6837391344279836,0.4346112957220653,0.7643024,1.2703677993696352,0.4024715844228411,0.7713128503245295,unknown,no,no,ML_moderately_worse,primary DOI test sample aggregate,n,,high,unknown,unknown,unknown,unknown,unknown,unknown,unknown,,no,unknown,unknown,no,unknown,,,,,False,unknown,True,True,medium,0.3171858064369443,0.6188129621433787,,,,,,,,,,,,,,,,,,,,,,,,,0.0090159686413025,-0.1687094878321019,-0.1777254564734044,0.1777254564734044,0.8371722321580679,good,unknown,no,65,B,predicted high ZT false positive; manual review required; sintering check required later,high-ZT false positive; important candidate for paper; high predicted ZT; carried from Step14,True,True,True,True,True,fitting_good_ML_bad,insufficient_material_features,missing_additive_or_structure_annotation,candidate hypothesis only; no causal mechanism proven,10,low,manual review not checked
10.1021_acs.inorgchem.8b02248__sample_40949,10.1021/acs.inorgchem.8b02248,https://doi.org/10.1021/acs.inorgchem.8b02248,,40949,CuPb18SbTe20,unknown,n,17,15,13,15,0.1204690493941596,0.824127243492173,0.7036581940980133,0.0954836442816202,0.5531823025793834,0.4576986582977632,0.1015593286839093,0.5489435853949162,0.4473842567110069,0.0954836442816069,0.5531823025793668,0.4576986582977599,0.9001179,1.124299773735261,0.4975225813855621,0.908376583913592,unknown,no,no,ML_moderately_worse,primary DOI test sample aggregate,n,,high,unknown,unknown,unknown,unknown,unknown,unknown,unknown,,no,unknown,unknown,no,unknown,,,,,False,unknown,True,True,medium,0.1204690493941596,0.2335880781780609,,,,,,,,,,,,,,,,,,,,,,,,,-0.325146525809304,-0.1687094878321019,0.156437037977202,0.156437037977202,1.169337136169816,good,unknown,no,65,B,predicted high ZT false positive; manual review required; sintering check required later,high-ZT false positive; important candidate for paper; high predicted ZT; carried from Step14,True,True,True,True,True,not_evaluable,not_evaluable,missing_additive_or_structure_annotation,candidate hypothesis only; no causal mechanism proven,10,low,manual review not checked
10.1021_acsaem.0c01525__sample_37615,10.1021/acsaem.0c01525,https://doi.org/10.1021/acsaem.0c01525,,37615,Cu2Se,unknown,p,24,20,2,6,0.4068398030129971,0.890592840135239,0.4837530371222419,0.3799902349677427,1.285116298613036,0.9051260636452932,0.0775338638689154,1.3795476435079397,1.302013779639024,0.3818140579299193,1.5446441244925573,1.162830066562638,0.9307982,1.6712805246393885,3.690734711359537,0.9126688551563396,unknown,no,no,ML_much_worse,primary DOI test sample aggregate,p,,high,unknown,unknown,unknown,unknown,unknown,unknown,unknown,,no,unknown,unknown,no,unknown,,,,,False,unknown,True,True,medium,0.4068398030129971,0.4986645541741671,,,,,,,,,,,,,,,,,,,,,,,,,-0.8835685273660528,0.7733776850017701,1.656946212367823,1.656946212367823,5.243274524256866,large_over_prediction,unknown,no,75,B,predicted high ZT false positive; manual review required; sintering check required later,high-ZT false positive; important candidate for paper; high predicted ZT; carried from Step14,True,True,True,True,True,fitting_good_ML_bad,tau_eff_ML_prediction_error,missing_additive_or_structure_annotation; possible_sintering_or_microstructure_effect,candidate hypothesis only; no causal mechanism proven,115,A,ML much worse than fitting; ZT_ML false positive; missing additive info and ML bad; missing structure info and ML bad; missing sintering info for high-ZT/error sample; manual review not checked
10.1021_acsaem.0c01525__sample_37617,10.1021/acsaem.0c01525,https://doi.org/10.1021/acsaem.0c01525,,37617,(Cu2Se)0.99(CuFeSe2)0.01,unknown,p,17,12,0,4,0.2045112141080547,0.4824165799060199,0.2779053657979652,0.1626774279055671,0.3445188121385298,0.1818413842329627,,,,0.1987375065332221,0.3387523404628124,0.1400148339295903,0.8883063,1.3029146407954475,0.8417112038067399,1.1432591205537184,unknown,no,no,not_evaluated,primary DOI test sample aggregate,p,,high,unknown,unknown,unknown,unknown,unknown,unknown,unknown,,no,unknown,unknown,no,unknown,,,,,False,unknown,True,True,medium,0.2045112141080547,0.2726719725602269,,,,,,,,,,,,,,,,,,,,,,,,,0.3455890039864884,0.7733776850017701,0.4277886810152816,0.4277886810152816,1.5338619125752548,moderate_error,unknown,no,75,B,predicted high ZT false positive; insufficient ZT evaluation rows; manual review required; sintering check required later,high-ZT false positive; important candidate for paper; high predicted ZT; carried from Step14,True,True,True,True,True,not_evaluable,not_evaluable,missing_additive_or_structure_annotation,candidate hypothesis only; no causal mechanism proven,10,low,manual review not checked
10.1021_acsaem.1c01859__sample_45952,10.1021/acsaem.1c01859,https://doi.org/10.1021/acsaem.1c01859,,45952,Cu2SnS3,unknown,p,9,7,0,4,0.1842074976437998,4.503226187368943,4.319018689725144,0.1528457128051029,91.51545859617735,91.36261288337226,,,,0.1731216908819383,92.45971878593618,92.28659709505423,,0.0164096490527757,1.47634772413561,0.0185501600897357,unknown,no,no,not_evaluated,primary DOI test sample aggregate,p,,high,unknown,unknown,unknown,unknown,unknown,unknown,unknown,,no,unknown,unknown,no,unknown,,,,,False,unknown,False,False,medium,0.1842074976437999,0.226948485194443,,,,,,,,,,,,,,,,,,,,,,,,,-5.887836234062529,-2.548260983472202,3.339575250590328,3.339575250590328,28.20714319317477,large_over_prediction,unknown,no,0,low,insufficient ZT evaluation rows,,True,True,True,True,True,fitting_good_ML_bad,tau_eff_ML_prediction_error,missing_additive_or_structure_annotation,candidate hypothesis only; no causal mechanism proven,35,C,ZT_ML false positive; manual review not checked
10.1021_acsaem.1c02589__sample_46136,10.1021/acsaem.1c02589,https://doi.org/10.1021/acsaem.1c02589,,46136,Pb0.99Sb0.01Te,unknown,n,12,10,7,8,0.4055148115515674,0.4110761604440897,0.0055613488925223,0.2905113586245833,0.2837078714933911,-0.0068034871311922,0.2635539203999075,0.2520502082494138,-0.0115037121504936,0.2816967289320171,0.2849428644649274,0.0032461355329103,1.129555,1.7805634698572748,1.904690235858565,1.1102008626443567,unknown,no,no,ML_close_to_fitting,primary DOI test sample aggregate,n,,high,unknown,unknown,unknown,unknown,unknown,unknown,unknown,,no,unknown,unknown,no,unknown,,,,,False,unknown,True,True,low,0.4055148115515674,0.801532639916813,,,,,,,,,,,,,,,,,,,,,,,,,-0.06725653340621,-0.3852943551810305,-0.3180378217748205,0.3180378217748205,0.7275752697061798,moderate_error,unknown,no,65,B,manual review required; sintering check required later,high observed ZT; important candidate for paper; high predicted ZT,True,True,True,True,True,both_good,material_system_out_of_distribution,missing_additive_or_structure_annotation; possible_sintering_or_microstructure_effect,candidate hypothesis only; no causal mechanism proven,60,B,observed high ZT; missing sintering info for high-ZT/error sample; manual review not checked
10.1021_acsaem.1c02589__sample_46137,10.1021/acsaem.1c02589,https://doi.org/10.1021/acsaem.1c02589,,46137,Pb0.985Sb0.015Te,unknown,n,12,11,8,9,0.4845070088284293,0.954163702293162,0.4696566934647327,0.4250395709349973,0.5442347909638877,0.1191952200288903,0.2729360348087313,0.6727542394986888,0.3998182046899575,0.3872936951203994,0.5987403771447573,0.2114466820243578,1.122933,2.6866820605492667,1.1809375089744512,1.1665160945614423,unknown,no,no,ML_moderately_worse,primary DOI test sample aggregate,n,,high,unknown,unknown,unknown,unknown,unknown,unknown,unknown,,no,unknown,unknown,no,unknown,,,,,False,unknown,True,True,low,0.4845070088284293,0.9597881934608568,,,,,,,,,,,,,,,,,,,,,,,,,0.8221313611977817,-0.3852943551810305,-1.2074257163788122,1.2074257163788122,0.2989659127177747,large_under_prediction,unknown,no,65,B,manual review required; sintering check required later,high observed ZT; important candidate for paper; high predicted ZT,True,True,True,True,True,not_evaluable,not_evaluable,missing_additive_or_structure_annotation; possible_sintering_or_microstructure_effect; tau_eff_ML_prediction_error,candidate hypothesis only; no causal mechanism proven,60,B,observed high ZT; missing sintering info for high-ZT/error sample; manual review not checked
10.1021_acsaem.1c02589__sample_46138,10.1021/acsaem.1c02589,https://doi.org/10.1021/acsaem.1c02589,,46138,Pb0.98Sb0.02Te,unknown,n,12,8,4,6,0.4958078490488278,1.133016464898093,0.6372086158492651,0.5689142923577294,0.509902836949072,-0.0590114554086573,0.57018065543588,0.5222621584235262,-0.0479184970123538,0.4261156497223193,0.5869048961574281,0.1607892464351088,1.051197,2.261212022996633,0.8163817153773584,1.0684047166013684,unknown,no,no,ML_close_to_fitting,primary DOI test sample aggregate,n,,high,unknown,unknown,unknown,unknown,unknown,unknown,unknown,,no,unknown,unknown,no,unknown,,,,,False,unknown,True,True,low,0.4958078490488278,0.9476107587857674,,,,,,,,,,,,,,,,,,,,,,,,,1.0189071936278316,-0.3852943551810305,-1.404201548808862,1.404201548808862,0.2455630483059689,large_under_prediction,unknown,no,65,B,manual review required; sintering check required later,high observed ZT; important candidate for paper; high predicted ZT,True,True,True,True,True,not_evaluable,not_evaluable,missing_additive_or_structure_annotation; possible_sintering_or_microstructure_effect; tau_eff_ML_prediction_error,candidate hypothesis only; no causal mechanism proven,90,A,observed high ZT; ZT_ML false negative; missing sintering info for high-ZT/error sample; manual review not checked
10.1021_acsaem.1c02589__sample_46140,10.1021/acsaem.1c02589,https://doi.org/10.1021/acsaem.1c02589,,46140,Pb0.935Sn0.05Sb0.015Te,unknown,n,10,6,5,5,0.2979326962423135,0.7024497330537296,0.404517036811416,0.2176482537961333,0.4449128755962127,0.2272646218000793,0.2436819217965685,0.4147337669152535,0.171051845118685,0.2526263790760256,0.444288590590307,0.1916622115142814,1.290433,1.991445051728127,1.0541369651612025,1.2759643663529012,unknown,no,no,ML_moderately_worse,primary DOI test sample aggregate,n,,high,unknown,unknown,unknown,unknown,unknown,unknown,unknown,,no,unknown,unknown,no,unknown,,,,,False,unknown,True,True,medium,0.2979326962423135,0.6587906591579259,,,,,,,,,,,,,,,,,,,,,,,,,0.6842804898054642,-0.3249959226355373,-1.0092764124410014,1.0092764124410014,0.3644826192655907,large_under_prediction,unknown,no,65,B,manual review required; sintering check required later,high observed ZT; important candidate for paper; high predicted ZT,True,True,True,True,True,both_good,material_system_out_of_distribution,missing_additive_or_structure_annotation; possible_sintering_or_microstructure_effect; tau_eff_ML_prediction_error,candidate hypothesis only; no causal mechanism proven,60,B,observed high ZT; missing sintering info for high-ZT/error sample; manual review not checked
10.1021_acsaem.1c02589__sample_46141,10.1021/acsaem.1c02589,https://doi.org/10.1021/acsaem.1c02589,,46141,Pb0.885Sn0.10Sb0.015Te,unknown,n,10,9,8,8,0.3592458186473994,0.6525009927982386,0.2932551741508391,0.2652673019641223,0.4394583959718122,0.1741910940076898,0.2557210353890732,0.413668177508842,0.1579471421197688,0.2712348964849093,0.4261214637565271,0.1548865672716178,1.170118,1.9446462419644777,1.127923507314512,1.1488196865158202,unknown,no,no,ML_moderately_worse,primary DOI test sample aggregate,n,,high,unknown,unknown,unknown,unknown,unknown,unknown,unknown,,no,unknown,unknown,no,unknown,,,,,False,unknown,True,True,medium,0.3592458186473994,0.77541582582487,,,,,,,,,,,,,,,,,,,,,,,,,0.5928440892713807,-0.3249959226355373,-0.917840011906918,0.917840011906918,0.3993807677928022,large_under_prediction,unknown,no,65,B,manual review required; sintering check required later,high observed ZT; important candidate for paper; high predicted ZT,True,True,True,True,True,both_good,material_system_out_of_distribution,missing_additive_or_structure_annotation; possible_sintering_or_microstructure_effect,candidate hypothesis only; no causal mechanism proven,60,B,observed high ZT; missing sintering info for high-ZT/error sample; manual review not checked
10.1021_acsaem.1c02589__sample_46142,10.1021/acsaem.1c02589,https://doi.org/10.1021/acsaem.1c02589,,46142,Pb0.835Sn0.15Sb0.015Te,unknown,n,10,8,6,6,0.3195460824612939,0.367245597000302,0.047699514539008,0.1791051854230112,0.2685076105786612,0.0894024251556499,0.1991560928792239,0.2765578366193331,0.0774017437401091,0.2013531834707043,0.2783911736350218,0.0770379901643174,1.068676,1.3321831480891786,1.1116249309606572,1.097476793464458,unknown,no,no,ML_close_to_fitting,primary DOI test sample aggregate,n,,high,unknown,unknown,unknown,unknown,unknown,unknown,unknown,,no,unknown,unknown,no,unknown,,,,,False,unknown,True,True,medium,0.3195460824612939,0.7098727626844641,,,,,,,,,,,,,,,,,,,,,,,,,0.2291385621939854,-0.3249959226355373,-0.5541344848295227,0.5541344848295227,0.574569344533005,large_under_prediction,unknown,no,65,B,manual review required; sintering check required later,high observed ZT; important candidate for paper; high predicted ZT,True,True,True,True,True,both_good,material_system_out_of_distribution,missing_additive_or_structure_annotation; possible_sintering_or_microstructure_effect,candidate hypothesis only; no causal mechanism proven,60,B,observed high ZT; missing sintering info for high-ZT/error sample; manual review not checked
10.1021_acsaem.1c02589__sample_46143,10.1021/acsaem.1c02589,https://doi.org/10.1021/acsaem.1c02589,,46143,Pb0.785Sn0.20Sb0.015Te,unknown,n,10,9,7,7,0.2764946007926868,0.3105177730942159,0.0340231723015291,0.1917134439947526,0.2039485506320246,0.0122351066372719,0.2545445172215106,0.2281279391654658,-0.0264165780560447,0.2434756200552999,0.2153788283833415,-0.0280967916719583,1.092267,1.64810882121953,1.8982850438674177,1.114868202372148,unknown,no,no,ML_close_to_fitting,primary DOI test sample aggregate,n,,high,unknown,unknown,unknown,unknown,unknown,unknown,unknown,,no,unknown,unknown,no,unknown,,,,,False,unknown,True,True,medium,0.2764946007926868,0.6087209852101311,,,,,,,,,,,,,,,,,,,,,,,,,-0.0931800608912045,-0.3249959226355373,-0.2318158617443327,0.2318158617443327,0.793092148466664,good,unknown,no,65,B,manual review required; sintering check required later,high observed ZT; important candidate for paper; high predicted ZT,True,True,True,True,True,both_good,material_system_out_of_distribution,missing_additive_or_structure_annotation; possible_sintering_or_microstructure_effect,candidate hypothesis only; no causal mechanism proven,60,B,observed high ZT; missing sintering info for high-ZT/error sample; manual review not checked
10.1021_acsaem.1c02589__sample_46144,10.1021/acsaem.1c02589,https://doi.org/10.1021/acsaem.1c02589,,46144,Pb0.735Sn0.25Sb0.015Te,unknown,n,10,9,4,6,0.2693547089788848,0.6430599114671807,0.3737052024882958,0.2553367849265475,0.8371399930509036,0.581803208124356,0.2369132589489319,1.026748773026511,0.7898355140775791,0.2713962961487172,1.059297085290258,0.7879007891415408,1.035649,1.3153822908154047,2.358574017656254,1.091784866751251,unknown,no,no,ML_much_worse,primary DOI test sample aggregate,n,,high,unknown,unknown,unknown,unknown,unknown,unknown,unknown,,no,unknown,unknown,no,unknown,,,,,False,unknown,True,True,medium,0.2693547089788848,0.5819952044381556,,,,,,,,,,,,,,,,,,,,,,,,,-0.5357875201879126,-0.3249959226355373,0.2107915975523753,0.2107915975523753,1.2346550231192324,good,unknown,no,65,B,manual review required; sintering check required later,high observed ZT; important candidate for paper; high predicted ZT,True,True,True,True,True,fitting_good_ML_bad,insufficient_material_features,missing_additive_or_structure_annotation; possible_sintering_or_microstructure_effect,candidate hypothesis only; no causal mechanism proven,120,A,ML much worse than fitting; observed high ZT; missing additive info and ML bad; missing structure info and ML bad; missing sintering info for high-ZT/error sample; manual review not checked
10.1021_acsaem.1c02589__sample_46145,10.1021/acsaem.1c02589,https://doi.org/10.1021/acsaem.1c02589,,46145,Pb0.685Sn0.30Sb0.015Te,unknown,n,10,8,4,8,0.2101671105541954,0.8821963713874006,0.6720292608332051,0.1610641887344648,1.236563757836723,1.0754995691022582,0.1921408206226006,1.527367715245135,1.3352268946225343,0.1610641887344465,1.2365637578366744,1.0754995691022278,0.7089098,0.8343492531301004,1.9653950990390927,0.818325239660927,unknown,no,no,ML_much_worse,primary DOI test sample aggregate,n,,high,unknown,unknown,unknown,unknown,unknown,unknown,unknown,,no,unknown,unknown,no,unknown,,,,,False,unknown,True,True,medium,0.2101671105541954,0.4330734524067776,,,,,,,,,,,,,,,,,,,,,,,,,-0.8086541412710387,-0.3249959226355373,0.4836582186355014,0.4836582186355014,1.6219971824948256,moderate_error,unknown,no,0,low,no major issue,,True,True,True,True,True,fitting_good_ML_bad,insufficient_material_features,missing_additive_or_structure_annotation; possible_sintering_or_microstructure_effect,candidate hypothesis only; no causal mechanism proven,115,A,ML much worse than fitting; ZT_ML false positive; missing additive info and ML bad; missing structure info and ML bad; missing sintering info for high-ZT/error sample; manual review not checked
10.1021_acsami.0c01004__sample_32842,10.1021/acsami.0c01004,https://doi.org/10.1021/acsami.0c01004,,32842,Mn3.2Sb1.5Bi0.49Se0.01,unknown,n,9,6,5,5,0.3903929513737687,0.6189558170589564,0.2285628656851877,0.4342646686172247,1.0350811307708785,0.6008164621536536,0.4983127692149559,1.13736361796507,0.639050848750114,0.5035816217711122,1.147129901211262,0.6435482794401499,1.24757,1.0273330173023696,1.6607647207936105,1.2455792308147842,unknown,no,no,ML_much_worse,primary DOI test sample aggregate,n,,high,unknown,unknown,unknown,unknown,unknown,unknown,unknown,,no,unknown,unknown,no,unknown,,,,,False,unknown,True,True,medium,0.3903929513737686,0.2609015554503581,,,,,,,,,,,,,,,,,,,,,,,,,-1.1620081675700331,-0.3338495819915217,0.8281585855785114,0.8281585855785114,2.289099675778055,large_over_prediction,unknown,no,65,B,manual review required; sintering check required later,high observed ZT; important candidate for paper; high predicted ZT,True,True,True,True,True,fitting_good_ML_bad,insufficient_material_features,missing_additive_or_structure_annotation; possible_sintering_or_microstructure_effect,candidate hypothesis only; no causal mechanism proven,120,A,ML much worse than fitting; observed high ZT; missing additive info and ML bad; missing structure info and ML bad; missing sintering info for high-ZT/error sample; manual review not checked
10.1021_acsami.0c01004__sample_32843,10.1021/acsami.0c01004,https://doi.org/10.1021/acsami.0c01004,,32843,Mg3.19Mn0.01Sb1.5Bi0.49Se0.01,unknown,n,9,8,7,8,0.1914322126953841,0.2450260585150231,0.0535938458196389,0.1808447686383782,0.2034861936673635,0.0226414250289853,0.202353046058932,0.2070175324394179,0.0046644863804858,0.1808447686383679,0.2034861936673557,0.0226414250289877,1.429412,1.4999755497847551,1.2872473255517924,1.5077492932231178,unknown,no,no,ML_close_to_fitting,primary DOI test sample aggregate,n,,high,unknown,unknown,unknown,unknown,unknown,unknown,unknown,,no,unknown,unknown,no,unknown,,,,,False,unknown,True,True,medium,0.1914322126953841,0.0572900915405336,,,,,,,,,,,,,,,,,,,,,,,,,-0.8316735802146908,-1.1529040709565952,-0.3212304907419043,0.3212304907419043,0.7252560669147569,moderate_error,unknown,no,65,B,manual review required; sintering check required later,high observed ZT; important candidate for paper; high predicted ZT,True,True,True,True,True,both_good,material_system_out_of_distribution,missing_additive_or_structure_annotation; possible_sintering_or_microstructure_effect,candidate hypothesis only; no causal mechanism proven,60,B,observed high ZT; missing sintering info for high-ZT/error sample; manual review not checked
10.1021_acsami.0c01004__sample_32844,10.1021/acsami.0c01004,https://doi.org/10.1021/acsami.0c01004,,32844,Mg3.18Mn0.02Sb1.5Bi0.49Se0.01,unknown,n,9,8,8,8,0.1913165123550221,0.2739064826863664,0.0825899703313443,0.1816039202721586,0.2177104928057837,0.036106572533625,0.1853330328988672,0.2193851194506754,0.0340520865518081,0.1816039202721582,0.2177104928057893,0.0361065725336312,1.590537,1.5568157927804482,1.2796995829792763,1.5874121140645954,unknown,no,no,ML_close_to_fitting,primary DOI test sample aggregate,n,,high,unknown,unknown,unknown,unknown,unknown,unknown,unknown,,no,unknown,unknown,no,unknown,,,,,False,unknown,True,True,medium,0.1913165123550221,0.058923025015708,,,,,,,,,,,,,,,,,,,,,,,,,-0.7885990785524923,-1.1529040709565952,-0.3643049924041028,0.3643049924041028,0.6946792905230675,moderate_error,unknown,no,65,B,manual review required; sintering check required later,high observed ZT; important candidate for paper; high predicted ZT,True,True,True,True,True,both_good,material_system_out_of_distribution,missing_additive_or_structure_annotation; possible_sintering_or_microstructure_effect,candidate hypothesis only; no causal mechanism proven,60,B,observed high ZT; missing sintering info for high-ZT/error sample; manual review not checked
10.1021_acsami.0c01004__sample_32845,10.1021/acsami.0c01004,https://doi.org/10.1021/acsami.0c01004,,32845,Mg3.17Mn0.03Sb1.5Bi0.49Se0.01,unknown,n,9,9,9,9,0.1649985719762901,0.2114680895197737,0.0464695175434835,0.1438697755800698,0.1696704803247299,0.0258007047446601,0.1452959538188135,0.1783878997756965,0.033091945956883,0.1438697755800474,0.1696704803247119,0.0258007047446644,1.539898,1.516693504985138,1.328787545743905,1.496086684880488,unknown,no,no,ML_close_to_fitting,primary DOI test sample aggregate,n,,high,unknown,unknown,unknown,unknown,unknown,unknown,unknown,,no,unknown,unknown,no,unknown,,,,,False,unknown,True,True,medium,0.1649985719762901,0.0344289388412257,,,,,,,,,,,,,,,,,,,,,,,,,-0.8523505727307802,-1.1529040709565952,-0.300553498225815,0.300553498225815,0.7404082925686263,moderate_error,unknown,no,65,B,manual review required; sintering check required later,high observed ZT; important candidate for paper; high predicted ZT,True,True,True,True,True,both_good,material_system_out_of_distribution,missing_additive_or_structure_annotation; possible_sintering_or_microstructure_effect,candidate hypothesis only; no causal mechanism proven,60,B,observed high ZT; missing sintering info for high-ZT/error sample; manual review not checked
10.1021_acsami.1c04326__sample_45073,10.1021/acsami.1c04326,https://doi.org/10.1021/acsami.1c04326,,45073,Sn0.94Ag0.09Y0.03Te,unknown,p,12,11,10,10,0.3531774014809855,1.196304912756329,0.8431275112753435,0.3446223192505857,0.6665656304768811,0.3219433112262954,0.3652553851779779,0.6622413616260425,0.2969859764480646,0.3633543262951942,0.6600929832027289,0.2967386569075346,1.028868,1.4560078527759042,0.4642718071363633,1.0099403843168844,unknown,no,no,ML_moderately_worse,primary DOI test sample aggregate,p,,high,unknown,unknown,unknown,unknown,unknown,unknown,unknown,,no,unknown,unknown,no,unknown,,,,,False,unknown,True,True,medium,0.3531774014809856,0.5438945490208177,,,,,,,,,,,,,,,,,,,,,,,,,1.847679795981047,1.6611377410475143,-0.1865420549335323,0.1865420549335323,0.8298236630385226,good,unknown,no,65,B,manual review required; sintering check required later,high observed ZT; important candidate for paper; high predicted ZT,True,True,True,True,True,fitting_good_ML_bad,insufficient_material_features,missing_additive_or_structure_annotation; possible_sintering_or_microstructure_effect,candidate hypothesis only; no causal mechanism proven,90,A,observed high ZT; ZT_ML false negative; missing sintering info for high-ZT/error sample; manual review not checked
10.1021_acsami.1c04326__sample_45075,10.1021/acsami.1c04326,https://doi.org/10.1021/acsami.1c04326,,45075,Sn0.94Ag0.09Y0.05Te,unknown,p,12,9,4,8,0.3010571630762908,1.1587152921458022,0.8576581290695113,0.2533275666536008,0.6584636173826756,0.4051360507290747,0.2417455943684522,0.6144596637253867,0.3727140693569345,0.2412508127088004,0.6423127894430121,0.4010619767342116,1.208221,1.415368427047036,0.4623043657713093,1.2192929481673374,unknown,no,no,ML_moderately_worse,primary DOI test sample aggregate,p,,high,unknown,unknown,unknown,unknown,unknown,unknown,unknown,,no,unknown,unknown,no,unknown,,,,,False,unknown,True,True,medium,0.301057163076291,0.4086474156639027,,,,,,,,,,,,,,,,,,,,,,,,,1.8236180199274947,1.6611377410475143,-0.1624802788799801,0.1624802788799801,0.8500328536600286,good,unknown,no,65,B,manual review required; sintering check required later,high observed ZT; important candidate for paper; high predicted ZT,True,True,True,True,True,fitting_good_ML_bad,insufficient_material_features,missing_additive_or_structure_annotation; possible_sintering_or_microstructure_effect,candidate hypothesis only; no causal mechanism proven,90,A,observed high ZT; ZT_ML false negative; missing sintering info for high-ZT/error sample; manual review not checked
10.1021_acsami.1c04326__sample_45076,10.1021/acsami.1c04326,https://doi.org/10.1021/acsami.1c04326,,45076,Sn0.94Ag0.09Y0.07Te,unknown,p,12,12,8,10,0.3076660585326244,1.0897057529331984,0.782039694400574,0.278805020196089,0.6316078909058664,0.3528028707097774,0.2718718199275785,0.6463136478125022,0.3744418278849237,0.301238889233589,0.6317214728123954,0.3304825835788064,1.078116,1.233170920004371,0.4335353159211353,1.0688909398135185,unknown,no,no,ML_moderately_worse,primary DOI test sample aggregate,p,,high,unknown,unknown,unknown,unknown,unknown,unknown,unknown,,no,unknown,unknown,no,unknown,,,,,False,unknown,True,True,medium,0.3076660585326244,0.4170318395406721,,,,,,,,,,,,,,,,,,,,,,,,,1.7500672007700098,1.6611377410475143,-0.0889294597224952,0.0889294597224952,0.9149101093112436,good,unknown,no,65,B,manual review required; sintering check required later,high observed ZT; important candidate for paper; high predicted ZT,True,True,True,True,True,fitting_good_ML_bad,insufficient_material_features,missing_additive_or_structure_annotation; possible_sintering_or_microstructure_effect,candidate hypothesis only; no causal mechanism proven,90,A,observed high ZT; ZT_ML false negative; missing sintering info for high-ZT/error sample; manual review not checked
10.1021_acsami.1c12282__sample_45831,10.1021/acsami.1c12282,https://doi.org/10.1021/acsami.1c12282,,45831,GeTe,unknown,p,9,6,6,6,0.3186976506843266,1.0645239104864364,0.7458262598021097,0.2913604577891406,0.5851742394723746,0.2938137816832339,0.3151949387700474,0.5675353457688891,0.2523404069988417,0.291360457789137,0.5851742394723679,0.2938137816832309,1.171598,1.756012269126141,0.6359389048489552,1.2091132796105757,unknown,no,no,ML_moderately_worse,primary DOI test sample aggregate,p,,high,unknown,unknown,unknown,unknown,unknown,unknown,unknown,,no,unknown,unknown,no,unknown,,,,,False,unknown,True,True,medium,0.3186976506843266,0.3834307139454153,,,,,,,,,,,,,,,,,,,,,,,,,2.0872604866400764,1.6451320951512611,-0.4421283914888152,0.4421283914888152,0.6426671171703358,moderate_error,unknown,no,65,B,manual review required; sintering check required later,high observed ZT; important candidate for paper; high predicted ZT,True,True,True,True,True,fitting_good_ML_bad,insufficient_material_features,missing_additive_or_structure_annotation; possible_sintering_or_microstructure_effect,candidate hypothesis only; no causal mechanism proven,90,A,observed high ZT; ZT_ML false negative; missing sintering info for high-ZT/error sample; manual review not checked
10.1021_acsami.1c12282__sample_45832,10.1021/acsami.1c12282,https://doi.org/10.1021/acsami.1c12282,,45832,Al0.01Ge0.99Te,unknown,p,9,8,4,7,0.2544103999469786,1.4754583210817818,1.221047921134803,0.2283845825716006,0.7520844107606247,0.523699828189024,0.3110985707446162,0.6934865638579627,0.3823879931133465,0.2522319264250766,0.7480131725068938,0.4957812460818172,0.9621302,1.4201878216526649,0.3320167216219358,1.186259435547286,unknown,no,no,ML_moderately_worse,primary DOI test sample aggregate,p,,high,unknown,unknown,unknown,unknown,unknown,unknown,unknown,,no,unknown,unknown,no,unknown,,,,,False,unknown,True,True,medium,0.2544103999469786,0.3293437202298331,,,,,,,,,,,,,,,,,,,,,,,,,2.0837883074683785,0.8874425684522511,-1.1963457390161274,1.1963457390161274,0.3022968676382231,large_under_prediction,unknown,no,65,B,predicted high ZT false positive; manual review required; sintering check required later,high-ZT false positive; important candidate for paper; high predicted ZT; carried from Step14,True,True,True,True,True,fitting_good_ML_bad,tau_eff_ML_prediction_error,missing_additive_or_structure_annotation,candidate hypothesis only; no causal mechanism proven,10,low,manual review not checked
10.1021_acsami.1c12282__sample_45833,10.1021/acsami.1c12282,https://doi.org/10.1021/acsami.1c12282,,45833,Al0.02Ge0.98Te,unknown,p,9,7,7,7,0.2081021918507313,1.4638875142114385,1.2557853223607072,0.2020970417542902,0.7516432508011003,0.5495462090468101,0.2483420628217739,0.7518056937778738,0.5034636309560998,0.2020970417542897,0.7516432508010711,0.5495462090467813,0.9301775,1.2411033398921445,0.2914112934747704,0.94536463584994,unknown,no,no,ML_much_worse,primary DOI test sample aggregate,p,,high,unknown,unknown,unknown,unknown,unknown,unknown,unknown,,no,unknown,unknown,no,unknown,,,,,False,unknown,True,True,medium,0.2081021918507313,0.2812078462396157,,,,,,,,,,,,,,,,,,,,,,,,,2.0794496351066067,0.8874425684522511,-1.1920070666543556,1.1920070666543556,0.3036112840520895,large_under_prediction,unknown,no,65,B,predicted high ZT false positive; manual review required; sintering check required later,high-ZT false positive; important candidate for paper; high predicted ZT; carried from Step14,True,True,True,True,True,fitting_good_ML_bad,tau_eff_ML_prediction_error,missing_additive_or_structure_annotation; possible_sintering_or_microstructure_effect,candidate hypothesis only; no causal mechanism proven,90,A,ML much worse than fitting; missing additive info and ML bad; missing structure info and ML bad; missing sintering info for high-ZT/error sample; manual review not checked
10.1021_acsami.1c12282__sample_45834,10.1021/acsami.1c12282,https://doi.org/10.1021/acsami.1c12282,,45834,Al0.03Ge0.97Te,unknown,p,9,8,6,8,0.1836455280411776,1.464417557986607,1.2807720299454295,0.170239310162443,0.7601437517073106,0.5899044415448677,0.221858149961391,0.7429647463572672,0.5211065963958762,0.1702393101624508,0.7601437517072854,0.5899044415448346,0.8911243,1.077234067880514,0.2519662399455732,0.949887945091809,unknown,no,no,ML_much_worse,primary DOI test sample aggregate,p,,high,unknown,unknown,unknown,unknown,unknown,unknown,unknown,,no,unknown,unknown,no,unknown,,,,,False,unknown,True,True,medium,0.1836455280411776,0.2586314581419693,,,,,,,,,,,,,,,,,,,,,,,,,2.083286107528048,0.8874425684522511,-1.1958435390757969,1.1958435390757969,0.3024487192338527,large_under_prediction,unknown,no,65,B,predicted high ZT false positive; manual review required; sintering check required later,high-ZT false positive; important candidate for paper; high predicted ZT; carried from Step14,True,True,True,True,True,fitting_good_ML_bad,tau_eff_ML_prediction_error,missing_additive_or_structure_annotation; possible_sintering_or_microstructure_effect,candidate hypothesis only; no causal mechanism proven,90,A,ML much worse than fitting; missing additive info and ML bad; missing structure info and ML bad; missing sintering info for high-ZT/error sample; manual review not checked
10.1021_acsami.1c12282__sample_45835,10.1021/acsami.1c12282,https://doi.org/10.1021/acsami.1c12282,,45835,Sb0.05Ge0.95Te,unknown,p,9,9,8,9,0.2492678662127118,0.952633590353306,0.7033657241405942,0.2027978782065924,0.5888477779365958,0.3860498997300033,0.1775769133569416,0.5843867873351872,0.4068098739782456,0.2027978782065852,0.5888477779365833,0.386049899729998,1.656008,2.4972939227829376,0.9957732062424538,1.8612929507840072,unknown,no,no,ML_moderately_worse,primary DOI test sample aggregate,p,,high,unknown,unknown,unknown,unknown,unknown,unknown,unknown,,no,unknown,unknown,no,unknown,,,,,False,unknown,True,True,medium,0.2492678662127118,0.2661834238206629,,,,,,,,,,,,,,,,,,,,,,,,,1.3994578629749532,0.1135456991990303,-1.2859121637759228,1.2859121637759228,0.2763983480485667,large_under_prediction,unknown,no,65,B,manual review required; sintering check required later,high observed ZT; important candidate for paper; high predicted ZT,True,True,True,True,True,not_evaluable,not_evaluable,missing_additive_or_structure_annotation; possible_sintering_or_microstructure_effect; tau_eff_ML_prediction_error,candidate hypothesis only; no causal mechanism proven,90,A,observed high ZT; ZT_ML false negative; missing sintering info for high-ZT/error sample; manual review not checked
10.1021_acsami.1c12282__sample_45836,10.1021/acsami.1c12282,https://doi.org/10.1021/acsami.1c12282,,45836,Sb0.1Ge0.9Te,unknown,p,9,0,0,0,0.2601936471830095,0.2644609105962023,0.0042672634131927,,,,,,,,,,1.697573,,,,unknown,no,no,not_evaluated,primary DOI test sample aggregate,p,,high,unknown,unknown,unknown,unknown,unknown,unknown,unknown,,no,unknown,unknown,no,unknown,,,,,False,unknown,True,True,medium,0.2601936471830095,0.4086510723333383,,,,,,,,,,,,,,,,,,,,,,,,,0.4326980228604273,0.1135456991990303,-0.3191523236613969,0.3191523236613969,0.726764837393524,moderate_error,unknown,no,50,B,insufficient ZT evaluation rows; manual review required; sintering check required later,high observed ZT; important candidate for paper,True,True,True,True,True,not_evaluable,not_evaluable,missing_additive_or_structure_annotation; possible_sintering_or_microstructure_effect,candidate hypothesis only; no causal mechanism proven,90,A,observed high ZT; ZT_ML false negative; missing sintering info for high-ZT/error sample; manual review not checked
10.1021_acsami.1c12282__sample_45837,10.1021/acsami.1c12282,https://doi.org/10.1021/acsami.1c12282,,45837,Sb0.15Ge0.85Te,unknown,p,9,9,9,9,0.4875489039653377,0.7988013335239303,0.3112524295585926,0.469299612421951,1.1495622356124295,0.6802626231904785,0.5003815890063253,1.2813413325174852,0.7809597435111598,0.4692996124219156,1.1495622356123494,0.6802626231904338,1.580759,1.0922831709185763,2.056541622028945,1.6502837719995238,unknown,no,no,ML_much_worse,primary DOI test sample aggregate,p,,high,unknown,unknown,unknown,unknown,unknown,unknown,unknown,,no,unknown,unknown,no,unknown,,,,,False,unknown,True,True,medium,0.4875489039653377,0.7558623311405663,,,,,,,,,,,,,,,,,,,,,,,,,-0.1527411936673793,0.1135456991990303,0.2662868928664096,0.2662868928664096,1.3051094315677063,moderate_error,unknown,no,65,B,manual review required; sintering check required later,high observed ZT; important candidate for paper; high predicted ZT,True,True,True,True,True,both_poor,missing_additive_or_structure_annotation,possible_sintering_or_microstructure_effect,candidate hypothesis only; no causal mechanism proven,120,A,ML much worse than fitting; observed high ZT; missing additive info and ML bad; missing structure info and ML bad; missing sintering info for high-ZT/error sample; manual review not checked
10.1021_acsami.1c12282__sample_45838,10.1021/acsami.1c12282,https://doi.org/10.1021/acsami.1c12282,,45838,Al0.005Sb0.1Ge0.895Te,unknown,p,9,8,6,6,0.2266493263669219,0.2374061268203895,0.0107568004534676,0.2015204310841011,0.2162733468815271,0.014752915797426,0.2141023493619264,0.2309281626867725,0.0168258133248461,0.2413896223445095,0.2590612834940031,0.0176716611494936,1.788779,1.4307129728459604,1.535452665516902,1.7593480239975354,unknown,no,no,ML_close_to_fitting,primary DOI test sample aggregate,p,,high,unknown,unknown,unknown,unknown,unknown,unknown,unknown,,no,unknown,unknown,no,unknown,,,,,False,unknown,True,True,medium,0.2266493263669219,0.36282520770579,,,,,,,,,,,,,,,,,,,,,,,,,0.3959949257887398,1.0120157589407812,0.6160208331520414,0.6160208331520414,1.851545754426951,large_over_prediction,unknown,no,65,B,manual review required; sintering check required later,high observed ZT; important candidate for paper; high predicted ZT,True,True,True,True,True,both_good,material_system_out_of_distribution,missing_additive_or_structure_annotation; possible_sintering_or_microstructure_effect,candidate hypothesis only; no causal mechanism proven,60,B,observed high ZT; missing sintering info for high-ZT/error sample; manual review not checked
10.1021_acsami.1c12282__sample_45839,10.1021/acsami.1c12282,https://doi.org/10.1021/acsami.1c12282,,45839,Al0.0075Sb0.1Ge0.8925Te,unknown,p,9,9,9,9,0.223117906572646,0.2495764498875319,0.0264585433148859,0.1953235754411361,0.2214779450613735,0.0261543696202373,0.1709992987497942,0.1817008651630461,0.0107015664132519,0.1953235754411324,0.2214779450613597,0.0261543696202273,1.986617,1.7133689423095575,1.9161067588573089,2.077037975795474,unknown,no,no,ML_close_to_fitting,primary DOI test sample aggregate,p,,high,unknown,unknown,unknown,unknown,unknown,unknown,unknown,,no,unknown,unknown,no,unknown,,,,,False,unknown,True,True,medium,0.223117906572646,0.3606307099312488,,,,,,,,,,,,,,,,,,,,,,,,,0.3548134334077761,1.0120157589407812,0.6572023255330051,0.6572023255330051,1.9293869800257333,large_over_prediction,unknown,no,65,B,manual review required; sintering check required later,high observed ZT; important candidate for paper; high predicted ZT,True,True,True,True,True,both_good,material_system_out_of_distribution,missing_additive_or_structure_annotation; possible_sintering_or_microstructure_effect,candidate hypothesis only; no causal mechanism proven,60,B,observed high ZT; missing sintering info for high-ZT/error sample; manual review not checked
10.1021_acsami.1c12282__sample_45840,10.1021/acsami.1c12282,https://doi.org/10.1021/acsami.1c12282,,45840,Al0.01Sb0.1Ge0.89Te,unknown,p,9,9,9,9,0.2680131640171172,0.3102085392112647,0.0421953751941475,0.2197518001076268,0.2868421681369009,0.067090368029274,0.2823526861099285,0.3758831683946986,0.0935304822847701,0.2197518001076255,0.2868421681368833,0.0670903680292577,1.961611,1.796694238598504,2.1004422874243884,2.141704682008004,unknown,no,no,ML_close_to_fitting,primary DOI test sample aggregate,p,,high,unknown,unknown,unknown,unknown,unknown,unknown,unknown,,no,unknown,unknown,no,unknown,,,,,False,unknown,True,True,medium,0.2680131640171172,0.4766414252790527,,,,,,,,,,,,,,,,,,,,,,,,,0.3104477637071146,1.0120157589407812,0.7015679952336666,0.7015679952336666,2.0169127389272647,large_over_prediction,unknown,no,65,B,manual review required; sintering check required later,high observed ZT; important candidate for paper; high predicted ZT,True,True,True,True,True,both_good,material_system_out_of_distribution,missing_additive_or_structure_annotation; possible_sintering_or_microstructure_effect,candidate hypothesis only; no causal mechanism proven,60,B,observed high ZT; missing sintering info for high-ZT/error sample; manual review not checked
10.1021_acsami.5b09327__sample_4840,10.1021/acsami.5b09327,https://doi.org/10.1021/acsami.5b09327,,4840,Co0.9Ni0.07Fe0.03Sb3,unknown,n,39,14,4,4,0.234031510397788,2.2304438268782936,1.9964123164805057,0.2143964660812063,9.686316479562482,9.471920013481276,0.1721426570670636,8.59844400624231,8.426301349175247,0.2677266118591002,10.129824060760871,9.862097448901771,0.1024096,0.1136817216298412,1.044751650504925,0.0875395642716929,unknown,no,no,ML_much_worse,primary DOI test sample aggregate,n,,high,unknown,unknown,unknown,unknown,unknown,unknown,unknown,,no,unknown,unknown,no,unknown,,,,,False,unknown,True,True,medium,0.234031510397788,0.4744648695630477,,,,,,,,,,,,,,,,,,,,,,,,,-1.4534226057337918,-0.0391381242491149,1.414284481484677,1.414284481484677,4.113542097189589,large_over_prediction,unknown,no,0,low,no major issue,,True,True,True,True,True,fitting_good_ML_bad,tau_eff_ML_prediction_error,missing_additive_or_structure_annotation; possible_sintering_or_microstructure_effect,candidate hypothesis only; no causal mechanism proven,115,A,ML much worse than fitting; ZT_ML false positive; missing additive info and ML bad; missing structure info and ML bad; missing sintering info for high-ZT/error sample; manual review not checked
10.1021_acsami.5b09327__sample_4845,10.1021/acsami.5b09327,https://doi.org/10.1021/acsami.5b09327,,4845,Co0.76Ni0.14Fe0.1Sb3,unknown,n,41,21,4,6,0.1943063297941918,1.1710379453865587,0.9767316155923668,0.1660922564552047,2.472731376608329,2.3066391201531244,0.1584814231101778,2.629012286829914,2.470530863719736,0.174829750756118,2.674596349575813,2.499766598819695,0.4581152,0.4444533431712126,1.4104304610754983,0.4681830119461166,unknown,no,no,ML_much_worse,primary DOI test sample aggregate,n,,high,unknown,unknown,unknown,unknown,unknown,unknown,unknown,,no,unknown,unknown,no,unknown,,,,,False,unknown,True,True,medium,0.1943063297941918,0.2824432948249077,,,,,,,,,,,,,,,,,,,,,,,,,-0.3900958964223358,-0.0391381242491149,0.3509577721732209,0.3509577721732209,1.4204273430859358,moderate_error,unknown,no,0,low,no major issue,,True,True,True,True,True,fitting_good_ML_bad,insufficient_material_features,missing_additive_or_structure_annotation; possible_sintering_or_microstructure_effect,candidate hypothesis only; no causal mechanism proven,115,A,ML much worse than fitting; ZT_ML false positive; missing additive info and ML bad; missing structure info and ML bad; missing sintering info for high-ZT/error sample; manual review not checked
10.1021_acsami.7b04098__sample_2830,10.1021/acsami.7b04098,https://doi.org/10.1021/acsami.7b04098,,2830,Pb0.94Na0.02Sr0.04Te,unknown,p,8,4,0,2,0.3136108966001271,0.3636773793715966,0.0500664827714694,0.319922538768543,0.2661163808588722,-0.0538061579096708,,,,0.2969842239098617,0.2470359454613127,-0.0499482784485489,1.758954,2.241591807400201,1.864589789279556,1.471938157354183,unknown,no,no,not_evaluated,primary DOI test sample aggregate,p,,high,unknown,unknown,unknown,unknown,unknown,unknown,unknown,,no,unknown,unknown,no,unknown,,,,,False,unknown,True,True,medium,0.3136108966001271,0.184649329091783,,,,,,,,,,,,,,,,,,,,,,,,,0.3845533783942283,0.1423890514845759,-0.2421643269096524,0.2421643269096524,0.784927182295255,good,unknown,no,75,B,insufficient ZT evaluation rows; manual review required; sintering check required later,high observed ZT; important candidate for paper; high predicted ZT,True,True,True,True,True,not_evaluable,not_evaluable,missing_additive_or_structure_annotation; possible_sintering_or_microstructure_effect,candidate hypothesis only; no causal mechanism proven,60,B,observed high ZT; missing sintering info for high-ZT/error sample; manual review not checked
10.1021_acsami.7b04098__sample_2831,10.1021/acsami.7b04098,https://doi.org/10.1021/acsami.7b04098,,2831,Pb0.94Na0.02Sr0.04Te,unknown,p,13,7,0,0,0.3030159936062102,0.3844517493682007,0.0814357557619905,0.2729630059884517,0.159202645588453,-0.1137603603999986,,,,,,,2.037159,,,,unknown,no,no,not_evaluated,primary DOI test sample aggregate,p,,high,unknown,unknown,unknown,unknown,unknown,unknown,unknown,,no,unknown,unknown,no,unknown,,,,,False,unknown,True,True,medium,0.3030159936062102,0.2043970133164332,,,,,,,,,,,,,,,,,,,,,,,,,0.4370185580574098,0.1423890514845759,-0.2946295065728339,0.2946295065728339,0.7448074826308997,moderate_error,unknown,no,50,B,insufficient ZT evaluation rows; manual review required; sintering check required later,high observed ZT; important candidate for paper,True,True,True,True,True,not_evaluable,not_evaluable,missing_additive_or_structure_annotation; possible_sintering_or_microstructure_effect,candidate hypothesis only; no causal mechanism proven,90,A,observed high ZT; ZT_ML false negative; missing sintering info for high-ZT/error sample; manual review not checked
10.1021_acsami.7b04098__sample_2832,10.1021/acsami.7b04098,https://doi.org/10.1021/acsami.7b04098,,2832,Pb0.94Na0.02Sr0.04Te,unknown,p,8,2,0,0,0.4203899436188321,0.4217647477385194,0.0013748041196873,0.6121191879501742,0.591641328961583,-0.0204778589885912,,,,,,,1.529104,,,,unknown,no,no,not_evaluated,primary DOI test sample aggregate,p,,high,unknown,unknown,unknown,unknown,unknown,unknown,unknown,,no,unknown,unknown,no,unknown,,,,,False,unknown,True,True,medium,0.4203899436188321,0.080685705967462,,,,,,,,,,,,,,,,,,,,,,,,,0.2344346404433361,0.1423890514845759,-0.0920455889587602,0.0920455889587602,0.9120635685688668,good,unknown,no,50,B,insufficient ZT evaluation rows; manual review required; sintering check required later,high observed ZT; important candidate for paper,True,True,True,True,True,not_evaluable,not_evaluable,missing_additive_or_structure_annotation; possible_sintering_or_microstructure_effect,candidate hypothesis only; no causal mechanism proven,90,A,observed high ZT; ZT_ML false negative; missing sintering info for high-ZT/error sample; manual review not checked
10.1021_acsami.8b15111__sample_42023,10.1021/acsami.8b15111,https://doi.org/10.1021/acsami.8b15111,,42023,Mg2Si0.35Sn0.635Bi0.015,unknown,n,7,7,6,7,0.1352489623465401,0.4348668154398836,0.2996178530933434,0.1143111320544901,0.332270353473345,0.2179592214188548,0.1055040705105618,0.3201073547723471,0.2146032842617852,0.114311132054488,0.3322703534733482,0.2179592214188602,1.102908,1.4078393244037954,0.9312347966640718,1.086550030376776,unknown,no,no,ML_moderately_worse,primary DOI test sample aggregate,n,,high,unknown,unknown,unknown,unknown,unknown,unknown,unknown,,no,unknown,unknown,no,unknown,,,,,False,unknown,True,False,medium,0.1352489623465401,0.2699673142819709,,,,,,,,,,,,,,,,,,,,,,,,,0.3971460822935422,0.2416764472161835,-0.1554696350773587,0.1554696350773587,0.8560130693049282,good,unknown,no,60,B,manual review required; sintering check required later,high observed ZT; important candidate for paper; high predicted ZT,True,True,True,True,True,both_good,material_system_out_of_distribution,missing_additive_or_structure_annotation; possible_sintering_or_microstructure_effect,candidate hypothesis only; no causal mechanism proven,90,A,observed high ZT; ZT_ML false negative; missing sintering info for high-ZT/error sample; manual review not checked
10.1021_acsami.8b15111__sample_42051,10.1021/acsami.8b15111,https://doi.org/10.1021/acsami.8b15111,,42051,Mg2Si0.35Sn0.62Bi0.03,unknown,n,7,6,1,6,0.1349139210147643,0.872361533567101,0.7374476125523367,0.1095366967169283,0.5629242819515067,0.4533875852345784,0.1387549590439526,0.5190203917990766,0.3802654327551239,0.1095366967169235,0.5629242819514942,0.4533875852345707,1.174678,1.67436405720852,0.7072065520557518,1.2828817442552876,unknown,no,no,ML_moderately_worse,primary DOI test sample aggregate,n,,high,unknown,unknown,unknown,unknown,unknown,unknown,unknown,,no,unknown,unknown,no,unknown,,,,,False,unknown,True,False,medium,0.1349139210147643,0.2803341366498377,,,,,,,,,,,,,,,,,,,,,,,,,0.8457120408722815,0.2416764472161835,-0.6040355936560979,0.6040355936560979,0.5466013183089999,large_under_prediction,unknown,no,70,B,manual review required; sintering check required later,high observed ZT; important candidate for paper; high predicted ZT,True,True,True,True,True,not_evaluable,not_evaluable,missing_additive_or_structure_annotation; possible_sintering_or_microstructure_effect,candidate hypothesis only; no causal mechanism proven,90,A,observed high ZT; ZT_ML false negative; missing sintering info for high-ZT/error sample; manual review not checked
10.1021_acsami.8b15111__sample_42052,10.1021/acsami.8b15111,https://doi.org/10.1021/acsami.8b15111,,42052,Mg2Si0.35Sn0.605Bi0.045,unknown,n,7,7,5,5,0.1334156778480537,0.7792771635377518,0.645861485689698,0.1112590975620924,0.531640195209203,0.4203810976471105,0.1158460633759335,0.5162238258253993,0.4003777624494656,0.1198013079515638,0.5132269234012353,0.3934256154496714,1.263781,1.6332042758635532,0.7578819437927772,1.2499639278405694,unknown,no,no,ML_moderately_worse,primary DOI test sample aggregate,n,,high,unknown,unknown,unknown,unknown,unknown,unknown,unknown,,no,unknown,unknown,no,unknown,,,,,False,unknown,True,False,medium,0.1334156778480537,0.2730138096030653,,,,,,,,,,,,,,,,,,,,,,,,,0.7516176631024722,0.2416764472161835,-0.5099412158862887,0.5099412158862887,0.6005308794502021,large_under_prediction,unknown,no,60,B,manual review required; sintering check required later,high observed ZT; important candidate for paper; high predicted ZT,True,True,True,True,True,not_evaluable,not_evaluable,missing_additive_or_structure_annotation; possible_sintering_or_microstructure_effect,candidate hypothesis only; no causal mechanism proven,90,A,observed high ZT; ZT_ML false negative; missing sintering info for high-ZT/error sample; manual review not checked
10.1021_acsami.8b15111__sample_42060,10.1021/acsami.8b15111,https://doi.org/10.1021/acsami.8b15111,,42060,Mg2Si0.325Sn0.645Bi0.03,unknown,n,7,7,3,5,0.1790061669303378,0.9482242271173432,0.7692180601870052,0.1575196668277822,0.5993451890198732,0.4418255221920909,0.1245755493838459,0.5683332048886196,0.4437576555047736,0.131391834510576,0.6032306435145646,0.4718388090039885,1.358467,1.7948754394171946,0.7073434907718911,1.340257065814607,unknown,no,no,ML_moderately_worse,primary DOI test sample aggregate,n,,high,unknown,unknown,unknown,unknown,unknown,unknown,unknown,,no,unknown,unknown,no,unknown,,,,,False,unknown,True,False,medium,0.1790061669303378,0.3696553686476698,,,,,,,,,,,,,,,,,,,,,,,,,0.9150206269514864,0.2416764472161835,-0.6733441797353029,0.6733441797353029,0.5100001904995515,large_under_prediction,unknown,no,60,B,manual review required; sintering check required later,high observed ZT; important candidate for paper; high predicted ZT,True,True,True,True,True,not_evaluable,not_evaluable,missing_additive_or_structure_annotation; possible_sintering_or_microstructure_effect,candidate hypothesis only; no causal mechanism proven,90,A,observed high ZT; ZT_ML false negative; missing sintering info for high-ZT/error sample; manual review not checked
10.1021_acsami.8b15111__sample_42065,10.1021/acsami.8b15111,https://doi.org/10.1021/acsami.8b15111,,42065,Mg2Si0.30Sn0.67Bi0.03,unknown,n,7,7,7,7,0.1609862701814234,0.819670630957994,0.6586843607765706,0.1373308723594493,0.5462845808112412,0.4089537084517918,0.1337227281207458,0.5476910278913323,0.4139682997705864,0.1373308723594478,0.5462845808112402,0.4089537084517923,1.306398,1.7721514128597589,0.793333395626094,1.301174556553653,unknown,no,no,ML_moderately_worse,primary DOI test sample aggregate,n,,high,unknown,unknown,unknown,unknown,unknown,unknown,unknown,,no,unknown,unknown,no,unknown,,,,,False,unknown,True,False,medium,0.1609862701814234,0.31907800674974,,,,,,,,,,,,,,,,,,,,,,,,,0.7875521305431304,0.2416764472161835,-0.5458756833269469,0.5458756833269469,0.5793342478105411,large_under_prediction,unknown,no,60,B,manual review required; sintering check required later,high observed ZT; important candidate for paper; high predicted ZT,True,True,True,True,True,not_evaluable,not_evaluable,missing_additive_or_structure_annotation; possible_sintering_or_microstructure_effect,candidate hypothesis only; no causal mechanism proven,90,A,observed high ZT; ZT_ML false negative; missing sintering info for high-ZT/error sample; manual review not checked
10.1021_acsami.9b12599__sample_83169,10.1021/acsami.9b12599,https://doi.org/10.1021/acsami.9b12599,,83169,ZrNi1.03Sn,unknown,n,12,7,2,4,0.6580121748086685,0.6583256422035015,0.000313467394833,0.3367343492559227,0.3385810410775212,0.0018466918215984,0.1602212975763332,0.1569995121919633,-0.0032217853843699,0.3179473262173443,0.3115539311812165,-0.0063933950361278,1.069,0.4685802711289435,0.4591578966271522,0.6337693515670397,unknown,no,no,ML_close_to_fitting,primary DOI test sample aggregate,n,existing_step6_or_step15,high,unknown,auto_step9,unknown,unknown,auto_step9,unknown,unknown,,no,unknown,unknown,no,unknown,yes,yes,yes,yes,False,unknown,False,False,low,0.6580121748086685,0.9339321723422396,n,existing_step6_or_step15,high,unknown,auto_step9,unknown,unknown,auto_step9,unknown,unknown,,no,unknown,unknown,no,not_checked,yes,yes,yes,yes,False,unknown,False,False,-0.0700201184736732,0.0296470555066738,0.099667173980347,0.099667173980347,1.104803149642795,good,not_checked,no,90,A,observed high ZT missed; manual review required; sintering check required later,high observed ZT; high-ZT false negative; important candidate for paper; carried from Step14,True,True,True,True,True,both_good,material_system_out_of_distribution,missing_additive_or_structure_annotation; possible_sintering_or_microstructure_effect,candidate hypothesis only; no causal mechanism proven,90,A,observed high ZT; ZT_ML false negative; missing sintering info for high-ZT/error sample; manual review not checked
10.1021_acsami.9b15348__sample_41138,10.1021/acsami.9b15348,https://doi.org/10.1021/acsami.9b15348,,41138,Mg2Si0.30Sn0.67Bi0.03,unknown,n,10,10,10,10,0.1590546562415311,0.9192405966063336,0.7601859403648026,0.1373343854888269,0.5903245051280775,0.4529901196392505,0.1345094718065395,0.5880649384059076,0.453555466599368,0.1373343854888268,0.5903245051280691,0.4529901196392423,1.330313,1.7950720400370566,0.7259091588908597,1.3315717024377132,unknown,no,no,ML_moderately_worse,primary DOI test sample aggregate,n,,high,unknown,unknown,unknown,unknown,unknown,unknown,unknown,,no,unknown,unknown,no,unknown,,,,,False,unknown,True,False,medium,0.1590546562415311,0.3158956735795027,,,,,,,,,,,,,,,,,,,,,,,,,0.8892216644495937,0.2416764472161835,-0.6475452172334102,0.6475452172334102,0.5233288599380984,large_under_prediction,unknown,no,60,B,manual review required; sintering check required later,high observed ZT; important candidate for paper; high predicted ZT,True,True,True,True,True,not_evaluable,not_evaluable,missing_additive_or_structure_annotation; possible_sintering_or_microstructure_effect,candidate hypothesis only; no causal mechanism proven,90,A,observed high ZT; ZT_ML false negative; missing sintering info for high-ZT/error sample; manual review not checked
10.1021_acsami.9b15348__sample_41139,10.1021/acsami.9b15348,https://doi.org/10.1021/acsami.9b15348,,41139,(Mg2Si0.30Sn0.67Bi0.03)98.24(SiC)1.76,unknown,n,10,10,10,10,0.1786655256849977,0.9624202924717896,0.7837547667867917,0.1545276602647534,0.6051568397382612,0.4506291794735077,0.1513063373590225,0.6052309282483733,0.4539245908893508,0.1545276602647506,0.6051568397382565,0.4506291794735059,1.293198,1.8253521777554664,0.7089870286772848,1.303445434512602,unknown,no,no,ML_moderately_worse,primary DOI test sample aggregate,n,,high,unknown,unknown,unknown,unknown,unknown,unknown,unknown,,no,unknown,unknown,no,unknown,,,,,False,unknown,True,False,medium,0.1786655256849977,0.3550934432774039,,,,,,,,,,,,,,,,,,,,,,,,,0.9295371024922868,0.2416764472161835,-0.6878606552761033,0.6878606552761033,0.5026502618076352,large_under_prediction,unknown,no,60,B,manual review required; sintering check required later,high observed ZT; important candidate for paper; high predicted ZT,True,True,True,True,True,not_evaluable,not_evaluable,missing_additive_or_structure_annotation; possible_sintering_or_microstructure_effect,candidate hypothesis only; no causal mechanism proven,90,A,observed high ZT; ZT_ML false negative; missing sintering info for high-ZT/error sample; manual review not checked
10.1021_acsami.9b15348__sample_41140,10.1021/acsami.9b15348,https://doi.org/10.1021/acsami.9b15348,,41140,(Mg2Si0.30Sn0.67Bi0.03)96.53(SiC)3.47,unknown,n,10,10,9,10,0.1744665789366556,0.914690473421284,0.7402238944846283,0.148860301624363,0.5861639899678684,0.4373036883435054,0.1194917423321215,0.6012770271746012,0.4817852848424796,0.1488603016243581,0.5861639899678586,0.4373036883435004,1.219927,1.6911386731613125,0.6890127432356474,1.2299108454547272,unknown,no,no,ML_moderately_worse,primary DOI test sample aggregate,n,,high,unknown,unknown,unknown,unknown,unknown,unknown,unknown,,no,unknown,unknown,no,unknown,,,,,False,unknown,True,False,medium,0.1744665789366556,0.3440365211986006,,,,,,,,,,,,,,,,,,,,,,,,,0.8817436981402687,0.2416764472161835,-0.6400672509240851,0.6400672509240851,0.527256964332631,large_under_prediction,unknown,no,60,B,manual review required; sintering check required later,high observed ZT; important candidate for paper; high predicted ZT,True,True,True,True,True,not_evaluable,not_evaluable,missing_additive_or_structure_annotation; possible_sintering_or_microstructure_effect,candidate hypothesis only; no causal mechanism proven,90,A,observed high ZT; ZT_ML false negative; missing sintering info for high-ZT/error sample; manual review not checked
10.1021_acsami.9b15348__sample_41141,10.1021/acsami.9b15348,https://doi.org/10.1021/acsami.9b15348,,41141,(Mg2Si0.30Sn0.67Bi0.03)94.85(SiC)5.15,unknown,n,10,10,9,10,0.1759022079264317,0.8852732210339067,0.709371013107475,0.1515728049964115,0.5733299027434191,0.4217570977470075,0.1314586347914649,0.5912470806533852,0.4597884458619202,0.1515728049964129,0.5733299027434129,0.4217570977469999,1.244448,1.833034656874558,0.769781449120265,1.3152098802613654,unknown,no,no,ML_moderately_worse,primary DOI test sample aggregate,n,,high,unknown,unknown,unknown,unknown,unknown,unknown,unknown,,no,unknown,unknown,no,unknown,,,,,False,unknown,True,False,medium,0.1759022079264317,0.3470504234622528,,,,,,,,,,,,,,,,,,,,,,,,,0.8514676247084605,0.2416764472161835,-0.609791177492277,0.609791177492277,0.5434643448132852,large_under_prediction,unknown,no,60,B,manual review required; sintering check required later,high observed ZT; important candidate for paper; high predicted ZT,True,True,True,True,True,not_evaluable,not_evaluable,missing_additive_or_structure_annotation; possible_sintering_or_microstructure_effect,candidate hypothesis only; no causal mechanism proven,90,A,observed high ZT; ZT_ML false negative; missing sintering info for high-ZT/error sample; manual review not checked
10.1021_acsami.9b15348__sample_41142,10.1021/acsami.9b15348,https://doi.org/10.1021/acsami.9b15348,,41142,(Mg2Si0.30Sn0.67Bi0.03)90.08(SiC)9.92,unknown,n,10,10,10,10,0.1749420298129278,0.8446746842714755,0.6697326544585477,0.1484949804469894,0.5554638314661514,0.4069688510191619,0.1479612365377866,0.5568514020025186,0.408890165464732,0.1484949804469885,0.555463831466146,0.4069688510191575,1.452603,2.006164498933072,0.8779767516486728,1.4444871911377692,unknown,no,no,ML_moderately_worse,primary DOI test sample aggregate,n,,high,unknown,unknown,unknown,unknown,unknown,unknown,unknown,,no,unknown,unknown,no,unknown,,,,,False,unknown,True,False,medium,0.1749420298129278,0.3419214860041616,,,,,,,,,,,,,,,,,,,,,,,,,0.81020596619989,0.2416764472161835,-0.5685295189837065,0.5685295189837065,0.566357644843086,large_under_prediction,unknown,no,60,B,manual review required; sintering check required later,high observed ZT; important candidate for paper; high predicted ZT,True,True,True,True,True,not_evaluable,not_evaluable,missing_additive_or_structure_annotation; possible_sintering_or_microstructure_effect,candidate hypothesis only; no causal mechanism proven,90,A,observed high ZT; ZT_ML false negative; missing sintering info for high-ZT/error sample; manual review not checked
10.1021_acsami.9b19798__sample_35965,10.1021/acsami.9b19798,https://doi.org/10.1021/acsami.9b19798,,35965,In0.15Sb1.85Te3,unknown,p,11,7,7,7,0.0791348083859789,1.8459565691600368,1.766821760774058,0.0804638748542159,5.20684297343265,5.126379098578434,0.6262393793320837,1.3634438770121349,0.7372044976800509,0.0804638748542238,5.20684297343162,5.126379098577396,0.5995351,0.2534348597945379,1.6025740393207926,0.2285771144663642,unknown,no,no,ML_much_worse,primary DOI test sample aggregate,p,,high,unknown,unknown,unknown,unknown,unknown,unknown,unknown,,no,unknown,unknown,no,unknown,,,,,False,unknown,True,True,medium,0.0791348083859789,0.0456691846458889,,,,,,,,,,,,,,,,,,,,,,,,,-1.8010352881568037,0.0789976705194988,1.8800329586763025,1.8800329586763025,6.553720860596039,large_over_prediction,unknown,no,40,C,manual review required; sintering check required later,large ZT prediction error; important candidate for paper; carried from Step14,True,True,True,True,True,fitting_good_ML_bad,tau_eff_ML_prediction_error,missing_additive_or_structure_annotation; possible_sintering_or_microstructure_effect,candidate hypothesis only; no causal mechanism proven,115,A,ML much worse than fitting; ZT_ML false positive; missing additive info and ML bad; missing structure info and ML bad; missing sintering info for high-ZT/error sample; manual review not checked
10.1021_acsami.9b19798__sample_35966,10.1021/acsami.9b19798,https://doi.org/10.1021/acsami.9b19798,,35966,Mn0.01In0.15Sb1.84Te3,unknown,p,11,10,8,8,0.1738576236564133,1.0743012132832033,0.9004435896267899,0.1619460327341317,1.8997882826310757,1.7378422498969437,0.6176838653475866,0.1860345280943213,-0.4316493372532652,0.154858812818347,1.8395071926760131,1.6846483798576664,0.8997605,0.403228617723435,1.1640302294531926,0.3504017695737445,unknown,no,no,ML_better_than_fitting,primary DOI test sample aggregate,p,,high,unknown,unknown,unknown,unknown,unknown,unknown,unknown,,no,unknown,unknown,no,unknown,,,,,False,unknown,True,True,medium,0.1738576236564135,0.28292288132087,,,,,,,,,,,,,,,,,,,,,,,,,-0.936308224663286,0.0145987567986487,0.9509069814619348,0.9509069814619348,2.588055913886653,large_over_prediction,unknown,no,40,C,manual review required; sintering check required later,large ZT prediction error; important candidate for paper; carried from Step14,True,True,True,True,True,fitting_good_ML_bad,insufficient_material_features,missing_additive_or_structure_annotation,candidate hypothesis only; no causal mechanism proven,35,C,ZT_ML false positive; manual review not checked
10.1021_acsami.9b23059__sample_34814,10.1021/acsami.9b23059,https://doi.org/10.1021/acsami.9b23059,,34814,Mg2.39Li0.01Cd0.8Sb2,unknown,p,10,10,5,5,0.222624346195025,1.1407555047875018,0.9181311585924768,0.1928924414565294,2.1413183170754544,1.948425875618925,0.1984693096210366,2.149055235731709,1.9505859261106728,0.2092651913494954,2.182084218411186,1.9728190270616908,0.5299022,0.5509165188736109,1.6864900882222706,0.5349410218115835,unknown,no,no,ML_much_worse,primary DOI test sample aggregate,p,,high,unknown,unknown,unknown,unknown,unknown,unknown,unknown,,no,unknown,unknown,no,unknown,,,,,False,unknown,True,True,medium,0.222624346195025,0.0806524808984847,,,,,,,,,,,,,,,,,,,,,,,,,-1.0681631531493971,-0.3848484497448813,0.6833147034045158,0.6833147034045158,1.9804314072133835,large_over_prediction,unknown,no,0,low,no major issue,,True,True,True,True,True,fitting_good_ML_bad,insufficient_material_features,missing_additive_or_structure_annotation; possible_sintering_or_microstructure_effect,candidate hypothesis only; no causal mechanism proven,115,A,ML much worse than fitting; ZT_ML false positive; missing additive info and ML bad; missing structure info and ML bad; missing sintering info for high-ZT/error sample; manual review not checked
10.1021_acsenergylett.8b00137__sample_43754,10.1021/acsenergylett.8b00137,https://doi.org/10.1021/acsenergylett.8b00137,,43754,AgSn5Sb(Te0.996I0.004)7,unknown,p,11,3,0,2,0.0980846848730897,1.4780105767579208,1.3799258918848312,0.0839626276711909,0.784735864591064,0.7007732369198731,,,,0.0748593497455834,0.7798315241339513,0.7049721743883679,1.005976,0.7553636314431582,0.1728539223190025,0.7284226376381279,unknown,no,no,not_evaluated,primary DOI test sample aggregate,p,,high,unknown,unknown,unknown,unknown,unknown,unknown,unknown,,no,unknown,unknown,no,unknown,,,,,False,unknown,True,True,medium,0.0980846848730897,0.1793041186465063,,,,,,,,,,,,,,,,,,,,,,,,,1.218690873939092,-0.0700939903192859,-1.288784864258378,1.288784864258378,0.2756054777654576,large_under_prediction,unknown,no,100,A,observed high ZT missed; insufficient ZT evaluation rows; manual review required; sintering check required later,high observed ZT; high-ZT false negative; important candidate for paper; carried from Step14,True,True,True,True,True,fitting_good_ML_bad,tau_eff_ML_prediction_error,missing_additive_or_structure_annotation; possible_sintering_or_microstructure_effect,candidate hypothesis only; no causal mechanism proven,90,A,observed high ZT; ZT_ML false negative; missing sintering info for high-ZT/error sample; manual review not checked
10.1021_acsenergylett.8b00137__sample_43756,10.1021/acsenergylett.8b00137,https://doi.org/10.1021/acsenergylett.8b00137,,43756,AgSn5Sb(Te0.992I0.008)7,unknown,p,11,4,2,2,0.0776639407063078,1.3727815018134473,1.2951175611071395,0.0523607580884595,0.7425962122298481,0.6902354541413885,0.0276617093884909,0.739016167803165,0.711354458414674,0.0436623120684675,0.7349526724264968,0.6912903603580292,1.093625,1.11911721083349,0.284209770289636,1.0813929578297483,unknown,no,no,ML_much_worse,primary DOI test sample aggregate,p,,high,unknown,unknown,unknown,unknown,unknown,unknown,unknown,,no,unknown,unknown,no,unknown,,,,,False,unknown,True,True,medium,0.0776639407063078,0.1297727283732332,,,,,,,,,,,,,,,,,,,,,,,,,1.1145213233252995,-0.0700939903192859,-1.1846153136445854,1.1846153136445854,0.3058638185077951,large_under_prediction,unknown,no,75,B,manual review required; sintering check required later,high observed ZT; important candidate for paper; high predicted ZT,True,True,True,True,True,fitting_good_ML_bad,tau_eff_ML_prediction_error,missing_additive_or_structure_annotation; possible_sintering_or_microstructure_effect,candidate hypothesis only; no causal mechanism proven,150,A,ML much worse than fitting; observed high ZT; ZT_ML false negative; missing additive info and ML bad; missing structure info and ML bad; missing sintering info for high-ZT/error sample; manual review not checked
10.1021_acsnano.6b03696__sample_2643,10.1021/acsnano.6b03696,https://doi.org/10.1021/acsnano.6b03696,,2643,PbSe0.5Te0.5,unknown,p,7,3,0,3,0.3163740647624891,0.4709095605667958,0.1545354958043066,0.2594356928827084,0.5068393442725472,0.2474036513898387,,,,0.2594356928826725,0.5068393442725607,0.2474036513898882,,0.9980118596844868,1.4145514683623193,1.8219524069668285,unknown,no,no,not_evaluated,primary DOI test sample aggregate,p,,high,unknown,unknown,unknown,unknown,unknown,unknown,unknown,,no,unknown,unknown,no,unknown,,,,,False,unknown,True,True,medium,0.3163740647624891,0.6798339680190021,,,,,,,,,,,,,,,,,,,,,,,,,-0.2862458506995372,0.1243448227173857,0.4105906734169229,0.4105906734169229,1.507708085235089,moderate_error,unknown,no,10,low,insufficient ZT evaluation rows,,True,True,True,True,True,not_evaluable,not_evaluable,missing_additive_or_structure_annotation,candidate hypothesis only; no causal mechanism proven,35,C,ZT_ML false positive; manual review not checked
10.1021_am303145v__sample_5951,10.1021/am303145v,https://doi.org/10.1021/am303145v,,5951,Bi0.5Sb1.5Te3C0.05,unknown,p,11,11,11,11,0.2199340128285223,1.4051319554311537,1.1851979426026311,0.1946831899153056,0.7442058228948681,0.5495226329795625,0.1900015453575173,0.7462988636861188,0.5562973183286014,0.1946831899153074,0.7442058228948594,0.549522632979552,1.058793,1.1624413040585535,0.290169337263461,1.0497492808694855,unknown,no,no,ML_much_worse,primary DOI test sample aggregate,p,,high,unknown,unknown,unknown,unknown,unknown,unknown,unknown,,no,unknown,unknown,no,unknown,,,,,False,unknown,True,True,medium,0.2199340128285223,0.40391707179078,,,,,,,,,,,,,,,,,,,,,,,,,1.2981601313440765,0.2693213533989503,-1.0288387779451262,1.0288387779451262,0.3574217657193366,large_under_prediction,unknown,no,65,B,manual review required; sintering check required later,high observed ZT; important candidate for paper; high predicted ZT,True,True,True,True,True,fitting_good_ML_bad,tau_eff_ML_prediction_error,missing_additive_or_structure_annotation; possible_sintering_or_microstructure_effect,candidate hypothesis only; no causal mechanism proven,150,A,ML much worse than fitting; observed high ZT; ZT_ML false negative; missing additive info and ML bad; missing structure info and ML bad; missing sintering info for high-ZT/error sample; manual review not checked
10.1021_cm902001c__sample_27102,10.1021/cm902001c,https://doi.org/10.1021/cm902001c,,27102,K0.9Pb19.2Sb1.2Te21,unknown,n,20,8,0,0,0.5062335588587453,0.627179394771831,0.1209458359130857,0.3992315250965745,0.3920596791303538,-0.0071718459662207,,,,,,,1.097724,,,,unknown,no,no,not_evaluated,primary DOI test sample aggregate,n,,high,unknown,unknown,unknown,unknown,unknown,unknown,unknown,,no,unknown,unknown,no,unknown,,,,,False,unknown,True,True,low,0.5062335588587453,0.9728439486967494,,,,,,,,,,,,,,,,,,,,,,,,,-0.0785659522898363,0.2597582839677367,0.3383242362575731,0.3383242362575731,1.402595201905623,moderate_error,unknown,no,50,B,insufficient ZT evaluation rows; manual review required; sintering check required later,high observed ZT; important candidate for paper,True,True,True,True,True,not_evaluable,not_evaluable,missing_additive_or_structure_annotation; possible_sintering_or_microstructure_effect,candidate hypothesis only; no causal mechanism proven,90,A,observed high ZT; ZT_ML false negative; missing sintering info for high-ZT/error sample; manual review not checked
10.1021_cm902001c__sample_27104,10.1021/cm902001c,https://doi.org/10.1021/cm902001c,,27104,K0.95Pb20SbTe20,unknown,n,21,7,0,0,0.2500758610194788,0.3493912202472819,0.0993153592278031,0.2495676810564871,0.2734905881862824,0.0239229071297953,,,,,,,1.054631,,,,unknown,no,no,not_evaluated,primary DOI test sample aggregate,n,,high,unknown,unknown,unknown,unknown,unknown,unknown,unknown,,no,unknown,unknown,no,unknown,,,,,False,unknown,True,True,medium,0.2500758610194788,0.4602934987843652,,,,,,,,,,,,,,,,,,,,,,,,,0.1334172275193894,-1.3561849551486496,-1.489602182668039,1.489602182668039,0.2254623305239112,large_under_prediction,unknown,no,50,B,insufficient ZT evaluation rows; manual review required; sintering check required later,high observed ZT; important candidate for paper,True,True,True,True,True,not_evaluable,not_evaluable,missing_additive_or_structure_annotation; possible_sintering_or_microstructure_effect; tau_eff_ML_prediction_error,candidate hypothesis only; no causal mechanism proven,90,A,observed high ZT; ZT_ML false negative; missing sintering info for high-ZT/error sample; manual review not checked
10.1021_cm902001c__sample_27107,10.1021/cm902001c,https://doi.org/10.1021/cm902001c,,27107,K0.95Pb20Sb1.2Te22,unknown,n,21,10,0,0,0.4813389073404807,0.6173079696407324,0.1359690623002517,0.5638603865099518,0.4063557605388885,-0.1575046259710633,,,,,,,1.511155,,,,unknown,no,no,not_evaluated,primary DOI test sample aggregate,n,,high,unknown,unknown,unknown,unknown,unknown,unknown,unknown,,no,unknown,unknown,no,unknown,,,,,False,unknown,True,True,low,0.4813389073404807,0.9195269941427752,,,,,,,,,,,,,,,,,,,,,,,,,-0.0623115874194501,0.2597582839677367,0.3220698713871868,0.3220698713871868,1.3799811937890851,moderate_error,unknown,no,50,B,insufficient ZT evaluation rows; manual review required; sintering check required later,high observed ZT; important candidate for paper,True,True,True,True,True,not_evaluable,not_evaluable,missing_additive_or_structure_annotation; possible_sintering_or_microstructure_effect,candidate hypothesis only; no causal mechanism proven,90,A,observed high ZT; ZT_ML false negative; missing sintering info for high-ZT/error sample; manual review not checked
10.1021_cm902001c__sample_27117,10.1021/cm902001c,https://doi.org/10.1021/cm902001c,,27117,K0.9Pb21Sb1.2Te23,unknown,n,15,8,0,0,0.3873530348409301,1.0905313469376885,0.7031783120967582,0.39771465895148,0.5367536939529247,0.1390390350014446,,,,,,,1.13893,,,,unknown,no,no,not_evaluated,primary DOI test sample aggregate,n,,high,unknown,unknown,unknown,unknown,unknown,unknown,unknown,,no,unknown,unknown,no,unknown,,,,,False,unknown,True,True,medium,0.3873530348409301,0.7341186290945151,,,,,,,,,,,,,,,,,,,,,,,,,0.5706083173608044,0.2597582839677367,-0.3108500333930676,0.3108500333930676,0.732823766722922,moderate_error,unknown,no,50,B,insufficient ZT evaluation rows; manual review required; sintering check required later,high observed ZT; important candidate for paper,True,True,True,True,True,fitting_good_ML_bad,insufficient_material_features,missing_additive_or_structure_annotation; possible_sintering_or_microstructure_effect,candidate hypothesis only; no causal mechanism proven,90,A,observed high ZT; ZT_ML false negative; missing sintering info for high-ZT/error sample; manual review not checked
10.1021_jacs.0c05650__sample_38433,10.1021/jacs.0c05650,https://doi.org/10.1021/jacs.0c05650,,38433,NaSn10SbTe12,unknown,p,12,8,3,3,0.2398056371371767,1.5184773695381495,1.278671732400973,0.21172279330659,0.7812529622037834,0.5695301688971934,0.2157844505994062,0.8249167158876825,0.6091322652882762,0.2048321061749571,0.8224715049606263,0.6176393987856691,1.091321,0.1977028458698785,0.0441389660785314,0.2401061418103429,unknown,no,no,ML_much_worse,primary DOI test sample aggregate,p,existing_step6_or_step15,high,unknown,auto_step9,unknown,unknown,auto_step9,unknown,unknown,,no,unknown,unknown,no,unknown,yes,yes,yes,yes,False,unknown,True,True,medium,0.2398056371371767,0.3303574945257687,p,existing_step6_or_step15,high,unknown,auto_step9,unknown,unknown,auto_step9,unknown,unknown,,no,unknown,unknown,no,not_checked,yes,yes,yes,yes,False,unknown,True,True,1.3208402315912575,-1.1643729341194855,-2.485213165710743,2.485213165710743,0.0833077942540386,large_under_prediction,not_checked,no,90,A,observed high ZT missed; manual review required; sintering check required later,high observed ZT; high-ZT false negative; important candidate for paper; carried from Step14,True,True,True,True,True,fitting_good_ML_bad,tau_eff_ML_prediction_error,missing_additive_or_structure_annotation; possible_sintering_or_microstructure_effect,candidate hypothesis only; no causal mechanism proven,150,A,ML much worse than fitting; observed high ZT; ZT_ML false negative; missing additive info and ML bad; missing structure info and ML bad; missing sintering info for high-ZT/error sample; manual review not checked
10.1021_jacs.0c05650__sample_38434,10.1021/jacs.0c05650,https://doi.org/10.1021/jacs.0c05650,,38434,NaSn4SbTe6,unknown,p,13,8,3,3,0.19944737525463,1.01179546109786,0.81234808584323,0.1271552368666156,0.6212319724010942,0.4940767355344786,0.0618458901486164,0.6520804447348724,0.590234554586256,0.055451722462565,0.649709132863762,0.594257410401197,1.167332,0.8065568667717193,0.2991160017704392,0.8191537477209633,unknown,no,no,ML_much_worse,primary DOI test sample aggregate,p,existing_step6_or_step15,high,unknown,auto_step9,unknown,unknown,auto_step9,unknown,unknown,,no,unknown,unknown,no,unknown,yes,yes,yes,yes,False,unknown,True,True,medium,0.19944737525463,0.3253093801161585,p,existing_step6_or_step15,high,unknown,auto_step9,unknown,unknown,auto_step9,unknown,unknown,,no,unknown,unknown,no,not_checked,yes,yes,yes,yes,False,unknown,True,True,0.8133610252035882,-1.1643729341194855,-1.9777339593230736,1.9777339593230736,0.1383824625754339,large_under_prediction,not_checked,no,90,A,observed high ZT missed; manual review required; sintering check required later,high observed ZT; high-ZT false negative; important candidate for paper; carried from Step14,True,True,True,True,True,fitting_good_ML_bad,tau_eff_ML_prediction_error,missing_additive_or_structure_annotation; possible_sintering_or_microstructure_effect,candidate hypothesis only; no causal mechanism proven,150,A,ML much worse than fitting; observed high ZT; ZT_ML false negative; missing additive info and ML bad; missing structure info and ML bad; missing sintering info for high-ZT/error sample; manual review not checked
10.1021_jacs.0c05650__sample_38439,10.1021/jacs.0c05650,https://doi.org/10.1021/jacs.0c05650,,38439,NaSn5SbTe7,unknown,p,12,7,2,3,0.1953241934287359,0.9393610557489772,0.7440368623202414,0.138627702966252,0.6413464968741115,0.5027187939078595,0.162161448912739,0.6657143320157659,0.5035528831030268,0.1746978669525358,0.6707161845482433,0.4960183175957074,1.203191,0.8866406481896065,0.3537570107718376,1.1883379489663306,unknown,no,no,ML_much_worse,primary DOI test sample aggregate,p,existing_step6_or_step15,high,unknown,auto_step9,unknown,unknown,auto_step9,unknown,unknown,,no,unknown,unknown,no,unknown,yes,yes,yes,yes,False,unknown,True,True,medium,0.1953241934287359,0.2282796385062443,p,existing_step6_or_step15,high,unknown,auto_step9,unknown,unknown,auto_step9,unknown,unknown,,no,unknown,unknown,no,not_checked,yes,yes,yes,yes,False,unknown,True,True,0.7402475848292941,-1.1643729341194855,-1.9046205189487797,1.9046205189487797,0.1488791287120305,large_under_prediction,not_checked,no,100,A,observed high ZT missed; manual review required; sintering check required later,high observed ZT; high-ZT false negative; important candidate for paper; carried from Step14,True,True,True,True,True,both_poor,missing_additive_or_structure_annotation,possible_sintering_or_microstructure_effect; tau_eff_ML_prediction_error,candidate hypothesis only; no causal mechanism proven,150,A,ML much worse than fitting; observed high ZT; ZT_ML false negative; missing additive info and ML bad; missing structure info and ML bad; missing sintering info for high-ZT/error sample; manual review not checked
10.1021_jacs.0c05650__sample_38440,10.1021/jacs.0c05650,https://doi.org/10.1021/jacs.0c05650,,38440,NaSn3SbTe5,unknown,p,13,11,3,4,0.1945006328454319,0.691809728040936,0.497309095195504,0.105176651391053,0.4864765361510078,0.3812998847599547,0.0945985949857192,0.4959547310978958,0.4013561361121765,0.0562823898187853,0.4881520591500414,0.431869669331256,1.060972,0.7779657397568542,0.4005254138667558,0.7066288884217322,unknown,no,no,ML_moderately_worse,primary DOI test sample aggregate,p,existing_step6_or_step15,high,unknown,auto_step9,unknown,unknown,auto_step9,unknown,unknown,,no,unknown,unknown,no,unknown,yes,yes,yes,yes,False,unknown,True,True,medium,0.1945006328454319,0.3835777307372038,p,existing_step6_or_step15,high,unknown,auto_step9,unknown,unknown,auto_step9,unknown,unknown,,no,unknown,unknown,no,not_checked,yes,yes,yes,yes,False,unknown,True,True,0.4853233505602295,-1.1643729341194855,-1.649696284679715,1.649696284679715,0.1921082459787878,large_under_prediction,not_checked,no,90,A,observed high ZT missed; manual review required; sintering check required later,high observed ZT; high-ZT false negative; important candidate for paper; carried from Step14,True,True,True,True,True,both_good,material_system_out_of_distribution,missing_additive_or_structure_annotation; possible_sintering_or_microstructure_effect; tau_eff_ML_prediction_error,candidate hypothesis only; no causal mechanism proven,90,A,observed high ZT; ZT_ML false negative; missing sintering info for high-ZT/error sample; manual review not checked
10.1021_jacs.0c05650__sample_38449,10.1021/jacs.0c05650,https://doi.org/10.1021/jacs.0c05650,,38449,NaSn20BiTe22,unknown,p,13,8,5,5,0.2764971369669954,2.1697954141215146,1.893298277154519,0.2775906487808612,0.8763634007476246,0.5987727519667634,0.2451510834266813,0.8828704675119683,0.637719384085287,0.2562497372315865,0.8839104729214184,0.6276607356898319,0.7490245,1.0039025177763696,0.1166926918875948,0.6131046369019261,unknown,no,no,ML_much_worse,primary DOI test sample aggregate,p,,high,unknown,unknown,unknown,unknown,unknown,unknown,unknown,,no,unknown,unknown,no,unknown,,,,,False,unknown,True,True,medium,0.2764971369669954,0.3299877293265811,,,,,,,,,,,,,,,,,,,,,,,,,1.4229236997718933,-0.9162063205090902,-2.3391300202809835,2.3391300202809835,0.0964114777862029,large_under_prediction,unknown,no,65,B,predicted high ZT false positive; manual review required; sintering check required later,high-ZT false positive; important candidate for paper; high predicted ZT; carried from Step14,True,True,True,True,True,fitting_good_ML_bad,tau_eff_ML_prediction_error,missing_additive_or_structure_annotation; possible_sintering_or_microstructure_effect,candidate hypothesis only; no causal mechanism proven,90,A,ML much worse than fitting; missing additive info and ML bad; missing structure info and ML bad; missing sintering info for high-ZT/error sample; manual review not checked
10.1021_jacs.5b01863__sample_20950,10.1021/jacs.5b01863,https://doi.org/10.1021/jacs.5b01863,,20950,Bi0.975CuSeO,unknown,p,13,13,13,13,0.5878542983232792,1.797520136160921,1.2096658378376417,0.5597743159617424,5.495964976056795,4.936190660095053,0.571627544335313,5.56580323857597,4.994175694240657,0.5597743159615675,5.495964976055289,4.936190660093722,0.5123206,0.2302206112631626,1.2585502459172464,0.5141171278050981,unknown,no,no,ML_much_worse,primary DOI test sample aggregate,p,,high,unknown,unknown,unknown,unknown,unknown,unknown,unknown,,no,unknown,unknown,no,unknown,,,,,False,unknown,True,True,low,0.5878542983232792,0.9851380182662668,,,,,,,,,,,,,,,,,,,,,,,,,-3.558794715483085,-1.7655921595539668,1.7932025559291185,1.7932025559291185,6.008664770710385,large_over_prediction,unknown,no,0,low,no major issue,,True,True,True,True,True,both_poor,missing_additive_or_structure_annotation,possible_sintering_or_microstructure_effect; tau_eff_ML_prediction_error,candidate hypothesis only; no causal mechanism proven,115,A,ML much worse than fitting; ZT_ML false positive; missing additive info and ML bad; missing structure info and ML bad; missing sintering info for high-ZT/error sample; manual review not checked
10.1021_jacs.5b01863__sample_20951,10.1021/jacs.5b01863,https://doi.org/10.1021/jacs.5b01863,,20951,BiCu0.975SeO,unknown,p,13,13,13,13,0.5494034167542665,2.158961773381344,1.6095583566270777,0.5139095519726948,8.363818617870557,7.849909065897862,0.5110069326965972,8.314850447482359,7.803843514785761,0.5139095519726498,8.363818617869475,7.849909065896825,0.5977861,0.2864215426475462,2.3108058121405977,0.5945421189704231,unknown,no,no,ML_much_worse,primary DOI test sample aggregate,p,,high,unknown,unknown,unknown,unknown,unknown,unknown,unknown,,no,unknown,unknown,no,unknown,,,,,False,unknown,True,True,low,0.5494034167542665,0.9580004128904605,,,,,,,,,,,,,,,,,,,,,,,,,-2.967087281179218,-2.920904420517105,0.046182860662113,0.046182860662113,1.0472658971841222,good,unknown,no,0,low,no major issue,,True,True,True,True,True,both_poor,missing_additive_or_structure_annotation,possible_sintering_or_microstructure_effect,candidate hypothesis only; no causal mechanism proven,115,A,ML much worse than fitting; ZT_ML false positive; missing additive info and ML bad; missing structure info and ML bad; missing sintering info for high-ZT/error sample; manual review not checked
10.1021_jacs.5b01863__sample_20952,10.1021/jacs.5b01863,https://doi.org/10.1021/jacs.5b01863,,20952,Bi0.975Cu0.975SeO,unknown,p,13,13,13,13,0.568001509444117,1.9323934997972505,1.3643919903531332,0.5439622608649739,6.453966036755046,5.910003775890073,0.5513324155534047,6.502888259604457,5.951555844051052,0.543962260864877,6.453966036753931,5.910003775889054,0.8325959,0.3799927805825661,2.409518011117128,0.8338596360398681,unknown,no,no,ML_much_worse,primary DOI test sample aggregate,p,,high,unknown,unknown,unknown,unknown,unknown,unknown,unknown,,no,unknown,unknown,no,unknown,,,,,False,unknown,True,True,low,0.568001509444117,0.9292557811452364,,,,,,,,,,,,,,,,,,,,,,,,,-2.784308410576538,-1.647202116235689,1.137106294340849,1.137106294340849,3.1177334963030536,large_over_prediction,unknown,no,0,low,no major issue,,True,True,True,True,True,both_poor,missing_additive_or_structure_annotation,possible_sintering_or_microstructure_effect; tau_eff_ML_prediction_error,candidate hypothesis only; no causal mechanism proven,115,A,ML much worse than fitting; ZT_ML false positive; missing additive info and ML bad; missing structure info and ML bad; missing sintering info for high-ZT/error sample; manual review not checked
10.1021_jacs.6b09568__sample_44731,10.1021/jacs.6b09568,https://doi.org/10.1021/jacs.6b09568,,44731,K2Bi8Se13,unknown,n,13,13,13,13,0.3018872945038499,0.6213789769661876,0.3194916824623377,0.2818814626539896,0.8000492999001938,0.5181678372462042,0.3085984301069164,0.8599830755182422,0.5513846454113257,0.2818814626539339,0.8000492999000179,0.5181678372460841,0.8735056,1.2002342136066038,2.066039622521543,0.9325671178751154,unknown,no,no,ML_much_worse,primary DOI test sample aggregate,n,,high,unknown,unknown,unknown,unknown,unknown,unknown,unknown,,no,unknown,unknown,no,unknown,,,,,False,unknown,True,True,medium,0.3018872945038499,0.4320810381007915,,,,,,,,,,,,,,,,,,,,,,,,,-2.05475769894998,-2.0290064708772686,0.0257512280727114,0.0257512280727114,1.026085655413826,good,unknown,no,65,B,predicted high ZT false positive; manual review required; sintering check required later,high-ZT false positive; important candidate for paper; high predicted ZT; carried from Step14,True,True,True,True,True,both_poor,missing_additive_or_structure_annotation,possible_sintering_or_microstructure_effect,candidate hypothesis only; no causal mechanism proven,115,A,ML much worse than fitting; ZT_ML false positive; missing additive info and ML bad; missing structure info and ML bad; missing sintering info for high-ZT/error sample; manual review not checked
10.1021_jacs.6b09568__sample_44732,10.1021/jacs.6b09568,https://doi.org/10.1021/jacs.6b09568,,44732,(K2Bi8Se13)91.83(BiCl3)8.17,unknown,n,13,13,12,13,0.2715824725309702,0.3037915065629886,0.0322090340320184,0.2471708613377275,0.3037210112302744,0.0565501498925468,0.2741621722234265,0.3257655323823687,0.0516033601589422,0.2471708613377342,0.3037210112302982,0.056550149892564,1.137768,1.453093156289082,1.6650042333261743,1.1692174305523722,unknown,no,no,ML_close_to_fitting,primary DOI test sample aggregate,n,,high,unknown,unknown,unknown,unknown,unknown,unknown,unknown,,no,unknown,unknown,no,unknown,,,,,False,unknown,True,True,medium,0.2715824725309702,0.3707732939683957,,,,,,,,,,,,,,,,,,,,,,,,,-1.6477740361822766,-2.0290064708772686,-0.381232434694992,0.381232434694992,0.6830191138287169,moderate_error,unknown,no,65,B,manual review required; sintering check required later,high observed ZT; important candidate for paper; high predicted ZT,True,True,True,True,True,both_good,material_system_out_of_distribution,missing_additive_or_structure_annotation; possible_sintering_or_microstructure_effect,candidate hypothesis only; no causal mechanism proven,60,B,observed high ZT; missing sintering info for high-ZT/error sample; manual review not checked
10.1021_jacs.6b09568__sample_44733,10.1021/jacs.6b09568,https://doi.org/10.1021/jacs.6b09568,,44733,(K2Bi8Se13)84.77(BiCl3)15.23,unknown,n,13,12,10,11,0.2471989523589663,0.2979377859831631,0.0507388336241967,0.2325251845977505,0.2127444111866381,-0.0197807734111123,0.2387143014731063,0.2194132328367726,-0.0193010686363336,0.2327082543922831,0.2282688883315978,-0.0044393660606853,1.238635,1.5492189009273474,1.3118509865649937,1.17058729856855,unknown,no,no,ML_close_to_fitting,primary DOI test sample aggregate,n,,high,unknown,unknown,unknown,unknown,unknown,unknown,unknown,,no,unknown,unknown,no,unknown,,,,,False,unknown,True,True,medium,0.2471989523589663,0.3767613275796774,,,,,,,,,,,,,,,,,,,,,,,,,-1.3453291035472534,-2.0290064708772686,-0.6836773673300152,0.6836773673300152,0.5047573968924672,large_under_prediction,unknown,no,65,B,manual review required; sintering check required later,high observed ZT; important candidate for paper; high predicted ZT,True,True,True,True,True,both_good,material_system_out_of_distribution,missing_additive_or_structure_annotation; possible_sintering_or_microstructure_effect,candidate hypothesis only; no causal mechanism proven,60,B,observed high ZT; missing sintering info for high-ZT/error sample; manual review not checked
10.1021_jacs.6b09568__sample_44734,10.1021/jacs.6b09568,https://doi.org/10.1021/jacs.6b09568,,44734,(K2Bi8Se13)78.6(BiCl3)21.4,unknown,n,13,13,11,13,0.2507606202175568,0.4499547067621417,0.1991940865445848,0.2286855185966811,0.2904972702818312,0.06181175168515,0.2289962308381964,0.2468258805032348,0.0178296496650384,0.2286855185966498,0.2904972702818314,0.0618117516851816,1.276964,1.5932268987536775,1.0965398115649465,1.308340955396297,unknown,no,no,ML_close_to_fitting,primary DOI test sample aggregate,n,,high,unknown,unknown,unknown,unknown,unknown,unknown,unknown,,no,unknown,unknown,no,unknown,,,,,False,unknown,True,True,medium,0.2507606202175568,0.3653768565567057,,,,,,,,,,,,,,,,,,,,,,,,,-1.1380390062315402,-2.0290064708772686,-0.8909674646457284,0.8909674646457284,0.4102586499524261,large_under_prediction,unknown,no,65,B,manual review required; sintering check required later,high observed ZT; important candidate for paper; high predicted ZT,True,True,True,True,True,both_good,material_system_out_of_distribution,missing_additive_or_structure_annotation; possible_sintering_or_microstructure_effect,candidate hypothesis only; no causal mechanism proven,60,B,observed high ZT; missing sintering info for high-ZT/error sample; manual review not checked
10.1021_jacs.6b09568__sample_44735,10.1021/jacs.6b09568,https://doi.org/10.1021/jacs.6b09568,,44735,(K2Bi8Se13)73.16(BiCl3)26.84,unknown,n,13,12,11,11,0.2240953306117703,0.5652591103545291,0.3411637797427588,0.2033797668654136,0.3789659016334958,0.1755861347680821,0.2103000014224362,0.3824901285302635,0.1721901271078272,0.2038753046334371,0.3873217429746493,0.1834464383412122,1.208376,1.5156161281801614,0.9020202003397444,1.1385282724658956,unknown,no,no,ML_moderately_worse,primary DOI test sample aggregate,n,,high,unknown,unknown,unknown,unknown,unknown,unknown,unknown,,no,unknown,unknown,no,unknown,,,,,False,unknown,True,True,medium,0.2240953306117703,0.3449184922156453,,,,,,,,,,,,,,,,,,,,,,,,,-0.9927004601468726,-2.0290064708772686,-1.036306010730396,1.036306010730396,0.3547627542763321,large_under_prediction,unknown,no,65,B,manual review required; sintering check required later,high observed ZT; important candidate for paper; high predicted ZT,True,True,True,True,True,both_good,material_system_out_of_distribution,missing_additive_or_structure_annotation; possible_sintering_or_microstructure_effect; tau_eff_ML_prediction_error,candidate hypothesis only; no causal mechanism proven,90,A,observed high ZT; ZT_ML false negative; missing sintering info for high-ZT/error sample; manual review not checked
10.1021_jacs.6b09568__sample_44736,10.1021/jacs.6b09568,https://doi.org/10.1021/jacs.6b09568,,44736,(K2Bi8Se13)68.33(BiCl3)31.67,unknown,n,13,13,11,12,0.1883767685305154,0.7939858561725092,0.6056090876419937,0.169973003048528,0.5292737826556254,0.3593007796070974,0.1682378955691274,0.5414407910530763,0.3732028954839488,0.1693838630392474,0.5354024011811663,0.3660185381419188,1.149874,1.404165971343435,0.6492924327797981,1.1121065187413317,unknown,no,no,ML_moderately_worse,primary DOI test sample aggregate,n,,high,unknown,unknown,unknown,unknown,unknown,unknown,unknown,,no,unknown,unknown,no,unknown,,,,,False,unknown,True,True,medium,0.1883767685305154,0.3107456605540513,,,,,,,,,,,,,,,,,,,,,,,,,-0.7403252800284,-2.0290064708772686,-1.288681190848869,1.288681190848869,0.2756340522061962,large_under_prediction,unknown,no,65,B,manual review required; sintering check required later,high observed ZT; important candidate for paper; high predicted ZT,True,True,True,True,True,not_evaluable,not_evaluable,missing_additive_or_structure_annotation; possible_sintering_or_microstructure_effect; tau_eff_ML_prediction_error,candidate hypothesis only; no causal mechanism proven,90,A,observed high ZT; ZT_ML false negative; missing sintering info for high-ZT/error sample; manual review not checked
10.1021_jacs.7b05881__sample_39987,10.1021/jacs.7b05881,https://doi.org/10.1021/jacs.7b05881,,39987,Na0.01Sn0.99Se,unknown,p,12,8,2,3,0.3516765189844821,1.0760357794141904,0.7243592604297082,0.3101880561682886,1.807219363336991,1.4970313071687025,0.8456079674675766,2.8251402239895542,1.9795322565219775,0.5502038929178711,2.2509155369385936,1.7007116440207226,0.5744,0.6092080080754848,1.6842986356725522,0.7047047911054835,unknown,no,no,ML_much_worse,primary DOI test sample aggregate,p,,high,unknown,unknown,unknown,unknown,unknown,unknown,unknown,,no,unknown,unknown,no,unknown,,,,,False,unknown,True,True,medium,0.3516765189844821,0.60912059640867,,,,,,,,,,,,,,,,,,,,,,,,,-1.9716809117061933,-1.4353337164488915,0.5363471952573018,0.5363471952573018,1.7097500585781458,large_over_prediction,unknown,no,10,low,no major issue,,True,True,True,True,True,fitting_good_ML_bad,insufficient_material_features,missing_additive_or_structure_annotation; possible_sintering_or_microstructure_effect,candidate hypothesis only; no causal mechanism proven,115,A,ML much worse than fitting; ZT_ML false positive; missing additive info and ML bad; missing structure info and ML bad; missing sintering info for high-ZT/error sample; manual review not checked
10.1021_jacs.7b05881__sample_39988,10.1021/jacs.7b05881,https://doi.org/10.1021/jacs.7b05881,,39988,Na0.01(Sn0.95Pb0.05)0.99Se,unknown,p,12,4,1,1,0.3887719963227892,1.2321107348996656,0.8433387385768765,0.4939993357210667,2.6785371365456787,2.184537800824612,0.5218556567025344,0.5392959224162068,0.0174402657136724,0.5457714234425461,0.462303602543765,-0.083467820898781,0.8726888,0.4172712131790533,1.3433263113782927,0.9186370799070014,unknown,no,no,ML_close_to_fitting,primary DOI test sample aggregate,p,,high,unknown,unknown,unknown,unknown,unknown,unknown,unknown,,no,unknown,unknown,no,unknown,,,,,False,unknown,True,True,medium,0.3887719963227892,0.6264828956745061,,,,,,,,,,,,,,,,,,,,,,,,,-1.7810471689863303,-2.6991141973578547,-0.9180670283715244,0.9180670283715244,0.399290112073426,large_under_prediction,unknown,no,10,low,no major issue,,True,True,True,True,True,fitting_good_ML_bad,insufficient_material_features,missing_additive_or_structure_annotation,candidate hypothesis only; no causal mechanism proven,35,C,ZT_ML false positive; manual review not checked
10.1021_jacs.7b05881__sample_39989,10.1021/jacs.7b05881,https://doi.org/10.1021/jacs.7b05881,,39989,Na0.01(Sn0.9Pb0.1)0.99Se,unknown,p,12,2,0,1,0.4478537056128934,1.8199835955965664,1.372129889983673,0.4658948854949554,7.554745191608437,7.088850306113482,,,,0.242936985792485,6.253595948722505,6.01065896293002,0.6064,0.4511237746265129,2.6326914569340856,0.3629498355774493,unknown,no,no,not_evaluated,primary DOI test sample aggregate,p,,high,unknown,unknown,unknown,unknown,unknown,unknown,unknown,,no,unknown,unknown,no,unknown,,,,,False,unknown,True,True,medium,0.4478537056128934,0.7257106930126046,,,,,,,,,,,,,,,,,,,,,,,,,-2.375899654537827,-2.6991141973578547,-0.3232145428200277,0.3232145428200277,0.723818547636141,moderate_error,unknown,no,10,low,insufficient ZT evaluation rows,,True,True,True,True,True,not_evaluable,not_evaluable,missing_additive_or_structure_annotation,candidate hypothesis only; no causal mechanism proven,35,C,ZT_ML false positive; manual review not checked
10.1021_jacs.7b05881__sample_39990,10.1021/jacs.7b05881,https://doi.org/10.1021/jacs.7b05881,,39990,Na0.01(Sn0.85Pb0.15)0.99Se,unknown,p,12,4,1,2,0.5782848627746451,2.085093912882762,1.5068090501081168,0.2814956602791444,5.157751275661268,4.876255615382124,0.6681824232773975,1.45991836054569,0.7917359372682925,0.3496021112421283,4.015603849287585,3.666001738045456,0.616,0.2043996272611231,1.515309710096145,0.6251689187605711,unknown,no,no,ML_much_worse,primary DOI test sample aggregate,p,,high,unknown,unknown,unknown,unknown,unknown,unknown,unknown,,no,unknown,unknown,no,unknown,,,,,False,unknown,True,True,low,0.5782848627746451,0.996798051418131,,,,,,,,,,,,,,,,,,,,,,,,,-2.615177523096782,-2.6991141973578547,-0.0839366742610727,0.0839366742610727,0.919489481602377,good,unknown,no,50,B,manual review required; sintering check required later,large ZT prediction error; important candidate for paper; carried from Step14,True,True,True,True,True,both_poor,missing_additive_or_structure_annotation,possible_sintering_or_microstructure_effect,candidate hypothesis only; no causal mechanism proven,115,A,ML much worse than fitting; ZT_ML false positive; missing additive info and ML bad; missing structure info and ML bad; missing sintering info for high-ZT/error sample; manual review not checked
10.1021_jacs.7b11662__sample_44876,10.1021/jacs.7b11662,https://doi.org/10.1021/jacs.7b11662,,44876,PbTe,unknown,n,10,10,0,0,0.2780285192558429,0.4952580883595952,0.2172295691037523,0.2561154125260356,0.3106001939659625,0.0544847814399268,,,,,,,1.079585,,,,unknown,no,no,not_evaluated,primary DOI test sample aggregate,n,,high,unknown,unknown,unknown,unknown,unknown,unknown,unknown,,no,unknown,unknown,no,unknown,,,,,False,unknown,True,True,medium,0.2780285192558429,0.4460898071545039,,,,,,,,,,,,,,,,,,,,,,,,,-0.2246857197539171,-0.7589694067725851,-0.534283687018668,0.534283687018668,0.5860889629506868,large_under_prediction,unknown,no,50,B,insufficient ZT evaluation rows; manual review required; sintering check required later,high observed ZT; important candidate for paper,True,True,True,True,True,not_evaluable,not_evaluable,missing_additive_or_structure_annotation; possible_sintering_or_microstructure_effect,candidate hypothesis only; no causal mechanism proven,90,A,observed high ZT; ZT_ML false negative; missing sintering info for high-ZT/error sample; manual review not checked
10.1021_jacs.7b11662__sample_44879,10.1021/jacs.7b11662,https://doi.org/10.1021/jacs.7b11662,,44879,(PbTe)96.09(Cu2Te)3.91,unknown,n,13,13,0,0,0.4291458388355694,0.5942868158147766,0.1651409769792071,0.4192199181617101,0.4247745549075226,0.0055546367458124,,,,,,,1.305652,,,,unknown,no,no,not_evaluated,primary DOI test sample aggregate,n,,high,unknown,unknown,unknown,unknown,unknown,unknown,unknown,,no,unknown,unknown,no,unknown,,,,,False,unknown,True,True,low,0.4291458388355694,0.916061237145247,,,,,,,,,,,,,,,,,,,,,,,,,0.5568010814184768,0.092667942218331,-0.4641331392001457,0.4641331392001457,0.6286798469628746,moderate_error,unknown,no,50,B,insufficient ZT evaluation rows; manual review required; sintering check required later,high observed ZT; important candidate for paper,True,True,True,True,True,not_evaluable,not_evaluable,missing_additive_or_structure_annotation; possible_sintering_or_microstructure_effect,candidate hypothesis only; no causal mechanism proven,90,A,observed high ZT; ZT_ML false negative; missing sintering info for high-ZT/error sample; manual review not checked
10.1021_jacs.8b04193__sample_44991,10.1021/jacs.8b04193,https://doi.org/10.1021/jacs.8b04193,,44991,Na1.10Pb5.90Sb0.85Te8,unknown,p,12,11,0,0,0.229333691404617,1.728856845062389,1.4995231536577718,0.1657727799690036,4.897885340244524,4.73211256027552,,,,,,,1.186689,,,,unknown,no,no,not_evaluated,primary DOI test sample aggregate,p,,high,unknown,unknown,unknown,unknown,unknown,unknown,unknown,,no,unknown,unknown,no,unknown,,,,,False,unknown,True,True,medium,0.229333691404617,0.3906685140714461,,,,,,,,,,,,,,,,,,,,,,,,,-1.6282113747982354,0.3405507547355622,1.9687621295337976,1.9687621295337976,7.161805611330086,large_over_prediction,unknown,no,50,B,insufficient ZT evaluation rows; manual review required; sintering check required later,high observed ZT; important candidate for paper,True,True,True,True,True,fitting_good_ML_bad,tau_eff_ML_prediction_error,missing_additive_or_structure_annotation; possible_sintering_or_microstructure_effect,candidate hypothesis only; no causal mechanism proven,90,A,observed high ZT; ZT_ML false negative; missing sintering info for high-ZT/error sample; manual review not checked
10.1021_jacs.8b04193__sample_44992,10.1021/jacs.8b04193,https://doi.org/10.1021/jacs.8b04193,,44992,Na1.06Pb7.94Sb0.85Te10,unknown,p,12,11,0,0,0.2299689770109828,1.4389588272478595,1.2089898502368768,0.1674098001320833,3.10183007412715,2.9344202739950664,,,,,,,1.144759,,,,unknown,no,no,not_evaluated,primary DOI test sample aggregate,p,,high,unknown,unknown,unknown,unknown,unknown,unknown,unknown,,no,unknown,unknown,no,unknown,,,,,False,unknown,True,True,medium,0.2299689770109828,0.1604152571883295,,,,,,,,,,,,,,,,,,,,,,,,,-1.3350962271294364,0.3405507547355622,1.6756469818649986,1.6756469818649986,5.342250370327791,large_over_prediction,unknown,no,50,B,insufficient ZT evaluation rows; manual review required; sintering check required later,high observed ZT; important candidate for paper,True,True,True,True,True,fitting_good_ML_bad,tau_eff_ML_prediction_error,missing_additive_or_structure_annotation; possible_sintering_or_microstructure_effect,candidate hypothesis only; no causal mechanism proven,90,A,observed high ZT; ZT_ML false negative; missing sintering info for high-ZT/error sample; manual review not checked
10.1021_jacs.8b04193__sample_44993,10.1021/jacs.8b04193,https://doi.org/10.1021/jacs.8b04193,,44993,Na1.10Pb9.90Sb0.85Te12,unknown,p,12,12,3,3,0.3158537737890582,1.0041598274249757,0.6883060536359173,0.2571671451804483,1.7189659762422005,1.4617988310617522,0.1731507852132926,1.255950372651874,1.0827995874385814,0.1842277451463457,1.2868078279839967,1.102580082837651,1.348419,1.3053984273189998,3.386169847535385,1.2345585394588283,unknown,no,no,ML_much_worse,primary DOI test sample aggregate,p,,high,unknown,unknown,unknown,unknown,unknown,unknown,unknown,,no,unknown,unknown,no,unknown,,,,,False,unknown,True,True,medium,0.3158537737890582,0.2725458206797984,,,,,,,,,,,,,,,,,,,,,,,,,-0.8678237909247252,0.3405507547355622,1.2083745456602877,1.2083745456602877,3.3480381440919684,large_over_prediction,unknown,no,65,B,manual review required; sintering check required later,high observed ZT; important candidate for paper; high predicted ZT,True,True,True,True,True,fitting_good_ML_bad,tau_eff_ML_prediction_error,missing_additive_or_structure_annotation; possible_sintering_or_microstructure_effect,candidate hypothesis only; no causal mechanism proven,120,A,ML much worse than fitting; observed high ZT; missing additive info and ML bad; missing structure info and ML bad; missing sintering info for high-ZT/error sample; manual review not checked
10.1021_jacs.8b04193__sample_44994,10.1021/jacs.8b04193,https://doi.org/10.1021/jacs.8b04193,,44994,Na1.15Pb19.85Sb0.85Te22,unknown,p,12,12,8,8,0.4372419329266601,0.584383480650123,0.1471415477234628,0.3662133898232043,0.7138026744181262,0.3475892845949219,0.3360762617617419,0.753645764226659,0.4175695024649171,0.3403985207947864,0.7628349114496494,0.422436390654863,1.59401,2.755981197566784,4.061244016173675,1.585959357458763,unknown,no,no,ML_moderately_worse,primary DOI test sample aggregate,p,,high,unknown,unknown,unknown,unknown,unknown,unknown,unknown,,no,unknown,unknown,no,unknown,,,,,False,unknown,True,True,medium,0.4372419329266601,0.4848831201843923,,,,,,,,,,,,,,,,,,,,,,,,,-0.3023484530741747,0.3405507547355622,0.6428992078097369,0.6428992078097369,1.9019871495352072,large_over_prediction,unknown,no,65,B,manual review required; sintering check required later,high observed ZT; important candidate for paper; high predicted ZT,True,True,True,True,True,not_evaluable,not_evaluable,missing_additive_or_structure_annotation; possible_sintering_or_microstructure_effect,candidate hypothesis only; no causal mechanism proven,60,B,observed high ZT; missing sintering info for high-ZT/error sample; manual review not checked
10.1021_jacs.8b09029__sample_45133,10.1021/jacs.8b09029,https://doi.org/10.1021/jacs.8b09029,,45133,PbTe,unknown,n,13,13,11,12,0.5171123245731882,1.329632793299649,0.8125204687264608,0.5181837049339398,0.6634039992229165,0.1452202942889766,0.4920640493048729,0.6714203735953309,0.1793563242904579,0.4796236568093651,0.6838486034772631,0.2042249466678979,1.006077,2.0996354631336165,0.616810970769826,0.9910661061973842,unknown,no,no,ML_moderately_worse,primary DOI test sample aggregate,n,,high,unknown,unknown,unknown,unknown,unknown,unknown,unknown,,no,unknown,unknown,no,unknown,,,,,False,unknown,True,True,low,0.5171123245731882,0.95381301008376,,,,,,,,,,,,,,,,,,,,,,,,,0.5904161846400235,-0.7589694067725851,-1.3493855914126085,1.3493855914126085,0.2593995890295812,large_under_prediction,unknown,no,65,B,manual review required; sintering check required later,high observed ZT; important candidate for paper; high predicted ZT,True,True,True,True,True,not_evaluable,not_evaluable,missing_additive_or_structure_annotation; possible_sintering_or_microstructure_effect; tau_eff_ML_prediction_error,candidate hypothesis only; no causal mechanism proven,90,A,observed high ZT; ZT_ML false negative; missing sintering info for high-ZT/error sample; manual review not checked
10.1021_jacs.8b09029__sample_45134,10.1021/jacs.8b09029,https://doi.org/10.1021/jacs.8b09029,,45134,(Pb0.99Sn0.01)(Te0.99Se0.01),unknown,n,13,13,12,13,0.4664634232100858,0.8116083733123224,0.3451449501022365,0.4646152745636538,0.4284123441312892,-0.0362029304323646,0.490330370634378,0.4110343255280058,-0.0792960451063722,0.4646152745636304,0.4284123441312694,-0.036202930432361,1.147118,2.199810570298052,1.132245216944308,1.1560939688418226,unknown,no,no,ML_close_to_fitting,primary DOI test sample aggregate,n,,high,unknown,unknown,unknown,unknown,unknown,unknown,unknown,,no,unknown,unknown,no,unknown,,,,,False,unknown,True,True,low,0.4664634232100858,0.860245949378997,,,,,,,,,,,,,,,,,,,,,,,,,0.7018889840139854,1.4504925869630054,0.7486036029490201,0.7486036029490201,2.114045907067505,large_over_prediction,unknown,no,65,B,manual review required; sintering check required later,high observed ZT; important candidate for paper; high predicted ZT,True,True,True,True,True,both_good,material_system_out_of_distribution,missing_additive_or_structure_annotation; possible_sintering_or_microstructure_effect,candidate hypothesis only; no causal mechanism proven,60,B,observed high ZT; missing sintering info for high-ZT/error sample; manual review not checked
10.1021_jacs.8b09029__sample_45135,10.1021/jacs.8b09029,https://doi.org/10.1021/jacs.8b09029,,45135,(Pb0.97Sn0.03)(Te0.97Se0.03),unknown,n,13,13,11,11,0.499996646571625,0.8429149069448693,0.3429182603732442,0.4992187305566917,0.4303219874372482,-0.0688967431194435,0.5154072751877355,0.4617990497914693,-0.0536082253962662,0.4894547111114027,0.4575606627395593,-0.0318940483718434,1.1423,2.308894480548418,1.1713545029839108,1.1600065214549675,unknown,no,no,ML_close_to_fitting,primary DOI test sample aggregate,n,,high,unknown,unknown,unknown,unknown,unknown,unknown,unknown,,no,unknown,unknown,no,unknown,,,,,False,unknown,True,True,low,0.4999966465716252,0.8982269425436645,,,,,,,,,,,,,,,,,,,,,,,,,0.7163283669037589,1.4504925869630054,0.7341642200592465,0.7341642200592465,2.0837397166699057,large_over_prediction,unknown,no,65,B,manual review required; sintering check required later,high observed ZT; important candidate for paper; high predicted ZT,True,True,True,True,True,not_evaluable,not_evaluable,missing_additive_or_structure_annotation; possible_sintering_or_microstructure_effect,candidate hypothesis only; no causal mechanism proven,60,B,observed high ZT; missing sintering info for high-ZT/error sample; manual review not checked
10.1021_jacs.8b09029__sample_45136,10.1021/jacs.8b09029,https://doi.org/10.1021/jacs.8b09029,,45136,(Pb0.95Sn0.05)(Te0.95Se0.05),unknown,n,13,13,12,12,0.5046151505423849,0.7845867934405651,0.2799716428981802,0.5019348347846561,0.4200558184971639,-0.0818790162874921,0.513310840124357,0.4422048591821135,-0.0711059809422434,0.5064291475607606,0.4378987282436686,-0.068530419317092,1.251164,2.477988934589272,1.3588849944973131,1.248527559756588,unknown,no,no,ML_close_to_fitting,primary DOI test sample aggregate,n,,high,unknown,unknown,unknown,unknown,unknown,unknown,unknown,,no,unknown,unknown,no,unknown,,,,,False,unknown,True,True,low,0.5046151505423849,0.8973641932512129,,,,,,,,,,,,,,,,,,,,,,,,,0.6385031220733772,1.4504925869630054,0.8119894648896282,0.8119894648896282,2.2523845722194444,large_over_prediction,unknown,no,65,B,manual review required; sintering check required later,high observed ZT; important candidate for paper; high predicted ZT,True,True,True,True,True,not_evaluable,not_evaluable,missing_additive_or_structure_annotation; possible_sintering_or_microstructure_effect,candidate hypothesis only; no causal mechanism proven,60,B,observed high ZT; missing sintering info for high-ZT/error sample; manual review not checked
10.1021_jacs.8b09029__sample_45137,10.1021/jacs.8b09029,https://doi.org/10.1021/jacs.8b09029,,45137,(Pb0.93Sn0.07)(Te0.93Se0.07),unknown,n,13,12,11,11,0.484258100652752,0.6956339971413247,0.2113758964885727,0.4914759558632876,0.3827586147549507,-0.1087173411083368,0.4208833624152957,0.411695045328306,-0.0091883170869897,0.4518374186350308,0.4021194914241739,-0.0497179272108569,1.35521,2.4241768099919043,1.4712194527108493,1.2298181811121882,unknown,no,no,ML_close_to_fitting,primary DOI test sample aggregate,n,,high,unknown,unknown,unknown,unknown,unknown,unknown,unknown,,no,unknown,unknown,no,unknown,,,,,False,unknown,True,True,low,0.484258100652752,0.8638716469336039,,,,,,,,,,,,,,,,,,,,,,,,,0.5371207012302153,1.4504925869630054,0.9133718857327902,0.9133718857327902,2.492713523871146,large_over_prediction,unknown,no,65,B,manual review required; sintering check required later,high observed ZT; important candidate for paper; high predicted ZT,True,True,True,True,True,both_good,material_system_out_of_distribution,missing_additive_or_structure_annotation; possible_sintering_or_microstructure_effect,candidate hypothesis only; no causal mechanism proven,60,B,observed high ZT; missing sintering info for high-ZT/error sample; manual review not checked
10.1021_jacs.8b09029__sample_45142,10.1021/jacs.8b09029,https://doi.org/10.1021/jacs.8b09029,,45142,(Pb0.91Sn0.09)(Te0.91Se0.09),unknown,n,13,11,7,7,0.5065434620994512,0.6482727196082165,0.1417292575087653,0.4684371151491458,0.4036179075453835,-0.0648192076037622,0.5843943958207458,0.4374809672734397,-0.1469134285473061,0.6041452607045097,0.4506600938556847,-0.153485166848825,1.262719,2.443382259102391,1.6303915940406926,1.214266744646258,unknown,no,no,ML_better_than_fitting,primary DOI test sample aggregate,n,,high,unknown,unknown,unknown,unknown,unknown,unknown,unknown,,no,unknown,unknown,no,unknown,,,,,False,unknown,True,True,low,0.5065434620994512,0.8948512502228021,,,,,,,,,,,,,,,,,,,,,,,,,0.4422833343420974,1.4504925869630054,1.008209252620908,1.008209252620908,2.740688736832599,large_over_prediction,unknown,no,65,B,manual review required; sintering check required later,high observed ZT; important candidate for paper; high predicted ZT,True,True,True,True,True,not_evaluable,not_evaluable,missing_additive_or_structure_annotation; possible_sintering_or_microstructure_effect; tau_eff_ML_prediction_error,candidate hypothesis only; no causal mechanism proven,60,B,observed high ZT; missing sintering info for high-ZT/error sample; manual review not checked
10.1021_jacs.8b09029__sample_45145,10.1021/jacs.8b09029,https://doi.org/10.1021/jacs.8b09029,,45145,(Pb0.89Sn0.11)(Te0.89Se0.11),unknown,n,12,12,12,12,0.4524236271894115,0.47807366901995,0.0256500418305384,0.4403641776597886,0.3942340637975646,-0.046130113862224,0.4293875338171786,0.3849615410300931,-0.0444259927870855,0.4403641776597684,0.3942340637975408,-0.0461301138622275,1.271973,2.251548923122972,1.929243494740614,1.2449894068244194,unknown,no,no,ML_close_to_fitting,primary DOI test sample aggregate,n,,high,unknown,unknown,unknown,unknown,unknown,unknown,unknown,,no,unknown,unknown,no,unknown,,,,,False,unknown,True,True,medium,0.4524236271894115,0.7513811011130498,,,,,,,,,,,,,,,,,,,,,,,,,0.1922107460395814,1.4504925869630054,1.258281840923424,1.258281840923424,3.519369453105742,large_over_prediction,unknown,no,65,B,manual review required; sintering check required later,high observed ZT; important candidate for paper; high predicted ZT,True,True,True,True,True,both_good,material_system_out_of_distribution,missing_additive_or_structure_annotation; possible_sintering_or_microstructure_effect; tau_eff_ML_prediction_error,candidate hypothesis only; no causal mechanism proven,60,B,observed high ZT; missing sintering info for high-ZT/error sample; manual review not checked
10.1021_jacs.8b12450__sample_45317,10.1021/jacs.8b12450,https://doi.org/10.1021/jacs.8b12450,,45317,SnSe,unknown,p,12,12,10,10,0.6054743038221186,1.039233021970433,0.4337587181483147,0.5655363050499181,1.7687306870352826,1.2031943819853643,0.627730943012652,1.8491789595760344,1.2214480165633823,0.6519577054080118,1.9044900650085588,1.252532359600547,1.332551,2.512300065318994,5.846437061051606,1.1711950756641838,unknown,no,no,ML_much_worse,primary DOI test sample aggregate,p,,high,unknown,unknown,unknown,unknown,unknown,unknown,unknown,,no,unknown,unknown,no,unknown,,,,,False,unknown,True,True,low,0.6054743038221186,0.9382754554312877,,,,,,,,,,,,,,,,,,,,,,,,,-0.4093017991742034,1.67396208774571,2.083263886919913,2.083263886919913,8.030637277745297,large_over_prediction,unknown,no,65,B,manual review required; sintering check required later,high observed ZT; important candidate for paper; high predicted ZT,True,True,True,True,True,both_poor,missing_additive_or_structure_annotation,possible_sintering_or_microstructure_effect; tau_eff_ML_prediction_error,candidate hypothesis only; no causal mechanism proven,120,A,ML much worse than fitting; observed high ZT; missing additive info and ML bad; missing structure info and ML bad; missing sintering info for high-ZT/error sample; manual review not checked
10.1021_jacs.8b12450__sample_45318,10.1021/jacs.8b12450,https://doi.org/10.1021/jacs.8b12450,,45318,Sn0.98Na0.02Se0.995Te0.005,unknown,p,12,9,9,9,0.6696077424276563,0.8914299867019637,0.2218222442743074,0.4746739519955078,0.8375336978322774,0.3628597458367695,0.4380870635164434,0.7693466127335554,0.331259549217112,0.4746739519955014,0.8375336978322604,0.3628597458367589,1.63871,2.3204182449106208,4.17952253544954,1.366583356738578,unknown,no,no,ML_moderately_worse,primary DOI test sample aggregate,p,,high,unknown,unknown,unknown,unknown,unknown,unknown,unknown,,no,unknown,unknown,no,unknown,,,,,False,unknown,True,True,low,0.6696077424276562,0.9012915676698148,,,,,,,,,,,,,,,,,,,,,,,,,-0.4005260826437447,-2.6991141973578547,-2.29858811471411,2.29858811471411,0.1004004976850775,large_under_prediction,unknown,no,65,B,manual review required; sintering check required later,high observed ZT; important candidate for paper; high predicted ZT,True,True,True,True,True,not_evaluable,not_evaluable,missing_additive_or_structure_annotation; possible_sintering_or_microstructure_effect; tau_eff_ML_prediction_error,candidate hypothesis only; no causal mechanism proven,60,B,observed high ZT; missing sintering info for high-ZT/error sample; manual review not checked
10.1021_jacs.8b12450__sample_45319,10.1021/jacs.8b12450,https://doi.org/10.1021/jacs.8b12450,,45319,Sn0.98Na0.02Se0.99Te0.01,unknown,p,12,12,11,11,0.7315086368381717,0.8562373787665519,0.1247287419283802,0.7128814813054243,1.2206723310007197,0.5077908496952952,0.7416138071179972,1.219522442713109,0.4779086355951119,0.7460486993048826,1.2313119839713218,0.4852632846664392,1.6,3.9314591074394936,6.135089991961833,1.5901641218870377,unknown,no,no,ML_moderately_worse,primary DOI test sample aggregate,p,,high,unknown,unknown,unknown,unknown,unknown,unknown,unknown,,no,unknown,unknown,no,unknown,,,,,False,unknown,True,True,low,0.7315086368381717,0.9813271146311252,,,,,,,,,,,,,,,,,,,,,,,,,-0.2570906315473056,-2.6991141973578547,-2.4420235658105494,2.4420235658105494,0.0869846540765716,large_under_prediction,unknown,no,65,B,manual review required; sintering check required later,high observed ZT; important candidate for paper; high predicted ZT,True,True,True,True,True,not_evaluable,not_evaluable,missing_additive_or_structure_annotation; possible_sintering_or_microstructure_effect; tau_eff_ML_prediction_error,candidate hypothesis only; no causal mechanism proven,60,B,observed high ZT; missing sintering info for high-ZT/error sample; manual review not checked
10.1021_jacs.8b12450__sample_45320,10.1021/jacs.8b12450,https://doi.org/10.1021/jacs.8b12450,,45320,Sn0.98Na0.02Se0.985Te0.015,unknown,p,12,9,9,9,0.7184599428982058,0.7679440057952325,0.0494840628970266,0.6250622204236638,0.7851819929045927,0.1601197724809289,0.6398238520492117,0.8045425621615734,0.1647187101123617,0.6250622204236529,0.7851819929045862,0.1601197724809333,1.800587,4.72182803109198,6.192897975943038,1.8537862615598524,unknown,no,no,ML_moderately_worse,primary DOI test sample aggregate,p,,high,unknown,unknown,unknown,unknown,unknown,unknown,unknown,,no,unknown,unknown,no,unknown,,,,,False,unknown,True,True,low,0.7184599428982058,0.994124766687398,,,,,,,,,,,,,,,,,,,,,,,,,-0.0832836443954699,-2.6991141973578547,-2.6158305529623846,2.6158305529623846,0.0731070442015814,large_under_prediction,unknown,no,65,B,manual review required; sintering check required later,high observed ZT; important candidate for paper; high predicted ZT,True,True,True,True,True,not_evaluable,not_evaluable,missing_additive_or_structure_annotation; possible_sintering_or_microstructure_effect; tau_eff_ML_prediction_error,candidate hypothesis only; no causal mechanism proven,60,B,observed high ZT; missing sintering info for high-ZT/error sample; manual review not checked
10.1021_jacs.8b12450__sample_45322,10.1021/jacs.8b12450,https://doi.org/10.1021/jacs.8b12450,,45322,Sn0.98Na0.02Se0.975Te0.025,unknown,p,12,12,12,12,0.7169023714450858,0.8479299636202939,0.1310275921752081,0.7003927596032299,1.2096742036752313,0.5092814440720014,0.739267089893673,1.3107865739917808,0.5715194840981078,0.7003927596032123,1.2096742036752035,0.5092814440719914,1.441642,3.69839627954153,5.816557160106036,1.6393132326199114,unknown,no,no,ML_much_worse,primary DOI test sample aggregate,p,,high,unknown,unknown,unknown,unknown,unknown,unknown,unknown,,no,unknown,unknown,no,unknown,,,,,False,unknown,True,True,low,0.7169023714450858,0.86897807942342,,,,,,,,,,,,,,,,,,,,,,,,,-0.2648857617424465,-2.6991141973578547,-2.434228435615408,2.434228435615408,0.087665360430535,large_under_prediction,unknown,no,65,B,manual review required; sintering check required later,high observed ZT; important candidate for paper; high predicted ZT,True,True,True,True,True,both_poor,missing_additive_or_structure_annotation,possible_sintering_or_microstructure_effect; tau_eff_ML_prediction_error,candidate hypothesis only; no causal mechanism proven,120,A,ML much worse than fitting; observed high ZT; missing additive info and ML bad; missing structure info and ML bad; missing sintering info for high-ZT/error sample; manual review not checked
10.1021_jacs.8b12450__sample_45323,10.1021/jacs.8b12450,https://doi.org/10.1021/jacs.8b12450,,45323,Sn0.98Na0.02Se0.97Te0.03,unknown,p,12,12,12,12,0.5614163499939582,0.9910475790334264,0.4296312290394682,0.5219322018652556,1.6204250077715263,1.0984928059062709,0.5301421294500591,1.6651355630109974,1.1349934335609384,0.521932201865254,1.6204250077715,1.098492805906246,1.409971,2.8498953504397,6.449321854757853,1.403439868454466,unknown,no,no,ML_much_worse,primary DOI test sample aggregate,p,,high,unknown,unknown,unknown,unknown,unknown,unknown,unknown,,no,unknown,unknown,no,unknown,,,,,False,unknown,True,True,medium,0.5614163499939582,0.7017845810718064,,,,,,,,,,,,,,,,,,,,,,,,,-0.6287692280297329,-2.6991141973578547,-2.0703449693281217,2.0703449693281217,0.1261422589881382,large_under_prediction,unknown,no,65,B,manual review required; sintering check required later,high observed ZT; important candidate for paper; high predicted ZT,True,True,True,True,True,both_poor,missing_additive_or_structure_annotation,possible_sintering_or_microstructure_effect; tau_eff_ML_prediction_error,candidate hypothesis only; no causal mechanism proven,120,A,ML much worse than fitting; observed high ZT; missing additive info and ML bad; missing structure info and ML bad; missing sintering info for high-ZT/error sample; manual review not checked
10.1021_jacs.9b11405__sample_41252,10.1021/jacs.9b11405,https://doi.org/10.1021/jacs.9b11405,,41252,(GeTe)80(AgBiSe2)20,unknown,p,10,6,1,1,0.3825813453015724,1.1897981724562134,0.807216827154641,0.4126983202030405,2.872365004889375,2.459666684686334,0.5192610248012048,3.6871960327271855,3.1679350079259807,0.5885527894683662,3.9009737043363697,3.3124209148680035,1.266579,0.9599459900772562,2.961607625596292,0.6042896379908892,unknown,no,no,ML_much_worse,primary DOI test sample aggregate,p,existing_step6_or_step15,high,unknown,auto_step9,unknown,unknown,auto_step9,unknown,unknown,,no,unknown,unknown,no,unknown,yes,yes,yes,yes,False,unknown,True,True,medium,0.3825813453015724,0.7177219695046345,p,existing_step6_or_step15,high,unknown,auto_step9,unknown,unknown,auto_step9,unknown,unknown,,no,unknown,unknown,no,not_checked,yes,yes,yes,yes,False,unknown,True,True,-1.0509664200205298,0.1335194910940272,1.184485911114557,1.184485911114557,3.2690058298498466,large_over_prediction,not_checked,no,100,A,observed high ZT missed; manual review required; sintering check required later,high observed ZT; high-ZT false negative; important candidate for paper; carried from Step14,True,True,True,True,True,fitting_good_ML_bad,tau_eff_ML_prediction_error,missing_additive_or_structure_annotation; possible_sintering_or_microstructure_effect,candidate hypothesis only; no causal mechanism proven,120,A,ML much worse than fitting; observed high ZT; missing additive info and ML bad; missing structure info and ML bad; missing sintering info for high-ZT/error sample; manual review not checked
10.1021_nl3003045__sample_1350,10.1021/nl3003045,https://doi.org/10.1021/nl3003045,,1350,Si88.75Ge11.25P0.75,unknown,n,10,3,1,1,0.2318173093028276,0.6351984848397857,0.403381175536958,0.265274600940905,0.4624523821038949,0.1971777811629898,0.2503431336519565,0.3078609188691596,0.057517785217203,0.1320823129804905,0.3733252970468959,0.2412429840664053,1.08251,1.1412922066328606,0.6317729253196681,1.0081353568965516,unknown,no,no,ML_close_to_fitting,primary DOI test sample aggregate,n,,high,unknown,unknown,unknown,unknown,unknown,unknown,unknown,,no,unknown,unknown,no,unknown,,,,,False,unknown,True,False,medium,0.2318173093028276,0.5165641129940356,,,,,,,,,,,,,,,,,,,,,,,,,0.6665655976569438,-0.1257881531418309,-0.7923537507987748,0.7923537507987748,0.4527778139296481,large_under_prediction,unknown,no,70,B,manual review required; sintering check required later,high observed ZT; important candidate for paper; high predicted ZT,True,True,True,True,True,both_good,material_system_out_of_distribution,missing_additive_or_structure_annotation; possible_sintering_or_microstructure_effect,candidate hypothesis only; no causal mechanism proven,90,A,observed high ZT; ZT_ML false negative; missing sintering info for high-ZT/error sample; manual review not checked
10.1021_nl3003045__sample_1351,10.1021/nl3003045,https://doi.org/10.1021/nl3003045,,1351,Si86.25Ge13.75P1.05,unknown,n,10,3,0,0,0.2748344142940624,0.7176451367383536,0.4428107224442911,0.445006496273986,0.4160511305978656,-0.0289553656761203,,,,,,,1.264995,,,,unknown,no,no,not_evaluated,primary DOI test sample aggregate,n,,high,unknown,unknown,unknown,unknown,unknown,unknown,unknown,,no,unknown,unknown,no,unknown,,,,,False,unknown,True,False,medium,0.2748344142940624,0.5698690496542281,,,,,,,,,,,,,,,,,,,,,,,,,0.7381125380045417,-0.1257881531418309,-0.8639006911463727,0.8639006911463727,0.4215146728363917,large_under_prediction,unknown,no,45,C,insufficient ZT evaluation rows; sintering check required later,high observed ZT,True,True,True,True,True,not_evaluable,not_evaluable,missing_additive_or_structure_annotation; possible_sintering_or_microstructure_effect,candidate hypothesis only; no causal mechanism proven,90,A,observed high ZT; ZT_ML false negative; missing sintering info for high-ZT/error sample; manual review not checked
10.1021_nn507250r__sample_11292,10.1021/nn507250r,https://doi.org/10.1021/nn507250r,,11292,Bi2Se0.3Te2.7,unknown,n,6,4,3,3,0.1092911110087359,0.7819135695058895,0.6726224584971536,0.1243446717192668,1.1896130788254369,1.0652684071061698,0.1225456634222201,1.1958339528634985,1.0732882894412783,0.1369972221575532,1.258960653122741,1.1219634309651878,0.6519554,0.5452113087625172,1.18252979247452,0.6347840996952251,unknown,no,no,ML_much_worse,primary DOI test sample aggregate,n,,high,unknown,unknown,unknown,unknown,unknown,unknown,unknown,,no,unknown,unknown,no,unknown,,,,,False,unknown,True,True,low,0.1092911110087359,,,,,,,,,,,,,,,,,,,,,,,,,,-0.946673891017299,0.0434032168861993,0.9900771079034985,0.9900771079034985,2.691441995797994,large_over_prediction,unknown,no,0,low,no major issue,,True,True,True,True,True,fitting_good_ML_bad,insufficient_material_features,missing_additive_or_structure_annotation; possible_sintering_or_microstructure_effect,candidate hypothesis only; no causal mechanism proven,115,A,ML much worse than fitting; ZT_ML false positive; missing additive info and ML bad; missing structure info and ML bad; missing sintering info for high-ZT/error sample; manual review not checked
10.1021_nn507250r__sample_11293,10.1021/nn507250r,https://doi.org/10.1021/nn507250r,,11293,Bi2Se(Bi2Te3)4,unknown,n,6,4,0,3,0.1567535766915464,0.9213909251730936,0.7646373484815472,0.1415902764208568,1.5784904251081573,1.4369001486873003,,,,0.1210771044956743,1.7794384968309558,1.6583613923352811,,0.6214083671930759,1.5406311761279623,0.6006037135015714,unknown,no,no,not_evaluated,primary DOI test sample aggregate,n,,high,unknown,unknown,unknown,unknown,unknown,unknown,unknown,,no,unknown,unknown,no,unknown,,,,,False,unknown,True,True,low,0.1567535766915464,,,,,,,,,,,,,,,,,,,,,,,,,,-1.0803950226380437,0.0434032168861993,1.123798239524243,1.123798239524243,3.076517389429577,large_over_prediction,unknown,no,10,low,insufficient ZT evaluation rows,,True,True,True,True,True,not_evaluable,not_evaluable,missing_additive_or_structure_annotation; tau_eff_ML_prediction_error,candidate hypothesis only; no causal mechanism proven,35,C,ZT_ML false positive; manual review not checked
10.1038_am.2013.15__sample_20982,10.1038/am.2013.15,https://doi.org/10.1038/am.2013.15,,20982,Bi0.975Ca0.025CuSeO,unknown,p,26,9,3,5,0.1920623267662362,1.1944975974064225,1.0024352706401862,0.2166028609900178,2.131879308325011,1.915276447334993,0.3983569857832479,0.9559278875682912,0.5575709017850432,0.2251392370279749,2.414521940324947,2.189382703296972,0.6364539,0.3660009394420258,1.1898608101729686,0.3717010693613907,unknown,no,no,ML_much_worse,primary DOI test sample aggregate,p,,high,unknown,unknown,unknown,unknown,unknown,unknown,unknown,,no,unknown,unknown,no,unknown,,,,,False,unknown,True,True,medium,0.1920623267662363,0.399385130786386,,,,,,,,,,,,,,,,,,,,,,,,,-2.506258321947612,-1.3329276442008402,1.1733306777467718,1.1733306777467718,3.2327419490173206,large_over_prediction,unknown,no,0,low,no major issue,,True,True,True,True,True,fitting_good_ML_bad,tau_eff_ML_prediction_error,missing_additive_or_structure_annotation; possible_sintering_or_microstructure_effect,candidate hypothesis only; no causal mechanism proven,115,A,ML much worse than fitting; ZT_ML false positive; missing additive info and ML bad; missing structure info and ML bad; missing sintering info for high-ZT/error sample; manual review not checked
10.1038_nature23667__sample_31356,10.1038/nature23667,https://doi.org/10.1038/nature23667,,31356,Ba0.3In0.3Co4Sb12,unknown,n,12,7,2,2,0.072025160224834,0.4275449893732919,0.3555198291484578,0.0590975150276663,0.3318364934583156,0.2727389784306492,0.0573553005057784,0.3062639873438425,0.248908686838064,0.1024610947601595,0.2766698539066192,0.1742087591464597,1.33125,1.4696543294219253,0.9642474331838408,1.237519844710408,unknown,no,no,ML_moderately_worse,primary DOI test sample aggregate,n,,high,unknown,unknown,unknown,unknown,unknown,unknown,unknown,,no,unknown,unknown,no,unknown,,,,,False,unknown,True,True,medium,0.072025160224834,0.1121567023598094,,,,,,,,,,,,,,,,,,,,,,,,,0.8385069079468407,0.7126523701536179,-0.1258545377932227,0.1258545377932227,0.8817430977521651,good,unknown,no,75,B,manual review required; sintering check required later,high observed ZT; important candidate for paper; high predicted ZT,True,True,True,True,True,both_good,material_system_out_of_distribution,missing_additive_or_structure_annotation; possible_sintering_or_microstructure_effect,candidate hypothesis only; no causal mechanism proven,90,A,observed high ZT; ZT_ML false negative; missing sintering info for high-ZT/error sample; manual review not checked
10.1038_nature23667__sample_31357,10.1038/nature23667,https://doi.org/10.1038/nature23667,,31357,Ba0.3In0.3Co4.017Sb12,unknown,n,10,3,3,3,0.0908882564591324,0.5408750715998684,0.4499868151407359,0.0720464039315041,0.3894179042341938,0.3173715003026896,0.0768524386687589,0.3847325126487135,0.3078800739799546,0.0720464039314956,0.3894179042341892,0.3173715003026935,1.632031,1.8821705291809911,1.1043331371451268,1.6391268646373258,unknown,no,no,ML_moderately_worse,primary DOI test sample aggregate,n,,high,unknown,unknown,unknown,unknown,unknown,unknown,unknown,,no,unknown,unknown,no,unknown,,,,,False,unknown,True,True,medium,0.0908882564591324,0.1381859436302031,,,,,,,,,,,,,,,,,,,,,,,,,0.9502563316606792,0.7126523701536179,-0.2376039615070613,0.2376039615070613,0.7885149115212543,good,unknown,no,65,B,manual review required; sintering check required later,high observed ZT; important candidate for paper; high predicted ZT,True,True,True,True,True,both_good,material_system_out_of_distribution,missing_additive_or_structure_annotation; possible_sintering_or_microstructure_effect,candidate hypothesis only; no causal mechanism proven,60,B,observed high ZT; missing sintering info for high-ZT/error sample; manual review not checked
10.1038_nature23667__sample_31358,10.1038/nature23667,https://doi.org/10.1038/nature23667,,31358,Ba0.3In0.3Co4.03Sb12,unknown,n,9,2,2,2,0.1060496148071542,0.5241617872925164,0.4181121724853621,0.0774773735005725,0.3599670632015281,0.2824896897009556,0.0789097212667578,0.3576246597245544,0.2787149384577965,0.077477373500567,0.3599670632015301,0.2824896897009631,1.745313,2.0109686192549105,1.2035733366395538,1.7534487764120747,unknown,no,no,ML_moderately_worse,primary DOI test sample aggregate,n,,high,unknown,unknown,unknown,unknown,unknown,unknown,unknown,,no,unknown,unknown,no,unknown,,,,,False,unknown,True,True,medium,0.1060496148071542,0.1082910112410705,,,,,,,,,,,,,,,,,,,,,,,,,0.9303939345829296,0.7126523701536179,-0.2177415644293117,0.2177415644293117,0.8043332831396398,good,unknown,no,75,B,manual review required; sintering check required later,high observed ZT; important candidate for paper; high predicted ZT,True,True,True,True,True,both_good,material_system_out_of_distribution,missing_additive_or_structure_annotation; possible_sintering_or_microstructure_effect,candidate hypothesis only; no causal mechanism proven,60,B,observed high ZT; missing sintering info for high-ZT/error sample; manual review not checked
10.1038_nature23667__sample_31359,10.1038/nature23667,https://doi.org/10.1038/nature23667,,31359,Ba0.3In0.3Co4.05Sb12,unknown,n,12,5,3,3,0.0642292800532188,0.4459456624347542,0.3817163823815354,0.073645267753691,0.3459560793159541,0.2723108115622631,0.0837110210360374,0.3226173687604116,0.2389063477243742,0.0791955244215293,0.3287986191019543,0.2496030946804249,1.596875,1.8444223533517468,1.1863367175528297,1.6146246100270174,unknown,no,no,ML_moderately_worse,primary DOI test sample aggregate,n,,high,unknown,unknown,unknown,unknown,unknown,unknown,unknown,,no,unknown,unknown,no,unknown,,,,,False,unknown,True,True,medium,0.0642292800532188,0.1062114788057063,,,,,,,,,,,,,,,,,,,,,,,,,0.8583683113106072,0.7126523701536179,-0.1457159411569892,0.1457159411569892,0.8644032096894841,good,unknown,no,65,B,manual review required; sintering check required later,high observed ZT; important candidate for paper; high predicted ZT,True,True,True,True,True,both_good,material_system_out_of_distribution,missing_additive_or_structure_annotation; possible_sintering_or_microstructure_effect,candidate hypothesis only; no causal mechanism proven,60,B,observed high ZT; missing sintering info for high-ZT/error sample; manual review not checked
10.1038_ncomms12167__sample_2833,10.1038/ncomms12167,https://doi.org/10.1038/ncomms12167,,2833,Pb0.98Na0.02Te,unknown,p,14,4,0,3,0.5039415214124863,0.678415541471482,0.1744740200589957,0.431910360920238,0.4631015527221678,0.0311911918019297,,,,0.4066884305063128,0.3883586603361322,-0.0183297701701805,,2.419696508290244,1.5364120854999137,1.5561307352648015,unknown,no,no,not_evaluated,primary DOI test sample aggregate,p,,high,unknown,unknown,unknown,unknown,unknown,unknown,unknown,,no,unknown,unknown,no,unknown,,,,,False,unknown,True,True,medium,0.5039415214124863,0.412277476629018,,,,,,,,,,,,,,,,,,,,,,,,,0.643380966707687,-0.1153316833383763,-0.7587126500460634,0.7587126500460634,0.4682688650542723,large_under_prediction,unknown,no,35,C,insufficient ZT evaluation rows; sintering check required later,high predicted ZT,True,True,True,True,True,not_evaluable,not_evaluable,missing_additive_or_structure_annotation,candidate hypothesis only; no causal mechanism proven,35,C,ZT_ML false positive; manual review not checked
10.1038_ncomms12167__sample_2838,10.1038/ncomms12167,https://doi.org/10.1038/ncomms12167,,2838,Pb0.9Na0.02TeSr0.08,unknown,p,14,7,0,2,0.400639795448224,0.5668065153410928,0.1661667198928688,0.3519640178731947,0.3702422291572499,0.0182782112840551,,,,0.3525346150704262,0.2360876675600813,-0.1164469475103448,,3.403062848925825,2.278985200936263,2.0086722318844075,unknown,no,no,not_evaluated,primary DOI test sample aggregate,p,,high,unknown,unknown,unknown,unknown,unknown,unknown,unknown,,no,unknown,unknown,no,unknown,,,,,False,unknown,True,True,medium,0.400639795448224,0.3184287270256986,,,,,,,,,,,,,,,,,,,,,,,,,0.5901343352287685,-0.1153316833383763,-0.7054660185671449,0.7054660185671449,0.4938783641316153,large_under_prediction,unknown,no,35,C,insufficient ZT evaluation rows; sintering check required later,high predicted ZT,True,True,True,True,True,not_evaluable,not_evaluable,missing_additive_or_structure_annotation,candidate hypothesis only; no causal mechanism proven,35,C,ZT_ML false positive; manual review not checked
10.1038_ncomms5515__sample_204,10.1038/ncomms5515,https://doi.org/10.1038/ncomms5515,,204,K0.01Pb1Te0.7S0.3,unknown,p,8,2,0,1,0.570081700568239,0.5794842199247882,0.0094025193565491,0.4313938457860399,0.4786582719635091,0.0472644261774691,,,,0.361356067570212,0.5105091303349598,0.1491530627647477,,1.297942911618486,1.4401482943051922,0.9534191256333784,unknown,no,no,not_evaluated,primary DOI test sample aggregate,p,,high,unknown,unknown,unknown,unknown,unknown,unknown,unknown,,no,unknown,unknown,no,unknown,,,,,False,unknown,True,True,medium,0.570081700568239,0.5673404160058376,,,,,,,,,,,,,,,,,,,,,,,,,-0.103403836129752,-0.0789786309725864,0.0244252051571655,0.0244252051571655,1.0247259440248997,good,unknown,no,35,C,insufficient ZT evaluation rows; sintering check required later,high predicted ZT,True,True,True,True,True,not_evaluable,not_evaluable,missing_additive_or_structure_annotation,candidate hypothesis only; no causal mechanism proven,35,C,ZT_ML false positive; manual review not checked
10.1038_ncomms5515__sample_409,10.1038/ncomms5515,https://doi.org/10.1038/ncomms5515,,409,K0.025Pb1Te0.7S0.3,unknown,p,14,14,0,14,0.574194578672424,0.5743522902629467,0.0001577115905226,0.5248709987825827,0.5159443882956557,-0.008926610486927,,,,0.5248709987825625,0.515944388295639,-0.0089266104869234,,4.656990812280164,4.59473322505264,2.231742671593626,unknown,no,no,not_evaluated,primary DOI test sample aggregate,p,,high,unknown,unknown,unknown,unknown,unknown,unknown,unknown,,no,unknown,unknown,no,unknown,,,,,False,unknown,True,True,medium,0.574194578672424,0.4254667891603109,,,,,,,,,,,,,,,,,,,,,,,,,0.0140204134536971,-0.0789786309725864,-0.0929990444262835,0.0929990444262835,0.911194371009116,good,unknown,no,35,C,insufficient ZT evaluation rows; sintering check required later,high predicted ZT,True,True,True,True,True,not_evaluable,not_evaluable,missing_additive_or_structure_annotation,candidate hypothesis only; no causal mechanism proven,35,C,ZT_ML false positive; manual review not checked
10.1038_ncomms5515__sample_419,10.1038/ncomms5515,https://doi.org/10.1038/ncomms5515,,419,K0.03Pb1Te0.7S0.3,unknown,p,14,14,0,14,0.5641337097027802,0.5696221365674687,0.0054884268646885,0.5138733073966824,0.5697268208600117,0.0558535134633293,,,,0.5138733073966774,0.5697268208600057,0.0558535134633283,,4.891694745012522,5.293194135729636,2.189320310139901,unknown,no,no,not_evaluated,primary DOI test sample aggregate,p,,high,unknown,unknown,unknown,unknown,unknown,unknown,unknown,,no,unknown,unknown,no,unknown,,,,,False,unknown,True,True,medium,0.5641337097027801,0.3980496644491817,,,,,,,,,,,,,,,,,,,,,,,,,-0.0783214341608766,-0.0789786309725864,-0.0006571968117098,0.0006571968117098,0.9993430190948144,good,unknown,no,35,C,insufficient ZT evaluation rows; sintering check required later,high predicted ZT,True,True,True,True,True,not_evaluable,not_evaluable,missing_additive_or_structure_annotation,candidate hypothesis only; no causal mechanism proven,35,C,ZT_ML false positive; manual review not checked
10.1038_s41598-017-05428-4__sample_15696,10.1038/s41598-017-05428-4,https://doi.org/10.1038/s41598-017-05428-4,,15696,Bi0.35Sb1.65Te3,unknown,p,24,6,1,2,0.3711267400168466,0.5370652151411618,0.1659384751243152,0.3085115518235272,0.4444046790669185,0.1358931272433913,0.716704117126438,1.5309946230722735,0.8142905059458355,0.4740679085904922,1.050159375541528,0.5760914669510357,1.036584,1.5085915104154342,2.224167206906468,0.80905472821462,unknown,no,no,ML_much_worse,primary DOI test sample aggregate,p,,high,unknown,unknown,unknown,unknown,unknown,unknown,unknown,,no,unknown,unknown,no,unknown,,,,,False,unknown,True,True,medium,0.3711267400168466,0.778599394876351,,,,,,,,,,,,,,,,,,,,,,,,,-0.2281091913753036,6.011428478179339e-05,0.2281693056600854,0.2281693056600854,1.2562980057909765,good,unknown,no,75,B,manual review required; sintering check required later,high observed ZT; important candidate for paper; high predicted ZT,True,True,True,True,True,both_poor,missing_additive_or_structure_annotation,possible_sintering_or_microstructure_effect,candidate hypothesis only; no causal mechanism proven,120,A,ML much worse than fitting; observed high ZT; missing additive info and ML bad; missing structure info and ML bad; missing sintering info for high-ZT/error sample; manual review not checked
10.1039_c0ee00012d__sample_1516,10.1039/c0ee00012d,https://doi.org/10.1039/c0ee00012d,,1516,Bi0.5Sb1.5Te3,unknown,p,11,11,1,3,0.0613816803131084,0.3183046184341082,0.2569229381209997,0.0486511723304046,0.3691470521592259,0.3204958798288213,0.0816436589642789,0.2550310989576004,0.1733874399933214,0.0970806933304689,0.3118698262557071,0.2147891329252381,1.247889,1.15492629805024,1.578328973503158,1.310109680791618,unknown,no,no,ML_moderately_worse,primary DOI test sample aggregate,p,,high,unknown,unknown,unknown,unknown,unknown,unknown,unknown,,no,unknown,unknown,no,unknown,,,,,False,unknown,True,True,medium,0.0613816803131084,0.0918803877001385,,,,,,,,,,,,,,,,,,,,,,,,,-0.152233220754427,6.011428478179339e-05,0.1522933350392087,0.1522933350392087,1.164501775510952,good,unknown,no,75,B,manual review required; sintering check required later,high observed ZT; important candidate for paper; high predicted ZT,True,True,True,True,True,both_good,material_system_out_of_distribution,missing_additive_or_structure_annotation; possible_sintering_or_microstructure_effect,candidate hypothesis only; no causal mechanism proven,60,B,observed high ZT; missing sintering info for high-ZT/error sample; manual review not checked
10.1039_c0ee00012d__sample_1517,10.1039/c0ee00012d,https://doi.org/10.1039/c0ee00012d,,1517,Bi0.5Sb1.5Te3,unknown,p,11,11,3,3,0.0396783225185907,0.4148649501148431,0.3751866275962524,0.0332670463869702,0.5124686558702325,0.4792016094832623,0.0617607989484288,0.4484419752664252,0.3866811763179963,0.0632367826297288,0.4692845885536749,0.406047805923946,1.247601,1.157981176443421,1.7500445887292535,1.2343955175416137,unknown,no,no,ML_moderately_worse,primary DOI test sample aggregate,p,,high,unknown,unknown,unknown,unknown,unknown,unknown,unknown,,no,unknown,unknown,no,unknown,,,,,False,unknown,True,True,medium,0.0396783225185907,0.0574571049181386,,,,,,,,,,,,,,,,,,,,,,,,,-0.2528662189103485,6.011428478179339e-05,0.2529263331951303,0.2529263331951303,1.2877884060830362,moderate_error,unknown,no,65,B,manual review required; sintering check required later,high observed ZT; important candidate for paper; high predicted ZT,True,True,True,True,True,both_good,material_system_out_of_distribution,missing_additive_or_structure_annotation; possible_sintering_or_microstructure_effect,candidate hypothesis only; no causal mechanism proven,60,B,observed high ZT; missing sintering info for high-ZT/error sample; manual review not checked
10.1039_c1jm10163c__sample_8146,10.1039/c1jm10163c,https://doi.org/10.1039/c1jm10163c,,8146,Cu0.05Bi2Te3,unknown,n,8,8,8,8,0.4809444478917231,0.676081517687617,0.1951370697958939,0.4501265128128549,0.8715966324563671,0.4214701196435121,0.4502073821052655,0.8684307499609095,0.4182233678556439,0.4501265128128144,0.871596632456331,0.4214701196435165,0.7445943,1.394716142399135,2.2430860726059256,0.7358946393891738,unknown,no,no,ML_moderately_worse,primary DOI test sample aggregate,n,,high,unknown,unknown,unknown,unknown,unknown,unknown,unknown,,no,unknown,unknown,no,unknown,,,,,False,unknown,True,True,low,0.4809444478917231,0.8631636353061649,,,,,,,,,,,,,,,,,,,,,,,,,-0.6033474996855854,-0.2561668237659461,0.3471806759196393,0.3471806759196393,1.4150723717772855,moderate_error,unknown,no,65,B,predicted high ZT false positive; manual review required; sintering check required later,high-ZT false positive; important candidate for paper; high predicted ZT; carried from Step14,True,True,True,True,True,not_evaluable,not_evaluable,missing_additive_or_structure_annotation,candidate hypothesis only; no causal mechanism proven,35,C,ZT_ML false positive; manual review not checked
10.1039_c1jm10163c__sample_8147,10.1039/c1jm10163c,https://doi.org/10.1039/c1jm10163c,,8147,Cu0.05Bi2Te3,unknown,n,8,8,8,8,0.4754374242045833,0.5101936526742664,0.034756228469683,0.4449412442780996,0.3767805194736038,-0.0681607248044958,0.4440554082420652,0.3764720260943526,-0.0675833821477126,0.4449412442780887,0.376780519473601,-0.0681607248044877,0.8820447,1.6474105374957695,1.3690522428637333,0.8752758918021113,unknown,no,no,ML_close_to_fitting,primary DOI test sample aggregate,n,,high,unknown,unknown,unknown,unknown,unknown,unknown,unknown,,no,unknown,unknown,no,unknown,,,,,False,unknown,True,True,low,0.4754374242045833,0.8479952205998524,,,,,,,,,,,,,,,,,,,,,,,,,0.0569001936107902,-0.2561668237659461,-0.3130670173767363,0.3130670173767363,0.7312009077601082,moderate_error,unknown,no,65,B,predicted high ZT false positive; manual review required; sintering check required later,high-ZT false positive; important candidate for paper; high predicted ZT; carried from Step14,True,True,True,True,True,both_good,material_system_out_of_distribution,missing_additive_or_structure_annotation,candidate hypothesis only; no causal mechanism proven,35,C,ZT_ML false positive; manual review not checked
10.1039_c1jm10163c__sample_8148,10.1039/c1jm10163c,https://doi.org/10.1039/c1jm10163c,,8148,Cu0.07Bi2Te3,unknown,n,8,8,8,8,0.3110641780947721,0.7924682090886317,0.4814040309938596,0.2797372310342565,1.169347971976458,0.8896107409422016,0.2619557871785876,1.2436136669908509,0.9816578798122632,0.2797372310342295,1.16934797197632,0.8896107409420905,0.3893859,0.528157885807007,1.0947275303372583,0.3896992465886941,unknown,no,no,ML_much_worse,primary DOI test sample aggregate,n,,high,unknown,unknown,unknown,unknown,unknown,unknown,unknown,,no,unknown,unknown,no,unknown,,,,,False,unknown,True,True,medium,0.3110641780947721,0.596733494378388,,,,,,,,,,,,,,,,,,,,,,,,,-0.8570512988121031,-0.2561668237659461,0.6008844750461569,0.6008844750461569,1.823731131928984,large_over_prediction,unknown,no,0,low,no major issue,,True,True,True,True,True,fitting_good_ML_bad,insufficient_material_features,missing_additive_or_structure_annotation; possible_sintering_or_microstructure_effect,candidate hypothesis only; no causal mechanism proven,115,A,ML much worse than fitting; ZT_ML false positive; missing additive info and ML bad; missing structure info and ML bad; missing sintering info for high-ZT/error sample; manual review not checked
10.1039_c1jm10163c__sample_8149,10.1039/c1jm10163c,https://doi.org/10.1039/c1jm10163c,,8149,Cu0.07Bi2Te3,unknown,n,8,8,8,8,0.4235642872878118,0.6085188294105255,0.1849545421227136,0.3846700219839029,0.3187049390557423,-0.0659650829281605,0.3845194542742738,0.3221131650066982,-0.0624062892675755,0.3846700219838966,0.3187049390557439,-0.0659650829281527,1.152324,1.940720880098869,1.2537657871502708,1.1541349059549346,unknown,no,no,ML_close_to_fitting,primary DOI test sample aggregate,n,,high,unknown,unknown,unknown,unknown,unknown,unknown,unknown,,no,unknown,unknown,no,unknown,,,,,False,unknown,True,True,medium,0.4235642872878118,0.7668258434737426,,,,,,,,,,,,,,,,,,,,,,,,,0.3087220561506234,-0.2561668237659461,-0.5648888799165696,0.5648888799165696,0.5684233064935592,large_under_prediction,unknown,no,65,B,manual review required; sintering check required later,high observed ZT; important candidate for paper; high predicted ZT,True,True,True,True,True,both_good,material_system_out_of_distribution,missing_additive_or_structure_annotation; possible_sintering_or_microstructure_effect,candidate hypothesis only; no causal mechanism proven,60,B,observed high ZT; missing sintering info for high-ZT/error sample; manual review not checked
10.1039_c2ta00452f__sample_8160,10.1039/c2ta00452f,https://doi.org/10.1039/c2ta00452f,,8160,BiSbTeSe,unknown,p,21,21,21,21,0.087166904912134,1.556698910739701,1.469532005827567,0.0789670269918822,0.7878542329513594,0.7088872059594771,0.0824635001566845,0.786320144315968,0.7038566441592835,0.0789670269918802,0.7878542329513468,0.7088872059594665,0.9947575,1.0063250195006384,0.212683219760166,1.0015961278514312,unknown,no,no,ML_much_worse,primary DOI test sample aggregate,p,,high,unknown,unknown,unknown,unknown,unknown,unknown,unknown,,no,unknown,unknown,no,unknown,,,,,False,unknown,True,True,medium,0.087166904912134,0.1315299858079997,,,,,,,,,,,,,,,,,,,,,,,,,0.6486886963887926,-1.2660273083440652,-1.9147160047328575,1.9147160047328575,0.1473836829116343,large_under_prediction,unknown,no,65,B,predicted high ZT false positive; manual review required; sintering check required later,high-ZT false positive; important candidate for paper; high predicted ZT; carried from Step14,True,True,True,True,True,fitting_good_ML_bad,tau_eff_ML_prediction_error,missing_additive_or_structure_annotation; possible_sintering_or_microstructure_effect,candidate hypothesis only; no causal mechanism proven,90,A,ML much worse than fitting; missing additive info and ML bad; missing structure info and ML bad; missing sintering info for high-ZT/error sample; manual review not checked
10.1039_c2ta00452f__sample_8161,10.1039/c2ta00452f,https://doi.org/10.1039/c2ta00452f,,8161,(BiSbTeSe)99.14(ZnSb)0.86,unknown,p,21,21,21,21,0.1517752751343179,1.2086338486012025,1.0568585734668845,0.1386326119296139,0.6950686186538786,0.5564360067242646,0.1430831029230891,0.6928473131017217,0.5497642101786325,0.1386326119296087,0.6950686186538722,0.5564360067242634,1.082831,1.0643823571813649,0.3208852687652161,1.091502313227752,unknown,no,no,ML_much_worse,primary DOI test sample aggregate,p,,high,unknown,unknown,unknown,unknown,unknown,unknown,unknown,,no,unknown,unknown,no,unknown,,,,,False,unknown,True,True,medium,0.1517752751343179,0.2402588449618743,,,,,,,,,,,,,,,,,,,,,,,,,0.8585145996053258,0.8817432870382331,0.0232286874329072,0.0232286874329072,1.0235005745047332,good,unknown,no,65,B,manual review required; sintering check required later,high observed ZT; important candidate for paper; high predicted ZT,True,True,True,True,True,fitting_good_ML_bad,insufficient_material_features,missing_additive_or_structure_annotation; possible_sintering_or_microstructure_effect,candidate hypothesis only; no causal mechanism proven,150,A,ML much worse than fitting; observed high ZT; ZT_ML false negative; missing additive info and ML bad; missing structure info and ML bad; missing sintering info for high-ZT/error sample; manual review not checked
10.1039_c2ta00452f__sample_8162,10.1039/c2ta00452f,https://doi.org/10.1039/c2ta00452f,,8162,(BiSbTeSe)98.58(ZnSb)1.42,unknown,p,21,21,21,21,0.1631285005677366,1.666291668675301,1.5031631681075646,0.1487452658824994,0.8069905906571313,0.6582453247746318,0.1521260893669077,0.8058355617790004,0.6537094724120927,0.1487452658824959,0.8069905906571231,0.6582453247746272,1.134731,1.3097048112274066,0.2494527905534121,1.1441274731233313,unknown,no,no,ML_much_worse,primary DOI test sample aggregate,p,,high,unknown,unknown,unknown,unknown,unknown,unknown,unknown,,no,unknown,unknown,no,unknown,,,,,False,unknown,True,True,medium,0.1631285005677366,0.276711642373721,,,,,,,,,,,,,,,,,,,,,,,,,1.3177356518617214,0.8817432870382331,-0.4359923648234882,0.4359923648234882,0.6466226629947603,moderate_error,unknown,no,65,B,manual review required; sintering check required later,high observed ZT; important candidate for paper; high predicted ZT,True,True,True,True,True,fitting_good_ML_bad,insufficient_material_features,missing_additive_or_structure_annotation; possible_sintering_or_microstructure_effect,candidate hypothesis only; no causal mechanism proven,150,A,ML much worse than fitting; observed high ZT; ZT_ML false negative; missing additive info and ML bad; missing structure info and ML bad; missing sintering info for high-ZT/error sample; manual review not checked
10.1039_c2ta00452f__sample_8163,10.1039/c2ta00452f,https://doi.org/10.1039/c2ta00452f,,8163,(BiSbTeSe)97.18(ZnSb)2.82,unknown,p,21,21,21,21,0.1512282377942273,1.8693120579578988,1.7180838201636714,0.13751996744304,0.8430372431175411,0.7055172756745012,0.1396502099426901,0.8424334616760625,0.7027832517333723,0.1375199674430367,0.8430372431175315,0.7055172756744947,1.061599,1.262217911208677,0.1958679880377156,1.066927622844418,unknown,no,no,ML_much_worse,primary DOI test sample aggregate,p,,high,unknown,unknown,unknown,unknown,unknown,unknown,unknown,,no,unknown,unknown,no,unknown,,,,,False,unknown,True,True,medium,0.1512282377942273,0.2605988532025559,,,,,,,,,,,,,,,,,,,,,,,,,1.522633074698547,0.8817432870382331,-0.6408897876603139,0.6408897876603139,0.5268234544233894,large_under_prediction,unknown,no,65,B,manual review required; sintering check required later,high observed ZT; important candidate for paper; high predicted ZT,True,True,True,True,True,fitting_good_ML_bad,insufficient_material_features,missing_additive_or_structure_annotation; possible_sintering_or_microstructure_effect,candidate hypothesis only; no causal mechanism proven,150,A,ML much worse than fitting; observed high ZT; ZT_ML false negative; missing additive info and ML bad; missing structure info and ML bad; missing sintering info for high-ZT/error sample; manual review not checked
10.1039_c3ee42187b__sample_159,10.1039/c3ee42187b,https://doi.org/10.1039/c3ee42187b,,159,Pb0.93Na0.02Mg0.05Te1,unknown,p,26,23,0,21,0.2811013839826282,0.2867428808420707,0.0056414968594425,0.2607415908280757,0.2440416548709977,-0.0166999359570779,,,,0.2456187748026299,0.2295270095651811,-0.0160917652374487,,2.264810208958383,2.14018348580688,1.8171017656042951,unknown,no,no,not_evaluated,primary DOI test sample aggregate,p,,high,unknown,unknown,unknown,unknown,unknown,unknown,unknown,,no,unknown,unknown,no,unknown,,,,,False,unknown,True,True,medium,0.2811013839826282,0.1876587449354428,,,,,,,,,,,,,,,,,,,,,,,,,0.2448211880784798,0.4066016755180079,0.1617804874395281,0.1617804874395281,1.1756021535564596,good,unknown,no,35,C,insufficient ZT evaluation rows; sintering check required later,high predicted ZT,True,True,True,True,True,not_evaluable,not_evaluable,missing_additive_or_structure_annotation,candidate hypothesis only; no causal mechanism proven,35,C,ZT_ML false positive; manual review not checked
10.1039_c3ee42187b__sample_161,10.1039/c3ee42187b,https://doi.org/10.1039/c3ee42187b,,161,Pb0.98Na0.02Te1,unknown,p,26,23,0,23,0.4043842032885948,0.6199487401987239,0.215564536910129,0.3438406998881969,0.3584600836329624,0.0146193837447654,,,,0.3438406998881849,0.3584600836329521,0.0146193837447672,,1.9021574424893648,1.1889667409690283,1.168672464791446,unknown,no,no,not_evaluated,primary DOI test sample aggregate,p,,high,unknown,unknown,unknown,unknown,unknown,unknown,unknown,,no,unknown,unknown,no,unknown,,,,,False,unknown,True,True,medium,0.4043842032885948,0.2323694282002781,,,,,,,,,,,,,,,,,,,,,,,,,0.6590928207608063,-0.1153316833383763,-0.7744245040991827,0.7744245040991827,0.4609689904425761,large_under_prediction,unknown,no,35,C,insufficient ZT evaluation rows; sintering check required later,high predicted ZT,True,True,True,True,True,not_evaluable,not_evaluable,missing_additive_or_structure_annotation,candidate hypothesis only; no causal mechanism proven,35,C,ZT_ML false positive; manual review not checked
10.1039_c3ee42187b__sample_188,10.1039/c3ee42187b,https://doi.org/10.1039/c3ee42187b,,188,Pb0.96Na0.02Mg0.02Te1,unknown,p,25,20,0,20,0.369600583692512,0.4457015725262503,0.0761009888337382,0.347742270001598,0.282262765927789,-0.065479504073809,,,,0.3477422700015941,0.2822627659277822,-0.0654795040738118,,2.3474962728882627,1.8298983226031809,1.7536314396015231,unknown,no,no,not_evaluated,primary DOI test sample aggregate,p,,high,unknown,unknown,unknown,unknown,unknown,unknown,unknown,,no,unknown,unknown,no,unknown,,,,,False,unknown,True,True,medium,0.369600583692512,0.2054948649066862,,,,,,,,,,,,,,,,,,,,,,,,,0.4373107325124051,0.4066016755180079,-0.0307090569943971,0.0307090569943971,0.9697576762490978,good,unknown,no,35,C,insufficient ZT evaluation rows; sintering check required later,high predicted ZT,True,True,True,True,True,not_evaluable,not_evaluable,missing_additive_or_structure_annotation,candidate hypothesis only; no causal mechanism proven,35,C,ZT_ML false positive; manual review not checked
10.1039_c3ee42187b__sample_199,10.1039/c3ee42187b,https://doi.org/10.1039/c3ee42187b,,199,Pb0.92Na0.02Mg0.06Te1,unknown,p,26,21,0,20,0.284899569629193,0.2867297938606955,0.0018302242315025,0.2442931035731474,0.2590958517249832,0.0148027481518357,,,,0.2528429776760807,0.2666216894154884,0.0137787117394077,,2.4056632449498894,2.48474692015492,1.9778736803930264,unknown,no,no,not_evaluated,primary DOI test sample aggregate,p,,high,unknown,unknown,unknown,unknown,unknown,unknown,unknown,,no,unknown,unknown,no,unknown,,,,,False,unknown,True,True,medium,0.284899569629193,0.1993117448730838,,,,,,,,,,,,,,,,,,,,,,,,,0.1558766236959249,0.4066016755180079,0.250725051822083,0.250725051822083,1.28495673924347,moderate_error,unknown,no,35,C,insufficient ZT evaluation rows; sintering check required later,high predicted ZT,True,True,True,True,True,not_evaluable,not_evaluable,missing_additive_or_structure_annotation,candidate hypothesis only; no causal mechanism proven,35,C,ZT_ML false positive; manual review not checked
10.1039_c3ee42187b__sample_300,10.1039/c3ee42187b,https://doi.org/10.1039/c3ee42187b,,300,Pb0.9Na0.02Mg0.08Te1,unknown,p,26,22,0,21,0.2792049990052645,0.2958545122997957,0.0166495132945312,0.2424653496187064,0.272487637204805,0.0300222875860985,,,,0.2448803662533839,0.2802887258646921,0.0354083596113082,,2.930746336766958,3.232016635225952,2.42390680524398,unknown,no,no,not_evaluated,primary DOI test sample aggregate,p,,high,unknown,unknown,unknown,unknown,unknown,unknown,unknown,,no,unknown,unknown,no,unknown,,,,,False,unknown,True,True,medium,0.2792049990052646,0.2111421390205272,,,,,,,,,,,,,,,,,,,,,,,,,0.0903726173535719,0.4066016755180079,0.316229058164436,0.316229058164436,1.371944474720532,moderate_error,unknown,no,35,C,insufficient ZT evaluation rows; sintering check required later,high predicted ZT,True,True,True,True,True,not_evaluable,not_evaluable,missing_additive_or_structure_annotation,candidate hypothesis only; no causal mechanism proven,35,C,ZT_ML false positive; manual review not checked
10.1039_c3ee42187b__sample_358,10.1039/c3ee42187b,https://doi.org/10.1039/c3ee42187b,,358,Pb0.94Na0.02Mg0.04Te1,unknown,p,26,22,0,22,0.3303223299135788,0.3674412928504668,0.0371189629368879,0.3038678453463931,0.2637723504252843,-0.0400954949211088,,,,0.3038678453463871,0.2637723504252809,-0.0400954949211061,,2.3176712532737,1.97314226007396,1.9561174376104864,unknown,no,no,not_evaluated,primary DOI test sample aggregate,p,,high,unknown,unknown,unknown,unknown,unknown,unknown,unknown,,no,unknown,unknown,no,unknown,,,,,False,unknown,True,True,medium,0.3303223299135788,0.2177335379795237,,,,,,,,,,,,,,,,,,,,,,,,,0.349157375546597,0.4066016755180079,0.0574442999714109,0.0574442999714109,1.0591262756479027,good,unknown,no,35,C,insufficient ZT evaluation rows; sintering check required later,high predicted ZT,True,True,True,True,True,not_evaluable,not_evaluable,missing_additive_or_structure_annotation,candidate hypothesis only; no causal mechanism proven,35,C,ZT_ML false positive; manual review not checked
10.1039_c3ee42187b__sample_372,10.1039/c3ee42187b,https://doi.org/10.1039/c3ee42187b,,372,Pb0.97Na0.02Mg0.01Te1,unknown,p,26,23,0,23,0.3960061368066351,0.5420490123424833,0.1460428755358481,0.3437405975165547,0.2830578917918943,-0.0606827057246603,,,,0.3437405975165473,0.2830578917918825,-0.0606827057246647,,2.2360507477580285,1.544316128680128,1.4314528489715832,unknown,no,no,not_evaluated,primary DOI test sample aggregate,p,,high,unknown,unknown,unknown,unknown,unknown,unknown,unknown,,no,unknown,unknown,no,unknown,,,,,False,unknown,True,True,medium,0.3960061368066351,0.2330109226262609,,,,,,,,,,,,,,,,,,,,,,,,,0.5583518656113695,0.4066016755180079,-0.1517501900933616,0.1517501900933616,0.8592028913281482,good,unknown,no,35,C,insufficient ZT evaluation rows; sintering check required later,high predicted ZT,True,True,True,True,True,not_evaluable,not_evaluable,missing_additive_or_structure_annotation,candidate hypothesis only; no causal mechanism proven,35,C,ZT_ML false positive; manual review not checked
10.1039_c3ta12494k__sample_30372,10.1039/c3ta12494k,https://doi.org/10.1039/c3ta12494k,,30372,PbTeC0.84,unknown,n,16,7,2,2,0.3279945654196524,1.25307197555976,0.9250774101401076,0.3597777071725681,2.8506789742411187,2.4909012670685504,0.2780569377783215,2.450397451623219,2.172340513844897,0.3426271777410462,2.507027478529699,2.1644003007886528,0.5785139,0.756459206710392,2.535211415131604,0.5445843421137108,unknown,no,no,ML_much_worse,primary DOI test sample aggregate,n,,high,unknown,unknown,unknown,unknown,unknown,unknown,unknown,,no,unknown,unknown,no,unknown,,,,,False,unknown,True,True,medium,0.3279945654196524,0.4163919175746458,,,,,,,,,,,,,,,,,,,,,,,,,-1.843923929297752,-0.7589694067725851,1.0849545225251669,1.0849545225251669,2.9593052339499275,large_over_prediction,unknown,no,10,low,no major issue,,True,True,True,True,True,fitting_good_ML_bad,tau_eff_ML_prediction_error,missing_additive_or_structure_annotation; possible_sintering_or_microstructure_effect,candidate hypothesis only; no causal mechanism proven,115,A,ML much worse than fitting; ZT_ML false positive; missing additive info and ML bad; missing structure info and ML bad; missing sintering info for high-ZT/error sample; manual review not checked
10.1039_c3ta12494k__sample_30373,10.1039/c3ta12494k,https://doi.org/10.1039/c3ta12494k,,30373,PbTeC1.4,unknown,n,16,8,2,3,0.1778117942845898,0.7394387455838892,0.5616269512992993,0.1191853001882814,1.2725770268962333,1.153391726707952,0.1497340952821576,1.356722845852277,1.2069887505701191,0.1876881770048037,1.4345210531561607,1.246832876151357,0.5447186,0.706548439159004,1.4482816984379754,0.6289729248642817,unknown,no,no,ML_much_worse,primary DOI test sample aggregate,n,,high,unknown,unknown,unknown,unknown,unknown,unknown,unknown,,no,unknown,unknown,no,unknown,,,,,False,unknown,True,True,medium,0.1778117942845898,0.1532224811937167,,,,,,,,,,,,,,,,,,,,,,,,,-1.352281561556846,-0.7589694067725851,0.5933121547842609,0.5933121547842609,1.8099734104021208,large_over_prediction,unknown,no,10,low,no major issue,,True,True,True,True,True,fitting_good_ML_bad,insufficient_material_features,missing_additive_or_structure_annotation; possible_sintering_or_microstructure_effect,candidate hypothesis only; no causal mechanism proven,115,A,ML much worse than fitting; ZT_ML false positive; missing additive info and ML bad; missing structure info and ML bad; missing sintering info for high-ZT/error sample; manual review not checked
10.1039_c4dt01734j__sample_8294,10.1039/c4dt01734j,https://doi.org/10.1039/c4dt01734j,,8294,Mg1.98Zn0.02Si0.5Sn0.49Sb0.01,unknown,n,27,20,2,2,0.1469583546742973,9.072557011192044,8.925598656517748,0.1246059690718225,8836.80919236701,8836.68458639794,0.9999066765506056,0.1878517972209638,-0.8120548793296416,0.071397400545088,8080.172922091896,8080.101524691351,1.002307,7.520569835691338e-05,0.6544783026729064,7.706350835627554e-05,unknown,no,no,ML_better_than_fitting,primary DOI test sample aggregate,n,,high,unknown,unknown,unknown,unknown,unknown,unknown,unknown,,no,unknown,unknown,no,unknown,,,,,False,unknown,True,True,medium,0.1469583546742974,0.2910522477862888,,,,,,,,,,,,,,,,,,,,,,,,,-8.586709034453566,0.6862288606887916,9.272937895142356,9.272937895142356,10645.982768503582,large_over_prediction,unknown,no,100,A,observed high ZT missed; manual review required; sintering check required later,high observed ZT; high-ZT false negative; important candidate for paper; carried from Step14,True,True,True,True,True,fitting_good_ML_bad,tau_eff_ML_prediction_error,missing_additive_or_structure_annotation; possible_sintering_or_microstructure_effect,candidate hypothesis only; no causal mechanism proven,90,A,observed high ZT; ZT_ML false negative; missing sintering info for high-ZT/error sample; manual review not checked
10.1039_c4ee01463d__sample_243,10.1039/c4ee01463d,https://doi.org/10.1039/c4ee01463d,,243,Sn0.98Bi0.02Hg0.02Te1.02,unknown,p,12,12,1,5,0.274147235237043,0.5678585179052471,0.293711282668204,0.2494993036798451,0.3681258349644375,0.1186265312845924,0.3276570346546624,0.5911005511597606,0.2634435165050981,0.1984152888810755,0.5124994779904645,0.3140841891093889,1.031169,0.4142476149653705,0.2519333586776235,0.4241949819607221,unknown,no,no,ML_moderately_worse,primary DOI test sample aggregate,p,existing_step6_or_step15,high,unknown,auto_step9,unknown,unknown,auto_step9,unknown,unknown,,no,unknown,unknown,no,unknown,yes,yes,yes,yes,False,unknown,True,True,medium,0.274147235237043,0.4982109619893302,p,existing_step6_or_step15,high,unknown,auto_step9,unknown,unknown,auto_step9,unknown,unknown,,no,unknown,unknown,no,not_checked,yes,yes,yes,yes,False,unknown,True,True,1.314534715432469,0.4932382524507689,-0.8212964629816999,0.8212964629816999,0.4398610211524004,large_under_prediction,not_checked,no,100,A,observed high ZT missed; manual review required; sintering check required later,high observed ZT; high-ZT false negative; important candidate for paper; carried from Step14,True,True,True,True,True,not_evaluable,not_evaluable,missing_additive_or_structure_annotation; possible_sintering_or_microstructure_effect,candidate hypothesis only; no causal mechanism proven,90,A,observed high ZT; ZT_ML false negative; missing sintering info for high-ZT/error sample; manual review not checked
10.1039_c4ee01463d__sample_375,10.1039/c4ee01463d,https://doi.org/10.1039/c4ee01463d,,375,Sn0.98Bi0.02Hg0.04Te1.04,unknown,p,12,12,0,4,0.2026621056054804,0.4683993119668186,0.2657372063613382,0.1805752274171736,0.3302636916225614,0.1496884642053877,,,,0.1668948752559181,0.4538611661009202,0.2869662908450021,1.152044,0.2452321065840023,0.1607609565065915,0.2834281392706895,unknown,no,no,not_evaluated,primary DOI test sample aggregate,p,existing_step6_or_step15,high,unknown,auto_step9,unknown,unknown,auto_step9,unknown,unknown,,no,unknown,unknown,no,unknown,yes,yes,yes,yes,False,unknown,True,True,medium,0.2026621056054804,0.4020982107195036,p,existing_step6_or_step15,high,unknown,auto_step9,unknown,unknown,auto_step9,unknown,unknown,,no,unknown,unknown,no,not_checked,yes,yes,yes,yes,False,unknown,True,True,1.2395220358794992,0.4932382524507689,-0.7462837834287301,0.7462837834287301,0.4741252349500203,large_under_prediction,not_checked,no,100,A,observed high ZT missed; insufficient ZT evaluation rows; manual review required; sintering check required later,high observed ZT; high-ZT false negative; important candidate for paper; carried from Step14,True,True,True,True,True,not_evaluable,not_evaluable,missing_additive_or_structure_annotation; possible_sintering_or_microstructure_effect,candidate hypothesis only; no causal mechanism proven,90,A,observed high ZT; ZT_ML false negative; missing sintering info for high-ZT/error sample; manual review not checked
10.1039_c4ee01463d__sample_407,10.1039/c4ee01463d,https://doi.org/10.1039/c4ee01463d,,407,Sn0.98Bi0.02Hg0.03Te1.03,unknown,p,14,13,1,1,0.2248252153752,0.5562384964744362,0.3314132810992362,0.2059669780319218,0.374847146196928,0.1688801681650061,0.1996903252879621,0.5188298695686445,0.3191395442806824,0.2283822542585246,0.5360803160412057,0.307698061782681,1.210341,0.1189285786531679,0.0715034211265168,0.1541288796292329,unknown,no,no,ML_moderately_worse,primary DOI test sample aggregate,p,existing_step6_or_step15,high,unknown,auto_step9,unknown,unknown,auto_step9,unknown,unknown,,no,unknown,unknown,no,unknown,yes,yes,yes,yes,False,unknown,True,True,medium,0.2248252153752,0.1866651990291243,p,existing_step6_or_step15,high,unknown,auto_step9,unknown,unknown,auto_step9,unknown,unknown,,no,unknown,unknown,no,not_checked,yes,yes,yes,yes,False,unknown,True,True,1.3260132565333562,0.4932382524507689,-0.8327750040825872,0.8327750040825872,0.4348409251508053,large_under_prediction,not_checked,no,100,A,observed high ZT missed; manual review required; sintering check required later,high observed ZT; high-ZT false negative; important candidate for paper; carried from Step14,True,True,True,True,True,not_evaluable,not_evaluable,missing_additive_or_structure_annotation; possible_sintering_or_microstructure_effect,candidate hypothesis only; no causal mechanism proven,90,A,observed high ZT; ZT_ML false negative; missing sintering info for high-ZT/error sample; manual review not checked
10.1039_c5ce00228a__sample_13852,10.1039/c5ce00228a,https://doi.org/10.1039/c5ce00228a,,13852,Ge0.87Sb0.09Te,unknown,p,15,1,1,1,0.0786017883763553,0.6197191767694875,0.5411173883931322,0.1717816935201288,0.3663058478754994,0.1945241543553706,0.1438615612893095,0.3814049270120284,0.2375433657227188,0.1717816935201004,0.3663058478755002,0.1945241543553998,1.12626,0.6867161444584757,0.3713729334732558,0.5860444383591115,unknown,no,no,ML_moderately_worse,primary DOI test sample aggregate,p,existing_step6_or_step15,high,unknown,auto_step9,unknown,unknown,auto_step9,unknown,unknown,,no,unknown,unknown,no,unknown,yes,yes,yes,yes,False,unknown,True,True,medium,0.0786017883763553,0.1405027819529545,p,existing_step6_or_step15,high,unknown,auto_step9,unknown,unknown,auto_step9,unknown,unknown,,no,unknown,unknown,no,not_checked,yes,yes,yes,yes,False,unknown,True,True,1.0947286526544426,0.1135456991990303,-0.9811829534554124,0.9811829534554124,0.3748673857878531,large_under_prediction,not_checked,no,100,A,observed high ZT missed; manual review required; sintering check required later,high observed ZT; high-ZT false negative; important candidate for paper; carried from Step14,True,True,True,True,True,both_good,material_system_out_of_distribution,missing_additive_or_structure_annotation; possible_sintering_or_microstructure_effect,candidate hypothesis only; no causal mechanism proven,90,A,observed high ZT; ZT_ML false negative; missing sintering info for high-ZT/error sample; manual review not checked
10.1039_c5ce00228a__sample_13853,10.1039/c5ce00228a,https://doi.org/10.1039/c5ce00228a,,13853,Ge0.86Sb0.09Te,unknown,p,16,4,1,3,0.1066354175115346,0.4973679534611182,0.3907325359495835,0.0813881866227048,0.4036521937069088,0.322264007084204,0.1308154345081291,0.4652746235820695,0.3344591890739404,0.0662025300576042,0.383905053295883,0.3177025232382788,1.06556,0.926168305605518,0.56978197209589,1.0258049732322203,unknown,no,no,ML_moderately_worse,primary DOI test sample aggregate,p,existing_step6_or_step15,high,unknown,auto_step9,unknown,unknown,auto_step9,unknown,unknown,,no,unknown,unknown,no,unknown,yes,yes,yes,yes,False,unknown,True,True,medium,0.1066354175115348,0.2052174690357496,p,existing_step6_or_step15,high,unknown,auto_step9,unknown,unknown,auto_step9,unknown,unknown,,no,unknown,unknown,no,not_checked,yes,yes,yes,yes,False,unknown,True,True,0.9658165874212468,0.1135456991990303,-0.8522708882222164,0.8522708882222164,0.42644542165516,large_under_prediction,not_checked,no,100,A,observed high ZT missed; manual review required; sintering check required later,high observed ZT; high-ZT false negative; important candidate for paper; carried from Step14,True,True,True,True,True,both_good,material_system_out_of_distribution,missing_additive_or_structure_annotation; possible_sintering_or_microstructure_effect,candidate hypothesis only; no causal mechanism proven,90,A,observed high ZT; ZT_ML false negative; missing sintering info for high-ZT/error sample; manual review not checked
10.1039_c5ce00228a__sample_13854,10.1039/c5ce00228a,https://doi.org/10.1039/c5ce00228a,,13854,Ge0.86Sb0.09Te,unknown,p,15,5,1,3,0.2104991523021384,0.3277817776986559,0.1172826253965175,0.1025721508433592,0.1932800654652858,0.0907079146219266,0.1324642550063518,0.1191454974787763,-0.0133187575275755,0.1375928484796819,0.1999628047049535,0.0623699562252715,1.297,1.1174766561101084,0.8691968330527389,1.335969329556835,unknown,no,no,ML_close_to_fitting,primary DOI test sample aggregate,p,,high,unknown,unknown,unknown,unknown,unknown,unknown,unknown,,no,unknown,unknown,no,unknown,,,,,False,unknown,True,True,medium,0.2104991523021384,0.141289910332398,,,,,,,,,,,,,,,,,,,,,,,,,0.7312732283636153,0.1135456991990303,-0.617727529164585,0.617727529164585,0.5391682906987478,large_under_prediction,unknown,no,75,B,manual review required; sintering check required later,high observed ZT; important candidate for paper; high predicted ZT,True,True,True,True,True,both_good,material_system_out_of_distribution,missing_additive_or_structure_annotation; possible_sintering_or_microstructure_effect,candidate hypothesis only; no causal mechanism proven,90,A,observed high ZT; ZT_ML false negative; missing sintering info for high-ZT/error sample; manual review not checked
10.1039_c5ra01071c__sample_7565,10.1039/c5ra01071c,https://doi.org/10.1039/c5ra01071c,,7565,Bi2S3,unknown,n,9,6,2,3,0.4562352607235431,2.0244468194890914,1.5682115587655483,0.2781273591956166,6.509655836836295,6.231528477640678,0.344972047353987,8.61410792587055,8.269135878516563,0.3622281732826569,6.831541531414437,6.469313358131781,0.315534,0.1639443212757219,1.1783784265855204,0.2773890199202521,unknown,no,no,ML_much_worse,primary DOI test sample aggregate,n,,high,unknown,unknown,unknown,unknown,unknown,unknown,unknown,,no,unknown,unknown,no,unknown,,,,,False,unknown,True,False,medium,0.4562352607235431,0.7003767104139873,,,,,,,,,,,,,,,,,,,,,,,,,-3.619752551424414,-3.3843047546299583,0.2354477967944559,0.2354477967944559,1.2654753176647409,good,unknown,no,5,low,no major issue,,True,True,True,True,True,fitting_good_ML_bad,insufficient_material_features,missing_additive_or_structure_annotation; possible_sintering_or_microstructure_effect,candidate hypothesis only; no causal mechanism proven,115,A,ML much worse than fitting; ZT_ML false positive; missing additive info and ML bad; missing structure info and ML bad; missing sintering info for high-ZT/error sample; manual review not checked
10.1039_c5ta00470e__sample_1745,10.1039/c5ta00470e,https://doi.org/10.1039/c5ta00470e,,1745,Bi2Te2.4Se0.6,unknown,n,10,10,7,10,0.1205788135928314,0.1995055626742547,0.0789267490814232,0.0998356094705762,0.1486776085521672,0.048841999081591,0.0987054147696133,0.118619720291494,0.0199143055218806,0.0998356094705823,0.1486776085521682,0.0488419990815858,0.9284305,1.0013587907983532,0.8542031718160285,0.93995014,unknown,no,no,ML_close_to_fitting,primary DOI test sample aggregate,n,,high,unknown,unknown,unknown,unknown,unknown,unknown,unknown,,no,unknown,unknown,no,unknown,,,,,False,unknown,True,True,medium,0.1205788135928314,0.186231889112634,,,,,,,,,,,,,,,,,,,,,,,,,-0.0134919426467813,0.0434032168861993,0.0568951595329806,0.0568951595329806,1.0585448262438422,good,unknown,no,65,B,predicted high ZT false positive; manual review required; sintering check required later,high-ZT false positive; important candidate for paper; high predicted ZT; carried from Step14,True,True,True,True,True,both_good,material_system_out_of_distribution,missing_additive_or_structure_annotation,candidate hypothesis only; no causal mechanism proven,10,low,manual review not checked
10.1039_c5ta00470e__sample_1746,10.1039/c5ta00470e,https://doi.org/10.1039/c5ta00470e,,1746,Bi2Te2.2Se0.8,unknown,n,10,10,6,10,0.130112822293489,0.1713104400223541,0.0411976177288651,0.1087066158186235,0.119697082508052,0.0109904666894285,0.1027585823327103,0.057948197481258,-0.0448103848514523,0.1087066158186144,0.1196970825080358,0.0109904666894214,0.8390692,1.0243880818741624,0.9163652201098608,0.8644843983539096,unknown,no,no,ML_close_to_fitting,primary DOI test sample aggregate,n,,high,unknown,unknown,unknown,unknown,unknown,unknown,unknown,,no,unknown,unknown,no,unknown,,,,,False,unknown,True,True,medium,0.130112822293489,0.2089393136416271,,,,,,,,,,,,,,,,,,,,,,,,,-0.0610002956177218,0.0434032168861993,0.1044035125039211,0.1044035125039211,1.1100482829195208,good,unknown,no,65,B,predicted high ZT false positive; manual review required; sintering check required later,high-ZT false positive; important candidate for paper; high predicted ZT; carried from Step14,True,True,True,True,True,both_good,material_system_out_of_distribution,missing_additive_or_structure_annotation,candidate hypothesis only; no causal mechanism proven,10,low,manual review not checked
10.1039_c5ta05535k__sample_294,10.1039/c5ta05535k,https://doi.org/10.1039/c5ta05535k,,294,Sn1Mn0.03Te1,unknown,p,12,12,10,12,0.2837766313573294,0.8238636672486875,0.5400870358913581,0.2670722555520952,0.5188898796350693,0.2518176240829741,0.2601216496932862,0.4696506447425101,0.2095289950492239,0.2670722555521035,0.5188898796350317,0.2518176240829282,0.8773457,1.2428925056478313,0.5734945177366829,0.8908481808435859,unknown,no,no,ML_moderately_worse,primary DOI test sample aggregate,p,,high,unknown,unknown,unknown,unknown,unknown,unknown,unknown,,no,unknown,unknown,no,unknown,,,,,False,unknown,True,True,medium,0.2837766313573296,0.563535521337582,,,,,,,,,,,,,,,,,,,,,,,,,1.7771358274855806,0.8085030504265678,-0.9686327770590129,0.9686327770590129,0.3796016836008521,large_under_prediction,unknown,no,65,B,predicted high ZT false positive; manual review required; sintering check required later,high-ZT false positive; important candidate for paper; high predicted ZT; carried from Step14,True,True,True,True,True,both_good,material_system_out_of_distribution,missing_additive_or_structure_annotation,candidate hypothesis only; no causal mechanism proven,10,low,manual review not checked
10.1039_c5ta05535k__sample_335,10.1039/c5ta05535k,https://doi.org/10.1039/c5ta05535k,,335,Sn1Mn0.05Te1,unknown,p,12,12,9,12,0.3394809727898595,0.5597347386425887,0.2202537658527291,0.3239501560266034,0.3534396998596312,0.0294895438330277,0.3050365854514754,0.3564182555491099,0.0513816700976345,0.3239501560265911,0.3534396998596141,0.0294895438330229,0.7572872,1.3142754527958294,0.842190615705711,0.8721545827104681,unknown,no,no,ML_close_to_fitting,primary DOI test sample aggregate,p,,high,unknown,unknown,unknown,unknown,unknown,unknown,unknown,,no,unknown,unknown,no,unknown,,,,,False,unknown,True,True,medium,0.3394809727898595,0.6663058531086306,,,,,,,,,,,,,,,,,,,,,,,,,1.4487220299244905,0.8085030504265678,-0.6402189794979227,0.6402189794979227,0.5271769704542191,large_under_prediction,unknown,no,65,B,predicted high ZT false positive; manual review required; sintering check required later,high-ZT false positive; important candidate for paper; high predicted ZT; carried from Step14,True,True,True,True,True,both_good,material_system_out_of_distribution,missing_additive_or_structure_annotation,candidate hypothesis only; no causal mechanism proven,10,low,manual review not checked
10.1039_c5ta05535k__sample_338,10.1039/c5ta05535k,https://doi.org/10.1039/c5ta05535k,,338,Sn1Mn0.07Te1,unknown,p,14,14,8,14,0.2984353192679075,0.3289215545645408,0.0304862352966333,0.2800955014646061,0.3231868788834182,0.043091377418812,0.2478073151917256,0.2941293344984946,0.0463220193067689,0.2800955014645876,0.3231868788834116,0.0430913774188239,0.9279967,1.4782463585698034,1.6974928497257864,1.2653258552347535,unknown,no,no,ML_close_to_fitting,primary DOI test sample aggregate,p,,high,unknown,unknown,unknown,unknown,unknown,unknown,unknown,,no,unknown,unknown,no,unknown,,,,,False,unknown,True,True,medium,0.2984353192679075,0.3350797988930348,,,,,,,,,,,,,,,,,,,,,,,,,0.8653917208718294,0.8085030504265678,-0.0568886704452615,0.0568886704452615,0.9446992364576684,good,unknown,no,65,B,predicted high ZT false positive; manual review required; sintering check required later,high-ZT false positive; important candidate for paper; high predicted ZT; carried from Step14,True,True,True,True,True,both_good,material_system_out_of_distribution,missing_additive_or_structure_annotation,candidate hypothesis only; no causal mechanism proven,35,C,ZT_ML false positive; manual review not checked
10.1039_c5ta05535k__sample_350,10.1039/c5ta05535k,https://doi.org/10.1039/c5ta05535k,,350,Sn1Mn0.01Te1,unknown,p,12,12,8,12,0.2820930224770481,1.1221864854289385,0.8400934629518901,0.2625520968989734,0.6483409000478334,0.38578880314886,0.2306564935740521,0.6127578718878599,0.3821013783138077,0.2625520968989779,0.6483409000478173,0.3857888031488394,0.5673162,1.1183556550454707,0.3774593124417753,0.7817775762247889,unknown,no,no,ML_moderately_worse,primary DOI test sample aggregate,p,,high,unknown,unknown,unknown,unknown,unknown,unknown,unknown,,no,unknown,unknown,no,unknown,,,,,False,unknown,True,True,medium,0.2820930224770481,0.5581877429760649,,,,,,,,,,,,,,,,,,,,,,,,,2.089839535769976,0.8085030504265678,-1.2813364853434082,1.2813364853434082,0.2776659558797819,large_under_prediction,unknown,no,65,B,predicted high ZT false positive; manual review required; sintering check required later,high-ZT false positive; important candidate for paper; high predicted ZT; carried from Step14,True,True,True,True,True,fitting_good_ML_bad,tau_eff_ML_prediction_error,missing_additive_or_structure_annotation,candidate hypothesis only; no causal mechanism proven,10,low,manual review not checked
10.1039_c5tc01509j__sample_13193,10.1039/c5tc01509j,https://doi.org/10.1039/c5tc01509j,,13193,(CoSb2Ge0.5Te0.5)0.5(GeTe)10.5Sb2Te3,unknown,p,34,23,4,15,0.3484584548261139,0.8743825419128102,0.5259240870866964,0.3330826986709835,1.473929781993894,1.1408470833229103,0.3417363805848579,0.9517384360945308,0.610002055509673,0.3195408700972165,1.504736712527433,1.1851958424302165,0.8852354,0.641375009506295,1.4301904700954928,0.8489667549205497,unknown,no,no,ML_much_worse,primary DOI test sample aggregate,p,,high,unknown,unknown,unknown,unknown,unknown,unknown,unknown,,no,unknown,unknown,no,unknown,,,,,False,unknown,True,True,medium,0.348458454826114,0.4298937353721153,,,,,,,,,,,,,,,,,,,,,,,,,-0.3853934408537299,0.2283581349147491,0.613751575768479,0.613751575768479,1.847348884243032,large_over_prediction,unknown,no,0,low,no major issue,,True,True,True,True,True,both_poor,missing_additive_or_structure_annotation,possible_sintering_or_microstructure_effect,candidate hypothesis only; no causal mechanism proven,115,A,ML much worse than fitting; ZT_ML false positive; missing additive info and ML bad; missing structure info and ML bad; missing sintering info for high-ZT/error sample; manual review not checked
10.1039_c5tc01509j__sample_13194,10.1039/c5tc01509j,https://doi.org/10.1039/c5tc01509j,,13194,(CoSb2Ge0.5Te0.5)0.2(GeTe)10.5Sb2Te3,unknown,p,17,6,3,3,0.2569347855435868,0.6247362842076202,0.3678014986640333,0.2109235962188462,0.766007489289222,0.5550838930703758,0.202035730962677,1.124363845172412,0.922328114209735,0.2101893802309795,1.1387738308871682,0.9285844506561888,1.271378,0.6258891927905964,1.1061371455103384,0.5604142427319048,unknown,no,no,ML_much_worse,primary DOI test sample aggregate,p,existing_step6_or_step15,high,unknown,auto_step9,unknown,unknown,auto_step9,unknown,unknown,,no,unknown,unknown,no,unknown,yes,yes,yes,yes,False,unknown,True,True,medium,0.2569347855435868,0.3148084485575999,p,existing_step6_or_step15,high,unknown,auto_step9,unknown,unknown,auto_step9,unknown,unknown,,no,unknown,unknown,no,not_checked,yes,yes,yes,yes,False,unknown,True,True,-0.1529006833322433,0.2283581349147491,0.3812588182469925,0.3812588182469925,1.4641264990291762,moderate_error,not_checked,no,90,A,observed high ZT missed; manual review required; sintering check required later,high observed ZT; high-ZT false negative; important candidate for paper; carried from Step14,True,True,True,True,True,fitting_good_ML_bad,insufficient_material_features,missing_additive_or_structure_annotation; possible_sintering_or_microstructure_effect,candidate hypothesis only; no causal mechanism proven,120,A,ML much worse than fitting; observed high ZT; missing additive info and ML bad; missing structure info and ML bad; missing sintering info for high-ZT/error sample; manual review not checked
10.1039_c5tc01509j__sample_13195,10.1039/c5tc01509j,https://doi.org/10.1039/c5tc01509j,,13195,(GeTe)10.5Sb2Te3,unknown,p,36,10,2,3,0.0833379513912076,0.304433370453321,0.2210954190621133,0.0723109041114859,0.2489962756854235,0.1766853715739376,0.0354818030366355,0.2447861268221753,0.2093043237855397,0.053060163544154,0.2719013192857195,0.2188411557415654,1.108201,1.0823148407010768,0.8075887195129499,1.096982781205178,unknown,no,no,ML_moderately_worse,primary DOI test sample aggregate,p,,high,unknown,unknown,unknown,unknown,unknown,unknown,unknown,,no,unknown,unknown,no,unknown,,,,,False,unknown,True,True,medium,0.0833379513912076,0.1174320762860778,,,,,,,,,,,,,,,,,,,,,,,,,0.7728188753046102,0.1135456991990303,-0.6592731761055799,0.6592731761055799,0.5172271309438476,large_under_prediction,unknown,no,75,B,manual review required; sintering check required later,high observed ZT; important candidate for paper; high predicted ZT,True,True,True,True,True,both_good,material_system_out_of_distribution,missing_additive_or_structure_annotation; possible_sintering_or_microstructure_effect,candidate hypothesis only; no causal mechanism proven,90,A,observed high ZT; ZT_ML false negative; missing sintering info for high-ZT/error sample; manual review not checked
10.1039_c6nr00719h__sample_8911,10.1039/c6nr00719h,https://doi.org/10.1039/c6nr00719h,,8911,Te/Bi2Te3,unknown,n,11,11,11,11,0.0637955235037398,0.1453693241248158,0.081573800621076,0.045670808503094,0.1206975354371945,0.0750267269341004,0.0451027367260553,0.1216451130478953,0.07654237632184,0.0456708085030939,0.1206975354371882,0.0750267269340942,0.9699804,1.0098902996242003,0.8862277542137643,0.9682265120080252,unknown,no,no,ML_close_to_fitting,primary DOI test sample aggregate,n,,high,unknown,unknown,unknown,unknown,unknown,unknown,unknown,,no,unknown,unknown,no,unknown,,,,,False,unknown,True,True,medium,0.0637955235037398,0.0774259651154115,,,,,,,,,,,,,,,,,,,,,,,,,-0.1209370248529069,-0.3231781403463856,-0.2022411154934787,0.2022411154934787,0.8168979374451517,good,unknown,no,65,B,predicted high ZT false positive; manual review required; sintering check required later,high-ZT false positive; important candidate for paper; high predicted ZT; carried from Step14,True,True,True,True,True,both_good,material_system_out_of_distribution,missing_additive_or_structure_annotation,candidate hypothesis only; no causal mechanism proven,10,low,manual review not checked
10.1039_c6ra02658c__sample_3082,10.1039/c6ra02658c,https://doi.org/10.1039/c6ra02658c,,3082,SnCd0.12Te,unknown,p,12,6,1,5,0.2301573028721449,0.2301666961686691,9.39329652419052e-06,0.2011489348647494,0.2008737828856051,-0.0002751519791442,0.2180394084574513,0.2164116974199931,-0.0016277110374581,0.1620941383490031,0.1611826036603163,-0.0009115346886868,0.07668348,1.024895216661338,1.0270286147819605,0.8722756733347379,unknown,no,no,ML_close_to_fitting,primary DOI test sample aggregate,p,,high,unknown,unknown,unknown,unknown,unknown,unknown,unknown,,no,unknown,unknown,no,unknown,,,,,False,unknown,True,True,medium,0.2301573028721449,0.3309361084711026,,,,,,,,,,,,,,,,,,,,,,,,,0.8626738593572955,0.918891026634034,0.0562171672767385,0.0562171672767385,1.0578273842862915,good,unknown,no,75,B,predicted high ZT false positive; manual review required; sintering check required later,high-ZT false positive; important candidate for paper; high predicted ZT; carried from Step14,True,True,True,True,True,both_good,material_system_out_of_distribution,missing_additive_or_structure_annotation,candidate hypothesis only; no causal mechanism proven,35,C,ZT_ML false positive; manual review not checked
10.1039_c6ra06688g__sample_9077,10.1039/c6ra06688g,https://doi.org/10.1039/c6ra06688g,,9077,Bi0.4Sb1.6Te3,unknown,p,8,8,8,8,0.058768754080235,0.0744109647965151,0.0156422107162801,0.0529551005781995,0.0636157060458326,0.010660605467633,0.0544448295550779,0.0631602267972021,0.0087153972421241,0.0529551005781974,0.0636157060458194,0.010660605467622,1.089128,1.0275891547569511,1.0755775729156052,1.086740714380395,unknown,no,no,ML_close_to_fitting,primary DOI test sample aggregate,p,,high,unknown,unknown,unknown,unknown,unknown,unknown,unknown,,no,unknown,unknown,no,unknown,,,,,False,unknown,True,True,medium,0.058768754080235,0.0493800806870929,,,,,,,,,,,,,,,,,,,,,,,,,0.1144545620010997,6.011428478179339e-05,-0.1143944477163179,0.1143944477163179,0.8919060761729803,good,unknown,no,65,B,manual review required; sintering check required later,high observed ZT; important candidate for paper; high predicted ZT,True,True,True,True,True,both_good,material_system_out_of_distribution,missing_additive_or_structure_annotation; possible_sintering_or_microstructure_effect,candidate hypothesis only; no causal mechanism proven,60,B,observed high ZT; missing sintering info for high-ZT/error sample; manual review not checked
10.1039_c6ra06688g__sample_9080,10.1039/c6ra06688g,https://doi.org/10.1039/c6ra06688g,,9080,Bi0.4Sb1.6Te3,unknown,p,8,8,8,8,0.0750698828221523,0.075349241494425,0.0002793586722727,0.0680486867394012,0.0684912351042759,0.0004425483648747,0.0681972059892493,0.0686407202353895,0.0004435142461402,0.0680486867393994,0.0684912351042813,0.0004425483648818,1.250657,1.158258854665367,1.165791484416259,1.254716014453246,unknown,no,no,ML_close_to_fitting,primary DOI test sample aggregate,p,,high,unknown,unknown,unknown,unknown,unknown,unknown,unknown,,no,unknown,unknown,no,unknown,,,,,False,unknown,True,True,medium,0.0750698828221523,0.0691137421354619,,,,,,,,,,,,,,,,,,,,,,,,,0.1536145722320192,6.011428478179339e-05,-0.1535544579472374,0.1535544579472374,0.8576540568476704,good,unknown,no,65,B,manual review required; sintering check required later,high observed ZT; important candidate for paper; high predicted ZT,True,True,True,True,True,both_good,material_system_out_of_distribution,missing_additive_or_structure_annotation; possible_sintering_or_microstructure_effect,candidate hypothesis only; no causal mechanism proven,60,B,observed high ZT; missing sintering info for high-ZT/error sample; manual review not checked
10.1039_c6ra06688g__sample_9081,10.1039/c6ra06688g,https://doi.org/10.1039/c6ra06688g,,9081,Bi0.4Sb1.6Te3,unknown,p,8,8,8,8,0.0611884749699378,0.064026503538792,0.0028380285688542,0.0532507384613366,0.0549709087802025,0.0017201703188659,0.053000973027302,0.0553306512659652,0.0023296782386632,0.0532507384613399,0.0549709087802037,0.0017201703188638,1.183109,1.086974408622838,1.1076594186450817,1.1777233007959262,unknown,no,no,ML_close_to_fitting,primary DOI test sample aggregate,p,,high,unknown,unknown,unknown,unknown,unknown,unknown,unknown,,no,unknown,unknown,no,unknown,,,,,False,unknown,True,True,medium,0.0611884749699378,0.039488109782991,,,,,,,,,,,,,,,,,,,,,,,,,0.1412458317438787,6.011428478179339e-05,-0.1411857174590969,0.1411857174590969,0.8683280330460408,good,unknown,no,65,B,manual review required; sintering check required later,high observed ZT; important candidate for paper; high predicted ZT,True,True,True,True,True,both_good,material_system_out_of_distribution,missing_additive_or_structure_annotation; possible_sintering_or_microstructure_effect,candidate hypothesis only; no causal mechanism proven,60,B,observed high ZT; missing sintering info for high-ZT/error sample; manual review not checked
10.1039_c6ra06688g__sample_9082,10.1039/c6ra06688g,https://doi.org/10.1039/c6ra06688g,,9082,Bi0.4Sb1.6Te3,unknown,p,8,8,8,8,0.0988711876298701,0.1280819208239822,0.0292107331941121,0.0918142225021233,0.0929738974562794,0.001159674954156,0.0925334869207347,0.0932318659651354,0.0006983790444006,0.0918142225021149,0.0929738974562657,0.0011596749541507,1.282962,1.196360720540687,1.1028113353222202,1.27832279309244,unknown,no,no,ML_close_to_fitting,primary DOI test sample aggregate,p,,high,unknown,unknown,unknown,unknown,unknown,unknown,unknown,,no,unknown,unknown,no,unknown,,,,,False,unknown,True,True,medium,0.0988711876298701,0.1289691438151632,,,,,,,,,,,,,,,,,,,,,,,,,0.2415184612545033,6.011428478179339e-05,-0.2414583469697215,0.2414583469697215,0.7854815207931678,good,unknown,no,65,B,manual review required; sintering check required later,high observed ZT; important candidate for paper; high predicted ZT,True,True,True,True,True,both_good,material_system_out_of_distribution,missing_additive_or_structure_annotation; possible_sintering_or_microstructure_effect,candidate hypothesis only; no causal mechanism proven,60,B,observed high ZT; missing sintering info for high-ZT/error sample; manual review not checked
10.1039_c6ra06688g__sample_9083,10.1039/c6ra06688g,https://doi.org/10.1039/c6ra06688g,,9083,Bi0.4Sb1.6Te3,unknown,p,8,8,8,8,0.0520634797798123,0.7454595663560034,0.6933960865761911,0.0442799023640548,1.1064386474156414,1.0621587450515864,0.0452200194498378,1.10687329125962,1.0616532718097822,0.0442799023640567,1.106438647415612,1.0621587450515553,0.9983095,0.9644078963335048,2.028706345982836,0.9919865026120436,unknown,no,no,ML_much_worse,primary DOI test sample aggregate,p,,high,unknown,unknown,unknown,unknown,unknown,unknown,unknown,,no,unknown,unknown,no,unknown,,,,,False,unknown,True,True,medium,0.0520634797798123,0.0282801646019801,,,,,,,,,,,,,,,,,,,,,,,,,-0.5835423426262771,6.011428478179339e-05,0.5836024569110589,0.5836024569110589,1.792484160499295,large_over_prediction,unknown,no,0,low,no major issue,,True,True,True,True,True,fitting_good_ML_bad,insufficient_material_features,missing_additive_or_structure_annotation; possible_sintering_or_microstructure_effect,candidate hypothesis only; no causal mechanism proven,115,A,ML much worse than fitting; ZT_ML false positive; missing additive info and ML bad; missing structure info and ML bad; missing sintering info for high-ZT/error sample; manual review not checked
10.1039_c6ra06688g__sample_9084,10.1039/c6ra06688g,https://doi.org/10.1039/c6ra06688g,,9084,Bi0.4Sb1.6Te3,unknown,p,8,8,8,8,0.0498800970953846,0.6333713049767598,0.5834912078813751,0.0444989222430239,0.8825949483434137,0.8380960261003898,0.0437736342035423,0.8834931243539892,0.8397194901504468,0.0444989222430167,0.8825949483433786,0.8380960261003618,1.104036,1.072085002617999,2.0157865997493096,1.1024194090991282,unknown,no,no,ML_much_worse,primary DOI test sample aggregate,p,,high,unknown,unknown,unknown,unknown,unknown,unknown,unknown,,no,unknown,unknown,no,unknown,,,,,False,unknown,True,True,medium,0.0498800970953846,0.0362029993068809,,,,,,,,,,,,,,,,,,,,,,,,,-0.4713072141294623,6.011428478179339e-05,0.4713673284142441,0.4713673284142441,1.6021834070864585,moderate_error,unknown,no,65,B,manual review required; sintering check required later,high observed ZT; important candidate for paper; high predicted ZT,True,True,True,True,True,both_poor,missing_additive_or_structure_annotation,possible_sintering_or_microstructure_effect,candidate hypothesis only; no causal mechanism proven,120,A,ML much worse than fitting; observed high ZT; missing additive info and ML bad; missing structure info and ML bad; missing sintering info for high-ZT/error sample; manual review not checked
10.1039_c6ra06688g__sample_9085,10.1039/c6ra06688g,https://doi.org/10.1039/c6ra06688g,,9085,Bi0.4Sb1.6Te3,unknown,p,8,8,8,8,0.068775695623013,0.5333420369505343,0.4645663413275213,0.063081330848345,0.7010441377571388,0.6379628069087937,0.0634105404937985,0.7101645714541693,0.6467540309603709,0.0630813308483459,0.7010441377571275,0.6379628069087816,1.28319,1.238826600515764,2.1023456473174167,1.294076080553634,unknown,no,no,ML_much_worse,primary DOI test sample aggregate,p,,high,unknown,unknown,unknown,unknown,unknown,unknown,unknown,,no,unknown,unknown,no,unknown,,,,,False,unknown,True,True,medium,0.068775695623013,0.0701283442540083,,,,,,,,,,,,,,,,,,,,,,,,,-0.3687921304088748,6.011428478179339e-05,0.3688522446936566,0.3688522446936566,1.4460739227934287,moderate_error,unknown,no,65,B,manual review required; sintering check required later,high observed ZT; important candidate for paper; high predicted ZT,True,True,True,True,True,both_poor,missing_additive_or_structure_annotation,possible_sintering_or_microstructure_effect,candidate hypothesis only; no causal mechanism proven,120,A,ML much worse than fitting; observed high ZT; missing additive info and ML bad; missing structure info and ML bad; missing sintering info for high-ZT/error sample; manual review not checked
10.1039_c6ra06688g__sample_9086,10.1039/c6ra06688g,https://doi.org/10.1039/c6ra06688g,,9086,Bi0.4Sb1.6Te3,unknown,p,8,8,8,8,0.0959343769477342,0.3764861968044336,0.2805518198566994,0.0894116336493032,0.4457575352934996,0.3563459016441963,0.0887627106265404,0.4443301552565631,0.3555674446300227,0.0894116336493047,0.4457575352934984,0.3563459016441936,1.17893,1.1379892108702916,1.6377464204679584,1.1801213563188626,unknown,no,no,ML_moderately_worse,primary DOI test sample aggregate,p,,high,unknown,unknown,unknown,unknown,unknown,unknown,unknown,,no,unknown,unknown,no,unknown,,,,,False,unknown,True,True,medium,0.0959343769477342,0.1225565123980525,,,,,,,,,,,,,,,,,,,,,,,,,-0.2039613839241383,6.011428478179339e-05,0.20402149820892,0.20402149820892,1.2263245169534949,good,unknown,no,65,B,manual review required; sintering check required later,high observed ZT; important candidate for paper; high predicted ZT,True,True,True,True,True,both_good,material_system_out_of_distribution,missing_additive_or_structure_annotation; possible_sintering_or_microstructure_effect,candidate hypothesis only; no causal mechanism proven,60,B,observed high ZT; missing sintering info for high-ZT/error sample; manual review not checked
10.1039_c6ra06688g__sample_9087,10.1039/c6ra06688g,https://doi.org/10.1039/c6ra06688g,,9087,Bi0.4Sb1.6Te3,unknown,p,8,8,8,8,0.0840229945202014,0.0957974564977203,0.0117744619775189,0.0769963911302822,0.0735337542938906,-0.0034626368363916,0.07627644271372,0.0728461829780112,-0.0034302597357088,0.0769963911302794,0.0735337542938924,-0.0034626368363869,1.273199,1.1809341458051226,1.1278258635261116,1.2661455457899855,unknown,no,no,ML_close_to_fitting,primary DOI test sample aggregate,p,,high,unknown,unknown,unknown,unknown,unknown,unknown,unknown,,no,unknown,unknown,no,unknown,,,,,False,unknown,True,True,medium,0.0840229945202014,0.0876115933713069,,,,,,,,,,,,,,,,,,,,,,,,,0.2061109336100681,6.011428478179339e-05,-0.2060508193252863,0.2060508193252863,0.8137917188859745,good,unknown,no,65,B,manual review required; sintering check required later,high observed ZT; important candidate for paper; high predicted ZT,True,True,True,True,True,both_good,material_system_out_of_distribution,missing_additive_or_structure_annotation; possible_sintering_or_microstructure_effect,candidate hypothesis only; no causal mechanism proven,60,B,observed high ZT; missing sintering info for high-ZT/error sample; manual review not checked
10.1039_c6ra06688g__sample_9088,10.1039/c6ra06688g,https://doi.org/10.1039/c6ra06688g,,9088,Bi0.4Sb1.6Te3,unknown,p,8,8,8,8,0.0856989953154008,0.0863140968490209,0.00061510153362,0.0783149800809123,0.077513546940779,-0.0008014331401332,0.0776169003428894,0.0768226109731561,-0.0007942893697333,0.0783149800809167,0.0775135469407842,-0.0008014331401324,1.286167,1.2215409017990535,1.209040313026416,1.2831574555318443,unknown,no,no,ML_close_to_fitting,primary DOI test sample aggregate,p,,high,unknown,unknown,unknown,unknown,unknown,unknown,unknown,,no,unknown,unknown,no,unknown,,,,,False,unknown,True,True,medium,0.0856989953154008,0.0941222819961982,,,,,,,,,,,,,,,,,,,,,,,,,0.1703831050511359,6.011428478179339e-05,-0.1703229907663541,0.1703229907663541,0.8433923646528247,good,unknown,no,65,B,manual review required; sintering check required later,high observed ZT; important candidate for paper; high predicted ZT,True,True,True,True,True,both_good,material_system_out_of_distribution,missing_additive_or_structure_annotation; possible_sintering_or_microstructure_effect,candidate hypothesis only; no causal mechanism proven,60,B,observed high ZT; missing sintering info for high-ZT/error sample; manual review not checked
10.1039_c6ra06688g__sample_9089,10.1039/c6ra06688g,https://doi.org/10.1039/c6ra06688g,,9089,Bi0.4Sb1.6Te3,unknown,p,8,8,8,8,0.0676559104891893,0.6104946746114984,0.5428387641223091,0.062429345818414,0.8386299293680742,0.7762005835496603,0.0641681057916792,0.837342422306607,0.7731743165149279,0.0624293458184257,0.8386299293680609,0.7762005835496352,1.084438,1.069484610743421,1.961895484688396,1.0828247393825434,unknown,no,no,ML_much_worse,primary DOI test sample aggregate,p,,high,unknown,unknown,unknown,unknown,unknown,unknown,unknown,,no,unknown,unknown,no,unknown,,,,,False,unknown,True,True,medium,0.0676559104891893,0.0668817915622366,,,,,,,,,,,,,,,,,,,,,,,,,-0.4466373055266841,6.011428478179339e-05,0.4466974198114659,0.4466974198114659,1.5631412521479005,moderate_error,unknown,no,65,B,manual review required; sintering check required later,high observed ZT; important candidate for paper; high predicted ZT,True,True,True,True,True,both_poor,missing_additive_or_structure_annotation,possible_sintering_or_microstructure_effect,candidate hypothesis only; no causal mechanism proven,120,A,ML much worse than fitting; observed high ZT; missing additive info and ML bad; missing structure info and ML bad; missing sintering info for high-ZT/error sample; manual review not checked
10.1039_c6ra06688g__sample_9090,10.1039/c6ra06688g,https://doi.org/10.1039/c6ra06688g,,9090,Bi0.4Sb1.6Te3,unknown,p,8,8,8,8,0.082282478766271,0.4715059701659609,0.3892234913996899,0.0762719067083957,0.5962309438717244,0.5199590371633286,0.0777344991604435,0.597343433199259,0.5196089340388155,0.0762719067084018,0.596230943871711,0.5199590371633092,1.248703,1.1933608836100649,1.898462795461608,1.248773194745138,unknown,no,no,ML_much_worse,primary DOI test sample aggregate,p,,high,unknown,unknown,unknown,unknown,unknown,unknown,unknown,,no,unknown,unknown,no,unknown,,,,,False,unknown,True,True,medium,0.082282478766271,0.0938698550118894,,,,,,,,,,,,,,,,,,,,,,,,,-0.3041739812025987,6.011428478179339e-05,0.3042340954873805,0.3042340954873805,1.355586355597631,moderate_error,unknown,no,65,B,manual review required; sintering check required later,high observed ZT; important candidate for paper; high predicted ZT,True,True,True,True,True,both_poor,missing_additive_or_structure_annotation,possible_sintering_or_microstructure_effect,candidate hypothesis only; no causal mechanism proven,120,A,ML much worse than fitting; observed high ZT; missing additive info and ML bad; missing structure info and ML bad; missing sintering info for high-ZT/error sample; manual review not checked
10.1039_c6ra06688g__sample_9091,10.1039/c6ra06688g,https://doi.org/10.1039/c6ra06688g,,9091,Bi0.4Sb1.6Te3,unknown,p,8,8,8,8,0.0729029702335134,0.0734879999501314,0.000585029716618,0.065865687029495,0.0664780606036308,0.0006123735741357,0.0668644889407871,0.0674861486838445,0.0006216597430574,0.0658656870294943,0.0664780606036245,0.0006123735741302,1.249408,1.163253870088382,1.1740689995157572,1.2477098256498715,unknown,no,no,ML_close_to_fitting,primary DOI test sample aggregate,p,,high,unknown,unknown,unknown,unknown,unknown,unknown,unknown,,no,unknown,unknown,no,unknown,,,,,False,unknown,True,True,medium,0.0729029702335134,0.064414585535555,,,,,,,,,,,,,,,,,,,,,,,,,0.1508425701942513,6.011428478179339e-05,-0.1507824559094695,0.1507824559094695,0.8600347737926122,good,unknown,no,65,B,manual review required; sintering check required later,high observed ZT; important candidate for paper; high predicted ZT,True,True,True,True,True,both_good,material_system_out_of_distribution,missing_additive_or_structure_annotation; possible_sintering_or_microstructure_effect,candidate hypothesis only; no causal mechanism proven,60,B,observed high ZT; missing sintering info for high-ZT/error sample; manual review not checked
10.1039_c6ra06688g__sample_9092,10.1039/c6ra06688g,https://doi.org/10.1039/c6ra06688g,,9092,Bi0.4Sb1.6Te3,unknown,p,8,8,8,8,0.0837371012390429,0.0841179227634964,0.0003808215244534,0.0764133065408875,0.075804804645404,-0.0006085018954835,0.0779797881412349,0.077358811886686,-0.0006209762545488,0.0764133065408962,0.0758048046454112,-0.0006085018954849,1.286291,1.2181484213807408,1.2084479430616228,1.2804258040441014,unknown,no,no,ML_close_to_fitting,primary DOI test sample aggregate,p,,high,unknown,unknown,unknown,unknown,unknown,unknown,unknown,,no,unknown,unknown,no,unknown,,,,,False,unknown,True,True,medium,0.0837371012390428,0.0923333313627219,,,,,,,,,,,,,,,,,,,,,,,,,0.1680920981131717,6.011428478179339e-05,-0.1680319838283899,0.1680319838283899,0.8453267974650605,good,unknown,no,65,B,manual review required; sintering check required later,high observed ZT; important candidate for paper; high predicted ZT,True,True,True,True,True,both_good,material_system_out_of_distribution,missing_additive_or_structure_annotation; possible_sintering_or_microstructure_effect,candidate hypothesis only; no causal mechanism proven,60,B,observed high ZT; missing sintering info for high-ZT/error sample; manual review not checked
10.1039_c6ra06688g__sample_9093,10.1039/c6ra06688g,https://doi.org/10.1039/c6ra06688g,,9093,Bi0.4Sb1.6Te3,unknown,p,8,8,8,8,0.0831562341532829,0.083970273806477,0.0008140396531941,0.0775599389796052,0.0784698903087896,0.0009099513291843,0.0782191914482268,0.0791368772814335,0.0009176858332067,0.0775599389796028,0.0784698903087862,0.0009099513291833,1.195161,1.1170995857863937,1.1302056591831768,1.1904600753322492,unknown,no,no,ML_close_to_fitting,primary DOI test sample aggregate,p,,high,unknown,unknown,unknown,unknown,unknown,unknown,unknown,,no,unknown,unknown,no,unknown,,,,,False,unknown,True,True,medium,0.0831562341532829,0.0967625475355556,,,,,,,,,,,,,,,,,,,,,,,,,0.1484329795452545,6.011428478179339e-05,-0.1483728652604727,0.1483728652604727,0.8621096042835353,good,unknown,no,65,B,manual review required; sintering check required later,high observed ZT; important candidate for paper; high predicted ZT,True,True,True,True,True,both_good,material_system_out_of_distribution,missing_additive_or_structure_annotation; possible_sintering_or_microstructure_effect,candidate hypothesis only; no causal mechanism proven,60,B,observed high ZT; missing sintering info for high-ZT/error sample; manual review not checked
10.1039_c6ra06688g__sample_9094,10.1039/c6ra06688g,https://doi.org/10.1039/c6ra06688g,,9094,Bi0.4Sb1.6Te3,unknown,p,8,8,8,8,0.0699681998933748,0.5382279141997821,0.4682597143064073,0.0639291898740754,0.7093265077780527,0.6453973179039773,0.0651336904811671,0.7092584039931595,0.6441247135119924,0.0639291898740741,0.7093265077780438,0.6453973179039697,1.283361,1.2269597182204777,2.0921662906147014,1.281904556247411,unknown,no,no,ML_much_worse,primary DOI test sample aggregate,p,,high,unknown,unknown,unknown,unknown,unknown,unknown,unknown,,no,unknown,unknown,no,unknown,,,,,False,unknown,True,True,medium,0.0699681998933748,0.0709072716823855,,,,,,,,,,,,,,,,,,,,,,,,,-0.3735637719755917,6.011428478179339e-05,0.3736238862603735,0.3736238862603735,1.4529905579604254,moderate_error,unknown,no,65,B,manual review required; sintering check required later,high observed ZT; important candidate for paper; high predicted ZT,True,True,True,True,True,both_poor,missing_additive_or_structure_annotation,possible_sintering_or_microstructure_effect,candidate hypothesis only; no causal mechanism proven,120,A,ML much worse than fitting; observed high ZT; missing additive info and ML bad; missing structure info and ML bad; missing sintering info for high-ZT/error sample; manual review not checked
10.1039_c6ra06688g__sample_9095,10.1039/c6ra06688g,https://doi.org/10.1039/c6ra06688g,,9095,Bi0.4Sb1.6Te3,unknown,p,8,8,8,8,0.0824009022871065,0.4736251718755399,0.3912242695884333,0.0765031657076969,0.5996529478237405,0.5231497821160435,0.0770851310239008,0.5966972078316973,0.5196120768077965,0.0765031657076828,0.5996529478237123,0.5231497821160294,1.247944,1.1869205842955572,1.8922456208496392,1.244787730063578,unknown,no,no,ML_much_worse,primary DOI test sample aggregate,p,,high,unknown,unknown,unknown,unknown,unknown,unknown,unknown,,no,unknown,unknown,no,unknown,,,,,False,unknown,True,True,medium,0.0824009022871065,0.0938217162315225,,,,,,,,,,,,,,,,,,,,,,,,,-0.3063051499265976,6.011428478179339e-05,0.3063652642113794,0.3063652642113794,1.3584784194847952,moderate_error,unknown,no,65,B,manual review required; sintering check required later,high observed ZT; important candidate for paper; high predicted ZT,True,True,True,True,True,both_poor,missing_additive_or_structure_annotation,possible_sintering_or_microstructure_effect,candidate hypothesis only; no causal mechanism proven,120,A,ML much worse than fitting; observed high ZT; missing additive info and ML bad; missing structure info and ML bad; missing sintering info for high-ZT/error sample; manual review not checked
10.1039_c6ra06688g__sample_9096,10.1039/c6ra06688g,https://doi.org/10.1039/c6ra06688g,,9096,Bi0.4Sb1.6Te3,unknown,p,8,8,8,8,0.0883731844125539,0.4522689470004772,0.3638957625879232,0.0811288346122261,0.5642906660800348,0.4831618314678086,0.0820616109792403,0.5615765526467575,0.4795149416675172,0.0811288346122312,0.5642906660800346,0.4831618314678034,1.214441,1.1569134407244115,1.8027377995460407,1.214837208421436,unknown,no,no,ML_moderately_worse,primary DOI test sample aggregate,p,,high,unknown,unknown,unknown,unknown,unknown,unknown,unknown,,no,unknown,unknown,no,unknown,,,,,False,unknown,True,True,medium,0.0883731844125539,0.1000859481360209,,,,,,,,,,,,,,,,,,,,,,,,,-0.2834539530511288,6.011428478179339e-05,0.2835140673359106,0.2835140673359106,1.32778755861609,moderate_error,unknown,no,65,B,manual review required; sintering check required later,high observed ZT; important candidate for paper; high predicted ZT,True,True,True,True,True,not_evaluable,not_evaluable,missing_additive_or_structure_annotation; possible_sintering_or_microstructure_effect,candidate hypothesis only; no causal mechanism proven,60,B,observed high ZT; missing sintering info for high-ZT/error sample; manual review not checked
10.1039_c6ra06688g__sample_9097,10.1039/c6ra06688g,https://doi.org/10.1039/c6ra06688g,,9097,Bi0.4Sb1.6Te3,unknown,p,8,8,8,8,0.0839965123854678,0.0993800896053104,0.0153835772198426,0.0781135305394299,0.0878063099965027,0.0096927794570728,0.0792562309368847,0.0890723208635187,0.009816089926634,0.07811353053942,0.0878063099964975,0.0096927794570774,1.235665,1.163936441867364,1.2274277501996154,1.2360477865169164,unknown,no,no,ML_close_to_fitting,primary DOI test sample aggregate,p,,high,unknown,unknown,unknown,unknown,unknown,unknown,unknown,,no,unknown,unknown,no,unknown,,,,,False,unknown,True,True,medium,0.0839965123854678,0.0934684395931437,,,,,,,,,,,,,,,,,,,,,,,,,0.1069839491511555,6.011428478179339e-05,-0.1069238348663737,0.1069238348663737,0.8985941119245527,good,unknown,no,65,B,manual review required; sintering check required later,high observed ZT; important candidate for paper; high predicted ZT,True,True,True,True,True,both_good,material_system_out_of_distribution,missing_additive_or_structure_annotation; possible_sintering_or_microstructure_effect,candidate hypothesis only; no causal mechanism proven,60,B,observed high ZT; missing sintering info for high-ZT/error sample; manual review not checked
10.1039_c6ra06688g__sample_9098,10.1039/c6ra06688g,https://doi.org/10.1039/c6ra06688g,,9098,Bi0.4Sb1.6Te3,unknown,p,8,8,8,8,0.0843045054271984,0.0848746563944282,0.0005701509672298,0.0772954492205044,0.0765400241862012,-0.0007554250343032,0.0774329021213493,0.0766761337303041,-0.0007567683910452,0.0772954492205043,0.0765400241861946,-0.0007554250343097,1.283168,1.2230358768368077,1.2110828844091983,1.2885015299720723,unknown,no,no,ML_close_to_fitting,primary DOI test sample aggregate,p,,high,unknown,unknown,unknown,unknown,unknown,unknown,unknown,,no,unknown,unknown,no,unknown,,,,,False,unknown,True,True,medium,0.0843045054271984,0.0940740547003348,,,,,,,,,,,,,,,,,,,,,,,,,0.1699182103922483,6.011428478179339e-05,-0.1698580961074665,0.1698580961074665,0.8437845444125729,good,unknown,no,65,B,manual review required; sintering check required later,high observed ZT; important candidate for paper; high predicted ZT,True,True,True,True,True,both_good,material_system_out_of_distribution,missing_additive_or_structure_annotation; possible_sintering_or_microstructure_effect,candidate hypothesis only; no causal mechanism proven,60,B,observed high ZT; missing sintering info for high-ZT/error sample; manual review not checked
10.1039_c6ra06688g__sample_9099,10.1039/c6ra06688g,https://doi.org/10.1039/c6ra06688g,,9099,Bi0.4Sb1.6Te3,unknown,p,8,8,8,8,0.0823066097747278,0.0823108468883619,4.23711363412016e-06,0.0740966493768958,0.0741585582552915,6.190887839568893e-05,0.0759428647677235,0.0760063161871842,6.345141946074995e-05,0.0740966493768927,0.0741585582552927,6.190887839996329e-05,1.288673,1.203731848963233,1.2047375852453777,1.2838746401245753,unknown,no,no,ML_close_to_fitting,primary DOI test sample aggregate,p,,high,unknown,unknown,unknown,unknown,unknown,unknown,unknown,,no,unknown,unknown,no,unknown,,,,,False,unknown,True,True,medium,0.0823066097747278,0.0845601901040907,,,,,,,,,,,,,,,,,,,,,,,,,0.1592617578131299,6.011428478179339e-05,-0.1592016435283481,0.1592016435283481,0.8528243751139393,good,unknown,no,65,B,manual review required; sintering check required later,high observed ZT; important candidate for paper; high predicted ZT,True,True,True,True,True,both_good,material_system_out_of_distribution,missing_additive_or_structure_annotation; possible_sintering_or_microstructure_effect,candidate hypothesis only; no causal mechanism proven,60,B,observed high ZT; missing sintering info for high-ZT/error sample; manual review not checked
10.1039_c6ra06688g__sample_9100,10.1039/c6ra06688g,https://doi.org/10.1039/c6ra06688g,,9100,Bi0.4Sb1.6Te3,unknown,p,8,8,7,8,0.0827311066400744,0.4739152279817091,0.3911841213416346,0.076973168688672,0.6000693998561513,0.5230962311674792,0.0619065215125486,0.6005676043427493,0.5386610828302006,0.0769731686886669,0.6000693998561285,0.5230962311674616,1.238753,1.1911771716694948,1.8994801348469228,1.2498883399549745,unknown,no,no,ML_much_worse,primary DOI test sample aggregate,p,,high,unknown,unknown,unknown,unknown,unknown,unknown,unknown,,no,unknown,unknown,no,unknown,,,,,False,unknown,True,True,medium,0.0827311066400744,0.0944052420329192,,,,,,,,,,,,,,,,,,,,,,,,,-0.3065412732509347,6.011428478179339e-05,0.3066013875357165,0.3066013875357165,1.3587992257986805,moderate_error,unknown,no,65,B,manual review required; sintering check required later,high observed ZT; important candidate for paper; high predicted ZT,True,True,True,True,True,both_poor,missing_additive_or_structure_annotation,possible_sintering_or_microstructure_effect,candidate hypothesis only; no causal mechanism proven,120,A,ML much worse than fitting; observed high ZT; missing additive info and ML bad; missing structure info and ML bad; missing sintering info for high-ZT/error sample; manual review not checked
10.1039_c6ra06688g__sample_9101,10.1039/c6ra06688g,https://doi.org/10.1039/c6ra06688g,,9101,Bi0.4Sb1.6Te3,unknown,p,8,8,8,8,0.0930846072642053,0.385456672738509,0.2923720654743036,0.0865452335957626,0.4598835712173138,0.3733383376215512,0.0849256483659288,0.4605525607575061,0.3756269123915773,0.0865452335957646,0.4598835712172987,0.3733383376215341,1.346203,1.2699474385520442,1.8460048711552128,1.3524010609489174,unknown,no,no,ML_moderately_worse,primary DOI test sample aggregate,p,,high,unknown,unknown,unknown,unknown,unknown,unknown,unknown,,no,unknown,unknown,no,unknown,,,,,False,unknown,True,True,medium,0.0930846072642053,0.1121690721825962,,,,,,,,,,,,,,,,,,,,,,,,,-0.2139513380064783,6.011428478179339e-05,0.2140114522912601,0.2140114522912601,1.2386368399420824,good,unknown,no,65,B,manual review required; sintering check required later,high observed ZT; important candidate for paper; high predicted ZT,True,True,True,True,True,both_good,material_system_out_of_distribution,missing_additive_or_structure_annotation; possible_sintering_or_microstructure_effect,candidate hypothesis only; no causal mechanism proven,60,B,observed high ZT; missing sintering info for high-ZT/error sample; manual review not checked
10.1039_c6ra06688g__sample_9102,10.1039/c6ra06688g,https://doi.org/10.1039/c6ra06688g,,9102,Bi0.4Sb1.6Te3,unknown,p,8,8,7,8,0.0779995978501508,0.5661285918334058,0.488128993983255,0.0716032643876472,0.7572678120691139,0.6856645476814667,0.0820612761657368,0.811210186372782,0.7291489102070451,0.0716032643876402,0.757267812069103,0.6856645476814628,1.248561,1.2178291367277756,2.133575994730146,1.2457606837061257,unknown,no,no,ML_much_worse,primary DOI test sample aggregate,p,,high,unknown,unknown,unknown,unknown,unknown,unknown,unknown,,no,unknown,unknown,no,unknown,,,,,False,unknown,True,True,medium,0.0779995978501507,0.0837745828313648,,,,,,,,,,,,,,,,,,,,,,,,,-0.4006326409580569,6.011428478179339e-05,0.4006927552428387,0.4006927552428387,1.4928585250753,moderate_error,unknown,no,65,B,manual review required; sintering check required later,high observed ZT; important candidate for paper; high predicted ZT,True,True,True,True,True,both_poor,missing_additive_or_structure_annotation,possible_sintering_or_microstructure_effect,candidate hypothesis only; no causal mechanism proven,120,A,ML much worse than fitting; observed high ZT; missing additive info and ML bad; missing structure info and ML bad; missing sintering info for high-ZT/error sample; manual review not checked
10.1039_c6ta04310k__sample_45735,10.1039/c6ta04310k,https://doi.org/10.1039/c6ta04310k,,45735,BiOCuSe,unknown,p,12,2,0,1,0.5463341154361134,4.660779876355878,4.114445760919764,0.5371333361980736,46.38626293005025,45.849129593852176,,,,0.5319964566801697,46.91215416939091,46.38015771271074,0.09285018,0.0291423876137373,2.9834700786855484,0.0622695875484464,unknown,no,no,not_evaluated,primary DOI test sample aggregate,p,,high,unknown,unknown,unknown,unknown,unknown,unknown,unknown,,no,unknown,unknown,no,unknown,,,,,False,unknown,True,True,low,0.5463341154361134,0.93904225554694,,,,,,,,,,,,,,,,,,,,,,,,,-5.534216480210991,-1.2660273083440652,4.268189171866926,4.268189171866926,71.3922394218137,large_over_prediction,unknown,no,10,low,insufficient ZT evaluation rows,,True,True,True,True,True,not_evaluable,not_evaluable,missing_additive_or_structure_annotation; tau_eff_ML_prediction_error,candidate hypothesis only; no causal mechanism proven,35,C,ZT_ML false positive; manual review not checked
10.1039_c6ta09189j__sample_2787,10.1039/c6ta09189j,https://doi.org/10.1039/c6ta09189j,,2787,PbTe0.75Se0.25,unknown,n,8,6,1,1,0.5612434555892172,1.5912007732428888,1.0299573176536716,0.5820385479539951,3.77868654663566,3.196647998681665,0.4247146866227101,1.5498773202159262,1.125162633593216,0.4387063401744918,1.4878611358385434,1.0491547956640517,0.9615187,0.5531475866476243,2.451754726093501,0.9854869674095084,unknown,no,no,ML_much_worse,primary DOI test sample aggregate,n,,high,unknown,unknown,unknown,unknown,unknown,unknown,unknown,,no,unknown,unknown,no,unknown,,,,,False,unknown,True,True,medium,0.5612434555892172,0.7606749463975528,,,,,,,,,,,,,,,,,,,,,,,,,-1.9739846026344163,-0.2170995306772465,1.7568850719571698,1.7568850719571698,5.794360239300797,large_over_prediction,unknown,no,10,low,no major issue,,True,True,True,True,True,fitting_good_ML_bad,tau_eff_ML_prediction_error,missing_additive_or_structure_annotation; possible_sintering_or_microstructure_effect,candidate hypothesis only; no causal mechanism proven,115,A,ML much worse than fitting; ZT_ML false positive; missing additive info and ML bad; missing structure info and ML bad; missing sintering info for high-ZT/error sample; manual review not checked
10.1039_c6ta09189j__sample_2788,10.1039/c6ta09189j,https://doi.org/10.1039/c6ta09189j,,2788,PbTe0.66Se0.33,unknown,n,8,7,0,1,0.3367869378251426,1.2858719654021495,0.949085027577007,0.3015748838874182,2.82964262877321,2.528067744885792,,,,0.2494294843497262,1.5962349997129095,1.3468055153631835,0.9790629,0.6833864623373697,2.3638443222261687,0.9104893518836166,unknown,no,no,not_evaluated,primary DOI test sample aggregate,n,,high,unknown,unknown,unknown,unknown,unknown,unknown,unknown,,no,unknown,unknown,no,unknown,,,,,False,unknown,True,True,medium,0.3367869378251426,0.3657275431774336,,,,,,,,,,,,,,,,,,,,,,,,,-1.7260341828799597,-0.2170995306772465,1.5089346522027132,1.5089346522027132,4.521910819564236,large_over_prediction,unknown,no,10,low,insufficient ZT evaluation rows,,True,True,True,True,True,fitting_good_ML_bad,tau_eff_ML_prediction_error,missing_additive_or_structure_annotation,candidate hypothesis only; no causal mechanism proven,35,C,ZT_ML false positive; manual review not checked
10.1039_c7ee00098g__sample_31366,10.1039/c7ee00098g,https://doi.org/10.1039/c7ee00098g,,31366,Mg3.2Sb1.5Bi0.49Te0.01,unknown,n,12,6,2,4,0.3403627717738426,0.4809644698651059,0.1406016980912632,0.4440309772297621,0.6237301477348282,0.179699170505066,0.2862585035395631,0.4021072129179208,0.1158487093783576,0.3013070532510156,0.2208960919735935,-0.080410961277422,1.061538,0.8219560733685669,1.154601389011708,1.1922960099859996,unknown,no,no,ML_moderately_worse,primary DOI test sample aggregate,n,existing_step6_or_step15,high,unknown,auto_step9,unknown,unknown,auto_step9,unknown,unknown,,no,unknown,unknown,no,unknown,yes,yes,yes,yes,False,unknown,True,True,medium,0.3403627717738428,0.1656692973710609,n,existing_step6_or_step15,high,unknown,auto_step9,unknown,unknown,auto_step9,unknown,unknown,,no,unknown,unknown,no,not_checked,yes,yes,yes,yes,False,unknown,True,True,-0.7973084339665468,-0.4802262431455235,0.3170821908210233,0.3170821908210233,1.3731154247717832,moderate_error,not_checked,no,100,A,observed high ZT missed; manual review required; sintering check required later,high observed ZT; high-ZT false negative; important candidate for paper; carried from Step14,True,True,True,True,True,both_good,material_system_out_of_distribution,missing_additive_or_structure_annotation; possible_sintering_or_microstructure_effect,candidate hypothesis only; no causal mechanism proven,60,B,observed high ZT; missing sintering info for high-ZT/error sample; manual review not checked
10.1039_c7ee00098g__sample_31367,10.1039/c7ee00098g,https://doi.org/10.1039/c7ee00098g,,31367,Mg3.19Nb0.01Sb1.5Bi0.49Te0.01,unknown,n,12,3,1,1,0.1896985521992615,0.3452497223533287,0.1555511701540672,0.0832298022128737,0.3171090030728573,0.2338792008599835,0.1402319581452809,0.1472548056517571,0.0070228475064761,0.1442561415160948,0.1418850274252593,-0.0023711140908355,1.430769,1.0714033844294255,1.4296561650821598,1.2520141089035657,unknown,no,no,ML_close_to_fitting,primary DOI test sample aggregate,n,,high,unknown,unknown,unknown,unknown,unknown,unknown,unknown,,no,unknown,unknown,no,unknown,,,,,False,unknown,True,True,medium,0.1896985521992615,0.2166709061678005,,,,,,,,,,,,,,,,,,,,,,,,,-0.5932504560550024,-1.3226855417247911,-0.7294350856697888,0.7294350856697888,0.4821813042944182,large_under_prediction,unknown,no,75,B,manual review required; sintering check required later,high observed ZT; important candidate for paper; high predicted ZT,True,True,True,True,True,both_good,material_system_out_of_distribution,missing_additive_or_structure_annotation; possible_sintering_or_microstructure_effect,candidate hypothesis only; no causal mechanism proven,60,B,observed high ZT; missing sintering info for high-ZT/error sample; manual review not checked
10.1039_c7ee00098g__sample_31368,10.1039/c7ee00098g,https://doi.org/10.1039/c7ee00098g,,31368,Mg3.15Nb0.05Sb1.5Bi0.49Te0.01,unknown,n,12,3,0,2,0.1779253023494763,0.2731420560690035,0.0952167537195272,0.1596059319842286,0.2027559028524964,0.0431499708682677,,,,0.1444477052376285,0.0721649772113857,-0.0722827280262427,1.461538,1.2606045195475768,1.5508965725173545,1.3789009062564204,unknown,no,no,not_evaluated,primary DOI test sample aggregate,n,,high,unknown,unknown,unknown,unknown,unknown,unknown,unknown,,no,unknown,unknown,no,unknown,,,,,False,unknown,True,True,medium,0.1779253023494763,0.3276001547873872,,,,,,,,,,,,,,,,,,,,,,,,,-0.51202766229695,-1.3226855417247911,-0.8106578794278412,0.8106578794278412,0.44456549950023,large_under_prediction,unknown,no,75,B,insufficient ZT evaluation rows; manual review required; sintering check required later,high observed ZT; important candidate for paper; high predicted ZT,True,True,True,True,True,not_evaluable,not_evaluable,missing_additive_or_structure_annotation; possible_sintering_or_microstructure_effect,candidate hypothesis only; no causal mechanism proven,60,B,observed high ZT; missing sintering info for high-ZT/error sample; manual review not checked
10.1039_c7ee00098g__sample_31369,10.1039/c7ee00098g,https://doi.org/10.1039/c7ee00098g,,31369,Mg3.1Nb0.1Sb1.5Bi0.49Te0.01,unknown,n,12,4,0,1,0.1704554563627865,0.3212683654916891,0.1508129091289026,0.1079449755191715,0.2924192554370654,0.1844742799178939,,,,0.1248216583239073,0.1491156214542792,0.0242939631303718,1.053846,1.0998122215145223,1.4440615634846388,1.2566721194313646,unknown,no,no,not_evaluated,primary DOI test sample aggregate,n,,high,unknown,unknown,unknown,unknown,unknown,unknown,unknown,,no,unknown,unknown,no,unknown,,,,,False,unknown,True,True,medium,0.1704554563627865,0.3196915914826823,,,,,,,,,,,,,,,,,,,,,,,,,-0.577106064073667,-1.3226855417247911,-0.7455794776511241,0.7455794776511241,0.4744592817140288,large_under_prediction,unknown,no,75,B,insufficient ZT evaluation rows; manual review required; sintering check required later,high observed ZT; important candidate for paper; high predicted ZT,True,True,True,True,True,not_evaluable,not_evaluable,missing_additive_or_structure_annotation; possible_sintering_or_microstructure_effect,candidate hypothesis only; no causal mechanism proven,60,B,observed high ZT; missing sintering info for high-ZT/error sample; manual review not checked
10.1039_c7ee00098g__sample_31370,10.1039/c7ee00098g,https://doi.org/10.1039/c7ee00098g,,31370,Mg3.05Nb0.15Sb1.5Bi0.49Te0.01,unknown,n,12,6,2,5,0.165917205184775,0.3165182217445605,0.1506010165597855,0.1609365689212535,0.4079912632799177,0.2470546943586642,0.2340072480994827,0.563417335582475,0.3294100874829922,0.1539974911300882,0.3764844980869802,0.222487006956892,1.530769,2.185983228528951,2.8622617239223462,1.5435497474647135,unknown,no,no,ML_moderately_worse,primary DOI test sample aggregate,n,,high,unknown,unknown,unknown,unknown,unknown,unknown,unknown,,no,unknown,unknown,no,unknown,,,,,False,unknown,True,True,medium,0.165917205184775,0.2949393794738617,,,,,,,,,,,,,,,,,,,,,,,,,-0.5743322553964921,-1.3226855417247911,-0.748353286328299,0.748353286328299,0.473145046003299,large_under_prediction,unknown,no,75,B,manual review required; sintering check required later,high observed ZT; important candidate for paper; high predicted ZT,True,True,True,True,True,not_evaluable,not_evaluable,missing_additive_or_structure_annotation; possible_sintering_or_microstructure_effect,candidate hypothesis only; no causal mechanism proven,60,B,observed high ZT; missing sintering info for high-ZT/error sample; manual review not checked
10.1039_c7ta03659k__sample_43440,10.1039/c7ta03659k,https://doi.org/10.1039/c7ta03659k,,43440,Bi0.875Ba0.125Cu0.95Ni0.05SeO,unknown,p,14,10,3,3,0.3297711119048201,1.6312627109957016,1.3014915990908815,0.2333575454811741,4.479332139730926,4.245974594249752,1.4394127654923874,11.053313370223009,9.613900604730622,0.2819028593915567,5.0201801034459885,4.738277244054432,0.4834512,0.3739589747743697,1.847758105690238,0.4133334781133221,unknown,no,no,ML_much_worse,primary DOI test sample aggregate,p,,high,unknown,unknown,unknown,unknown,unknown,unknown,unknown,,no,unknown,unknown,no,unknown,,,,,False,unknown,True,True,medium,0.3297711119048201,0.7239612646066745,,,,,,,,,,,,,,,,,,,,,,,,,-2.4706292400517142,-2.440601601428358,0.0300276386233564,0.0300276386233564,1.030483014691849,good,unknown,no,65,B,large ZT error vs observed ZT; manual review required; sintering check required later,large ZT prediction error; important candidate for paper; carried from Step14,True,True,True,True,True,fitting_good_ML_bad,insufficient_material_features,missing_additive_or_structure_annotation; possible_sintering_or_microstructure_effect,candidate hypothesis only; no causal mechanism proven,115,A,ML much worse than fitting; ZT_ML false positive; missing additive info and ML bad; missing structure info and ML bad; missing sintering info for high-ZT/error sample; manual review not checked
10.1039_c8ee03162b__sample_39800,10.1039/c8ee03162b,https://doi.org/10.1039/c8ee03162b,,39800,Sn0.57Sb0.13Ge0.3Te,unknown,p,10,1,1,1,0.1800375514014772,0.5198977380104512,0.339860186608974,0.5634051191644478,0.0400397134564232,-0.5233654057080246,0.4769700024959409,0.0931125084392313,-0.3838574940567096,0.5634051191644123,0.040039713456418,-0.5233654057079943,1.252046,1.849234383745033,1.1354648562586942,1.1828248232507943,unknown,no,no,ML_better_than_fitting,primary DOI test sample aggregate,p,,high,unknown,unknown,unknown,unknown,unknown,unknown,unknown,,no,unknown,unknown,no,unknown,,,,,False,unknown,True,True,medium,0.1800375514014772,0.4091204558241366,,,,,,,,,,,,,,,,,,,,,,,,,1.2574339930814935,1.4273269688299015,0.169892975748408,0.169892975748408,1.185178001743856,good,unknown,no,75,B,manual review required; sintering check required later,high observed ZT; important candidate for paper; high predicted ZT,True,True,True,True,True,both_good,material_system_out_of_distribution,missing_additive_or_structure_annotation; possible_sintering_or_microstructure_effect,candidate hypothesis only; no causal mechanism proven,60,B,observed high ZT; missing sintering info for high-ZT/error sample; manual review not checked
10.1039_c8ee03162b__sample_39801,10.1039/c8ee03162b,https://doi.org/10.1039/c8ee03162b,,39801,Sn0.57Sb0.13Ge0.3Te,unknown,p,10,4,2,2,0.1670598511061037,0.4038275709881471,0.2367677198820434,0.104653086423351,0.3329418895504071,0.228288803127056,0.1377522626409472,0.3247552142860759,0.1870029516451286,0.1232226834316352,0.3051813940331345,0.1819587106014992,1.524231,1.4308959888688209,0.9906927771488984,1.2699026399431772,unknown,no,no,ML_moderately_worse,primary DOI test sample aggregate,p,,high,unknown,unknown,unknown,unknown,unknown,unknown,unknown,,no,unknown,unknown,no,unknown,,,,,False,unknown,True,True,medium,0.1670598511061037,0.3574880208819966,,,,,,,,,,,,,,,,,,,,,,,,,1.1373560377318346,1.4273269688299015,0.2899709310980669,0.2899709310980669,1.3363886401105178,moderate_error,unknown,no,75,B,manual review required; sintering check required later,high observed ZT; important candidate for paper; high predicted ZT,True,True,True,True,True,both_good,material_system_out_of_distribution,missing_additive_or_structure_annotation; possible_sintering_or_microstructure_effect,candidate hypothesis only; no causal mechanism proven,90,A,observed high ZT; ZT_ML false negative; missing sintering info for high-ZT/error sample; manual review not checked
10.1039_c8ta08238c__sample_40606,10.1039/c8ta08238c,https://doi.org/10.1039/c8ta08238c,,40606,Bi0.5Sb1.5Te3,unknown,p,8,8,8,8,0.0943277773186084,0.3083701019161703,0.2140423245975619,0.0873171448054203,0.2511098941509199,0.1637927493454996,0.0890248438499572,0.2495805821761902,0.160555738326233,0.0873171448054156,0.2511098941509124,0.1637927493454968,1.231162,1.088556606046712,0.8116093039792383,1.2288485887140974,unknown,no,no,ML_moderately_worse,primary DOI test sample aggregate,p,,high,unknown,unknown,unknown,unknown,unknown,unknown,unknown,,no,unknown,unknown,no,unknown,,,,,False,unknown,True,True,medium,0.0943277773186084,0.1110283814339488,,,,,,,,,,,,,,,,,,,,,,,,,0.4536857355903858,6.011428478179339e-05,-0.4536256213056039,0.4536256213056039,0.6353205392023983,moderate_error,unknown,no,65,B,manual review required; sintering check required later,high observed ZT; important candidate for paper; high predicted ZT,True,True,True,True,True,both_good,material_system_out_of_distribution,missing_additive_or_structure_annotation; possible_sintering_or_microstructure_effect,candidate hypothesis only; no causal mechanism proven,90,A,observed high ZT; ZT_ML false negative; missing sintering info for high-ZT/error sample; manual review not checked
10.1039_c8ta08238c__sample_40607,10.1039/c8ta08238c,https://doi.org/10.1039/c8ta08238c,,40607,(Bi0.5Sb1.5Te3)97.73(Sb2O3)2.27,unknown,p,8,8,8,8,0.0966443763886252,0.3458500572709191,0.2492056808822939,0.0903126399045811,0.2792195485387128,0.1889069086341316,0.0891428268058495,0.277748924063662,0.1886060972578125,0.0903126399045675,0.2792195485387017,0.1889069086341341,1.206727,1.152604094571554,0.8269188955290341,1.2155766634158889,unknown,no,no,ML_moderately_worse,primary DOI test sample aggregate,p,,high,unknown,unknown,unknown,unknown,unknown,unknown,unknown,,no,unknown,unknown,no,unknown,,,,,False,unknown,True,True,medium,0.0966443763886252,0.1187651705805704,,,,,,,,,,,,,,,,,,,,,,,,,0.3727706757774829,-1.0225893462188107,-1.3953600219962936,1.3953600219962936,0.2477438270823443,large_under_prediction,unknown,no,65,B,manual review required; sintering check required later,high observed ZT; important candidate for paper; high predicted ZT,True,True,True,True,True,both_good,material_system_out_of_distribution,missing_additive_or_structure_annotation; possible_sintering_or_microstructure_effect; tau_eff_ML_prediction_error,candidate hypothesis only; no causal mechanism proven,90,A,observed high ZT; ZT_ML false negative; missing sintering info for high-ZT/error sample; manual review not checked
10.1039_c8ta08238c__sample_40608,10.1039/c8ta08238c,https://doi.org/10.1039/c8ta08238c,,40608,(Bi0.5Sb1.5Te3)95.52(Sb2O3)4.48,unknown,p,8,8,8,8,0.1113826623460145,0.3229129710247149,0.2115303086787003,0.1042090763949488,0.2568949732683682,0.1526858968734193,0.1112124304463042,0.2608934988025674,0.1496810683562631,0.1042090763949516,0.2568949732683644,0.1526858968734128,1.361749,1.3008678050825038,0.9607283368822992,1.3498674269719295,unknown,no,no,ML_moderately_worse,primary DOI test sample aggregate,p,,high,unknown,unknown,unknown,unknown,unknown,unknown,unknown,,no,unknown,unknown,no,unknown,,,,,False,unknown,True,True,medium,0.1113826623460145,0.1568622265549723,,,,,,,,,,,,,,,,,,,,,,,,,0.34379338588245,-1.0225893462188107,-1.3663827321012607,1.3663827321012607,0.2550277969541552,large_under_prediction,unknown,no,65,B,manual review required; sintering check required later,high observed ZT; important candidate for paper; high predicted ZT,True,True,True,True,True,both_good,material_system_out_of_distribution,missing_additive_or_structure_annotation; possible_sintering_or_microstructure_effect; tau_eff_ML_prediction_error,candidate hypothesis only; no causal mechanism proven,90,A,observed high ZT; ZT_ML false negative; missing sintering info for high-ZT/error sample; manual review not checked
10.1039_c8ta08238c__sample_40609,10.1039/c8ta08238c,https://doi.org/10.1039/c8ta08238c,,40609,(Bi0.5Sb1.5Te3)91.26(Sb2O3)8.74,unknown,p,8,7,6,6,0.1179312666022673,0.321504772462814,0.2035735058605466,0.108421814012437,0.2386101101559234,0.1301882961434864,0.1080396558210927,0.212364572578541,0.1043249167574482,0.102486282329542,0.2174932784894314,0.1150069961598894,1.52305,1.4480869948882271,1.0737410362320663,1.526927301872721,unknown,no,no,ML_moderately_worse,primary DOI test sample aggregate,p,,high,unknown,unknown,unknown,unknown,unknown,unknown,unknown,,no,unknown,unknown,no,unknown,,,,,False,unknown,True,True,medium,0.1179312666022673,0.1706886638224456,,,,,,,,,,,,,,,,,,,,,,,,,0.3397927291437439,-1.0225893462188107,-1.3623820753625546,1.3623820753625546,0.2560501192453352,large_under_prediction,unknown,no,65,B,manual review required; sintering check required later,high observed ZT; important candidate for paper; high predicted ZT,True,True,True,True,True,both_good,material_system_out_of_distribution,missing_additive_or_structure_annotation; possible_sintering_or_microstructure_effect; tau_eff_ML_prediction_error,candidate hypothesis only; no causal mechanism proven,60,B,observed high ZT; missing sintering info for high-ZT/error sample; manual review not checked
10.1039_c8ta08238c__sample_40610,10.1039/c8ta08238c,https://doi.org/10.1039/c8ta08238c,,40610,(Bi0.5Sb1.5Te3)87.21(Sb2O3)12.79,unknown,p,8,8,8,8,0.1242090891284132,0.3034565067950086,0.1792474176665953,0.1159119785060211,0.2360072697911019,0.1200952912850808,0.1203555970199039,0.2362327251942482,0.1158771281743443,0.1159119785060085,0.2360072697911,0.1200952912850915,1.497599,1.414720861992444,1.072573083999176,1.4908931141459478,unknown,no,no,ML_moderately_worse,primary DOI test sample aggregate,p,,high,unknown,unknown,unknown,unknown,unknown,unknown,unknown,,no,unknown,unknown,no,unknown,,,,,False,unknown,True,True,medium,0.1242090891284132,0.1787145665247468,,,,,,,,,,,,,,,,,,,,,,,,,0.3175699316985536,-1.0225893462188107,-1.3401592779173643,1.3401592779173643,0.2618039656688282,large_under_prediction,unknown,no,65,B,manual review required; sintering check required later,high observed ZT; important candidate for paper; high predicted ZT,True,True,True,True,True,both_good,material_system_out_of_distribution,missing_additive_or_structure_annotation; possible_sintering_or_microstructure_effect; tau_eff_ML_prediction_error,candidate hypothesis only; no causal mechanism proven,60,B,observed high ZT; missing sintering info for high-ZT/error sample; manual review not checked
10.1039_c8tc02700e__sample_40809,10.1039/c8tc02700e,https://doi.org/10.1039/c8tc02700e,,40809,Bi0.94Yb0.06CuSeO,unknown,p,24,23,17,17,0.524135386480756,1.5965387494819565,1.0724033630012006,0.492556382836996,4.117775912146502,3.6252195293095055,0.4992707187273876,4.433621188085269,3.934350469357881,0.5423256928212317,4.676528830075519,4.134203137254287,0.4835745,0.2837315990817622,1.2818758638602694,0.4839987392095838,unknown,no,no,ML_much_worse,primary DOI test sample aggregate,p,,high,unknown,unknown,unknown,unknown,unknown,unknown,unknown,,no,unknown,unknown,no,unknown,,,,,False,unknown,True,True,low,0.524135386480756,0.8165948597215122,,,,,,,,,,,,,,,,,,,,,,,,,-2.8860891055985456,-2.0517890655554423,0.8343000400431033,0.8343000400431033,2.3032013352282474,large_over_prediction,unknown,no,0,low,no major issue,,True,True,True,True,True,fitting_good_ML_bad,insufficient_material_features,missing_additive_or_structure_annotation; possible_sintering_or_microstructure_effect,candidate hypothesis only; no causal mechanism proven,115,A,ML much worse than fitting; ZT_ML false positive; missing additive info and ML bad; missing structure info and ML bad; missing sintering info for high-ZT/error sample; manual review not checked
10.1039_c9nr09331a__sample_35377,10.1039/c9nr09331a,https://doi.org/10.1039/c9nr09331a,,35377,Sn1.03Te(BiCuSeO)0.007,unknown,p,12,8,4,4,0.3121160053496495,0.7431256196869175,0.431009614337268,0.3344420612598351,0.4284862510685763,0.0940441898087412,0.3278891410151576,0.473668717473901,0.1457795764587434,0.3367562630991848,0.4629935878298457,0.1262373247306608,0.8730556,1.5034088848105305,0.7659274771641816,0.843829527989411,unknown,no,no,ML_moderately_worse,primary DOI test sample aggregate,p,,high,unknown,unknown,unknown,unknown,unknown,unknown,unknown,,no,unknown,unknown,no,unknown,,,,,False,unknown,True,True,medium,0.3121160053496495,0.6353779245287908,,,,,,,,,,,,,,,,,,,,,,,,,1.497791091999473,1.2744547086561122,-0.2233363833433608,0.2233363833433608,0.7998457492493998,good,unknown,no,65,B,predicted high ZT false positive; manual review required; sintering check required later,high-ZT false positive; important candidate for paper; high predicted ZT; carried from Step14,True,True,True,True,True,both_good,material_system_out_of_distribution,missing_additive_or_structure_annotation,candidate hypothesis only; no causal mechanism proven,10,low,manual review not checked
10.1039_c9nr09331a__sample_35379,10.1039/c9nr09331a,https://doi.org/10.1039/c9nr09331a,,35379,Sn1.03Te(BiCuSeO)0.014,unknown,p,12,6,4,4,0.3462420626945963,0.6529983268167896,0.3067562641221933,0.3917097365806459,0.353459001746504,-0.0382507348341418,0.4911141333564832,0.2415573839163144,-0.2495567494401687,0.4694267549718499,0.2497021184904208,-0.2197246364814291,0.6533333,1.107312084415583,0.6365388124565885,0.6229252589469257,unknown,no,no,ML_better_than_fitting,primary DOI test sample aggregate,p,,high,unknown,unknown,unknown,unknown,unknown,unknown,unknown,,no,unknown,unknown,no,unknown,,,,,False,unknown,True,True,medium,0.3462420626945963,0.6882799855382958,,,,,,,,,,,,,,,,,,,,,,,,,1.3770335993658047,1.2744547086561122,-0.1025788907096925,0.1025788907096925,0.9025069475307724,good,unknown,no,65,B,predicted high ZT false positive; manual review required; sintering check required later,high-ZT false positive; important candidate for paper; high predicted ZT; carried from Step14,True,True,True,True,True,both_good,material_system_out_of_distribution,missing_additive_or_structure_annotation,candidate hypothesis only; no causal mechanism proven,10,low,manual review not checked
10.1039_c9nr09331a__sample_35380,10.1039/c9nr09331a,https://doi.org/10.1039/c9nr09331a,,35380,Sn1.03Te(BiCuSeO)0.021,unknown,p,12,12,5,7,0.3659851043814878,0.5952489461818492,0.2292638418003614,0.3540674604779466,0.3859597089047553,0.0318922484268087,0.4861555231097441,0.378947595936246,-0.107207927173498,0.3657884700921768,0.3893100529266938,0.023521582834517,0.91,1.67179543182655,1.045458672862401,0.8847957901415113,unknown,no,no,ML_better_than_fitting,primary DOI test sample aggregate,p,,high,unknown,unknown,unknown,unknown,unknown,unknown,unknown,,no,unknown,unknown,no,unknown,,,,,False,unknown,True,True,medium,0.3659851043814878,0.7420766502559067,,,,,,,,,,,,,,,,,,,,,,,,,1.2928306286619715,1.2744547086561122,-0.0183759200058593,0.0183759200058593,0.9817918877660272,good,unknown,no,65,B,predicted high ZT false positive; manual review required; sintering check required later,high-ZT false positive; important candidate for paper; high predicted ZT; carried from Step14,True,True,True,True,True,both_good,material_system_out_of_distribution,missing_additive_or_structure_annotation,candidate hypothesis only; no causal mechanism proven,35,C,ZT_ML false positive; manual review not checked
10.1039_c9nr09331a__sample_35381,10.1039/c9nr09331a,https://doi.org/10.1039/c9nr09331a,,35381,Sn1.03Te(BiCuSeO)0.028,unknown,p,12,12,8,9,0.3744514319095682,0.522760540442823,0.1483091085332548,0.3587896283823396,0.3529479991001814,-0.0058416292821581,0.3594079608387544,0.3189788233650906,-0.0404291374736638,0.3588625131121737,0.3536449762460358,-0.0052175368661378,1.170556,2.2032031699618893,1.529792235288182,1.1733204515440334,unknown,no,no,ML_close_to_fitting,primary DOI test sample aggregate,p,,high,unknown,unknown,unknown,unknown,unknown,unknown,unknown,,no,unknown,unknown,no,unknown,,,,,False,unknown,True,True,medium,0.3744514319095682,0.7303609638539754,,,,,,,,,,,,,,,,,,,,,,,,,1.188168536925141,1.2744547086561122,0.0862861717309713,0.0862861717309713,1.0901182446972215,good,unknown,no,65,B,manual review required; sintering check required later,high observed ZT; important candidate for paper; high predicted ZT,True,True,True,True,True,both_good,material_system_out_of_distribution,missing_additive_or_structure_annotation; possible_sintering_or_microstructure_effect,candidate hypothesis only; no causal mechanism proven,60,B,observed high ZT; missing sintering info for high-ZT/error sample; manual review not checked
10.1039_c9nr09331a__sample_35382,10.1039/c9nr09331a,https://doi.org/10.1039/c9nr09331a,,35382,Sn1.03Te(BiCuSeO)0.035,unknown,p,12,9,6,8,0.3730351585752923,0.4728221120365759,0.0997869534612836,0.3734477764852494,0.3478071788604717,-0.0256405976247776,0.3859925400410862,0.2404082700595321,-0.145584269981554,0.3828851136767308,0.3319134179597486,-0.0509716957169822,1.209444,1.9905972519916328,1.48870771622702,1.2008685580670952,unknown,no,no,ML_better_than_fitting,primary DOI test sample aggregate,p,,high,unknown,unknown,unknown,unknown,unknown,unknown,unknown,,no,unknown,unknown,no,unknown,,,,,False,unknown,True,True,medium,0.3730351585752923,0.6639504539214666,,,,,,,,,,,,,,,,,,,,,,,,,1.1139144626400013,1.2744547086561122,0.1605402460161109,0.1605402460161109,1.1741450268493905,good,unknown,no,65,B,manual review required; sintering check required later,high observed ZT; important candidate for paper; high predicted ZT,True,True,True,True,True,both_good,material_system_out_of_distribution,missing_additive_or_structure_annotation; possible_sintering_or_microstructure_effect,candidate hypothesis only; no causal mechanism proven,60,B,observed high ZT; missing sintering info for high-ZT/error sample; manual review not checked
10.1039_c9nr09331a__sample_35383,10.1039/c9nr09331a,https://doi.org/10.1039/c9nr09331a,,35383,Sn1.03Te(BiCuSeO)0.042,unknown,p,12,10,9,10,0.3861770497618831,0.4971401388019522,0.1109630890400691,0.3884881761478388,0.3287038105114847,-0.0597843656363541,0.3726991458005678,0.3486282063568129,-0.0240709394437548,0.3884881761478162,0.3287038105114586,-0.0597843656363576,0.8866667,1.568315426777164,1.1467451539054612,0.864366570973656,unknown,no,no,ML_close_to_fitting,primary DOI test sample aggregate,p,,high,unknown,unknown,unknown,unknown,unknown,unknown,unknown,,no,unknown,unknown,no,unknown,,,,,False,unknown,True,True,medium,0.3861770497618831,0.7446298060928586,,,,,,,,,,,,,,,,,,,,,,,,,1.136462619574779,1.2744547086561122,0.1379920890813333,0.1379920890813333,1.1479664687688909,good,unknown,no,65,B,predicted high ZT false positive; manual review required; sintering check required later,high-ZT false positive; important candidate for paper; high predicted ZT; carried from Step14,True,True,True,True,True,both_good,material_system_out_of_distribution,missing_additive_or_structure_annotation,candidate hypothesis only; no causal mechanism proven,35,C,ZT_ML false positive; manual review not checked
10.1039_d0ee02323j__sample_37113,10.1039/d0ee02323j,https://doi.org/10.1039/d0ee02323j,,37113,Cu0.84Ag0.2In0.96Te2,unknown,p,14,13,6,8,0.6178258072357146,1.4698064946978469,0.8519806874621323,0.6308378057318353,3.8627309298109775,3.231893124079142,0.5403252041760412,2.5565046245091496,2.0161794203331085,0.7108830468342889,3.411964854113952,2.7010818072796634,1.290482,0.643340549175436,2.441393446646478,1.3252038247324178,unknown,no,no,ML_much_worse,primary DOI test sample aggregate,p,existing_step6_or_step15,high,unknown,auto_step9,unknown,unknown,auto_step9,unknown,unknown,,no,unknown,unknown,no,unknown,yes,yes,yes,yes,False,unknown,True,True,low,0.6178258072357146,0.9348271654784498,p,existing_step6_or_step15,high,unknown,auto_step9,unknown,unknown,auto_step9,unknown,unknown,,no,unknown,unknown,no,not_checked,yes,yes,yes,yes,False,unknown,True,True,-1.7481325269646992,-0.6002399803982724,1.147892546566427,1.147892546566427,3.151544173609982,large_over_prediction,not_checked,no,90,A,observed high ZT missed; manual review required; sintering check required later,high observed ZT; high-ZT false negative; important candidate for paper; carried from Step14,True,True,True,True,True,both_poor,missing_additive_or_structure_annotation,possible_sintering_or_microstructure_effect; tau_eff_ML_prediction_error,candidate hypothesis only; no causal mechanism proven,120,A,ML much worse than fitting; observed high ZT; missing additive info and ML bad; missing structure info and ML bad; missing sintering info for high-ZT/error sample; manual review not checked
10.1039_d1tc02896k__sample_45863,10.1039/d1tc02896k,https://doi.org/10.1039/d1tc02896k,,45863,Nb26.7Ti6.7Fe33.3Sb33.3,unknown,p,8,5,2,4,0.2672086810206847,1.0685493093182326,0.8013406282975479,0.3019037237790629,0.6122131951978613,0.3103094714187984,0.5425754928073326,0.4518172577571034,-0.0907582350502291,0.3463348978405464,0.5930762907689219,0.2467413929283755,0.8746646,1.513828216850141,0.5379668658467615,0.9130216436360564,unknown,no,no,ML_close_to_fitting,primary DOI test sample aggregate,p,,high,unknown,unknown,unknown,unknown,unknown,unknown,unknown,,no,unknown,unknown,no,unknown,,,,,False,unknown,True,True,medium,0.2672086810206847,0.4277138100963227,,,,,,,,,,,,,,,,,,,,,,,,,1.9429583946114783,1.6011624123865322,-0.3417959822249461,0.3417959822249461,0.7104931431539222,moderate_error,unknown,no,75,B,predicted high ZT false positive; manual review required; sintering check required later,high-ZT false positive; important candidate for paper; high predicted ZT; carried from Step14,True,True,True,True,True,fitting_good_ML_bad,insufficient_material_features,missing_additive_or_structure_annotation,candidate hypothesis only; no causal mechanism proven,10,low,manual review not checked
10.1039_d1tc02896k__sample_45864,10.1039/d1tc02896k,https://doi.org/10.1039/d1tc02896k,,45864,Nb26.7Ti6.7Fe32.9Sb33.0Bi0.3,unknown,p,8,3,3,3,0.2954866934564943,0.7529514477047228,0.4574647542482284,0.397051284659577,0.4479263373477959,0.0508750526882188,0.3924030067805302,0.4348264875050128,0.0424234807244825,0.3970512846595785,0.4479263373477859,0.0508750526882073,0.9197531,1.640021284955987,0.8205016713950153,0.9367231905208936,unknown,no,no,ML_close_to_fitting,primary DOI test sample aggregate,p,,high,unknown,unknown,unknown,unknown,unknown,unknown,unknown,,no,unknown,unknown,no,unknown,,,,,False,unknown,True,True,medium,0.2954866934564944,0.4719310658623433,,,,,,,,,,,,,,,,,,,,,,,,,1.926377682261666,0.94327618263151,-0.983101499630156,0.983101499630156,0.374148874867395,large_under_prediction,unknown,no,65,B,predicted high ZT false positive; manual review required; sintering check required later,high-ZT false positive; important candidate for paper; high predicted ZT; carried from Step14,True,True,True,True,True,both_good,material_system_out_of_distribution,missing_additive_or_structure_annotation,candidate hypothesis only; no causal mechanism proven,10,low,manual review not checked
10.1039_d1tc02896k__sample_45865,10.1039/d1tc02896k,https://doi.org/10.1039/d1tc02896k,,45865,Nb26.7Ti6.7Fe33.1Sb32.3Bi1.0,unknown,p,8,3,2,3,0.2909699954359843,0.6940270547330037,0.4030570592970194,0.3383989680724077,0.3732126460991356,0.0348136780267278,0.4868911831535719,0.3553482156650651,-0.1315429674885068,0.3383989680724106,0.3732126460991343,0.0348136780267236,1.202521,2.041161399910733,1.087010918306174,1.1861689996934122,unknown,no,no,ML_better_than_fitting,primary DOI test sample aggregate,p,,high,unknown,unknown,unknown,unknown,unknown,unknown,unknown,,no,unknown,unknown,no,unknown,,,,,False,unknown,True,True,medium,0.2909699954359843,0.4659922108024357,,,,,,,,,,,,,,,,,,,,,,,,,1.863916437480294,0.94327618263151,-0.9206402548487838,0.9206402548487838,0.3982639690004098,large_under_prediction,unknown,no,75,B,manual review required; sintering check required later,high observed ZT; important candidate for paper; high predicted ZT,True,True,True,True,True,both_good,material_system_out_of_distribution,missing_additive_or_structure_annotation; possible_sintering_or_microstructure_effect,candidate hypothesis only; no causal mechanism proven,60,B,observed high ZT; missing sintering info for high-ZT/error sample; manual review not checked
10.1039_d1tc02896k__sample_45866,10.1039/d1tc02896k,https://doi.org/10.1039/d1tc02896k,,45866,Nb26.7Ti6.7Fe33.1Sb31.7Bi1.7,unknown,p,8,5,2,4,0.3013613990863648,0.8012983590009105,0.4999369599145457,0.3445472232296688,0.4707394608302352,0.1261922376005663,0.2326965564933752,0.6348116510182167,0.4021150945248414,0.3373771459030305,0.5018168859262926,0.1644397400232621,0.5668382,1.582391464894542,0.7531191621750025,0.8948981907780054,unknown,no,no,ML_moderately_worse,primary DOI test sample aggregate,p,,high,unknown,unknown,unknown,unknown,unknown,unknown,unknown,,no,unknown,unknown,no,unknown,,,,,False,unknown,True,True,medium,0.3013613990863648,0.4866561784091217,,,,,,,,,,,,,,,,,,,,,,,,,1.976298232369912,0.94327618263151,-1.033022049738402,1.033022049738402,0.3559296963702155,large_under_prediction,unknown,no,75,B,predicted high ZT false positive; manual review required; sintering check required later,high-ZT false positive; important candidate for paper; high predicted ZT; carried from Step14,True,True,True,True,True,not_evaluable,not_evaluable,missing_additive_or_structure_annotation; tau_eff_ML_prediction_error,candidate hypothesis only; no causal mechanism proven,10,low,manual review not checked
10.1039_d4ee01652a__sample_83923,10.1039/d4ee01652a,https://doi.org/10.1039/d4ee01652a,,83923,Bi0.4Sb1.6Te3,unknown,p,9,9,8,9,0.1215618276939608,0.185195414812839,0.0636335871188782,0.1095833269061432,0.1333799099203613,0.023796583014218,0.5498097401657834,0.3477249565766228,-0.2020847835891606,0.1095833269061424,0.1333799099203639,0.0237965830142214,1.156,1.7910272463883956,1.5574893196942632,1.92475688755092,unknown,no,no,ML_better_than_fitting,primary DOI test sample aggregate,p,,high,unknown,unknown,unknown,unknown,unknown,unknown,unknown,,no,unknown,unknown,no,unknown,,,,,False,unknown,True,True,medium,0.1215618276939608,0.2072799638849228,,,,,,,,,,,,,,,,,,,,,,,,,0.2998111457790973,6.011428478179339e-05,-0.2997510314943155,0.2997510314943155,0.7410026840489363,moderate_error,unknown,no,65,B,manual review required; sintering check required later,high observed ZT; important candidate for paper; high predicted ZT,True,True,True,True,True,not_evaluable,not_evaluable,missing_additive_or_structure_annotation; possible_sintering_or_microstructure_effect,candidate hypothesis only; no causal mechanism proven,60,B,observed high ZT; missing sintering info for high-ZT/error sample; manual review not checked
10.1039_d4ee01652a__sample_83924,10.1039/d4ee01652a,https://doi.org/10.1039/d4ee01652a,,83924,(Bi0.4Sb1.6Te3)99.42(C8H10N4Zn)0.58,unknown,p,9,3,2,2,0.1393581395383459,1.83105151893213,1.6916933793937845,0.1691340208142595,0.8116545199733922,0.6425204991591327,0.5886753911962378,0.7440671267499825,0.1553917355537447,0.1349827650260802,0.8171562285460661,0.6821734635199858,1.403,1.5368333937647105,0.2475812166238766,1.3920389010984764,unknown,no,no,ML_moderately_worse,primary DOI test sample aggregate,p,,high,unknown,unknown,unknown,unknown,unknown,unknown,unknown,,no,unknown,unknown,no,unknown,,,,,False,unknown,True,True,medium,0.1393581395383459,0.2375278714721467,,,,,,,,,,,,,,,,,,,,,,,,,0.2319162399457979,-0.7226898129507443,-0.9546060528965422,0.9546060528965422,0.3849637700469516,large_under_prediction,unknown,no,75,B,manual review required; sintering check required later,high observed ZT; important candidate for paper; high predicted ZT,True,True,True,True,True,fitting_good_ML_bad,insufficient_material_features,missing_additive_or_structure_annotation; possible_sintering_or_microstructure_effect,candidate hypothesis only; no causal mechanism proven,90,A,observed high ZT; ZT_ML false negative; missing sintering info for high-ZT/error sample; manual review not checked
10.1039_d4ee01652a__sample_83925,10.1039/d4ee01652a,https://doi.org/10.1039/d4ee01652a,,83925,(Bi0.4Sb1.6Te3)99.13(C8H10N4Zn)0.87,unknown,p,9,7,5,6,0.1401878224712442,1.827040079115419,1.6868522566441748,0.1247652362007312,0.829844111631128,0.7050788754303968,0.5832643071575399,0.7438943278622402,0.1606300207047003,0.115153582237267,0.8235260728418142,0.7083724906045472,1.48,2.116084457673144,0.3422935955056066,2.281581061865066,unknown,no,no,ML_moderately_worse,primary DOI test sample aggregate,p,,high,unknown,unknown,unknown,unknown,unknown,unknown,unknown,,no,unknown,unknown,no,unknown,,,,,False,unknown,True,True,medium,0.1401878224712444,0.2323157402083007,,,,,,,,,,,,,,,,,,,,,,,,,0.2278294463020306,-0.7226898129507443,-0.9505192592527748,0.9505192592527748,0.3865402567291457,large_under_prediction,unknown,no,65,B,manual review required; sintering check required later,high observed ZT; important candidate for paper; high predicted ZT,True,True,True,True,True,fitting_good_ML_bad,insufficient_material_features,missing_additive_or_structure_annotation; possible_sintering_or_microstructure_effect,candidate hypothesis only; no causal mechanism proven,90,A,observed high ZT; ZT_ML false negative; missing sintering info for high-ZT/error sample; manual review not checked
10.1039_d4ee01652a__sample_83926,10.1039/d4ee01652a,https://doi.org/10.1039/d4ee01652a,,83926,(Bi0.4Sb1.6Te3)98.56(C8H10N4Zn)1.44,unknown,p,9,8,4,7,0.1531315922152082,1.627961962933965,1.4748303707187569,0.1281116256383498,0.8056587928628143,0.6775471672244645,0.3518033763530407,0.7326788111262291,0.3808754347731884,0.1177904980191933,0.8118061824200774,0.6940156844008841,1.654,2.1232398607216885,0.4198739356337195,2.526025189138195,unknown,no,no,ML_moderately_worse,primary DOI test sample aggregate,p,,high,unknown,unknown,unknown,unknown,unknown,unknown,unknown,,no,unknown,unknown,no,unknown,,,,,False,unknown,True,True,medium,0.1531315922152082,0.2582266684094973,,,,,,,,,,,,,,,,,,,,,,,,,0.0269194997895538,-0.7226898129507443,-0.7496093127402981,0.7496093127402981,0.472551136389972,large_under_prediction,unknown,no,65,B,manual review required; sintering check required later,high observed ZT; important candidate for paper; high predicted ZT,True,True,True,True,True,fitting_good_ML_bad,insufficient_material_features,missing_additive_or_structure_annotation; possible_sintering_or_microstructure_effect,candidate hypothesis only; no causal mechanism proven,90,A,observed high ZT; ZT_ML false negative; missing sintering info for high-ZT/error sample; manual review not checked
10.1039_d4ee01652a__sample_83927,10.1039/d4ee01652a,https://doi.org/10.1039/d4ee01652a,,83927,(Bi0.4Sb1.6Te3)97.99(C8H10N4Zn)2.01,unknown,p,9,6,5,6,0.1531315922152082,1.627961962933965,1.4748303707187569,0.1185838520645398,0.8171244564511518,0.698540604386612,0.409517129340134,0.7212658280454355,0.3117486987053015,0.118583852064533,0.8171244564511441,0.698540604386611,1.391,1.931190268672252,0.3818958345522718,2.233779336379655,unknown,no,no,ML_moderately_worse,primary DOI test sample aggregate,p,,high,unknown,unknown,unknown,unknown,unknown,unknown,unknown,,no,unknown,unknown,no,unknown,,,,,False,unknown,True,True,medium,0.1531315922152082,0.2582266684094973,,,,,,,,,,,,,,,,,,,,,,,,,0.0269194997895538,-0.7226898129507443,-0.7496093127402981,0.7496093127402981,0.472551136389972,large_under_prediction,unknown,no,65,B,manual review required; sintering check required later,high observed ZT; important candidate for paper; high predicted ZT,True,True,True,True,True,fitting_good_ML_bad,insufficient_material_features,missing_additive_or_structure_annotation; possible_sintering_or_microstructure_effect,candidate hypothesis only; no causal mechanism proven,90,A,observed high ZT; ZT_ML false negative; missing sintering info for high-ZT/error sample; manual review not checked
10.1063_1.2936277__sample_3371,10.1063/1.2936277,https://doi.org/10.1063/1.2936277,,3371,Yb0.2Co4Sb12,unknown,n,21,10,0,5,0.0863660422293716,0.1953087016475403,0.1089426594181687,0.0770812349479145,0.1878444778675426,0.1107632429196281,,,,0.0554948791720158,0.2169730770207158,0.1614781978487,1.007634,1.0816187285402366,1.2887001441512755,0.9927077848118964,unknown,no,no,not_evaluated,primary DOI test sample aggregate,n,,high,unknown,unknown,unknown,unknown,unknown,unknown,unknown,,no,unknown,unknown,no,unknown,,,,,False,unknown,True,True,medium,0.0863660422293716,0.0949815306905684,,,,,,,,,,,,,,,,,,,,,,,,,0.1763926760628397,0.4332426047448079,0.2568499286819682,0.2568499286819682,1.2928510923327712,moderate_error,unknown,no,75,B,insufficient ZT evaluation rows; manual review required; sintering check required later,high observed ZT; important candidate for paper; high predicted ZT,True,True,True,True,True,not_evaluable,not_evaluable,missing_additive_or_structure_annotation; possible_sintering_or_microstructure_effect,candidate hypothesis only; no causal mechanism proven,60,B,observed high ZT; missing sintering info for high-ZT/error sample; manual review not checked
10.1063_1.2936277__sample_3372,10.1063/1.2936277,https://doi.org/10.1063/1.2936277,,3372,Yb0.2Co4Sb12.3,unknown,n,21,12,3,6,0.0788048671666004,0.1719127292768008,0.0931078621102004,0.0768097841981931,0.1457965577469998,0.0689867735488066,0.0534417091598786,0.1866468822641789,0.1332051731043003,0.0737353119366318,0.1573820676904811,0.0836467557538493,1.220611,1.482242069249286,1.2722272962781913,1.2404299129657763,unknown,no,no,ML_moderately_worse,primary DOI test sample aggregate,n,,high,unknown,unknown,unknown,unknown,unknown,unknown,unknown,,no,unknown,unknown,no,unknown,,,,,False,unknown,True,True,medium,0.0788048671666004,0.1237984294677725,,,,,,,,,,,,,,,,,,,,,,,,,0.5043547166008999,0.4332426047448079,-0.071112111856092,0.071112111856092,0.931357470059572,good,unknown,no,65,B,manual review required; sintering check required later,high observed ZT; important candidate for paper; high predicted ZT,True,True,True,True,True,both_good,material_system_out_of_distribution,missing_additive_or_structure_annotation; possible_sintering_or_microstructure_effect,candidate hypothesis only; no causal mechanism proven,60,B,observed high ZT; missing sintering info for high-ZT/error sample; manual review not checked
10.1063_1.2936277__sample_3374,10.1063/1.2936277,https://doi.org/10.1063/1.2936277,,3374,Yb0.2Co4Sb13,unknown,n,21,9,0,0,0.0782076344304387,0.5979362518079891,0.5197286173775504,0.0464923024146314,0.4559943192826035,0.409502016867972,,,,,,,1.03855,,,,unknown,no,no,not_evaluated,primary DOI test sample aggregate,n,,high,unknown,unknown,unknown,unknown,unknown,unknown,unknown,,no,unknown,unknown,no,unknown,,,,,False,unknown,True,True,medium,0.0782076344304387,0.1230980449634457,,,,,,,,,,,,,,,,,,,,,,,,,0.944367571916189,0.4332426047448079,-0.5111249671713811,0.5111249671713811,0.5998204208360259,large_under_prediction,unknown,no,50,B,insufficient ZT evaluation rows; manual review required; sintering check required later,high observed ZT; important candidate for paper,True,True,True,True,True,not_evaluable,not_evaluable,missing_additive_or_structure_annotation; possible_sintering_or_microstructure_effect,candidate hypothesis only; no causal mechanism proven,90,A,observed high ZT; ZT_ML false negative; missing sintering info for high-ZT/error sample; manual review not checked
10.1063_1.3093833__sample_46719,10.1063/1.3093833,https://doi.org/10.1063/1.3093833,,46719,(PbI2)0.00037(Ge)0.2(PbTe)0.8,unknown,n,13,13,10,10,0.335633286772533,1.172548673568454,0.836915386795921,0.2935192643209612,2.244832273427611,1.9513130091066495,0.3135507690446951,2.618286772480801,2.3047360034361053,0.2699375720280121,2.6389623027113083,2.369024730683296,0.6770432,1.029987949570885,3.167786429236642,0.6694068278701979,unknown,no,no,ML_much_worse,primary DOI test sample aggregate,n,,high,unknown,unknown,unknown,unknown,unknown,unknown,unknown,,no,unknown,unknown,no,unknown,,,,,False,unknown,True,True,medium,0.335633286772533,0.5133270293238581,,,,,,,,,,,,,,,,,,,,,,,,,-0.8609367873667423,-0.3783696706593303,0.4825671167074119,0.4825671167074119,1.6202283833871882,moderate_error,unknown,no,65,B,predicted high ZT false positive; manual review required; sintering check required later,high-ZT false positive; important candidate for paper; high predicted ZT; carried from Step14,True,True,True,True,True,fitting_good_ML_bad,insufficient_material_features,missing_additive_or_structure_annotation; possible_sintering_or_microstructure_effect,candidate hypothesis only; no causal mechanism proven,115,A,ML much worse than fitting; ZT_ML false positive; missing additive info and ML bad; missing structure info and ML bad; missing sintering info for high-ZT/error sample; manual review not checked
10.1063_1.3106102__sample_16672,10.1063/1.3106102,https://doi.org/10.1063/1.3106102,,16672,AgSbTe2,unknown,p,10,1,1,1,0.0934944674826916,0.7644596671913325,0.6709651997086409,0.2498007841896759,0.4147620192629776,0.1649612350733016,0.2478555532840344,0.4156729028387093,0.1678173495546748,0.2498007841897142,0.4147620192629356,0.1649612350732213,1.070998,0.5294711009650716,0.247932792095602,0.4236443981016899,unknown,no,no,ML_moderately_worse,primary DOI test sample aggregate,p,existing_step6_or_step15,high,unknown,auto_step9,unknown,unknown,auto_step9,unknown,unknown,,no,unknown,unknown,no,unknown,yes,yes,yes,yes,False,unknown,True,True,medium,0.0934944674826916,0.1089985459643659,p,existing_step6_or_step15,high,unknown,auto_step9,unknown,unknown,auto_step9,unknown,unknown,,no,unknown,unknown,no,not_checked,yes,yes,yes,yes,False,unknown,True,True,-0.1458919930006713,-1.0315956593346471,-0.8857036663339759,0.8857036663339759,0.4124238623627465,large_under_prediction,not_checked,no,100,A,observed high ZT missed; manual review required; sintering check required later,high observed ZT; high-ZT false negative; important candidate for paper; carried from Step14,True,True,True,True,True,both_good,material_system_out_of_distribution,missing_additive_or_structure_annotation; possible_sintering_or_microstructure_effect,candidate hypothesis only; no causal mechanism proven,90,A,observed high ZT; ZT_ML false negative; missing sintering info for high-ZT/error sample; manual review not checked
10.1063_1.3514145__sample_30212,10.1063/1.3514145,https://doi.org/10.1063/1.3514145,,30212,Er0.006(In0.52Al0.48As)0.5(In0.53Ga0.47As)0.5,unknown,p,16,0,0,0,0.3406634547304489,0.3420818871175558,0.0014184323871069,,,,,,,,,,1.332121,,,,unknown,no,no,not_evaluated,primary DOI test sample aggregate,p,,high,unknown,unknown,unknown,unknown,unknown,unknown,unknown,,no,unknown,unknown,no,unknown,,,,,False,unknown,True,True,medium,0.3406634547304489,0.4250501887359157,,,,,,,,,,,,,,,,,,,,,,,,,0.1641546895018665,-0.8120717034466202,-0.9762263929484868,0.9762263929484868,0.3767300510607319,large_under_prediction,unknown,no,50,B,insufficient ZT evaluation rows; manual review required; sintering check required later,high observed ZT; important candidate for paper,True,True,True,True,True,not_evaluable,not_evaluable,missing_additive_or_structure_annotation; possible_sintering_or_microstructure_effect,candidate hypothesis only; no causal mechanism proven,90,A,observed high ZT; ZT_ML false negative; missing sintering info for high-ZT/error sample; manual review not checked
10.1063_1.3643051__sample_1447,10.1063/1.3643051,https://doi.org/10.1063/1.3643051,,1447,Bi0.4Sb1.6Te3,unknown,p,8,8,1,1,0.0910545931997622,9.276751174851936,9.185696581652172,0.0856783376156454,10725.124985290366,10725.03930695275,0.9998897555268076,0.1776184341938591,-0.8222713213329484,0.1050420992388513,11802.929112624404,11802.824070525165,1.025057,7.207326142767771e-05,0.769878061110926,6.522218608442293e-05,unknown,no,no,ML_better_than_fitting,primary DOI test sample aggregate,p,existing_step6_or_step15,high,unknown,auto_step9,unknown,unknown,auto_step9,unknown,unknown,,no,unknown,unknown,no,unknown,yes,yes,yes,yes,False,unknown,True,True,medium,0.0910545931997622,0.1230803037819847,p,existing_step6_or_step15,high,unknown,auto_step9,unknown,unknown,auto_step9,unknown,unknown,,no,unknown,unknown,no,not_checked,yes,yes,yes,yes,False,unknown,True,True,-9.11620737338728,6.011428478179339e-05,9.116267487672062,9.116267487672062,9102.164193333276,large_over_prediction,not_checked,no,100,A,observed high ZT missed; manual review required; sintering check required later,high observed ZT; high-ZT false negative; important candidate for paper; carried from Step14,True,True,True,True,True,fitting_good_ML_bad,tau_eff_ML_prediction_error,missing_additive_or_structure_annotation; possible_sintering_or_microstructure_effect,candidate hypothesis only; no causal mechanism proven,90,A,observed high ZT; ZT_ML false negative; missing sintering info for high-ZT/error sample; manual review not checked
10.1063_1.3651484__sample_16625,10.1063/1.3651484,https://doi.org/10.1063/1.3651484,,16625,NiZr0.5Hf0.5Sn,unknown,n,37,20,3,11,0.25853965417272,1.195609061232964,0.937069407060244,0.2136234169376029,0.6943729096339484,0.4807494926963455,6.117158844179106,1.663156396286264,-4.454002447892842,0.2272138193178521,0.7027018866819362,0.4754880673640841,0.1380597,1.0938521333773037,0.3404062749617595,0.8715545516100048,unknown,no,no,ML_better_than_fitting,primary DOI test sample aggregate,n,,high,unknown,unknown,unknown,unknown,unknown,unknown,unknown,,no,unknown,unknown,no,unknown,,,,,False,unknown,True,False,medium,0.25853965417272,0.1553848283037988,,,,,,,,,,,,,,,,,,,,,,,,,1.3855555203474104,0.4978747615542342,-0.8876807587931761,0.8876807587931761,0.4116092677842211,large_under_prediction,unknown,no,85,A,large ZT error vs observed ZT; predicted high ZT false positive; manual review required; sintering check required later,high-ZT false positive; important candidate for paper; high predicted ZT; carried from Step14,True,True,True,True,True,fitting_good_ML_bad,insufficient_material_features,missing_additive_or_structure_annotation,candidate hypothesis only; no causal mechanism proven,10,low,manual review not checked
10.1063_1.4887504__sample_24346,10.1063/1.4887504,https://doi.org/10.1063/1.4887504,,24346,"Sb2Te3/poly(3,4-ethylenedioxythiophene)",unknown,p,10,7,7,7,0.1155856228405885,1.2915324764425975,1.175946853602009,0.0963878001266964,2.73547874126498,2.6390909411382832,0.1042207086922332,2.9670245132636,2.862803804571367,0.0963878001266851,2.7354787412646244,2.639090941137939,1.147905,1.2316903728898227,4.458165804807266,1.2662466909070835,unknown,no,no,ML_much_worse,primary DOI test sample aggregate,p,,high,unknown,unknown,unknown,unknown,unknown,unknown,unknown,,no,unknown,unknown,no,unknown,,,,,False,unknown,True,True,medium,0.1155856228405885,0.0889329213287896,,,,,,,,,,,,,,,,,,,,,,,,,-1.313037696945457,-0.0320133820272711,1.2810243149181857,1.2810243149181857,3.6003257047749817,large_over_prediction,unknown,no,65,B,manual review required; sintering check required later,high observed ZT; important candidate for paper; high predicted ZT,True,True,True,True,True,fitting_good_ML_bad,tau_eff_ML_prediction_error,missing_additive_or_structure_annotation; possible_sintering_or_microstructure_effect,candidate hypothesis only; no causal mechanism proven,120,A,ML much worse than fitting; observed high ZT; missing additive info and ML bad; missing structure info and ML bad; missing sintering info for high-ZT/error sample; manual review not checked
10.1063_1.4916238__sample_5419,10.1063/1.4916238,https://doi.org/10.1063/1.4916238,,5419,Yb0.15Co4Sb12,unknown,n,20,6,3,3,0.3459573562667952,2.269801846410421,1.9238444901436256,0.4230550605614971,10.982072230561467,10.559017169999972,0.7875982772580055,14.347086961316329,13.559488684058325,0.4713324335006963,11.423168632232326,10.951836198731629,0.4686347,0.35677835977862,3.362354336656735,0.4631505574698039,unknown,no,no,ML_much_worse,primary DOI test sample aggregate,n,,high,unknown,unknown,unknown,unknown,unknown,unknown,unknown,,no,unknown,unknown,no,unknown,,,,,False,unknown,True,True,medium,0.3459573562667952,0.4232829705806811,,,,,,,,,,,,,,,,,,,,,,,,,-1.8917139505084724,0.4332426047448079,2.32495655525328,2.32495655525328,10.2262357999159,large_over_prediction,unknown,no,0,low,no major issue,,True,True,True,True,True,fitting_good_ML_bad,tau_eff_ML_prediction_error,missing_additive_or_structure_annotation; possible_sintering_or_microstructure_effect,candidate hypothesis only; no causal mechanism proven,115,A,ML much worse than fitting; ZT_ML false positive; missing additive info and ML bad; missing structure info and ML bad; missing sintering info for high-ZT/error sample; manual review not checked
10.1063_1.4916238__sample_5421,10.1063/1.4916238,https://doi.org/10.1063/1.4916238,,5421,Yb0.15Co4Sb12,unknown,n,20,10,2,5,0.3414091526899163,1.6482647054607948,1.3068555527708785,0.3137308224167173,4.501587420405045,4.187856597988327,0.7312329039445538,6.435058662991168,5.703825759046614,0.4424836110245874,5.419657284254105,4.977173673229517,0.3302583,0.2480916254237933,1.2442855198790117,0.3280730083325042,unknown,no,no,ML_much_worse,primary DOI test sample aggregate,n,,high,unknown,unknown,unknown,unknown,unknown,unknown,unknown,,no,unknown,unknown,no,unknown,,,,,False,unknown,True,True,medium,0.3414091526899163,0.4467136158168355,,,,,,,,,,,,,,,,,,,,,,,,,-1.260950624777142,0.4332426047448079,1.69419322952195,1.69419322952195,5.442253544119752,large_over_prediction,unknown,no,10,low,no major issue,,True,True,True,True,True,fitting_good_ML_bad,tau_eff_ML_prediction_error,missing_additive_or_structure_annotation; possible_sintering_or_microstructure_effect,candidate hypothesis only; no causal mechanism proven,115,A,ML much worse than fitting; ZT_ML false positive; missing additive info and ML bad; missing structure info and ML bad; missing sintering info for high-ZT/error sample; manual review not checked
10.1063_1.4942890__sample_9344,10.1063/1.4942890,https://doi.org/10.1063/1.4942890,,9344,(SnSe0.95)0.999(BiCl3)0.001,unknown,n,15,15,14,15,0.3769587053444997,3.5837973617678767,3.206838656423377,0.342847238541015,37.095464050312216,36.752616811771205,0.2928398796736896,34.84601146857127,34.55317158889758,0.3428472385410798,37.09546405031073,36.75261681176965,0.594854,0.5506041893199071,19.436992925619663,0.5944321030818867,unknown,no,no,ML_much_worse,primary DOI test sample aggregate,n,,high,unknown,unknown,unknown,unknown,unknown,unknown,unknown,,no,unknown,unknown,no,unknown,,,,,False,unknown,True,True,medium,0.3769587053444997,0.3082979788879336,,,,,,,,,,,,,,,,,,,,,,,,,-3.572855570244913,1.1178899464506382,4.690745516695552,4.690745516695552,108.93436192787942,large_over_prediction,unknown,no,0,low,no major issue,,True,True,True,True,True,fitting_good_ML_bad,tau_eff_ML_prediction_error,missing_additive_or_structure_annotation; possible_sintering_or_microstructure_effect,candidate hypothesis only; no causal mechanism proven,115,A,ML much worse than fitting; ZT_ML false positive; missing additive info and ML bad; missing structure info and ML bad; missing sintering info for high-ZT/error sample; manual review not checked
10.1063_1.4942890__sample_9345,10.1063/1.4942890,https://doi.org/10.1063/1.4942890,,9345,(SnSe0.95)0.998(BiCl3)0.002,unknown,n,15,15,15,15,0.4016146622428875,3.42340566548628,3.021791003243393,0.374354978135458,31.64656948594337,31.272214507807917,0.3685124110823247,31.31721431122544,30.948701900143117,0.3743549781354137,31.646569485939715,31.2722145078043,0.6104312,0.5401018578653676,16.17988708658252,0.5987778855936262,unknown,no,no,ML_much_worse,primary DOI test sample aggregate,n,,high,unknown,unknown,unknown,unknown,unknown,unknown,unknown,,no,unknown,unknown,no,unknown,,,,,False,unknown,True,True,medium,0.4016146622428875,0.3401662375988819,,,,,,,,,,,,,,,,,,,,,,,,,-3.4087048549772594,1.1178899464506382,4.526594801427898,4.526594801427898,92.44323693771966,large_over_prediction,unknown,no,0,low,no major issue,,True,True,True,True,True,fitting_good_ML_bad,tau_eff_ML_prediction_error,missing_additive_or_structure_annotation; possible_sintering_or_microstructure_effect,candidate hypothesis only; no causal mechanism proven,115,A,ML much worse than fitting; ZT_ML false positive; missing additive info and ML bad; missing structure info and ML bad; missing sintering info for high-ZT/error sample; manual review not checked
10.1063_1.4942890__sample_9346,10.1063/1.4942890,https://doi.org/10.1063/1.4942890,,9346,(SnSe0.95)0.994(BiCl3)0.006,unknown,n,15,13,13,13,0.3686279097564553,3.3669488311340747,2.998320921377619,0.3356965408346888,31.39770970300142,31.06201316216673,0.3812547743797988,32.61486794710813,32.23361317272833,0.3356965408348512,31.39770970299767,31.062013162162817,0.6318498,0.5544306862184978,15.750861061749562,0.6282140905882563,unknown,no,no,ML_much_worse,primary DOI test sample aggregate,n,,high,unknown,unknown,unknown,unknown,unknown,unknown,unknown,,no,unknown,unknown,no,unknown,,,,,False,unknown,True,True,medium,0.3686279097564553,0.30831367246644,,,,,,,,,,,,,,,,,,,,,,,,,-3.355646907096824,1.1178899464506382,4.473536853547462,4.473536853547462,87.66623798102945,large_over_prediction,unknown,no,0,low,no major issue,,True,True,True,True,True,fitting_good_ML_bad,tau_eff_ML_prediction_error,missing_additive_or_structure_annotation; possible_sintering_or_microstructure_effect,candidate hypothesis only; no causal mechanism proven,115,A,ML much worse than fitting; ZT_ML false positive; missing additive info and ML bad; missing structure info and ML bad; missing sintering info for high-ZT/error sample; manual review not checked
10.1063_1.4942890__sample_9347,10.1063/1.4942890,https://doi.org/10.1063/1.4942890,,9347,(SnSe0.95)0.9986(BiCl3)0.004,unknown,n,15,14,14,14,0.3123956738426554,3.117023449679148,2.8046277758364924,0.277024673936972,22.91772312636937,22.6406984524324,0.31587084176669,23.885632796057727,23.56976195429104,0.2770246739369625,22.91772312636525,22.64069845242828,0.6795549,0.6519118031268386,14.490357318027456,0.6613137815375607,unknown,no,no,ML_much_worse,primary DOI test sample aggregate,n,,high,unknown,unknown,unknown,unknown,unknown,unknown,unknown,,no,unknown,unknown,no,unknown,,,,,False,unknown,True,True,medium,0.3123956738426554,0.2113314402017971,,,,,,,,,,,,,,,,,,,,,,,,,-3.1102678035571345,1.1178899464506382,4.228157750007773,4.228157750007773,68.59075439102648,large_over_prediction,unknown,no,0,low,no major issue,,True,True,True,True,True,fitting_good_ML_bad,tau_eff_ML_prediction_error,missing_additive_or_structure_annotation; possible_sintering_or_microstructure_effect,candidate hypothesis only; no causal mechanism proven,115,A,ML much worse than fitting; ZT_ML false positive; missing additive info and ML bad; missing structure info and ML bad; missing sintering info for high-ZT/error sample; manual review not checked
10.1063_1.4984914__sample_49635,10.1063/1.4984914,https://doi.org/10.1063/1.4984914,,49635,(Bi2Te3)0.25(Sb2Te3)0.75,unknown,p,9,9,5,5,0.1054896431967274,0.1559973246616619,0.0505076814649344,0.0984420989782146,0.1092279247830815,0.0107858258048668,0.0933960119163608,0.1104654005829052,0.0170693886665443,0.091670496252927,0.1107711946677759,0.0191006984148489,1.124518,1.1306869039590322,1.0079344905480303,1.123299336865594,unknown,no,no,ML_close_to_fitting,primary DOI test sample aggregate,p,,high,unknown,unknown,unknown,unknown,unknown,unknown,unknown,,no,unknown,unknown,no,unknown,,,,,False,unknown,True,True,medium,0.1054896431967274,0.1570019957391916,,,,,,,,,,,,,,,,,,,,,,,,,0.2750190738343236,6.011428478179339e-05,-0.2749589595495418,0.2749589595495418,0.7596032970467503,moderate_error,unknown,no,65,B,manual review required; sintering check required later,high observed ZT; important candidate for paper; high predicted ZT,True,True,True,True,True,both_good,material_system_out_of_distribution,missing_additive_or_structure_annotation; possible_sintering_or_microstructure_effect,candidate hypothesis only; no causal mechanism proven,60,B,observed high ZT; missing sintering info for high-ZT/error sample; manual review not checked
10.1063_1.4984914__sample_49636,10.1063/1.4984914,https://doi.org/10.1063/1.4984914,,49636,((Bi2Te3)0.25(Sb2Te3)0.75)90.01(ZrO2)9.99,unknown,p,9,9,5,5,0.0810545770853593,0.2427685409569993,0.1617139638716399,0.0751330215819,0.2612514206373667,0.1861183990554666,0.076816133723996,0.2301352924603941,0.1533191587363981,0.068396684554377,0.2649119089020784,0.1965152243477014,1.349766,1.254411876649966,1.576968917208926,1.3433030663700958,unknown,no,no,ML_moderately_worse,primary DOI test sample aggregate,p,,high,unknown,unknown,unknown,unknown,unknown,unknown,unknown,,no,unknown,unknown,no,unknown,,,,,False,unknown,True,True,medium,0.081054577085359,0.0658710743356753,,,,,,,,,,,,,,,,,,,,,,,,,-0.0520203909600331,0.1860866036005229,0.238106994560556,0.238106994560556,1.268844945069717,good,unknown,no,65,B,manual review required; sintering check required later,high observed ZT; important candidate for paper; high predicted ZT,True,True,True,True,True,both_good,material_system_out_of_distribution,missing_additive_or_structure_annotation; possible_sintering_or_microstructure_effect,candidate hypothesis only; no causal mechanism proven,60,B,observed high ZT; missing sintering info for high-ZT/error sample; manual review not checked
10.1063_1.4984914__sample_49637,10.1063/1.4984914,https://doi.org/10.1063/1.4984914,,49637,((Bi2Te3)0.25(Sb2Te3)0.75)81.53(ZrO2)18.47,unknown,p,9,9,5,5,0.0430425977798843,0.363489517486069,0.3204469197061847,0.0326709781123821,0.4359848190107738,0.4033138408983917,0.0570178109135417,0.5096281178025815,0.4526103068890398,0.0312950203835028,0.4276287541887951,0.3963337338052923,1.269719,1.2545863379771864,1.7999123763750875,1.2579880806914845,unknown,no,no,ML_moderately_worse,primary DOI test sample aggregate,p,,high,unknown,unknown,unknown,unknown,unknown,unknown,unknown,,no,unknown,unknown,no,unknown,,,,,False,unknown,True,True,medium,0.0430425977798843,0.073244137291358,,,,,,,,,,,,,,,,,,,,,,,,,-0.1841147086610903,0.1860866036005229,0.3702013122616132,0.3702013122616132,1.4480260907306868,moderate_error,unknown,no,65,B,manual review required; sintering check required later,high observed ZT; important candidate for paper; high predicted ZT,True,True,True,True,True,not_evaluable,not_evaluable,missing_additive_or_structure_annotation; possible_sintering_or_microstructure_effect,candidate hypothesis only; no causal mechanism proven,60,B,observed high ZT; missing sintering info for high-ZT/error sample; manual review not checked
10.1063_1.4984914__sample_49638,10.1063/1.4984914,https://doi.org/10.1063/1.4984914,,49638,((Bi2Te3)0.25(Sb2Te3)0.75)74.24(ZrO2)25.76,unknown,p,9,9,5,5,0.0363964323090201,0.4759948875827196,0.4395984552736994,0.0284310459351062,0.6084482349384395,0.5800171890033332,0.0172363938559232,0.6129447773152711,0.5957083834593478,0.0159813768183781,0.607771527776162,0.5917901509577838,0.9121422,0.885914059795306,1.423994584235576,0.9022129039984566,unknown,no,no,ML_much_worse,primary DOI test sample aggregate,p,,high,unknown,unknown,unknown,unknown,unknown,unknown,unknown,,no,unknown,unknown,no,unknown,,,,,False,unknown,True,True,medium,0.0363964323090201,0.0169983843001434,,,,,,,,,,,,,,,,,,,,,,,,,-0.2977839726445336,0.1860866036005229,0.4838705762450566,0.4838705762450566,1.6223416625143876,moderate_error,unknown,no,0,low,no major issue,,True,True,True,True,True,both_poor,missing_additive_or_structure_annotation,possible_sintering_or_microstructure_effect,candidate hypothesis only; no causal mechanism proven,115,A,ML much worse than fitting; ZT_ML false positive; missing additive info and ML bad; missing structure info and ML bad; missing sintering info for high-ZT/error sample; manual review not checked
10.1080_21870764.2020.1723197__sample_35631,10.1080/21870764.2020.1723197,https://doi.org/10.1080/21870764.2020.1723197,,35631,Bi2Te3,unknown,p,5,5,5,5,0.3552864102432637,0.6314781546668575,0.2761917444235938,0.3182798724840324,0.374415454007395,0.0561355815233626,0.3231036026725966,0.3775951633467846,0.0544915606741879,0.3182798724840284,0.3744154540073947,0.0561355815233663,1.595056,1.0046015517331923,0.5960331301015852,1.59168857187017,unknown,no,no,ML_close_to_fitting,primary DOI test sample aggregate,p,,high,unknown,unknown,unknown,unknown,unknown,unknown,unknown,,no,unknown,unknown,no,unknown,,,,,False,unknown,True,True,low,0.3552864102432637,,,,,,,,,,,,,,,,,,,,,,,,,,0.4043073736404572,-0.6864095275125219,-1.0907169011529791,1.0907169011529791,0.3359755460928749,large_under_prediction,unknown,no,65,B,manual review required; sintering check required later,high observed ZT; important candidate for paper; high predicted ZT,True,True,True,True,True,both_good,material_system_out_of_distribution,missing_additive_or_structure_annotation; possible_sintering_or_microstructure_effect; tau_eff_ML_prediction_error,candidate hypothesis only; no causal mechanism proven,90,A,observed high ZT; ZT_ML false negative; missing sintering info for high-ZT/error sample; manual review not checked
10.1080_21870764.2020.1723197__sample_35632,10.1080/21870764.2020.1723197,https://doi.org/10.1080/21870764.2020.1723197,,35632,Bi2Te3,unknown,p,5,5,5,5,0.3182779997161392,0.6902363123604416,0.3719583126443023,0.2900888858551499,0.4294654979537,0.1393766120985501,0.2880252578188496,0.4300639579021155,0.1420387000832659,0.2900888858551421,0.4294654979537015,0.1393766120985593,1.670562,1.1165207133874795,0.6051630366942045,1.6749155743950026,unknown,no,no,ML_moderately_worse,primary DOI test sample aggregate,p,,high,unknown,unknown,unknown,unknown,unknown,unknown,unknown,,no,unknown,unknown,no,unknown,,,,,False,unknown,True,True,low,0.3182779997161392,,,,,,,,,,,,,,,,,,,,,,,,,,0.4947320699500739,-0.6864095275125219,-1.1811415974625958,1.1811415974625958,0.3069281501263663,large_under_prediction,unknown,no,65,B,manual review required; sintering check required later,high observed ZT; important candidate for paper; high predicted ZT,True,True,True,True,True,both_good,material_system_out_of_distribution,missing_additive_or_structure_annotation; possible_sintering_or_microstructure_effect; tau_eff_ML_prediction_error,candidate hypothesis only; no causal mechanism proven,90,A,observed high ZT; ZT_ML false negative; missing sintering info for high-ZT/error sample; manual review not checked
10.1088_0022-3727_41_20_205403__sample_30432,10.1088/0022-3727/41/20/205403,https://doi.org/10.1088/0022-3727/41/20/205403,,30432,Yb0.14Co4Sb12,unknown,n,11,4,0,1,0.0586284647461733,0.2331792588674475,0.1745507941212741,0.0452792825651125,0.2339361507609175,0.1886568681958049,,,,0.063056369011116,0.1741638506960393,0.1111074816849232,0.8347106,0.8582878692001243,1.0755936175606202,0.9160507001838056,unknown,no,no,not_evaluated,primary DOI test sample aggregate,n,,high,unknown,unknown,unknown,unknown,unknown,unknown,unknown,,no,unknown,unknown,no,unknown,,,,,False,unknown,True,True,medium,0.0586284647461733,0.1111006749830037,,,,,,,,,,,,,,,,,,,,,,,,,0.1258795690566434,0.4332426047448079,0.3073630356881645,0.3073630356881645,1.3598345469437263,moderate_error,unknown,no,10,low,insufficient ZT evaluation rows,,True,True,True,True,True,not_evaluable,not_evaluable,missing_additive_or_structure_annotation,candidate hypothesis only; no causal mechanism proven,35,C,ZT_ML false positive; manual review not checked
10.1088_0022-3727_41_20_205403__sample_30434,10.1088/0022-3727/41/20/205403,https://doi.org/10.1088/0022-3727/41/20/205403,,30434,Yb0.12Co4Sb12,unknown,n,11,4,1,1,0.0564345510898737,0.3065631521688396,0.2501286010789658,0.0647923928112597,0.3853295763353416,0.3205371835240819,0.1936663700380112,0.6134156907383556,0.4197493207003443,0.036645388546798,0.4011787360313272,0.3645333474845292,0.7520755,0.8977272320795223,1.213410412319894,0.8659925968879141,unknown,no,no,ML_moderately_worse,primary DOI test sample aggregate,n,,high,unknown,unknown,unknown,unknown,unknown,unknown,unknown,,no,unknown,unknown,no,unknown,,,,,False,unknown,True,True,medium,0.0564345510898737,0.0927531371275871,,,,,,,,,,,,,,,,,,,,,,,,,0.0502440795982795,0.4332426047448079,0.3829985251465284,0.3829985251465284,1.466675866934809,moderate_error,unknown,no,10,low,no major issue,,True,True,True,True,True,not_evaluable,not_evaluable,missing_additive_or_structure_annotation,candidate hypothesis only; no causal mechanism proven,35,C,ZT_ML false positive; manual review not checked
10.1088_0022-3727_42_1_015406__sample_15573,10.1088/0022-3727/42/1/015406,https://doi.org/10.1088/0022-3727/42/1/015406,,15573,PbTe,unknown,n,14,14,1,1,0.0838703883211876,0.7820189629246245,0.6981485746034368,0.066544454212416,1.183806908446077,1.1172624542336609,0.0993444988056155,0.959865838092844,0.8605213392872285,0.1257399839230337,0.9024281058046236,0.77668812188159,0.731482,0.6588132873246707,1.4336065829798297,0.7535667595561999,unknown,no,no,ML_much_worse,primary DOI test sample aggregate,n,,high,unknown,unknown,unknown,unknown,unknown,unknown,unknown,,no,unknown,unknown,no,unknown,,,,,False,unknown,True,True,medium,0.0838703883211876,0.1394648889846714,,,,,,,,,,,,,,,,,,,,,,,,,-1.4120486933878025,-0.7589694067725851,0.6530792866152174,0.6530792866152174,1.9214484191632355,large_over_prediction,unknown,no,10,low,no major issue,,True,True,True,True,True,both_poor,missing_additive_or_structure_annotation,possible_sintering_or_microstructure_effect,candidate hypothesis only; no causal mechanism proven,115,A,ML much worse than fitting; ZT_ML false positive; missing additive info and ML bad; missing structure info and ML bad; missing sintering info for high-ZT/error sample; manual review not checked
10.1088_0022-3727_42_1_015406__sample_15574,10.1088/0022-3727/42/1/015406,https://doi.org/10.1088/0022-3727/42/1/015406,,15574,PbTe,unknown,n,14,14,1,1,0.1614605886354934,0.8361508628958293,0.6746902742603359,0.1390338238093147,1.3014819911881763,1.1624481673788618,0.2226236806871615,0.7657632644975663,0.5431395838104047,0.2212795046197813,0.7688164790885315,0.5475369744687502,0.8351803,0.6492493875765922,1.4747306929720567,0.8337386667338057,unknown,no,no,ML_much_worse,primary DOI test sample aggregate,n,,high,unknown,unknown,unknown,unknown,unknown,unknown,unknown,,no,unknown,unknown,no,unknown,,,,,False,unknown,True,True,medium,0.1614605886354934,0.2791261179627167,,,,,,,,,,,,,,,,,,,,,,,,,-1.454953990140364,-0.7589694067725851,0.695984583367779,0.695984583367779,2.005682864090272,large_over_prediction,unknown,no,10,low,no major issue,,True,True,True,True,True,both_poor,missing_additive_or_structure_annotation,possible_sintering_or_microstructure_effect,candidate hypothesis only; no causal mechanism proven,115,A,ML much worse than fitting; ZT_ML false positive; missing additive info and ML bad; missing structure info and ML bad; missing sintering info for high-ZT/error sample; manual review not checked
10.1088_0022-3727_42_1_015406__sample_15575,10.1088/0022-3727/42/1/015406,https://doi.org/10.1088/0022-3727/42/1/015406,,15575,PbTe,unknown,n,14,14,1,1,0.0712543791893312,0.652112903123526,0.5808585239341948,0.0612059633061551,0.9170111076475128,0.8558051443413576,0.1100666079685224,0.7016522322428606,0.5915856242743381,0.1050468307404174,0.7112506080337362,0.6062037772933188,0.709187,0.6311291924946275,1.2067896416276176,0.7052091820813112,unknown,no,no,ML_much_worse,primary DOI test sample aggregate,n,,high,unknown,unknown,unknown,unknown,unknown,unknown,unknown,,no,unknown,unknown,no,unknown,,,,,False,unknown,True,True,medium,0.0712543791893312,0.1092936982451635,,,,,,,,,,,,,,,,,,,,,,,,,-1.2827485661983526,-0.7589694067725851,0.5237791594257676,0.5237791594257676,1.6883963268890547,large_over_prediction,unknown,no,10,low,no major issue,,True,True,True,True,True,both_poor,missing_additive_or_structure_annotation,possible_sintering_or_microstructure_effect,candidate hypothesis only; no causal mechanism proven,115,A,ML much worse than fitting; ZT_ML false positive; missing additive info and ML bad; missing structure info and ML bad; missing sintering info for high-ZT/error sample; manual review not checked
10.1088_0953-8984_25_7_075804__sample_9461,10.1088/0953-8984/25/7/075804,https://doi.org/10.1088/0953-8984/25/7/075804,,9461,GeBi4Te7,unknown,n,96,93,47,92,0.5889311323770261,1.5188219094465345,0.9298907770695082,0.5228061283019848,3.6986694475217377,3.175863319219753,0.5439193685228237,4.421727107205203,3.877807738682379,0.5214877213304578,3.734054581047133,3.2125668597166754,0.1086003,0.259275760987592,1.0514075900425863,0.1184680129239307,unknown,no,no,ML_much_worse,primary DOI test sample aggregate,n,,high,unknown,unknown,unknown,unknown,unknown,unknown,unknown,,no,unknown,unknown,no,unknown,,,,,False,unknown,True,True,low,0.5889311323770261,0.8040438114028864,,,,,,,,,,,,,,,,,,,,,,,,,-1.1839329407079515,-0.2677352589505173,0.9161976817574342,0.9161976817574342,2.4997673855307685,large_over_prediction,unknown,no,0,low,no major issue,,True,True,True,True,True,both_poor,missing_additive_or_structure_annotation,possible_sintering_or_microstructure_effect,candidate hypothesis only; no causal mechanism proven,115,A,ML much worse than fitting; ZT_ML false positive; missing additive info and ML bad; missing structure info and ML bad; missing sintering info for high-ZT/error sample; manual review not checked
10.1088_0953-8984_25_7_075804__sample_9466,10.1088/0953-8984/25/7/075804,https://doi.org/10.1088/0953-8984/25/7/075804,,9466,GeBi3SbTe7,unknown,p,113,96,40,93,0.1681990805562117,1.2002903681571948,1.0320912876009831,0.1101272192452081,2.348367037868675,2.238239818623467,0.1247990868746914,2.461023755217313,2.336224668342622,0.1130208592413633,2.3524107327506933,2.23938987350933,0.1878583,0.431254092707386,1.4153673107053089,0.1927949794222815,unknown,no,no,ML_much_worse,primary DOI test sample aggregate,p,,high,unknown,unknown,unknown,unknown,unknown,unknown,unknown,,no,unknown,unknown,no,unknown,,,,,False,unknown,True,True,medium,0.1681990805562117,0.3501957894082959,,,,,,,,,,,,,,,,,,,,,,,,,-0.7670227927303866,-0.0627598169293474,0.7042629758010392,0.7042629758010392,2.0223556104870406,large_over_prediction,unknown,no,0,low,no major issue,,True,True,True,True,True,fitting_good_ML_bad,insufficient_material_features,missing_additive_or_structure_annotation; possible_sintering_or_microstructure_effect,candidate hypothesis only; no causal mechanism proven,115,A,ML much worse than fitting; ZT_ML false positive; missing additive info and ML bad; missing structure info and ML bad; missing sintering info for high-ZT/error sample; manual review not checked
10.1088_0957-4484_23_41_415604__sample_29811,10.1088/0957-4484/23/41/415604,https://doi.org/10.1088/0957-4484/23/41/415604,,29811,Bi0.5Sb1.5Te3,unknown,p,7,7,7,7,0.1252829252565599,0.1595942978416349,0.0343113725850749,0.1103502618541858,0.105320225527531,-0.0050300363266548,0.1100281348744918,0.1079050093808397,-0.002123125493652,0.1103502618541744,0.105320225527518,-0.0050300363266563,1.003472,0.885142613202963,0.8018187313118927,0.9988721180525814,unknown,no,no,ML_close_to_fitting,primary DOI test sample aggregate,p,,high,unknown,unknown,unknown,unknown,unknown,unknown,unknown,,no,unknown,unknown,no,unknown,,,,,False,unknown,True,True,medium,0.1252829252565599,0.1840281182446078,,,,,,,,,,,,,,,,,,,,,,,,,0.2589631395616109,6.011428478179339e-05,-0.258903025276829,0.258903025276829,0.7718978739969667,moderate_error,unknown,no,90,A,observed high ZT missed; manual review required; sintering check required later,high observed ZT; high-ZT false negative; important candidate for paper; carried from Step14,True,True,True,True,True,both_good,material_system_out_of_distribution,missing_additive_or_structure_annotation; possible_sintering_or_microstructure_effect,candidate hypothesis only; no causal mechanism proven,90,A,observed high ZT; ZT_ML false negative; missing sintering info for high-ZT/error sample; manual review not checked
10.1088_0957-4484_23_41_415604__sample_29812,10.1088/0957-4484/23/41/415604,https://doi.org/10.1088/0957-4484/23/41/415604,,29812,Bi0.5Sb1.5Te3,unknown,p,7,7,7,7,0.1633588833978428,0.2084040464079793,0.0450451630101365,0.1426792814371628,0.1517043311314277,0.0090250496942648,0.1406141095591108,0.1477809626010031,0.0071668530418922,0.1426792814371538,0.1517043311314269,0.009025049694273,1.36219,1.2695026862616663,1.1154059628238693,1.3606273399853817,unknown,no,no,ML_close_to_fitting,primary DOI test sample aggregate,p,,high,unknown,unknown,unknown,unknown,unknown,unknown,unknown,,no,unknown,unknown,no,unknown,,,,,False,unknown,True,True,medium,0.1633588833978428,0.2828701836405793,,,,,,,,,,,,,,,,,,,,,,,,,0.2895037314806465,6.011428478179339e-05,-0.2894436171958647,0.2894436171958647,0.7486800043989269,moderate_error,unknown,no,65,B,manual review required; sintering check required later,high observed ZT; important candidate for paper; high predicted ZT,True,True,True,True,True,both_good,material_system_out_of_distribution,missing_additive_or_structure_annotation; possible_sintering_or_microstructure_effect,candidate hypothesis only; no causal mechanism proven,60,B,observed high ZT; missing sintering info for high-ZT/error sample; manual review not checked
10.1109_ict.2007.4569455__sample_5194,10.1109/ict.2007.4569455,https://doi.org/10.1109/ict.2007.4569455,,5194,Ba0.125Yb0.125(Ir0.05Co0.95)4Sb12,unknown,n,21,1,0,0,0.101637931126183,0.1376277213486784,0.0359897902224953,0.0138851901158353,0.0759660356267694,0.062080845510934,,,,,,,1.024414,,,,unknown,no,no,not_evaluated,primary DOI test sample aggregate,n,,high,unknown,unknown,unknown,unknown,unknown,unknown,unknown,,no,unknown,unknown,no,unknown,,,,,False,unknown,True,True,medium,0.101637931126183,0.2061019319061695,,,,,,,,,,,,,,,,,,,,,,,,,0.6585699318427912,1.0523259772422586,0.3937560453994674,0.3937560453994674,1.482538832386742,moderate_error,unknown,no,50,B,insufficient ZT evaluation rows; manual review required; sintering check required later,high observed ZT; important candidate for paper,True,True,True,True,True,not_evaluable,not_evaluable,missing_additive_or_structure_annotation; possible_sintering_or_microstructure_effect,candidate hypothesis only; no causal mechanism proven,90,A,observed high ZT; ZT_ML false negative; missing sintering info for high-ZT/error sample; manual review not checked
10.1111_ijac.12476__sample_16970,10.1111/ijac.12476,https://doi.org/10.1111/ijac.12476,,16970,(GeTe)90(AgSbTe2)10,unknown,p,5,5,5,5,0.1302413113671092,1.7155844390156914,1.585343127648582,0.1005645792638885,0.8177339251377411,0.7171693458738526,0.1166749258029605,0.8152182040142488,0.6985432782112883,0.1005645792639034,0.8177339251376996,0.7171693458737961,1.104396,1.0897383346777,0.1969715552912662,1.0980840399365537,unknown,no,no,ML_much_worse,primary DOI test sample aggregate,p,,high,unknown,unknown,unknown,unknown,unknown,unknown,unknown,,no,unknown,unknown,no,unknown,,,,,False,unknown,True,True,low,0.1302413113671092,,,,,,,,,,,,,,,,,,,,,,,,,,1.7862776316226117,0.1335194910940272,-1.6527581405285845,1.6527581405285845,0.1915209378075338,large_under_prediction,unknown,no,65,B,manual review required; sintering check required later,high observed ZT; important candidate for paper; high predicted ZT,True,True,True,True,True,fitting_good_ML_bad,tau_eff_ML_prediction_error,missing_additive_or_structure_annotation; possible_sintering_or_microstructure_effect,candidate hypothesis only; no causal mechanism proven,150,A,ML much worse than fitting; observed high ZT; ZT_ML false negative; missing additive info and ML bad; missing structure info and ML bad; missing sintering info for high-ZT/error sample; manual review not checked
10.1126_science.1156446__sample_9107,10.1126/science.1156446,https://doi.org/10.1126/science.1156446,,9107,Bi8Sb44Te48,unknown,p,11,11,11,11,0.1749025361357467,0.3700728601880095,0.1951703240522628,0.159621728132543,0.2670651680283352,0.1074434398957921,0.1617299553868561,0.2647308293155699,0.1030008739287137,0.1596217281325434,0.2670651680283381,0.1074434398957946,1.430189,1.4970387059232682,1.080426115390007,1.4320870414752211,unknown,no,no,ML_moderately_worse,primary DOI test sample aggregate,p,,high,unknown,unknown,unknown,unknown,unknown,unknown,unknown,,no,unknown,unknown,no,unknown,,,,,False,unknown,True,True,medium,0.1749025361357467,0.3076596515948837,,,,,,,,,,,,,,,,,,,,,,,,,0.4862303703409881,6.011428478179339e-05,-0.4861702560562063,0.4861702560562063,0.6149770948249917,moderate_error,unknown,no,65,B,manual review required; sintering check required later,high observed ZT; important candidate for paper; high predicted ZT,True,True,True,True,True,both_good,material_system_out_of_distribution,missing_additive_or_structure_annotation; possible_sintering_or_microstructure_effect,candidate hypothesis only; no causal mechanism proven,60,B,observed high ZT; missing sintering info for high-ZT/error sample; manual review not checked
10.1126_science.1156446__sample_9108,10.1126/science.1156446,https://doi.org/10.1126/science.1156446,,9108,BiSbTe alloy,unknown,p,16,16,16,16,0.1439532905647265,1.2069304576541022,1.0629771670893755,0.134398513636349,0.6951391002418947,0.5607405866055457,0.1305130541195751,0.6956401822673877,0.5651271281478125,0.1343985136363368,0.6951391002418834,0.5607405866055466,1.050943,0.9361061751833102,0.2824252781106379,1.051366701716796,unknown,no,no,ML_much_worse,primary DOI test sample aggregate,p,,high,unknown,unknown,unknown,unknown,unknown,unknown,unknown,,no,unknown,unknown,no,unknown,,,,,False,unknown,True,True,medium,0.1439532905647265,0.2488324039092194,,,,,,,,,,,,,,,,,,,,,,,,,0.2927470361373219,-1.2660273083440652,-1.558774344481387,1.558774344481387,0.2103937835371032,large_under_prediction,unknown,no,90,A,observed high ZT missed; manual review required; sintering check required later,high observed ZT; high-ZT false negative; important candidate for paper; carried from Step14,True,True,True,True,True,fitting_good_ML_bad,tau_eff_ML_prediction_error,missing_additive_or_structure_annotation; possible_sintering_or_microstructure_effect,candidate hypothesis only; no causal mechanism proven,150,A,ML much worse than fitting; observed high ZT; ZT_ML false negative; missing additive info and ML bad; missing structure info and ML bad; missing sintering info for high-ZT/error sample; manual review not checked
10.1134_s0020168511050104__sample_6896,10.1134/s0020168511050104,https://doi.org/10.1134/s0020168511050104,,6896,Bi2Te2.82Se0.18,unknown,n,10,9,0,9,0.6050813863306993,1.353929172137203,0.748847785806504,0.4332943856088848,0.6869183365592485,0.2536239509503637,,,,0.4332943856088794,0.6869183365592398,0.2536239509503604,,1.4022977687803866,0.4176607008635068,0.8629407044258206,unknown,no,no,not_evaluated,primary DOI test sample aggregate,n,,high,unknown,unknown,unknown,unknown,unknown,unknown,unknown,,no,unknown,unknown,no,unknown,,,,,False,unknown,True,True,low,0.6050813863306993,0.8253432814956395,,,,,,,,,,,,,,,,,,,,,,,,,1.0387620326326092,0.0434032168861993,-0.99535881574641,0.99535881574641,0.369590805748207,large_under_prediction,unknown,no,35,C,insufficient ZT evaluation rows; sintering check required later,high predicted ZT,True,True,True,True,True,not_evaluable,not_evaluable,missing_additive_or_structure_annotation,candidate hypothesis only; no causal mechanism proven,10,low,manual review not checked
10.1134_s0020168511050104__sample_6897,10.1134/s0020168511050104,https://doi.org/10.1134/s0020168511050104,,6897,Bi2Te2.82Se0.18,unknown,n,21,21,0,20,0.5801356622678353,0.8379820659271686,0.2578464036593333,0.4944723769473296,0.3963826589466649,-0.0980897180006646,,,,0.4930034677965226,0.4078212572819903,-0.0851822105145322,,1.775096067925708,0.9696298482337196,0.8772872848825074,unknown,no,no,not_evaluated,primary DOI test sample aggregate,n,,high,unknown,unknown,unknown,unknown,unknown,unknown,unknown,,no,unknown,unknown,no,unknown,,,,,False,unknown,True,True,low,0.5801356622678353,0.8136059378005456,,,,,,,,,,,,,,,,,,,,,,,,,0.4322594058040248,0.0434032168861993,-0.3888561889178255,0.3888561889178255,0.6778317427214283,moderate_error,unknown,no,35,C,insufficient ZT evaluation rows; sintering check required later,high predicted ZT,True,True,True,True,True,not_evaluable,not_evaluable,missing_additive_or_structure_annotation,candidate hypothesis only; no causal mechanism proven,10,low,manual review not checked
10.1134_s0020168511050104__sample_6898,10.1134/s0020168511050104,https://doi.org/10.1134/s0020168511050104,,6898,Bi2Te2.82Se0.18,unknown,n,18,18,0,18,0.5944255307485671,0.780368986492935,0.1859434557443678,0.461137271522218,1.0691040324720258,0.6079667609498077,,,,0.4611372715222135,1.0691040324720038,0.6079667609497903,,1.0423558033262794,1.7282096715386803,0.6178617763406163,unknown,no,no,not_evaluated,primary DOI test sample aggregate,n,,high,unknown,unknown,unknown,unknown,unknown,unknown,unknown,,no,unknown,unknown,no,unknown,,,,,False,unknown,True,True,medium,0.5944255307485671,0.7253958195425757,,,,,,,,,,,,,,,,,,,,,,,,,-0.6780386722505981,0.0434032168861993,0.7214418891367974,0.7214418891367974,2.0573976122282183,large_over_prediction,unknown,no,35,C,insufficient ZT evaluation rows; sintering check required later,high predicted ZT,True,True,True,True,True,not_evaluable,not_evaluable,missing_additive_or_structure_annotation,candidate hypothesis only; no causal mechanism proven,35,C,ZT_ML false positive; manual review not checked
10.1134_s0020168520080063__sample_41824,10.1134/s0020168520080063,https://doi.org/10.1134/s0020168520080063,,41824,PbTe0.96I0.04,unknown,n,11,11,10,11,0.5737359040853481,0.5813740092319936,0.0076381051466454,0.5302468387668678,0.5914200667203523,0.0611732279534844,0.5378527456996949,0.5908220357703273,0.0529692900706324,0.5302468387668449,0.5914200667203351,0.0611732279534902,0.9004752,1.5542462330203386,1.7073128859588529,0.9074614499694204,unknown,no,no,ML_close_to_fitting,primary DOI test sample aggregate,n,,high,unknown,unknown,unknown,unknown,unknown,unknown,unknown,,no,unknown,unknown,no,unknown,,,,,False,unknown,True,True,low,0.5737359040853481,0.8966790291688135,,,,,,,,,,,,,,,,,,,,,,,,,-0.150891456172152,0.201967999884602,0.352859456056754,0.352859456056754,1.4231311169187455,moderate_error,unknown,no,65,B,predicted high ZT false positive; manual review required; sintering check required later,high-ZT false positive; important candidate for paper; high predicted ZT; carried from Step14,True,True,True,True,True,not_evaluable,not_evaluable,missing_additive_or_structure_annotation,candidate hypothesis only; no causal mechanism proven,35,C,ZT_ML false positive; manual review not checked
10.1134_s0020168520080063__sample_41825,10.1134/s0020168520080063,https://doi.org/10.1134/s0020168520080063,,41825,PbTe0.96I0.04,unknown,n,8,8,2,5,0.4603168767279019,0.4778177499026601,0.0175008731747581,0.4451845754704576,0.3916448935708873,-0.0535396818995703,0.5560655679155504,0.4891908933156111,-0.0668746745999392,0.4735496096401513,0.4406514368577578,-0.0328981727823934,1.338657,2.473430308157221,2.175965662713175,1.2250257549787873,unknown,no,no,ML_close_to_fitting,primary DOI test sample aggregate,n,,high,unknown,unknown,unknown,unknown,unknown,unknown,unknown,,no,unknown,unknown,no,unknown,,,,,False,unknown,True,True,medium,0.4603168767279019,0.7777948989692827,,,,,,,,,,,,,,,,,,,,,,,,,0.0711720031859584,0.201967999884602,0.1307959966986436,0.1307959966986436,1.1397352478407672,good,unknown,no,75,B,manual review required; sintering check required later,high observed ZT; important candidate for paper; high predicted ZT,True,True,True,True,True,not_evaluable,not_evaluable,missing_additive_or_structure_annotation; possible_sintering_or_microstructure_effect,candidate hypothesis only; no causal mechanism proven,60,B,observed high ZT; missing sintering info for high-ZT/error sample; manual review not checked
10.1134_s1063782614040095__sample_17145,10.1134/s1063782614040095,https://doi.org/10.1134/s1063782614040095,,17145,Zn0.97Cd0.03Sb(ZnSn)0.025,unknown,p,8,4,1,3,0.0452010570683777,0.725379730455504,0.6801786733871262,0.029196947653862,1.0456686651049898,1.0164717174511275,0.1003773021966766,0.855566816933484,0.7551895147368074,0.0297313125629678,1.0210512739755833,0.9913199614126156,0.7179902,0.6253125069521932,1.2897730803671277,0.656544351364251,unknown,no,no,ML_much_worse,primary DOI test sample aggregate,p,,high,unknown,unknown,unknown,unknown,unknown,unknown,unknown,,no,unknown,unknown,no,unknown,,,,,False,unknown,True,True,medium,0.0452010570683777,0.0910212328169105,,,,,,,,,,,,,,,,,,,,,,,,,-0.3442412044873679,-0.127844118304559,0.2163970861828088,0.2163970861828088,1.2415953014666976,good,unknown,no,10,low,no major issue,,True,True,True,True,True,both_poor,missing_additive_or_structure_annotation,possible_sintering_or_microstructure_effect,candidate hypothesis only; no causal mechanism proven,115,A,ML much worse than fitting; ZT_ML false positive; missing additive info and ML bad; missing structure info and ML bad; missing sintering info for high-ZT/error sample; manual review not checked
10.1134_s1063782614040095__sample_17148,10.1134/s1063782614040095,https://doi.org/10.1134/s1063782614040095,,17148,Zn0.97Cd0.03Sb,unknown,p,8,4,3,4,0.210174641782611,0.5709087220013118,0.3607340802187008,0.1996577285186769,0.8053217312089034,0.6056640026902265,0.1844214135235935,0.7338523424732618,0.5494309289496683,0.1996577285186669,0.805321731208871,0.605664002690204,0.9187156,0.7703318151425355,1.3098072180857705,0.9551946106055782,unknown,no,no,ML_much_worse,primary DOI test sample aggregate,p,,high,unknown,unknown,unknown,unknown,unknown,unknown,unknown,,no,unknown,unknown,no,unknown,,,,,False,unknown,True,True,medium,0.2101746417826111,0.2518603350584589,,,,,,,,,,,,,,,,,,,,,,,,,-0.1510850580113147,-0.127844118304559,0.0232409397067556,0.0232409397067556,1.0235131147908796,good,unknown,no,0,low,no major issue,,True,True,True,True,True,both_poor,missing_additive_or_structure_annotation,possible_sintering_or_microstructure_effect,candidate hypothesis only; no causal mechanism proven,115,A,ML much worse than fitting; ZT_ML false positive; missing additive info and ML bad; missing structure info and ML bad; missing sintering info for high-ZT/error sample; manual review not checked
10.1134_s1063782614040095__sample_17149,10.1134/s1063782614040095,https://doi.org/10.1134/s1063782614040095,,17149,Zn0.97Cd0.03Sb,unknown,p,9,6,2,5,0.0642767613881208,0.4469808543422516,0.3827040929541307,0.0533906680752874,0.5193940163816444,0.466003348306357,0.053026593449957,0.6181703085309758,0.5651437150810188,0.0416677167221739,0.5468690118374793,0.5052012951153053,0.8803808,0.8944847576945408,1.3921199519706666,0.911595655855231,unknown,no,no,ML_much_worse,primary DOI test sample aggregate,p,,high,unknown,unknown,unknown,unknown,unknown,unknown,unknown,,no,unknown,unknown,no,unknown,,,,,False,unknown,True,True,medium,0.0642767613881208,0.1303263232354284,,,,,,,,,,,,,,,,,,,,,,,,,-0.0626063119925274,-0.127844118304559,-0.0652378063120316,0.0652378063120316,0.936844649314158,good,unknown,no,10,low,no major issue,,True,True,True,True,True,both_poor,missing_additive_or_structure_annotation,possible_sintering_or_microstructure_effect,candidate hypothesis only; no causal mechanism proven,115,A,ML much worse than fitting; ZT_ML false positive; missing additive info and ML bad; missing structure info and ML bad; missing sintering info for high-ZT/error sample; manual review not checked
10.1134_s1063782614040095__sample_17150,10.1134/s1063782614040095,https://doi.org/10.1134/s1063782614040095,,17150,Zn0.97Cd0.03Sb,unknown,p,8,4,3,3,0.1384308584801135,0.5325027318983742,0.3940718734182606,0.0776875362762737,0.6676551635946577,0.589967627318384,0.1479125652617907,0.4249381888957175,0.2770256236339268,0.10267416082825,0.6676303508490005,0.5649561900207504,0.8732803,0.6235543269585995,1.0427643186728377,0.7407320311152182,unknown,no,no,ML_moderately_worse,primary DOI test sample aggregate,p,,high,unknown,unknown,unknown,unknown,unknown,unknown,unknown,,no,unknown,unknown,no,unknown,,,,,False,unknown,True,True,medium,0.1384308584801135,0.1441564151130091,,,,,,,,,,,,,,,,,,,,,,,,,-0.1344657362455295,-0.127844118304559,0.0066216179409704,0.0066216179409704,1.0066435893216397,good,unknown,no,0,low,no major issue,,True,True,True,True,True,both_good,material_system_out_of_distribution,missing_additive_or_structure_annotation,candidate hypothesis only; no causal mechanism proven,35,C,ZT_ML false positive; manual review not checked
10.1134_s1063782614040095__sample_17151,10.1134/s1063782614040095,https://doi.org/10.1134/s1063782614040095,,17151,Zn0.97Cd0.03Sb,unknown,p,8,6,0,5,0.1244731667242114,0.4774145132678224,0.352941346543611,0.1095460589543431,0.6524200631642265,0.5428740042098834,,,,0.1165104812328621,0.6421082214855914,0.5255977402527293,,0.8299365713204481,1.3158678723460595,0.9015776078058592,unknown,no,no,not_evaluated,primary DOI test sample aggregate,p,,high,unknown,unknown,unknown,unknown,unknown,unknown,unknown,,no,unknown,unknown,no,unknown,,,,,False,unknown,True,True,medium,0.1244731667242114,0.0655541911127881,,,,,,,,,,,,,,,,,,,,,,,,,-0.0811735933104722,-0.127844118304559,-0.0466705249940868,0.0466705249940868,0.9544017973319184,good,unknown,no,10,low,insufficient ZT evaluation rows,,True,True,True,True,True,not_evaluable,not_evaluable,missing_additive_or_structure_annotation,candidate hypothesis only; no causal mechanism proven,35,C,ZT_ML false positive; manual review not checked
10.1134_s1063782619050063__sample_40306,10.1134/s1063782619050063,https://doi.org/10.1134/s1063782619050063,,40306,Mg2(Ge0.02Si0.8Sn0.18)0.99Sb0.01,unknown,n,10,4,1,4,0.1420419657787709,0.6337513571236114,0.4917093913448405,0.1353861408072281,0.9752721666046916,0.8398860257974634,0.0449410880523671,0.7711803086872284,0.7262392206348613,0.1353861408071968,0.9752721666046422,0.8398860257974453,0.3051731,1.512144715034217,2.804309671004797,1.0912334281305875,unknown,no,no,ML_much_worse,primary DOI test sample aggregate,n,,high,unknown,unknown,unknown,unknown,unknown,unknown,unknown,,no,unknown,unknown,no,unknown,,,,,False,unknown,True,True,medium,0.1420419657787709,0.3304590364720143,,,,,,,,,,,,,,,,,,,,,,,,,-0.154270597249142,0.6862288606887916,0.8404994579379337,0.8404994579379337,2.3175241936213244,large_over_prediction,unknown,no,75,B,predicted high ZT false positive; manual review required; sintering check required later,high-ZT false positive; important candidate for paper; high predicted ZT; carried from Step14,True,True,True,True,True,both_poor,missing_additive_or_structure_annotation,possible_sintering_or_microstructure_effect,candidate hypothesis only; no causal mechanism proven,115,A,ML much worse than fitting; ZT_ML false positive; missing additive info and ML bad; missing structure info and ML bad; missing sintering info for high-ZT/error sample; manual review not checked
10.1134_s1063782619050063__sample_40307,10.1134/s1063782619050063,https://doi.org/10.1134/s1063782619050063,,40307,Mg2(Ge0.03Si0.8Sn0.17)0.99Sb0.01,unknown,n,10,9,5,8,0.1271849694365824,0.3430116636142005,0.2158266941776181,0.1094079152824426,0.4053600595713817,0.2959521442889391,0.1475129120073184,0.3989878578716241,0.2514749458643057,0.11098053352696,0.392492745783588,0.281512212256628,0.929456,1.0754964785621186,1.4789660045608817,0.9287057034496488,unknown,no,no,ML_moderately_worse,primary DOI test sample aggregate,n,,high,unknown,unknown,unknown,unknown,unknown,unknown,unknown,,no,unknown,unknown,no,unknown,,,,,False,unknown,True,True,medium,0.1271849694365824,0.2416248717560984,,,,,,,,,,,,,,,,,,,,,,,,,0.1447970181083736,0.6862288606887916,0.5414318425804181,0.5414318425804181,1.7184656737739068,large_over_prediction,unknown,no,65,B,predicted high ZT false positive; manual review required; sintering check required later,high-ZT false positive; important candidate for paper; high predicted ZT; carried from Step14,True,True,True,True,True,both_good,material_system_out_of_distribution,missing_additive_or_structure_annotation,candidate hypothesis only; no causal mechanism proven,35,C,ZT_ML false positive; manual review not checked
10.1134_s1063783406120080__sample_5636,10.1134/s1063783406120080,https://doi.org/10.1134/s1063783406120080,,5636,Bi1.8Sb0.15Te2.7Se0.15S0.15,unknown,p,7,7,0,7,0.04408345289467,0.4313041589628142,0.3872207060681441,0.0397687024209396,0.3482352183729718,0.3084665159520321,,,,0.0397687024209373,0.3482352183729698,0.3084665159520324,,1.0309262105151242,0.6712673843274298,0.9619264483794366,unknown,no,no,not_evaluated,primary DOI test sample aggregate,p,,high,unknown,unknown,unknown,unknown,unknown,unknown,unknown,,no,unknown,unknown,no,unknown,,,,,False,unknown,True,True,medium,0.04408345289467,0.0686187105409683,,,,,,,,,,,,,,,,,,,,,,,,,0.6404993863206612,0.2150511116721956,-0.4254482746484654,0.4254482746484654,0.6534767823869982,moderate_error,unknown,no,35,C,insufficient ZT evaluation rows; sintering check required later,high predicted ZT,True,True,True,True,True,not_evaluable,not_evaluable,missing_additive_or_structure_annotation,candidate hypothesis only; no causal mechanism proven,10,low,manual review not checked
10.1142_s1793604713400031__sample_27589,10.1142/s1793604713400031,https://doi.org/10.1142/s1793604713400031,,27589,CeFe3.9Mn0.1Sb12,unknown,p,21,6,2,5,0.0877573803840606,1.0541417476776829,0.966384367293622,0.0856308793113274,0.6352586395839876,0.5496277602726601,0.0605785113173689,0.6290425702405422,0.5684640589231733,0.0959011450279971,0.634662141498962,0.5387609964709649,0.8314099,1.000923253503096,0.3500918730144576,0.8912660469971192,unknown,no,no,ML_much_worse,primary DOI test sample aggregate,p,,high,unknown,unknown,unknown,unknown,unknown,unknown,unknown,,no,unknown,unknown,no,unknown,,,,,False,unknown,True,True,medium,0.0877573803840606,0.0662515566335258,,,,,,,,,,,,,,,,,,,,,,,,,1.4239386492998012,-0.526666759518352,-1.950605408818153,1.950605408818153,0.1421879636768544,large_under_prediction,unknown,no,75,B,predicted high ZT false positive; manual review required; sintering check required later,high-ZT false positive; important candidate for paper; high predicted ZT; carried from Step14,True,True,True,True,True,fitting_good_ML_bad,tau_eff_ML_prediction_error,missing_additive_or_structure_annotation; possible_sintering_or_microstructure_effect,candidate hypothesis only; no causal mechanism proven,90,A,ML much worse than fitting; missing additive info and ML bad; missing structure info and ML bad; missing sintering info for high-ZT/error sample; manual review not checked
10.1146_annurev-matsci-062910-100445__sample_26821,10.1146/annurev-matsci-062910-100445,https://doi.org/10.1146/annurev-matsci-062910-100445,,26821,In0.53Ga0.27Al0.20As(ErAs)0.006,unknown,p,18,1,0,0,0.3571003058074812,0.359425726944307,0.0023254211368257,0.0049880605398861,0.0364680984633824,0.0314800379234962,,,,,,,1.189046,,,,unknown,no,no,not_evaluated,primary DOI test sample aggregate,p,,high,unknown,unknown,unknown,unknown,unknown,unknown,unknown,,no,unknown,unknown,no,unknown,,,,,False,unknown,True,True,medium,0.3571003058074812,0.5129467911797639,,,,,,,,,,,,,,,,,,,,,,,,,0.1544548502983719,-0.8120717034466202,-0.966526553744992,0.966526553744992,0.3804020520984071,large_under_prediction,unknown,no,50,B,insufficient ZT evaluation rows; manual review required; sintering check required later,high observed ZT; important candidate for paper,True,True,True,True,True,not_evaluable,not_evaluable,missing_additive_or_structure_annotation; possible_sintering_or_microstructure_effect,candidate hypothesis only; no causal mechanism proven,90,A,observed high ZT; ZT_ML false negative; missing sintering info for high-ZT/error sample; manual review not checked
10.1515_amm-2017-0171__sample_14239,10.1515/amm-2017-0171,https://doi.org/10.1515/amm-2017-0171,,14239,Bi0.5Sb1.5Te3,unknown,p,5,5,5,5,0.0654136581783284,0.2803012852136586,0.2148876270353301,0.050654207335053,0.2369022696159989,0.1862480622809459,0.0485627006093911,0.238940726163714,0.1903780255543229,0.0506542073350569,0.2369022696159897,0.1862480622809328,0.9919325,1.109277157624913,0.8446329912119506,0.9798205403231248,unknown,no,no,ML_moderately_worse,primary DOI test sample aggregate,p,,high,unknown,unknown,unknown,unknown,unknown,unknown,unknown,,no,unknown,unknown,no,unknown,,,,,False,unknown,True,True,low,0.0654136581783284,,,,,,,,,,,,,,,,,,,,,,,,,,0.4326585939344866,6.011428478179339e-05,-0.4325984796497047,0.4325984796497047,0.6488209543278357,moderate_error,unknown,no,65,B,predicted high ZT false positive; manual review required; sintering check required later,high-ZT false positive; important candidate for paper; high predicted ZT; carried from Step14,True,True,True,True,True,both_good,material_system_out_of_distribution,missing_additive_or_structure_annotation,candidate hypothesis only; no causal mechanism proven,10,low,manual review not checked
10.1515_amm-2017-0171__sample_14240,10.1515/amm-2017-0171,https://doi.org/10.1515/amm-2017-0171,,14240,Bi0.5Sb1.5Te3,unknown,p,5,5,5,5,0.0657779923132947,0.2587629557469267,0.1929849634336319,0.0504360721284501,0.2196778181189695,0.1692417459905193,0.0492421029796687,0.2248495637600288,0.17560746078036,0.0504360721284497,0.2196778181189619,0.1692417459905121,0.9324734,1.0323010222507594,0.8037455057939236,0.921897735711154,unknown,no,no,ML_moderately_worse,primary DOI test sample aggregate,p,,high,unknown,unknown,unknown,unknown,unknown,unknown,unknown,,no,unknown,unknown,no,unknown,,,,,False,unknown,True,True,low,0.0657779923132947,,,,,,,,,,,,,,,,,,,,,,,,,,0.4103598319331322,6.011428478179339e-05,-0.4102997176483504,0.4102997176483504,0.6634513722491163,moderate_error,unknown,no,65,B,predicted high ZT false positive; manual review required; sintering check required later,high-ZT false positive; important candidate for paper; high predicted ZT; carried from Step14,True,True,True,True,True,both_good,material_system_out_of_distribution,missing_additive_or_structure_annotation,candidate hypothesis only; no causal mechanism proven,10,low,manual review not checked
10.1515_amm-2017-0171__sample_14241,10.1515/amm-2017-0171,https://doi.org/10.1515/amm-2017-0171,,14241,Bi0.5Sb1.5Te3,unknown,p,5,5,5,5,0.0625496984192937,0.2562332893489834,0.1936835909296897,0.0489370774829185,0.2184502420213951,0.1695131645384766,0.0487898480796207,0.2199837142679634,0.1711938661883427,0.0489370774829161,0.2184502420213843,0.1695131645384681,1.077754,1.1685467598545671,0.9114481557267622,1.0811163692874524,unknown,no,no,ML_moderately_worse,primary DOI test sample aggregate,p,,high,unknown,unknown,unknown,unknown,unknown,unknown,unknown,,no,unknown,unknown,no,unknown,,,,,False,unknown,True,True,low,0.0625496984192937,,,,,,,,,,,,,,,,,,,,,,,,,,0.4085783798284428,6.011428478179339e-05,-0.408518265543661,0.408518265543661,0.6646343324732084,moderate_error,unknown,no,65,B,manual review required; sintering check required later,high observed ZT; important candidate for paper; high predicted ZT,True,True,True,True,True,both_good,material_system_out_of_distribution,missing_additive_or_structure_annotation; possible_sintering_or_microstructure_effect,candidate hypothesis only; no causal mechanism proven,90,A,observed high ZT; ZT_ML false negative; missing sintering info for high-ZT/error sample; manual review not checked
10.2320_jinstmet.74.321__sample_17115,10.2320/jinstmet.74.321,https://doi.org/10.2320/jinstmet.74.321,,17115,Zn4Sb3,unknown,p,28,6,0,0,0.1471957405065268,0.7816428098553929,0.6344470693488661,0.1552917157912297,1.2011188554908534,1.0458271396996237,,,,,,,1.149671,,,,unknown,no,no,not_evaluated,primary DOI test sample aggregate,p,,high,unknown,unknown,unknown,unknown,unknown,unknown,unknown,,no,unknown,unknown,no,unknown,,,,,False,unknown,True,True,medium,0.1471957405065268,0.2765901807993201,,,,,,,,,,,,,,,,,,,,,,,,,-0.5004295353781504,-0.229340397791587,0.2710891375865634,0.2710891375865634,1.3113919594892116,moderate_error,unknown,no,50,B,insufficient ZT evaluation rows; manual review required; sintering check required later,high observed ZT; important candidate for paper,True,True,True,True,True,not_evaluable,not_evaluable,missing_additive_or_structure_annotation; possible_sintering_or_microstructure_effect,candidate hypothesis only; no causal mechanism proven,90,A,observed high ZT; ZT_ML false negative; missing sintering info for high-ZT/error sample; manual review not checked
10.2320_jinstmet.74.321__sample_17116,10.2320/jinstmet.74.321,https://doi.org/10.2320/jinstmet.74.321,,17116,Zn4Sb3,unknown,p,28,8,0,0,0.1489718007776409,0.7130442534166559,0.564072452639015,0.1420525052662398,1.1427568484904815,1.0007043432242415,,,,,,,1.302632,,,,unknown,no,no,not_evaluated,primary DOI test sample aggregate,p,,high,unknown,unknown,unknown,unknown,unknown,unknown,unknown,,no,unknown,unknown,no,unknown,,,,,False,unknown,True,True,medium,0.1489718007776409,0.2746049773069289,,,,,,,,,,,,,,,,,,,,,,,,,-0.4300802382142447,-0.229340397791587,0.2007398404226577,0.2007398404226577,1.222306735651313,good,unknown,no,50,B,insufficient ZT evaluation rows; manual review required; sintering check required later,high observed ZT; important candidate for paper,True,True,True,True,True,not_evaluable,not_evaluable,missing_additive_or_structure_annotation; possible_sintering_or_microstructure_effect,candidate hypothesis only; no causal mechanism proven,90,A,observed high ZT; ZT_ML false negative; missing sintering info for high-ZT/error sample; manual review not checked
10.2320_jinstmet.74.321__sample_17117,10.2320/jinstmet.74.321,https://doi.org/10.2320/jinstmet.74.321,,17117,Zn4Sb3,unknown,p,28,4,0,0,0.12840734545402,0.7789720505196485,0.6505647050656285,0.0977495354067655,1.1698053713252787,1.0720558359185133,,,,,,,1.199013,,,,unknown,no,no,not_evaluated,primary DOI test sample aggregate,p,,high,unknown,unknown,unknown,unknown,unknown,unknown,unknown,,no,unknown,unknown,no,unknown,,,,,False,unknown,True,True,medium,0.12840734545402,0.2544809641536305,,,,,,,,,,,,,,,,,,,,,,,,,-0.501087172232386,-0.229340397791587,0.271746774440799,0.271746774440799,1.312254662813778,moderate_error,unknown,no,50,B,insufficient ZT evaluation rows; manual review required; sintering check required later,high observed ZT; important candidate for paper,True,True,True,True,True,not_evaluable,not_evaluable,missing_additive_or_structure_annotation; possible_sintering_or_microstructure_effect,candidate hypothesis only; no causal mechanism proven,90,A,observed high ZT; ZT_ML false negative; missing sintering info for high-ZT/error sample; manual review not checked
10.3365_eml.2010.12.187__sample_8317,10.3365/eml.2010.12.187,https://doi.org/10.3365/eml.2010.12.187,,8317,Mg2SiTe0.03,unknown,n,6,3,1,2,0.9974651363029596,2.803398160276759,1.8059330239737996,0.5335015131262938,14.355879199912076,13.82237768678578,0.565143257255232,4.972735236559756,4.407591979304524,0.7616685443160589,15.69628974421883,14.934621199902772,0.1745455,0.0759022875907569,1.0425140582329409,0.1672086052637118,unknown,no,no,ML_much_worse,primary DOI test sample aggregate,n,,high,unknown,unknown,unknown,unknown,unknown,unknown,unknown,,no,unknown,unknown,no,unknown,,,,,False,unknown,True,True,low,0.9974651363029596,,,,,,,,,,,,,,,,,,,,,,,,,,-3.118000173014261,0.7563982071982525,3.874398380212513,3.874398380212513,48.15371934442038,large_over_prediction,unknown,no,50,B,manual review required; sintering check required later,large ZT prediction error; important candidate for paper; carried from Step14,True,True,True,True,True,both_poor,missing_additive_or_structure_annotation,possible_sintering_or_microstructure_effect; tau_eff_ML_prediction_error,candidate hypothesis only; no causal mechanism proven,115,A,ML much worse than fitting; ZT_ML false positive; missing additive info and ML bad; missing structure info and ML bad; missing sintering info for high-ZT/error sample; manual review not checked
10.3390_en9040236__sample_31377,10.3390/en9040236,https://doi.org/10.3390/en9040236,,31377,Bi0.48Sb1.52Te3C0.03,unknown,p,14,8,4,6,0.1253629871819241,0.4916086572869805,0.3662456701050564,0.0747402057886671,0.3799321854101388,0.3051919796214717,0.0688800658379978,0.4037815987488508,0.3349015329108529,0.0750609313285694,0.3816270068259813,0.3065660754974119,1.247251,1.073449741061966,0.6673248365485437,1.2039493322975077,unknown,no,no,ML_moderately_worse,primary DOI test sample aggregate,p,,high,unknown,unknown,unknown,unknown,unknown,unknown,unknown,,no,unknown,unknown,no,unknown,,,,,False,unknown,True,True,medium,0.1253629871819239,0.1547050518035296,,,,,,,,,,,,,,,,,,,,,,,,,0.3857030201663849,0.2693213533989503,-0.1163816667674346,0.1163816667674346,0.8901354233468152,good,unknown,no,65,B,manual review required; sintering check required later,high observed ZT; important candidate for paper; high predicted ZT,True,True,True,True,True,both_good,material_system_out_of_distribution,missing_additive_or_structure_annotation; possible_sintering_or_microstructure_effect,candidate hypothesis only; no causal mechanism proven,90,A,observed high ZT; ZT_ML false negative; missing sintering info for high-ZT/error sample; manual review not checked
10.3390_en9040236__sample_31379,10.3390/en9040236,https://doi.org/10.3390/en9040236,,31379,Bi0.48Sb1.52Te3C0.06,unknown,p,14,6,2,4,0.1224009876280288,0.4027301000347311,0.2803291124067023,0.0865394632872093,0.3010187811315419,0.2144793178443325,0.0890390662063594,0.2579830754781477,0.1689440092717883,0.0563423898917737,0.2802609605916264,0.2239185706998526,1.090218,0.9144980256385528,0.6230933614065997,0.8379955263756842,unknown,no,no,ML_moderately_worse,primary DOI test sample aggregate,p,existing_step6_or_step15,high,unknown,auto_step9,unknown,unknown,auto_step9,unknown,unknown,,no,unknown,unknown,no,unknown,yes,yes,yes,yes,False,unknown,True,True,medium,0.1224009876280288,0.1129133078591352,p,existing_step6_or_step15,high,unknown,auto_step9,unknown,unknown,auto_step9,unknown,unknown,,no,unknown,unknown,no,not_checked,yes,yes,yes,yes,False,unknown,True,True,0.2940261039738547,0.2693213533989503,-0.0247047505749044,0.0247047505749044,0.9755979142332996,good,not_checked,no,100,A,observed high ZT missed; manual review required; sintering check required later,high observed ZT; high-ZT false negative; important candidate for paper; carried from Step14,True,True,True,True,True,both_good,material_system_out_of_distribution,missing_additive_or_structure_annotation; possible_sintering_or_microstructure_effect,candidate hypothesis only; no causal mechanism proven,90,A,observed high ZT; ZT_ML false negative; missing sintering info for high-ZT/error sample; manual review not checked
10.3724_sp.j.1077.2010.00583__sample_5685,10.3724/sp.j.1077.2010.00583,https://doi.org/10.3724/sp.j.1077.2010.00583,,5685,(Ag2Te)0.5(Bi0.5Sb1.5Te3)0.5,unknown,p,17,16,16,16,0.1751695455745439,1.4443435266255331,1.2691739810509892,0.1531481295514793,0.7549168886388665,0.6017687590873873,0.1527146892491359,0.7554510598401487,0.6027363705910128,0.1531481295514552,0.7549168886388409,0.6017687590873856,0.8372618,1.0860167856797858,0.2589383583934788,0.8332580238397563,unknown,no,no,ML_much_worse,primary DOI test sample aggregate,p,,high,unknown,unknown,unknown,unknown,unknown,unknown,unknown,,no,unknown,unknown,no,unknown,,,,,False,unknown,True,True,medium,0.1751695455745439,0.3378243588961612,,,,,,,,,,,,,,,,,,,,,,,,,1.2514825136512528,0.3389920986455947,-0.912490415005658,0.912490415005658,0.4015230188915865,large_under_prediction,unknown,no,65,B,predicted high ZT false positive; manual review required; sintering check required later,high-ZT false positive; important candidate for paper; high predicted ZT; carried from Step14,True,True,True,True,True,fitting_good_ML_bad,insufficient_material_features,missing_additive_or_structure_annotation; possible_sintering_or_microstructure_effect,candidate hypothesis only; no causal mechanism proven,90,A,ML much worse than fitting; missing additive info and ML bad; missing structure info and ML bad; missing sintering info for high-ZT/error sample; manual review not checked
10.3724_sp.j.1077.2011.00680__sample_16914,10.3724/sp.j.1077.2011.00680,https://doi.org/10.3724/sp.j.1077.2011.00680,,16914,AgNa0.01SbTe2,unknown,p,8,8,8,8,0.3492264833932941,1.036879812456257,0.687653329062963,0.3328088152421992,1.822798402906634,1.489989587664435,0.3330115718579577,1.822964822502687,1.4899532506447293,0.3328088152421722,1.822798402906527,1.4899895876643547,1.229374,1.0753010770193745,2.854509830500985,1.228917515899207,unknown,no,no,ML_much_worse,primary DOI test sample aggregate,p,,high,unknown,unknown,unknown,unknown,unknown,unknown,unknown,,no,unknown,unknown,no,unknown,,,,,False,unknown,True,True,medium,0.3492264833932941,0.5544192405452232,,,,,,,,,,,,,,,,,,,,,,,,,-1.208621751554598,1.5582439193622928,2.766865670916891,2.766865670916891,15.908692706215916,large_over_prediction,unknown,no,65,B,manual review required; sintering check required later,high observed ZT; important candidate for paper; high predicted ZT,True,True,True,True,True,fitting_good_ML_bad,tau_eff_ML_prediction_error,missing_additive_or_structure_annotation; possible_sintering_or_microstructure_effect,candidate hypothesis only; no causal mechanism proven,120,A,ML much worse than fitting; observed high ZT; missing additive info and ML bad; missing structure info and ML bad; missing sintering info for high-ZT/error sample; manual review not checked
10.3724_sp.j.1077.2011.00680__sample_16915,10.3724/sp.j.1077.2011.00680,https://doi.org/10.3724/sp.j.1077.2011.00680,,16915,Ag0.99Na0.01SbTe2,unknown,p,8,8,8,8,0.2623938406124128,1.1288201884639648,0.8664263478515519,0.236320485649812,2.102289306485745,1.865968820835933,0.2358073987925755,2.10277148981383,1.8669640910212544,0.2363204856498031,2.102289306485593,1.86596882083579,1.188339,1.0697284533715905,3.2069004249187776,1.1878053376949256,unknown,no,no,ML_much_worse,primary DOI test sample aggregate,p,,high,unknown,unknown,unknown,unknown,unknown,unknown,unknown,,no,unknown,unknown,no,unknown,,,,,False,unknown,True,True,medium,0.2623938406124128,0.4129479778362032,,,,,,,,,,,,,,,,,,,,,,,,,-1.030099233630554,-0.8357248572354551,0.1943743763950988,0.1943743763950988,1.2145508970390302,good,unknown,no,65,B,manual review required; sintering check required later,high observed ZT; important candidate for paper; high predicted ZT,True,True,True,True,True,fitting_good_ML_bad,insufficient_material_features,missing_additive_or_structure_annotation; possible_sintering_or_microstructure_effect,candidate hypothesis only; no causal mechanism proven,120,A,ML much worse than fitting; observed high ZT; missing additive info and ML bad; missing structure info and ML bad; missing sintering info for high-ZT/error sample; manual review not checked
10.3724_sp.j.1077.2011.00680__sample_16916,10.3724/sp.j.1077.2011.00680,https://doi.org/10.3724/sp.j.1077.2011.00680,,16916,AgNa0.01SbTe2Se0.04,unknown,p,8,8,8,8,0.3386760380597644,0.3970814385664705,0.0584054005067061,0.3254104290292503,0.3112919299721554,-0.0141184990570949,0.3208136487367836,0.3075557685497863,-0.0132578801869973,0.3254104290292531,0.3112919299721558,-0.0141184990570973,1.268422,1.006993365275646,0.8184619504413351,1.268605355020126,unknown,no,no,ML_close_to_fitting,primary DOI test sample aggregate,p,,high,unknown,unknown,unknown,unknown,unknown,unknown,unknown,,no,unknown,unknown,no,unknown,,,,,False,unknown,True,True,medium,0.3386760380597644,0.4391348991754286,,,,,,,,,,,,,,,,,,,,,,,,,-0.7943841780975012,-2.54891204070001,-1.754527862602509,1.754527862602509,0.1729888975418311,large_under_prediction,unknown,no,65,B,manual review required; sintering check required later,high observed ZT; important candidate for paper; high predicted ZT,True,True,True,True,True,both_good,material_system_out_of_distribution,missing_additive_or_structure_annotation; possible_sintering_or_microstructure_effect; tau_eff_ML_prediction_error,candidate hypothesis only; no causal mechanism proven,90,A,observed high ZT; ZT_ML false negative; missing sintering info for high-ZT/error sample; manual review not checked
10.3724_sp.j.1077.2011.00680__sample_16917,10.3724/sp.j.1077.2011.00680,https://doi.org/10.3724/sp.j.1077.2011.00680,,16917,Ag0.99Na0.01SbTe1.96Se0.04,unknown,p,8,8,8,8,0.4356289918978425,0.5089249676581841,0.0732959757603415,0.442271479112981,0.5416273613866012,0.0993558822736201,0.440036890153853,0.5378165560719993,0.0977796659181463,0.4422714791129754,0.5416273613865892,0.0993558822736137,1.401413,0.9991234841267445,1.299842173635868,1.4056932474592718,unknown,no,no,ML_close_to_fitting,primary DOI test sample aggregate,p,existing_step6_or_step15,high,unknown,auto_step9,unknown,unknown,auto_step9,unknown,unknown,,no,unknown,unknown,no,unknown,yes,yes,yes,yes,False,unknown,True,True,medium,0.4356289918978425,0.5195415524557481,p,existing_step6_or_step15,high,unknown,auto_step9,unknown,unknown,auto_step9,unknown,unknown,,no,unknown,unknown,no,not_checked,yes,yes,yes,yes,False,unknown,True,True,-0.9398803865082572,0.774166658803196,1.7140470453114531,1.7140470453114531,5.55138277464933,large_over_prediction,not_checked,no,90,A,observed high ZT missed; manual review required; sintering check required later,high observed ZT; high-ZT false negative; important candidate for paper; carried from Step14,True,True,True,True,True,not_evaluable,not_evaluable,missing_additive_or_structure_annotation; possible_sintering_or_microstructure_effect; tau_eff_ML_prediction_error,candidate hypothesis only; no causal mechanism proven,60,B,observed high ZT; missing sintering info for high-ZT/error sample; manual review not checked
10.3724_sp.j.1077.2014.13261__sample_4835,10.3724/sp.j.1077.2014.13261,https://doi.org/10.3724/sp.j.1077.2014.13261,,4835,Yb0.6Co4Sb12,unknown,n,12,6,3,5,0.0966385227332954,0.9522462348480868,0.8556077121147913,0.1071567410246568,0.6083834013316991,0.5012266603070423,0.1150514352029811,0.6288477224123321,0.513796287209351,0.0843033010019138,0.6247876278355649,0.540484326833651,1.091733,1.2099421088657194,0.4691853630914463,1.0860559499992757,unknown,no,no,ML_much_worse,primary DOI test sample aggregate,n,,high,unknown,unknown,unknown,unknown,unknown,unknown,unknown,,no,unknown,unknown,no,unknown,,,,,False,unknown,True,True,medium,0.0966385227332952,0.2002026205628416,,,,,,,,,,,,,,,,,,,,,,,,,1.298897877186201,0.4332426047448079,-0.8656552724413931,0.8656552724413931,0.4207757395247103,large_under_prediction,unknown,no,65,B,manual review required; sintering check required later,high observed ZT; important candidate for paper; high predicted ZT,True,True,True,True,True,both_poor,missing_additive_or_structure_annotation,possible_sintering_or_microstructure_effect,candidate hypothesis only; no causal mechanism proven,150,A,ML much worse than fitting; observed high ZT; ZT_ML false negative; missing additive info and ML bad; missing structure info and ML bad; missing sintering info for high-ZT/error sample; manual review not checked
10.3724_sp.j.1077.2014.13261__sample_4836,10.3724/sp.j.1077.2014.13261,https://doi.org/10.3724/sp.j.1077.2014.13261,,4836,Yb0.6Co4Sb12,unknown,n,12,6,2,4,0.0975211043029575,1.0117951959817275,0.91427409167877,0.0611805940339514,0.6422529794151081,0.5810723853811567,0.0404088713481377,0.6419869611064162,0.6015780897582784,0.0452602863097938,0.6442924546219836,0.5990321683121898,1.144735,0.9373327714769908,0.3423911795814341,0.9029344976710804,unknown,no,no,ML_much_worse,primary DOI test sample aggregate,n,existing_step6_or_step15,high,unknown,auto_step9,unknown,unknown,auto_step9,unknown,unknown,,no,unknown,unknown,no,unknown,yes,yes,yes,yes,False,unknown,True,True,medium,0.0975211043029575,0.2043932061216578,n,existing_step6_or_step15,high,unknown,auto_step9,unknown,unknown,auto_step9,unknown,unknown,,no,unknown,unknown,no,not_checked,yes,yes,yes,yes,False,unknown,True,True,1.35865248596279,0.4332426047448079,-0.925409881217982,0.925409881217982,0.396368921598581,large_under_prediction,not_checked,no,100,A,observed high ZT missed; manual review required; sintering check required later,high observed ZT; high-ZT false negative; important candidate for paper; carried from Step14,True,True,True,True,True,fitting_good_ML_bad,insufficient_material_features,missing_additive_or_structure_annotation; possible_sintering_or_microstructure_effect,candidate hypothesis only; no causal mechanism proven,150,A,ML much worse than fitting; observed high ZT; ZT_ML false negative; missing additive info and ML bad; missing structure info and ML bad; missing sintering info for high-ZT/error sample; manual review not checked
10.3724_sp.j.1077.2014.13261__sample_4837,10.3724/sp.j.1077.2014.13261,https://doi.org/10.3724/sp.j.1077.2014.13261,,4837,Yb0.6Co4Sb12,unknown,n,12,7,6,6,0.0948896197449331,1.0152261229592463,0.9203365032143134,0.091156254736282,0.6280492808767686,0.5368930261404865,0.0918043176984452,0.6272286181842988,0.5354243004858535,0.0949562616185887,0.6225670173985464,0.5276107557799576,1.068536,1.2053509828487268,0.438668577768717,0.9775799507574066,unknown,no,no,ML_much_worse,primary DOI test sample aggregate,n,,high,unknown,unknown,unknown,unknown,unknown,unknown,unknown,,no,unknown,unknown,no,unknown,,,,,False,unknown,True,True,medium,0.0948896197449331,0.2021858295465866,,,,,,,,,,,,,,,,,,,,,,,,,1.3623499002516894,0.4332426047448079,-0.9291072955068816,0.9291072955068816,0.394906087502549,large_under_prediction,unknown,no,65,B,manual review required; sintering check required later,high observed ZT; important candidate for paper; high predicted ZT,True,True,True,True,True,fitting_good_ML_bad,insufficient_material_features,missing_additive_or_structure_annotation; possible_sintering_or_microstructure_effect,candidate hypothesis only; no causal mechanism proven,150,A,ML much worse than fitting; observed high ZT; ZT_ML false negative; missing additive info and ML bad; missing structure info and ML bad; missing sintering info for high-ZT/error sample; manual review not checked
10.3724_sp.j.1077.2014.13261__sample_4838,10.3724/sp.j.1077.2014.13261,https://doi.org/10.3724/sp.j.1077.2014.13261,,4838,Yb0.6Co4Sb12,unknown,n,12,8,2,3,0.0932838200062542,0.7579406228927892,0.664656802886535,0.0856588349229545,0.5193247056375476,0.433665870714593,0.0997063574837409,0.4816657899218116,0.3819594324380707,0.1122701651501149,0.499479852887041,0.3872096877369261,1.177862,1.287113938846845,0.606666663544017,1.0675645181474347,unknown,no,no,ML_moderately_worse,primary DOI test sample aggregate,n,,high,unknown,unknown,unknown,unknown,unknown,unknown,unknown,,no,unknown,unknown,no,unknown,,,,,False,unknown,True,True,medium,0.0932838200062542,0.1820330797488912,,,,,,,,,,,,,,,,,,,,,,,,,1.1037462524826054,0.4332426047448079,-0.6705036477377975,0.6705036477377975,0.5114509218083004,large_under_prediction,unknown,no,75,B,manual review required; sintering check required later,high observed ZT; important candidate for paper; high predicted ZT,True,True,True,True,True,both_good,material_system_out_of_distribution,missing_additive_or_structure_annotation; possible_sintering_or_microstructure_effect,candidate hypothesis only; no causal mechanism proven,90,A,observed high ZT; ZT_ML false negative; missing sintering info for high-ZT/error sample; manual review not checked
10.3938_jkps.67.1208__sample_4465,10.3938/jkps.67.1208,https://doi.org/10.3938/jkps.67.1208,,4465,Pr0.25Yb0.75Fe3.5Co0.5Sb12,unknown,p,6,1,0,1,0.1020849538919967,0.5611087509169358,0.459023797024939,0.1502856867641604,0.3374994511516523,0.1872137643874918,,,,0.1502856867641871,0.3374994511516367,0.1872137643874495,0.6306129,1.0704036216655517,0.6164929243252253,0.9305545865537562,unknown,no,no,not_evaluated,primary DOI test sample aggregate,p,,high,unknown,unknown,unknown,unknown,unknown,unknown,unknown,,no,unknown,unknown,no,unknown,,,,,False,unknown,True,True,low,0.1020849538919967,,,,,,,,,,,,,,,,,,,,,,,,,,1.4703634818374554,0.9648222480061992,-0.5055412338312562,0.5055412338312562,0.603179026169992,large_under_prediction,unknown,no,75,B,predicted high ZT false positive; insufficient ZT evaluation rows; manual review required; sintering check required later,high-ZT false positive; important candidate for paper; high predicted ZT; carried from Step14,True,True,True,True,True,not_evaluable,not_evaluable,missing_additive_or_structure_annotation,candidate hypothesis only; no causal mechanism proven,10,low,manual review not checked
10.4028_www.scientific.net_amr.415-417.47__sample_30760,10.4028/www.scientific.net/amr.415-417.47,https://doi.org/10.4028/www.scientific.net/amr.415-417.47,,30760,Mg2Si0.8Sn0.2,unknown,n,10,3,0,1,0.0842882789807655,7.60674261047867,7.522454331497904,0.0489147866601638,0.9994791366896068,0.9505643500294432,,,,0.1076857934975629,0.9994491250028524,0.8917633315052895,0.2032442,671.5030535703972,0.3339523219414955,606.2215995838486,unknown,no,no,not_evaluated,primary DOI test sample aggregate,n,,high,unknown,unknown,unknown,unknown,unknown,unknown,unknown,,no,unknown,unknown,no,unknown,,,,,False,unknown,False,False,medium,0.0842882789807655,0.0968125228119549,,,,,,,,,,,,,,,,,,,,,,,,,7.267825374596887,-0.1344920254142135,-7.402317400011101,7.402317400011101,0.0006098378840254,large_under_prediction,unknown,no,65,B,predicted high ZT false positive; insufficient ZT evaluation rows; manual review required; sintering check required later,high-ZT false positive; important candidate for paper; high predicted ZT; carried from Step14,True,True,True,True,True,fitting_good_ML_bad,tau_eff_ML_prediction_error,missing_additive_or_structure_annotation,candidate hypothesis only; no causal mechanism proven,10,low,manual review not checked
10.7567_1882-0786_ab587c__sample_30931,10.7567/1882-0786/ab587c,https://doi.org/10.7567/1882-0786/ab587c,,30931,K9Ba14.5Ga40.5Sn97.5,unknown,n,37,14,1,1,0.1627963281264244,0.6818601404300899,0.5190638123036655,0.135313275040148,0.4792225448976581,0.3439092698575101,0.203321872861962,0.5891164606485854,0.3857945877866233,0.2007871044951396,0.5878091640597642,0.3870220595646245,1.01079,0.8052742841298575,0.4153169727410165,1.0075841977263995,unknown,no,no,ML_moderately_worse,primary DOI test sample aggregate,n,,high,unknown,unknown,unknown,unknown,unknown,unknown,unknown,,no,unknown,unknown,no,unknown,,,,,False,unknown,True,False,medium,0.1627963281264244,0.3301284344577486,,,,,,,,,,,,,,,,,,,,,,,,,-0.7300315482612806,-1.2727922170846002,-0.5427606688233196,0.5427606688233196,0.5811416960471353,large_under_prediction,unknown,no,95,A,observed high ZT missed; manual review required; sintering check required later,high observed ZT; high-ZT false negative; important candidate for paper; carried from Step14,True,True,True,True,True,not_evaluable,not_evaluable,missing_additive_or_structure_annotation; possible_sintering_or_microstructure_effect,candidate hypothesis only; no causal mechanism proven,90,A,observed high ZT; ZT_ML false negative; missing sintering info for high-ZT/error sample; manual review not checked
