sample_key,DOI,doi_url,paper_title,sample_id,composition,material_system,n_or_p,n_rows_step22,n_pf_eval_rows_step22,n_zt_obs_eval_rows_step22,n_zt_calc_eval_rows_step22,sigma_fitting_log_rmse_step22,sigma_ML_log_rmse_step22,sigma_log_rmse_gap_ML_minus_fitting_step22,pf_fitting_mape_step22,pf_ML_mape_step22,pf_mape_gap_ML_minus_fitting_step22,zt_obs_fitting_mape_step22,zt_obs_ML_mape_step22,zt_obs_mape_gap_ML_minus_fitting_step22,zt_calc_fitting_mape_step22,zt_calc_ML_mape_step22,zt_calc_mape_gap_ML_minus_fitting_step22,zt_obs_max_step22,zt_pred_fitting_max_step22,zt_pred_ML_max_step22,zt_calc_from_obs_max_step22,sintering_method,sintering_checked,record_checked,comparison_category_step22,comparison_note_step22,step22_problem_reason,needs_step23_error_analysis
10.1002_adfm.200500043__sample_5865,10.1002/adfm.200500043,https://doi.org/10.1002/adfm.200500043,,5865,YbZn2Sb2,unknown,p,42,0,0,0,0.2690980281900815,1.4971084860522736,1.2280104578621922,,,,,,,,,,,,,,unknown,no,no,not_evaluated,primary DOI test sample aggregate,sigma ML error propagated to ZT error; possible missing structure/additive feature,True
10.1002_adfm.200800298__sample_5871,10.1002/adfm.200800298,https://doi.org/10.1002/adfm.200800298,,5871,Yb14Mn0.05Al0.95Sb11,unknown,p,37,0,0,0,0.3244848343914051,1.470888249515881,1.146403415124476,,,,,,,,,,,,,,unknown,no,no,not_evaluated,primary DOI test sample aggregate,sigma ML error propagated to ZT error; possible missing structure/additive feature,True
10.1002_adfm.201400123__sample_8246,10.1002/adfm.201400123,https://doi.org/10.1002/adfm.201400123,,8246,Mg2Si0.4Sn0.49Sb0.11,unknown,n,24,12,0,0,0.17188277705541957,2.0058410782181078,1.833958301162688,0.12214953440437415,6.385499306315193,6.263349771910819,,,,,,,0.5463918,,,,unknown,no,no,not_evaluated,primary DOI test sample aggregate,sigma ML error propagated to ZT error; possible missing structure/additive feature,True
10.1002_adfm.201902437__sample_41411,10.1002/adfm.201902437,https://doi.org/10.1002/adfm.201902437,,41411,Cd3As2,unknown,n,20,0,0,0,0.45976937847809685,1.4200659962451707,0.9602966177670739,,,,,,,,,,,,,,unknown,no,no,not_evaluated,primary DOI test sample aggregate,sigma ML error propagated to ZT error; possible missing structure/additive feature,True
10.1002_adfm.201902437__sample_41412,10.1002/adfm.201902437,https://doi.org/10.1002/adfm.201902437,,41412,Cd3As2,unknown,n,20,0,0,0,0.5188731702728182,1.7579123393522764,1.2390391690794582,,,,,,,,,,,,,,unknown,no,no,not_evaluated,primary DOI test sample aggregate,sigma ML error propagated to ZT error; possible missing structure/additive feature,True
10.1002_adfm.201902437__sample_41413,10.1002/adfm.201902437,https://doi.org/10.1002/adfm.201902437,,41413,Cd3As2,unknown,n,26,0,0,0,0.4710007534998385,1.6950850847120071,1.2240843312121688,,,,,,,,,,,,,,unknown,no,no,not_evaluated,primary DOI test sample aggregate,sigma ML error propagated to ZT error; possible missing structure/additive feature,True
10.1002_adfm.201902437__sample_41414,10.1002/adfm.201902437,https://doi.org/10.1002/adfm.201902437,,41414,Cd3As2,unknown,n,26,0,0,0,0.45841810789285686,2.1134516609751657,1.6550335530823088,,,,,,,,,,,,,,unknown,no,no,not_evaluated,primary DOI test sample aggregate,sigma ML error propagated to ZT error; possible missing structure/additive feature,True
10.1002_adfm.201902437__sample_41419,10.1002/adfm.201902437,https://doi.org/10.1002/adfm.201902437,,41419,Cd3As2,unknown,n,26,0,0,0,0.2721300332359213,1.12233983670151,0.8502098034655887,,,,,,,,,,,,,,unknown,no,no,not_evaluated,primary DOI test sample aggregate,sigma ML error propagated to ZT error; possible missing structure/additive feature,True
10.1002_adfm.201902437__sample_41420,10.1002/adfm.201902437,https://doi.org/10.1002/adfm.201902437,,41420,Cd3As2,unknown,n,26,0,0,0,0.2755946909841278,1.2832697344263464,1.0076750434422186,,,,,,,,,,,,,,unknown,no,no,not_evaluated,primary DOI test sample aggregate,sigma ML error propagated to ZT error; possible missing structure/additive feature,True
10.1002_adfm.201902437__sample_41427,10.1002/adfm.201902437,https://doi.org/10.1002/adfm.201902437,,41427,Cd3As2,unknown,n,31,0,0,0,0.09432248160551561,1.0736833789096534,0.9793608973041378,,,,,,,,,,,,,,unknown,no,no,not_evaluated,primary DOI test sample aggregate,sigma ML error propagated to ZT error; possible missing structure/additive feature,True
10.1002_adfm.201902437__sample_41433,10.1002/adfm.201902437,https://doi.org/10.1002/adfm.201902437,,41433,Cd3As2,unknown,n,31,0,0,0,0.09855774729672119,1.4002919897608253,1.301734242464104,,,,,,,,,,,,,,unknown,no,no,not_evaluated,primary DOI test sample aggregate,sigma ML error propagated to ZT error; possible missing structure/additive feature,True
10.1002_adfm.201902437__sample_41434,10.1002/adfm.201902437,https://doi.org/10.1002/adfm.201902437,,41434,Cd3As2,unknown,n,32,0,0,0,0.11614469991592323,1.151608610977136,1.0354639110612127,,,,,,,,,,,,,,unknown,no,no,not_evaluated,primary DOI test sample aggregate,sigma ML error propagated to ZT error; possible missing structure/additive feature,True
10.1002_adma.201104305__sample_84020,10.1002/adma.201104305,https://doi.org/10.1002/adma.201104305,,84020,Nax(NiC2S4),unknown,n,12,12,9,11,0.26301711795228805,2.121432290212148,1.85841517225986,0.23771533442081794,7.5009728697919025,7.263257535371085,0.24238160830475453,8.211367658072298,7.968986049767544,0.23163550487349038,7.754912058262172,7.523276553388682,0.1038,0.0825185007068963,0.6772815844566085,0.1071795937506704,unknown,no,no,ML_much_worse,primary DOI test sample aggregate,ML tau prediction much worse than fitting; sigma ML error propagated to ZT error; possible missing structure/additive feature,True
10.1002_adma.201104305__sample_84021,10.1002/adma.201104305,https://doi.org/10.1002/adma.201104305,,84021,Kx(NiC2S4),unknown,n,22,17,6,7,0.24017528857098697,2.010999335297697,1.7708240467267102,0.19767772456205676,6.154593838136946,5.956916113574889,0.15665642983209616,5.853240802681836,5.69658437284974,0.18778087303966626,5.5015391484254295,5.313758275385763,0.1881,0.1446085589449877,1.064899979113763,0.2067988399635197,unknown,no,no,ML_much_worse,primary DOI test sample aggregate,ML tau prediction much worse than fitting; sigma ML error propagated to ZT error; ML false high-ZT prediction; possible missing structure/additive feature,True
10.1002_adma.201104305__sample_84022,10.1002/adma.201104305,https://doi.org/10.1002/adma.201104305,,84022,Cux(CuC2S4),unknown,p,18,17,12,16,0.2525653902616905,3.3134650941743278,3.060899703912637,0.21482783317996693,27.007651500446645,26.792823667266678,0.19861918792116787,26.095914347695246,25.897295159774078,0.22201617744190677,27.226882847125434,27.004866669683526,0.01415,0.0097868032588047,0.2663630367638934,0.0137428597367226,unknown,no,no,ML_much_worse,primary DOI test sample aggregate,ML tau prediction much worse than fitting; sigma ML error propagated to ZT error; possible missing structure/additive feature,True
10.1002_adma.201400515__sample_7653,10.1002/adma.201400515,https://doi.org/10.1002/adma.201400515,,7653,Cu1.98S,unknown,p,15,6,1,1,0.43922434649837105,1.521432966602155,1.082208620103784,0.4320956417580652,4.303186106519986,3.8710904647619206,0.5386682908409537,0.9798396003935379,0.4411713095525842,0.4755604540775953,1.2506716109375895,0.7751111568599942,1.362581,0.5571696810831649,2.3911354386584924,1.062409738958936,unknown,no,no,ML_moderately_worse,primary DOI test sample aggregate,sigma ML error propagated to ZT error; possible missing structure/additive feature,True
10.1002_adma.201501030__sample_42634,10.1002/adma.201501030,https://doi.org/10.1002/adma.201501030,,42634,Cu2S0.50Te0.50,unknown,p,15,3,0,0,0.21910760999254886,0.6476826372131322,0.4285750272205834,0.09854467232820228,0.6582297509700585,0.5596850786418562,,,,,,,1.827485,,,,unknown,no,no,not_evaluated,primary DOI test sample aggregate,ML missed high ZT; possible missing structure/additive feature,True
10.1002_adma.201501030__sample_42635,10.1002/adma.201501030,https://doi.org/10.1002/adma.201501030,,42635,Cu2S0.52Te0.48,unknown,p,15,5,2,4,0.2621252203797352,0.5273632523336813,0.26523803195394613,0.2739748779554088,0.8107649111930086,0.5367900332375999,1.0244498648615812,2.1992071956014447,1.1747573307398635,0.32007583366941494,0.8329980155159701,0.5129221818465551,0.4897661,1.4105977070663895,2.229146007947323,1.9918292200113328,unknown,no,no,ML_much_worse,primary DOI test sample aggregate,ML tau prediction much worse than fitting; ML false high-ZT prediction; possible missing structure/additive feature,True
10.1002_adma.201501970__sample_6417,10.1002/adma.201501970,https://doi.org/10.1002/adma.201501970,,6417,Na2.19Ga2.19Sn3.81,unknown,n,50,13,0,5,0.07648786785629022,1.9709656977379755,1.8944778298816853,0.0797480776584066,6.3526249316352805,6.272876853976874,,,,0.11930680717790096,6.6887410829287814,6.56943427575088,,1.218272164774711,8.731302798093187,1.196237494478724,unknown,no,no,not_evaluated,primary DOI test sample aggregate,sigma ML error propagated to ZT error; ML false high-ZT prediction; possible missing structure/additive feature,True
10.1002_adma.201705942__sample_31967,10.1002/adma.201705942,https://doi.org/10.1002/adma.201705942,,31967,GeTe,unknown,p,12,10,5,8,0.3917866455198375,1.0220136337961425,0.630226988276305,0.4147566089049869,0.5643650314299651,0.1496084225249782,0.4203431696314176,0.5235614962080226,0.10321832657660501,0.4124299660033297,0.5579887160176727,0.14555875001434304,0.9395894,1.65776918924827,0.6450269881773836,0.9098048069389234,unknown,no,no,ML_moderately_worse,primary DOI test sample aggregate,sigma ML error propagated to ZT error; possible missing structure/additive feature,True
10.1002_adma.201705942__sample_31968,10.1002/adma.201705942,https://doi.org/10.1002/adma.201705942,,31968,Ge0.95Sb0.05Te,unknown,p,12,9,6,7,0.25313928919910184,0.762426329826682,0.5092870406275802,0.21514537131278022,0.4815327257983511,0.2663873544855709,0.21546367022182064,0.5270606958972813,0.31159702567546066,0.2078567866489953,0.5060819370564547,0.29822515040745934,1.397067,1.815458348744785,0.8844067198439876,1.2992880403154785,unknown,no,no,ML_moderately_worse,primary DOI test sample aggregate,ML missed high ZT; possible missing structure/additive feature,True
10.1002_adma.201705942__sample_31970,10.1002/adma.201705942,https://doi.org/10.1002/adma.201705942,,31970,Ge0.88Sb0.12Te,unknown,p,12,10,9,10,0.5026115081444255,0.7521282891891411,0.24951678104471564,0.5186845544250851,0.9929749445671907,0.4742903901421056,0.46698826054102965,0.9806255302639388,0.5136372697229092,0.5186845544250624,0.9929749445671593,0.47429039014209684,1.53783,0.9552443002942465,1.671541313103898,1.5409190210230352,unknown,no,no,ML_much_worse,primary DOI test sample aggregate,ML tau prediction much worse than fitting; possible missing structure/additive feature,True
10.1002_aenm.201601450__sample_3187,10.1002/aenm.201601450,https://doi.org/10.1002/aenm.201601450,,3187,PbTeNa0.02(SrTe)0.04,unknown,p,13,2,1,2,0.2988930403308747,1.0202547898733398,0.7213617495424651,0.34072935304014706,0.49453540867454393,0.15380605563439687,0.1579948296722586,0.5634276358535236,0.405432806181265,0.3407293530401386,0.4945354086745182,0.15380605563437955,1.823886,3.0491196262768496,1.1495399890393785,2.041020150709405,unknown,no,no,ML_moderately_worse,primary DOI test sample aggregate,sigma ML error propagated to ZT error; possible missing structure/additive feature,True
10.1002_aenm.201601450__sample_3188,10.1002/aenm.201601450,https://doi.org/10.1002/aenm.201601450,,3188,PbTe0.95Se0.05TeNa0.02(SrTe)0.04,unknown,p,13,4,0,0,0.3085311643179142,0.6972690864566055,0.38873792213869124,0.28166390633994426,0.5339026130016753,0.25223870666173104,,,,,,,1.088933,,,,unknown,no,no,not_evaluated,primary DOI test sample aggregate,ML missed high ZT; possible missing structure/additive feature,True
10.1002_aenm.201601450__sample_3189,10.1002/aenm.201601450,https://doi.org/10.1002/aenm.201601450,,3189,PbTe0.85Se0.15TeNa0.02(SrTe)0.04,unknown,p,14,4,0,1,0.3230150717931698,0.6985261852826602,0.3755111134894904,0.39417350029741693,0.37334395258426395,-0.020829547713152985,,,,0.46003322924838963,0.7093403419596925,0.2493071127113029,2.059395,0.0773481319785295,0.0416358613320631,0.1432460961826674,unknown,no,no,not_evaluated,primary DOI test sample aggregate,ML missed high ZT; possible missing structure/additive feature,True
10.1002_aenm.201601450__sample_3191,10.1002/aenm.201601450,https://doi.org/10.1002/aenm.201601450,,3191,PbTe0.65Se0.35TeNa0.02(SrTe)0.04,unknown,p,14,1,0,0,0.26956209430282335,0.6420167309680596,0.3724546366652362,0.24203851858262457,0.3064493187539403,0.06441080017131576,,,,,,,1.955358,,,,unknown,no,no,not_evaluated,primary DOI test sample aggregate,ML missed high ZT; possible missing structure/additive feature,True
10.1002_aenm.201601450__sample_3192,10.1002/aenm.201601450,https://doi.org/10.1002/aenm.201601450,,3192,PbTe0.85Se0.15Na0.02,unknown,p,37,7,0,3,0.3085677181925513,1.3412483370961235,1.0326806189035722,0.2828818286097424,0.7508103514891236,0.46792852287938114,,,,0.3482587513427556,0.6954944502147401,0.3472356988719845,1.19941,2.8540751287028825,0.7737368746761728,1.7441660386903015,unknown,no,no,not_evaluated,primary DOI test sample aggregate,sigma ML error propagated to ZT error; ML missed high ZT; possible missing structure/additive feature,True
10.1002_aenm.201601450__sample_3193,10.1002/aenm.201601450,https://doi.org/10.1002/aenm.201601450,,3193,PbTeNa0.02(SrTe)0.04,unknown,p,35,8,2,3,0.24265502551132995,0.8784949284109455,0.6358399028996156,0.19735967368819038,0.5441711828328386,0.3468115091446482,0.19027015056835483,0.5934397688458954,0.4031696182775406,0.21407988575554046,0.6097129067697518,0.3956330210142113,1.98222,1.03266208571589,0.4438904921756331,0.8728742511201394,unknown,no,no,ML_moderately_worse,primary DOI test sample aggregate,ML missed high ZT; possible missing structure/additive feature,True
10.1002_aenm.201601450__sample_3194,10.1002/aenm.201601450,https://doi.org/10.1002/aenm.201601450,,3194,PbTe0.85Se0.15Na0.02,unknown,p,14,3,1,1,0.40566473722624946,1.0993584035531105,0.6936936663268611,0.22146417912504712,0.6143876216756643,0.3929234425506172,0.2753126691767213,0.7391449553998316,0.4638322862231103,0.21028655032783536,0.7157384593690097,0.5054519090411743,1.712166,0.4333909967632904,0.1560013856756223,0.5487952585120652,unknown,no,no,ML_moderately_worse,primary DOI test sample aggregate,sigma ML error propagated to ZT error; ML missed high ZT; possible missing structure/additive feature,True
10.1002_aenm.201601450__sample_3195,10.1002/aenm.201601450,https://doi.org/10.1002/aenm.201601450,,3195,PbTe0.85Se0.15Na0.02(SrTe)0.01,unknown,p,14,5,1,1,0.4134540816177534,1.05651851512474,0.6430644335069866,0.2445430987095675,0.5643749597043499,0.31983186099478245,0.10314257606348796,0.6607836371225475,0.5576410610590595,0.00036097601174561885,0.6219087840971406,0.6215478080853949,0.836581,0.7502938805742312,0.2837819640723821,0.7505648164682365,unknown,no,no,ML_much_worse,primary DOI test sample aggregate,ML tau prediction much worse than fitting; sigma ML error propagated to ZT error; possible missing structure/additive feature,True
10.1002_aenm.201601450__sample_3196,10.1002/aenm.201601450,https://doi.org/10.1002/aenm.201601450,,3196,PbTe0.85Se0.15Na0.02(SrTe)0.02,unknown,p,14,3,0,0,0.3827194141918741,1.057262841081329,0.6745434268894548,0.2714568595979827,0.6457983266669626,0.37434146706897986,,,,,,,0.9126018,,,,unknown,no,no,not_evaluated,primary DOI test sample aggregate,sigma ML error propagated to ZT error; possible missing structure/additive feature,True
10.1002_aenm.201601450__sample_3197,10.1002/aenm.201601450,https://doi.org/10.1002/aenm.201601450,,3197,PbTe0.85Se0.15Na0.02(SrTe)0.03,unknown,p,14,1,0,0,0.38887350390258313,1.0264324092258907,0.6375589053233076,0.44353214822459675,0.4416801442326445,-0.0018520039919522335,,,,,,,0.4484328,,,,unknown,no,no,not_evaluated,primary DOI test sample aggregate,sigma ML error propagated to ZT error; possible missing structure/additive feature,True
10.1002_aenm.201601450__sample_3198,10.1002/aenm.201601450,https://doi.org/10.1002/aenm.201601450,,3198,PbTe0.85Se0.15Na0.02(SrTe)0.04,unknown,p,14,4,1,1,0.39854613434851754,1.0193828859555722,0.6208367516070548,0.2231150862873969,0.6565299350399526,0.4334148487525557,0.27100278957628204,0.7147330060717442,0.4437302164954621,0.23617364393884993,0.7011038651984824,0.4649302212596325,2.226909,0.5192136831800847,0.2031757110855217,0.6797535579389168,unknown,no,no,ML_moderately_worse,primary DOI test sample aggregate,sigma ML error propagated to ZT error; ML missed high ZT; possible missing structure/additive feature,True
10.1002_aenm.201601450__sample_3199,10.1002/aenm.201601450,https://doi.org/10.1002/aenm.201601450,,3199,PbTe0.85Se0.15Na0.02(SrTe)0.05,unknown,p,14,3,2,2,0.42170319562244224,0.9173985312813043,0.4956953356588621,0.341978818556312,0.708655563870801,0.36667674531448896,0.21248072971985563,0.6439822143736178,0.43150148465376215,0.2916867587809582,0.6863883296080595,0.39470157082710133,1.602461,1.169894373713014,0.5179806155971775,1.2886301524916477,unknown,no,no,ML_moderately_worse,primary DOI test sample aggregate,ML missed high ZT; possible missing structure/additive feature,True
10.1002_andp.201900551__sample_35494,10.1002/andp.201900551,https://doi.org/10.1002/andp.201900551,,35494,(SnS)1.2(TiS2)2,unknown,n,18,0,0,0,0.7994160696801921,1.0702400284938314,0.2708239588136393,,,,,,,,,,,,,,unknown,no,no,not_evaluated,primary DOI test sample aggregate,sigma ML error propagated to ZT error; possible missing structure/additive feature,True
10.1002_anie.201402026__sample_30772,10.1002/anie.201402026,https://doi.org/10.1002/anie.201402026,,30772,Bi0.67Sb1.5Te3,unknown,p,14,10,8,10,0.37411662142186614,0.3790411914316624,0.004924570009796292,0.4148423885426594,0.46600968200507403,0.05116729346241461,0.2406721889134116,0.24181818828295976,0.0011459993695481507,0.4148423885426256,0.4660096820050369,0.05116729346241128,0.9396308,1.2823360132263828,1.3628591475512,1.9639378665810543,unknown,no,no,ML_close_to_fitting,primary DOI test sample aggregate,ML false high-ZT prediction; possible missing structure/additive feature,True
10.1002_anie.201408431__sample_26814,10.1002/anie.201408431,https://doi.org/10.1002/anie.201408431,,26814,Si0.7Ge0.3(WSi2)0.02,unknown,n,19,0,0,0,0.2529409921428202,1.2791415774684107,1.0262005853255904,,,,,,,,,,,,,,unknown,no,no,not_evaluated,primary DOI test sample aggregate,sigma ML error propagated to ZT error; possible missing structure/additive feature,True
10.1002_anie.201912909__sample_34054,10.1002/anie.201912909,https://doi.org/10.1002/anie.201912909,,34054,Mg3.5Sc0.05Sb2,unknown,n,18,0,0,0,0.10144374513311727,1.5428928784019087,1.4414491332687915,,,,,,,,,,,,,,unknown,no,no,not_evaluated,primary DOI test sample aggregate,sigma ML error propagated to ZT error; possible missing structure/additive feature,True
10.1002_anie.201912909__sample_34056,10.1002/anie.201912909,https://doi.org/10.1002/anie.201912909,,34056,Mg3.5Sc0.04Sb2,unknown,n,36,0,0,0,0.24111033032015625,1.3762467913153904,1.1351364609952341,,,,,,,,,,,,,,unknown,no,no,not_evaluated,primary DOI test sample aggregate,sigma ML error propagated to ZT error; possible missing structure/additive feature,True
10.1002_anie.201912909__sample_34057,10.1002/anie.201912909,https://doi.org/10.1002/anie.201912909,,34057,Mg3.5Sc0.06Sb2,unknown,n,18,0,0,0,0.09568367268929633,1.723604490493285,1.6279208178039888,,,,,,,,,,,,,,unknown,no,no,not_evaluated,primary DOI test sample aggregate,sigma ML error propagated to ZT error; possible missing structure/additive feature,True
10.1002_ejic.201100282__sample_6265,10.1002/ejic.201100282,https://doi.org/10.1002/ejic.201100282,,6265,YbCd1.85Mn0.15Sb2,unknown,p,8,5,2,4,0.11730387845451211,1.14467474798769,1.0273708695331778,0.12672980300729975,2.2441535003807838,2.117423697373484,0.40093218619338505,0.8706161722934167,0.46968398610003165,0.08705086517932237,2.051726496809848,1.9646756316305254,1.146987,0.6559240518350802,2.0481523308060887,0.7623862315756752,unknown,no,no,ML_moderately_worse,primary DOI test sample aggregate,sigma ML error propagated to ZT error; possible missing structure/additive feature,True
10.1002_ejic.201100282__sample_6266,10.1002/ejic.201100282,https://doi.org/10.1002/ejic.201100282,,6266,YbCd1.4Mn0.6Sb2,unknown,p,8,7,7,7,0.09450527413439828,2.0991731010854178,2.0046678269510196,0.07697515125802745,7.131517596499519,7.054542445241491,0.06104871209096787,7.069188542099807,7.008139830008839,0.07697515125802559,7.131517596498648,7.054542445240623,0.5360778,0.4663289463742433,3.79688387219576,0.5542427225041324,unknown,no,no,ML_much_worse,primary DOI test sample aggregate,ML tau prediction much worse than fitting; sigma ML error propagated to ZT error; ML false high-ZT prediction; possible missing structure/additive feature,True
10.1002_ejic.201100282__sample_6267,10.1002/ejic.201100282,https://doi.org/10.1002/ejic.201100282,,6267,YbCd0.5Mn1.5Sb2,unknown,p,8,7,6,6,0.2845798828921901,3.391990730127587,3.107410847235397,0.20060754666595154,31.45476682329221,31.254159276626257,0.9652864648660707,0.9588136182890316,-0.006472846577039171,0.19154022511528027,30.720256400165642,30.528716175050363,0.007570118,0.0005427696201257,0.0159420702544032,0.0006915796765644,unknown,no,no,ML_close_to_fitting,primary DOI test sample aggregate,sigma ML error propagated to ZT error; possible missing structure/additive feature,True
10.1002_ejic.201100282__sample_6268,10.1002/ejic.201100282,https://doi.org/10.1002/ejic.201100282,,6268,YbCd1.95Mn0.05Sb2,unknown,p,8,6,2,5,0.09905025787725345,0.55307857206579,0.45402831418853656,0.0926251077529962,0.7598572842333516,0.6672321764803555,0.11497745755052576,0.8062134967560138,0.691236039205488,0.10634349191164191,0.7589222266705867,0.6525787347589448,0.6170125,0.6843826538286085,1.1792737772589048,0.7488185528275166,unknown,no,no,ML_much_worse,primary DOI test sample aggregate,ML tau prediction much worse than fitting; ML false high-ZT prediction; possible missing structure/additive feature,True
10.1002_ejic.201100282__sample_6269,10.1002/ejic.201100282,https://doi.org/10.1002/ejic.201100282,,6269,YbCd1.8Mn0.2Sb2,unknown,p,8,5,2,3,0.09866588481826293,1.2810300103016854,1.1823641254834225,0.09962160654240305,2.625929536041702,2.526307929499299,0.05730520952045925,2.5895125015394678,2.5322072920190086,0.05658610159728584,2.4308639070306666,2.3742778054333806,0.955884,0.9018639413887348,3.2346899699360145,0.991572960589638,unknown,no,no,ML_much_worse,primary DOI test sample aggregate,ML tau prediction much worse than fitting; sigma ML error propagated to ZT error; ML false high-ZT prediction; possible missing structure/additive feature,True
10.1002_ejic.201100282__sample_6270,10.1002/ejic.201100282,https://doi.org/10.1002/ejic.201100282,,6270,YbCd1.2Mn0.8Sb2,unknown,p,8,6,5,5,0.09373626659445283,2.6455079118633833,2.5517716452689303,0.07756279647763288,12.929109852883942,12.851547056406309,0.059490497399314037,13.326333924333687,13.266843426934372,0.09253320362680564,12.893862718685318,12.801329515058512,0.1265396,0.1155570006362038,1.6255649041670983,0.1398968548750358,unknown,no,no,ML_much_worse,primary DOI test sample aggregate,ML tau prediction much worse than fitting; sigma ML error propagated to ZT error; ML false high-ZT prediction; possible missing structure/additive feature,True
10.1002_ejic.201100282__sample_6271,10.1002/ejic.201100282,https://doi.org/10.1002/ejic.201100282,,6271,YbMn2Sb2,unknown,n,8,8,1,1,0.40542807825786,2.3620553252203296,1.9566272469624697,0.34377043948777475,10.078151978910075,9.7343815394223,0.9956938471650025,0.9558741470988269,-0.039819700066175634,0.8215910887151608,17.666142031342762,16.844550942627603,0.01394612,1.5902277927419012e-05,0.0001629532446958,8.729883466127136e-06,unknown,no,no,ML_close_to_fitting,primary DOI test sample aggregate,sigma ML error propagated to ZT error; possible missing structure/additive feature,True
10.1002_ejic.201100282__sample_6272,10.1002/ejic.201100282,https://doi.org/10.1002/ejic.201100282,,6272,YbCd1.9Mn0.1Sb2,unknown,p,8,8,2,8,0.14566857017215834,0.8943794640502158,0.7487108938780576,0.12474918983903865,1.4435237021715093,1.3187745123324706,0.22275804015971767,1.838479495246811,1.6157214550870935,0.12474918983899343,1.4435237021714198,1.3187745123324264,0.8866546,0.9592061832190064,2.3181927702001284,1.1505384514808068,unknown,no,no,ML_much_worse,primary DOI test sample aggregate,ML tau prediction much worse than fitting; ML false high-ZT prediction; possible missing structure/additive feature,True
10.1002_ejic.201100282__sample_6273,10.1002/ejic.201100282,https://doi.org/10.1002/ejic.201100282,,6273,YbCd1.6Mn0.4Sb2,unknown,p,8,5,1,3,0.12714609163063784,1.6389018738887975,1.5117557822581595,0.06845498632854555,3.95777132461703,3.8893163382884843,0.12592575128894085,3.478877585652417,3.352951834363476,0.09180294782529519,3.7326494489048248,3.6408465010795297,0.7374636,0.644597942121753,3.30300918827454,0.8196558955222745,unknown,no,no,ML_much_worse,primary DOI test sample aggregate,ML tau prediction much worse than fitting; sigma ML error propagated to ZT error; ML false high-ZT prediction; possible missing structure/additive feature,True
10.1002_ejic.201100282__sample_6274,10.1002/ejic.201100282,https://doi.org/10.1002/ejic.201100282,,6274,YbCdMnSb2,unknown,p,8,6,3,5,0.1824380779143671,2.2649570872936917,2.0825190093793244,0.10604178042377177,8.41409131247918,8.308049532055408,0.2509325021899181,6.161156030287579,5.910223528097661,0.1055973920555184,8.177888402372608,8.07229101031709,0.03780636,0.0259469512368035,0.2480553045756666,0.0378105619782147,unknown,no,no,ML_much_worse,primary DOI test sample aggregate,ML tau prediction much worse than fitting; sigma ML error propagated to ZT error; possible missing structure/additive feature,True
10.1002_pssa.200723480__sample_26665,10.1002/pssa.200723480,https://doi.org/10.1002/pssa.200723480,,26665,YBa2Cu3O7,unknown,p,26,0,0,0,0.13738317357698906,2.245427785105498,2.1080446115285087,,,,,,,,,,,,,,unknown,no,no,not_evaluated,primary DOI test sample aggregate,sigma ML error propagated to ZT error; possible missing structure/additive feature,True
10.1002_pssa.200723480__sample_26666,10.1002/pssa.200723480,https://doi.org/10.1002/pssa.200723480,,26666,YBa2Cu2.99Ag0.01O7,unknown,p,25,0,0,0,0.16060170592105685,2.495810927313171,2.335209221392114,,,,,,,,,,,,,,unknown,no,no,not_evaluated,primary DOI test sample aggregate,sigma ML error propagated to ZT error; possible missing structure/additive feature,True
10.1002_pssa.200723480__sample_26667,10.1002/pssa.200723480,https://doi.org/10.1002/pssa.200723480,,26667,YBa2Cu2.98Ag0.02O7,unknown,p,26,0,0,0,0.11886038754656814,3.0165607844283575,2.897700396881789,,,,,,,,,,,,,,unknown,no,no,not_evaluated,primary DOI test sample aggregate,sigma ML error propagated to ZT error; possible missing structure/additive feature,True
10.1002_pssa.200723480__sample_26668,10.1002/pssa.200723480,https://doi.org/10.1002/pssa.200723480,,26668,YBa2Cu2.95Ag0.05O7,unknown,p,25,0,0,0,0.14279659658046823,3.40061203255768,3.2578154359772116,,,,,,,,,,,,,,unknown,no,no,not_evaluated,primary DOI test sample aggregate,sigma ML error propagated to ZT error; possible missing structure/additive feature,True
10.1002_pssa.201127501__sample_16830,10.1002/pssa.201127501,https://doi.org/10.1002/pssa.201127501,,16830,Ag0.8Pb18SbTe15Se5,unknown,n,24,0,0,0,0.27434312833068913,1.2549290241920386,0.9805858958613494,,,,,,,,,,,,,,unknown,no,no,not_evaluated,primary DOI test sample aggregate,sigma ML error propagated to ZT error; possible missing structure/additive feature,True
10.1002_pssa.201127501__sample_16831,10.1002/pssa.201127501,https://doi.org/10.1002/pssa.201127501,,16831,Ag0.8Pb18SbTe10Se10,unknown,n,25,0,0,0,0.2926643628936366,1.699630765831311,1.4069664029376745,,,,,,,,,,,,,,unknown,no,no,not_evaluated,primary DOI test sample aggregate,sigma ML error propagated to ZT error; possible missing structure/additive feature,True
10.1002_pssa.201127501__sample_16832,10.1002/pssa.201127501,https://doi.org/10.1002/pssa.201127501,,16832,Ag0.8Pb18SbTe5Se15,unknown,n,22,0,0,0,0.07550112675203408,1.281871058979192,1.206369932227158,,,,,,,,,,,,,,unknown,no,no,not_evaluated,primary DOI test sample aggregate,sigma ML error propagated to ZT error; possible missing structure/additive feature,True
10.1002_pssa.201228589__sample_5618,10.1002/pssa.201228589,https://doi.org/10.1002/pssa.201228589,,5618,Bi2.0Se0.3Te2.7,unknown,n,8,8,6,6,0.1483620739451038,0.750769657432008,0.6024075834869042,0.12976125741094915,1.1107637000213724,0.9810024426104232,0.11043456612720219,0.9768107095168697,0.8663761433896675,0.10888220545427087,0.9846432432640944,0.8757610378098235,0.4490934,0.4827795807702814,1.007799695585284,0.4493466851476963,unknown,no,no,ML_much_worse,primary DOI test sample aggregate,ML tau prediction much worse than fitting; ML false high-ZT prediction; possible missing structure/additive feature,True
10.1002_pssa.201300195__sample_40201,10.1002/pssa.201300195,https://doi.org/10.1002/pssa.201300195,,40201,Ba8.0Cu4.7Ge35.2Si6.2,unknown,n,13,0,0,0,0.15456510667920736,1.0216063628579013,0.867041256178694,,,,,,,,,,,,,,unknown,no,no,not_evaluated,primary DOI test sample aggregate,sigma ML error propagated to ZT error; possible missing structure/additive feature,True
10.1002_pssa.201300195__sample_40202,10.1002/pssa.201300195,https://doi.org/10.1002/pssa.201300195,,40202,Ba8.0Cu4.6Ge35.0Si6.4,unknown,n,13,0,0,0,0.1564943726611209,1.033757134367093,0.8772627617059722,,,,,,,,,,,,,,unknown,no,no,not_evaluated,primary DOI test sample aggregate,sigma ML error propagated to ZT error; possible missing structure/additive feature,True
10.1002_pssa.201300195__sample_40203,10.1002/pssa.201300195,https://doi.org/10.1002/pssa.201300195,,40203,Ba8.0Cu4.7Ge35.0Si6.3,unknown,n,13,0,0,0,0.15374311019608264,1.029432303875478,0.8756891936793954,,,,,,,,,,,,,,unknown,no,no,not_evaluated,primary DOI test sample aggregate,sigma ML error propagated to ZT error; possible missing structure/additive feature,True
10.1002_pssa.202000096__sample_83943,10.1002/pssa.202000096,https://doi.org/10.1002/pssa.202000096,,83943,Ti2FeNiSb1.8Sn0.2,unknown,p,10,9,8,8,0.3043324721387246,1.1936963267912248,0.8893638546525002,0.21106728098755598,2.489241026086005,2.2781737450984494,0.21126546618908018,2.4371786490911322,2.225913182902052,0.2281125383576612,2.4993234590761144,2.2712109207184534,0.3654,0.3286319534882205,1.042303316704444,0.3606198854182174,unknown,no,no,ML_much_worse,primary DOI test sample aggregate,ML tau prediction much worse than fitting; sigma ML error propagated to ZT error; ML false high-ZT prediction; possible missing structure/additive feature,True
10.1002_pssa.202000096__sample_83944,10.1002/pssa.202000096,https://doi.org/10.1002/pssa.202000096,,83944,Ti2FeNiSb1.7Sn0.3,unknown,p,10,7,6,6,0.296378853108667,0.9312394382631555,0.6348605851544884,0.1922577726562659,1.882523551742814,1.690265779086548,0.22030074434209468,1.9499591452905072,1.7296584009484124,0.21244544193584525,1.9313313125204317,1.7188858705845864,0.4178,0.3954213470788848,0.956010832520971,0.3945506587918884,unknown,no,no,ML_much_worse,primary DOI test sample aggregate,ML tau prediction much worse than fitting; possible missing structure/additive feature,True
10.1002_pssa.202000096__sample_83945,10.1002/pssa.202000096,https://doi.org/10.1002/pssa.202000096,,83945,Ti2FeNiSb1.6Sn0.4,unknown,p,10,10,9,9,0.3345125403132787,0.9723091601157609,0.6377966198024821,0.2677445494790818,1.6343543113370074,1.3666097618579256,0.25619054900991267,1.533399768318816,1.2772092193089035,0.27334996441905973,1.5900487452415344,1.3166987808224746,0.3209,0.2909418342283272,0.7249322214507012,0.3189040734939485,unknown,no,no,ML_much_worse,primary DOI test sample aggregate,ML tau prediction much worse than fitting; possible missing structure/additive feature,True
10.1002_pssa.202000096__sample_83946,10.1002/pssa.202000096,https://doi.org/10.1002/pssa.202000096,,83946,Ti2FeNiSb1.5Sn0.5,unknown,p,10,10,9,10,0.34828326913384805,0.8763507021389647,0.5280674330051167,0.28420206951316584,1.373706141762935,1.089504072249769,0.206753555355312,1.1291967210900433,0.9224431657347313,0.28420206951312854,1.3737061417628467,1.089504072249718,0.2622,0.2244323278279233,0.5015705032834814,0.2592184040897136,unknown,no,no,ML_much_worse,primary DOI test sample aggregate,ML tau prediction much worse than fitting; possible missing structure/additive feature,True
10.1002_pssa.202000096__sample_83947,10.1002/pssa.202000096,https://doi.org/10.1002/pssa.202000096,,83947,Ti2FeNiSb1.7Sn0.3,unknown,p,10,10,8,9,0.29540525303810217,0.9331248424009537,0.6377195893628516,0.2250274539767673,1.5290327798779335,1.3040053259011661,0.20954071832473795,1.7460875644398028,1.5365468461150649,0.23077484677513782,1.5874428310142266,1.3566679842390887,0.3956,0.3967997398891237,0.9615659789831086,0.4154640775986541,unknown,no,no,ML_much_worse,primary DOI test sample aggregate,ML tau prediction much worse than fitting; possible missing structure/additive feature,True
10.1002_pssa.202000096__sample_83948,10.1002/pssa.202000096,https://doi.org/10.1002/pssa.202000096,,83948,Ti1.8Hf0.2FeNiSb1.7Sn0.3,unknown,p,10,10,6,8,0.2953325818397588,1.089988884391456,0.7946563025516973,0.22812830351448352,1.97982143042258,1.7516931269080966,0.1680110707372641,1.9013114277488405,1.7333003570115764,0.22580673301960175,2.180402921889851,1.9545961888702492,0.489,0.4730137186971681,1.3506489994979312,0.4864258674036449,unknown,no,no,ML_much_worse,primary DOI test sample aggregate,ML tau prediction much worse than fitting; sigma ML error propagated to ZT error; ML false high-ZT prediction; possible missing structure/additive feature,True
10.1002_pssa.202000096__sample_83949,10.1002/pssa.202000096,https://doi.org/10.1002/pssa.202000096,,83949,Ti1.6Hf0.4FeNiSb1.7Sn0.3,unknown,p,10,9,8,9,0.30415086371304423,1.0512262405536599,0.7470753768406156,0.1790956928259072,1.6529454469259337,1.4738497541000264,0.1832312157743545,1.7184394659238424,1.535208250149488,0.1790956928259242,1.6529454469259504,1.4738497541000262,0.5248,0.5303506119554067,1.450702391976709,0.5215928765948125,unknown,no,no,ML_much_worse,primary DOI test sample aggregate,ML tau prediction much worse than fitting; sigma ML error propagated to ZT error; ML false high-ZT prediction; possible missing structure/additive feature,True
10.1002_pssa.202000096__sample_83950,10.1002/pssa.202000096,https://doi.org/10.1002/pssa.202000096,,83950,Ti1.4Hf0.6FeNiSb1.7Sn0.3,unknown,p,10,8,6,7,0.3118063708879859,1.093492162677462,0.7816857917894762,0.1977431222938687,1.7325030573828075,1.534759935088939,0.2597429391971519,1.691291243408264,1.4315483042111121,0.2208293337040946,1.7006765403662674,1.4798472066621728,0.5189,0.4807432577587706,1.3711811109130558,0.5193767317381086,unknown,no,no,ML_much_worse,primary DOI test sample aggregate,ML tau prediction much worse than fitting; sigma ML error propagated to ZT error; ML false high-ZT prediction; possible missing structure/additive feature,True
10.1002_pssa.202000419__sample_84406,10.1002/pssa.202000419,https://doi.org/10.1002/pssa.202000419,,84406,Nb0.9Ti0.1FeSb,unknown,p,17,16,1,1,0.30635909917042653,1.2987076160090836,0.992348516838657,0.272937711473722,0.7027254196188735,0.4297877081451515,0.2781058260147038,0.795652400129784,0.5175465741150802,0.27688328943724244,0.7953063349801256,0.5184230455428831,0.7235,0.0377839410663904,0.0106955533772071,0.0522515114288888,unknown,no,no,ML_much_worse,primary DOI test sample aggregate,ML tau prediction much worse than fitting; sigma ML error propagated to ZT error; possible missing structure/additive feature,True
10.1002_pssa.202000419__sample_84407,10.1002/pssa.202000419,https://doi.org/10.1002/pssa.202000419,,84407,Nb0.9Ti0.1FeSb,unknown,p,17,12,0,0,0.2782706173502271,1.3833098001117994,1.1050391827615722,0.22562491592368017,0.7504106887847307,0.5247857728610505,,,,,,,0.7753,,,,unknown,no,no,not_evaluated,primary DOI test sample aggregate,sigma ML error propagated to ZT error; possible missing structure/additive feature,True
10.1002_pssc.201300339__sample_8962,10.1002/pssc.201300339,https://doi.org/10.1002/pssc.201300339,,8962,CrSi2,unknown,p,15,0,0,0,0.32125209962658,1.049163266144898,0.727911166518318,,,,,,,,,,0.09821429,,,,unknown,no,no,not_evaluated,primary DOI test sample aggregate,sigma ML error propagated to ZT error; possible missing structure/additive feature,True
10.1002_slct.201901565__sample_27873,10.1002/slct.201901565,https://doi.org/10.1002/slct.201901565,,27873,Bi0.3Sb1.7Te,unknown,p,12,11,2,2,0.1326788924609495,0.1900547290945301,0.05737583663358062,0.12217753292201282,0.14200616610520644,0.019828633183193625,0.1088002011339765,0.19379623308533991,0.08499603195136342,0.11029306480001916,0.19447959691102568,0.08418653211100652,1.050029,1.0644857087539612,0.9290564164193378,1.0318225737449835,unknown,no,no,ML_close_to_fitting,primary DOI test sample aggregate,ML missed high ZT; possible missing structure/additive feature,True
10.1002_slct.201901565__sample_27874,10.1002/slct.201901565,https://doi.org/10.1002/slct.201901565,,27874,Cu0.0008Bi0.3Sb1.6992Te,unknown,p,12,12,2,2,0.16669214282722666,0.4048736634743474,0.23818152064712073,0.1476987667645844,0.298956462571596,0.15125769580701162,0.09670226104127796,0.34984773223433974,0.25314547119306174,0.08818102315511588,0.3530797951210112,0.2648987719658953,1.170803,1.1915624974580077,0.8239040387362554,1.1654880902083715,unknown,no,no,ML_moderately_worse,primary DOI test sample aggregate,ML missed high ZT; possible missing structure/additive feature,True
10.1002_slct.201901565__sample_27875,10.1002/slct.201901565,https://doi.org/10.1002/slct.201901565,,27875,Cu0.001Bi0.3Sb1.699Te,unknown,p,12,12,9,9,0.17250679824743745,0.44458452429332235,0.27207772604588487,0.152695930188274,0.3263281759173956,0.17363224572912161,0.1379080550907249,0.2778690846350642,0.1399610295443393,0.13719208829552643,0.2789635415104261,0.1417714532148997,1.281702,1.274020822784709,0.8457138432067997,1.2863181689430887,unknown,no,no,ML_moderately_worse,primary DOI test sample aggregate,ML missed high ZT; possible missing structure/additive feature,True
10.1002_slct.201901565__sample_27876,10.1002/slct.201901565,https://doi.org/10.1002/slct.201901565,,27876,Cu0.0025Bi0.3Sb1.6975Te,unknown,p,12,12,2,2,0.1739536826183059,0.6113058831115044,0.43735220049319845,0.15174342763553464,0.4350148232149433,0.2832713955794086,0.2384279259694596,0.40949753789049126,0.17106961192103165,0.23612751333957324,0.4117116097679131,0.17558409642833986,1.221653,1.219344575643261,0.6786024655334265,1.051866554016497,unknown,no,no,ML_moderately_worse,primary DOI test sample aggregate,ML missed high ZT; possible missing structure/additive feature,True
10.1002_slct.201901565__sample_27877,10.1002/slct.201901565,https://doi.org/10.1002/slct.201901565,,27877,Cu0.005Bi0.3Sb1.695Te,unknown,p,12,12,2,2,0.1617561037582632,0.5480308057370322,0.386274701978769,0.14159591852678516,0.3998148502505244,0.2582189317237392,0.1234973780571981,0.4807815814250803,0.35728420336788225,0.12949220319062174,0.48433276718024687,0.35484056398962516,1.205655,1.0879046917412438,0.644447762579523,1.1879664028763652,unknown,no,no,ML_moderately_worse,primary DOI test sample aggregate,ML missed high ZT; possible missing structure/additive feature,True
10.1002_smll.202101328__sample_44605,10.1002/smll.202101328,https://doi.org/10.1002/smll.202101328,,44605,Bi1.997W0.003Te2.482Cl0.018Se0.5,unknown,n,12,10,7,8,0.09648963080790163,0.33645901965984165,0.23996938885194002,0.05737739463472311,0.24905626227899388,0.19167886764427078,0.080880867770479,0.2184183708079965,0.1375375030375175,0.06149630350605081,0.23502777937933794,0.17353147587328713,1.169615,1.2834097539822382,0.9297810302980012,1.1741931155887424,unknown,no,no,ML_moderately_worse,primary DOI test sample aggregate,ML missed high ZT; possible missing structure/additive feature,True
10.1002_smll.202101328__sample_44606,10.1002/smll.202101328,https://doi.org/10.1002/smll.202101328,,44606,Bi1.996W0.004Te2.476Cl0.024Se0.5,unknown,n,12,5,1,1,0.1465952969310259,0.40490034941408687,0.25830505248306096,0.11933153521056164,0.31444299761432765,0.195111462403766,0.10326605954559898,0.38518078141004664,0.28191472186444766,0.1245015404304785,0.3997402635206576,0.2752387230901791,1.353907,1.0850740732340984,0.7439490842511827,1.2393786206861224,unknown,no,no,ML_moderately_worse,primary DOI test sample aggregate,ML missed high ZT; possible missing structure/additive feature,True
10.1002_smll.202101328__sample_44607,10.1002/smll.202101328,https://doi.org/10.1002/smll.202101328,,44607,Bi1.995W0.005Te2.47Cl0.03Se0.5,unknown,n,12,7,5,6,0.13975168206031738,0.5130984759934677,0.3733467939331503,0.12451949300823076,0.4230648523698634,0.2985453593616326,0.14645173236499126,0.41397870196179565,0.2675269695968044,0.11797992415776326,0.4119777707584283,0.293997846600665,1.10741,1.21146854621996,0.7394367561679214,1.1220761999714557,unknown,no,no,ML_moderately_worse,primary DOI test sample aggregate,ML missed high ZT; possible missing structure/additive feature,True
10.1002_zaac.201300383__sample_1251,10.1002/zaac.201300383,https://doi.org/10.1002/zaac.201300383,,1251,K8Zn4Sn42,unknown,n,72,0,0,0,0.10519605353974425,1.1044580093210017,0.9992619557812574,,,,,,,,,,,,,,unknown,no,no,not_evaluated,primary DOI test sample aggregate,sigma ML error propagated to ZT error; possible missing structure/additive feature,True
10.1002_zaac.202000224__sample_39313,10.1002/zaac.202000224,https://doi.org/10.1002/zaac.202000224,,39313,(Sn12Sb2Te15)44.09(NiTe2)55.91,unknown,p,19,19,19,19,0.1483822113197338,1.2409151592026897,1.092532947882956,0.12810640907956422,0.7049156612182766,0.5768092521387125,0.13866701025317485,0.7095140184753093,0.5708470082221344,0.12810640907955592,0.7049156612182519,0.5768092521386959,0.4224829,0.5491813701732169,0.1601990205305322,0.413294943928585,unknown,no,no,ML_much_worse,primary DOI test sample aggregate,ML tau prediction much worse than fitting; sigma ML error propagated to ZT error; possible missing structure/additive feature,True
10.1002_zaac.202000224__sample_39314,10.1002/zaac.202000224,https://doi.org/10.1002/zaac.202000224,,39314,(Sn12Sb2Te15)25.95(NiTe2)74.05,unknown,p,19,19,19,19,0.14880164327400627,1.517969123184243,1.3691674799102367,0.1279699402997908,0.7766670954229111,0.6486971551231203,0.1342097197672018,0.7806311643788908,0.6464214446116889,0.12796994029979136,0.7766670954228799,0.6486971551230886,0.3381225,0.4465765268146438,0.0985882941882375,0.3369634673167178,unknown,no,no,ML_much_worse,primary DOI test sample aggregate,ML tau prediction much worse than fitting; sigma ML error propagated to ZT error; possible missing structure/additive feature,True
10.1007_bf00661543__sample_17664,10.1007/bf00661543,https://doi.org/10.1007/bf00661543,,17664,Pd99.999Ru0.001,unknown,p,18,0,0,0,0.00012439426325745688,7.556676762945038,7.556552368681781,,,,,,,,,,,,,,unknown,no,no,not_evaluated,primary DOI test sample aggregate,sigma ML error propagated to ZT error; possible missing structure/additive feature,True
10.1007_bf00661543__sample_17665,10.1007/bf00661543,https://doi.org/10.1007/bf00661543,,17665,Pd99.995Ru0.005,unknown,p,43,0,0,0,6.553940220244794e-05,6.377935041442304,6.3778695020401015,,,,,,,,,,,,,,unknown,no,no,not_evaluated,primary DOI test sample aggregate,sigma ML error propagated to ZT error; possible missing structure/additive feature,True
10.1007_bf00661543__sample_17666,10.1007/bf00661543,https://doi.org/10.1007/bf00661543,,17666,Pd99.99Ru0.01,unknown,p,35,0,0,0,0.0023019815983892416,5.711119921127815,5.708817939529426,,,,,,,,,,,,,,unknown,no,no,not_evaluated,primary DOI test sample aggregate,sigma ML error propagated to ZT error; possible missing structure/additive feature,True
10.1007_bf00661543__sample_17667,10.1007/bf00661543,https://doi.org/10.1007/bf00661543,,17667,Pd99.95Ru0.05,unknown,p,24,0,0,0,4.2425333993696606e-05,4.418828187527844,4.418785762193851,,,,,,,,,,,,,,unknown,no,no,not_evaluated,primary DOI test sample aggregate,sigma ML error propagated to ZT error; possible missing structure/additive feature,True
10.1007_s10853-012-6967-0__sample_8797,10.1007/s10853-012-6967-0,https://doi.org/10.1007/s10853-012-6967-0,,8797,Mg2Si0.6Sn0.4,unknown,n,52,0,0,0,0.3113781873845435,1.0341113138360616,0.7227331264515181,,,,,,,,,,,,,,unknown,no,no,not_evaluated,primary DOI test sample aggregate,sigma ML error propagated to ZT error; possible missing structure/additive feature,True
10.1007_s10853-012-6967-0__sample_8798,10.1007/s10853-012-6967-0,https://doi.org/10.1007/s10853-012-6967-0,,8798,Mg2Si0.4Sn0.6,unknown,n,83,0,0,0,0.08374100422193406,1.058494400908381,0.9747533966864469,,,,,,,,,,,,,,unknown,no,no,not_evaluated,primary DOI test sample aggregate,sigma ML error propagated to ZT error; possible missing structure/additive feature,True
10.1007_s10853-016-9980-x__sample_2539,10.1007/s10853-016-9980-x,https://doi.org/10.1007/s10853-016-9980-x,,2539,Pb0.99Ca0.01Te,unknown,p,21,5,1,1,0.3808203902019881,2.673525715176445,2.292705324974457,0.390197554250333,17.954947053664533,17.5647494994142,0.7499931185086521,2.525413104530513,1.775419986021861,0.42475572515857685,19.090856996681307,18.66610127152273,1.036861,0.1058466134500231,1.492571068047985,0.074291060271572,unknown,no,no,ML_much_worse,primary DOI test sample aggregate,ML tau prediction much worse than fitting; sigma ML error propagated to ZT error; possible missing structure/additive feature,True
10.1007_s10853-016-9980-x__sample_2541,10.1007/s10853-016-9980-x,https://doi.org/10.1007/s10853-016-9980-x,,2541,Pb0.986Na0.014Te,unknown,p,19,8,1,2,0.4528935008360465,0.6314112052197123,0.17851770438366577,0.23312631220113725,0.4085136749591569,0.17538736275801967,0.40126360383829873,0.09750196111834686,-0.3037616427199519,0.3579851105239781,0.3755702490388637,0.017585138514885634,1.240599,1.351386186365116,0.8703739821868762,1.017988775138781,unknown,no,no,ML_better_than_fitting,primary DOI test sample aggregate,ML missed high ZT; possible missing structure/additive feature,True
10.1007_s10853-016-9980-x__sample_2542,10.1007/s10853-016-9980-x,https://doi.org/10.1007/s10853-016-9980-x,,2542,Pb0.966Ca0.02Na0.014Te,unknown,p,21,7,0,0,0.4436514562263846,0.5223735503637045,0.0787220941373199,0.3212586908354852,0.35811609263258404,0.03685740179709884,,,,,,,1.289858,,,,unknown,no,no,not_evaluated,primary DOI test sample aggregate,ML missed high ZT; possible missing structure/additive feature,True
10.1007_s10854-016-5113-1__sample_2427,10.1007/s10854-016-5113-1,https://doi.org/10.1007/s10854-016-5113-1,,2427,Dy8Al16Si30,unknown,p,8,0,0,0,0.16039755926771798,1.7771159290291554,1.6167183697614373,,,,,,,,,,,,,,unknown,no,no,not_evaluated,primary DOI test sample aggregate,sigma ML error propagated to ZT error; possible missing structure/additive feature,True
10.1007_s10854-020-03214-z__sample_32405,10.1007/s10854-020-03214-z,https://doi.org/10.1007/s10854-020-03214-z,,32405,PbS,unknown,n,20,20,20,20,0.2022079143663416,0.9611643643752226,0.758956450008881,0.17699782070825168,1.611654393535304,1.4346565728270524,0.25992464592967346,1.906227660646207,1.6463030147165334,0.17699782070825437,1.6116543935351824,1.434656572826928,0.3298653,0.5144914191428638,1.3166323171677567,0.3810406549771475,unknown,no,no,ML_much_worse,primary DOI test sample aggregate,ML tau prediction much worse than fitting; ML false high-ZT prediction; possible missing structure/additive feature,True
10.1007_s10904-011-9583-6__sample_30338,10.1007/s10904-011-9583-6,https://doi.org/10.1007/s10904-011-9583-6,,30338,Yb0.2Co4Sb12,unknown,n,11,2,1,1,0.11229214328158633,0.29021224580390387,0.17792010252231755,0.062078245216017625,0.2822945039769893,0.22021625876097167,0.04896013399050399,0.2722564166035248,0.2232962826130208,0.06149466303711532,0.2818479420595955,0.2203532790224802,1.155556,0.6622055398549078,0.5067251644677071,0.7055959234050645,unknown,no,no,ML_moderately_worse,primary DOI test sample aggregate,ML missed high ZT; possible missing structure/additive feature,True
10.1007_s10904-011-9583-6__sample_30341,10.1007/s10904-011-9583-6,https://doi.org/10.1007/s10904-011-9583-6,,30341,PbTe,unknown,n,11,1,0,0,0.46562709219452464,2.1811660156633486,1.7155389234688239,0.18305174480100206,5.88060662222092,5.697554877419918,,,,,,,0.1222222,,,,unknown,no,no,not_evaluated,primary DOI test sample aggregate,sigma ML error propagated to ZT error; possible missing structure/additive feature,True
10.1007_s10948-008-0342-z__sample_23901,10.1007/s10948-008-0342-z,https://doi.org/10.1007/s10948-008-0342-z,,23901,Bi1.3V0.3Pb0.4Sr2Ca2Cu3O10,unknown,p,22,0,0,0,0.6066391789160517,4.702404938512895,4.095765759596844,,,,,,,,,,,,,,unknown,no,no,not_evaluated,primary DOI test sample aggregate,sigma ML error propagated to ZT error; possible missing structure/additive feature,True
10.1007_s11595-009-6912-5__sample_9214,10.1007/s11595-009-6912-5,https://doi.org/10.1007/s11595-009-6912-5,,9214,Mg2Si,unknown,n,20,9,1,6,0.407212591415371,0.8966138720888743,0.48940128067350336,0.3118614023447933,1.3288851479985582,1.017023745653765,2.9861179426384754,7.860701041247822,4.874583098609346,0.3434949193806687,1.3360655109112267,0.992570591530558,0.08781818,0.6949218870568271,1.5447347963202975,0.9123918833241136,unknown,no,no,ML_much_worse,primary DOI test sample aggregate,ML tau prediction much worse than fitting; ML false high-ZT prediction; possible missing structure/additive feature,True
10.1007_s11595-009-6912-5__sample_9215,10.1007/s11595-009-6912-5,https://doi.org/10.1007/s11595-009-6912-5,,9215,Mg2Si,unknown,n,20,9,0,3,0.7454820202143658,1.359794423940692,0.6143124037263262,0.9963640716976394,4.200123575658218,3.203759503960578,,,,0.38280503973254243,0.9244919919087673,0.5416869521762249,0.3627273,0.5450739138824141,1.6996094423883523,1.002825407567974,unknown,no,no,not_evaluated,primary DOI test sample aggregate,sigma ML error propagated to ZT error; ML false high-ZT prediction; possible missing structure/additive feature,True
10.1007_s11661-015-2867-7__sample_17110,10.1007/s11661-015-2867-7,https://doi.org/10.1007/s11661-015-2867-7,,17110,Zn63.21Sb36.79,unknown,p,9,0,0,0,0.19735458494205196,1.9876895436024855,1.7903349586604336,,,,,,,,,,,,,,unknown,no,no,not_evaluated,primary DOI test sample aggregate,sigma ML error propagated to ZT error; possible missing structure/additive feature,True
10.1007_s11661-015-2867-7__sample_17111,10.1007/s11661-015-2867-7,https://doi.org/10.1007/s11661-015-2867-7,,17111,Zn63.21Sb36.79,unknown,p,9,0,0,0,0.19928155710280174,1.5663199141908908,1.367038357088089,,,,,,,,,,,,,,unknown,no,no,not_evaluated,primary DOI test sample aggregate,sigma ML error propagated to ZT error; possible missing structure/additive feature,True
10.1007_s11661-015-2867-7__sample_17112,10.1007/s11661-015-2867-7,https://doi.org/10.1007/s11661-015-2867-7,,17112,Zn63.21Sb36.79,unknown,p,9,0,0,0,0.17291231318567796,1.5709700501479984,1.3980577369623204,,,,,,,,,,,,,,unknown,no,no,not_evaluated,primary DOI test sample aggregate,sigma ML error propagated to ZT error; possible missing structure/additive feature,True
10.1007_s11664-006-0085-1__sample_14247,10.1007/s11664-006-0085-1,https://doi.org/10.1007/s11664-006-0085-1,,14247,Mo3Sb5.4Te1.6,unknown,p,68,54,0,25,0.2542369747518485,1.414660928737203,1.1604239539853545,0.22341718731531543,0.7416570949214626,0.5182399076061471,,,,0.2109651637729673,0.7503377632258027,0.5393725994528353,,0.0507251234040839,0.0126138207540531,0.0346620820920208,unknown,no,no,not_evaluated,primary DOI test sample aggregate,sigma ML error propagated to ZT error; possible missing structure/additive feature,True
10.1007_s11664-006-0085-1__sample_14248,10.1007/s11664-006-0085-1,https://doi.org/10.1007/s11664-006-0085-1,,14248,Ni0.06Mo3Sb5.4Te1.6,unknown,p,56,39,0,14,0.25517871354256394,1.4437433572933613,1.1885646437507975,0.24653059263853935,0.7468886654551298,0.5003580728165904,,,,0.2519145095156255,0.7455267300571322,0.4936122205415067,,0.0729793185636004,0.0176222591316959,0.0426440629177707,unknown,no,no,not_evaluated,primary DOI test sample aggregate,sigma ML error propagated to ZT error; possible missing structure/additive feature,True
10.1007_s11664-008-0651-9__sample_28387,10.1007/s11664-008-0651-9,https://doi.org/10.1007/s11664-008-0651-9,,28387,SrTi0.9Ta0.1O3,unknown,n,10,6,1,3,0.28851959216446915,1.470929100550929,1.1824095083864599,0.20356588788285834,0.7441707489273712,0.5406048610445129,0.0720844807039903,0.7465909891589829,0.6745065084549926,0.13011969160651782,0.7328731845890454,0.6027534929825276,0.1680233,0.2039924200352313,0.0482177648409281,0.1601502196332337,unknown,no,no,ML_much_worse,primary DOI test sample aggregate,ML tau prediction much worse than fitting; sigma ML error propagated to ZT error; possible missing structure/additive feature,True
10.1007_s11664-009-0660-3__sample_8194,10.1007/s11664-009-0660-3,https://doi.org/10.1007/s11664-009-0660-3,,8194,NdGdS3,unknown,n,26,0,0,0,0.1637610133188694,2.4486462718563655,2.2848852585374964,,,,,,,,,,,,,,unknown,no,no,not_evaluated,primary DOI test sample aggregate,sigma ML error propagated to ZT error; possible missing structure/additive feature,True
10.1007_s11664-009-0663-0__sample_5712,10.1007/s11664-009-0663-0,https://doi.org/10.1007/s11664-009-0663-0,,5712,In0.25Co4Sb12,unknown,n,19,7,5,6,0.05714397913558265,0.05715951528534159,1.553614975894485e-05,0.038315824833929264,0.03779542157837041,-0.0005204032555588545,1.3764385274861237,1.3796074924785284,0.0031689649924047103,0.03973979247312273,0.039348287436396026,-0.00039150503672670534,0.4110032,0.7190060045123916,0.7199647942438636,0.6852335216636124,unknown,no,no,ML_close_to_fitting,primary DOI test sample aggregate,possible missing structure/additive feature,True
10.1007_s11664-009-0975-0__sample_18953,10.1007/s11664-009-0975-0,https://doi.org/10.1007/s11664-009-0975-0,,18953,Cr1.3Mo6S8,unknown,p,28,0,0,0,0.160647518312959,1.7265067566411103,1.5658592383281513,,,,,,,,,,,,,,unknown,no,no,not_evaluated,primary DOI test sample aggregate,sigma ML error propagated to ZT error; possible missing structure/additive feature,True
10.1007_s11664-009-0975-0__sample_18954,10.1007/s11664-009-0975-0,https://doi.org/10.1007/s11664-009-0975-0,,18954,Mn1.3Mo6S8,unknown,p,28,0,0,0,0.19084190850561433,1.4884600352976378,1.2976181267920235,,,,,,,,,,,,,,unknown,no,no,not_evaluated,primary DOI test sample aggregate,sigma ML error propagated to ZT error; possible missing structure/additive feature,True
10.1007_s11664-009-0975-0__sample_18955,10.1007/s11664-009-0975-0,https://doi.org/10.1007/s11664-009-0975-0,,18955,Fe1.3Mo6S8,unknown,p,28,0,0,0,0.19323594881287362,1.1613315293478637,0.96809558053499,,,,,,,,,,,,,,unknown,no,no,not_evaluated,primary DOI test sample aggregate,sigma ML error propagated to ZT error; possible missing structure/additive feature,True
10.1007_s11664-009-0975-0__sample_18956,10.1007/s11664-009-0975-0,https://doi.org/10.1007/s11664-009-0975-0,,18956,Ni2.0Mo6S8,unknown,p,28,0,0,0,0.29687095788516554,2.013237139329811,1.7163661814446454,,,,,,,,,,,,,,unknown,no,no,not_evaluated,primary DOI test sample aggregate,sigma ML error propagated to ZT error; possible missing structure/additive feature,True
10.1007_s11664-009-0975-0__sample_18957,10.1007/s11664-009-0975-0,https://doi.org/10.1007/s11664-009-0975-0,,18957,Cu4.0Mo6S8,unknown,p,28,0,0,0,0.19980894775454086,1.0501360723450162,0.8503271245904753,,,,,,,,,,,,,,unknown,no,no,not_evaluated,primary DOI test sample aggregate,sigma ML error propagated to ZT error; possible missing structure/additive feature,True
10.1007_s11664-009-0993-y__sample_16740,10.1007/s11664-009-0993-y,https://doi.org/10.1007/s11664-009-0993-y,,16740,(GeTe)80(AgSbTe2)20,unknown,p,22,22,2,2,0.04860926765010643,0.4916864923190758,0.44307722466896937,0.041935431161346896,0.38619950742838627,0.34426407626703937,0.039036936155993775,0.39524348796663916,0.35620655181064537,0.03831127730540703,0.3989317812192268,0.3606205039138198,1.395074,1.3417089030011704,0.8225601423502832,1.3170325315921123,unknown,no,no,ML_moderately_worse,primary DOI test sample aggregate,ML missed high ZT; possible missing structure/additive feature,True
10.1007_s11664-009-0993-y__sample_16741,10.1007/s11664-009-0993-y,https://doi.org/10.1007/s11664-009-0993-y,,16741,(GeTe)80(Ag1.2Sb0.8Te1.8)20,unknown,p,22,7,2,2,0.05760637276316884,0.5087131715773757,0.4511067988142069,0.04081203108883095,0.402747494156859,0.36193546306802804,0.06896175314455427,0.399802525724521,0.33084077257996675,0.06614715514294567,0.40012193370298305,0.3339747785600374,1.497537,0.8028335116444748,0.4843008803321378,0.8648608537282515,unknown,no,no,ML_moderately_worse,primary DOI test sample aggregate,ML missed high ZT; possible missing structure/additive feature,True
10.1007_s11664-009-0993-y__sample_16742,10.1007/s11664-009-0993-y,https://doi.org/10.1007/s11664-009-0993-y,,16742,(GeTe)80(Ag1.4Sb0.6Te1.6)20,unknown,p,17,4,0,0,0.04513371250911263,0.3841337745973814,0.33900006208826877,0.02809603730885049,0.3144866132865209,0.28639057597767037,,,,,,,1.028571,,,,unknown,no,no,not_evaluated,primary DOI test sample aggregate,ML missed high ZT; possible missing structure/additive feature,True
10.1007_s11664-009-0993-y__sample_16743,10.1007/s11664-009-0993-y,https://doi.org/10.1007/s11664-009-0993-y,,16743,(GeTe)80(Ag0.8Sb1.2Te2.2)20,unknown,p,19,19,1,1,0.09052323965635228,0.49162649705828176,0.4011032574019295,0.07701096379326909,0.3806428618297877,0.3036318980365186,0.022720799472039862,0.39722030793340396,0.3744995084613641,0.019453729910396574,0.3952051998831522,0.37575146997275566,1.36355,0.8588505524495809,0.5297336434225818,0.8758898775588613,unknown,no,no,ML_moderately_worse,primary DOI test sample aggregate,ML missed high ZT; possible missing structure/additive feature,True
10.1007_s11664-009-0993-y__sample_16744,10.1007/s11664-009-0993-y,https://doi.org/10.1007/s11664-009-0993-y,,16744,(GeTe)80(Ag0.6Sb1.4Te2.4)20,unknown,p,22,7,0,1,0.07579466092965614,0.3442798820739321,0.268485221144276,0.06312013054561884,0.297175824178939,0.23405569363332018,,,,0.16255820800264045,0.16907029235311632,0.006512084350475872,0.4768473,1.6256412452476958,1.161914814547777,1.398331054787068,unknown,no,no,not_evaluated,primary DOI test sample aggregate,ML false high-ZT prediction; possible missing structure/additive feature,True
10.1007_s11664-010-1076-9__sample_21543,10.1007/s11664-010-1076-9,https://doi.org/10.1007/s11664-010-1076-9,,21543,LiAlSi,unknown,p,35,0,0,0,0.4557284813604597,1.2303366221887253,0.7746081408282657,,,,,,,,,,,,,,unknown,no,no,not_evaluated,primary DOI test sample aggregate,sigma ML error propagated to ZT error; possible missing structure/additive feature,True
10.1007_s11664-010-1188-2__sample_4051,10.1007/s11664-010-1188-2,https://doi.org/10.1007/s11664-010-1188-2,,4051,In0.05Co3.5Fe0.5Sb12,unknown,p,9,8,6,6,0.09824998052697496,0.7195684527691801,0.6213184722422052,0.083153097001823,1.0700420212357808,0.9868889242339578,0.09895621524422886,0.9593496870281699,0.8603934717839411,0.08815206145317162,1.11483173697071,1.0266796755175382,0.1311475,0.1468435443030827,0.2995247517361694,0.1298063849221696,unknown,no,no,ML_much_worse,primary DOI test sample aggregate,ML tau prediction much worse than fitting; possible missing structure/additive feature,True
10.1007_s11664-010-1188-2__sample_4054,10.1007/s11664-010-1188-2,https://doi.org/10.1007/s11664-010-1188-2,,4054,In0.25Co3.5Fe0.5Sb12,unknown,p,9,8,7,7,0.04814244636660339,1.2478636821162685,1.1997212357496652,0.03865980943776449,2.5034318344044264,2.464772024966662,0.07835352368507774,2.244699772015231,2.166346248330153,0.044166835097598965,2.5068827628244343,2.4627159277268356,0.1360656,0.1378199745917186,0.4795666927072661,0.1362904480159096,unknown,no,no,ML_much_worse,primary DOI test sample aggregate,ML tau prediction much worse than fitting; sigma ML error propagated to ZT error; possible missing structure/additive feature,True
10.1007_s11664-010-1188-2__sample_4055,10.1007/s11664-010-1188-2,https://doi.org/10.1007/s11664-010-1188-2,,4055,In0.25Co3FeSb12,unknown,p,9,7,3,7,0.142011349756135,0.49729194816776157,0.35528059841162657,0.11493190609201685,0.6823936331815561,0.5674617270895392,0.15689569580562535,0.8545358610449588,0.6976401652393335,0.11493190609205484,0.6823936331814433,0.5674617270893885,0.2754098,0.2911602556503724,0.4689319017912888,0.297424023161987,unknown,no,no,ML_much_worse,primary DOI test sample aggregate,ML tau prediction much worse than fitting; possible missing structure/additive feature,True
10.1007_s11664-010-1202-8__sample_20900,10.1007/s11664-010-1202-8,https://doi.org/10.1007/s11664-010-1202-8,,20900,(Ag0.8SbTe1.9)15(GeTe)85,unknown,p,19,1,0,1,0.09353455192180836,0.7696603341618127,0.6761257822400043,0.017525631560308952,0.5260160768169918,0.5084904452566829,,,,0.017525631560297465,0.5260160768169764,0.5084904452566789,1.358394,1.4266571443484182,0.6645656181441174,1.402084724058252,unknown,no,no,not_evaluated,primary DOI test sample aggregate,ML missed high ZT; possible missing structure/additive feature,True
10.1007_s11664-010-1202-8__sample_20901,10.1007/s11664-010-1202-8,https://doi.org/10.1007/s11664-010-1202-8,,20901,(AgSbTe2)15(GeTe)85,unknown,p,19,6,3,6,0.0674858857021596,0.6798317645615977,0.612345878859438,0.0515077472173577,0.48620144069769755,0.43469369348033987,0.025102718033501465,0.501144258374114,0.4760415403406126,0.0515077472173594,0.4862014406976847,0.43469369348032527,1.16473,1.3602491485585997,0.6915595740885979,1.222569433344178,unknown,no,no,ML_moderately_worse,primary DOI test sample aggregate,ML missed high ZT; possible missing structure/additive feature,True
10.1007_s11664-010-1202-8__sample_20902,10.1007/s11664-010-1202-8,https://doi.org/10.1007/s11664-010-1202-8,,20902,(Ag1.2SbTe2.1)15(GeTe)85,unknown,p,19,11,2,6,0.08375734024967652,0.6427372900381083,0.5589799497884318,0.07760178626313673,0.4520695089158344,0.3744677226526977,0.03529398523789512,0.4525976211889763,0.41730363595108116,0.056463812893790676,0.464146656962024,0.40768284406823335,1.040092,1.2237144900765111,0.647028025280642,1.0917672952409423,unknown,no,no,ML_moderately_worse,primary DOI test sample aggregate,ML missed high ZT; possible missing structure/additive feature,True
10.1007_s11664-010-1202-8__sample_20903,10.1007/s11664-010-1202-8,https://doi.org/10.1007/s11664-010-1202-8,,20903,(Ag0.8SbTe1.9)15(GeTe)85,unknown,p,17,9,2,4,0.08098010793671877,0.6119004591207964,0.5309203511840777,0.08314523184917771,0.42847161985202686,0.34532638800284915,0.10230765043217083,0.42532234977826183,0.323014699346091,0.08328617186177836,0.44521641507269605,0.3619302432109177,1.337833,1.5469180517245769,0.8434508418469907,1.331950712499168,unknown,no,no,ML_moderately_worse,primary DOI test sample aggregate,ML missed high ZT; possible missing structure/additive feature,True
10.1007_s11664-010-1202-8__sample_20904,10.1007/s11664-010-1202-8,https://doi.org/10.1007/s11664-010-1202-8,,20904,(AgSbTe2)15(GeTe)85,unknown,p,17,8,5,7,0.054627092691563475,0.5432935670659188,0.48866647437435534,0.054055821072714866,0.41750648866507883,0.363450667592364,0.05105538451354959,0.4276032176581059,0.3765478331445563,0.043592083679983254,0.42809004941343465,0.3844979657334514,1.225686,1.5424865301545594,0.8983958245769914,1.5060356364381609,unknown,no,no,ML_moderately_worse,primary DOI test sample aggregate,ML missed high ZT; possible missing structure/additive feature,True
10.1007_s11664-010-1202-8__sample_20905,10.1007/s11664-010-1202-8,https://doi.org/10.1007/s11664-010-1202-8,,20905,(Ag1.2SbTe2.1)15(GeTe)85,unknown,p,19,8,4,5,0.09129501464410296,0.4556731943714423,0.3643781797273394,0.04252078496647364,0.34496687008479576,0.3024460851183221,0.061373043045899904,0.34805158406642894,0.28667854102052903,0.04764378023675428,0.34661220405548787,0.29896842381873356,1.453293,1.3296060423821687,0.8508229085919452,1.4242297634863,unknown,no,no,ML_moderately_worse,primary DOI test sample aggregate,ML missed high ZT; possible missing structure/additive feature,True
10.1007_s11664-010-1274-5__sample_13619,10.1007/s11664-010-1274-5,https://doi.org/10.1007/s11664-010-1274-5,,13619,Yb3.8Sm0.2Sb3,unknown,p,28,0,0,0,0.17196991068442657,1.4347691779304752,1.2627992672460486,,,,,,,,,,,,,,unknown,no,no,not_evaluated,primary DOI test sample aggregate,sigma ML error propagated to ZT error; possible missing structure/additive feature,True
10.1007_s11664-010-1274-5__sample_13620,10.1007/s11664-010-1274-5,https://doi.org/10.1007/s11664-010-1274-5,,13620,Yb3.6Sm0.4Sb3,unknown,p,32,0,0,0,0.3106662708951873,1.449701875319185,1.1390356044239978,,,,,,,,,,,,,,unknown,no,no,not_evaluated,primary DOI test sample aggregate,sigma ML error propagated to ZT error; possible missing structure/additive feature,True
10.1007_s11664-010-1424-9__sample_8005,10.1007/s11664-010-1424-9,https://doi.org/10.1007/s11664-010-1424-9,,8005,Bi2Te2.85Se0.15,unknown,n,12,12,0,5,0.08479648140289855,0.14341597122277283,0.058619489819874276,0.06145167457365195,0.1410258490138341,0.07957417444018217,,,,0.06795339481438818,0.10080886480832832,0.03285546999394014,,1.0337386260587014,1.1604918938557942,1.163129542087705,unknown,no,no,not_evaluated,primary DOI test sample aggregate,ML false high-ZT prediction; possible missing structure/additive feature,True
10.1007_s11664-010-1474-z__sample_8208,10.1007/s11664-010-1474-z,https://doi.org/10.1007/s11664-010-1474-z,,8208,TiS2,unknown,n,23,0,0,0,0.18089285245728642,2.747471666266008,2.5665788138087215,,,,,,,,,,,,,,unknown,no,no,not_evaluated,primary DOI test sample aggregate,sigma ML error propagated to ZT error; possible missing structure/additive feature,True
10.1007_s11664-010-1474-z__sample_8209,10.1007/s11664-010-1474-z,https://doi.org/10.1007/s11664-010-1474-z,,8209,Co0.05Ti0.95S2,unknown,n,34,0,0,0,0.1856534921768307,2.090095223270389,1.9044417310935584,,,,,,,,,,,,,,unknown,no,no,not_evaluated,primary DOI test sample aggregate,sigma ML error propagated to ZT error; possible missing structure/additive feature,True
10.1007_s11664-010-1474-z__sample_8210,10.1007/s11664-010-1474-z,https://doi.org/10.1007/s11664-010-1474-z,,8210,Co0.1Ti0.9S2,unknown,n,33,0,0,0,0.1524992786455016,2.0832734151084678,1.9307741364629663,,,,,,,,,,,,,,unknown,no,no,not_evaluated,primary DOI test sample aggregate,sigma ML error propagated to ZT error; possible missing structure/additive feature,True
10.1007_s11664-010-1487-7__sample_8097,10.1007/s11664-010-1487-7,https://doi.org/10.1007/s11664-010-1487-7,,8097,Bi2Te3,unknown,n,7,7,7,7,0.1887730860036457,0.9944594430582987,0.805686357054653,0.15821895812228437,0.6166188290375726,0.4583998709152882,0.1557098155966539,0.6165447362574791,0.4608349206608252,0.15821895812227998,0.6166188290375639,0.45839987091528395,1.043741,0.9617216122391152,0.362254450631699,1.0468256797816773,unknown,no,no,ML_moderately_worse,primary DOI test sample aggregate,ML missed high ZT; possible missing structure/additive feature,True
10.1007_s11664-010-1487-7__sample_8098,10.1007/s11664-010-1487-7,https://doi.org/10.1007/s11664-010-1487-7,,8098,Bi2Te3,unknown,n,7,7,7,7,0.18434966854505594,0.9530927834469204,0.7687431149018644,0.15564657138145988,0.6008110945421651,0.4451645231607052,0.15552294205640127,0.6007974910467456,0.44527454899034435,0.15564657138145116,0.6008110945421522,0.44516452316070104,1.182393,1.2049102759768449,0.472986213829662,1.1835727738493311,unknown,no,no,ML_moderately_worse,primary DOI test sample aggregate,ML missed high ZT; possible missing structure/additive feature,True
10.1007_s11664-010-1487-7__sample_8099,10.1007/s11664-010-1487-7,https://doi.org/10.1007/s11664-010-1487-7,,8099,Bi2Te3,unknown,n,7,7,7,7,0.15391441886592716,0.60275187009621,0.44883745123028285,0.1282420050020989,0.4352103848161629,0.306968379814064,0.12674924466602014,0.4369804800270729,0.3102312353610528,0.1282420050020929,0.43521038481615887,0.306968379814066,1.070151,1.1272022701518791,0.6293733103692933,1.0657762814001857,unknown,no,no,ML_moderately_worse,primary DOI test sample aggregate,ML missed high ZT; possible missing structure/additive feature,True
10.1007_s11664-010-1487-7__sample_8100,10.1007/s11664-010-1487-7,https://doi.org/10.1007/s11664-010-1487-7,,8100,Bi2Te3,unknown,n,7,7,7,7,0.14328258697843996,0.46278575983322656,0.3195031728547866,0.11836345971530303,0.3495994169633208,0.23123595724801776,0.11798346198357582,0.3510217459874398,0.23303828400386398,0.11836345971528899,0.3495994169633101,0.2312359572480211,1.087758,1.195230010045857,0.7697360065179341,1.0850147513688115,unknown,no,no,ML_moderately_worse,primary DOI test sample aggregate,ML missed high ZT; possible missing structure/additive feature,True
10.1007_s11664-010-1487-7__sample_8101,10.1007/s11664-010-1487-7,https://doi.org/10.1007/s11664-010-1487-7,,8101,Bi2Te3,unknown,n,7,7,7,7,0.1459104214923867,0.45270740902320183,0.30679698753081514,0.1183750215158351,0.3417412783668941,0.22336625685105901,0.11622167535389535,0.3431555024527028,0.22693382709880747,0.11837502151583297,0.3417412783668844,0.22336625685105144,1.126272,1.201217370088658,0.7825375522248997,1.123463568673856,unknown,no,no,ML_moderately_worse,primary DOI test sample aggregate,ML missed high ZT; possible missing structure/additive feature,True
10.1007_s11664-010-1501-0__sample_12775,10.1007/s11664-010-1501-0,https://doi.org/10.1007/s11664-010-1501-0,,12775,Zr0.5Hf0.5CoSb0.99Sn0.01,unknown,p,20,6,0,0,0.08612186654255932,2.823260342073466,2.7371384755309065,0.08318921704532826,17.195945906331833,17.112756689286506,,,,,,,0.0006107039,,,,unknown,no,no,not_evaluated,primary DOI test sample aggregate,sigma ML error propagated to ZT error; possible missing structure/additive feature,True
10.1007_s11664-010-1501-0__sample_12776,10.1007/s11664-010-1501-0,https://doi.org/10.1007/s11664-010-1501-0,,12776,Zr0.5Hf0.5Co0.9Ir0.1Sb0.99Sn0.01,unknown,p,20,11,0,1,0.3640911530317758,4.414612142501865,4.0505209894700895,0.3715318745615228,98.26408584925417,97.89255397469265,,,,0.17186738541812369,94.40881854147112,94.236951156053,0.0014248,4.758983114381815e-06,0.0003874576270761,4.06102531190746e-06,unknown,no,no,not_evaluated,primary DOI test sample aggregate,sigma ML error propagated to ZT error; possible missing structure/additive feature,True
10.1007_s11664-010-1501-0__sample_12777,10.1007/s11664-010-1501-0,https://doi.org/10.1007/s11664-010-1501-0,,12777,Zr0.5Hf0.5Co0.9Ir0.1Sb0.99Sn0.01,unknown,p,20,6,0,2,0.10828059843162352,3.7851833526504315,3.676902754218808,0.08226715594204058,46.59202165893743,46.50975450299539,,,,0.05909003072465224,45.57408882180768,45.51499879108302,0.005351958,0.0004128934703162,0.0181572261116395,0.0003964051751132,unknown,no,no,not_evaluated,primary DOI test sample aggregate,sigma ML error propagated to ZT error; possible missing structure/additive feature,True
10.1007_s11664-010-1501-0__sample_12778,10.1007/s11664-010-1501-0,https://doi.org/10.1007/s11664-010-1501-0,,12778,Zr0.5Hf0.5Co0.7Ir0.3Sb0.99Sn0.01,unknown,p,20,4,0,2,0.43136318136695956,3.2342720560289395,2.80290887466198,0.8202127517525647,34.38563100231962,33.565418250567056,,,,0.6102148141484436,28.98337696925592,28.37316215510748,0.01182047,0.0321498415868082,0.7929692913411388,0.0531033973406995,unknown,no,no,not_evaluated,primary DOI test sample aggregate,sigma ML error propagated to ZT error; possible missing structure/additive feature,True
10.1007_s11664-010-1501-0__sample_12779,10.1007/s11664-010-1501-0,https://doi.org/10.1007/s11664-010-1501-0,,12779,Zr0.5Hf0.5Co0.5Ir0.5Sb0.99Sn0.01,unknown,p,20,4,0,0,0.3300738221672752,2.1017232004692987,1.7716493783020235,0.45132186057670126,9.60385025853715,9.152528397960449,,,,,,,0.02582661,,,,unknown,no,no,not_evaluated,primary DOI test sample aggregate,sigma ML error propagated to ZT error; possible missing structure/additive feature,True
10.1007_s11664-010-1501-0__sample_12780,10.1007/s11664-010-1501-0,https://doi.org/10.1007/s11664-010-1501-0,,12780,Zr0.5Hf0.5Co0.5Ir0.5Sb0.99Sn0.01,unknown,p,20,5,1,1,0.19264847654035824,2.095569648994335,1.9029211724539767,0.15983306990564175,7.4304133916378134,7.270580321732171,0.19539781346639304,8.632807056074927,8.437409242608535,0.1669411551762154,8.403496364954409,8.236555209778194,0.0149878,0.0108736660502912,0.0876226523711909,0.0093180928636022,unknown,no,no,ML_much_worse,primary DOI test sample aggregate,ML tau prediction much worse than fitting; sigma ML error propagated to ZT error; possible missing structure/additive feature,True
10.1007_s11664-010-1501-0__sample_12781,10.1007/s11664-010-1501-0,https://doi.org/10.1007/s11664-010-1501-0,,12781,Zr0.5Hf0.5Co0.3Ir0.7Sb0.99Sn0.01,unknown,p,20,4,0,0,0.16442520692361956,1.5504701482522918,1.3860449413286722,0.10829810084800949,3.952423310372177,3.8441252095241674,,,,,,,0.03673497,,,,unknown,no,no,not_evaluated,primary DOI test sample aggregate,sigma ML error propagated to ZT error; possible missing structure/additive feature,True
10.1007_s11664-011-1531-2__sample_17647,10.1007/s11664-011-1531-2,https://doi.org/10.1007/s11664-011-1531-2,,17647,Al32CrMn33Si34,unknown,p,30,0,0,0,0.19395307730866082,2.3823402308444943,2.1883871535358335,,,,,,,,,,,,,,unknown,no,no,not_evaluated,primary DOI test sample aggregate,sigma ML error propagated to ZT error; possible missing structure/additive feature,True
10.1007_s11664-011-1531-2__sample_17648,10.1007/s11664-011-1531-2,https://doi.org/10.1007/s11664-011-1531-2,,17648,Al32Cr1.5Mn32.5Si34,unknown,p,33,0,0,0,0.24046174103339937,1.6354817519538714,1.395020010920472,,,,,,,,,,,,,,unknown,no,no,not_evaluated,primary DOI test sample aggregate,sigma ML error propagated to ZT error; possible missing structure/additive feature,True
10.1007_s11664-011-1531-2__sample_17649,10.1007/s11664-011-1531-2,https://doi.org/10.1007/s11664-011-1531-2,,17649,Al32Cr2Mn32Si34,unknown,p,33,0,0,0,0.2212555428477481,1.2650421742227826,1.0437866313750346,,,,,,,,,,,,,,unknown,no,no,not_evaluated,primary DOI test sample aggregate,sigma ML error propagated to ZT error; possible missing structure/additive feature,True
10.1007_s11664-011-1531-2__sample_17650,10.1007/s11664-011-1531-2,https://doi.org/10.1007/s11664-011-1531-2,,17650,Al32Cr2.5Mn31.5Si34,unknown,p,33,0,0,0,0.28073513118854526,1.0282303208923653,0.74749518970382,,,,,,,,,,,,,,unknown,no,no,not_evaluated,primary DOI test sample aggregate,sigma ML error propagated to ZT error; possible missing structure/additive feature,True
10.1007_s11664-011-1551-y__sample_8107,10.1007/s11664-011-1551-y,https://doi.org/10.1007/s11664-011-1551-y,,8107,Bi2Te3,unknown,p,21,21,21,21,0.22363320950815896,1.040822852696743,0.8171896431885839,0.182421135178122,1.8344352088714015,1.6520140736932796,0.18412761580680542,1.840296315618772,1.6561686998119665,0.18242113517806233,1.8344352088711993,1.652014073693137,0.2742138,0.3086089471052587,0.8528543457833628,0.2775667694685065,unknown,no,no,ML_much_worse,primary DOI test sample aggregate,ML tau prediction much worse than fitting; sigma ML error propagated to ZT error; possible missing structure/additive feature,True
10.1007_s11664-011-1584-2__sample_10060,10.1007/s11664-011-1584-2,https://doi.org/10.1007/s11664-011-1584-2,,10060,Mg2Si0.7Sn0.3,unknown,n,16,7,0,0,0.18180473784931592,1.5093133620503103,1.3275086242009944,0.12627165831904638,3.5562151480206743,3.429943489701628,,,,,,,0.2461129,,,,unknown,no,no,not_evaluated,primary DOI test sample aggregate,sigma ML error propagated to ZT error; possible missing structure/additive feature,True
10.1007_s11664-011-1584-2__sample_10061,10.1007/s11664-011-1584-2,https://doi.org/10.1007/s11664-011-1584-2,,10061,Mg2Si0.6945Sn0.3Sb0.0055,unknown,n,16,13,0,0,0.08631590391806278,1.1242055192088058,1.037889615290743,0.0730359052291955,2.0484080895803283,1.9753721843511327,,,,,,,0.5138403,,,,unknown,no,no,not_evaluated,primary DOI test sample aggregate,sigma ML error propagated to ZT error; possible missing structure/additive feature,True
10.1007_s11664-011-1584-2__sample_10062,10.1007/s11664-011-1584-2,https://doi.org/10.1007/s11664-011-1584-2,,10062,Mg2Si0.6935Sn0.3Sb0.0065,unknown,n,16,9,0,0,0.07892201062452858,1.1209735174795872,1.0420515068550587,0.05574297006049305,2.0683406650557825,2.0125976949952893,,,,,,,,,,,unknown,no,no,not_evaluated,primary DOI test sample aggregate,sigma ML error propagated to ZT error; possible missing structure/additive feature,True
10.1007_s11664-011-1584-2__sample_10063,10.1007/s11664-011-1584-2,https://doi.org/10.1007/s11664-011-1584-2,,10063,Mg2Si0.6925Sn0.3Sb0.0075,unknown,n,16,9,0,0,0.08081452818617553,1.0270217345501755,0.946207206364,0.07059767686188062,1.80782036713556,1.7372226902736794,,,,,,,,,,,unknown,no,no,not_evaluated,primary DOI test sample aggregate,sigma ML error propagated to ZT error; possible missing structure/additive feature,True
10.1007_s11664-011-1599-8__sample_15032,10.1007/s11664-011-1599-8,https://doi.org/10.1007/s11664-011-1599-8,,15032,In4Se2.85Te0.15,unknown,n,17,0,0,0,0.21053266263730033,1.6488636958719516,1.4383310332346513,,,,,,,,,,,,,,unknown,no,no,not_evaluated,primary DOI test sample aggregate,sigma ML error propagated to ZT error; possible missing structure/additive feature,True
10.1007_s11664-011-1841-4__sample_4061,10.1007/s11664-011-1841-4,https://doi.org/10.1007/s11664-011-1841-4,,4061,Co4Sb11Ge0.3Te0.6Se0.1,unknown,n,21,14,4,8,0.09057020118805062,0.23149429629851692,0.1409240951104663,0.0742890590954319,0.2229966606129552,0.1487076015175233,0.0822492912648997,0.2826806737368232,0.2004313824719235,0.07270172353219488,0.23247541085524076,0.15977368732304587,0.9183672,0.9113086298747184,1.1276860222219158,0.8951760694877815,unknown,no,no,ML_moderately_worse,primary DOI test sample aggregate,ML false high-ZT prediction; possible missing structure/additive feature,True
10.1007_s11664-011-1866-8__sample_4072,10.1007/s11664-011-1866-8,https://doi.org/10.1007/s11664-011-1866-8,,4072,(CoSb3)90.39(ZnO)9.61,unknown,p,49,0,0,0,0.4486872029460072,1.6366528860349827,1.1879656830889755,,,,,,,,,,,,,,unknown,no,no,not_evaluated,primary DOI test sample aggregate,sigma ML error propagated to ZT error; possible missing structure/additive feature,True
10.1007_s11664-011-1866-8__sample_4073,10.1007/s11664-011-1866-8,https://doi.org/10.1007/s11664-011-1866-8,,4073,(CoSb3)82.16(ZnO)17.84,unknown,p,54,0,0,0,0.6487365639037957,2.583667431091417,1.9349308671876213,,,,,,,,,,,,,,unknown,no,no,not_evaluated,primary DOI test sample aggregate,sigma ML error propagated to ZT error; possible missing structure/additive feature,True
10.1007_s11664-011-1866-8__sample_4074,10.1007/s11664-011-1866-8,https://doi.org/10.1007/s11664-011-1866-8,,4074,(CoSb3)68.82(ZnO)31.18,unknown,p,54,0,0,0,0.6633979519757455,2.541606803863694,1.8782088518879485,,,,,,,,,,,,,,unknown,no,no,not_evaluated,primary DOI test sample aggregate,sigma ML error propagated to ZT error; possible missing structure/additive feature,True
10.1007_s11664-011-1890-8__sample_4065,10.1007/s11664-011-1890-8,https://doi.org/10.1007/s11664-011-1890-8,,4065,CeFe4Sb12,unknown,p,21,11,0,4,0.0936756204130705,1.2019123574789092,1.1082367370658388,0.05188341785926499,0.7035382117394143,0.6516547938801494,,,,0.06956405454961438,0.6982967132283024,0.6287326586786881,0.8023499,0.6745014848232903,0.2035104924216025,0.7041734533128788,unknown,no,no,not_evaluated,primary DOI test sample aggregate,sigma ML error propagated to ZT error; possible missing structure/additive feature,True
10.1007_s11664-011-1890-8__sample_4066,10.1007/s11664-011-1890-8,https://doi.org/10.1007/s11664-011-1890-8,,4066,CeFe3.9Co0.1Sb12,unknown,p,21,7,2,4,0.08700812856004725,1.079662798558401,0.9926546699983538,0.06960329691094426,0.6698508453453685,0.6002475484344243,0.07106671375609562,0.6725527018771722,0.6014859881210766,0.06718703597455469,0.6672046389365383,0.6000176029619836,0.8136318,0.6052933857515416,0.206347595583925,0.6927500975783445,unknown,no,no,ML_much_worse,primary DOI test sample aggregate,ML tau prediction much worse than fitting; sigma ML error propagated to ZT error; possible missing structure/additive feature,True
10.1007_s11664-011-1890-8__sample_4067,10.1007/s11664-011-1890-8,https://doi.org/10.1007/s11664-011-1890-8,,4067,CeFe3.8Co0.2Sb12,unknown,p,21,12,3,4,0.08465488794747895,1.0092562538130065,0.9246013658655275,0.06833271622232792,0.6393408001313351,0.5710080839090071,0.1129391437387522,0.5995484488112385,0.4866093050724863,0.09871875649721275,0.6151468348223332,0.5164280783251205,0.8787468,0.8331338903846828,0.3047509046831769,0.8015709438648255,unknown,no,no,ML_moderately_worse,primary DOI test sample aggregate,sigma ML error propagated to ZT error; possible missing structure/additive feature,True
10.1007_s11664-012-1985-x__sample_8517,10.1007/s11664-012-1985-x,https://doi.org/10.1007/s11664-012-1985-x,,8517,Ag0.01Mg2Sn,unknown,p,11,5,0,0,0.1482845745335428,1.107222718491254,0.9589381439577112,0.11425581867436285,0.6494663859618319,0.5352105672874691,,,,,,,0.1285714,,,,unknown,no,no,not_evaluated,primary DOI test sample aggregate,sigma ML error propagated to ZT error; possible missing structure/additive feature,True
10.1007_s11664-012-1985-x__sample_8520,10.1007/s11664-012-1985-x,https://doi.org/10.1007/s11664-012-1985-x,,8520,Ag0.03Mg2Sn,unknown,p,8,2,0,0,0.18263943467861468,1.1787553407429883,0.9961159060643736,0.17340018714939287,0.7110723825857972,0.5376721954364043,,,,,,,0.1863354,,,,unknown,no,no,not_evaluated,primary DOI test sample aggregate,sigma ML error propagated to ZT error; possible missing structure/additive feature,True
10.1007_s11664-012-1985-x__sample_8521,10.1007/s11664-012-1985-x,https://doi.org/10.1007/s11664-012-1985-x,,8521,Ag0.02Mg2Sn,unknown,p,8,2,0,0,0.17760288318411743,1.169929008606089,0.9923261254219715,0.05802360986347141,0.6671179798112106,0.6090943699477391,,,,,,,0.1689441,,,,unknown,no,no,not_evaluated,primary DOI test sample aggregate,sigma ML error propagated to ZT error; possible missing structure/additive feature,True
10.1007_s11664-012-1987-8__sample_10111,10.1007/s11664-012-1987-8,https://doi.org/10.1007/s11664-012-1987-8,,10111,MnSi1.73,unknown,p,32,3,0,0,0.689447587462475,2.3486313321690653,1.6591837447065902,0.6222523878145104,11.3416409338367,10.71938854602219,,,,,,,,,,,unknown,no,no,not_evaluated,primary DOI test sample aggregate,sigma ML error propagated to ZT error; possible missing structure/additive feature,True
10.1007_s11664-012-1987-8__sample_10119,10.1007/s11664-012-1987-8,https://doi.org/10.1007/s11664-012-1987-8,,10119,MnSi1.73,unknown,p,13,3,0,1,0.255697742749014,2.8127410584586925,2.5570433157096786,0.10270174475658411,13.7719132618956,13.669211517139015,,,,0.009079164167710123,15.31318967888955,15.30411051472184,,0.0027776940292613,0.0457282236185895,0.0028031442359654,unknown,no,no,not_evaluated,primary DOI test sample aggregate,sigma ML error propagated to ZT error; possible missing structure/additive feature,True
10.1007_s11664-012-2021-x__sample_4078,10.1007/s11664-012-2021-x,https://doi.org/10.1007/s11664-012-2021-x,,4078,Ba0.4In0.2Co4Sb12,unknown,n,21,10,4,8,0.11183900833248861,0.47699799489292144,0.36515898656043283,0.07585752615319359,0.4002145498768363,0.3243570237236427,0.0608973983485546,0.4032860918802833,0.3423886935317287,0.07231933409060619,0.3933529757204284,0.3210336416298222,1.115169,1.204517232937346,0.7575826069600302,1.07123448919045,unknown,no,no,ML_moderately_worse,primary DOI test sample aggregate,ML missed high ZT; possible missing structure/additive feature,True
10.1007_s11664-012-2021-x__sample_4079,10.1007/s11664-012-2021-x,https://doi.org/10.1007/s11664-012-2021-x,,4079,Ba0.4In0.3Co4Sb12,unknown,n,21,8,1,4,0.11759232542260337,0.5221853160589688,0.40459299063636545,0.07066519777271829,0.4160543444054816,0.3453891466327633,0.12912652164327143,0.47640205193314544,0.347275530289874,0.09584159747822978,0.4206527600957771,0.32481116261754733,1.160124,1.1379145935865216,0.6841519016074287,1.0170121861728905,unknown,no,no,ML_moderately_worse,primary DOI test sample aggregate,ML missed high ZT; possible missing structure/additive feature,True
10.1007_s11664-012-2021-x__sample_4080,10.1007/s11664-012-2021-x,https://doi.org/10.1007/s11664-012-2021-x,,4080,Ba0.4In0.4Co4Sb12,unknown,n,21,8,3,6,0.11228374681629144,0.7129781668314997,0.6006944200152082,0.13519585655559124,0.4736850587931406,0.33848920223754936,0.10453072711251112,0.5211380737120496,0.41660734659953846,0.10915603244071707,0.49826695721075254,0.38911092477003545,1.173924,1.444310436058548,0.7143022253681484,1.197167768813738,unknown,no,no,ML_moderately_worse,primary DOI test sample aggregate,ML missed high ZT; possible missing structure/additive feature,True
10.1007_s11664-012-2048-z__sample_11441,10.1007/s11664-012-2048-z,https://doi.org/10.1007/s11664-012-2048-z,,11441,Ti0.913265306Ni1.086734694Sn,unknown,n,67,49,19,40,0.4514281663904974,0.9423387008588278,0.4909105344683304,0.2588794676135652,1.470577857580955,1.2116983899673897,0.3112208146889099,1.9144022171755808,1.6031814024866708,0.20912665409740366,1.5739751798333397,1.364848525735936,0.0330243,0.0344419613699734,0.0787634003394388,0.0358980092954549,unknown,no,no,ML_much_worse,primary DOI test sample aggregate,ML tau prediction much worse than fitting; possible missing structure/additive feature,True
10.1007_s11664-012-2048-z__sample_11442,10.1007/s11664-012-2048-z,https://doi.org/10.1007/s11664-012-2048-z,,11442,TiNi2Sn,unknown,n,18,12,4,10,0.6095970265595191,3.2674397680419576,2.6578427414824386,0.5348768714671382,0.9478337033272074,0.41295683186006915,0.7010474496645978,0.9874225091501982,0.2863750594856005,0.49468750512056464,0.9514098462274239,0.4567223411068592,0.001573989,0.0013819003142892,5.576487207644187e-05,0.0008453936194577,unknown,no,no,ML_moderately_worse,primary DOI test sample aggregate,sigma ML error propagated to ZT error; possible missing structure/additive feature,True
10.1007_s11664-012-2251-y__sample_4091,10.1007/s11664-012-2251-y,https://doi.org/10.1007/s11664-012-2251-y,,4091,Dy0.18Fe0.42Co3.58Sb12.26,unknown,p,20,9,5,7,0.09259147551185604,0.5951069763005457,0.5025155007886897,0.07994044201270274,0.8430106822276948,0.763070240214992,0.07316585579086846,0.85495877792216,0.7817929221312916,0.09084658844740794,0.8728891788075169,0.782042590360109,0.3663443,0.3400077601566353,0.6120587230859023,0.3445296020103952,unknown,no,no,ML_much_worse,primary DOI test sample aggregate,ML tau prediction much worse than fitting; possible missing structure/additive feature,True
10.1007_s11664-012-2251-y__sample_4093,10.1007/s11664-012-2251-y,https://doi.org/10.1007/s11664-012-2251-y,,4093,Dy0.30Fe0.91Co3.09Sb12.38,unknown,p,20,13,8,10,0.1478187551659878,0.5077195821245173,0.3599008269585295,0.14092014531631353,0.6968405021538194,0.555920356837506,0.1627216130773529,0.7807330808663977,0.6180114677890448,0.15357172558914012,0.7260291358276376,0.5724574102384975,0.6338972,0.5006887654469578,0.8137959800866342,0.6009499351464649,unknown,no,no,ML_much_worse,primary DOI test sample aggregate,ML tau prediction much worse than fitting; possible missing structure/additive feature,True
10.1007_s11664-012-2403-0__sample_8589,10.1007/s11664-012-2403-0,https://doi.org/10.1007/s11664-012-2403-0,,8589,Mg2Si,unknown,n,10,4,0,3,0.3588829554341215,1.3699944141412623,1.0111114587071408,0.49818630365848016,0.6006421664650528,0.1024558628065726,,,,0.4571978922637528,0.611568072765651,0.15437018050189816,,1.8543878781100287,0.4943072325031326,1.0640062170171312,unknown,no,no,not_evaluated,primary DOI test sample aggregate,sigma ML error propagated to ZT error; possible missing structure/additive feature,True
10.1007_s11664-012-2403-0__sample_8591,10.1007/s11664-012-2403-0,https://doi.org/10.1007/s11664-012-2403-0,,8591,Mg2Si0.8Sn0.2,unknown,n,9,3,0,2,0.2088067267043408,1.0477903259108603,0.8389835992065195,0.22538967609854965,0.566754045655646,0.34136436955709637,,,,0.20587923608438025,0.5765621009495818,0.3706828648652016,,1.8321474703600655,0.656203068431513,1.319861418232544,unknown,no,no,not_evaluated,primary DOI test sample aggregate,sigma ML error propagated to ZT error; possible missing structure/additive feature,True
10.1007_s11664-012-2410-1__sample_13515,10.1007/s11664-012-2410-1,https://doi.org/10.1007/s11664-012-2410-1,,13515,ZrSe2,unknown,n,21,19,0,2,0.4531355656022027,2.035765780000411,1.5826302143982083,0.37429797992564084,0.8397397709239394,0.4654417909982985,,,,0.34593105512175254,0.8150752345296759,0.46914417940792336,0.06926978,1.0283996464893952,0.141325406954461,1.0286739878360858,unknown,no,no,not_evaluated,primary DOI test sample aggregate,sigma ML error propagated to ZT error; possible missing structure/additive feature,True
10.1007_s11664-012-2440-8__sample_861,10.1007/s11664-012-2440-8,https://doi.org/10.1007/s11664-012-2440-8,,861,Ba8Cu3.5Ge41In1.5,unknown,n,13,0,0,0,0.2361839368901,1.8513664597004604,1.6151825228103605,,,,,,,,,,,,,,unknown,no,no,not_evaluated,primary DOI test sample aggregate,sigma ML error propagated to ZT error; possible missing structure/additive feature,True
10.1007_s11664-012-2440-8__sample_862,10.1007/s11664-012-2440-8,https://doi.org/10.1007/s11664-012-2440-8,,862,Ba8Cu3.5Ge41In1.5,unknown,n,13,0,0,0,0.2926893571689376,1.0328526554536606,0.7401632982847229,,,,,,,,,,,,,,unknown,no,no,not_evaluated,primary DOI test sample aggregate,sigma ML error propagated to ZT error; possible missing structure/additive feature,True
10.1007_s11664-012-2440-8__sample_863,10.1007/s11664-012-2440-8,https://doi.org/10.1007/s11664-012-2440-8,,863,Ba8Cu3.5Ge41In1.5,unknown,n,12,0,0,0,0.1874972722563934,1.508016889251625,1.3205196169952316,,,,,,,,,,,,,,unknown,no,no,not_evaluated,primary DOI test sample aggregate,sigma ML error propagated to ZT error; possible missing structure/additive feature,True
10.1007_s11664-012-2469-8__sample_354,10.1007/s11664-012-2469-8,https://doi.org/10.1007/s11664-012-2469-8,,354,Pb1Te1I0.00033,unknown,n,5,5,0,0,0.19682554285017637,1.1215802477539891,0.9247547049038127,0.16882891415500995,2.0755872241040088,1.9067583099489989,,,,,,,0.3452712,,,,unknown,no,no,not_evaluated,primary DOI test sample aggregate,sigma ML error propagated to ZT error; possible missing structure/additive feature,True
10.1007_s11664-012-2469-8__sample_466,10.1007/s11664-012-2469-8,https://doi.org/10.1007/s11664-012-2469-8,,466,Pb1Te1I0.0001,unknown,n,8,8,0,0,0.12261949169758145,1.5800924351213808,1.4574729434237994,0.10529992935629923,3.867930975260038,3.762631045903739,,,,,,,,,,,unknown,no,no,not_evaluated,primary DOI test sample aggregate,sigma ML error propagated to ZT error; possible missing structure/additive feature,True
10.1007_s11664-013-2482-6__sample_9883,10.1007/s11664-013-2482-6,https://doi.org/10.1007/s11664-013-2482-6,,9883,Al0.005Mg2Si,unknown,n,12,0,0,0,0.43017238249402034,1.2448433014220606,0.8146709189280402,,,,,,,,,,,,,,unknown,no,no,not_evaluated,primary DOI test sample aggregate,sigma ML error propagated to ZT error; possible missing structure/additive feature,True
10.1007_s11664-013-2485-3__sample_7091,10.1007/s11664-013-2485-3,https://doi.org/10.1007/s11664-013-2485-3,,7091,Cu0.95Fe1.05S2,unknown,n,41,0,0,0,0.27293336449938016,1.1377821746975043,0.8648488101981242,,,,,,,,,,,,,,unknown,no,no,not_evaluated,primary DOI test sample aggregate,sigma ML error propagated to ZT error; possible missing structure/additive feature,True
10.1007_s11664-013-2565-4__sample_1694,10.1007/s11664-013-2565-4,https://doi.org/10.1007/s11664-013-2565-4,,1694,(In4Se3)1(Bi2Te2.7Se0.3)99,unknown,n,5,0,0,0,0.15275206844588682,1.4880591973960562,1.3353071289501695,,,,,,,,,,,,,,unknown,no,no,not_evaluated,primary DOI test sample aggregate,sigma ML error propagated to ZT error; possible missing structure/additive feature,True
10.1007_s11664-013-2565-4__sample_1695,10.1007/s11664-013-2565-4,https://doi.org/10.1007/s11664-013-2565-4,,1695,(In4Se3)3(Bi2Te2.7Se0.3)97,unknown,n,5,0,0,0,0.14795897867020777,1.4412941909083654,1.2933352122381576,,,,,,,,,,,,,,unknown,no,no,not_evaluated,primary DOI test sample aggregate,sigma ML error propagated to ZT error; possible missing structure/additive feature,True
10.1007_s11664-013-2746-1__sample_30300,10.1007/s11664-013-2746-1,https://doi.org/10.1007/s11664-013-2746-1,,30300,(BaFe12O19)0.0005CeFe3CoSb12,unknown,p,21,4,0,1,0.1084821806579311,2.612438459234744,2.503956278576813,0.05344564817610591,0.9270057830845811,0.8735601349084753,,,,0.011976818562479246,0.9255985202420435,0.9136217016795642,,0.4467134057550184,0.0328427863230128,0.4414265204113847,unknown,no,no,not_evaluated,primary DOI test sample aggregate,sigma ML error propagated to ZT error; possible missing structure/additive feature,True
10.1007_s11664-013-2746-1__sample_30301,10.1007/s11664-013-2746-1,https://doi.org/10.1007/s11664-013-2746-1,,30301,(BaFe12O19)0.001CeFe3CoSb12,unknown,p,21,7,0,3,0.10609552868393426,2.478451886869775,2.372356358185841,0.12184497779760264,0.9173106168840583,0.7954656390864557,,,,0.11316852790142562,0.9254496343438402,0.8122811064424146,,0.4648147618090553,0.0390740648538849,0.5416728847295058,unknown,no,no,not_evaluated,primary DOI test sample aggregate,sigma ML error propagated to ZT error; possible missing structure/additive feature,True
10.1007_s11664-013-2746-1__sample_30302,10.1007/s11664-013-2746-1,https://doi.org/10.1007/s11664-013-2746-1,,30302,(BaFe12O19)0.002CeFe3CoSb12,unknown,p,21,8,0,2,0.10434507911256405,2.412083241437087,2.3077381623245232,0.0923999793905976,0.9169834013469758,0.8245834219563781,,,,0.0783816343622373,0.917210107578937,0.8388284732166996,,0.5699661771480754,0.0512006273411011,0.635359007169733,unknown,no,no,not_evaluated,primary DOI test sample aggregate,sigma ML error propagated to ZT error; possible missing structure/additive feature,True
10.1007_s11664-013-2746-1__sample_30303,10.1007/s11664-013-2746-1,https://doi.org/10.1007/s11664-013-2746-1,,30303,(BaFe12O19)0.004CeFe3CoSb12,unknown,p,21,10,0,0,0.15787571777859946,2.4758724525543574,2.317996734775758,0.07717419136843001,0.9186076296995399,0.84143343833111,,,,,,,0.2758965,,,,unknown,no,no,not_evaluated,primary DOI test sample aggregate,sigma ML error propagated to ZT error; possible missing structure/additive feature,True
10.1007_s11664-013-2824-4__sample_4145,10.1007/s11664-013-2824-4,https://doi.org/10.1007/s11664-013-2824-4,,4145,Co4Sb11.3Te0.5Se0.2,unknown,n,54,22,6,14,0.08668659529002065,0.49509662011510563,0.408410024825085,0.061967665733489836,0.38452424450263395,0.3225565787691441,0.06480902205217996,0.40191183634176,0.33710281428958,0.06409978458468334,0.3732083005939749,0.30910851600929157,1.072964,1.2902354651161545,0.7924516171930699,1.067557184002231,unknown,no,no,ML_moderately_worse,primary DOI test sample aggregate,ML missed high ZT; possible missing structure/additive feature,True
10.1007_s11664-013-2931-2__sample_7114,10.1007/s11664-013-2931-2,https://doi.org/10.1007/s11664-013-2931-2,,7114,Cu12Sb4S13,unknown,p,9,0,0,0,0.3209317787334682,1.0740047157710941,0.7530729370376259,,,,,,,,,,,,,,unknown,no,no,not_evaluated,primary DOI test sample aggregate,sigma ML error propagated to ZT error; possible missing structure/additive feature,True
10.1007_s11664-014-3294-z__sample_28847,10.1007/s11664-014-3294-z,https://doi.org/10.1007/s11664-014-3294-z,,28847,sulfosalicylic acid-doped polyaniline,unknown,p,7,0,0,0,0.10677689187443681,4.850990591921373,4.744213700046936,,,,,,,,,,,,,,unknown,no,no,not_evaluated,primary DOI test sample aggregate,sigma ML error propagated to ZT error; possible missing structure/additive feature,True
10.1007_s11664-014-3294-z__sample_28848,10.1007/s11664-014-3294-z,https://doi.org/10.1007/s11664-014-3294-z,,28848,BiCuSeO/Polyaniline,unknown,p,8,0,0,0,0.11693316211927762,3.148318653323042,3.0313854912037645,,,,,,,,,,,,,,unknown,no,no,not_evaluated,primary DOI test sample aggregate,sigma ML error propagated to ZT error; possible missing structure/additive feature,True
10.1007_s11664-014-3294-z__sample_28849,10.1007/s11664-014-3294-z,https://doi.org/10.1007/s11664-014-3294-z,,28849,BiCuSeO/Polyaniline,unknown,p,10,0,0,0,0.13853401504223012,3.2663667419177256,3.1278327268754955,,,,,,,,,,,,,,unknown,no,no,not_evaluated,primary DOI test sample aggregate,sigma ML error propagated to ZT error; possible missing structure/additive feature,True
10.1007_s11664-014-3294-z__sample_28850,10.1007/s11664-014-3294-z,https://doi.org/10.1007/s11664-014-3294-z,,28850,BiCuSeO/Polyaniline,unknown,p,7,0,0,0,0.10922224714927534,3.350310281641417,3.241088034492142,,,,,,,,,,,,,,unknown,no,no,not_evaluated,primary DOI test sample aggregate,sigma ML error propagated to ZT error; possible missing structure/additive feature,True
10.1007_s11664-014-3450-5__sample_25985,10.1007/s11664-014-3450-5,https://doi.org/10.1007/s11664-014-3450-5,,25985,Ca0.98Dy0.02MnO3,unknown,n,14,0,0,0,0.2467044378124242,1.523524846864555,1.276820409052131,,,,,,,,,,,,,,unknown,no,no,not_evaluated,primary DOI test sample aggregate,sigma ML error propagated to ZT error; possible missing structure/additive feature,True
10.1007_s11664-014-3582-7__sample_4196,10.1007/s11664-014-3582-7,https://doi.org/10.1007/s11664-014-3582-7,,4196,Yb0.3Co4Sb12,unknown,n,12,9,1,8,0.09987788428934655,0.7247693532848566,0.6248914689955101,0.09067985028592569,0.5017468606882666,0.4110670104023409,0.05993734024345593,0.5414395739302981,0.48150223368684214,0.0912460180388302,0.5056929365380093,0.4144469184991791,1.11635,1.538592385600445,0.7505218642247294,1.2365323336394918,unknown,no,no,ML_moderately_worse,primary DOI test sample aggregate,ML missed high ZT; possible missing structure/additive feature,True
10.1007_s11664-014-3582-7__sample_4197,10.1007/s11664-014-3582-7,https://doi.org/10.1007/s11664-014-3582-7,,4197,Yb0.3Co4Sb12,unknown,n,12,4,0,0,0.09367740316121338,0.31539802553270696,0.2217206223714936,0.08792522824222132,0.2123446749307734,0.1244194466885521,,,,,,,1.053058,,,,unknown,no,no,not_evaluated,primary DOI test sample aggregate,ML missed high ZT; possible missing structure/additive feature,True
10.1007_s11664-014-3582-7__sample_4198,10.1007/s11664-014-3582-7,https://doi.org/10.1007/s11664-014-3582-7,,4198,Yb0.3Co4Sb12,unknown,n,12,7,0,3,0.08497777453917636,0.6145959088183839,0.5296181342792076,0.04000534135211892,0.462635207085705,0.4226298657335861,,,,0.034368904976167784,0.46389259090561463,0.42952368592944684,1.122447,1.0600948205782337,0.5767568935918341,1.029594819170511,unknown,no,no,not_evaluated,primary DOI test sample aggregate,ML missed high ZT; possible missing structure/additive feature,True
10.1007_s11664-014-3590-7__sample_16964,10.1007/s11664-014-3590-7,https://doi.org/10.1007/s11664-014-3590-7,,16964,Zn4Sb2.94In0.06,unknown,p,25,16,7,8,0.2083634946840639,0.8891764610103227,0.6808129663262588,0.1739276380350055,1.300826501419151,1.1268988633841455,0.18295618889346146,1.1148864937140863,0.9319303048206249,0.17033207656876892,1.1117650643909716,0.9414329878222026,0.6341328,0.5413226531340242,1.2848972773691687,0.6269860034760746,unknown,no,no,ML_much_worse,primary DOI test sample aggregate,ML tau prediction much worse than fitting; ML false high-ZT prediction; possible missing structure/additive feature,True
10.1007_s11664-014-3590-7__sample_16965,10.1007/s11664-014-3590-7,https://doi.org/10.1007/s11664-014-3590-7,,16965,(Zn4Sb2.94In0.06)96.28(ZnO)3.72,unknown,p,25,16,3,6,0.2615050769381832,0.9684446365970936,0.7069395596589103,0.19961354759861222,1.6332098435152678,1.4335962959166555,0.24476420039636645,2.145384732645423,1.9006205322490566,0.25328225948851096,1.697968213210317,1.4446859537218062,0.6468368,0.5074161795850338,1.289231303440454,0.6380673369646092,unknown,no,no,ML_much_worse,primary DOI test sample aggregate,ML tau prediction much worse than fitting; ML false high-ZT prediction; possible missing structure/additive feature,True
10.1007_s11664-014-3590-7__sample_16967,10.1007/s11664-014-3590-7,https://doi.org/10.1007/s11664-014-3590-7,,16967,(Zn4Sb2.94In0.06)86.43(ZnO)13.57,unknown,p,25,17,5,7,0.2456265783673191,0.9306042628749308,0.6849776845076117,0.20435409835549614,1.6132626709861608,1.4089085726306647,0.2689409961633314,1.5323689563878238,1.2634279602244924,0.22479673144078635,1.4768996403734145,1.252102908932628,0.9327338,0.5762273220398344,1.4138979138997754,0.8565419145899507,unknown,no,no,ML_much_worse,primary DOI test sample aggregate,ML tau prediction much worse than fitting; ML false high-ZT prediction; possible missing structure/additive feature,True
10.1007_s11664-015-3960-9__sample_913,10.1007/s11664-015-3960-9,https://doi.org/10.1007/s11664-015-3960-9,,913,K8Li1Ge43.75,unknown,n,41,0,0,0,0.19382599645011864,3.1684607940990936,2.974634797648975,,,,,,,,,,,,,,unknown,no,no,not_evaluated,primary DOI test sample aggregate,sigma ML error propagated to ZT error; possible missing structure/additive feature,True
10.1007_s11664-015-3960-9__sample_914,10.1007/s11664-015-3960-9,https://doi.org/10.1007/s11664-015-3960-9,,914,K32Li2Ge175.5,unknown,n,40,0,0,0,0.055739444673990744,2.0550019034051505,1.9992624587311598,,,,,,,,,,,,,,unknown,no,no,not_evaluated,primary DOI test sample aggregate,sigma ML error propagated to ZT error; possible missing structure/additive feature,True
10.1007_s11664-015-4070-4__sample_22396,10.1007/s11664-015-4070-4,https://doi.org/10.1007/s11664-015-4070-4,,22396,Zn0.98Al0.02O,unknown,n,13,9,9,9,0.17308194047904135,0.6687654324305689,0.4956834919515275,0.17607502683145868,0.9989563957200015,0.8228813688885428,0.126541863816156,0.7675074411562846,0.6409655773401286,0.17607502683134252,0.9989563957204219,0.8228813688890795,0.02001394,0.0143704120842435,0.0274166675347891,0.0197800342313282,unknown,no,no,ML_much_worse,primary DOI test sample aggregate,ML tau prediction much worse than fitting; possible missing structure/additive feature,True
10.1007_s11664-015-4070-4__sample_22397,10.1007/s11664-015-4070-4,https://doi.org/10.1007/s11664-015-4070-4,,22397,Zn0.98Al0.02OC0.007,unknown,n,13,13,8,9,0.12020767415410681,2.3984913587532497,2.2782836845991428,0.09488462937836414,0.9081751076780655,0.8132904782997014,0.08894330736324013,0.9071688695863167,0.8182255622230765,0.09117615494580905,0.908414741728494,0.817238586782685,0.08010458,0.0629035068829368,0.0057323452310673,0.0646957140476933,unknown,no,no,ML_much_worse,primary DOI test sample aggregate,ML tau prediction much worse than fitting; sigma ML error propagated to ZT error; possible missing structure/additive feature,True
10.1007_s11664-015-4158-x__sample_9937,10.1007/s11664-015-4158-x,https://doi.org/10.1007/s11664-015-4158-x,,9937,Mg2Si0.5Sn0.5Sb0.0033,unknown,n,42,31,9,23,0.16779736026610376,1.0837408281064347,0.9159434678403309,0.14291909069792488,1.876875153407733,1.733956062709808,0.21504773129388027,1.880933152474292,1.6658854211804117,0.155416147852826,1.82269598517655,1.667279837323724,0.2281481,0.3152735050898791,0.9197596543441028,0.2354932422104302,unknown,no,no,ML_much_worse,primary DOI test sample aggregate,ML tau prediction much worse than fitting; sigma ML error propagated to ZT error; possible missing structure/additive feature,True
10.1007_s11664-016-4341-8__sample_17256,10.1007/s11664-016-4341-8,https://doi.org/10.1007/s11664-016-4341-8,,17256,Bi,unknown,p,20,0,0,0,0.29074670044860795,1.0705200548273177,0.7797733543787098,,,,,,,,,,,,,,unknown,no,no,not_evaluated,primary DOI test sample aggregate,sigma ML error propagated to ZT error; possible missing structure/additive feature,True
10.1007_s11664-016-4341-8__sample_17257,10.1007/s11664-016-4341-8,https://doi.org/10.1007/s11664-016-4341-8,,17257,Bi,unknown,p,14,0,0,0,0.45602066873593866,3.299646897849166,2.8436262291132275,,,,,,,,,,,,,,unknown,no,no,not_evaluated,primary DOI test sample aggregate,sigma ML error propagated to ZT error; possible missing structure/additive feature,True
10.1007_s11664-016-4454-0__sample_7990,10.1007/s11664-016-4454-0,https://doi.org/10.1007/s11664-016-4454-0,,7990,Bi2Te3,unknown,n,6,0,0,0,0.04368876241004008,1.1707145715770455,1.1270258091670053,,,,,,,,,,,,,,unknown,no,no,not_evaluated,primary DOI test sample aggregate,sigma ML error propagated to ZT error; possible missing structure/additive feature,True
10.1007_s11664-016-4454-0__sample_7991,10.1007/s11664-016-4454-0,https://doi.org/10.1007/s11664-016-4454-0,,7991,Bi2Te3,unknown,n,6,0,0,0,0.04202344619690762,1.037836818841826,0.9958133726449185,,,,,,,,,,,,,,unknown,no,no,not_evaluated,primary DOI test sample aggregate,sigma ML error propagated to ZT error; possible missing structure/additive feature,True
10.1007_s11664-016-4865-y__sample_2344,10.1007/s11664-016-4865-y,https://doi.org/10.1007/s11664-016-4865-y,,2344,Sr7.86Ga15.00Sn0.39Ge30.76,unknown,n,20,16,1,2,0.1819620080224788,1.0646309293730196,0.8826689213505408,0.10881705258735869,0.6694755880526773,0.5606585354653186,0.5280414475312207,0.8346729616622722,0.3066315141310515,0.09954931997748322,0.6845722080496386,0.5850228880721554,0.8474895,0.1266558419917219,0.0443675300195939,0.1464965873467452,unknown,no,no,ML_moderately_worse,primary DOI test sample aggregate,sigma ML error propagated to ZT error; possible missing structure/additive feature,True
10.1007_s11664-016-4865-y__sample_2345,10.1007/s11664-016-4865-y,https://doi.org/10.1007/s11664-016-4865-y,,2345,Sr7.84Ga14.49Sn0.34Ge31.42,unknown,n,20,17,0,1,0.14079401760413113,1.308224737574519,1.167430719970388,0.1137407029751805,0.7279289712549674,0.6141882682797869,,,,0.4718066662412678,0.5991370657879007,0.1273303995466329,0.75725,1.029529080263375,0.2804037088818349,0.6995002155361947,unknown,no,no,not_evaluated,primary DOI test sample aggregate,sigma ML error propagated to ZT error; possible missing structure/additive feature,True
10.1007_s11664-016-5013-4__sample_2323,10.1007/s11664-016-5013-4,https://doi.org/10.1007/s11664-016-5013-4,,2323,Ba8Yb0Ni0.1Zn0.54Ga13.8Ge31.56,unknown,n,10,0,0,0,0.22511486818503498,1.823779412680428,1.598664544495393,,,,,,,,,,,,,,unknown,no,no,not_evaluated,primary DOI test sample aggregate,sigma ML error propagated to ZT error; possible missing structure/additive feature,True
10.1007_s11664-016-5013-4__sample_2324,10.1007/s11664-016-5013-4,https://doi.org/10.1007/s11664-016-5013-4,,2324,Ba7.9Yb0.1Ni0.1Zn0.54Ga13.8Ge31.56,unknown,n,10,0,0,0,0.1848960949305432,1.7243066076629556,1.5394105127324125,,,,,,,,,,,,,,unknown,no,no,not_evaluated,primary DOI test sample aggregate,sigma ML error propagated to ZT error; possible missing structure/additive feature,True
10.1007_s11664-016-5013-4__sample_2325,10.1007/s11664-016-5013-4,https://doi.org/10.1007/s11664-016-5013-4,,2325,Ba7.7Yb0.3Ni0.1Zn0.54Ga13.8Ge31.56,unknown,n,7,0,0,0,0.23178840277785112,1.5846188705879491,1.352830467810098,,,,,,,,,,,,,,unknown,no,no,not_evaluated,primary DOI test sample aggregate,sigma ML error propagated to ZT error; possible missing structure/additive feature,True
10.1007_s11664-016-5013-4__sample_2326,10.1007/s11664-016-5013-4,https://doi.org/10.1007/s11664-016-5013-4,,2326,Ba7.5Yb0.5Ni0.1Zn0.54Ga13.8Ge31.56,unknown,n,10,0,0,0,0.19778483985102302,1.3273924698875328,1.1296076300365097,,,,,,,,,,,,,,unknown,no,no,not_evaluated,primary DOI test sample aggregate,sigma ML error propagated to ZT error; possible missing structure/additive feature,True
10.1007_s11664-016-5168-z__sample_82436,10.1007/s11664-016-5168-z,https://doi.org/10.1007/s11664-016-5168-z,,82436,ZrCoSb,unknown,n,8,7,7,7,0.31536001390335777,1.0047196783578964,0.6893596644545387,0.20492277943069578,1.5356037370554279,1.330680957624732,0.7778248298155914,0.44592472207185363,-0.3319001077437378,0.20492277943071335,1.5356037370551525,1.3306809576244392,0.006207,0.0021288634477048,0.0055263774412885,0.003854973629073,unknown,no,no,ML_better_than_fitting,primary DOI test sample aggregate,sigma ML error propagated to ZT error; possible missing structure/additive feature,True
10.1007_s11664-017-5607-5__sample_2545,10.1007/s11664-017-5607-5,https://doi.org/10.1007/s11664-017-5607-5,,2545,Pb0.98Bi0.02Te,unknown,n,42,19,7,10,0.4110359160382355,1.6589838557989012,1.2479479397606656,0.22408117321315424,4.784724253980818,4.560643080767664,0.20628835969923465,4.06491730043163,3.8586289407323955,0.24270135215360455,4.918198623191687,4.675497271038083,0.502394,0.841563948534853,4.198655266480505,0.6055202380659536,unknown,no,no,ML_much_worse,primary DOI test sample aggregate,ML tau prediction much worse than fitting; sigma ML error propagated to ZT error; ML false high-ZT prediction; possible missing structure/additive feature,True
10.1007_s11664-017-5607-5__sample_2546,10.1007/s11664-017-5607-5,https://doi.org/10.1007/s11664-017-5607-5,,2546,Pb0.96Bi0.04Te,unknown,n,30,14,4,4,0.30640315715420535,1.5848251070696568,1.2784219499154514,0.2535765757266309,4.489357872050115,4.235781296323484,0.3044594551151838,3.4081643174478895,3.1037048623327057,0.17120497378004973,3.7262658605475822,3.5550608867675324,0.6917688,0.8520882807464045,4.034403915814912,0.6364393391645928,unknown,no,no,ML_much_worse,primary DOI test sample aggregate,ML tau prediction much worse than fitting; sigma ML error propagated to ZT error; ML false high-ZT prediction; possible missing structure/additive feature,True
10.1007_s11664-017-5607-5__sample_2547,10.1007/s11664-017-5607-5,https://doi.org/10.1007/s11664-017-5607-5,,2547,Pb0.95Bi0.05Te,unknown,n,45,25,0,17,0.5981240154416015,1.1005879261266078,0.5024639106850063,0.5421628369445454,2.4752691369073814,1.933106299962836,,,,0.6388884830607586,2.8523754272717845,2.213486944211026,,1.4134172221359276,3.560437397685185,0.6172974144011378,unknown,no,no,not_evaluated,primary DOI test sample aggregate,sigma ML error propagated to ZT error; ML false high-ZT prediction; possible missing structure/additive feature,True
10.1007_s11664-017-5607-5__sample_2549,10.1007/s11664-017-5607-5,https://doi.org/10.1007/s11664-017-5607-5,,2549,Pb0.94Bi0.06Te,unknown,n,29,13,4,4,0.6304749677446104,0.9234229000289775,0.2929479322843671,0.4806515502956724,1.687901456067922,1.2072499057722497,0.28859705660068063,1.190693431250986,0.9020963746503055,0.42173169964075313,1.5606069456631384,1.1388752460223852,0.6378941,0.7879946629884423,1.5471730479080064,0.3625181104332286,unknown,no,no,ML_much_worse,primary DOI test sample aggregate,ML tau prediction much worse than fitting; ML false high-ZT prediction; possible missing structure/additive feature,True
10.1007_s11664-018-6831-3__sample_40270,10.1007/s11664-018-6831-3,https://doi.org/10.1007/s11664-018-6831-3,,40270,Sr0.98Ti0.8Nb0.2O3,unknown,n,16,13,1,11,0.4710337346218829,1.1106880227624765,0.6396542881405936,0.5241045606744892,0.5975110109992159,0.0734064503247267,0.6468586031987594,0.39769467867444547,-0.24916392452431396,0.4241431274636637,0.6622374377644198,0.23809431030075606,0.004545856,0.1322848087313793,0.0483805009578148,0.1833108118759095,unknown,no,no,ML_better_than_fitting,primary DOI test sample aggregate,sigma ML error propagated to ZT error; possible missing structure/additive feature,True
10.1007_s11664-018-6831-3__sample_40271,10.1007/s11664-018-6831-3,https://doi.org/10.1007/s11664-018-6831-3,,40271,Sr0.97Ti0.8Nb0.2O3,unknown,n,16,16,1,15,0.29057618108290795,1.4716293617094687,1.1810531806265607,0.23511267837435543,0.7516809175672265,0.5165682391928711,0.37804257601727015,0.8530319960237508,0.47498942000648064,0.2375444582480829,0.7477504206142943,0.5102059623662114,0.02339295,0.2233978890023567,0.0527887288955259,0.2332894331580982,unknown,no,no,ML_moderately_worse,primary DOI test sample aggregate,sigma ML error propagated to ZT error; possible missing structure/additive feature,True
10.1007_s11664-019-07720-7__sample_35575,10.1007/s11664-019-07720-7,https://doi.org/10.1007/s11664-019-07720-7,,35575,Bi0.94In0.06CuSeO,unknown,p,13,9,7,8,0.4348171677176259,0.7529307886729402,0.31811362095531426,0.3954453967389411,0.3327013817537145,-0.06274401498522658,0.3139018789076104,0.33422344647728824,0.020321567569677845,0.42609445802701584,0.3067330962742607,-0.11936136175275514,1.082461,0.6527166541597892,0.3529961613277472,0.7506747653055187,unknown,no,no,ML_close_to_fitting,primary DOI test sample aggregate,ML missed high ZT; possible missing structure/additive feature,True
10.1007_s11664-019-07743-0__sample_35923,10.1007/s11664-019-07743-0,https://doi.org/10.1007/s11664-019-07743-0,,35923,Fe2V0.9Ti0.1Al,unknown,p,10,9,0,3,0.11102593862990998,1.6405478236338442,1.5295218850039343,0.06558790986766647,0.8097546407613846,0.7441667308937181,,,,0.02152081695702028,0.8047428881827402,0.78322207122572,,0.0569787035339478,0.0110883051970988,0.0553103530869422,unknown,no,no,not_evaluated,primary DOI test sample aggregate,sigma ML error propagated to ZT error; possible missing structure/additive feature,True
10.1007_s11664-019-07743-0__sample_35924,10.1007/s11664-019-07743-0,https://doi.org/10.1007/s11664-019-07743-0,,35924,Fe2V0.9Ti0.1Al,unknown,p,10,9,0,4,0.1301251309404325,1.5546737051369832,1.4245485741965507,0.0815900751949073,0.7930433201262617,0.7114532449313544,,,,0.045833367821373566,0.7816626000823428,0.7358292322609692,,0.0608397594828685,0.012923211977498,0.05774316026632,unknown,no,no,not_evaluated,primary DOI test sample aggregate,sigma ML error propagated to ZT error; possible missing structure/additive feature,True
10.1007_s11664-019-07745-y__sample_32521,10.1007/s11664-019-07745-y,https://doi.org/10.1007/s11664-019-07745-y,,32521,Ni/Bi0.5Sb1.5Te3,unknown,p,21,21,21,21,0.11502954799503465,0.12448447797400272,0.009454929978968074,0.10345926843067399,0.09758214293189027,-0.00587712549878372,0.10713939192307535,0.09966756928493105,-0.007471822638144304,0.1034592684306739,0.09758214293189689,-0.005877125498777017,1.029548,0.9568741491384656,0.912405196762013,1.0246056595409854,unknown,no,no,ML_close_to_fitting,primary DOI test sample aggregate,ML missed high ZT; possible missing structure/additive feature,True
10.1007_s11664-019-07745-y__sample_32522,10.1007/s11664-019-07745-y,https://doi.org/10.1007/s11664-019-07745-y,,32522,Ni/Bi0.5Sb1.5Te3,unknown,p,21,17,12,15,0.12847854421847704,0.28664613806625233,0.1581675938477753,0.11031922858132043,0.3421325381312434,0.23181330954992296,0.10964410790277745,0.3851811503673112,0.27553704246453375,0.10455013857301297,0.37526768573660507,0.2707175471635921,0.9027957,0.8313712173729919,1.0741845123727052,0.8964879631424988,unknown,no,no,ML_moderately_worse,primary DOI test sample aggregate,ML false high-ZT prediction; possible missing structure/additive feature,True
10.1007_s11664-019-07745-y__sample_32523,10.1007/s11664-019-07745-y,https://doi.org/10.1007/s11664-019-07745-y,,32523,Ni/Bi0.5Sb1.5Te3,unknown,p,21,21,12,15,0.13479244797713014,0.4041928276279867,0.26940037965085656,0.12434338432082669,0.4769792581376509,0.3526358738168242,0.11808014446294168,0.5420401025730383,0.42395995811009657,0.11118315001689956,0.5459836578912792,0.4348005078743797,0.958683,0.8844514784139814,1.294684811675697,0.9544393719840844,unknown,no,no,ML_moderately_worse,primary DOI test sample aggregate,ML false high-ZT prediction; possible missing structure/additive feature,True
10.1007_s11664-019-07745-y__sample_32524,10.1007/s11664-019-07745-y,https://doi.org/10.1007/s11664-019-07745-y,,32524,Ni/Bi0.5Sb1.5Te3,unknown,p,21,20,16,19,0.1361159723487905,0.5518328941986226,0.4157169218498321,0.12336769551430711,0.7133244174966077,0.5899567219823005,0.11498080216162225,0.7069261203671867,0.5919453182055645,0.12275662717284945,0.7257805115783833,0.6030238844055339,1.049448,1.0426063258508786,1.7798086268614666,1.0615868349303914,unknown,no,no,ML_much_worse,primary DOI test sample aggregate,ML tau prediction much worse than fitting; possible missing structure/additive feature,True
10.1007_s11664-019-07745-y__sample_32525,10.1007/s11664-019-07745-y,https://doi.org/10.1007/s11664-019-07745-y,,32525,Bi0.5Sb1.5Te3,unknown,p,21,17,16,16,0.1218195205789151,0.5344106376915698,0.4125911171126547,0.11443505099516094,0.6726361254323476,0.5582010744371867,0.11665207902395344,0.695367399825306,0.5787153208013526,0.11466744259076979,0.6836565659115358,0.568989123320766,0.8800245,0.8492394004056477,1.4289313047336625,0.8872052826107681,unknown,no,no,ML_much_worse,primary DOI test sample aggregate,ML tau prediction much worse than fitting; ML false high-ZT prediction; possible missing structure/additive feature,True
10.1007_s11664-019-07745-y__sample_32542,10.1007/s11664-019-07745-y,https://doi.org/10.1007/s11664-019-07745-y,,32542,Ni/Bi0.5Sb1.5Te3,unknown,p,21,21,21,21,0.11016128794336087,0.13056533098128256,0.02040404303792169,0.09868568887763822,0.09219285281340814,-0.006492836064230081,0.10856863383123615,0.09451469719519005,-0.014053936636046094,0.09868568887764081,0.09219285281340818,-0.006492836064232635,1.023117,0.9928854830703082,0.9256823346078802,1.056199507651585,unknown,no,no,ML_close_to_fitting,primary DOI test sample aggregate,ML missed high ZT; possible missing structure/additive feature,True
10.1007_s11664-019-07745-y__sample_32543,10.1007/s11664-019-07745-y,https://doi.org/10.1007/s11664-019-07745-y,,32543,Ni/Bi0.5Sb1.5Te3,unknown,p,21,21,21,21,0.10470496856091323,0.11839622834261701,0.013691259781703782,0.09393968726398756,0.08801319849779558,-0.0059264887661919785,0.09119723565162452,0.083390147290804,-0.007807088360820516,0.09393968726398197,0.0880131984977903,-0.005926488766191673,1.018247,0.9749850681183588,0.9225617351679268,1.0240457033547767,unknown,no,no,ML_close_to_fitting,primary DOI test sample aggregate,ML missed high ZT; possible missing structure/additive feature,True
10.1007_s11664-019-07745-y__sample_32544,10.1007/s11664-019-07745-y,https://doi.org/10.1007/s11664-019-07745-y,,32544,Bi0.5Sb1.5Te3,unknown,p,21,21,21,21,0.13057119887942037,0.5626976904330144,0.43212649155359406,0.11899420215390373,0.7432222391453841,0.6242280369914803,0.10718145369280845,0.6972470139098979,0.5900655602170894,0.11899420215389458,0.7432222391453559,0.6242280369914613,0.8591944,0.812136232588072,1.4038966674722133,0.8516781094845594,unknown,no,no,ML_much_worse,primary DOI test sample aggregate,ML tau prediction much worse than fitting; ML false high-ZT prediction; possible missing structure/additive feature,True
10.1007_s11664-019-07745-y__sample_32576,10.1007/s11664-019-07745-y,https://doi.org/10.1007/s11664-019-07745-y,,32576,Bi0.5Sb1.5Te3,unknown,p,21,6,6,6,0.12211339631849821,0.5318785119838259,0.40976511566532764,0.14890096850545242,0.5211134923912811,0.3722125238858287,0.13483889366218346,0.538027775499117,0.40318888183693347,0.14890096850545456,0.5211134923912643,0.3722125238858097,0.8875657,0.7832471429244645,1.314378349020017,0.8761435053705584,unknown,no,no,ML_moderately_worse,primary DOI test sample aggregate,ML false high-ZT prediction; possible missing structure/additive feature,True
10.1007_s11664-019-07745-y__sample_32579,10.1007/s11664-019-07745-y,https://doi.org/10.1007/s11664-019-07745-y,,32579,Ni/Bi0.5Sb1.5Te3,unknown,p,21,21,21,21,0.13201594106098763,0.5462098397562399,0.4141938986952523,0.11944863623645598,0.7136102494822415,0.5941616132457855,0.1251594018813528,0.7333073063090559,0.6081479044277032,0.11944863623646228,0.7136102494822201,0.5941616132457578,1.029422,1.053255968864892,1.789439259473042,1.0570290917531262,unknown,no,no,ML_much_worse,primary DOI test sample aggregate,ML tau prediction much worse than fitting; possible missing structure/additive feature,True
10.1007_s11664-019-07745-y__sample_32581,10.1007/s11664-019-07745-y,https://doi.org/10.1007/s11664-019-07745-y,,32581,Ni/Bi0.5Sb1.5Te3,unknown,p,21,21,20,21,0.13240703596856568,0.5332257311672866,0.4008186951987209,0.12049453819187554,0.6907465001840111,0.5702519619921356,0.13580727597938705,0.7520402128552752,0.6162329368758882,0.12049453819186179,0.6907465001839881,0.5702519619921262,1.075657,1.075610054160922,1.8029297399150088,1.1093250082167434,unknown,no,no,ML_much_worse,primary DOI test sample aggregate,ML tau prediction much worse than fitting; possible missing structure/additive feature,True
10.1007_s11664-020-08056-3__sample_32439,10.1007/s11664-020-08056-3,https://doi.org/10.1007/s11664-020-08056-3,,32439,Zn4.05Sb3,unknown,p,5,5,4,4,0.18243459891518155,0.39480944877688734,0.2123748498617058,0.16484215142731753,0.44448184113970035,0.27963968971238284,0.15707822501602614,0.5080000023508834,0.35092177733485724,0.17801530529000198,0.49058091066887005,0.31256560537886807,0.5476277,0.760385898435334,1.0791809339175338,0.54469539976708,unknown,no,no,ML_moderately_worse,primary DOI test sample aggregate,ML false high-ZT prediction; possible missing structure/additive feature,True
10.1007_s11664-020-08056-3__sample_32441,10.1007/s11664-020-08056-3,https://doi.org/10.1007/s11664-020-08056-3,,32441,Zn4Sb3,unknown,p,5,5,4,4,0.2580370539966934,0.2882256100676444,0.030188556070951,0.24581599997743223,0.30690476020964635,0.06108876023221413,0.2425249497271063,0.2757573785878028,0.033232428860696495,0.23942997241622488,0.2722383062985487,0.03280833388232385,0.9142147,1.1154668007221582,1.2683156978899726,0.9153653780870892,unknown,no,no,ML_close_to_fitting,primary DOI test sample aggregate,ML false high-ZT prediction; possible missing structure/additive feature,True
10.1007_s11837-013-0822-x__sample_24426,10.1007/s11837-013-0822-x,https://doi.org/10.1007/s11837-013-0822-x,,24426,Bi2Sr1.6Co1.3O6,unknown,p,39,0,0,0,0.6495087466961844,5.482406108402938,4.832897361706754,,,,,,,,,,,,,,unknown,no,no,not_evaluated,primary DOI test sample aggregate,sigma ML error propagated to ZT error; possible missing structure/additive feature,True
10.1007_s12598-020-01569-0__sample_42009,10.1007/s12598-020-01569-0,https://doi.org/10.1007/s12598-020-01569-0,,42009,Ti0.6Hf0.3Ta0.1CoSb,unknown,n,8,4,1,4,0.12100091960621119,0.22810445151032827,0.10710353190411707,0.12392830125700555,0.2596532773189455,0.13572497606193995,0.14529298511545502,0.38961469090236617,0.24432170578691115,0.12392830125700509,0.2596532773189414,0.1357249760619363,0.1364149,0.850480101492891,1.0319103135303995,0.7273568611192167,unknown,no,no,ML_moderately_worse,primary DOI test sample aggregate,ML false high-ZT prediction; possible missing structure/additive feature,True
10.1007_s12598-021-01753-w__sample_45736,10.1007/s12598-021-01753-w,https://doi.org/10.1007/s12598-021-01753-w,,45736,Sn0.98Na0.02Se,unknown,p,11,10,9,10,0.33082302283919174,1.7530128101148055,1.4221897872756137,0.2021903011193138,4.527325320248563,4.325135019129249,0.19720377196509764,4.6067492575502165,4.409545485585118,0.2021903011192671,4.527325320247576,4.325135019128309,0.648433,0.4508670478559795,2.521694517756383,0.6362758620126857,unknown,no,no,ML_much_worse,primary DOI test sample aggregate,ML tau prediction much worse than fitting; sigma ML error propagated to ZT error; ML false high-ZT prediction; possible missing structure/additive feature,True
10.1007_s12598-021-01753-w__sample_45737,10.1007/s12598-021-01753-w,https://doi.org/10.1007/s12598-021-01753-w,,45737,Sn0.9775Na0.02In0.0025Se,unknown,p,11,9,6,7,0.31668677254930255,0.5428330608252514,0.22614628827594885,0.23054044363068416,0.5941616595591717,0.3636212159284875,0.3819602551411087,0.8698479268862288,0.4878876717451201,0.2561687739436084,0.668150851367528,0.4119820774239197,1.010345,0.5530940314156385,0.8595511597273392,0.99998572384343,unknown,no,no,ML_moderately_worse,primary DOI test sample aggregate,ML missed high ZT; possible missing structure/additive feature,True
10.1007_s12598-021-01753-w__sample_45739,10.1007/s12598-021-01753-w,https://doi.org/10.1007/s12598-021-01753-w,,45739,Sn0.9725Na0.02In0.0075Se,unknown,p,11,5,3,4,0.3489282360493837,0.8355887936499686,0.4866605576005849,0.34920602128240275,1.7235847036189882,1.3743786823365856,0.5971178849114284,2.4125124534176607,1.8153945685062323,0.3899332444387339,1.9698274315733646,1.5798941871346308,0.4689655,0.3272946417890625,0.6993203517372087,0.2950558502139274,unknown,no,no,ML_much_worse,primary DOI test sample aggregate,ML tau prediction much worse than fitting; possible missing structure/additive feature,True
10.1007_s12598-021-01753-w__sample_45740,10.1007/s12598-021-01753-w,https://doi.org/10.1007/s12598-021-01753-w,,45740,Sn0.97Na0.02In0.01Se,unknown,p,11,6,4,6,0.3876942682097398,0.8137102139067438,0.426015945697004,0.20624305928390765,0.7591000564427244,0.5528569971588168,0.13905637112257066,0.9016993293414317,0.7626429582188611,0.20624305928387907,0.7591000564425933,0.5528569971587142,0.7265959,0.5707097997314461,1.1671206844035262,1.0184180236469111,unknown,no,no,ML_much_worse,primary DOI test sample aggregate,ML tau prediction much worse than fitting; ML false high-ZT prediction; possible missing structure/additive feature,True
10.1007_s13391-020-00241-0__sample_39472,10.1007/s13391-020-00241-0,https://doi.org/10.1007/s13391-020-00241-0,,39472,Al0.990Mg0.010Sb,unknown,p,7,7,7,7,0.7707579769690391,3.045438054675027,2.274680077705988,0.9223717427501599,26.337318619863886,25.414946877113728,0.7755933734596774,23.64552849977262,22.869935126312942,0.9223717427505985,26.337318619867634,25.414946877117035,0.01805158,0.0102472383082895,0.1950582614367156,0.0182761947372357,unknown,no,no,ML_much_worse,primary DOI test sample aggregate,ML tau prediction much worse than fitting; sigma ML error propagated to ZT error; possible missing structure/additive feature,True
10.1007_s13391-020-00241-0__sample_39473,10.1007/s13391-020-00241-0,https://doi.org/10.1007/s13391-020-00241-0,,39473,Al0.985Mg0.015Sb,unknown,p,7,7,7,7,0.8902549010101474,2.6151694633405804,1.724914562330433,1.1918647649869327,18.3119506516321,17.120085886645168,1.1857869210975205,18.27172954870741,17.08594262760989,1.191864764987065,18.31195065163063,17.120085886643565,0.0340752,0.0207772137828025,0.2429442005968155,0.0338565648912304,unknown,no,no,ML_much_worse,primary DOI test sample aggregate,ML tau prediction much worse than fitting; sigma ML error propagated to ZT error; possible missing structure/additive feature,True
10.1007_s40243-014-0026-5__sample_13996,10.1007/s40243-014-0026-5,https://doi.org/10.1007/s40243-014-0026-5,,13996,Cu1.97Ag0.03Se1.009,unknown,p,14,0,0,0,0.2511207574159418,1.2785436139328923,1.0274228565169505,,,,,,,,,,,,,,unknown,no,no,not_evaluated,primary DOI test sample aggregate,sigma ML error propagated to ZT error; possible missing structure/additive feature,True
10.1007_s40843-021-1666-6__sample_46052,10.1007/s40843-021-1666-6,https://doi.org/10.1007/s40843-021-1666-6,,46052,(BaFe12O19)0.21(Bi2Te2.5Se0.5)99.79,unknown,n,21,21,21,21,0.13894058775850873,0.9109057116966095,0.7719651239381008,0.11612604784698229,0.5896266273959498,0.47350057954896757,0.11374684401383231,0.5896319458187718,0.4758851018049395,0.11612604784698664,0.5896266273959374,0.47350057954895075,1.014884,1.2898909196887771,0.5243009742758044,1.0117859277234724,unknown,no,no,ML_moderately_worse,primary DOI test sample aggregate,ML missed high ZT; possible missing structure/additive feature,True
10.1016_0921-4526_94_00420-z__sample_18295,10.1016/0921-4526(94)00420-z,https://doi.org/10.1016/0921-4526%2894%2900420-z,,18295,CeNi2Al5,unknown,n,44,0,0,0,0.4815484320725059,4.683621639690541,4.202073207618035,,,,,,,,,,,,,,unknown,no,no,not_evaluated,primary DOI test sample aggregate,sigma ML error propagated to ZT error; possible missing structure/additive feature,True
10.1016_0921-4526_94_00420-z__sample_18296,10.1016/0921-4526(94)00420-z,https://doi.org/10.1016/0921-4526%2894%2900420-z,,18296,CeNi2Al5,unknown,n,41,0,0,0,0.5197621685851019,4.845778547425947,4.326016378840846,,,,,,,,,,,,,,unknown,no,no,not_evaluated,primary DOI test sample aggregate,sigma ML error propagated to ZT error; possible missing structure/additive feature,True
10.1016_0921-4526_94_00420-z__sample_18297,10.1016/0921-4526(94)00420-z,https://doi.org/10.1016/0921-4526%2894%2900420-z,,18297,CeNi2Al5,unknown,n,35,0,0,0,0.4937925858666144,5.124240877421381,4.6304482915547664,,,,,,,,,,,,,,unknown,no,no,not_evaluated,primary DOI test sample aggregate,sigma ML error propagated to ZT error; possible missing structure/additive feature,True
10.1016_j.actamat.2005.12.032__sample_542,10.1016/j.actamat.2005.12.032,https://doi.org/10.1016/j.actamat.2005.12.032,,542,Ba24Ga0Ge100,unknown,n,14,0,0,0,0.15707448766279827,1.8628501481621882,1.70577566049939,,,,,,,,,,,,,,unknown,no,no,not_evaluated,primary DOI test sample aggregate,sigma ML error propagated to ZT error; possible missing structure/additive feature,True
10.1016_j.actamat.2005.12.032__sample_543,10.1016/j.actamat.2005.12.032,https://doi.org/10.1016/j.actamat.2005.12.032,,543,Ba24Ga4Ge96,unknown,n,14,0,0,0,0.1365490062051444,1.794491636094038,1.6579426298888935,,,,,,,,,,,,,,unknown,no,no,not_evaluated,primary DOI test sample aggregate,sigma ML error propagated to ZT error; possible missing structure/additive feature,True
10.1016_j.actamat.2005.12.032__sample_544,10.1016/j.actamat.2005.12.032,https://doi.org/10.1016/j.actamat.2005.12.032,,544,Ba24Ga9Ge91,unknown,n,14,0,0,0,0.12923439128389308,1.4963192198787039,1.3670848285948107,,,,,,,,,,,,,,unknown,no,no,not_evaluated,primary DOI test sample aggregate,sigma ML error propagated to ZT error; possible missing structure/additive feature,True
10.1016_j.actamat.2005.12.032__sample_545,10.1016/j.actamat.2005.12.032,https://doi.org/10.1016/j.actamat.2005.12.032,,545,Ba24Ga12Ge88,unknown,n,14,0,0,0,0.13245736639031114,1.3067040744255085,1.1742467080351973,,,,,,,,,,,,,,unknown,no,no,not_evaluated,primary DOI test sample aggregate,sigma ML error propagated to ZT error; possible missing structure/additive feature,True
10.1016_j.actamat.2008.12.039__sample_10165,10.1016/j.actamat.2008.12.039,https://doi.org/10.1016/j.actamat.2008.12.039,,10165,Ru0.24Re0.73Si1.67,unknown,p,5,0,0,0,0.1924954836386315,13.854480096249686,13.661984612611054,,,,,,,,,,,,,,unknown,no,no,not_evaluated,primary DOI test sample aggregate,sigma ML error propagated to ZT error; possible missing structure/additive feature,True
10.1016_j.actamat.2008.12.039__sample_10220,10.1016/j.actamat.2008.12.039,https://doi.org/10.1016/j.actamat.2008.12.039,,10220,Ru0.24Re0.73Si1.5364Al0.1336,unknown,p,5,0,0,0,0.1847919258426768,13.539795472945675,13.355003547103,,,,,,,,,,,,,,unknown,no,no,not_evaluated,primary DOI test sample aggregate,sigma ML error propagated to ZT error; possible missing structure/additive feature,True
10.1016_j.actamat.2008.12.039__sample_10221,10.1016/j.actamat.2008.12.039,https://doi.org/10.1016/j.actamat.2008.12.039,,10221,Ru0.24Re0.73Si1.6032Al0.0668,unknown,p,6,0,0,0,0.17050366684022358,13.726047580443248,13.555543913603024,,,,,,,,,,,,,,unknown,no,no,not_evaluated,primary DOI test sample aggregate,sigma ML error propagated to ZT error; possible missing structure/additive feature,True
10.1016_j.actamat.2011.01.064__sample_3133,10.1016/j.actamat.2011.01.064,https://doi.org/10.1016/j.actamat.2011.01.064,,3133,Ba0.3In0.2Co3.95Ni0.05Sb12,unknown,n,21,6,2,2,0.0981166624181205,0.6168423770624835,0.5187257146443629,0.07463702189054067,0.45140491380255127,0.3767678919120106,0.1345765137296712,0.3829033142639288,0.24832680053425762,0.128957786899063,0.4009887928365806,0.2720310059375176,1.074804,1.3605924110389849,0.7400268358541557,1.1059183745375487,unknown,no,no,ML_moderately_worse,primary DOI test sample aggregate,ML missed high ZT; possible missing structure/additive feature,True
10.1016_j.actamat.2011.01.064__sample_3134,10.1016/j.actamat.2011.01.064,https://doi.org/10.1016/j.actamat.2011.01.064,,3134,Ba0.3In0.2Co3.95Ni0.05Sb12,unknown,n,21,4,2,2,0.09317692676644931,0.5804258171284284,0.48724889036197916,0.09061185018376909,0.4087186038463893,0.3181067536626202,0.16347949145766852,0.3552818563902481,0.1918023649325796,0.1557277845328393,0.36694922762892496,0.21122144309608565,1.203677,1.5729916123898204,0.8869924839846277,1.230457560856557,unknown,no,no,ML_moderately_worse,primary DOI test sample aggregate,ML missed high ZT; possible missing structure/additive feature,True
10.1016_j.actamat.2011.01.064__sample_3135,10.1016/j.actamat.2011.01.064,https://doi.org/10.1016/j.actamat.2011.01.064,,3135,Ba0.3In0.2Co3.95Ni0.05Sb12,unknown,n,21,9,2,4,0.09436451775455577,0.5633411429564843,0.4689766252019285,0.05133375202169378,0.44759359991373265,0.3962598478920389,0.037480276060514545,0.4219833762588936,0.3845031001983791,0.06599455045817063,0.45636961531887443,0.39037506486070384,1.216632,0.7558280785658009,0.4337344443669928,0.795044208383306,unknown,no,no,ML_moderately_worse,primary DOI test sample aggregate,ML missed high ZT; possible missing structure/additive feature,True
10.1016_j.actamat.2011.01.064__sample_3136,10.1016/j.actamat.2011.01.064,https://doi.org/10.1016/j.actamat.2011.01.064,,3136,Ba0.3In0.2Co3.95Ni0.05Sb12,unknown,n,21,2,1,1,0.09419921520852315,0.5465624479743122,0.45236323276578905,0.02800255166277304,0.40903898387669413,0.3810364322139211,0.05418924631399441,0.3846793246526861,0.3304900783386917,0.040457964178127845,0.392694149151009,0.3522361849728811,1.190721,1.228256974665361,0.7169224252606623,1.18049648996207,unknown,no,no,ML_moderately_worse,primary DOI test sample aggregate,ML missed high ZT; possible missing structure/additive feature,True
10.1016_j.actamat.2011.01.064__sample_3137,10.1016/j.actamat.2011.01.064,https://doi.org/10.1016/j.actamat.2011.01.064,,3137,Ba0.3In0.2Co3.95Ni0.05Sb12,unknown,n,21,7,3,3,0.09538687174290329,0.5077471382151753,0.412360266472272,0.10500621948718984,0.34755825405022395,0.2425520345630341,0.2046341644189973,0.2684069819566568,0.06377281753765951,0.18035386794626396,0.28315278271521443,0.10279891476895048,1.171319,1.5359250960982458,0.9327911408564292,1.195463559586533,unknown,no,no,ML_close_to_fitting,primary DOI test sample aggregate,ML missed high ZT; possible missing structure/additive feature,True
10.1016_j.actamat.2011.01.064__sample_3138,10.1016/j.actamat.2011.01.064,https://doi.org/10.1016/j.actamat.2011.01.064,,3138,Ba0.3In0.2Co3.95Ni0.05Sb12,unknown,n,21,8,2,4,0.09400162584058668,0.5029810336225791,0.4089794077819924,0.10190387159730271,0.35645390926704457,0.2545500376697418,0.035366837407546294,0.38176249839460874,0.3463956609870624,0.11720098858655438,0.36454812602063646,0.2473471374340821,1.158642,1.5388599001307317,0.9388709796853528,1.1972446883503798,unknown,no,no,ML_moderately_worse,primary DOI test sample aggregate,ML missed high ZT; possible missing structure/additive feature,True
10.1016_j.actamat.2011.01.064__sample_3139,10.1016/j.actamat.2011.01.064,https://doi.org/10.1016/j.actamat.2011.01.064,,3139,Ba0.3In0.2Co3.95Ni0.05Sb12,unknown,n,21,11,6,8,0.09197926827304496,0.49457965212887833,0.40260038385583335,0.08543069539965517,0.3669604382346772,0.2815297428350221,0.1304573529768314,0.3405158066716752,0.2100584536948438,0.10670626528295551,0.3588356295796289,0.2521293642966734,1.16481,1.5021090134661514,0.9239647511493252,1.1782363226385362,unknown,no,no,ML_moderately_worse,primary DOI test sample aggregate,ML missed high ZT; possible missing structure/additive feature,True
10.1016_j.actamat.2011.01.064__sample_3140,10.1016/j.actamat.2011.01.064,https://doi.org/10.1016/j.actamat.2011.01.064,,3140,Ba0.3In0.2Co3.95Ni0.05Sb12,unknown,n,21,1,0,0,0.09234090780273983,0.4982397189652416,0.40589881116250176,0.06688639943472353,0.42812583747810135,0.3612394380433778,,,,,,,1.15218,,,,unknown,no,no,not_evaluated,primary DOI test sample aggregate,ML missed high ZT; possible missing structure/additive feature,True
10.1016_j.actamat.2011.01.064__sample_3141,10.1016/j.actamat.2011.01.064,https://doi.org/10.1016/j.actamat.2011.01.064,,3141,Ba0.3In0.2Co3.95Ni0.05Sb12,unknown,n,21,7,3,5,0.09466151745625778,0.4537604979264336,0.3590989804701758,0.11348584603927288,0.3378594964828126,0.22437365044353974,0.13256443394218767,0.3178203108187004,0.1852558768765127,0.13335148392179033,0.3132673224016558,0.17991583847986545,1.096825,1.4189587745211072,0.9104162328622638,1.1026780172689024,unknown,no,no,ML_moderately_worse,primary DOI test sample aggregate,ML missed high ZT; possible missing structure/additive feature,True
10.1016_j.actamat.2011.01.064__sample_3142,10.1016/j.actamat.2011.01.064,https://doi.org/10.1016/j.actamat.2011.01.064,,3142,Ba0.3In0.2Co3.95Ni0.05Sb12,unknown,n,21,6,2,2,0.09399824172339084,0.45297386811399154,0.3589756263906007,0.06650491634532056,0.3826956268499399,0.31619071050461933,0.06550429079521432,0.33855815460605154,0.27305386381083724,0.06535542007247332,0.3460205388421984,0.2806651187697251,1.058269,1.0754577635151816,0.6904807430695625,0.9921557337988912,unknown,no,no,ML_moderately_worse,primary DOI test sample aggregate,ML missed high ZT; possible missing structure/additive feature,True
10.1016_j.actamat.2011.01.064__sample_3143,10.1016/j.actamat.2011.01.064,https://doi.org/10.1016/j.actamat.2011.01.064,,3143,Ba0.3In0.2Co3.95Ni0.05Sb12,unknown,n,21,5,0,0,0.09407208503064907,0.48003806710589697,0.3859659820752479,0.10824550963465014,0.3580846462218712,0.24983913658722107,,,,,,,1.132437,,,,unknown,no,no,not_evaluated,primary DOI test sample aggregate,ML missed high ZT; possible missing structure/additive feature,True
10.1016_j.actamat.2011.01.064__sample_3148,10.1016/j.actamat.2011.01.064,https://doi.org/10.1016/j.actamat.2011.01.064,,3148,Ba0.3In0.2Co4Sb12,unknown,n,21,1,1,1,0.08791096707354974,0.7546655099572926,0.6667545428837429,0.11389019090220498,0.581233605320767,0.467343414418562,0.22894949416983157,0.41921109141049545,0.19026159724066388,0.11389019090220413,0.5812336053207705,0.46734341441856636,1.44188,1.1918277228539882,0.5632455407377591,1.3450113187071735,unknown,no,no,ML_moderately_worse,primary DOI test sample aggregate,ML missed high ZT; possible missing structure/additive feature,True
10.1016_j.actamat.2011.01.064__sample_3149,10.1016/j.actamat.2011.01.064,https://doi.org/10.1016/j.actamat.2011.01.064,,3149,Ba0.3In0.2Co4Sb12,unknown,n,21,3,0,0,0.08602302194385514,0.7489807619432381,0.662957739999383,0.08401016207501759,0.5098796670541691,0.4258695049791515,,,,,,,1.449545,,,,unknown,no,no,not_evaluated,primary DOI test sample aggregate,ML missed high ZT; possible missing structure/additive feature,True
10.1016_j.actamat.2011.01.064__sample_3150,10.1016/j.actamat.2011.01.064,https://doi.org/10.1016/j.actamat.2011.01.064,,3150,Ba0.3In0.2Co4Sb12,unknown,n,21,1,0,0,0.08801236223244727,0.8748037403320725,0.7867913780996253,0.12742420042258387,0.634566461262792,0.5071422608402082,,,,,,,1.29027,,,,unknown,no,no,not_evaluated,primary DOI test sample aggregate,ML missed high ZT; possible missing structure/additive feature,True
10.1016_j.actamat.2011.01.064__sample_3151,10.1016/j.actamat.2011.01.064,https://doi.org/10.1016/j.actamat.2011.01.064,,3151,Ba0.3In0.2Co4Sb12,unknown,n,21,4,0,0,0.08761092006695458,0.868436017992535,0.7808250979255804,0.09206532689949193,0.5686476974437421,0.4765823705442502,,,,,,,1.526002,,,,unknown,no,no,not_evaluated,primary DOI test sample aggregate,ML missed high ZT; possible missing structure/additive feature,True
10.1016_j.actamat.2011.01.064__sample_3152,10.1016/j.actamat.2011.01.064,https://doi.org/10.1016/j.actamat.2011.01.064,,3152,Ba0.3In0.2Co4Sb12,unknown,n,21,1,0,0,0.09010153636005792,0.9892127722027061,0.8991112358426482,0.04202423223294773,0.6109065059125682,0.5688822736796205,,,,,,,1.214359,,,,unknown,no,no,not_evaluated,primary DOI test sample aggregate,ML missed high ZT; possible missing structure/additive feature,True
10.1016_j.actamat.2011.01.064__sample_3153,10.1016/j.actamat.2011.01.064,https://doi.org/10.1016/j.actamat.2011.01.064,,3153,Ba0.3In0.2Co4Sb12,unknown,n,21,3,0,0,0.08904473257841736,0.9823071089759251,0.8932623763975077,0.039652733516677,0.6314417217080451,0.5917889881913682,,,,,,,1.587389,,,,unknown,no,no,not_evaluated,primary DOI test sample aggregate,ML missed high ZT; possible missing structure/additive feature,True
10.1016_j.actamat.2013.03.031__sample_4858,10.1016/j.actamat.2013.03.031,https://doi.org/10.1016/j.actamat.2013.03.031,,4858,Ba0.18(Nd0.9513Pr0.0487)0.30Yb0.04Fe3.1Ni0.9Sb12,unknown,p,22,0,0,0,0.45518587648953884,1.217581635436472,0.762395758946933,,,,,,,,,,,,,,unknown,no,no,not_evaluated,primary DOI test sample aggregate,sigma ML error propagated to ZT error; possible missing structure/additive feature,True
10.1016_j.actamat.2013.03.031__sample_4860,10.1016/j.actamat.2013.03.031,https://doi.org/10.1016/j.actamat.2013.03.031,,4860,Ba0.06Sr0.01DD0.14Yb0.01Fe2.2Ni1.8Sb12,unknown,n,11,0,0,0,0.20370881493211374,1.6501876177439119,1.446478802811798,,,,,,,,,,,,,,unknown,no,no,not_evaluated,primary DOI test sample aggregate,sigma ML error propagated to ZT error; possible missing structure/additive feature,True
10.1016_j.actamat.2014.06.065__sample_15635,10.1016/j.actamat.2014.06.065,https://doi.org/10.1016/j.actamat.2014.06.065,,15635,Na0.01(PbTe)0.9(PbSe)0.1,unknown,p,17,0,0,0,0.5617417012451141,1.4038091013355636,0.8420674000904494,,,,,,,,,,,,,,unknown,no,no,not_evaluated,primary DOI test sample aggregate,sigma ML error propagated to ZT error; possible missing structure/additive feature,True
10.1016_j.actamat.2014.06.065__sample_15636,10.1016/j.actamat.2014.06.065,https://doi.org/10.1016/j.actamat.2014.06.065,,15636,Na0.01(PbTe)0.85(PbSe)0.1(PbS)0.05,unknown,p,16,0,0,0,0.4802651582913257,1.1027849160193868,0.622519757728061,,,,,,,,,,,,,,unknown,no,no,not_evaluated,primary DOI test sample aggregate,sigma ML error propagated to ZT error; possible missing structure/additive feature,True
10.1016_j.actamat.2015.03.032__sample_4905,10.1016/j.actamat.2015.03.032,https://doi.org/10.1016/j.actamat.2015.03.032,,4905,CaFe2.5Co1.5Sb12,unknown,p,48,0,0,0,0.3591451557291592,1.0730583813665238,0.7139132256373646,,,,,,,,,,,,,,unknown,no,no,not_evaluated,primary DOI test sample aggregate,sigma ML error propagated to ZT error; possible missing structure/additive feature,True
10.1016_j.actamat.2015.03.032__sample_4906,10.1016/j.actamat.2015.03.032,https://doi.org/10.1016/j.actamat.2015.03.032,,4906,CaFe3Co1Sb12,unknown,p,97,0,0,0,0.2884590938130541,1.3710145598454586,1.0825554660324044,,,,,,,,,,,,,,unknown,no,no,not_evaluated,primary DOI test sample aggregate,sigma ML error propagated to ZT error; possible missing structure/additive feature,True
10.1016_j.actamat.2015.03.032__sample_4907,10.1016/j.actamat.2015.03.032,https://doi.org/10.1016/j.actamat.2015.03.032,,4907,CaFe3.5Co0.5Sb12,unknown,p,40,0,0,0,0.3801324116232254,1.8607192119939633,1.4805868003707379,,,,,,,,,,,,,,unknown,no,no,not_evaluated,primary DOI test sample aggregate,sigma ML error propagated to ZT error; possible missing structure/additive feature,True
10.1016_j.actamat.2015.11.022__sample_12066,10.1016/j.actamat.2015.11.022,https://doi.org/10.1016/j.actamat.2015.11.022,,12066,Ti0.50Zr0.50NiSn0.98Sb0.02,unknown,n,24,0,0,0,0.14948108812150207,1.1299668136832852,0.9804857255617832,,,,,,,,,,,,,,unknown,no,no,not_evaluated,primary DOI test sample aggregate,sigma ML error propagated to ZT error; possible missing structure/additive feature,True
10.1016_j.actamat.2015.11.022__sample_12073,10.1016/j.actamat.2015.11.022,https://doi.org/10.1016/j.actamat.2015.11.022,,12073,Ti0.5Zr0.25Hf0.25NiSn0.98Sb0.02,unknown,n,12,0,0,0,0.12062122410075422,1.032870763088148,0.9122495389873937,,,,,,,,,,,,,,unknown,no,no,not_evaluated,primary DOI test sample aggregate,sigma ML error propagated to ZT error; possible missing structure/additive feature,True
10.1016_j.actamat.2015.11.022__sample_12078,10.1016/j.actamat.2015.11.022,https://doi.org/10.1016/j.actamat.2015.11.022,,12078,HfNiSn,unknown,n,11,0,0,0,0.33304080469601766,1.2520046367161402,0.9189638320201226,,,,,,,,,,,,,,unknown,no,no,not_evaluated,primary DOI test sample aggregate,sigma ML error propagated to ZT error; possible missing structure/additive feature,True
10.1016_j.actamat.2016.10.077__sample_31121,10.1016/j.actamat.2016.10.077,https://doi.org/10.1016/j.actamat.2016.10.077,,31121,Mg2Sn0.73Bi0.02Ge0.25,unknown,n,10,0,0,0,0.16399284541252307,1.0668926924474544,0.9028998470349314,,,,,,,,,,,,,,unknown,no,no,not_evaluated,primary DOI test sample aggregate,sigma ML error propagated to ZT error; possible missing structure/additive feature,True
10.1016_j.actamat.2016.10.077__sample_31122,10.1016/j.actamat.2016.10.077,https://doi.org/10.1016/j.actamat.2016.10.077,,31122,Mg2Sn0.72Bi0.03Ge0.25,unknown,n,10,0,0,0,0.13032315918583243,1.0805527683480862,0.9502296091622537,,,,,,,,,,,,,,unknown,no,no,not_evaluated,primary DOI test sample aggregate,sigma ML error propagated to ZT error; possible missing structure/additive feature,True
10.1016_j.actamat.2016.10.077__sample_31127,10.1016/j.actamat.2016.10.077,https://doi.org/10.1016/j.actamat.2016.10.077,,31127,Mg1.97Y0.03Sn0.75Ge0.25,unknown,n,10,0,0,0,0.40966895056774877,1.1833151581905996,0.7736462076228509,,,,,,,,,,,,,,unknown,no,no,not_evaluated,primary DOI test sample aggregate,sigma ML error propagated to ZT error; possible missing structure/additive feature,True
10.1016_j.actamat.2019.01.013__sample_83822,10.1016/j.actamat.2019.01.013,https://doi.org/10.1016/j.actamat.2019.01.013,,83822,(Hf0.25Zr0.25Ti0.5)0.995Nb0.005NiSn,unknown,n,14,14,14,14,0.45446250426775714,0.5689129280166513,0.11445042374889414,0.42479829191307,0.6524730397102562,0.22767474779718616,0.42894547565646907,0.6600918713665745,0.23114639571010548,0.4247982919130707,0.6524730397102422,0.22767474779717145,0.9865,0.7441003476997774,1.047762586201272,0.9893248774524503,unknown,no,no,ML_moderately_worse,primary DOI test sample aggregate,ML false high-ZT prediction; possible missing structure/additive feature,True
10.1016_j.actamat.2020.05.039__sample_38557,10.1016/j.actamat.2020.05.039,https://doi.org/10.1016/j.actamat.2020.05.039,,38557,Cu26V2Sn6S32,unknown,p,9,0,0,0,0.24085498430207372,1.9098717158428036,1.6690167315407298,,,,,,,,,,,,,,unknown,no,no,not_evaluated,primary DOI test sample aggregate,sigma ML error propagated to ZT error; possible missing structure/additive feature,True
10.1016_j.actamat.2020.05.039__sample_38558,10.1016/j.actamat.2020.05.039,https://doi.org/10.1016/j.actamat.2020.05.039,,38558,Cu26V2Sn6S32,unknown,p,9,0,0,0,0.14500036182468062,1.6396982709046681,1.4946979090799875,,,,,,,,,,,,,,unknown,no,no,not_evaluated,primary DOI test sample aggregate,sigma ML error propagated to ZT error; possible missing structure/additive feature,True
10.1016_j.actamat.2020.05.039__sample_38559,10.1016/j.actamat.2020.05.039,https://doi.org/10.1016/j.actamat.2020.05.039,,38559,Cu26V2Sn6S32,unknown,p,9,0,0,0,0.14556598879047897,1.120195546678607,0.9746295578881281,,,,,,,,,,,,,,unknown,no,no,not_evaluated,primary DOI test sample aggregate,sigma ML error propagated to ZT error; possible missing structure/additive feature,True
10.1016_j.actamat.2021.117231__sample_46273,10.1016/j.actamat.2021.117231,https://doi.org/10.1016/j.actamat.2021.117231,,46273,Ag3.92TeS,unknown,n,8,8,8,8,0.32945309494157227,1.7760863931637758,1.4466332982222037,0.2983674225123779,5.040559520601132,4.742192098088754,0.28285131177698536,5.120899248128363,4.838047936351377,0.29836742251238974,5.040559520600574,4.742192098088185,0.6920841,1.023196974202962,5.860267110592492,0.7520528350911981,unknown,no,no,ML_much_worse,primary DOI test sample aggregate,ML tau prediction much worse than fitting; sigma ML error propagated to ZT error; ML false high-ZT prediction; possible missing structure/additive feature,True
10.1016_j.actamat.2021.117231__sample_46274,10.1016/j.actamat.2021.117231,https://doi.org/10.1016/j.actamat.2021.117231,,46274,Ag3.95TeS,unknown,n,8,6,6,6,0.27328009135813996,1.4012011254512828,1.127921034093143,0.2692729427746855,2.9111611236140544,2.641888180839369,0.27082955565459316,3.0267310065894293,2.7559014509348363,0.26927294277466335,2.911161123613747,2.641888180839084,0.9711413,1.1607323539698864,4.587543205945006,0.9715921408388106,unknown,no,no,ML_much_worse,primary DOI test sample aggregate,ML tau prediction much worse than fitting; sigma ML error propagated to ZT error; ML false high-ZT prediction; possible missing structure/additive feature,True
10.1016_j.actamat.2021.117231__sample_46275,10.1016/j.actamat.2021.117231,https://doi.org/10.1016/j.actamat.2021.117231,,46275,Ag3.98TeS,unknown,n,8,8,7,7,0.34287234732060856,1.1250702820127785,0.7821979346921699,0.3151108014781745,2.099505374324576,1.7843945728464015,0.3265980258470213,2.2336871324124146,1.9070891065653932,0.32395667395690697,2.230775410895158,1.9068187369382508,0.9420823,1.368789527715227,3.9967353348951073,0.860495314355199,unknown,no,no,ML_much_worse,primary DOI test sample aggregate,ML tau prediction much worse than fitting; sigma ML error propagated to ZT error; ML false high-ZT prediction; possible missing structure/additive feature,True
10.1016_j.actamat.2021.117231__sample_46276,10.1016/j.actamat.2021.117231,https://doi.org/10.1016/j.actamat.2021.117231,,46276,Ag3.99TeS,unknown,n,8,8,6,8,0.22781565177018193,0.5407320048331725,0.3129163530629906,0.215444099030412,0.6758158611513243,0.4603717621209123,0.22966941432036983,0.6364929895334882,0.4068235752131184,0.21544409903041445,0.6758158611512868,0.46037176212087233,0.9697587,0.9334359594514794,1.5242706429204391,0.9942926065332236,unknown,no,no,ML_moderately_worse,primary DOI test sample aggregate,ML false high-ZT prediction; possible missing structure/additive feature,True
10.1016_j.actamat.2021.117231__sample_46281,10.1016/j.actamat.2021.117231,https://doi.org/10.1016/j.actamat.2021.117231,,46281,Ag4.08TeS,unknown,n,8,7,6,7,0.07267155738034792,10.790667799808219,10.717996242427871,0.06844001684971954,48466.18181900298,48466.113378986134,0.999990135298329,0.5210334765595843,-0.4789566587387447,0.06844001684971956,48466.18181901219,48466.113378995346,0.6100574,9.001353280934348e-06,0.4370478734185327,9.50356506435075e-06,unknown,no,no,ML_better_than_fitting,primary DOI test sample aggregate,sigma ML error propagated to ZT error; possible missing structure/additive feature,True
10.1016_j.actamat.2021.117335__sample_46035,10.1016/j.actamat.2021.117335,https://doi.org/10.1016/j.actamat.2021.117335,,46035,Ag2Se,unknown,n,5,5,5,5,0.1371762296585188,1.104984124573436,0.9678078949149171,0.10471140278263598,0.6626570105101373,0.5579456077275012,0.10267879718344783,0.6617283247085924,0.5590495275251446,0.10471140278264084,0.6626570105101268,0.557945607727486,0.8753149,0.9329049906774854,0.3116457251827236,0.8773980592010673,unknown,no,no,ML_much_worse,primary DOI test sample aggregate,ML tau prediction much worse than fitting; sigma ML error propagated to ZT error; possible missing structure/additive feature,True
10.1016_j.actamat.2021.117335__sample_46036,10.1016/j.actamat.2021.117335,https://doi.org/10.1016/j.actamat.2021.117335,,46036,(Ag0.99Cu0.01)2Se,unknown,n,5,5,5,5,0.19893028861354667,1.317153824737274,1.1182235361237274,0.15500566496070467,0.7224125047592075,0.5674068397985028,0.15845962946123712,0.722733050095771,0.5642734206345339,0.15500566496070403,0.7224125047591916,0.5674068397984876,0.8450882,0.9859596136366696,0.2681564255222662,0.8456750243329999,unknown,no,no,ML_much_worse,primary DOI test sample aggregate,ML tau prediction much worse than fitting; sigma ML error propagated to ZT error; possible missing structure/additive feature,True
10.1016_j.actamat.2021.117335__sample_46037,10.1016/j.actamat.2021.117335,https://doi.org/10.1016/j.actamat.2021.117335,,46037,(Ag0.98Cu0.02)2Se,unknown,n,5,5,5,5,0.21396357936083768,1.3948427776114238,1.1808791982505862,0.1682931398695966,0.7420517594808179,0.5737586196112213,0.16386828128230077,0.7432697348570991,0.5794014535747983,0.16829313986958838,0.7420517594808071,0.5737586196112188,0.8030338,1.0128593092217564,0.2552384283079634,0.805411194115491,unknown,no,no,ML_much_worse,primary DOI test sample aggregate,ML tau prediction much worse than fitting; sigma ML error propagated to ZT error; possible missing structure/additive feature,True
10.1016_j.actamat.2021.117335__sample_46038,10.1016/j.actamat.2021.117335,https://doi.org/10.1016/j.actamat.2021.117335,,46038,(Ag0.97Cu0.03)2Se,unknown,n,5,5,5,5,0.20729690536790965,1.3575673867081628,1.1502704813402531,0.16171782771962273,0.7328121393276348,0.571094311608012,0.1664078331000838,0.7314562039337538,0.56504837083367,0.16171782771962154,0.732812139327624,0.5710943116080025,0.7730285,0.9951546570857358,0.2601480681673179,0.775492866549204,unknown,no,no,ML_much_worse,primary DOI test sample aggregate,ML tau prediction much worse than fitting; sigma ML error propagated to ZT error; possible missing structure/additive feature,True
10.1016_j.actamat.2021.117335__sample_46039,10.1016/j.actamat.2021.117335,https://doi.org/10.1016/j.actamat.2021.117335,,46039,(Ag0.96Cu0.04)2Se,unknown,n,5,5,5,5,0.19072088138010107,1.34508501706759,1.154364135687489,0.14695233296707771,0.7309853481263007,0.584033015159223,0.14841133776426135,0.7309590383875519,0.5825477006232906,0.1469523329670732,0.7309853481262841,0.5840330151592109,0.7594458,0.9273917671491908,0.2449075951723937,0.7586850391682942,unknown,no,no,ML_much_worse,primary DOI test sample aggregate,ML tau prediction much worse than fitting; sigma ML error propagated to ZT error; possible missing structure/additive feature,True
10.1016_j.actamat.2021.117335__sample_46040,10.1016/j.actamat.2021.117335,https://doi.org/10.1016/j.actamat.2021.117335,,46040,(Ag0.95Cu0.05)2Se,unknown,n,5,5,5,5,0.19318940099908288,1.371639771873433,1.1784503708743501,0.1500594422389431,0.7378606879691457,0.5878012457302026,0.15162626719737296,0.7372282784942381,0.5856020112968652,0.15005944223893328,0.7378606879691172,0.5878012457301839,0.7204441,0.9036578564137214,0.2324056010892623,0.722440787394288,unknown,no,no,ML_much_worse,primary DOI test sample aggregate,ML tau prediction much worse than fitting; sigma ML error propagated to ZT error; possible missing structure/additive feature,True
10.1016_j.cap.2014.12.006__sample_1509,10.1016/j.cap.2014.12.006,https://doi.org/10.1016/j.cap.2014.12.006,,1509,Cu0.008Bi1.98Ge0.02Te2.7Se0.3,unknown,n,6,6,0,6,0.18891711445063664,0.9508698581600148,0.7619527437093782,0.1539996128918353,1.5835917488171216,1.4295921359252863,,,,0.15399961289182998,1.5835917488171114,1.4295921359252814,,0.705801342555185,1.7922872405238122,0.5407144838002437,unknown,no,no,not_evaluated,primary DOI test sample aggregate,ML false high-ZT prediction; possible missing structure/additive feature,True
10.1016_j.cej.2020.126274__sample_41839,10.1016/j.cej.2020.126274,https://doi.org/10.1016/j.cej.2020.126274,,41839,SnTe,unknown,p,14,14,13,14,0.4101146964284223,1.3196895703153384,0.909574873886916,0.3812972558736315,0.6906186308187222,0.3093213749450907,0.4134128218483989,0.6659363585291386,0.2525235366807397,0.38129725587358065,0.6906186308187184,0.3093213749451378,0.388668,0.546680221699089,0.1559471218406567,0.4173311580128491,unknown,no,no,ML_moderately_worse,primary DOI test sample aggregate,sigma ML error propagated to ZT error; possible missing structure/additive feature,True
10.1016_j.cej.2020.126274__sample_41842,10.1016/j.cej.2020.126274,https://doi.org/10.1016/j.cej.2020.126274,,41842,SnSeTe30,unknown,p,14,13,9,13,0.36136996897948953,1.150153733665978,0.7887837646864884,0.33015724692850135,0.6299056379028405,0.29974839097433914,0.3497498958410659,0.5944103756740038,0.24466047983293787,0.3301572469284861,0.629905637902807,0.2997483909743209,1.104416,1.4642153743055446,0.4913544468466285,1.1419031405850222,unknown,no,no,ML_moderately_worse,primary DOI test sample aggregate,sigma ML error propagated to ZT error; ML missed high ZT; possible missing structure/additive feature,True
10.1016_j.ceramint.2011.06.068__sample_21658,10.1016/j.ceramint.2011.06.068,https://doi.org/10.1016/j.ceramint.2011.06.068,,21658,(ZnO)5.0In2O3,unknown,n,19,0,0,0,0.4832118795090556,3.5293502738327276,3.046138394323672,,,,,,,,,,,,,,unknown,no,no,not_evaluated,primary DOI test sample aggregate,sigma ML error propagated to ZT error; possible missing structure/additive feature,True
10.1016_j.ceramint.2011.06.068__sample_21667,10.1016/j.ceramint.2011.06.068,https://doi.org/10.1016/j.ceramint.2011.06.068,,21667,(ZnO)4.0In2O3,unknown,n,19,0,0,0,0.327882015247649,9.002588568483045,8.674706553235396,,,,,,,,,,,,,,unknown,no,no,not_evaluated,primary DOI test sample aggregate,sigma ML error propagated to ZT error; possible missing structure/additive feature,True
10.1016_j.ceramint.2011.06.068__sample_21669,10.1016/j.ceramint.2011.06.068,https://doi.org/10.1016/j.ceramint.2011.06.068,,21669,(ZnO)5.5In2O3,unknown,n,19,0,0,0,0.4916717556838447,1.9848345617545444,1.4931628060706998,,,,,,,,,,,,,,unknown,no,no,not_evaluated,primary DOI test sample aggregate,sigma ML error propagated to ZT error; possible missing structure/additive feature,True
10.1016_j.ceramint.2015.09.032__sample_15818,10.1016/j.ceramint.2015.09.032,https://doi.org/10.1016/j.ceramint.2015.09.032,,15818,Zn0.95Al0.05Te,unknown,p,16,0,0,0,0.4220657662134157,5.425204983029452,5.003139216816037,,,,,,,,,,,,,,unknown,no,no,not_evaluated,primary DOI test sample aggregate,sigma ML error propagated to ZT error; possible missing structure/additive feature,True
10.1016_j.ceramint.2015.09.032__sample_15824,10.1016/j.ceramint.2015.09.032,https://doi.org/10.1016/j.ceramint.2015.09.032,,15824,Zn0.9Al0.1Te,unknown,p,14,0,0,0,0.5204539296289971,4.9499105465345545,4.429456616905558,,,,,,,,,,,,,,unknown,no,no,not_evaluated,primary DOI test sample aggregate,sigma ML error propagated to ZT error; possible missing structure/additive feature,True
10.1016_j.ceramint.2015.09.032__sample_15826,10.1016/j.ceramint.2015.09.032,https://doi.org/10.1016/j.ceramint.2015.09.032,,15826,Zn0.85Al0.15Te,unknown,p,15,0,0,0,0.6008295259149603,3.911652439886614,3.310822913971654,,,,,,,,,,,,,,unknown,no,no,not_evaluated,primary DOI test sample aggregate,sigma ML error propagated to ZT error; possible missing structure/additive feature,True
10.1016_j.ceramint.2016.02.055__sample_31055,10.1016/j.ceramint.2016.02.055,https://doi.org/10.1016/j.ceramint.2016.02.055,,31055,Cu2Se,unknown,p,10,5,0,0,0.23938622607484777,1.1859735153627402,0.9465872892878924,0.22483095068250541,0.6963588502290172,0.4715278995465118,,,,,,,0.2195232,,,,unknown,no,no,not_evaluated,primary DOI test sample aggregate,sigma ML error propagated to ZT error; possible missing structure/additive feature,True
10.1016_j.ceramint.2020.02.206__sample_32984,10.1016/j.ceramint.2020.02.206,https://doi.org/10.1016/j.ceramint.2020.02.206,,32984,Ca3Co4O9,unknown,p,12,11,0,0,0.40702840689430275,1.614320351387983,1.2072919444936803,0.3856334612474612,4.185328276518908,3.7996948152714474,,,,,,,0.06163925,,,,unknown,no,no,not_evaluated,primary DOI test sample aggregate,sigma ML error propagated to ZT error; possible missing structure/additive feature,True
10.1016_j.ceramint.2020.02.206__sample_32987,10.1016/j.ceramint.2020.02.206,https://doi.org/10.1016/j.ceramint.2020.02.206,,32987,Ca3Co4O9,unknown,p,12,11,0,0,0.3582946821726405,1.070602475263101,0.7123077930904604,0.3090726709481013,1.879806965560163,1.5707342946120617,,,,,,,0.04280312,,,,unknown,no,no,not_evaluated,primary DOI test sample aggregate,sigma ML error propagated to ZT error; possible missing structure/additive feature,True
10.1016_j.ceramint.2020.03.029__sample_33348,10.1016/j.ceramint.2020.03.029,https://doi.org/10.1016/j.ceramint.2020.03.029,,33348,Bi2Te3(SiC)0.1,unknown,n,5,5,5,5,0.06046763452013108,0.16639944054066955,0.10593180602053846,0.041041088456295526,0.14205131897042686,0.10101023051413133,0.04851908747901341,0.17961752000126308,0.13109843252224967,0.0410410884562973,0.14205131897041545,0.10101023051411814,1.051442,1.0658947894242663,0.9128265718390632,1.041279133212523,unknown,no,no,ML_moderately_worse,primary DOI test sample aggregate,ML missed high ZT; possible missing structure/additive feature,True
10.1016_j.ceramint.2020.03.029__sample_33350,10.1016/j.ceramint.2020.03.029,https://doi.org/10.1016/j.ceramint.2020.03.029,,33350,Bi2Te3,unknown,n,5,5,5,5,0.11475473753404793,0.6267624306676639,0.5120076931336159,0.09113959934832885,0.45649108788141224,0.3653514885330834,0.1513114319130939,0.5416996705219324,0.3903882386088384,0.09113959934832357,0.4564910878814127,0.36535148853308913,1.182885,1.1561457291740989,0.6243302767699027,1.019191859707475,unknown,no,no,ML_moderately_worse,primary DOI test sample aggregate,ML missed high ZT; possible missing structure/additive feature,True
10.1016_j.cplett.2013.03.027__sample_1474,10.1016/j.cplett.2013.03.027,https://doi.org/10.1016/j.cplett.2013.03.027,,1474,Bi2Te3,unknown,p,7,0,0,0,0.14387123388747874,1.043559224974943,0.8996879910874642,,,,,,,,,,,,,,unknown,no,no,not_evaluated,primary DOI test sample aggregate,sigma ML error propagated to ZT error; possible missing structure/additive feature,True
10.1016_j.intermet.2009.06.005__sample_3434,10.1016/j.intermet.2009.06.005,https://doi.org/10.1016/j.intermet.2009.06.005,,3434,(Pr0.0487Nd0.9513)0.78Fe3.2Co0.8Sb12,unknown,p,36,0,0,0,0.3867340329705642,1.1712120160265893,0.7844779830560251,,,,,,,,,,,,,,unknown,no,no,not_evaluated,primary DOI test sample aggregate,sigma ML error propagated to ZT error; possible missing structure/additive feature,True
10.1016_j.intermet.2009.06.005__sample_3438,10.1016/j.intermet.2009.06.005,https://doi.org/10.1016/j.intermet.2009.06.005,,3438,(Pr0.0487Nd0.9513)0.08Co4Sb12,unknown,n,25,0,0,0,0.23836418328576983,1.307391881893384,1.0690276986076142,,,,,,,,,,,,,,unknown,no,no,not_evaluated,primary DOI test sample aggregate,sigma ML error propagated to ZT error; possible missing structure/additive feature,True
10.1016_j.intermet.2010.01.008__sample_16527,10.1016/j.intermet.2010.01.008,https://doi.org/10.1016/j.intermet.2010.01.008,,16527,Zn3.99Fe0.01Sb3,unknown,p,62,0,0,0,0.22956036517052042,1.3962221327924904,1.16666176762197,,,,,,,,,,,,,,unknown,no,no,not_evaluated,primary DOI test sample aggregate,sigma ML error propagated to ZT error; possible missing structure/additive feature,True
10.1016_j.intermet.2010.01.008__sample_16528,10.1016/j.intermet.2010.01.008,https://doi.org/10.1016/j.intermet.2010.01.008,,16528,Zn3.98Fe0.02Sb3,unknown,p,65,0,0,0,0.18703170059639587,1.549686809073831,1.362655108477435,,,,,,,,,,,,,,unknown,no,no,not_evaluated,primary DOI test sample aggregate,sigma ML error propagated to ZT error; possible missing structure/additive feature,True
10.1016_j.intermet.2010.01.008__sample_16529,10.1016/j.intermet.2010.01.008,https://doi.org/10.1016/j.intermet.2010.01.008,,16529,Zn3.96Fe0.04Sb3,unknown,p,55,0,0,0,0.2776721541017278,1.1551201806334523,0.8774480265317246,,,,,,,,,,,,,,unknown,no,no,not_evaluated,primary DOI test sample aggregate,sigma ML error propagated to ZT error; possible missing structure/additive feature,True
10.1016_j.intermet.2011.04.015__sample_3457,10.1016/j.intermet.2011.04.015,https://doi.org/10.1016/j.intermet.2011.04.015,,3457,YbFe4Sb12,unknown,p,20,0,0,0,0.12224090177526788,1.6627830037628615,1.5405421019875936,,,,,,,,,,,,,,unknown,no,no,not_evaluated,primary DOI test sample aggregate,sigma ML error propagated to ZT error; possible missing structure/additive feature,True
10.1016_j.intermet.2011.07.020__sample_16534,10.1016/j.intermet.2011.07.020,https://doi.org/10.1016/j.intermet.2011.07.020,,16534,Zn3.91Cd0.04Sb3,unknown,p,19,7,4,5,0.1280506756355896,0.5019030832756293,0.3738524076400397,0.14273451137414697,0.7937098449027994,0.6509753335286524,0.18632580648794542,0.9204396538461608,0.7341138473582154,0.14889775840010888,0.8462586704703702,0.6973609120702613,1.228446,0.8130247067701405,1.3208819619789909,0.8373851371180738,unknown,no,no,ML_much_worse,primary DOI test sample aggregate,ML tau prediction much worse than fitting; possible missing structure/additive feature,True
10.1016_j.intermet.2011.07.020__sample_16535,10.1016/j.intermet.2011.07.020,https://doi.org/10.1016/j.intermet.2011.07.020,,16535,Zn3.96Cd0.04Sb3,unknown,p,19,7,2,3,0.11304036801665526,0.4489319176593741,0.33589154964271883,0.11553262686819521,0.6833659837462843,0.5678333568780891,0.226889250860824,0.7858291288153643,0.5589398779545403,0.14064497963983555,0.6959373889706392,0.5552924093308036,1.105908,0.8530619422922433,1.317247162474128,0.8565605878654852,unknown,no,no,ML_much_worse,primary DOI test sample aggregate,ML tau prediction much worse than fitting; possible missing structure/additive feature,True
10.1016_j.intermet.2011.10.023__sample_28739,10.1016/j.intermet.2011.10.023,https://doi.org/10.1016/j.intermet.2011.10.023,,28739,(CoSb3)100(PbTe)2.5,unknown,n,43,0,0,0,0.15350206618235127,1.2026780307173037,1.0491759645349525,,,,,,,,,,,,,,unknown,no,no,not_evaluated,primary DOI test sample aggregate,sigma ML error propagated to ZT error; possible missing structure/additive feature,True
10.1016_j.intermet.2011.10.023__sample_28742,10.1016/j.intermet.2011.10.023,https://doi.org/10.1016/j.intermet.2011.10.023,,28742,(CoSb3)100(PbTe)5,unknown,n,39,0,0,0,0.06216146476982993,1.522960553057875,1.460799088288045,,,,,,,,,,,,,,unknown,no,no,not_evaluated,primary DOI test sample aggregate,sigma ML error propagated to ZT error; possible missing structure/additive feature,True
10.1016_j.intermet.2011.10.023__sample_28743,10.1016/j.intermet.2011.10.023,https://doi.org/10.1016/j.intermet.2011.10.023,,28743,(CoSb3)100(PbTe)10,unknown,n,43,0,0,0,0.05220024348222594,1.3360635283237232,1.2838632848414973,,,,,,,,,,,,,,unknown,no,no,not_evaluated,primary DOI test sample aggregate,sigma ML error propagated to ZT error; possible missing structure/additive feature,True
10.1016_j.intermet.2014.06.014__sample_13135,10.1016/j.intermet.2014.06.014,https://doi.org/10.1016/j.intermet.2014.06.014,,13135,Cu2CdSnSe4,unknown,p,6,6,6,6,0.8500775524603362,3.3714250766565192,2.521347524196183,0.9891044899775476,37.15836139082325,36.1692569008457,0.8125593761349325,32.633057421500745,31.820498045365813,0.9891044899776434,37.158361390825114,36.16925690084747,0.08904886,0.038373877247423,1.0021191530688236,0.089871697275674,unknown,no,no,ML_much_worse,primary DOI test sample aggregate,ML tau prediction much worse than fitting; sigma ML error propagated to ZT error; ML false high-ZT prediction; possible missing structure/additive feature,True
10.1016_j.intermet.2014.06.014__sample_13136,10.1016/j.intermet.2014.06.014,https://doi.org/10.1016/j.intermet.2014.06.014,,13136,Cu2Cd0.9Zn0.1SnSe4,unknown,p,6,6,6,6,0.6884279442850292,3.5271725595431964,2.8387446152581672,0.7305754702016533,39.27452297523562,38.54394750503397,0.8228764902229221,42.32140219124016,41.498525701017236,0.7305754702017317,39.274522975234866,38.54394750503313,0.1206977,0.057358271047796,1.823757408794608,0.1218804245101611,unknown,no,no,ML_much_worse,primary DOI test sample aggregate,ML tau prediction much worse than fitting; sigma ML error propagated to ZT error; ML false high-ZT prediction; possible missing structure/additive feature,True
10.1016_j.intermet.2014.06.014__sample_13137,10.1016/j.intermet.2014.06.014,https://doi.org/10.1016/j.intermet.2014.06.014,,13137,Cu2Cd0.8Zn0.2SnSe4,unknown,p,6,6,6,6,0.4353391990721726,2.9211961391926544,2.485856940120482,0.4285209726608897,18.83913521197128,18.410614239310387,0.438408397508296,19.074867686585602,18.636459289077305,0.428520972660948,18.839135211969978,18.41061423930903,0.1286847,0.0941869957290098,1.6923228283922174,0.1295172434997381,unknown,no,no,ML_much_worse,primary DOI test sample aggregate,ML tau prediction much worse than fitting; sigma ML error propagated to ZT error; ML false high-ZT prediction; possible missing structure/additive feature,True
10.1016_j.intermet.2014.06.014__sample_13138,10.1016/j.intermet.2014.06.014,https://doi.org/10.1016/j.intermet.2014.06.014,,13138,Cu2Cd0.7Zn0.3SnSe4,unknown,p,6,6,6,6,0.24681871095926125,2.5547355981912867,2.3079168872320253,0.20624498102241165,12.130457374231105,11.924212393208693,0.1778435606827635,11.844230629795772,11.666387069113009,0.20624498102210045,12.130457374225728,11.924212393203627,0.1257234,0.1181655557559761,1.5024786376915669,0.1258067035102396,unknown,no,no,ML_much_worse,primary DOI test sample aggregate,ML tau prediction much worse than fitting; sigma ML error propagated to ZT error; ML false high-ZT prediction; possible missing structure/additive feature,True
10.1016_j.intermet.2014.06.014__sample_13139,10.1016/j.intermet.2014.06.014,https://doi.org/10.1016/j.intermet.2014.06.014,,13139,Cu2Cd0.5Zn0.5SnSe4,unknown,p,6,6,6,6,0.1418306636179342,2.2145913355156486,2.0727606718977145,0.12818758760687235,8.209591645118213,8.08140405751134,0.12096543727970488,8.22914663667344,8.108181199393734,0.12818758760677756,8.20959164511718,8.081404057510403,0.1354296,0.1612125955226229,1.4696344132699226,0.1357796811886525,unknown,no,no,ML_much_worse,primary DOI test sample aggregate,ML tau prediction much worse than fitting; sigma ML error propagated to ZT error; ML false high-ZT prediction; possible missing structure/additive feature,True
10.1016_j.intermet.2014.06.014__sample_13140,10.1016/j.intermet.2014.06.014,https://doi.org/10.1016/j.intermet.2014.06.014,,13140,Cu2Cd0.3Zn0.7SnSe4,unknown,p,6,6,6,6,0.15483820704635629,2.269261121169347,2.114422914122991,0.13267421973961152,8.73973381673017,8.60705959699056,0.14522783148868101,8.907393752933778,8.762165921445098,0.13267421973970123,8.739733816728519,8.607059596988817,0.1170246,0.1259311137570939,1.2116125916163842,0.1168202558192516,unknown,no,no,ML_much_worse,primary DOI test sample aggregate,ML tau prediction much worse than fitting; sigma ML error propagated to ZT error; ML false high-ZT prediction; possible missing structure/additive feature,True
10.1016_j.intermet.2014.06.014__sample_13141,10.1016/j.intermet.2014.06.014,https://doi.org/10.1016/j.intermet.2014.06.014,,13141,Cu2Cd0.45Zn0.55SnSe4,unknown,p,6,6,6,6,0.13125486765519953,1.5199356540364266,1.3886807863812272,0.11257532624544615,3.585816848933934,3.473241522688488,0.11204201908951539,3.5604881056656272,3.4484460865761117,0.11257532624536458,3.5858168489327604,3.473241522687396,0.1816107,0.2209625463090944,1.0045058114091845,0.1798874326586399,unknown,no,no,ML_much_worse,primary DOI test sample aggregate,ML tau prediction much worse than fitting; sigma ML error propagated to ZT error; ML false high-ZT prediction; possible missing structure/additive feature,True
10.1016_j.intermet.2014.06.014__sample_13142,10.1016/j.intermet.2014.06.014,https://doi.org/10.1016/j.intermet.2014.06.014,,13142,Cu2Cd0.4Zn0.6SnSe4,unknown,p,6,6,6,6,0.13664780672458984,1.2139341171878943,1.0772863104633046,0.12272350224395169,2.3730292911133746,2.2503057888694227,0.12083410764261067,2.362131567275195,2.2412974596325843,0.12272350224391886,2.3730292911129287,2.2503057888690097,0.2280021,0.291654834760771,0.9743686030468656,0.2289144100579997,unknown,no,no,ML_much_worse,primary DOI test sample aggregate,ML tau prediction much worse than fitting; sigma ML error propagated to ZT error; possible missing structure/additive feature,True
10.1016_j.intermet.2014.06.014__sample_13143,10.1016/j.intermet.2014.06.014,https://doi.org/10.1016/j.intermet.2014.06.014,,13143,Cu2Cd0.35Zn0.65SnSe4,unknown,p,6,6,6,6,0.12122964517194945,1.497567295157798,1.3763376499858486,0.10494874277910123,3.4822051910481266,3.3772564482690255,0.10854139314597672,3.5034776442387865,3.3949362510928096,0.10494874277898159,3.4822051910473877,3.377256448268406,0.1857629,0.2295262455413361,1.0211347409838696,0.1875195892935958,unknown,no,no,ML_much_worse,primary DOI test sample aggregate,ML tau prediction much worse than fitting; sigma ML error propagated to ZT error; ML false high-ZT prediction; possible missing structure/additive feature,True
10.1016_j.intermet.2014.06.014__sample_13144,10.1016/j.intermet.2014.06.014,https://doi.org/10.1016/j.intermet.2014.06.014,,13144,Cu2Cd0.2Zn0.8SnSe4,unknown,p,6,6,6,6,0.16381035911117175,1.4918419812994648,1.328031622188293,0.13962631424092223,3.4663676917426933,3.326741377501771,0.1331603183478052,3.444484193244571,3.311323874896766,0.13962631424096186,3.4663676917417514,3.3267413775007895,0.1613501,0.1712035345957115,0.7542126017093858,0.1599138107811955,unknown,no,no,ML_much_worse,primary DOI test sample aggregate,ML tau prediction much worse than fitting; sigma ML error propagated to ZT error; possible missing structure/additive feature,True
10.1016_j.intermet.2014.06.014__sample_13145,10.1016/j.intermet.2014.06.014,https://doi.org/10.1016/j.intermet.2014.06.014,,13145,Cu2Cd0.1Zn0.9SnSe4,unknown,p,6,6,6,6,0.19115052070140506,1.3045315410309317,1.1133810203295267,0.16646176114751912,2.701723975657996,2.535262214510477,0.1686556274872957,2.7140766395259917,2.545421012038696,0.16646176114758285,2.7017239756570883,2.5352622145095056,0.1313612,0.1574841110600212,0.5723642919404831,0.131141789591458,unknown,no,no,ML_much_worse,primary DOI test sample aggregate,ML tau prediction much worse than fitting; sigma ML error propagated to ZT error; possible missing structure/additive feature,True
10.1016_j.intermet.2015.02.004__sample_22794,10.1016/j.intermet.2015.02.004,https://doi.org/10.1016/j.intermet.2015.02.004,,22794,Ti50Ni50,unknown,p,17,0,0,0,0.40080638060731033,3.6215407514180313,3.220734370810721,,,,,,,,,,,,,,unknown,no,no,not_evaluated,primary DOI test sample aggregate,sigma ML error propagated to ZT error; possible missing structure/additive feature,True
10.1016_j.intermet.2015.02.004__sample_22795,10.1016/j.intermet.2015.02.004,https://doi.org/10.1016/j.intermet.2015.02.004,,22795,Ti50Ni50,unknown,p,25,0,0,0,0.4240330284033018,3.496398881230304,3.0723658528270024,,,,,,,,,,,,,,unknown,no,no,not_evaluated,primary DOI test sample aggregate,sigma ML error propagated to ZT error; possible missing structure/additive feature,True
10.1016_j.intermet.2015.02.004__sample_22796,10.1016/j.intermet.2015.02.004,https://doi.org/10.1016/j.intermet.2015.02.004,,22796,Ti49.6Ni50.4,unknown,p,18,0,0,0,0.33534251210492355,3.5712045181559,3.235862006050976,,,,,,,,,,,,,,unknown,no,no,not_evaluated,primary DOI test sample aggregate,sigma ML error propagated to ZT error; possible missing structure/additive feature,True
10.1016_j.intermet.2015.02.004__sample_22797,10.1016/j.intermet.2015.02.004,https://doi.org/10.1016/j.intermet.2015.02.004,,22797,Ti49.6Ni50.4,unknown,p,24,0,0,0,0.31932960567221735,3.5190792186148814,3.199749612942664,,,,,,,,,,,,,,unknown,no,no,not_evaluated,primary DOI test sample aggregate,sigma ML error propagated to ZT error; possible missing structure/additive feature,True
10.1016_j.intermet.2015.02.004__sample_22798,10.1016/j.intermet.2015.02.004,https://doi.org/10.1016/j.intermet.2015.02.004,,22798,Ti49.3Ni50.7,unknown,p,23,0,0,0,0.26978523765322704,3.398603014997854,3.128817777344627,,,,,,,,,,,,,,unknown,no,no,not_evaluated,primary DOI test sample aggregate,sigma ML error propagated to ZT error; possible missing structure/additive feature,True
10.1016_j.intermet.2015.02.004__sample_22799,10.1016/j.intermet.2015.02.004,https://doi.org/10.1016/j.intermet.2015.02.004,,22799,Ti49Ni51,unknown,p,22,0,0,0,0.1745049742649387,3.320240281688247,3.1457353074233083,,,,,,,,,,,,,,unknown,no,no,not_evaluated,primary DOI test sample aggregate,sigma ML error propagated to ZT error; possible missing structure/additive feature,True
10.1016_j.intermet.2015.02.004__sample_22800,10.1016/j.intermet.2015.02.004,https://doi.org/10.1016/j.intermet.2015.02.004,,22800,Ti49Ni51,unknown,p,26,0,0,0,0.1902712734847073,3.3007011145623704,3.110429841077663,,,,,,,,,,,,,,unknown,no,no,not_evaluated,primary DOI test sample aggregate,sigma ML error propagated to ZT error; possible missing structure/additive feature,True
10.1016_j.intermet.2015.02.004__sample_22801,10.1016/j.intermet.2015.02.004,https://doi.org/10.1016/j.intermet.2015.02.004,,22801,Ti48.7Ni51.3,unknown,p,20,0,0,0,0.12878825640239025,2.8747438864916615,2.7459556300892713,,,,,,,,,,,,,,unknown,no,no,not_evaluated,primary DOI test sample aggregate,sigma ML error propagated to ZT error; possible missing structure/additive feature,True
10.1016_j.intermet.2015.02.004__sample_22802,10.1016/j.intermet.2015.02.004,https://doi.org/10.1016/j.intermet.2015.02.004,,22802,Ti48.4Ni51.6,unknown,p,23,0,0,0,0.16168759784286466,3.1406140549909147,2.97892645714805,,,,,,,,,,,,,,unknown,no,no,not_evaluated,primary DOI test sample aggregate,sigma ML error propagated to ZT error; possible missing structure/additive feature,True
10.1016_j.intermet.2015.07.010__sample_14687,10.1016/j.intermet.2015.07.010,https://doi.org/10.1016/j.intermet.2015.07.010,,14687,GaPd2,unknown,n,36,0,0,0,0.2642194953278614,3.1008908122470524,2.8366713169191913,,,,,,,,,,,,,,unknown,no,no,not_evaluated,primary DOI test sample aggregate,sigma ML error propagated to ZT error; possible missing structure/additive feature,True
10.1016_j.intermet.2015.07.010__sample_14688,10.1016/j.intermet.2015.07.010,https://doi.org/10.1016/j.intermet.2015.07.010,,14688,GaPd2,unknown,n,13,0,0,0,0.1635487168083608,3.6647134798660286,3.501164763057668,,,,,,,,,,,,,,unknown,no,no,not_evaluated,primary DOI test sample aggregate,sigma ML error propagated to ZT error; possible missing structure/additive feature,True
10.1016_j.intermet.2015.07.010__sample_14689,10.1016/j.intermet.2015.07.010,https://doi.org/10.1016/j.intermet.2015.07.010,,14689,GaPd2,unknown,n,16,0,0,0,0.14009811919201295,3.6331433679562157,3.493045248764203,,,,,,,,,,,,,,unknown,no,no,not_evaluated,primary DOI test sample aggregate,sigma ML error propagated to ZT error; possible missing structure/additive feature,True
10.1016_j.intermet.2016.08.006__sample_6993,10.1016/j.intermet.2016.08.006,https://doi.org/10.1016/j.intermet.2016.08.006,,6993,Bi2Te2.85Se0.15,unknown,n,5,4,4,4,0.07282564962072441,0.39208082579206527,0.31925517617134086,0.05945594945416117,0.44449630499994,0.3850403555457788,0.05849856001059278,0.4803702038640138,0.421871643853421,0.05945594945414997,0.4444963049999337,0.38504035554578375,0.8782606,0.848403753600743,1.2471481461200755,0.8917859508719506,unknown,no,no,ML_moderately_worse,primary DOI test sample aggregate,ML false high-ZT prediction; possible missing structure/additive feature,True
10.1016_j.intermet.2016.08.006__sample_6995,10.1016/j.intermet.2016.08.006,https://doi.org/10.1016/j.intermet.2016.08.006,,6995,Bi2Te2.4Se0.6,unknown,n,5,4,4,4,0.05496207724801665,0.7137154929514961,0.6587534157034795,0.03980413223465529,1.0000907390890417,0.9602866068543864,0.19743766284154968,1.2240159536622255,1.0265782908206758,0.03980413223465205,1.0000907390890217,0.9602866068543696,0.6354896,0.8044174406117326,1.6387915916688294,0.8024724495278954,unknown,no,no,ML_much_worse,primary DOI test sample aggregate,ML tau prediction much worse than fitting; ML false high-ZT prediction; possible missing structure/additive feature,True
10.1016_j.intermet.2020.106767__sample_29110,10.1016/j.intermet.2020.106767,https://doi.org/10.1016/j.intermet.2020.106767,,29110,Mg2Sn0.99Bi0.01,unknown,n,15,0,0,0,0.08920829441717176,1.358029902870361,1.2688216084531894,,,,,,,,,,,,,,unknown,no,no,not_evaluated,primary DOI test sample aggregate,sigma ML error propagated to ZT error; possible missing structure/additive feature,True
10.1016_j.intermet.2020.106914__sample_83378,10.1016/j.intermet.2020.106914,https://doi.org/10.1016/j.intermet.2020.106914,,83378,TiCoSb,unknown,n,12,7,2,2,0.642616151707728,2.471657579267527,1.8290414275597988,0.2690839908452066,6.950232082024533,6.681148091179326,0.23831017722322156,7.284961322154695,7.046651144931474,0.24007888975789315,7.265722893989352,7.025644004231459,0.0547,0.0437328043219055,0.4756852218340977,0.0533108036470507,unknown,no,no,ML_much_worse,primary DOI test sample aggregate,ML tau prediction much worse than fitting; sigma ML error propagated to ZT error; possible missing structure/additive feature,True
10.1016_j.intermet.2020.106914__sample_83379,10.1016/j.intermet.2020.106914,https://doi.org/10.1016/j.intermet.2020.106914,,83379,Ti0.95V0.05CoSb,unknown,n,12,9,1,1,0.3105891695177596,1.4583574871483185,1.1477683176305589,0.3253156577359773,3.6532204355525177,3.3279047778165403,0.07509285619466466,2.8452491164736853,2.7701562602790206,0.07354512655803974,2.8516837148629746,2.7781385883049348,0.09448,0.0398542488265719,0.1656917844288511,0.0430180141192475,unknown,no,no,ML_much_worse,primary DOI test sample aggregate,ML tau prediction much worse than fitting; sigma ML error propagated to ZT error; possible missing structure/additive feature,True
10.1016_j.intermet.2020.106914__sample_83380,10.1016/j.intermet.2020.106914,https://doi.org/10.1016/j.intermet.2020.106914,,83380,Ti0.9V0.1CoSb,unknown,n,12,7,3,5,0.28531335814001435,1.132446363055544,0.8471330049155296,0.277512580659983,2.283333201720573,2.00582062106059,0.4710347359192242,3.4012195730557235,2.9301848371364994,0.20605124056380847,2.1424388497237596,1.9363876091599512,0.09448,0.0886412958815106,0.2652077458734808,0.1082852296729751,unknown,no,no,ML_much_worse,primary DOI test sample aggregate,ML tau prediction much worse than fitting; sigma ML error propagated to ZT error; possible missing structure/additive feature,True
10.1016_j.intermet.2020.106914__sample_83381,10.1016/j.intermet.2020.106914,https://doi.org/10.1016/j.intermet.2020.106914,,83381,Ti0.85V0.15CoSb,unknown,n,12,7,5,6,0.24177903970459563,0.8767235789639349,0.6349445392593394,0.20702494128148682,1.4094494622101603,1.2024245209286735,0.21869178118107277,1.6966509258131428,1.4779591446320701,0.20579647621096597,1.506905171879392,1.3011086956684261,0.2221,0.135481407868381,0.314681315771763,0.157037781347603,unknown,no,no,ML_much_worse,primary DOI test sample aggregate,ML tau prediction much worse than fitting; possible missing structure/additive feature,True
10.1016_j.jallcom.2004.07.074__sample_11233,10.1016/j.jallcom.2004.07.074,https://doi.org/10.1016/j.jallcom.2004.07.074,,11233,TiCoSb,unknown,n,13,2,0,2,0.37245094915788907,2.245283913551727,1.8728329643938377,0.21776875885915165,8.866846873219693,8.649078114360542,,,,0.21776875885915592,8.866846873218917,8.64907811435976,0.05949008,0.0480195734172095,0.4395650817978433,0.0558289944613741,unknown,no,no,not_evaluated,primary DOI test sample aggregate,sigma ML error propagated to ZT error; possible missing structure/additive feature,True
10.1016_j.jallcom.2004.07.074__sample_11234,10.1016/j.jallcom.2004.07.074,https://doi.org/10.1016/j.jallcom.2004.07.074,,11234,TiCo0.99Ni0.01Sb,unknown,n,13,6,2,2,0.3505144234643275,2.3447241631941154,1.9942097397297878,0.2676725709201453,9.791352826638613,9.523680255718467,0.14361677146978452,7.700143375097168,7.5565266036273835,0.14220341368044834,7.714501918092736,7.572298504412288,0.0917847,0.0810619570075607,0.8235222558505038,0.0871026715012582,unknown,no,no,ML_much_worse,primary DOI test sample aggregate,ML tau prediction much worse than fitting; sigma ML error propagated to ZT error; possible missing structure/additive feature,True
10.1016_j.jallcom.2004.07.074__sample_11235,10.1016/j.jallcom.2004.07.074,https://doi.org/10.1016/j.jallcom.2004.07.074,,11235,TiCo0.975Ni0.025Sb,unknown,n,13,5,0,1,0.39711956868293163,1.705661684397363,1.3085421157144315,0.19525855732000766,3.227259108594003,3.032000551273995,,,,0.17511618290126518,3.3330658077577753,3.15794962485651,,0.1024523012876542,0.5381758672354893,0.1242020987246391,unknown,no,no,not_evaluated,primary DOI test sample aggregate,sigma ML error propagated to ZT error; possible missing structure/additive feature,True
10.1016_j.jallcom.2004.09.036__sample_1871,10.1016/j.jallcom.2004.09.036,https://doi.org/10.1016/j.jallcom.2004.09.036,,1871,CoSi,unknown,n,16,0,0,0,0.3053182801565286,2.1531331781907053,1.8478148980341766,,,,,,,,,,,,,,unknown,no,no,not_evaluated,primary DOI test sample aggregate,sigma ML error propagated to ZT error; possible missing structure/additive feature,True
10.1016_j.jallcom.2004.09.036__sample_1872,10.1016/j.jallcom.2004.09.036,https://doi.org/10.1016/j.jallcom.2004.09.036,,1872,CoSi0.995B0.005,unknown,n,9,0,0,0,0.24830437528246246,2.424262701510171,2.1759583262277085,,,,,,,,,,,,,,unknown,no,no,not_evaluated,primary DOI test sample aggregate,sigma ML error propagated to ZT error; possible missing structure/additive feature,True
10.1016_j.jallcom.2004.09.036__sample_1873,10.1016/j.jallcom.2004.09.036,https://doi.org/10.1016/j.jallcom.2004.09.036,,1873,CoSi0.98Ge0.02,unknown,n,8,0,0,0,0.23255521108539848,1.9557367341677454,1.7231815230823468,,,,,,,,,,,,,,unknown,no,no,not_evaluated,primary DOI test sample aggregate,sigma ML error propagated to ZT error; possible missing structure/additive feature,True
10.1016_j.jallcom.2004.11.017__sample_10849,10.1016/j.jallcom.2004.11.017,https://doi.org/10.1016/j.jallcom.2004.11.017,,10849,TiCoSb,unknown,n,14,0,0,0,0.34610379197223096,1.4584242153762204,1.1123204234039894,,,,,,,,,,,,,,unknown,no,no,not_evaluated,primary DOI test sample aggregate,sigma ML error propagated to ZT error; possible missing structure/additive feature,True
10.1016_j.jallcom.2004.11.017__sample_10850,10.1016/j.jallcom.2004.11.017,https://doi.org/10.1016/j.jallcom.2004.11.017,,10850,TiCoSb,unknown,n,14,0,0,0,0.29984174864984364,1.4134977386370182,1.1136559899871745,,,,,,,,,,,,,,unknown,no,no,not_evaluated,primary DOI test sample aggregate,sigma ML error propagated to ZT error; possible missing structure/additive feature,True
10.1016_j.jallcom.2004.11.017__sample_10851,10.1016/j.jallcom.2004.11.017,https://doi.org/10.1016/j.jallcom.2004.11.017,,10851,TiCoSb,unknown,n,14,0,0,0,0.2776600737727403,1.3529054689616364,1.075245395188896,,,,,,,,,,,,,,unknown,no,no,not_evaluated,primary DOI test sample aggregate,sigma ML error propagated to ZT error; possible missing structure/additive feature,True
10.1016_j.jallcom.2004.11.017__sample_10852,10.1016/j.jallcom.2004.11.017,https://doi.org/10.1016/j.jallcom.2004.11.017,,10852,TiCoSb,unknown,n,14,0,0,0,0.2849219640197024,1.5071424849984452,1.222220520978743,,,,,,,,,,,,,,unknown,no,no,not_evaluated,primary DOI test sample aggregate,sigma ML error propagated to ZT error; possible missing structure/additive feature,True
10.1016_j.jallcom.2005.12.127__sample_25177,10.1016/j.jallcom.2005.12.127,https://doi.org/10.1016/j.jallcom.2005.12.127,,25177,La0.9Sr0.1CoO3,unknown,p,25,14,0,8,0.7064603559526794,1.0924690477055647,0.3860086917528853,0.7201925269331351,0.5848810729590641,-0.13531145397407096,,,,0.7223371631802202,0.5890458831738739,-0.13329128000634638,,0.1511207243830425,0.0656784535028205,0.0359626176317462,unknown,no,no,not_evaluated,primary DOI test sample aggregate,sigma ML error propagated to ZT error; possible missing structure/additive feature,True
10.1016_j.jallcom.2007.11.146__sample_11095,10.1016/j.jallcom.2007.11.146,https://doi.org/10.1016/j.jallcom.2007.11.146,,11095,Bi0.85Sb0.15,unknown,n,49,0,0,0,0.11946136227657465,2.477917726210271,2.3584563639336964,,,,,,,,,,,,,,unknown,no,no,not_evaluated,primary DOI test sample aggregate,sigma ML error propagated to ZT error; possible missing structure/additive feature,True
10.1016_j.jallcom.2007.11.146__sample_11096,10.1016/j.jallcom.2007.11.146,https://doi.org/10.1016/j.jallcom.2007.11.146,,11096,Bi0.90Sb0.10,unknown,n,55,0,0,0,0.17420763217240373,2.0174386591933704,1.8432310270209666,,,,,,,,,,,,,,unknown,no,no,not_evaluated,primary DOI test sample aggregate,sigma ML error propagated to ZT error; possible missing structure/additive feature,True
10.1016_j.jallcom.2007.11.146__sample_11097,10.1016/j.jallcom.2007.11.146,https://doi.org/10.1016/j.jallcom.2007.11.146,,11097,Bi0.88Sb0.12,unknown,n,48,0,0,0,0.22801286652813535,1.7098975803026248,1.4818847137744895,,,,,,,,,,,,,,unknown,no,no,not_evaluated,primary DOI test sample aggregate,sigma ML error propagated to ZT error; possible missing structure/additive feature,True
10.1016_j.jallcom.2008.10.031__sample_26577,10.1016/j.jallcom.2008.10.031,https://doi.org/10.1016/j.jallcom.2008.10.031,,26577,SrTiO3,unknown,n,47,0,0,0,0.11863038779089624,2.070100330602724,1.9514699428118276,,,,,,,,,,,,,,unknown,no,no,not_evaluated,primary DOI test sample aggregate,sigma ML error propagated to ZT error; possible missing structure/additive feature,True
10.1016_j.jallcom.2008.10.031__sample_26579,10.1016/j.jallcom.2008.10.031,https://doi.org/10.1016/j.jallcom.2008.10.031,,26579,Sr0.9Y0.1TiO3,unknown,n,38,0,0,0,0.17851826457555908,2.0900201518950907,1.9115018873195315,,,,,,,,,,,,,,unknown,no,no,not_evaluated,primary DOI test sample aggregate,sigma ML error propagated to ZT error; possible missing structure/additive feature,True
10.1016_j.jallcom.2008.10.165__sample_19867,10.1016/j.jallcom.2008.10.165,https://doi.org/10.1016/j.jallcom.2008.10.165,,19867,YMn2Al10,unknown,n,22,0,0,0,0.3315481392679045,4.066226807666865,3.734678668398961,,,,,,,,,,,,,,unknown,no,no,not_evaluated,primary DOI test sample aggregate,sigma ML error propagated to ZT error; possible missing structure/additive feature,True
10.1016_j.jallcom.2008.10.165__sample_19870,10.1016/j.jallcom.2008.10.165,https://doi.org/10.1016/j.jallcom.2008.10.165,,19870,YMn4Al8,unknown,p,22,0,0,0,0.2077068887212615,2.0382540985755946,1.8305472098543332,,,,,,,,,,,,,,unknown,no,no,not_evaluated,primary DOI test sample aggregate,sigma ML error propagated to ZT error; possible missing structure/additive feature,True
10.1016_j.jallcom.2008.10.165__sample_19872,10.1016/j.jallcom.2008.10.165,https://doi.org/10.1016/j.jallcom.2008.10.165,,19872,YMn5.3Al6.7,unknown,p,22,0,0,0,0.24154265501825997,2.329908169967854,2.088365514949594,,,,,,,,,,,,,,unknown,no,no,not_evaluated,primary DOI test sample aggregate,sigma ML error propagated to ZT error; possible missing structure/additive feature,True
10.1016_j.jallcom.2008.10.165__sample_19873,10.1016/j.jallcom.2008.10.165,https://doi.org/10.1016/j.jallcom.2008.10.165,,19873,YMn6.5Al5.5,unknown,p,25,0,0,0,0.23001111135118874,2.153083205842247,1.9230720944910582,,,,,,,,,,,,,,unknown,no,no,not_evaluated,primary DOI test sample aggregate,sigma ML error propagated to ZT error; possible missing structure/additive feature,True
10.1016_j.jallcom.2009.12.048__sample_16247,10.1016/j.jallcom.2009.12.048,https://doi.org/10.1016/j.jallcom.2009.12.048,,16247,Ru0.85Fe0.15Al1.95Si0.05,unknown,n,14,0,0,0,0.30823263983491594,1.3945902183890706,1.0863575785541546,,,,,,,,,,,,,,unknown,no,no,not_evaluated,primary DOI test sample aggregate,sigma ML error propagated to ZT error; possible missing structure/additive feature,True
10.1016_j.jallcom.2010.02.030__sample_13965,10.1016/j.jallcom.2010.02.030,https://doi.org/10.1016/j.jallcom.2010.02.030,,13965,AuTe2,unknown,n,7,0,0,0,0.09020840844994045,1.3386650389704746,1.2484566305205342,,,,,,,,,,,,,,unknown,no,no,not_evaluated,primary DOI test sample aggregate,sigma ML error propagated to ZT error; possible missing structure/additive feature,True
10.1016_j.jallcom.2010.05.039__sample_3626,10.1016/j.jallcom.2010.05.039,https://doi.org/10.1016/j.jallcom.2010.05.039,,3626,CoSb3,unknown,n,8,4,2,2,0.112574226028425,0.7809027278757816,0.6683285018473566,0.0757524488045945,1.2728648836787329,1.1971124348741384,0.03811591999351307,1.1317434215495032,1.0936275015559902,0.024089465134472847,1.176683557000287,1.1525940918658142,0.1505263,0.1424283853550492,0.3084578305323905,0.1451899078985291,unknown,no,no,ML_much_worse,primary DOI test sample aggregate,ML tau prediction much worse than fitting; possible missing structure/additive feature,True
10.1016_j.jallcom.2010.05.124__sample_13969,10.1016/j.jallcom.2010.05.124,https://doi.org/10.1016/j.jallcom.2010.05.124,,13969,Ni0.05Mo3Sb5.4Te1.6,unknown,p,10,1,0,0,0.05523365840930251,1.1062811300728352,1.0510474716635327,0.05702774496732465,0.68764654197406,0.6306187970067354,,,,,,,0.0628461,,,,unknown,no,no,not_evaluated,primary DOI test sample aggregate,sigma ML error propagated to ZT error; possible missing structure/additive feature,True
10.1016_j.jallcom.2010.05.124__sample_13970,10.1016/j.jallcom.2010.05.124,https://doi.org/10.1016/j.jallcom.2010.05.124,,13970,Mo3Sb5.4Te1.6,unknown,p,10,4,0,0,0.06997304375646499,1.0889647745125142,1.0189917307560492,0.061588770794427046,0.6678562759791379,0.6062675051847108,,,,,,,,,,,unknown,no,no,not_evaluated,primary DOI test sample aggregate,sigma ML error propagated to ZT error; possible missing structure/additive feature,True
10.1016_j.jallcom.2010.09.014__sample_1618,10.1016/j.jallcom.2010.09.014,https://doi.org/10.1016/j.jallcom.2010.09.014,,1618,Bi0.5Sb1.5Te3,unknown,p,18,18,10,18,0.0800412230251004,0.8832548957044566,0.8032136726793562,0.06436946449651032,1.4174770888239143,1.353107624327404,0.06039163863606798,1.4540781413906674,1.3936865027545995,0.06436946449652742,1.4174770888238704,1.353107624327343,0.6782609,0.7305952810622184,1.7607240169106488,0.6965925087003223,unknown,no,no,ML_much_worse,primary DOI test sample aggregate,ML tau prediction much worse than fitting; ML false high-ZT prediction; possible missing structure/additive feature,True
10.1016_j.jallcom.2010.09.014__sample_1619,10.1016/j.jallcom.2010.09.014,https://doi.org/10.1016/j.jallcom.2010.09.014,,1619,Bi0.5Sb1.5Te3,unknown,p,18,18,7,18,0.06060911467684516,0.748530914764593,0.6879218000877478,0.05064582663778976,1.1125243610911142,1.0618785344533244,0.04171075670425334,1.1127330306517833,1.07102227394753,0.05064582663778126,1.1125243610911235,1.0618785344533423,0.723913,0.801873391747864,1.690912877740694,0.7308950311926605,unknown,no,no,ML_much_worse,primary DOI test sample aggregate,ML tau prediction much worse than fitting; ML false high-ZT prediction; possible missing structure/additive feature,True
10.1016_j.jallcom.2010.09.014__sample_1620,10.1016/j.jallcom.2010.09.014,https://doi.org/10.1016/j.jallcom.2010.09.014,,1620,Bi0.5Sb1.5Te3,unknown,p,18,18,7,18,0.04953050512241022,0.14743473292164638,0.09790422779923616,0.0410195319500682,0.15037421130519954,0.10935467935513134,0.04122605138319798,0.14642174992615548,0.10519569854295749,0.041019531950057336,0.1503742113052205,0.10935467935516316,0.8673913,0.9074673264039192,1.0426527131589285,0.9086333451851852,unknown,no,no,ML_moderately_worse,primary DOI test sample aggregate,ML false high-ZT prediction; possible missing structure/additive feature,True
10.1016_j.jallcom.2011.03.057__sample_3676,10.1016/j.jallcom.2011.03.057,https://doi.org/10.1016/j.jallcom.2011.03.057,,3676,Rh4Sb12,unknown,p,12,0,0,0,0.506275945005997,1.661104529656269,1.154828584650272,,,,,,,,,,,,,,unknown,no,no,not_evaluated,primary DOI test sample aggregate,sigma ML error propagated to ZT error; possible missing structure/additive feature,True
10.1016_j.jallcom.2011.03.057__sample_3677,10.1016/j.jallcom.2011.03.057,https://doi.org/10.1016/j.jallcom.2011.03.057,,3677,In0.1Rh4Sb12,unknown,p,12,0,0,0,0.4802210650001434,1.0228444458080521,0.5426233808079087,,,,,,,,,,,,,,unknown,no,no,not_evaluated,primary DOI test sample aggregate,sigma ML error propagated to ZT error; possible missing structure/additive feature,True
10.1016_j.jallcom.2011.06.116__sample_1627,10.1016/j.jallcom.2011.06.116,https://doi.org/10.1016/j.jallcom.2011.06.116,,1627,Bi2Se0.24Te2.76,unknown,p,5,5,1,1,0.05654029254047268,0.2241390975642637,0.16759880502379101,0.044523570336314044,0.24415617362309844,0.1996326032867844,0.03230776118339569,0.28234115701123297,0.2500333958278373,0.027076683366708425,0.2758430692973745,0.24876638593066608,0.9535008,0.9843062761345768,1.2227133190831363,0.9583571432155072,unknown,no,no,ML_moderately_worse,primary DOI test sample aggregate,ML false high-ZT prediction; possible missing structure/additive feature,True
10.1016_j.jallcom.2011.10.017__sample_23163,10.1016/j.jallcom.2011.10.017,https://doi.org/10.1016/j.jallcom.2011.10.017,,23163,Yb1.05Al3,unknown,n,32,0,0,0,0.05679455893904724,3.4922726252484773,3.43547806630943,,,,,,,,,,,,,,unknown,no,no,not_evaluated,primary DOI test sample aggregate,sigma ML error propagated to ZT error; possible missing structure/additive feature,True
10.1016_j.jallcom.2011.10.017__sample_23164,10.1016/j.jallcom.2011.10.017,https://doi.org/10.1016/j.jallcom.2011.10.017,,23164,Yb1.05Al3B0.05,unknown,n,22,0,0,0,0.059002564500649585,3.38571737297063,3.3267148084699802,,,,,,,,,,,,,,unknown,no,no,not_evaluated,primary DOI test sample aggregate,sigma ML error propagated to ZT error; possible missing structure/additive feature,True
10.1016_j.jallcom.2011.10.017__sample_23165,10.1016/j.jallcom.2011.10.017,https://doi.org/10.1016/j.jallcom.2011.10.017,,23165,Yb1.05Al3B0.10,unknown,n,21,0,0,0,0.07509851725447433,3.435089825674172,3.3599913084196977,,,,,,,,,,,,,,unknown,no,no,not_evaluated,primary DOI test sample aggregate,sigma ML error propagated to ZT error; possible missing structure/additive feature,True
10.1016_j.jallcom.2011.10.017__sample_23166,10.1016/j.jallcom.2011.10.017,https://doi.org/10.1016/j.jallcom.2011.10.017,,23166,Yb1.05Al3C0.05,unknown,n,32,0,0,0,0.06657037479428593,4.1632511788222075,4.096680804027922,,,,,,,,,,,,,,unknown,no,no,not_evaluated,primary DOI test sample aggregate,sigma ML error propagated to ZT error; possible missing structure/additive feature,True
10.1016_j.jallcom.2011.10.017__sample_23167,10.1016/j.jallcom.2011.10.017,https://doi.org/10.1016/j.jallcom.2011.10.017,,23167,Yb1.05Al3C0.10,unknown,n,28,0,0,0,0.055570104589711386,4.154405831845329,4.098835727255618,,,,,,,,,,,,,,unknown,no,no,not_evaluated,primary DOI test sample aggregate,sigma ML error propagated to ZT error; possible missing structure/additive feature,True
10.1016_j.jallcom.2011.10.036__sample_15789,10.1016/j.jallcom.2011.10.036,https://doi.org/10.1016/j.jallcom.2011.10.036,,15789,PbTe,unknown,n,18,0,0,0,0.5533305508423152,1.3585976685854315,0.8052671177431163,,,,,,,,,,,,,,unknown,no,no,not_evaluated,primary DOI test sample aggregate,sigma ML error propagated to ZT error; possible missing structure/additive feature,True
10.1016_j.jallcom.2012.11.022__sample_21955,10.1016/j.jallcom.2012.11.022,https://doi.org/10.1016/j.jallcom.2012.11.022,,21955,Si0.7Ge0.3,unknown,n,5,0,0,0,0.2542930233039224,0.2544176766535116,0.00012465334958922103,,,,,,,,,,1.1633,,,,unknown,no,no,not_evaluated,primary DOI test sample aggregate,ML missed high ZT; possible missing structure/additive feature,True
10.1016_j.jallcom.2013.01.017__sample_29715,10.1016/j.jallcom.2013.01.017,https://doi.org/10.1016/j.jallcom.2013.01.017,,29715,Sb2Te3,unknown,p,27,27,10,11,0.2142013625692879,0.8549161389612233,0.6407147763919354,0.17941512057704112,1.339180469928799,1.159765349351758,0.2539743227471046,1.3235941231412593,1.0696198003941548,0.2681793751146231,1.399996586727459,1.131817211612836,0.5666866,0.4338617553292131,0.9926447453957206,0.5719424481852945,unknown,no,no,ML_much_worse,primary DOI test sample aggregate,ML tau prediction much worse than fitting; possible missing structure/additive feature,True
10.1016_j.jallcom.2013.03.074__sample_726,10.1016/j.jallcom.2013.03.074,https://doi.org/10.1016/j.jallcom.2013.03.074,,726,Ba8Ni2.64Zn2.28Ge40.18Sn0.90,unknown,n,11,0,0,0,0.4754086440877021,1.2917401620426356,0.8163315179549335,,,,,,,,,,,,,,unknown,no,no,not_evaluated,primary DOI test sample aggregate,sigma ML error propagated to ZT error; possible missing structure/additive feature,True
10.1016_j.jallcom.2013.03.167__sample_29719,10.1016/j.jallcom.2013.03.167,https://doi.org/10.1016/j.jallcom.2013.03.167,,29719,Bi2Te2.4,unknown,n,18,18,18,18,0.1254481815942498,0.9599702549797169,0.834522073385467,0.10370640318125787,1.6110630143753502,1.5073566111940924,0.10308556537933526,1.6102015072621276,1.5071159418827924,0.10370640318123099,1.6110630143750178,1.5073566111937868,0.4789506,0.4910157394819409,1.2718329488548528,0.4790160710703892,unknown,no,no,ML_much_worse,primary DOI test sample aggregate,ML tau prediction much worse than fitting; ML false high-ZT prediction; possible missing structure/additive feature,True
10.1016_j.jallcom.2013.03.167__sample_29720,10.1016/j.jallcom.2013.03.167,https://doi.org/10.1016/j.jallcom.2013.03.167,,29720,Bi2Te2.4,unknown,n,18,18,18,18,0.07129688106133358,0.6426032729422584,0.5713063918809248,0.053387291909076484,0.8986288934850231,0.8452416015759465,0.053648041415875765,0.896349454806855,0.8427014133909793,0.05338729190907868,0.8986288934849621,0.8452416015758835,0.4160824,0.4492499400224424,0.8508324476627207,0.4156696041838548,unknown,no,no,ML_much_worse,primary DOI test sample aggregate,ML tau prediction much worse than fitting; possible missing structure/additive feature,True
10.1016_j.jallcom.2013.07.119__sample_13230,10.1016/j.jallcom.2013.07.119,https://doi.org/10.1016/j.jallcom.2013.07.119,,13230,Cu2.03Sn0.92Se2.98,unknown,p,7,7,7,7,0.143295235939515,0.9459890643912577,0.8026938284517428,0.1238261026813151,1.5749178197562053,1.4510917170748903,0.12815116047083092,1.5691874529803151,1.4410362925094842,0.12382610268134232,1.574917819756036,1.4510917170746938,0.3425453,0.2908128559398983,0.7408166049090249,0.3293873313857391,unknown,no,no,ML_much_worse,primary DOI test sample aggregate,ML tau prediction much worse than fitting; possible missing structure/additive feature,True
10.1016_j.jallcom.2013.07.119__sample_13231,10.1016/j.jallcom.2013.07.119,https://doi.org/10.1016/j.jallcom.2013.07.119,,13231,Cu2.03Sn0.92Se2.98,unknown,p,7,7,7,7,0.14318094475322915,0.9513267599255669,0.8081458151723377,0.12341062244601296,1.5888887894515704,1.4654781670055574,0.11838247200010255,1.5782221772970588,1.4598397052969563,0.12341062244603053,1.588888789451401,1.4654781670053705,0.3284244,0.2904826528190375,0.7439948123885766,0.329272386749909,unknown,no,no,ML_much_worse,primary DOI test sample aggregate,ML tau prediction much worse than fitting; possible missing structure/additive feature,True
10.1016_j.jallcom.2013.07.136__sample_10123,10.1016/j.jallcom.2013.07.136,https://doi.org/10.1016/j.jallcom.2013.07.136,,10123,MnSi1.74,unknown,p,15,0,0,0,0.8128727527023656,1.1618966281003624,0.34902387539799684,,,,,,,,,,,,,,unknown,no,no,not_evaluated,primary DOI test sample aggregate,sigma ML error propagated to ZT error; possible missing structure/additive feature,True
10.1016_j.jallcom.2013.09.124__sample_3731,10.1016/j.jallcom.2013.09.124,https://doi.org/10.1016/j.jallcom.2013.09.124,,3731,Ba0.2Yb0.15Fe0.37Co3.63Sb12,unknown,n,11,4,1,3,0.07763468390917272,0.16594931375176183,0.08831462984258912,0.04894839587777705,0.11021865544410579,0.06127025956632874,0.0765806784332917,0.06929329303139455,-0.007287385401897148,0.0633652383186644,0.09650035076483955,0.03313511244617515,0.8202074,0.9462311674435012,1.0957087613111085,1.0466763832566957,unknown,no,no,ML_close_to_fitting,primary DOI test sample aggregate,ML false high-ZT prediction; possible missing structure/additive feature,True
10.1016_j.jallcom.2013.09.124__sample_3733,10.1016/j.jallcom.2013.09.124,https://doi.org/10.1016/j.jallcom.2013.09.124,,3733,Ba0.32Yb0.1Fe0.37Co3.67Sb12,unknown,n,11,5,2,4,0.07868458458140563,0.11802701983768202,0.039342435256276384,0.04606481875875931,0.1221318844355194,0.07606706567676008,0.06962234998786007,0.14797288857714092,0.07835053858928084,0.035571484795951555,0.11145539797772995,0.0758839131817784,1.12177,0.9350547936310704,0.8563103755009411,0.924287411871856,unknown,no,no,ML_close_to_fitting,primary DOI test sample aggregate,ML missed high ZT; possible missing structure/additive feature,True
10.1016_j.jallcom.2013.09.124__sample_3734,10.1016/j.jallcom.2013.09.124,https://doi.org/10.1016/j.jallcom.2013.09.124,,3734,Ba0.27Yb0.17Fe0.37Co3.67Sb12,unknown,n,11,3,1,1,0.07383215094253386,0.08047059739693264,0.006638446454398789,0.042162268069240616,0.05133369640777266,0.009171428338532045,0.164915247288446,0.19121909708598253,0.026303849797536527,0.06136508906268752,0.09093060517569361,0.02956551611300609,1.050226,0.7935651738914883,0.7685691252020355,0.845446045789029,unknown,no,no,ML_close_to_fitting,primary DOI test sample aggregate,ML missed high ZT; possible missing structure/additive feature,True
10.1016_j.jallcom.2013.10.104__sample_732,10.1016/j.jallcom.2013.10.104,https://doi.org/10.1016/j.jallcom.2013.10.104,,732,Ba8Au5.33Ge40.67,unknown,p,27,0,0,0,0.3686158312795868,1.3091526958375632,0.9405368645579764,,,,,,,,,,,,,,unknown,no,no,not_evaluated,primary DOI test sample aggregate,sigma ML error propagated to ZT error; possible missing structure/additive feature,True
10.1016_j.jallcom.2013.10.104__sample_735,10.1016/j.jallcom.2013.10.104,https://doi.org/10.1016/j.jallcom.2013.10.104,,735,Ba8Au5Ga1Ge40,unknown,p,25,0,0,0,0.3665975606817995,1.0611455027173302,0.6945479420355307,,,,,,,,,,,,,,unknown,no,no,not_evaluated,primary DOI test sample aggregate,sigma ML error propagated to ZT error; possible missing structure/additive feature,True
10.1016_j.jallcom.2013.11.033__sample_27192,10.1016/j.jallcom.2013.11.033,https://doi.org/10.1016/j.jallcom.2013.11.033,,27192,Pr0.6Sr0.4MnO3,unknown,n,50,0,0,0,0.2023910786743257,1.9260560237098916,1.7236649450355659,,,,,,,,,,,,,,unknown,no,no,not_evaluated,primary DOI test sample aggregate,sigma ML error propagated to ZT error; possible missing structure/additive feature,True
10.1016_j.jallcom.2013.11.033__sample_27193,10.1016/j.jallcom.2013.11.033,https://doi.org/10.1016/j.jallcom.2013.11.033,,27193,Pr0.55Bi0.05Sr0.4MnO3,unknown,n,28,0,0,0,0.15087617698409603,1.8234183058779512,1.6725421288938551,,,,,,,,,,,,,,unknown,no,no,not_evaluated,primary DOI test sample aggregate,sigma ML error propagated to ZT error; possible missing structure/additive feature,True
10.1016_j.jallcom.2013.11.033__sample_27194,10.1016/j.jallcom.2013.11.033,https://doi.org/10.1016/j.jallcom.2013.11.033,,27194,Pr0.5Bi0.1Sr0.4MnO3,unknown,n,28,0,0,0,0.1182052022180139,2.2095074403637254,2.0913022381457114,,,,,,,,,,,,,,unknown,no,no,not_evaluated,primary DOI test sample aggregate,sigma ML error propagated to ZT error; possible missing structure/additive feature,True
10.1016_j.jallcom.2013.11.033__sample_27195,10.1016/j.jallcom.2013.11.033,https://doi.org/10.1016/j.jallcom.2013.11.033,,27195,Pr0.45Bi0.15Sr0.4MnO3,unknown,n,57,0,0,0,0.24284453190022848,3.0490991562973213,2.8062546243970927,,,,,,,,,,,,,,unknown,no,no,not_evaluated,primary DOI test sample aggregate,sigma ML error propagated to ZT error; possible missing structure/additive feature,True
10.1016_j.jallcom.2013.12.068__sample_7179,10.1016/j.jallcom.2013.12.068,https://doi.org/10.1016/j.jallcom.2013.12.068,,7179,Bi0.4Sb1.6Te3,unknown,p,8,8,8,8,0.05453028857508771,0.27219540130862585,0.21766511273353814,0.04333610630416658,0.30752736728222324,0.2641912609780567,0.042941542207431724,0.30797415112965765,0.2650326089222259,0.04333610630416951,0.30752736728221386,0.26419126097804435,0.7912583,0.8245062965906276,1.076491135462163,0.7925351029590451,unknown,no,no,ML_moderately_worse,primary DOI test sample aggregate,ML false high-ZT prediction; possible missing structure/additive feature,True
10.1016_j.jallcom.2013.12.068__sample_7180,10.1016/j.jallcom.2013.12.068,https://doi.org/10.1016/j.jallcom.2013.12.068,,7180,Bi0.4Sb1.6Te3,unknown,p,8,8,8,8,0.07849539766843325,0.603346798942764,0.5248514012743307,0.059707400131376404,0.8243987213881525,0.7646913212567761,0.0610303905699488,0.8362817678107765,0.7752513772408276,0.0597074001313852,0.8243987213881427,0.7646913212567575,0.7107285,0.7364161162569253,1.3394498080417288,0.7216574899214344,unknown,no,no,ML_much_worse,primary DOI test sample aggregate,ML tau prediction much worse than fitting; ML false high-ZT prediction; possible missing structure/additive feature,True
10.1016_j.jallcom.2014.06.176__sample_14041,10.1016/j.jallcom.2014.06.176,https://doi.org/10.1016/j.jallcom.2014.06.176,,14041,AgSn10SbTe12,unknown,p,9,3,1,1,0.07697210052933687,1.6569686301867792,1.5799965296574423,0.020672310092316567,0.8074935445869537,0.7868212344946371,0.015378438460309335,0.8118804781269692,0.7965020396666599,0.001983033904380632,0.8085634353078478,0.8065804014034672,0.5531915,0.2304433902788092,0.044027982009921,0.2299873176303706,unknown,no,no,ML_much_worse,primary DOI test sample aggregate,ML tau prediction much worse than fitting; sigma ML error propagated to ZT error; possible missing structure/additive feature,True
10.1016_j.jallcom.2014.06.176__sample_14042,10.1016/j.jallcom.2014.06.176,https://doi.org/10.1016/j.jallcom.2014.06.176,,14042,AgSn4SbTe6,unknown,p,9,5,1,1,0.06798057280953178,1.5290385735765821,1.4610580007670504,0.06979028917442487,0.7856097278327479,0.715819438658323,0.05787643324737382,0.7703647491619756,0.7124883159146018,0.04998260296573225,0.7720782779256641,0.7220956749599319,0.8031915,0.405144141165716,0.0879454098401205,0.3858579561426681,unknown,no,no,ML_much_worse,primary DOI test sample aggregate,ML tau prediction much worse than fitting; sigma ML error propagated to ZT error; possible missing structure/additive feature,True
10.1016_j.jallcom.2014.06.176__sample_14043,10.1016/j.jallcom.2014.06.176,https://doi.org/10.1016/j.jallcom.2014.06.176,,14043,AgSn2SbTe4,unknown,p,9,5,1,1,0.0897199692402248,1.3833834595585792,1.2936634903183544,0.060699021282872814,0.7534582762598818,0.692759254977009,0.06313794572106572,0.7644165808959369,0.7012786351748712,0.05874816102576801,0.7633127252291121,0.7045645642033441,0.6542553,0.5332140076445957,0.1340820438413165,0.5664945188587229,unknown,no,no,ML_much_worse,primary DOI test sample aggregate,ML tau prediction much worse than fitting; sigma ML error propagated to ZT error; possible missing structure/additive feature,True
10.1016_j.jallcom.2014.11.073__sample_9743,10.1016/j.jallcom.2014.11.073,https://doi.org/10.1016/j.jallcom.2014.11.073,,9743,Bi0.01Mg2Si,unknown,n,21,0,0,0,0.7280406476195231,1.9426495309713911,1.214608883351868,,,,,,,,,,,,,,unknown,no,no,not_evaluated,primary DOI test sample aggregate,sigma ML error propagated to ZT error; possible missing structure/additive feature,True
10.1016_j.jallcom.2014.11.081__sample_22739,10.1016/j.jallcom.2014.11.081,https://doi.org/10.1016/j.jallcom.2014.11.081,,22739,AgSb0.99Sn0.01Se2,unknown,p,16,0,0,0,0.11078538390768305,1.0944418528494035,0.9836564689417204,,,,,,,,,,,,,,unknown,no,no,not_evaluated,primary DOI test sample aggregate,sigma ML error propagated to ZT error; possible missing structure/additive feature,True
10.1016_j.jallcom.2014.11.081__sample_22741,10.1016/j.jallcom.2014.11.081,https://doi.org/10.1016/j.jallcom.2014.11.081,,22741,AgSn0.975Sn0.025Se2,unknown,p,16,0,0,0,0.281949536538574,1.5955631791994835,1.3136136426609095,,,,,,,,,,,,,,unknown,no,no,not_evaluated,primary DOI test sample aggregate,sigma ML error propagated to ZT error; possible missing structure/additive feature,True
10.1016_j.jallcom.2015.04.190__sample_8422,10.1016/j.jallcom.2015.04.190,https://doi.org/10.1016/j.jallcom.2015.04.190,,8422,Mg2Si0.677Ge0.3Bi0.023,unknown,n,6,4,1,1,0.17668671001145897,0.323691700235236,0.14700499022377705,0.13681299444159112,0.329027088042728,0.1922140936011369,0.563688465859206,1.0508686604997357,0.48718019464052975,0.30026413340511127,0.7053722782991331,0.4051081448940218,0.7166725,0.059999492642366,0.0786928354290185,0.0461440803456143,unknown,no,no,ML_moderately_worse,primary DOI test sample aggregate,possible missing structure/additive feature,True
10.1016_j.jallcom.2015.05.171__sample_3749,10.1016/j.jallcom.2015.05.171,https://doi.org/10.1016/j.jallcom.2015.05.171,,3749,CoSb2.95Se0.05,unknown,n,11,0,0,0,0.22907829624283005,1.0963401698626922,0.8672618736198622,,,,,,,,,,,,,,unknown,no,no,not_evaluated,primary DOI test sample aggregate,sigma ML error propagated to ZT error; possible missing structure/additive feature,True
10.1016_j.jallcom.2015.05.171__sample_3750,10.1016/j.jallcom.2015.05.171,https://doi.org/10.1016/j.jallcom.2015.05.171,,3750,CoSb2.9Se0.1,unknown,n,11,0,0,0,0.21218711593271267,1.1512611126382388,0.9390739967055262,,,,,,,,,,,,,,unknown,no,no,not_evaluated,primary DOI test sample aggregate,sigma ML error propagated to ZT error; possible missing structure/additive feature,True
10.1016_j.jallcom.2015.05.171__sample_3751,10.1016/j.jallcom.2015.05.171,https://doi.org/10.1016/j.jallcom.2015.05.171,,3751,CoSb2.8Se0.2,unknown,n,11,0,0,0,0.20574111456690428,1.150659305612408,0.9449181910455037,,,,,,,,,,,,,,unknown,no,no,not_evaluated,primary DOI test sample aggregate,sigma ML error propagated to ZT error; possible missing structure/additive feature,True
10.1016_j.jallcom.2015.05.171__sample_3752,10.1016/j.jallcom.2015.05.171,https://doi.org/10.1016/j.jallcom.2015.05.171,,3752,CoSb2.7Se0.3,unknown,n,11,0,0,0,0.2541384597014167,1.1903304145682625,0.9361919548668458,,,,,,,,,,,,,,unknown,no,no,not_evaluated,primary DOI test sample aggregate,sigma ML error propagated to ZT error; possible missing structure/additive feature,True
10.1016_j.jallcom.2015.09.023__sample_2215,10.1016/j.jallcom.2015.09.023,https://doi.org/10.1016/j.jallcom.2015.09.023,,2215,Ba8Cu5Si6Ge34.4Sn0.6,unknown,n,21,0,0,0,0.18353153999676258,1.1162490928657427,0.9327175528689802,,,,,,,,,,,,,,unknown,no,no,not_evaluated,primary DOI test sample aggregate,sigma ML error propagated to ZT error; possible missing structure/additive feature,True
10.1016_j.jallcom.2015.09.082__sample_12459,10.1016/j.jallcom.2015.09.082,https://doi.org/10.1016/j.jallcom.2015.09.082,,12459,VCoSb,unknown,n,8,3,0,1,0.07893584183934083,1.387341360007389,1.308405518168048,0.018826747408048683,0.7540949659623556,0.7352682185543069,,,,0.01701084660959545,0.753957530681332,0.7369466840717366,0.3846385,0.0495193630193645,0.0123947108819552,0.0503763066444512,unknown,no,no,not_evaluated,primary DOI test sample aggregate,sigma ML error propagated to ZT error; possible missing structure/additive feature,True
10.1016_j.jallcom.2015.09.082__sample_12460,10.1016/j.jallcom.2015.09.082,https://doi.org/10.1016/j.jallcom.2015.09.082,,12460,VCoSb,unknown,n,8,3,0,0,0.09277672920760087,1.2362991372015988,1.1435224079939978,0.12291092458795692,0.710050277566392,0.5871393529784351,,,,,,,0.4999068,,,,unknown,no,no,not_evaluated,primary DOI test sample aggregate,sigma ML error propagated to ZT error; possible missing structure/additive feature,True
10.1016_j.jallcom.2015.09.082__sample_12461,10.1016/j.jallcom.2015.09.082,https://doi.org/10.1016/j.jallcom.2015.09.082,,12461,VCoSb,unknown,n,8,3,1,1,0.0829908268360273,1.3094712562740796,1.2264804294380522,0.07429028708907501,0.7172931574243494,0.6430028703352744,0.042793572800248564,0.7177424990767826,0.674948926276534,0.01893310373787188,0.7242009166812533,0.7052678129433814,0.4546726,0.4741296650083783,0.1283347518142617,0.4653197185066152,unknown,no,no,ML_much_worse,primary DOI test sample aggregate,ML tau prediction much worse than fitting; sigma ML error propagated to ZT error; possible missing structure/additive feature,True
10.1016_j.jallcom.2015.09.082__sample_12462,10.1016/j.jallcom.2015.09.082,https://doi.org/10.1016/j.jallcom.2015.09.082,,12462,VCoSb,unknown,n,8,3,1,1,0.07977794211010428,1.33736879386468,1.2575908517545757,0.11316353638635546,0.7315747811426442,0.6184112447562887,0.1502808348381363,0.6972903135276779,0.5470094786895416,0.1394330580843645,0.7001450312632108,0.5607119731788464,0.3558798,0.409361713446029,0.1077282626798327,0.3592678925203867,unknown,no,no,ML_much_worse,primary DOI test sample aggregate,ML tau prediction much worse than fitting; sigma ML error propagated to ZT error; possible missing structure/additive feature,True
10.1016_j.jallcom.2015.09.082__sample_12541,10.1016/j.jallcom.2015.09.082,https://doi.org/10.1016/j.jallcom.2015.09.082,,12541,VCoSb,unknown,n,8,1,0,0,0.08524843614465138,1.3084247410784362,1.223176304933785,0.03729855731513519,0.7391100517327236,0.7018114944175884,,,,,,,0.1928502,,,,unknown,no,no,not_evaluated,primary DOI test sample aggregate,sigma ML error propagated to ZT error; possible missing structure/additive feature,True
10.1016_j.jallcom.2015.09.082__sample_12542,10.1016/j.jallcom.2015.09.082,https://doi.org/10.1016/j.jallcom.2015.09.082,,12542,VCoSb0.98Sn0.02,unknown,n,8,1,0,1,0.0857917310229682,1.0990690641840088,1.0132773331610407,0.13478937583474943,0.7107598204104133,0.5759704445756639,,,,0.13478937583475073,0.7107598204103889,0.5759704445756382,0.05874079,0.4917485448179789,0.1643916908132147,0.5683570347883966,unknown,no,no,not_evaluated,primary DOI test sample aggregate,sigma ML error propagated to ZT error; possible missing structure/additive feature,True
10.1016_j.jallcom.2015.09.082__sample_12543,10.1016/j.jallcom.2015.09.082,https://doi.org/10.1016/j.jallcom.2015.09.082,,12543,V0.98Ti0.02CoSb,unknown,n,8,1,0,0,0.0874253006313153,1.1243152924797808,1.0368899918484655,0.05385284617084301,0.6915724373164487,0.6377195911456057,,,,,,,0.2803211,,,,unknown,no,no,not_evaluated,primary DOI test sample aggregate,sigma ML error propagated to ZT error; possible missing structure/additive feature,True
10.1016_j.jallcom.2015.12.087__sample_21040,10.1016/j.jallcom.2015.12.087,https://doi.org/10.1016/j.jallcom.2015.12.087,,21040,(BiCuSeO)0.76(CuSe2)0.24,unknown,p,12,6,5,5,0.30015781375927764,0.6530518456733061,0.35289403191402846,0.24485727787096354,0.8432156431011543,0.5983583652301907,0.2641473467761801,0.9437242190131971,0.679576872237017,0.25927721988863045,0.9163660019596035,0.657088782070973,0.2986667,0.2104776094164595,0.3759152659313938,0.3055429376846034,unknown,no,no,ML_much_worse,primary DOI test sample aggregate,ML tau prediction much worse than fitting; possible missing structure/additive feature,True
10.1016_j.jallcom.2015.12.231__sample_23523,10.1016/j.jallcom.2015.12.231,https://doi.org/10.1016/j.jallcom.2015.12.231,,23523,(Nd0.55Li0.36)(Ti0.95Nb0.05)O3,unknown,n,8,7,7,7,0.5032423863727207,1.1111029464463273,0.6078605600736067,0.5258472894671886,2.3021575681920297,1.776310278724841,0.5670350856393332,2.4158222023202254,1.8487871166808922,0.525847289467226,2.302157568192374,1.776310278725148,0.04951181,0.0293629525615889,0.0790703570876425,0.0491701420548956,unknown,no,no,ML_much_worse,primary DOI test sample aggregate,ML tau prediction much worse than fitting; sigma ML error propagated to ZT error; possible missing structure/additive feature,True
10.1016_j.jallcom.2015.12.231__sample_23524,10.1016/j.jallcom.2015.12.231,https://doi.org/10.1016/j.jallcom.2015.12.231,,23524,(Nd0.55Li0.36)(Ti0.90Nb0.10)O3,unknown,n,8,7,7,7,0.4724848154076363,1.13017778646819,0.6576929710605536,0.47411795436770005,2.3289379032253454,1.8548199488576453,0.4627629473826219,2.312455100859659,1.8496921534770374,0.47411795436778015,2.3289379032255915,1.8548199488578114,0.03628346,0.0209115882046487,0.0583802514366451,0.0364099169518715,unknown,no,no,ML_much_worse,primary DOI test sample aggregate,ML tau prediction much worse than fitting; sigma ML error propagated to ZT error; possible missing structure/additive feature,True
10.1016_j.jallcom.2016.01.030__sample_17569,10.1016/j.jallcom.2016.01.030,https://doi.org/10.1016/j.jallcom.2016.01.030,,17569,Fe0.693C0.0966Si0.0180Mn0.0459Cr0.0776V0.0693,unknown,n,20,19,0,0,0.1408286591782441,4.721867132645331,4.581038473467086,0.09735244590962827,0.990982836882061,0.8936303909724328,,,,,,,0.006629905,,,,unknown,no,no,not_evaluated,primary DOI test sample aggregate,sigma ML error propagated to ZT error; possible missing structure/additive feature,True
10.1016_j.jallcom.2016.01.030__sample_17571,10.1016/j.jallcom.2016.01.030,https://doi.org/10.1016/j.jallcom.2016.01.030,,17571,Fe0.693C0.0966Si0.0180Mn0.0459Cr0.0776V0.0693,unknown,n,22,22,1,1,0.08567818821883533,4.777612954331414,4.691934766112579,0.06505695828615275,0.9915470729978864,0.9264901147117336,0.22503191565617106,0.9896821280911038,0.7646502124349327,0.06952348226884304,0.990991903025077,0.9214684207562339,0.0254377,0.0027407051033656,2.30836795639218e-05,0.0025625478531351,unknown,no,no,ML_much_worse,primary DOI test sample aggregate,ML tau prediction much worse than fitting; sigma ML error propagated to ZT error; possible missing structure/additive feature,True
10.1016_j.jallcom.2016.01.207__sample_17488,10.1016/j.jallcom.2016.01.207,https://doi.org/10.1016/j.jallcom.2016.01.207,,17488,Zn51.9Sb48.1,unknown,p,9,9,0,0,0.222804314944964,1.35671478228507,1.133910467340106,0.1820007564015045,2.904522825187856,2.7225220687863514,,,,,,,0.2940956,,,,unknown,no,no,not_evaluated,primary DOI test sample aggregate,sigma ML error propagated to ZT error; possible missing structure/additive feature,True
10.1016_j.jallcom.2016.02.123__sample_7259,10.1016/j.jallcom.2016.02.123,https://doi.org/10.1016/j.jallcom.2016.02.123,,7259,(Bi0.2Sb0.8)2Te3(PbTe)0.02,unknown,p,6,6,0,0,0.18975751161281026,1.0436509311457507,0.8538934195329404,0.16979613922232176,0.6351415673406954,0.46534542811837365,,,,,,,,,,,unknown,no,no,not_evaluated,primary DOI test sample aggregate,sigma ML error propagated to ZT error; possible missing structure/additive feature,True
10.1016_j.jallcom.2016.02.123__sample_7260,10.1016/j.jallcom.2016.02.123,https://doi.org/10.1016/j.jallcom.2016.02.123,,7260,(Bi0.2Sb0.8)2Te3(PbTe)0.04,unknown,p,12,12,0,1,0.21707493833317754,1.5306157093468753,1.3135407710136977,0.19378336352485923,0.7749125768436307,0.5811292133187714,,,,0.25740690565082086,0.8367955480973523,0.5793886424465315,,0.2115698141396909,0.0464980563629873,0.2849067891280543,unknown,no,no,not_evaluated,primary DOI test sample aggregate,sigma ML error propagated to ZT error; possible missing structure/additive feature,True
10.1016_j.jallcom.2016.02.123__sample_7261,10.1016/j.jallcom.2016.02.123,https://doi.org/10.1016/j.jallcom.2016.02.123,,7261,(Bi0.2Sb0.8)2Te3(PbTe)0.1,unknown,p,12,12,0,0,0.1894095793717057,1.7237949054811186,1.534385326109413,0.16998908688538883,0.8164492278922136,0.6464601410068248,,,,,,,,,,,unknown,no,no,not_evaluated,primary DOI test sample aggregate,sigma ML error propagated to ZT error; possible missing structure/additive feature,True
10.1016_j.jallcom.2016.02.123__sample_7262,10.1016/j.jallcom.2016.02.123,https://doi.org/10.1016/j.jallcom.2016.02.123,,7262,(Bi0.2Sb0.8)2Te3(PbTe)0.3,unknown,p,12,12,0,0,0.1524663528101888,1.7842889544267146,1.6318226016165258,0.13541080729160784,0.8289887126331678,0.6935779053415599,,,,,,,,,,,unknown,no,no,not_evaluated,primary DOI test sample aggregate,sigma ML error propagated to ZT error; possible missing structure/additive feature,True
10.1016_j.jallcom.2016.02.123__sample_7264,10.1016/j.jallcom.2016.02.123,https://doi.org/10.1016/j.jallcom.2016.02.123,,7264,(Bi0.2Sb0.8)2Te3(PbTe)0.02,unknown,p,12,12,0,0,0.22401971075872917,1.117147142040436,0.8931274312817068,0.19664243055499694,0.6566382600415799,0.4599958294865829,,,,,,,,,,,unknown,no,no,not_evaluated,primary DOI test sample aggregate,sigma ML error propagated to ZT error; possible missing structure/additive feature,True
10.1016_j.jallcom.2016.02.123__sample_7265,10.1016/j.jallcom.2016.02.123,https://doi.org/10.1016/j.jallcom.2016.02.123,,7265,(Bi0.2Sb0.8)2Te3(PbTe)0.04,unknown,p,12,12,0,1,0.16095764493772183,1.7795001060692048,1.618542461131483,0.14181537841295436,0.8277937748308547,0.6859783964179004,,,,0.3334500176625113,0.7733699168696788,0.4399198992071675,0.3513901,0.5170943399150285,0.0878841589027759,0.38778681845269,unknown,no,no,not_evaluated,primary DOI test sample aggregate,sigma ML error propagated to ZT error; possible missing structure/additive feature,True
10.1016_j.jallcom.2016.02.123__sample_7266,10.1016/j.jallcom.2016.02.123,https://doi.org/10.1016/j.jallcom.2016.02.123,,7266,(Bi0.2Sb0.8)2Te3(PbTe)0.1,unknown,p,12,12,0,1,0.15580493552946528,1.9861680497356622,1.830363114206197,0.13735010609586712,0.8602218874322664,0.7228717813363992,,,,0.18684640584234088,0.887733843056656,0.7008874372143151,,0.0231251501456032,0.0031927199907098,0.0284388463775511,unknown,no,no,not_evaluated,primary DOI test sample aggregate,sigma ML error propagated to ZT error; possible missing structure/additive feature,True
10.1016_j.jallcom.2016.02.123__sample_7267,10.1016/j.jallcom.2016.02.123,https://doi.org/10.1016/j.jallcom.2016.02.123,,7267,(Bi0.2Sb0.8)2Te3(PbTe)0.3,unknown,p,12,12,0,1,0.134928190743376,1.9344493647615706,1.7995211740181947,0.11611907639322228,0.8534676931329144,0.7373486167396921,,,,0.16479778131072667,0.87874013602176,0.7139423547110334,,0.0142587525302127,0.0020701745680542,0.0170722158192895,unknown,no,no,not_evaluated,primary DOI test sample aggregate,sigma ML error propagated to ZT error; possible missing structure/additive feature,True
10.1016_j.jallcom.2016.04.306__sample_7271,10.1016/j.jallcom.2016.04.306,https://doi.org/10.1016/j.jallcom.2016.04.306,,7271,Bi2Se2.53,unknown,n,59,0,0,0,0.16466623392042967,1.0906544869325543,0.9259882530121246,,,,,,,,,,,,,,unknown,no,no,not_evaluated,primary DOI test sample aggregate,sigma ML error propagated to ZT error; possible missing structure/additive feature,True
10.1016_j.jallcom.2016.04.306__sample_7272,10.1016/j.jallcom.2016.04.306,https://doi.org/10.1016/j.jallcom.2016.04.306,,7272,Bi2Se2.99,unknown,n,59,0,0,0,0.06749878730324801,1.8185176843376647,1.7510188970344167,,,,,,,,,,,,,,unknown,no,no,not_evaluated,primary DOI test sample aggregate,sigma ML error propagated to ZT error; possible missing structure/additive feature,True
10.1016_j.jallcom.2016.04.306__sample_7273,10.1016/j.jallcom.2016.04.306,https://doi.org/10.1016/j.jallcom.2016.04.306,,7273,Bi2.04Se2.99,unknown,n,59,0,0,0,0.08683849756223323,1.8093817181336662,1.722543220571433,,,,,,,,,,,,,,unknown,no,no,not_evaluated,primary DOI test sample aggregate,sigma ML error propagated to ZT error; possible missing structure/additive feature,True
10.1016_j.jallcom.2016.04.306__sample_7274,10.1016/j.jallcom.2016.04.306,https://doi.org/10.1016/j.jallcom.2016.04.306,,7274,Bi2.12Se2.99,unknown,n,59,0,0,0,0.06706043614332031,1.2627331875854133,1.195672751442093,,,,,,,,,,,,,,unknown,no,no,not_evaluated,primary DOI test sample aggregate,sigma ML error propagated to ZT error; possible missing structure/additive feature,True
10.1016_j.jallcom.2016.04.306__sample_7275,10.1016/j.jallcom.2016.04.306,https://doi.org/10.1016/j.jallcom.2016.04.306,,7275,Bi2.37Se2.99,unknown,n,59,0,0,0,0.05684661854424573,1.2529783925241853,1.1961317739799395,,,,,,,,,,,,,,unknown,no,no,not_evaluated,primary DOI test sample aggregate,sigma ML error propagated to ZT error; possible missing structure/additive feature,True
10.1016_j.jallcom.2016.06.006__sample_7377,10.1016/j.jallcom.2016.06.006,https://doi.org/10.1016/j.jallcom.2016.06.006,,7377,Mn0.03(Bi2Se3),unknown,n,100,0,0,0,0.10511590324255331,1.2040252787289738,1.0989093754864205,,,,,,,,,,,,,,unknown,no,no,not_evaluated,primary DOI test sample aggregate,sigma ML error propagated to ZT error; possible missing structure/additive feature,True
10.1016_j.jallcom.2016.06.006__sample_7378,10.1016/j.jallcom.2016.06.006,https://doi.org/10.1016/j.jallcom.2016.06.006,,7378,Mn0.06(Bi2Se3),unknown,n,64,0,0,0,0.060314931364562126,1.259627293055166,1.1993123616906038,,,,,,,,,,,,,,unknown,no,no,not_evaluated,primary DOI test sample aggregate,sigma ML error propagated to ZT error; possible missing structure/additive feature,True
10.1016_j.jallcom.2016.06.058__sample_20609,10.1016/j.jallcom.2016.06.058,https://doi.org/10.1016/j.jallcom.2016.06.058,,20609,Ca3Co4O9,unknown,p,28,0,0,0,0.32853881719198674,1.059403865991085,0.7308650487990982,,,,,,,,,,0.05573979,,,,unknown,no,no,not_evaluated,primary DOI test sample aggregate,sigma ML error propagated to ZT error; possible missing structure/additive feature,True
10.1016_j.jallcom.2016.06.058__sample_20611,10.1016/j.jallcom.2016.06.058,https://doi.org/10.1016/j.jallcom.2016.06.058,,20611,Ca3Co4O9,unknown,p,28,28,1,1,0.30718356035914707,1.4893105992080082,1.1821270388488612,0.2301303587157117,3.48763080426087,3.2575004455451584,0.4556612008005027,1.3375495887268942,0.8818883879263915,0.46038372695698077,1.3172696838385023,0.8568859568815215,0.07154654,0.0389455576704788,0.1672435851518323,0.0721726894017779,unknown,no,no,ML_much_worse,primary DOI test sample aggregate,ML tau prediction much worse than fitting; sigma ML error propagated to ZT error; possible missing structure/additive feature,True
10.1016_j.jallcom.2016.06.133__sample_16275,10.1016/j.jallcom.2016.06.133,https://doi.org/10.1016/j.jallcom.2016.06.133,,16275,AgSn4SbTe6,unknown,p,9,2,1,1,0.06480663934529066,1.517562130131713,1.4527554907864224,0.07794100199035775,0.771450437519005,0.6935094355286473,0.021644006022639266,0.7852024680156972,0.7635584619930579,0.036947503096058765,0.788562342562728,0.7516148394666692,0.7878788,0.6818844836156029,0.1497073714278399,0.7080449776183041,unknown,no,no,ML_much_worse,primary DOI test sample aggregate,ML tau prediction much worse than fitting; sigma ML error propagated to ZT error; possible missing structure/additive feature,True
10.1016_j.jallcom.2016.06.133__sample_16276,10.1016/j.jallcom.2016.06.133,https://doi.org/10.1016/j.jallcom.2016.06.133,,16276,AgSn4SbTe6(SiC)0.01,unknown,p,9,2,0,1,0.06162125581696898,1.4588892805039957,1.3972680246870266,0.0409644178912964,0.7767391381474767,0.7357747202561804,,,,0.032142654848684005,0.7746854558267023,0.7425428009780184,0.4132231,0.7993498397211831,0.1860864575487817,0.8258963407424591,unknown,no,no,not_evaluated,primary DOI test sample aggregate,sigma ML error propagated to ZT error; possible missing structure/additive feature,True
10.1016_j.jallcom.2016.06.133__sample_16277,10.1016/j.jallcom.2016.06.133,https://doi.org/10.1016/j.jallcom.2016.06.133,,16277,AgSn4SbTe6(SiC)0.02,unknown,p,9,4,0,1,0.06856009227486033,1.4842221875565214,1.415662095281661,0.0725778745419638,0.7738034518528687,0.7012255773109048,,,,0.024990089006879525,0.7786356959830601,0.7536456069761807,0.9063361,0.7994797212200804,0.1815122800990573,0.8199708661481713,unknown,no,no,not_evaluated,primary DOI test sample aggregate,sigma ML error propagated to ZT error; possible missing structure/additive feature,True
10.1016_j.jallcom.2016.06.133__sample_16278,10.1016/j.jallcom.2016.06.133,https://doi.org/10.1016/j.jallcom.2016.06.133,,16278,AgSn4SbTe6(SiC)0.03,unknown,p,9,4,0,1,0.06302941565100727,1.4487128710169026,1.3856834553658954,0.07350315822437868,0.7681412575674508,0.6946380993430721,,,,0.11863772141852487,0.7369022073071327,0.6182644858886078,0.8677686,1.0881377603212048,0.2559243599645774,0.972734728578039,unknown,no,no,not_evaluated,primary DOI test sample aggregate,sigma ML error propagated to ZT error; possible missing structure/additive feature,True
10.1016_j.jallcom.2016.06.172__sample_2649,10.1016/j.jallcom.2016.06.172,https://doi.org/10.1016/j.jallcom.2016.06.172,,2649,Pb0.98Na0.02Te,unknown,p,22,14,7,10,0.34350856101543686,1.2313059728234588,0.8877974118080219,0.2854179557657345,0.7026013976392026,0.4171834418734681,0.2396211040628314,0.6661197365617177,0.4264986324988863,0.2608278786269306,0.7336961616273963,0.4728682830004657,0.5896149,1.2681947891430048,0.3887475169129789,0.7695829106363045,unknown,no,no,ML_moderately_worse,primary DOI test sample aggregate,sigma ML error propagated to ZT error; possible missing structure/additive feature,True
10.1016_j.jallcom.2016.06.172__sample_2651,10.1016/j.jallcom.2016.06.172,https://doi.org/10.1016/j.jallcom.2016.06.172,,2651,Pb0.588Sr0.392Na0.02Te,unknown,p,11,5,1,2,0.18682393796161298,1.216451363132724,1.029627425171111,0.1837752818479093,2.458151666218327,2.274376384370418,1.975705815454437,8.89966284142914,6.923957025974704,0.11770538791691687,1.9352428392180134,1.8175374513010967,0.2576436,0.4965801326419871,1.6520369256182963,0.5354396684712308,unknown,no,no,ML_much_worse,primary DOI test sample aggregate,ML tau prediction much worse than fitting; sigma ML error propagated to ZT error; ML false high-ZT prediction; possible missing structure/additive feature,True
10.1016_j.jallcom.2016.06.172__sample_2652,10.1016/j.jallcom.2016.06.172,https://doi.org/10.1016/j.jallcom.2016.06.172,,2652,Pb0.392Sr0.588Na0.02Te,unknown,p,11,9,2,8,0.2904605264500778,1.480789318810125,1.1903287923600474,0.2792404366897174,3.6893250979641863,3.410084661274469,42.139266110381065,183.2799832366999,141.14071712631883,0.2944457864051289,3.6573703638587904,3.3629245774536614,0.04774551,1.1013739084079792,4.704789480178947,1.5347072253084306,unknown,no,no,ML_much_worse,primary DOI test sample aggregate,ML tau prediction much worse than fitting; sigma ML error propagated to ZT error; ML false high-ZT prediction; possible missing structure/additive feature,True
10.1016_j.jallcom.2016.06.172__sample_2653,10.1016/j.jallcom.2016.06.172,https://doi.org/10.1016/j.jallcom.2016.06.172,,2653,Pb0.196Sr0.784Na0.02Te,unknown,p,11,9,3,5,0.2580801523757677,1.537414631769293,1.2793344793935253,0.26114204143612674,3.5495406173939266,3.2883985759577996,573.7739242444101,2615.4537437122603,2041.6798194678504,0.3092446938857768,3.86817938985756,3.558934695971783,0.004942857,1.9237701005184649,8.757278765142589,2.3368607830600263,unknown,no,no,ML_much_worse,primary DOI test sample aggregate,ML tau prediction much worse than fitting; sigma ML error propagated to ZT error; ML false high-ZT prediction; possible missing structure/additive feature,True
10.1016_j.jallcom.2016.06.172__sample_2654,10.1016/j.jallcom.2016.06.172,https://doi.org/10.1016/j.jallcom.2016.06.172,,2654,(Pb0.98Sr0.02)0.98Na0.02Te,unknown,p,11,8,2,2,0.2918620700279188,1.0318990966364798,0.740037026608561,0.20901749542229098,0.6672203437315964,0.45820284830930547,0.241889923116684,0.5832445554852572,0.3413546323685732,0.3157247830528954,0.5980975251997948,0.28237274214689934,0.609192,0.5411466098541268,0.2011249771253541,0.3873403232360335,unknown,no,no,ML_moderately_worse,primary DOI test sample aggregate,sigma ML error propagated to ZT error; possible missing structure/additive feature,True
10.1016_j.jallcom.2016.06.172__sample_2666,10.1016/j.jallcom.2016.06.172,https://doi.org/10.1016/j.jallcom.2016.06.172,,2666,Pb0.932Na0.008Sr0.03Mn0.03Se,unknown,p,11,9,5,5,0.35638548334606274,0.8193454562539296,0.4629599729078669,0.35313612747867745,0.5118185697992578,0.15868244232058032,0.41214873415592496,0.4501064854936061,0.037957751337681145,0.4334780659789715,0.43841738484136056,0.004939318862389075,1.020109,1.833340449013874,0.8766580195867281,0.9807908707854884,unknown,no,no,ML_close_to_fitting,primary DOI test sample aggregate,ML missed high ZT; possible missing structure/additive feature,True
10.1016_j.jallcom.2016.07.093__sample_22870,10.1016/j.jallcom.2016.07.093,https://doi.org/10.1016/j.jallcom.2016.07.093,,22870,SnCCo3,unknown,p,25,0,0,0,0.30724266233238595,2.011380609637187,1.704137947304801,,,,,,,,,,,,,,unknown,no,no,not_evaluated,primary DOI test sample aggregate,sigma ML error propagated to ZT error; possible missing structure/additive feature,True
10.1016_j.jallcom.2016.07.093__sample_22871,10.1016/j.jallcom.2016.07.093,https://doi.org/10.1016/j.jallcom.2016.07.093,,22871,Sn0.9975Ag0.025CCo3,unknown,p,18,0,0,0,0.27940453502930523,2.353891132807725,2.07448659777842,,,,,,,,,,,,,,unknown,no,no,not_evaluated,primary DOI test sample aggregate,sigma ML error propagated to ZT error; possible missing structure/additive feature,True
10.1016_j.jallcom.2016.07.093__sample_22872,10.1016/j.jallcom.2016.07.093,https://doi.org/10.1016/j.jallcom.2016.07.093,,22872,Sn0.95Ag0.05CCo3,unknown,p,21,0,0,0,0.2783041347194404,2.4244922586657567,2.1461881239463163,,,,,,,,,,,,,,unknown,no,no,not_evaluated,primary DOI test sample aggregate,sigma ML error propagated to ZT error; possible missing structure/additive feature,True
10.1016_j.jallcom.2016.07.093__sample_22873,10.1016/j.jallcom.2016.07.093,https://doi.org/10.1016/j.jallcom.2016.07.093,,22873,Sn0.9Ag0.1CCo3,unknown,p,24,0,0,0,0.2716626585460047,2.269288070684614,1.9976254121386094,,,,,,,,,,,,,,unknown,no,no,not_evaluated,primary DOI test sample aggregate,sigma ML error propagated to ZT error; possible missing structure/additive feature,True
10.1016_j.jallcom.2016.07.093__sample_22874,10.1016/j.jallcom.2016.07.093,https://doi.org/10.1016/j.jallcom.2016.07.093,,22874,Sn0.85Ag0.15CCo3,unknown,p,19,0,0,0,0.3225469159869499,2.1325870894642853,1.8100401734773355,,,,,,,,,,,,,,unknown,no,no,not_evaluated,primary DOI test sample aggregate,sigma ML error propagated to ZT error; possible missing structure/additive feature,True
10.1016_j.jallcom.2016.07.093__sample_22882,10.1016/j.jallcom.2016.07.093,https://doi.org/10.1016/j.jallcom.2016.07.093,,22882,SnCCo3,unknown,p,24,0,0,0,0.3031919006877659,1.9924191773051207,1.6892272766173548,,,,,,,,,,,,,,unknown,no,no,not_evaluated,primary DOI test sample aggregate,sigma ML error propagated to ZT error; possible missing structure/additive feature,True
10.1016_j.jallcom.2016.07.093__sample_22883,10.1016/j.jallcom.2016.07.093,https://doi.org/10.1016/j.jallcom.2016.07.093,,22883,Sn0.95In0.05CCo3,unknown,p,29,0,0,0,0.34979225821560656,1.8646707439005512,1.5148784856849447,,,,,,,,,,,,,,unknown,no,no,not_evaluated,primary DOI test sample aggregate,sigma ML error propagated to ZT error; possible missing structure/additive feature,True
10.1016_j.jallcom.2016.07.093__sample_22884,10.1016/j.jallcom.2016.07.093,https://doi.org/10.1016/j.jallcom.2016.07.093,,22884,Sn0.9In0.1CCo3,unknown,p,30,0,0,0,0.30887182407736563,1.8337521733461928,1.5248803492688272,,,,,,,,,,,,,,unknown,no,no,not_evaluated,primary DOI test sample aggregate,sigma ML error propagated to ZT error; possible missing structure/additive feature,True
10.1016_j.jallcom.2016.07.093__sample_22885,10.1016/j.jallcom.2016.07.093,https://doi.org/10.1016/j.jallcom.2016.07.093,,22885,Sn0.85In0.15CCo3,unknown,p,25,0,0,0,0.3088770409674564,1.9217056062102902,1.6128285652428338,,,,,,,,,,,,,,unknown,no,no,not_evaluated,primary DOI test sample aggregate,sigma ML error propagated to ZT error; possible missing structure/additive feature,True
10.1016_j.jallcom.2016.07.093__sample_22886,10.1016/j.jallcom.2016.07.093,https://doi.org/10.1016/j.jallcom.2016.07.093,,22886,Sn0.8In0.2CCo3,unknown,p,33,0,0,0,0.23483546385233758,1.590334303242656,1.3554988393903185,,,,,,,,,,,,,,unknown,no,no,not_evaluated,primary DOI test sample aggregate,sigma ML error propagated to ZT error; possible missing structure/additive feature,True
10.1016_j.jallcom.2016.08.095__sample_9829,10.1016/j.jallcom.2016.08.095,https://doi.org/10.1016/j.jallcom.2016.08.095,,9829,Mg1.9Mn0.1Si,unknown,n,42,12,7,9,0.2800707931161958,1.7784170083765354,1.4983462152603395,0.22226971866215547,4.265774737753125,4.043505019090969,0.7054879143487486,3.152528461890839,2.4470405475420907,0.24102092944389128,4.411294271160275,4.170273341716384,7.216495e-05,0.000114853418154,0.0006650631640488,8.360095697604019e-05,unknown,no,no,ML_much_worse,primary DOI test sample aggregate,ML tau prediction much worse than fitting; sigma ML error propagated to ZT error; possible missing structure/additive feature,True
10.1016_j.jallcom.2016.08.095__sample_9830,10.1016/j.jallcom.2016.08.095,https://doi.org/10.1016/j.jallcom.2016.08.095,,9830,Mg1.8Mn0.2Si,unknown,n,19,11,2,4,0.4843974257186281,1.8792288269530746,1.3948314012344465,0.3868466193616944,5.410542770291663,5.023696150929968,2.1683642968205246,18.471293305639318,16.302929008818793,0.32126043223455525,4.901491264561047,4.5802308323264915,0.003639175,0.0092606663490258,0.0569117480803838,0.0113351784608762,unknown,no,no,ML_much_worse,primary DOI test sample aggregate,ML tau prediction much worse than fitting; sigma ML error propagated to ZT error; possible missing structure/additive feature,True
10.1016_j.jallcom.2016.08.095__sample_9831,10.1016/j.jallcom.2016.08.095,https://doi.org/10.1016/j.jallcom.2016.08.095,,9831,Mg1.7Mn0.3Si,unknown,n,39,17,5,13,0.25739961233141895,2.422535162146451,2.165135549815032,0.24243777784506845,11.005895901148648,10.763458123303579,0.13409820163415515,9.46983699329436,9.335738791660205,0.14745358818877402,9.392339258446297,9.244885670257522,0.002628866,0.0025304320332608,0.0281405547837444,0.0024009448007065,unknown,no,no,ML_much_worse,primary DOI test sample aggregate,ML tau prediction much worse than fitting; sigma ML error propagated to ZT error; possible missing structure/additive feature,True
10.1016_j.jallcom.2016.08.095__sample_9832,10.1016/j.jallcom.2016.08.095,https://doi.org/10.1016/j.jallcom.2016.08.095,,9832,Mg1.6Mn0.4Si,unknown,n,41,17,3,11,0.2916555534282247,5.335330191262306,5.043674637834082,0.3030042123211535,234.11692404177052,233.81391982944936,0.7771538850723788,46.01667240794479,45.23951852287241,0.3083260554163939,242.29320004984675,241.98487399443036,3.092784e-05,1.3754415961567524e-05,0.002831926475396,1.3784184539435293e-05,unknown,no,no,ML_much_worse,primary DOI test sample aggregate,ML tau prediction much worse than fitting; sigma ML error propagated to ZT error; possible missing structure/additive feature,True
10.1016_j.jallcom.2016.10.305__sample_2347,10.1016/j.jallcom.2016.10.305,https://doi.org/10.1016/j.jallcom.2016.10.305,,2347,K8Sr16Ga39Ge97,unknown,n,59,16,0,0,0.27693632804135315,1.1510329980716134,0.8740966700302603,0.2317337157735924,0.641675886006765,0.4099421702331726,,,,,,,0.03260188,,,,unknown,no,no,not_evaluated,primary DOI test sample aggregate,sigma ML error propagated to ZT error; possible missing structure/additive feature,True
10.1016_j.jallcom.2016.12.052__sample_41499,10.1016/j.jallcom.2016.12.052,https://doi.org/10.1016/j.jallcom.2016.12.052,,41499,Bi0.5Sb1.5Te3,unknown,p,8,8,8,8,0.04661143612223922,0.728784829484784,0.6821733933625448,0.03810271277728934,1.0717021753601208,1.0335994625828315,0.039058884164969575,1.0677297444875147,1.0286708603225452,0.038102712777271376,1.071702175360076,1.0335994625828047,0.8372554,0.8239003810698712,1.7050374369432442,0.8382863692718996,unknown,no,no,ML_much_worse,primary DOI test sample aggregate,ML tau prediction much worse than fitting; ML false high-ZT prediction; possible missing structure/additive feature,True
10.1016_j.jallcom.2016.12.052__sample_41500,10.1016/j.jallcom.2016.12.052,https://doi.org/10.1016/j.jallcom.2016.12.052,,41500,Bi0.5Sb1.5Te3,unknown,p,8,8,8,8,0.04848698088110927,0.5971484859572957,0.5486615050761865,0.03870396293155364,0.8154537674871487,0.7767498045555951,0.03853488416725408,0.8168365059081688,0.7783016217409148,0.03870396293154668,0.815453767487127,0.7767498045555803,0.8683779,0.8900060603390075,1.6138937092514627,0.8741956941535834,unknown,no,no,ML_much_worse,primary DOI test sample aggregate,ML tau prediction much worse than fitting; ML false high-ZT prediction; possible missing structure/additive feature,True
10.1016_j.jallcom.2016.12.052__sample_41501,10.1016/j.jallcom.2016.12.052,https://doi.org/10.1016/j.jallcom.2016.12.052,,41501,Bi0.5Sb1.5Te3,unknown,p,8,8,8,8,0.052448385199447375,0.5841751676120235,0.5317267824125761,0.04261040761916,0.7917565310645396,0.7491461234453796,0.043552897499702495,0.8018666515325543,0.7583137540328518,0.04261040761915477,0.7917565310645183,0.7491461234453635,0.9829295,0.9479270763451,1.696111437336244,0.9920409069717684,unknown,no,no,ML_much_worse,primary DOI test sample aggregate,ML tau prediction much worse than fitting; ML false high-ZT prediction; possible missing structure/additive feature,True
10.1016_j.jallcom.2017.06.296__sample_2751,10.1016/j.jallcom.2017.06.296,https://doi.org/10.1016/j.jallcom.2017.06.296,,2751,PbTe0.9982I0.0018,unknown,n,10,5,1,1,0.3078264693459752,1.15042434001971,0.8425978706737349,0.37404829861583877,2.5529859486649995,2.1789376500491606,0.027985942815275656,2.11452759410363,2.0865416512883543,0.0414367002690088,1.904195206727332,1.8627585064583232,0.5375,0.5354093109500914,1.6221496847780543,0.558553943281938,unknown,no,no,ML_much_worse,primary DOI test sample aggregate,ML tau prediction much worse than fitting; sigma ML error propagated to ZT error; ML false high-ZT prediction; possible missing structure/additive feature,True
10.1016_j.jallcom.2017.06.296__sample_2754,10.1016/j.jallcom.2017.06.296,https://doi.org/10.1016/j.jallcom.2017.06.296,,2754,PbTe0.9964I0.0036,unknown,n,10,3,0,2,0.30891481320644615,0.33858177151835595,0.029666958311909797,0.37902976561505763,0.2868345978453053,-0.09219516776975234,,,,0.25594418248435635,0.2228194784132612,-0.03312470407109516,,1.2017055608924876,1.0461789116880815,0.9668134631178492,unknown,no,no,not_evaluated,primary DOI test sample aggregate,ML false high-ZT prediction; possible missing structure/additive feature,True
10.1016_j.jallcom.2017.06.296__sample_2757,10.1016/j.jallcom.2017.06.296,https://doi.org/10.1016/j.jallcom.2017.06.296,,2757,PbTe0.992Se0.05I0.003,unknown,n,9,5,1,1,0.32912443779854156,0.3621195560328277,0.032995118234286136,0.3374627222611532,0.3181943922387431,-0.01926833002241013,0.9661606315597766,0.6905613177763287,-0.27559931378344793,0.9492770808645323,0.676044356519988,-0.2732327243445444,0.9028798,1.3226368466984513,1.1372411056365317,0.6785268547413705,unknown,no,no,ML_better_than_fitting,primary DOI test sample aggregate,ML false high-ZT prediction; possible missing structure/additive feature,True
10.1016_j.jallcom.2017.06.296__sample_2760,10.1016/j.jallcom.2017.06.296,https://doi.org/10.1016/j.jallcom.2017.06.296,,2760,PbTe0.977Se0.2I0.003,unknown,n,9,4,0,2,0.33325066647912077,0.5799123320688554,0.24666166558973462,0.2054494118071614,0.2828339903928238,0.07738457858566242,,,,0.23209873085521115,0.23429861235987065,0.0021998815046594955,0.924116,0.7126974850125902,1.145565910788389,0.9017577891976428,unknown,no,no,not_evaluated,primary DOI test sample aggregate,ML false high-ZT prediction; possible missing structure/additive feature,True
10.1016_j.jallcom.2017.07.210__sample_2380,10.1016/j.jallcom.2017.07.210,https://doi.org/10.1016/j.jallcom.2017.07.210,,2380,Ba8Cu4.5Si6Ge35.5,unknown,n,12,0,0,0,0.5437698261060934,1.3706505608578776,0.8268807347517843,,,,,,,,,,,,,,unknown,no,no,not_evaluated,primary DOI test sample aggregate,sigma ML error propagated to ZT error; possible missing structure/additive feature,True
10.1016_j.jallcom.2017.07.210__sample_2384,10.1016/j.jallcom.2017.07.210,https://doi.org/10.1016/j.jallcom.2017.07.210,,2384,Ba8Cu4.5Si6Ge35.5,unknown,n,13,0,0,0,0.1495449596748936,1.0353542770892021,0.8858093174143086,,,,,,,,,,,,,,unknown,no,no,not_evaluated,primary DOI test sample aggregate,sigma ML error propagated to ZT error; possible missing structure/additive feature,True
10.1016_j.jallcom.2017.07.210__sample_2386,10.1016/j.jallcom.2017.07.210,https://doi.org/10.1016/j.jallcom.2017.07.210,,2386,Ba8Cu4.5Si6Ge35.5,unknown,n,13,0,0,0,0.15342199946415594,1.0597223667257498,0.9063003672615939,,,,,,,,,,,,,,unknown,no,no,not_evaluated,primary DOI test sample aggregate,sigma ML error propagated to ZT error; possible missing structure/additive feature,True
10.1016_j.jallcom.2017.08.033__sample_41173,10.1016/j.jallcom.2017.08.033,https://doi.org/10.1016/j.jallcom.2017.08.033,,41173,Eu5In1.98Cd0.02Sb6,unknown,p,11,0,0,0,0.10857752746098717,1.34457860911116,1.2360010816501728,,,,,,,,,,,,,,unknown,no,no,not_evaluated,primary DOI test sample aggregate,sigma ML error propagated to ZT error; possible missing structure/additive feature,True
10.1016_j.jallcom.2017.08.033__sample_41174,10.1016/j.jallcom.2017.08.033,https://doi.org/10.1016/j.jallcom.2017.08.033,,41174,Eu5In1.94Cd0.06Sb6,unknown,p,11,0,0,0,0.10765387200321823,1.1554568568279895,1.0478029848247712,,,,,,,,,,,,,,unknown,no,no,not_evaluated,primary DOI test sample aggregate,sigma ML error propagated to ZT error; possible missing structure/additive feature,True
10.1016_j.jallcom.2017.08.033__sample_41175,10.1016/j.jallcom.2017.08.033,https://doi.org/10.1016/j.jallcom.2017.08.033,,41175,Eu5In1.92Cd0.08Sb6,unknown,p,11,0,0,0,0.10884573682464449,1.0950325237391478,0.9861867869145033,,,,,,,,,,,,,,unknown,no,no,not_evaluated,primary DOI test sample aggregate,sigma ML error propagated to ZT error; possible missing structure/additive feature,True
10.1016_j.jallcom.2018.08.291__sample_41604,10.1016/j.jallcom.2018.08.291,https://doi.org/10.1016/j.jallcom.2018.08.291,,41604,Cu2Se,unknown,p,9,7,3,5,0.2547361280206175,0.2550564055693665,0.00032027754874897063,0.2300183459428425,0.2289116929443951,-0.0011066529984474216,0.2352793187645561,0.23652427369163434,0.00124495492707824,0.26950449366826756,0.2686220212654095,-0.0008824724028580477,0.7563946,1.0771154787803614,1.063439748844804,0.7586138635133031,unknown,no,no,ML_close_to_fitting,primary DOI test sample aggregate,ML false high-ZT prediction; possible missing structure/additive feature,True
10.1016_j.jallcom.2019.152649__sample_35428,10.1016/j.jallcom.2019.152649,https://doi.org/10.1016/j.jallcom.2019.152649,,35428,(CuI)0.006Bi2Te2.7Se0.3,unknown,n,5,5,2,2,0.13022771866585345,1.1239125874427345,0.993684868776881,0.10523177234358042,0.6697616172756327,0.5645298449320523,0.09240355910941368,0.7027844954994438,0.6103809363900301,0.0948664739551442,0.7035910395155236,0.6087245655603793,0.6226989,0.6217699781777059,0.2036143702437292,0.6247470612550831,unknown,no,no,ML_much_worse,primary DOI test sample aggregate,ML tau prediction much worse than fitting; sigma ML error propagated to ZT error; possible missing structure/additive feature,True
10.1016_j.jallcom.2019.152649__sample_35429,10.1016/j.jallcom.2019.152649,https://doi.org/10.1016/j.jallcom.2019.152649,,35429,(CuI)0.009Bi2Te2.7Se0.3,unknown,n,5,5,2,2,0.11142049967799321,1.1565628372603025,1.0451423375823092,0.08641673354131613,0.6817976602115995,0.5953809266702834,0.08433959105445119,0.7104111294905817,0.6260715384361305,0.0845589552730763,0.7102417229541464,0.6256827676810701,0.4476775,0.4461810051348685,0.1411102326336872,0.4458443853917381,unknown,no,no,ML_much_worse,primary DOI test sample aggregate,ML tau prediction much worse than fitting; sigma ML error propagated to ZT error; possible missing structure/additive feature,True
10.1016_j.jallcom.2019.153284__sample_34307,10.1016/j.jallcom.2019.153284,https://doi.org/10.1016/j.jallcom.2019.153284,,34307,Bi0.5Sb1.5Te3,unknown,p,10,10,10,10,0.04407356987917234,0.7128643540501797,0.6687907841710073,0.03982673335517566,1.0390177098926014,0.9991909765374258,0.035060688631808515,1.0391444665341685,1.00408377790236,0.03982673335517836,1.0390177098925881,0.9991909765374097,1.298439,1.3489220943440898,2.7478160365610784,1.2912375586862326,unknown,no,no,ML_much_worse,primary DOI test sample aggregate,ML tau prediction much worse than fitting; possible missing structure/additive feature,True
10.1016_j.jallcom.2019.153284__sample_34308,10.1016/j.jallcom.2019.153284,https://doi.org/10.1016/j.jallcom.2019.153284,,34308,Bi0.5Sb1.5Te3,unknown,p,10,10,10,10,0.05229311085348792,0.5420878798933799,0.489794769039892,0.040280517797302164,0.7175835470322764,0.6773030292349743,0.0410737887663579,0.7161101188995342,0.6750363301331763,0.04028051779730228,0.7175835470322754,0.6773030292349732,1.290238,1.3202672316463615,2.264590374184837,1.2930137771605352,unknown,no,no,ML_much_worse,primary DOI test sample aggregate,ML tau prediction much worse than fitting; possible missing structure/additive feature,True
10.1016_j.jallcom.2019.153284__sample_34310,10.1016/j.jallcom.2019.153284,https://doi.org/10.1016/j.jallcom.2019.153284,,34310,Bi0.5Sb1.5Te3,unknown,p,10,10,10,10,0.044852194505552154,0.49865804018372506,0.4538058456781729,0.035002668461906764,0.6448306041349715,0.6098279356730647,0.03412601121321622,0.6460050284776578,0.6118790172644416,0.035002668461912974,0.6448306041349613,0.6098279356730483,1.269527,1.298949893978629,2.134415790532956,1.2664996214174389,unknown,no,no,ML_much_worse,primary DOI test sample aggregate,ML tau prediction much worse than fitting; possible missing structure/additive feature,True
10.1016_j.jallcom.2019.153284__sample_34311,10.1016/j.jallcom.2019.153284,https://doi.org/10.1016/j.jallcom.2019.153284,,34311,Bi0.5Sb1.5Te3,unknown,p,10,10,10,10,0.04806921912617097,0.6162241507674961,0.5681549316413251,0.041734217778161435,0.8505807673052075,0.808846549527046,0.042372317280987004,0.8471632414626533,0.8047909241816663,0.041734217778159874,0.850580767305202,0.8088465495270422,1.403283,1.4034941292509842,2.5942861150924967,1.399103858260957,unknown,no,no,ML_much_worse,primary DOI test sample aggregate,ML tau prediction much worse than fitting; possible missing structure/additive feature,True
10.1016_j.jallcom.2020.155058__sample_84135,10.1016/j.jallcom.2020.155058,https://doi.org/10.1016/j.jallcom.2020.155058,,84135,TiNiCu0.05Sn,unknown,n,7,0,0,0,0.06413818829195755,1.1313206484472715,1.067182460155314,,,,,,,,,,,,,,unknown,no,no,not_evaluated,primary DOI test sample aggregate,sigma ML error propagated to ZT error; possible missing structure/additive feature,True
10.1016_j.jallcom.2020.155181__sample_31076,10.1016/j.jallcom.2020.155181,https://doi.org/10.1016/j.jallcom.2020.155181,,31076,SnTe,unknown,p,13,4,2,2,0.3307187814216454,1.7054056435613874,1.374686862139742,0.17993346464159765,0.8301168319061104,0.6501833672645128,0.25772916885410624,0.8277086203117164,0.5699794514576102,0.23916805104918043,0.8252585325370375,0.5860904814878571,0.3131038,0.2765756468626303,0.0519069732611333,0.2363405427654808,unknown,no,no,ML_much_worse,primary DOI test sample aggregate,ML tau prediction much worse than fitting; sigma ML error propagated to ZT error; possible missing structure/additive feature,True
10.1016_j.jallcom.2020.155473__sample_31157,10.1016/j.jallcom.2020.155473,https://doi.org/10.1016/j.jallcom.2020.155473,,31157,BiSb(Se0.96Br0.04)3,unknown,n,9,8,6,7,0.10998646486999124,1.4610390647143943,1.351052599844403,0.08764468838975571,3.382227606474398,3.294582918084642,0.08970444620950609,3.2370722319624634,3.1473677857529574,0.08420615566514154,3.4635376397934707,3.379331484128329,0.6910056,0.8501470701518956,3.6493438798282503,0.6627983071792495,unknown,no,no,ML_much_worse,primary DOI test sample aggregate,ML tau prediction much worse than fitting; sigma ML error propagated to ZT error; ML false high-ZT prediction; possible missing structure/additive feature,True
10.1016_j.jallcom.2020.155473__sample_31158,10.1016/j.jallcom.2020.155473,https://doi.org/10.1016/j.jallcom.2020.155473,,31158,BiSb(Se0.94Br0.06)3,unknown,n,9,8,8,8,0.06632240602316007,0.8468807318551193,0.7805583258319592,0.021451417429444557,1.2764511602896642,1.2549997428602198,0.02857804158100827,1.3638848235168968,1.3353067819358886,0.021451417429476788,1.2764511602893998,1.2549997428599229,0.6341503,0.6386098529602277,1.4855991958606172,0.6421543285488913,unknown,no,no,ML_much_worse,primary DOI test sample aggregate,ML tau prediction much worse than fitting; ML false high-ZT prediction; possible missing structure/additive feature,True
10.1016_j.jallcom.2020.155473__sample_31159,10.1016/j.jallcom.2020.155473,https://doi.org/10.1016/j.jallcom.2020.155473,,31159,BiSb(Se0.92Br0.08)3,unknown,n,9,7,3,7,0.05619397717876289,0.6044293107308395,0.5482353335520767,0.0379661376671302,0.8113153958626385,0.7733492581955083,0.062148695151792686,0.7119748545759061,0.6498261594241135,0.03796613766705838,0.8113153958623455,0.7733492581952871,0.4116109,0.4801419803272865,0.8764619643831859,0.4829946074331676,unknown,no,no,ML_much_worse,primary DOI test sample aggregate,ML tau prediction much worse than fitting; possible missing structure/additive feature,True
10.1016_j.jallcom.2020.155473__sample_31164,10.1016/j.jallcom.2020.155473,https://doi.org/10.1016/j.jallcom.2020.155473,,31164,BiSb(Se0.94Br0.06)3,unknown,n,9,9,5,9,0.09274532674548532,0.7576301632187199,0.6648848364732346,0.07416977790610484,1.1305947071983762,1.0564249292922714,0.07818239767350384,1.181057392580017,1.102874994906513,0.07416977790607003,1.1305947071982465,1.0564249292921766,0.8885788,1.0796882541695507,2.290120347855233,0.8653549373869773,unknown,no,no,ML_much_worse,primary DOI test sample aggregate,ML tau prediction much worse than fitting; ML false high-ZT prediction; possible missing structure/additive feature,True
10.1016_j.jallcom.2020.155473__sample_31165,10.1016/j.jallcom.2020.155473,https://doi.org/10.1016/j.jallcom.2020.155473,,31165,BiSb(Se0.94Br0.06)3,unknown,n,9,9,9,9,0.08881532892128546,0.6957742418495407,0.6069589129282553,0.06983542739246447,1.002063519395292,0.9322280920028275,0.06683522710935805,0.9816443535056053,0.9148091263962472,0.06983542739245735,1.0020635193952212,0.9322280920027639,0.9752541,1.1934963952669069,2.379688232386159,0.9639631702785076,unknown,no,no,ML_much_worse,primary DOI test sample aggregate,ML tau prediction much worse than fitting; ML false high-ZT prediction; possible missing structure/additive feature,True
10.1016_j.jallcom.2020.155473__sample_31166,10.1016/j.jallcom.2020.155473,https://doi.org/10.1016/j.jallcom.2020.155473,,31166,BiSb(Se0.94Br0.06)3,unknown,n,9,6,5,5,0.05791980758681093,0.5511265219113829,0.49320671432457197,0.042520379358301025,0.7784424686032695,0.7359220892449685,0.050348296118215764,0.7930868679536633,0.7427385718354476,0.049774748461904536,0.785985275109363,0.7362105266474585,0.7553286,0.8667320964669432,1.4993763032063925,0.7630888328822979,unknown,no,no,ML_much_worse,primary DOI test sample aggregate,ML tau prediction much worse than fitting; ML false high-ZT prediction; possible missing structure/additive feature,True
10.1016_j.jallcom.2020.155473__sample_31168,10.1016/j.jallcom.2020.155473,https://doi.org/10.1016/j.jallcom.2020.155473,,31168,BiSb(Se0.94Br0.06)3,unknown,n,9,9,9,9,0.05601852399032561,0.4499157431988871,0.3938972192085615,0.042407657740045006,0.5652017379856771,0.5227940802456321,0.03958453692861085,0.5704504308709119,0.530865893942301,0.04240765773999686,0.5652017379855672,0.5227940802455703,0.7786176,0.8933749582945378,1.3960765225753502,0.7864769768565117,unknown,no,no,ML_much_worse,primary DOI test sample aggregate,ML tau prediction much worse than fitting; ML false high-ZT prediction; possible missing structure/additive feature,True
10.1016_j.jallcom.2020.156540__sample_38698,10.1016/j.jallcom.2020.156540,https://doi.org/10.1016/j.jallcom.2020.156540,,38698,Cu2Te,unknown,p,6,6,6,6,0.0735122334589924,1.4111993798977653,1.337687146438773,0.06163587167983838,0.755013779799052,0.6933779081192136,0.07158767027615205,0.7480075001763601,0.676419829900208,0.061635871679819924,0.7550137797990866,0.6933779081192667,0.02969182,0.0281817142211398,0.0068853086264239,0.0300357676591337,unknown,no,no,ML_much_worse,primary DOI test sample aggregate,ML tau prediction much worse than fitting; sigma ML error propagated to ZT error; possible missing structure/additive feature,True
10.1016_j.jallcom.2020.156540__sample_38703,10.1016/j.jallcom.2020.156540,https://doi.org/10.1016/j.jallcom.2020.156540,,38703,(Cu2Te)50.00(Ag2Te)50.00,unknown,p,6,6,6,6,0.47986305072368657,0.6210684928983858,0.14120544217469927,0.4393759085310504,0.7321029574594414,0.292727048928391,0.5231028025660923,0.7979564388973007,0.2748536363312084,0.4393759085311156,0.7321029574595023,0.2927270489283867,0.9732131,0.7444071209613322,1.1041919883115598,0.9945315831920288,unknown,no,no,ML_moderately_worse,primary DOI test sample aggregate,ML false high-ZT prediction; possible missing structure/additive feature,True
10.1016_j.jallcom.2020.156872__sample_41848,10.1016/j.jallcom.2020.156872,https://doi.org/10.1016/j.jallcom.2020.156872,,41848,Bi0.4Sb1.6Te3,unknown,p,7,7,1,1,0.11304328171921824,1.5898766339268562,1.476833352207638,0.09530973299484415,3.915351194340918,3.8200414613460736,0.06113030109052837,4.181980952315554,4.120850651225026,0.04160689040920829,4.086639275453757,4.045032385044548,0.2930509,0.1757196761305979,0.8581189451663132,0.1687005700025316,unknown,no,no,ML_much_worse,primary DOI test sample aggregate,ML tau prediction much worse than fitting; sigma ML error propagated to ZT error; possible missing structure/additive feature,True
10.1016_j.jallcom.2020.156872__sample_41850,10.1016/j.jallcom.2020.156872,https://doi.org/10.1016/j.jallcom.2020.156872,,41850,(Bi0.4Sb1.6Te3)96.52(C3N4)3.48,unknown,p,7,7,0,0,0.04420188415626476,1.0053750262104173,0.9611731420541525,0.03697731637135002,0.6333769992544973,0.5963996828831473,,,,,,,1.037913,,,,unknown,no,no,not_evaluated,primary DOI test sample aggregate,sigma ML error propagated to ZT error; ML missed high ZT; possible missing structure/additive feature,True
10.1016_j.jallcom.2020.157788__sample_40193,10.1016/j.jallcom.2020.157788,https://doi.org/10.1016/j.jallcom.2020.157788,,40193,(PbS)(Pb0.067Cl0.134),unknown,n,12,12,12,12,0.555563796835938,6.268857796534242,5.713293999698304,0.5807199765829955,611.7711459267113,611.1904259501283,0.9872988030270659,5.5412770632009964,4.55397826017393,0.5807199765831743,611.7711459268505,611.1904259502674,0.6915557,0.0055291070168927,2.847560036007153,0.0072479393434176,unknown,no,no,ML_much_worse,primary DOI test sample aggregate,ML tau prediction much worse than fitting; sigma ML error propagated to ZT error; ML false high-ZT prediction; possible missing structure/additive feature,True
10.1016_j.jallcom.2020.158376__sample_39627,10.1016/j.jallcom.2020.158376,https://doi.org/10.1016/j.jallcom.2020.158376,,39627,Bi0.3Sb1.7Te3,unknown,p,9,9,4,4,0.14399133391504507,0.41668889455675134,0.27269756064170625,0.13055851744965577,0.3166033104134607,0.1860447929638049,0.17942762814212765,0.2421798600531623,0.06275223191103466,0.16037992302733026,0.25568267922765175,0.0953027562003215,1.070167,1.2653046484434582,0.8558103970688636,1.1428890439822577,unknown,no,no,ML_close_to_fitting,primary DOI test sample aggregate,ML missed high ZT; possible missing structure/additive feature,True
10.1016_j.jallcom.2020.158376__sample_39628,10.1016/j.jallcom.2020.158376,https://doi.org/10.1016/j.jallcom.2020.158376,,39628,(Bi0.3Sb1.7Te3)97.34(TiC)2.66,unknown,p,9,7,2,2,0.1403541919068119,0.35038552297750225,0.21003133107069036,0.12254381331542137,0.27413837083865583,0.15159455752323447,0.21883787705177155,0.11586758563122435,-0.1029702914205472,0.16161404441915242,0.15737716312096564,-0.004236881298186779,1.111879,1.317501917895238,0.9557022911216364,1.187325690038215,unknown,no,no,ML_better_than_fitting,primary DOI test sample aggregate,ML missed high ZT; possible missing structure/additive feature,True
10.1016_j.jallcom.2020.158376__sample_39629,10.1016/j.jallcom.2020.158376,https://doi.org/10.1016/j.jallcom.2020.158376,,39629,(Bi0.3Sb1.7Te3)94.81(TiC)5.19,unknown,p,9,8,1,1,0.13462549628769246,0.3148384900223733,0.18021299373468083,0.1361291831236399,0.23927519722147728,0.10314601409783739,0.09509357555668901,0.3192277148522435,0.22413413929555448,0.10316491708853426,0.3252998848252024,0.22213496773666813,1.113663,1.007760803364811,0.758150905394506,1.1236857506658176,unknown,no,no,ML_moderately_worse,primary DOI test sample aggregate,ML missed high ZT; possible missing structure/additive feature,True
10.1016_j.jallcom.2020.158384__sample_40370,10.1016/j.jallcom.2020.158384,https://doi.org/10.1016/j.jallcom.2020.158384,,40370,MgAg0.97Sb0.995,unknown,p,12,12,12,12,0.4437302533581653,0.6212891341213114,0.17755888076314608,0.403475805933317,0.3453559086502744,-0.05811989728304262,0.401851182525945,0.34429058706239113,-0.057560595463553854,0.403475805933319,0.3453559086502586,-0.058119897283060384,1.059301,1.243801816901866,0.8051812876124028,1.0627178361308474,unknown,no,no,ML_close_to_fitting,primary DOI test sample aggregate,ML missed high ZT; possible missing structure/additive feature,True
10.1016_j.jallcom.2020.158384__sample_40371,10.1016/j.jallcom.2020.158384,https://doi.org/10.1016/j.jallcom.2020.158384,,40371,MgAg0.97Sb0.995,unknown,p,12,12,12,12,0.43522307606779725,0.6670365584061179,0.2318134823383206,0.3923801020916529,0.3580894828622978,-0.03429061922935511,0.3928481886834381,0.3576458195681644,-0.035202369115273746,0.3923801020916482,0.35808948286227843,-0.03429061922936977,1.166552,1.3310309582338566,0.8028922792396569,1.165719618128546,unknown,no,no,ML_close_to_fitting,primary DOI test sample aggregate,ML missed high ZT; possible missing structure/additive feature,True
10.1016_j.jallcom.2020.158552__sample_39611,10.1016/j.jallcom.2020.158552,https://doi.org/10.1016/j.jallcom.2020.158552,,39611,(Sr0.9La0.1TiO3)55.95(TiO2)44.05,unknown,n,16,0,0,0,0.7004293053769249,1.1276150232286588,0.42718571785173387,,,,,,,,,,,,,,unknown,no,no,not_evaluated,primary DOI test sample aggregate,sigma ML error propagated to ZT error; possible missing structure/additive feature,True
10.1016_j.jallcom.2020.158552__sample_39612,10.1016/j.jallcom.2020.158552,https://doi.org/10.1016/j.jallcom.2020.158552,,39612,(Sr0.9La0.1TiO3)44.02(TiO2)55.98,unknown,n,17,0,0,0,0.8438916054343369,1.2036050401694423,0.3597134347351053,,,,,,,,,,,,,,unknown,no,no,not_evaluated,primary DOI test sample aggregate,sigma ML error propagated to ZT error; possible missing structure/additive feature,True
10.1016_j.jallcom.2021.159548__sample_45466,10.1016/j.jallcom.2021.159548,https://doi.org/10.1016/j.jallcom.2021.159548,,45466,Cu2ScTi3S8,unknown,n,10,0,0,0,0.13706168800228355,1.0393819415946202,0.9023202535923366,,,,,,,,,,,,,,unknown,no,no,not_evaluated,primary DOI test sample aggregate,sigma ML error propagated to ZT error; possible missing structure/additive feature,True
10.1016_j.jallcom.2021.159548__sample_45470,10.1016/j.jallcom.2021.159548,https://doi.org/10.1016/j.jallcom.2021.159548,,45470,Cu2CoTi3S8,unknown,n,10,0,0,0,0.1419051832992797,1.1030346744619255,0.9611294911626458,,,,,,,,,,,,,,unknown,no,no,not_evaluated,primary DOI test sample aggregate,sigma ML error propagated to ZT error; possible missing structure/additive feature,True
10.1016_j.jallcom.2021.159634__sample_45329,10.1016/j.jallcom.2021.159634,https://doi.org/10.1016/j.jallcom.2021.159634,,45329,Nb0.8Ti0.2Fe1.02Sb,unknown,p,7,7,6,6,0.17897461077116297,1.011515173928496,0.832540563157333,0.15557092245715926,0.6242980654082109,0.4687271429510516,0.16303770834825837,0.6125349802196001,0.4494972718713417,0.1735936905528248,0.6203461149456833,0.44675242439285845,0.4671013,0.5749162151694021,0.212441928994528,0.4769278046686512,unknown,no,no,ML_moderately_worse,primary DOI test sample aggregate,sigma ML error propagated to ZT error; possible missing structure/additive feature,True
10.1016_j.jallcom.2021.159634__sample_45331,10.1016/j.jallcom.2021.159634,https://doi.org/10.1016/j.jallcom.2021.159634,,45331,Nb0.8Ti0.2Fe1.02Sb,unknown,p,7,5,3,3,0.18275333889649287,1.135970470538069,0.9532171316415763,0.13242789168168767,0.6959532234224298,0.5635253317407422,0.13159999631525277,0.678415200014067,0.5468152036988142,0.13896294164221182,0.6838779570787145,0.5449150154365027,0.3769301,0.4438547159471473,0.1446509709074336,0.3814977973952412,unknown,no,no,ML_much_worse,primary DOI test sample aggregate,ML tau prediction much worse than fitting; sigma ML error propagated to ZT error; possible missing structure/additive feature,True
10.1016_j.jallcom.2021.160387__sample_46146,10.1016/j.jallcom.2021.160387,https://doi.org/10.1016/j.jallcom.2021.160387,,46146,Cu3VSe4,unknown,p,6,6,1,2,0.3295711914213749,9.394896277638681,9.065325086217307,0.32002131825968877,12639.251506047345,12638.931484729086,0.6785402777352261,20070.142860737247,20069.464320459512,0.23157646358453846,14725.573721471157,14725.342145007573,0.0001221188,2.1469956911469616e-06,0.0256726977660261,1.94001894013476e-06,unknown,no,no,ML_much_worse,primary DOI test sample aggregate,ML tau prediction much worse than fitting; sigma ML error propagated to ZT error; possible missing structure/additive feature,True
10.1016_j.jallcom.2021.161342__sample_46458,10.1016/j.jallcom.2021.161342,https://doi.org/10.1016/j.jallcom.2021.161342,,46458,Te,unknown,p,12,0,0,0,0.15911075801147684,1.478315588022263,1.3192048300107861,,,,,,,,,,,,,,unknown,no,no,not_evaluated,primary DOI test sample aggregate,sigma ML error propagated to ZT error; possible missing structure/additive feature,True
10.1016_j.jallcom.2021.161838__sample_44435,10.1016/j.jallcom.2021.161838,https://doi.org/10.1016/j.jallcom.2021.161838,,44435,FeV0.49Nb0.15Hf0.16Ti0.2Sb,unknown,p,23,6,2,3,0.17777241348267625,0.4760113959129214,0.29823898243024516,0.20012151879234152,0.6966732997457066,0.49655178095336505,0.2920727700806321,1.0093623799606708,0.7172896098800388,0.2129707842968267,0.8550443255804835,0.6420735412836568,0.1822351,0.2694970055407634,0.4191073111244877,0.2778872160913345,unknown,no,no,ML_much_worse,primary DOI test sample aggregate,ML tau prediction much worse than fitting; possible missing structure/additive feature,True
10.1016_j.jcis.2014.11.052__sample_32518,10.1016/j.jcis.2014.11.052,https://doi.org/10.1016/j.jcis.2014.11.052,,32518,Cu1.5Se,unknown,p,8,4,0,0,0.1941455314099637,2.4413766413141533,2.2472311099041895,0.11934826920113481,0.9227522836622548,0.80340401446112,,,,,,,0.01653543,,,,unknown,no,no,not_evaluated,primary DOI test sample aggregate,sigma ML error propagated to ZT error; possible missing structure/additive feature,True
10.1016_j.jcis.2014.11.052__sample_32519,10.1016/j.jcis.2014.11.052,https://doi.org/10.1016/j.jcis.2014.11.052,,32519,Cu2Se,unknown,p,8,3,1,1,0.18762517148076535,1.7193621597269022,1.531736988246137,0.24441478539730158,0.8239064878527542,0.5794917024554527,0.20700249544878824,0.8564439055257655,0.6494414100769773,0.12458401238861035,0.8415237128735755,0.7169397004849651,0.2259843,0.0518258206016164,0.0093820123717803,0.0592013640772376,unknown,no,no,ML_much_worse,primary DOI test sample aggregate,ML tau prediction much worse than fitting; sigma ML error propagated to ZT error; possible missing structure/additive feature,True
10.1016_j.jcrysgro.2016.02.025__sample_21456,10.1016/j.jcrysgro.2016.02.025,https://doi.org/10.1016/j.jcrysgro.2016.02.025,,21456,Si0.73Ge0.27,unknown,n,27,0,0,0,0.2473651779390869,2.514235138896757,2.26686996095767,,,,,,,,,,,,,,unknown,no,no,not_evaluated,primary DOI test sample aggregate,sigma ML error propagated to ZT error; possible missing structure/additive feature,True
10.1016_j.jiec.2017.11.033__sample_42881,10.1016/j.jiec.2017.11.033,https://doi.org/10.1016/j.jiec.2017.11.033,,42881,WSe2,unknown,p,9,4,0,0,0.35357654403418864,4.815208900438221,4.461632356404032,0.23608668643873365,95.45963737482958,95.22355068839084,,,,,,,,,,,unknown,no,no,not_evaluated,primary DOI test sample aggregate,sigma ML error propagated to ZT error; possible missing structure/additive feature,True
10.1016_j.jiec.2017.11.033__sample_42882,10.1016/j.jiec.2017.11.033,https://doi.org/10.1016/j.jiec.2017.11.033,,42882,WSe2,unknown,p,9,5,0,3,0.33254956501552535,4.88652439099975,4.553974825984224,0.4073201267862639,161.47201574817686,161.0646956213906,,,,0.41190685152958045,171.47009745994637,171.0581906084168,,0.2261846171136574,29.630131572037207,0.2639285917673243,unknown,no,no,not_evaluated,primary DOI test sample aggregate,sigma ML error propagated to ZT error; ML false high-ZT prediction; possible missing structure/additive feature,True
10.1016_j.jmat.2015.03.008__sample_14336,10.1016/j.jmat.2015.03.008,https://doi.org/10.1016/j.jmat.2015.03.008,,14336,Yb0.30Co4Sb12,unknown,n,12,0,0,0,0.12213569541720598,1.1394360772737873,1.0173003818565813,,,,,,,,,,,,,,unknown,no,no,not_evaluated,primary DOI test sample aggregate,sigma ML error propagated to ZT error; possible missing structure/additive feature,True
10.1016_j.jmat.2015.03.008__sample_14337,10.1016/j.jmat.2015.03.008,https://doi.org/10.1016/j.jmat.2015.03.008,,14337,Yb0.33Co4Sb12,unknown,n,12,0,0,0,0.11391019894731666,1.1986730410090358,1.0847628420617192,,,,,,,,,,,,,,unknown,no,no,not_evaluated,primary DOI test sample aggregate,sigma ML error propagated to ZT error; possible missing structure/additive feature,True
10.1016_j.jmat.2015.03.008__sample_14338,10.1016/j.jmat.2015.03.008,https://doi.org/10.1016/j.jmat.2015.03.008,,14338,Yb0.36Co4Sb12,unknown,n,12,0,0,0,0.10654143573666297,1.250607515630097,1.1440660798934341,,,,,,,,,,,,,,unknown,no,no,not_evaluated,primary DOI test sample aggregate,sigma ML error propagated to ZT error; possible missing structure/additive feature,True
10.1016_j.jmat.2015.03.008__sample_14339,10.1016/j.jmat.2015.03.008,https://doi.org/10.1016/j.jmat.2015.03.008,,14339,Yb0.40Co4Sb12,unknown,n,12,0,0,0,0.10700009612172723,1.2513927050602724,1.1443926089385452,,,,,,,,,,,,,,unknown,no,no,not_evaluated,primary DOI test sample aggregate,sigma ML error propagated to ZT error; possible missing structure/additive feature,True
10.1016_j.jmat.2016.09.001__sample_31732,10.1016/j.jmat.2016.09.001,https://doi.org/10.1016/j.jmat.2016.09.001,,31732,Ge0.97Ag0.03Se,unknown,p,17,0,0,0,0.9036408085380156,4.811836215253428,3.9081954067154125,,,,,,,,,,,,,,unknown,no,no,not_evaluated,primary DOI test sample aggregate,sigma ML error propagated to ZT error; possible missing structure/additive feature,True
10.1016_j.jmat.2016.09.001__sample_31733,10.1016/j.jmat.2016.09.001,https://doi.org/10.1016/j.jmat.2016.09.001,,31733,Ge0.985Ag0.015Te,unknown,p,16,0,0,0,0.5223540405352629,4.467752138082572,3.945398097547309,,,,,,,,,,,,,,unknown,no,no,not_evaluated,primary DOI test sample aggregate,sigma ML error propagated to ZT error; possible missing structure/additive feature,True
10.1016_j.jmat.2016.09.001__sample_31734,10.1016/j.jmat.2016.09.001,https://doi.org/10.1016/j.jmat.2016.09.001,,31734,Ge0.99Ag0.01Se,unknown,p,15,0,0,0,0.6851034655208663,4.490703690545838,3.805600225024972,,,,,,,,,,,,,,unknown,no,no,not_evaluated,primary DOI test sample aggregate,sigma ML error propagated to ZT error; possible missing structure/additive feature,True
10.1016_j.jmat.2016.09.001__sample_31735,10.1016/j.jmat.2016.09.001,https://doi.org/10.1016/j.jmat.2016.09.001,,31735,Ge0.995Ag0.005Se,unknown,p,14,0,0,0,0.5732702207287992,4.502467696591322,3.9291974758625225,,,,,,,,,,,,,,unknown,no,no,not_evaluated,primary DOI test sample aggregate,sigma ML error propagated to ZT error; possible missing structure/additive feature,True
10.1016_j.jmat.2016.09.001__sample_31736,10.1016/j.jmat.2016.09.001,https://doi.org/10.1016/j.jmat.2016.09.001,,31736,Ge0.998Ag0.002Se,unknown,p,10,0,0,0,0.4972434836334912,4.487009655355992,3.989766171722501,,,,,,,,,,,,,,unknown,no,no,not_evaluated,primary DOI test sample aggregate,sigma ML error propagated to ZT error; possible missing structure/additive feature,True
10.1016_j.jmat.2016.09.001__sample_31738,10.1016/j.jmat.2016.09.001,https://doi.org/10.1016/j.jmat.2016.09.001,,31738,Ge0.79Ag0.01Sn0.2Se,unknown,p,13,0,0,0,0.33861742673898815,4.343786047508713,4.005168620769725,,,,,,,,,,,,,,unknown,no,no,not_evaluated,primary DOI test sample aggregate,sigma ML error propagated to ZT error; possible missing structure/additive feature,True
10.1016_j.jmat.2017.07.003__sample_15411,10.1016/j.jmat.2017.07.003,https://doi.org/10.1016/j.jmat.2017.07.003,,15411,In0.15Ce0.15Co4Sb12,unknown,n,21,6,3,6,0.09930459906343053,0.26435714215493145,0.16505254309150091,0.05580234421113702,0.20340666474074875,0.14760432052961173,0.08340133012567179,0.15201391188098945,0.06861258175531766,0.05580234421114286,0.20340666474074232,0.14760432052959946,1.291095,0.7676096147584918,0.6008136194055519,0.7742537133307605,unknown,no,no,ML_close_to_fitting,primary DOI test sample aggregate,ML missed high ZT; possible missing structure/additive feature,True
10.1016_j.jmat.2017.07.003__sample_15412,10.1016/j.jmat.2017.07.003,https://doi.org/10.1016/j.jmat.2017.07.003,,15412,In0.15Ce0.15Co4Sb12,unknown,n,21,9,9,9,0.0947702829012437,0.5649430466373032,0.47017276373605954,0.0499992161662654,0.44179514401325715,0.39179592784699174,0.05105240831510782,0.44194287412134914,0.3908904658062413,0.04999921616626673,0.4417951440132521,0.39179592784698536,1.27482,0.7994359725895281,0.4580457500091307,0.8474648139504002,unknown,no,no,ML_moderately_worse,primary DOI test sample aggregate,ML missed high ZT; possible missing structure/additive feature,True
10.1016_j.jmat.2017.07.003__sample_15415,10.1016/j.jmat.2017.07.003,https://doi.org/10.1016/j.jmat.2017.07.003,,15415,In0.20Ce0.15Co4Sb12.3,unknown,n,21,8,7,8,0.09586997100209026,0.4496287905598635,0.3537588195577732,0.040487539051957455,0.3624478301690469,0.32196029111708946,0.04643570510655285,0.37390359042867194,0.32746788532211907,0.04048753905195583,0.3624478301690375,0.32196029111708163,1.272515,0.9408701173443192,0.6063854909973463,0.929298957839815,unknown,no,no,ML_moderately_worse,primary DOI test sample aggregate,ML missed high ZT; possible missing structure/additive feature,True
10.1016_j.jmat.2017.07.003__sample_15416,10.1016/j.jmat.2017.07.003,https://doi.org/10.1016/j.jmat.2017.07.003,,15416,In0.20Ce0.20Co4Sb12.3,unknown,n,22,8,7,8,0.0967070905910058,0.5192271900226557,0.4225200994316499,0.05625040519879703,0.414215302020431,0.35796489682163396,0.08383701331065667,0.4435738641253891,0.3597368508147324,0.056250405198792174,0.4142153020204308,0.3579648968216386,1.330923,0.7569487514562854,0.4544799477980803,0.8730075967973061,unknown,no,no,ML_moderately_worse,primary DOI test sample aggregate,ML missed high ZT; possible missing structure/additive feature,True
10.1016_j.jmat.2019.01.008__sample_41035,10.1016/j.jmat.2019.01.008,https://doi.org/10.1016/j.jmat.2019.01.008,,41035,AgCuTe,unknown,p,6,5,5,5,0.12457228532033855,1.2562995351210118,1.1317272498006732,0.12771386692210268,0.7058974324652628,0.5781835655431602,0.12408906201565606,0.7111746420036859,0.5870855799880298,0.12771386692207454,0.7058974324651999,0.5781835655431253,1.340882,1.58159151644849,0.4530845739604844,1.3670402813049816,unknown,no,no,ML_much_worse,primary DOI test sample aggregate,ML tau prediction much worse than fitting; sigma ML error propagated to ZT error; ML missed high ZT; possible missing structure/additive feature,True
10.1016_j.jmat.2019.01.008__sample_41036,10.1016/j.jmat.2019.01.008,https://doi.org/10.1016/j.jmat.2019.01.008,,41036,Ag1.8Cu0.2Te,unknown,p,6,6,4,6,0.11183225925814562,0.7857496111933909,0.6739173519352453,0.09302992827107587,1.1903042228236453,1.0972742945525695,0.08105415243521799,1.178235256191304,1.0971811037560861,0.0930299282710673,1.1903042228236884,1.097274294552621,0.3696449,0.389128093219604,0.8469648368441013,0.4458383326354524,unknown,no,no,ML_much_worse,primary DOI test sample aggregate,ML tau prediction much worse than fitting; possible missing structure/additive feature,True
10.1016_j.jmat.2019.01.008__sample_41037,10.1016/j.jmat.2019.01.008,https://doi.org/10.1016/j.jmat.2019.01.008,,41037,Ag1.6Cu0.4Te,unknown,p,6,6,5,6,0.058271759275307755,0.9894260067866792,0.9311542475113714,0.05023849692754378,1.6896470230776808,1.639408526150137,0.05894436154369949,1.6827824588842026,1.623838097340503,0.050238496927534994,1.6896470230772838,1.6394085261497489,0.4878961,0.5004729109486987,1.3438071836033068,0.4996079676184377,unknown,no,no,ML_much_worse,primary DOI test sample aggregate,ML tau prediction much worse than fitting; ML false high-ZT prediction; possible missing structure/additive feature,True
10.1016_j.jmat.2019.12.007__sample_34137,10.1016/j.jmat.2019.12.007,https://doi.org/10.1016/j.jmat.2019.12.007,,34137,Mg3Sb2,unknown,p,15,0,0,0,0.44773985647510955,3.900233151558432,3.4524932950833227,,,,,,,,,,,,,,unknown,no,no,not_evaluated,primary DOI test sample aggregate,sigma ML error propagated to ZT error; possible missing structure/additive feature,True
10.1016_j.jmat.2019.12.007__sample_34138,10.1016/j.jmat.2019.12.007,https://doi.org/10.1016/j.jmat.2019.12.007,,34138,Mg3.19Y0.01Sb2,unknown,n,15,0,0,0,0.06316461809348109,1.0156894421411142,0.9525248240476332,,,,,,,,,,,,,,unknown,no,no,not_evaluated,primary DOI test sample aggregate,sigma ML error propagated to ZT error; possible missing structure/additive feature,True
10.1016_j.jmat.2020.11.001__sample_39613,10.1016/j.jmat.2020.11.001,https://doi.org/10.1016/j.jmat.2020.11.001,,39613,Cu1.8S,unknown,p,10,7,6,7,0.24816702645076907,2.2239436755196555,1.9757766490688864,0.1902756971506816,0.8940563997585481,0.7037807026078665,0.21114425174764392,0.8930285569879438,0.6818843052402999,0.19027569715069295,0.8940563997585576,0.7037807026078646,0.3917647,0.3921314056558836,0.043014747462651,0.2819462058288253,unknown,no,no,ML_much_worse,primary DOI test sample aggregate,ML tau prediction much worse than fitting; sigma ML error propagated to ZT error; possible missing structure/additive feature,True
10.1016_j.jmat.2020.11.001__sample_39614,10.1016/j.jmat.2020.11.001,https://doi.org/10.1016/j.jmat.2020.11.001,,39614,Mn0.01Cu1.8S,unknown,p,10,6,3,4,0.27506288364885484,2.12344613927374,1.8483832556248851,0.25242631736747645,0.870391432479155,0.6179651151116785,0.4416718731521079,0.8315161135795499,0.38984424042744203,0.3008197959268695,0.8569994275782389,0.5561796316513694,0.4047059,0.762182746634386,0.0928170974985508,0.4179936166373405,unknown,no,no,ML_moderately_worse,primary DOI test sample aggregate,sigma ML error propagated to ZT error; possible missing structure/additive feature,True
10.1016_j.jmat.2020.11.001__sample_39615,10.1016/j.jmat.2020.11.001,https://doi.org/10.1016/j.jmat.2020.11.001,,39615,Mn0.02Cu1.8S,unknown,p,10,8,5,5,0.2660613595935655,1.9943581546063849,1.7282967950128194,0.2488530641486075,0.8558377745308312,0.6069847103822237,0.14290846725399628,0.8812508287487393,0.738342361494743,0.15354296430309022,0.8827242276367293,0.7291812633336391,0.4011765,0.1790299092551797,0.0248044141623102,0.2021101664084199,unknown,no,no,ML_much_worse,primary DOI test sample aggregate,ML tau prediction much worse than fitting; sigma ML error propagated to ZT error; possible missing structure/additive feature,True
10.1016_j.jmat.2020.11.001__sample_39616,10.1016/j.jmat.2020.11.001,https://doi.org/10.1016/j.jmat.2020.11.001,,39616,Mn0.03Cu1.8S,unknown,p,10,5,2,2,0.24894408759663625,1.8773421405423478,1.6283980529457116,0.23536764640028598,0.836158812535443,0.600791166135157,0.19291053092190563,0.8744541351163617,0.681543604194456,0.15066928547621344,0.8678833472465868,0.7172140617703733,0.4729412,0.0878760604244832,0.0136694585064535,0.1121947261597274,unknown,no,no,ML_much_worse,primary DOI test sample aggregate,ML tau prediction much worse than fitting; sigma ML error propagated to ZT error; possible missing structure/additive feature,True
10.1016_j.jmat.2020.11.001__sample_39617,10.1016/j.jmat.2020.11.001,https://doi.org/10.1016/j.jmat.2020.11.001,,39617,Mn0.04Cu1.8S,unknown,p,10,10,8,9,0.28951592038696466,1.5853837007061025,1.2958677803191379,0.25861439683800747,0.7794090280115014,0.5207946311734939,0.27266501204588234,0.7621249859475883,0.4894599739017059,0.2683784090370368,0.7742856099191562,0.5059072008821194,0.5897232,0.7405667608206666,0.1558184120937956,0.6056273213777738,unknown,no,no,ML_moderately_worse,primary DOI test sample aggregate,sigma ML error propagated to ZT error; possible missing structure/additive feature,True
10.1016_j.jmst.2020.09.005__sample_38654,10.1016/j.jmst.2020.09.005,https://doi.org/10.1016/j.jmst.2020.09.005,,38654,BiSbSe3,unknown,n,11,7,7,7,0.49812648534889326,4.5584259946095935,4.0602995092607,0.1707994974883947,88.59544733598966,88.42464783850127,0.3472200134757416,99.5882639794464,99.24104396597065,0.170799497488395,88.59544733599047,88.42464783850208,0.1634825,0.0911233821767954,8.46201040724055,0.1232586100944771,unknown,no,no,ML_much_worse,primary DOI test sample aggregate,ML tau prediction much worse than fitting; sigma ML error propagated to ZT error; ML false high-ZT prediction; possible missing structure/additive feature,True
10.1016_j.jmst.2020.09.005__sample_38655,10.1016/j.jmst.2020.09.005,https://doi.org/10.1016/j.jmst.2020.09.005,,38655,BiSb(Se0.995Cl0.005)3,unknown,n,11,11,11,11,0.24409375818883688,1.8425495107389702,1.5984557525501333,0.21207832818429628,5.40263896135707,5.190560633172773,0.1986842978638264,5.411932791158727,5.213248493294901,0.21207832818426098,5.4026389613565025,5.190560633172241,0.6354499,0.9387559628960748,5.830541780300822,0.6238183517001432,unknown,no,no,ML_much_worse,primary DOI test sample aggregate,ML tau prediction much worse than fitting; sigma ML error propagated to ZT error; ML false high-ZT prediction; possible missing structure/additive feature,True
10.1016_j.jmst.2020.09.005__sample_38656,10.1016/j.jmst.2020.09.005,https://doi.org/10.1016/j.jmst.2020.09.005,,38656,BiSb(Se0.990Cl0.010)3,unknown,n,11,11,9,10,0.23898535401679225,1.5147123504200004,1.275726996403208,0.21028884253942232,3.596252771408501,3.3859639288690784,0.18071230482501105,3.7857405665477595,3.6050282617227483,0.20520559874915184,3.7261430972019367,3.520937498452785,0.6417621,0.9515831704598212,4.246572842177556,0.627208673248219,unknown,no,no,ML_much_worse,primary DOI test sample aggregate,ML tau prediction much worse than fitting; sigma ML error propagated to ZT error; ML false high-ZT prediction; possible missing structure/additive feature,True
10.1016_j.jmst.2020.09.005__sample_38657,10.1016/j.jmst.2020.09.005,https://doi.org/10.1016/j.jmst.2020.09.005,,38657,BiSb(Se0.985Cl0.015)3,unknown,n,11,4,4,4,0.2228015182519807,0.8265967213801234,0.6037952031281427,0.2534286396475825,1.5255007997928294,1.272072160145247,0.2595699939226511,1.5111537424862946,1.2515837485636436,0.25342863964754697,1.5255007997926646,1.2720721601451177,0.9731214,1.529496035558706,3.390379373817375,0.9734700892901784,unknown,no,no,ML_much_worse,primary DOI test sample aggregate,ML tau prediction much worse than fitting; ML false high-ZT prediction; possible missing structure/additive feature,True
10.1016_j.jmst.2020.09.005__sample_38658,10.1016/j.jmst.2020.09.005,https://doi.org/10.1016/j.jmst.2020.09.005,,38658,BiSb(Se0.980Cl0.020)3,unknown,n,11,11,11,11,0.17791739760365727,1.0113888384857583,0.8334714408821011,0.15392707650615475,1.751972159818355,1.5980450833122004,0.154282410143887,1.7341382625075694,1.5798558523636825,0.15392707650618076,1.7519721598181164,1.5980450833119355,0.8252495,1.1675080456766538,3.159735705949275,0.8161539602891531,unknown,no,no,ML_much_worse,primary DOI test sample aggregate,ML tau prediction much worse than fitting; sigma ML error propagated to ZT error; ML false high-ZT prediction; possible missing structure/additive feature,True
10.1016_j.joule.2020.07.021__sample_37072,10.1016/j.joule.2020.07.021,https://doi.org/10.1016/j.joule.2020.07.021,,37072,GeTe,unknown,p,12,7,4,4,0.4082560051803854,1.0176400213268848,0.6093840161464994,0.5188342857944415,0.49007944732221703,-0.02875483847222443,0.516238270566352,0.40305207617415173,-0.11318619439220023,0.5155525043563826,0.4033220645547499,-0.11223043980163266,0.8367253,1.500502043870951,0.590752520348027,0.8461620126116819,unknown,no,no,ML_better_than_fitting,primary DOI test sample aggregate,sigma ML error propagated to ZT error; possible missing structure/additive feature,True
10.1016_j.joule.2020.07.021__sample_37074,10.1016/j.joule.2020.07.021,https://doi.org/10.1016/j.joule.2020.07.021,,37074,Ge0.95Sn0.05Te,unknown,p,12,6,2,2,0.15101479441085655,0.7834279417917741,0.6324131473809176,0.1488849680922021,0.5005032255581479,0.35161825746594577,0.27314279407084746,0.5463253682103939,0.27318257413954644,0.19181754610511859,0.5298136676757285,0.3379961215706099,1.415617,1.771978035994355,0.8214873135604225,1.4692694730451057,unknown,no,no,ML_moderately_worse,primary DOI test sample aggregate,ML missed high ZT; possible missing structure/additive feature,True
10.1016_j.joule.2020.07.021__sample_37075,10.1016/j.joule.2020.07.021,https://doi.org/10.1016/j.joule.2020.07.021,,37075,Ge0.92Sn0.08Te,unknown,p,12,9,6,9,0.17043282626999376,0.6649762399093224,0.49454341363932863,0.1673103486312646,0.45249586502417916,0.28518551639291456,0.20334870783992723,0.4796396454489293,0.27629093760900203,0.1673103486312589,0.4524958650241775,0.28518551639291856,1.264826,1.6034915918004031,0.8431748858364913,1.2900846199464937,unknown,no,no,ML_moderately_worse,primary DOI test sample aggregate,ML missed high ZT; possible missing structure/additive feature,True
10.1016_j.jpcs.2014.01.002__sample_28483,10.1016/j.jpcs.2014.01.002,https://doi.org/10.1016/j.jpcs.2014.01.002,,28483,(Sr0.95Gd0.05)3Ti2O7,unknown,n,31,0,0,0,0.18840951352485313,1.0501863897919543,0.8617768762671012,,,,,,,,,,,,,,unknown,no,no,not_evaluated,primary DOI test sample aggregate,sigma ML error propagated to ZT error; possible missing structure/additive feature,True
10.1016_j.jpcs.2014.01.002__sample_28484,10.1016/j.jpcs.2014.01.002,https://doi.org/10.1016/j.jpcs.2014.01.002,,28484,(Sr0.95Nd0.05)3Ti2O7,unknown,n,29,0,0,0,0.2805415828511023,1.9703960474366438,1.6898544645855416,,,,,,,,,,,,,,unknown,no,no,not_evaluated,primary DOI test sample aggregate,sigma ML error propagated to ZT error; possible missing structure/additive feature,True
10.1016_j.jpcs.2014.04.008__sample_8821,10.1016/j.jpcs.2014.04.008,https://doi.org/10.1016/j.jpcs.2014.04.008,,8821,Mg2Si,unknown,n,12,7,1,2,0.1519256394053432,2.9731655251658458,2.8212398857605026,0.13141576555875695,19.212020553439167,19.08060478788041,0.2816695679950726,12.991580607503723,12.70991103950865,0.15901275953389182,21.57515445208459,21.4161416925507,0.04179104,0.0187623598857095,0.3654516905196328,0.0177139601487709,unknown,no,no,ML_much_worse,primary DOI test sample aggregate,ML tau prediction much worse than fitting; sigma ML error propagated to ZT error; possible missing structure/additive feature,True
10.1016_j.jpcs.2014.04.008__sample_8822,10.1016/j.jpcs.2014.04.008,https://doi.org/10.1016/j.jpcs.2014.04.008,,8822,Mg2Si0.99Bi0.01,unknown,n,8,6,1,3,0.1771264377803292,1.6888444157368672,1.511717977956538,0.17495662922663324,4.522073157845083,4.347116528618449,0.9146885377329057,0.5424715725502904,-0.37221696518261527,0.23264940637377882,4.379748626703219,4.147099220329441,0.4779851,0.0841031829338099,0.4510483821124628,0.0621307374115693,unknown,no,no,ML_better_than_fitting,primary DOI test sample aggregate,sigma ML error propagated to ZT error; possible missing structure/additive feature,True
10.1016_j.jpcs.2014.04.008__sample_8823,10.1016/j.jpcs.2014.04.008,https://doi.org/10.1016/j.jpcs.2014.04.008,,8823,Mg2Si0.985Bi0.015,unknown,n,10,2,0,2,0.15982696877452995,1.6590117358634127,1.4991847670888827,0.0982240828990521,3.9603026451792234,3.862078562280171,,,,0.098224082899119,3.9603026451788352,3.862078562279716,0.3787313,0.0269151320871606,0.1403281615374272,0.0315472566159711,unknown,no,no,not_evaluated,primary DOI test sample aggregate,sigma ML error propagated to ZT error; possible missing structure/additive feature,True
10.1016_j.jpcs.2014.04.008__sample_8824,10.1016/j.jpcs.2014.04.008,https://doi.org/10.1016/j.jpcs.2014.04.008,,8824,Mg2Si0.98Bi0.02,unknown,n,12,0,0,0,0.15044659159560977,1.5948267240992275,1.4443801325036179,,,,,,,,,,0.3996269,,,,unknown,no,no,not_evaluated,primary DOI test sample aggregate,sigma ML error propagated to ZT error; possible missing structure/additive feature,True
10.1016_j.jpcs.2014.04.008__sample_8826,10.1016/j.jpcs.2014.04.008,https://doi.org/10.1016/j.jpcs.2014.04.008,,8826,Mg2Si0.97Bi0.03,unknown,n,12,2,0,1,0.15148446098587715,1.6071046670696392,1.455620206083762,0.10058767626859119,3.454592696932526,3.3540050206639345,,,,0.07462307142105797,3.583189710871076,3.5085666394500183,0.4048507,0.0092454380485077,0.0457906343110235,0.0099909969256587,unknown,no,no,not_evaluated,primary DOI test sample aggregate,sigma ML error propagated to ZT error; possible missing structure/additive feature,True
10.1016_j.jpcs.2014.04.008__sample_8827,10.1016/j.jpcs.2014.04.008,https://doi.org/10.1016/j.jpcs.2014.04.008,,8827,Mg2Si0.965Bi0.035,unknown,n,12,3,1,1,0.115368119136502,1.4229450964523855,1.3075769773158836,0.04658200718836217,2.9400142832042184,2.893432276015856,0.9038008953982379,0.602704401286614,-0.301096494111624,0.014575152325500247,3.069735955075787,3.0551608027502866,0.5197761,0.0354285525595135,0.1463174533583212,0.0359525666955945,unknown,no,no,ML_better_than_fitting,primary DOI test sample aggregate,sigma ML error propagated to ZT error; possible missing structure/additive feature,True
10.1016_j.jpcs.2014.04.008__sample_8828,10.1016/j.jpcs.2014.04.008,https://doi.org/10.1016/j.jpcs.2014.04.008,,8828,Mg2Si0.975Bi0.025,unknown,n,12,9,2,5,0.1837239412813942,0.9360488150866654,0.7523248738052712,0.1567528951415899,0.6026017023970924,0.4458488072555025,0.09076661096973544,0.6358745487915527,0.5451079378218172,0.13688081908852262,0.6070226374337849,0.4701418183452623,0.500678,0.546237709322556,0.2181565255481611,0.4686813300550711,unknown,no,no,ML_much_worse,primary DOI test sample aggregate,ML tau prediction much worse than fitting; possible missing structure/additive feature,True
10.1016_j.jpcs.2014.04.008__sample_8830,10.1016/j.jpcs.2014.04.008,https://doi.org/10.1016/j.jpcs.2014.04.008,,8830,Mg2.08Si0.975Bi0.025,unknown,n,12,6,0,1,0.15552883883173102,1.1423794302878378,0.9868505914561068,0.18067040859925765,0.6711066087338523,0.49043620013459466,,,,0.1859888241778725,0.7375051681525482,0.5515163439746757,0.6027119,0.0623001398874898,0.0200899757025115,0.0765347476029042,unknown,no,no,not_evaluated,primary DOI test sample aggregate,sigma ML error propagated to ZT error; possible missing structure/additive feature,True
10.1016_j.jpcs.2014.04.008__sample_8831,10.1016/j.jpcs.2014.04.008,https://doi.org/10.1016/j.jpcs.2014.04.008,,8831,Mg2.12Si0.975Bi0.025,unknown,n,12,6,1,3,0.1670003554056898,1.272764845298693,1.1057644898930032,0.08582279448859052,0.7304753933587255,0.6446525988701349,0.12364516161675619,0.7518558288690453,0.6282106672522891,0.07151583209615482,0.7370951535136535,0.6655793214174986,0.6667797,0.4656953641222263,0.1318639266519368,0.4777123221983556,unknown,no,no,ML_much_worse,primary DOI test sample aggregate,ML tau prediction much worse than fitting; sigma ML error propagated to ZT error; possible missing structure/additive feature,True
10.1016_j.jpcs.2019.109262__sample_34133,10.1016/j.jpcs.2019.109262,https://doi.org/10.1016/j.jpcs.2019.109262,,34133,Sb2Te3,unknown,p,44,39,4,4,0.1654334556124462,1.0433019134701347,0.8778684578576885,0.14027013207538497,0.6294144901774974,0.48914435810211243,0.1503653041698944,0.5919238685660839,0.4415585643961895,0.14913232711126642,0.5920382153163827,0.4429058882051162,0.8770303,1.1055650349941455,0.3946540556979868,0.8742125016280545,unknown,no,no,ML_moderately_worse,primary DOI test sample aggregate,sigma ML error propagated to ZT error; possible missing structure/additive feature,True
10.1016_j.jpcs.2019.109262__sample_34134,10.1016/j.jpcs.2019.109262,https://doi.org/10.1016/j.jpcs.2019.109262,,34134,Sb1.85Bi0.15Te3,unknown,p,43,30,3,3,0.1818334174700673,0.9770908517308696,0.7952574342608023,0.12080783483214703,0.6189392549979449,0.49813142016579787,0.09121267993360503,0.6338060741125068,0.5425933941789017,0.09040490440341757,0.6341145873848947,0.5437096829814771,0.9521626,1.0116197282567074,0.3873332942037896,0.9463127669770536,unknown,no,no,ML_much_worse,primary DOI test sample aggregate,ML tau prediction much worse than fitting; possible missing structure/additive feature,True
10.1016_j.jssc.2008.08.022__sample_7341,10.1016/j.jssc.2008.08.022,https://doi.org/10.1016/j.jssc.2008.08.022,,7341,Bi2S2.95,unknown,n,6,0,0,0,0.08781436570700624,2.336546542020316,2.2487321763133097,,,,,,,,,,,,,,unknown,no,no,not_evaluated,primary DOI test sample aggregate,sigma ML error propagated to ZT error; possible missing structure/additive feature,True
10.1016_j.jssc.2008.08.022__sample_7342,10.1016/j.jssc.2008.08.022,https://doi.org/10.1016/j.jssc.2008.08.022,,7342,Bi2S2.90,unknown,n,6,0,0,0,0.08439220134836616,2.1849617301476028,2.1005695287992365,,,,,,,,,,,,,,unknown,no,no,not_evaluated,primary DOI test sample aggregate,sigma ML error propagated to ZT error; possible missing structure/additive feature,True
10.1016_j.jssc.2008.08.022__sample_7343,10.1016/j.jssc.2008.08.022,https://doi.org/10.1016/j.jssc.2008.08.022,,7343,Bi2S2.85,unknown,n,6,0,0,0,0.08018411505533367,2.455975050759643,2.3757909357043094,,,,,,,,,,,,,,unknown,no,no,not_evaluated,primary DOI test sample aggregate,sigma ML error propagated to ZT error; possible missing structure/additive feature,True
10.1016_j.jssc.2008.08.022__sample_7344,10.1016/j.jssc.2008.08.022,https://doi.org/10.1016/j.jssc.2008.08.022,,7344,Bi2S2.90,unknown,n,6,0,0,0,0.18692319653924666,1.8193247780787742,1.6324015815395276,,,,,,,,,,,,,,unknown,no,no,not_evaluated,primary DOI test sample aggregate,sigma ML error propagated to ZT error; possible missing structure/additive feature,True
10.1016_j.jssc.2008.08.022__sample_7345,10.1016/j.jssc.2008.08.022,https://doi.org/10.1016/j.jssc.2008.08.022,,7345,Bi2S3,unknown,n,6,0,0,0,0.8304830856370181,2.1599292096607976,1.3294461240237796,,,,,,,,,,,,,,unknown,no,no,not_evaluated,primary DOI test sample aggregate,sigma ML error propagated to ZT error; possible missing structure/additive feature,True
10.1016_j.jssc.2011.08.036__sample_82389,10.1016/j.jssc.2011.08.036,https://doi.org/10.1016/j.jssc.2011.08.036,,82389,Zr0.25Hf0.75NiSn,unknown,n,17,4,0,0,0.3851458175151628,1.0472129565921846,0.6620671390770219,0.48077244617508763,1.9762501388327436,1.4954776926576558,,,,,,,0.2372,,,,unknown,no,no,not_evaluated,primary DOI test sample aggregate,sigma ML error propagated to ZT error; possible missing structure/additive feature,True
10.1016_j.jssc.2011.08.036__sample_82390,10.1016/j.jssc.2011.08.036,https://doi.org/10.1016/j.jssc.2011.08.036,,82390,(Zr0.25Hf0.75NiSn)0.94(Zr0.25Hf0.75Ni2Sn)0.06,unknown,n,17,4,0,0,0.36680766905761636,1.0138089783457689,0.6470013092881526,0.492529497431327,2.44841856508925,1.9558890676579228,,,,,,,0.1589,,,,unknown,no,no,not_evaluated,primary DOI test sample aggregate,sigma ML error propagated to ZT error; possible missing structure/additive feature,True
10.1016_j.jssc.2011.08.036__sample_82393,10.1016/j.jssc.2011.08.036,https://doi.org/10.1016/j.jssc.2011.08.036,,82393,(Zr0.25Hf0.75NiSn)0.7(Zr0.25Hf0.75Ni2Sn)0.3,unknown,n,16,3,0,0,0.08957127913775376,1.0425061718465134,0.9529348927087596,0.09940548624306618,0.6432760398996352,0.543870553656569,,,,,,,,,,,unknown,no,no,not_evaluated,primary DOI test sample aggregate,sigma ML error propagated to ZT error; possible missing structure/additive feature,True
10.1016_j.jssc.2011.08.036__sample_82394,10.1016/j.jssc.2011.08.036,https://doi.org/10.1016/j.jssc.2011.08.036,,82394,(Zr0.25Hf0.75NiSn)0.4(Zr0.25Hf0.75Ni2Sn)0.6,unknown,n,16,3,0,0,0.07739685782205759,2.0880627904946496,2.010665932672592,0.06959236649609925,0.8765227024303335,0.8069303359342342,,,,,,,0.02419,,,,unknown,no,no,not_evaluated,primary DOI test sample aggregate,sigma ML error propagated to ZT error; possible missing structure/additive feature,True
10.1016_j.jssc.2011.09.031__sample_30450,10.1016/j.jssc.2011.09.031,https://doi.org/10.1016/j.jssc.2011.09.031,,30450,Bi2Te3,unknown,p,15,0,0,0,0.5853803000761704,1.832216333972249,1.2468360338960787,,,,,,,,,,,,,,unknown,no,no,not_evaluated,primary DOI test sample aggregate,sigma ML error propagated to ZT error; possible missing structure/additive feature,True
10.1016_j.jssc.2011.09.031__sample_30451,10.1016/j.jssc.2011.09.031,https://doi.org/10.1016/j.jssc.2011.09.031,,30451,Bi1.9Sb0.1Te3,unknown,p,15,0,0,0,0.5148643313850763,1.970139222611657,1.4552748912265807,,,,,,,,,,,,,,unknown,no,no,not_evaluated,primary DOI test sample aggregate,sigma ML error propagated to ZT error; possible missing structure/additive feature,True
10.1016_j.jssc.2011.09.031__sample_30452,10.1016/j.jssc.2011.09.031,https://doi.org/10.1016/j.jssc.2011.09.031,,30452,Bi1.5Sb0.5Te3,unknown,p,15,0,0,0,0.5190749415712902,1.9633180420108838,1.4442431004395937,,,,,,,,,,,,,,unknown,no,no,not_evaluated,primary DOI test sample aggregate,sigma ML error propagated to ZT error; possible missing structure/additive feature,True
10.1016_j.jssc.2011.09.031__sample_30453,10.1016/j.jssc.2011.09.031,https://doi.org/10.1016/j.jssc.2011.09.031,,30453,Bi2SbTe3,unknown,p,15,0,0,0,0.45700538628207377,1.6821198290276527,1.225114442745579,,,,,,,,,,,,,,unknown,no,no,not_evaluated,primary DOI test sample aggregate,sigma ML error propagated to ZT error; possible missing structure/additive feature,True
10.1016_j.jssc.2012.03.042__sample_8647,10.1016/j.jssc.2012.03.042,https://doi.org/10.1016/j.jssc.2012.03.042,,8647,Sb2Te3,unknown,p,77,37,20,22,0.3443087973082439,1.6169929961683795,1.2726841988601356,0.2217882135860681,3.252536616178059,3.030748402591991,0.991565883037374,0.9590563915032565,-0.03250949153411753,0.2696154384130052,2.921006804853136,2.6513913664401305,0.1939417,0.002696100787562,0.0130882812750718,0.0018036732329443,unknown,no,no,ML_close_to_fitting,primary DOI test sample aggregate,sigma ML error propagated to ZT error; possible missing structure/additive feature,True
10.1016_j.jssc.2012.03.042__sample_8648,10.1016/j.jssc.2012.03.042,https://doi.org/10.1016/j.jssc.2012.03.042,,8648,Sb1.9885Cr0.0115Te3,unknown,p,48,9,8,9,0.14682103203139169,2.2782121972729663,2.1313911652415745,0.06071274854923679,8.822054301493786,8.761341552944549,0.9900343930524164,0.9032029865744009,-0.08683140647801546,0.060712748549226814,8.822054301495134,8.761341552945908,0.2418587,0.0026050929381159,0.0253035482366558,0.0023957132972031,unknown,no,no,ML_close_to_fitting,primary DOI test sample aggregate,sigma ML error propagated to ZT error; possible missing structure/additive feature,True
10.1016_j.jssc.2012.03.042__sample_8649,10.1016/j.jssc.2012.03.042,https://doi.org/10.1016/j.jssc.2012.03.042,,8649,Sb1.9785Cr0.0215Te3,unknown,p,43,9,7,8,0.08213605550190708,2.5575375682473136,2.4754015127454063,0.03732791550548802,11.840701605263451,11.803373689757963,0.9925505634557287,0.9039991818002585,-0.08855138165547016,0.036011688841816006,11.757822727422322,11.721811038580507,0.07648242,0.000602526212327,0.0077647495923249,0.0005674978406185,unknown,no,no,ML_close_to_fitting,primary DOI test sample aggregate,sigma ML error propagated to ZT error; possible missing structure/additive feature,True
10.1016_j.jssc.2014.06.042__sample_4380,10.1016/j.jssc.2014.06.042,https://doi.org/10.1016/j.jssc.2014.06.042,,4380,CaFe4Sb12,unknown,p,6,0,0,0,0.10665681629460412,2.2087012424356898,2.1020444261410858,,,,,,,,,,,,,,unknown,no,no,not_evaluated,primary DOI test sample aggregate,sigma ML error propagated to ZT error; possible missing structure/additive feature,True
10.1016_j.jssc.2014.06.042__sample_4381,10.1016/j.jssc.2014.06.042,https://doi.org/10.1016/j.jssc.2014.06.042,,4381,Ca0.75Ce0.25Fe4Sb12,unknown,p,6,0,0,0,0.08744179492020271,1.0663602134141903,0.9789184184939876,,,,,,,,,,,,,,unknown,no,no,not_evaluated,primary DOI test sample aggregate,sigma ML error propagated to ZT error; possible missing structure/additive feature,True
10.1016_j.jssc.2014.06.042__sample_4384,10.1016/j.jssc.2014.06.042,https://doi.org/10.1016/j.jssc.2014.06.042,,4384,CeFe4Sb12,unknown,p,6,0,0,0,0.08141144383135819,1.2149182920004082,1.13350684816905,,,,,,,,,,,,,,unknown,no,no,not_evaluated,primary DOI test sample aggregate,sigma ML error propagated to ZT error; possible missing structure/additive feature,True
10.1016_j.jssc.2014.08.026__sample_9119,10.1016/j.jssc.2014.08.026,https://doi.org/10.1016/j.jssc.2014.08.026,,9119,Mg2.2Si0.5Sn0.37Sb0.013,unknown,n,28,12,2,2,0.1300285362701724,0.5274200918810122,0.39739155561083983,0.10942293204810112,0.4054566615147704,0.2960337294666693,0.09737695762635337,0.4130032773919143,0.3156263197655609,0.09419273854580232,0.4026030046846114,0.30841026613880906,1.043306,1.0284020837905947,0.6168470360982288,0.9433428570364863,unknown,no,no,ML_moderately_worse,primary DOI test sample aggregate,ML missed high ZT; possible missing structure/additive feature,True
10.1016_j.jssc.2014.12.010__sample_26492,10.1016/j.jssc.2014.12.010,https://doi.org/10.1016/j.jssc.2014.12.010,,26492,Ca0.98Dy0.02MnO3,unknown,n,14,0,0,0,0.24766187730008712,1.5224724081103558,1.2748105308102686,,,,,,,,,,,,,,unknown,no,no,not_evaluated,primary DOI test sample aggregate,sigma ML error propagated to ZT error; possible missing structure/additive feature,True
10.1016_j.jssc.2018.11.024__sample_39928,10.1016/j.jssc.2018.11.024,https://doi.org/10.1016/j.jssc.2018.11.024,,39928,Bi2Te3,unknown,n,6,6,6,6,0.056820325154360536,1.1383038430839243,1.0814835179295637,0.04478893765253999,0.6786638492836957,0.6338749116311557,0.05935356986625068,0.6692647565344717,0.609911186668221,0.044788937652535145,0.6786638492836023,0.6338749116310672,0.2183871,0.211838998569509,0.0679615243903481,0.2230521391165396,unknown,no,no,ML_much_worse,primary DOI test sample aggregate,ML tau prediction much worse than fitting; sigma ML error propagated to ZT error; possible missing structure/additive feature,True
10.1016_j.jssc.2020.121722__sample_38825,10.1016/j.jssc.2020.121722,https://doi.org/10.1016/j.jssc.2020.121722,,38825,Sn0.005(Bi0.46Sb1.54)0.9975Te3,unknown,p,9,8,0,3,0.1208933665938641,0.35090199277084966,0.23000862617698556,0.11321502071686779,0.4142623355218203,0.3010473148049525,,,,0.11418086813227728,0.5488902039981035,0.4347093358658262,0.9273657,0.8835160480668,1.2282290883523923,0.8675148910914177,unknown,no,no,not_evaluated,primary DOI test sample aggregate,ML false high-ZT prediction; possible missing structure/additive feature,True
10.1016_j.jssc.2021.122227__sample_45201,10.1016/j.jssc.2021.122227,https://doi.org/10.1016/j.jssc.2021.122227,,45201,Mo0.97Nb0.03Te2,unknown,p,22,11,11,11,0.2167966211122646,1.4958452260146364,1.2790486049023717,0.12052628361477558,3.803769158928368,3.6832428753135926,0.1383169280001342,3.8444112589002017,3.7060943309000676,0.12052628361478067,3.803769158928119,3.6832428753133386,0.126539,0.1268644723520182,0.5573373857924862,0.1236805572591405,unknown,no,no,ML_much_worse,primary DOI test sample aggregate,ML tau prediction much worse than fitting; sigma ML error propagated to ZT error; possible missing structure/additive feature,True
10.1016_j.jssc.2021.122227__sample_45202,10.1016/j.jssc.2021.122227,https://doi.org/10.1016/j.jssc.2021.122227,,45202,Mo0.95Nb0.05Te2,unknown,p,22,11,10,11,0.24402582201762377,0.7117377291745686,0.4677119071569448,0.18627156678983264,1.315006013147878,1.1287344463580453,0.2156564753864901,1.3723505892141077,1.1566941138276177,0.1862715667898516,1.315006013147851,1.1287344463579994,0.1678416,0.1973227988171603,0.3850749512854272,0.1696404349378362,unknown,no,no,ML_much_worse,primary DOI test sample aggregate,ML tau prediction much worse than fitting; possible missing structure/additive feature,True
10.1016_j.jssc.2021.122227__sample_45206,10.1016/j.jssc.2021.122227,https://doi.org/10.1016/j.jssc.2021.122227,,45206,Mo0.95Nb0.05Te2,unknown,p,11,7,0,5,0.13001145862817462,1.3598673885366046,1.22985592990843,0.0882692531400466,2.639345078467319,2.5510758253272723,,,,0.07383285317261448,2.7390726104745604,2.6652397573019457,0.04425363,0.1257756107332358,0.4869384050799794,0.1163818552965511,unknown,no,no,not_evaluated,primary DOI test sample aggregate,sigma ML error propagated to ZT error; possible missing structure/additive feature,True
10.1016_j.jssc.2021.122227__sample_45207,10.1016/j.jssc.2021.122227,https://doi.org/10.1016/j.jssc.2021.122227,,45207,Mo0.93Nb0.07Te2,unknown,p,11,11,9,11,0.2068092407833156,1.2030000734752975,0.9961908326919818,0.1753461051932545,2.3434909502508314,2.168144845057577,0.16073524081980686,2.383460814998382,2.222725574178575,0.17534610519321403,2.343490950250423,2.168144845057209,0.1373844,0.1149527657682414,0.3760084632779825,0.1428749704187231,unknown,no,no,ML_much_worse,primary DOI test sample aggregate,ML tau prediction much worse than fitting; sigma ML error propagated to ZT error; possible missing structure/additive feature,True
10.1016_j.matchemphys.2011.09.010__sample_7443,10.1016/j.matchemphys.2011.09.010,https://doi.org/10.1016/j.matchemphys.2011.09.010,,7443,Bi2S3,unknown,n,6,6,6,6,0.9132344165324461,4.4179643980037575,3.5047299814713115,1.0686008141424397,116.5753297089373,115.50672889479486,1.1233858804738655,121.26155068576325,120.13816480528939,1.0686008141424501,116.57532970893938,115.50672889479692,0.08981879,0.0329597276727917,2.484516654411617,0.0983044921099832,unknown,no,no,ML_much_worse,primary DOI test sample aggregate,ML tau prediction much worse than fitting; sigma ML error propagated to ZT error; ML false high-ZT prediction; possible missing structure/additive feature,True
10.1016_j.matchemphys.2011.09.010__sample_7444,10.1016/j.matchemphys.2011.09.010,https://doi.org/10.1016/j.matchemphys.2011.09.010,,7444,Bi1.995Ag0.005S3,unknown,n,6,6,6,6,0.4143065483308871,2.864477140201003,2.450170591870116,0.38965924200225976,17.566336053077702,17.176676811075442,0.39476682654583656,18.51550360040662,18.120736773860784,0.38965924200271806,17.56633605307599,17.17667681107327,0.124736,0.0808575442823637,1.3761511401790716,0.1343157814355942,unknown,no,no,ML_much_worse,primary DOI test sample aggregate,ML tau prediction much worse than fitting; sigma ML error propagated to ZT error; ML false high-ZT prediction; possible missing structure/additive feature,True
10.1016_j.matchemphys.2011.09.010__sample_7445,10.1016/j.matchemphys.2011.09.010,https://doi.org/10.1016/j.matchemphys.2011.09.010,,7445,Bi1.99Ag0.01S3,unknown,n,6,6,5,5,0.35727622187723596,1.6586674205282241,1.3013911986509883,0.3414939388118483,4.414649321526945,4.073155382715097,0.3834333240474114,4.9521109190827834,4.568677595035372,0.3701173974045699,4.687661340915052,4.317543943510482,0.2525172,0.1995272260136287,1.007958787990589,0.2679987294753561,unknown,no,no,ML_much_worse,primary DOI test sample aggregate,ML tau prediction much worse than fitting; sigma ML error propagated to ZT error; ML false high-ZT prediction; possible missing structure/additive feature,True
10.1016_j.matchemphys.2011.09.010__sample_7446,10.1016/j.matchemphys.2011.09.010,https://doi.org/10.1016/j.matchemphys.2011.09.010,,7446,Bi1.985Ag0.015S3,unknown,n,6,6,6,6,0.4622231049023852,2.7211141423202645,2.258891037417879,0.44435943193850386,15.263947455573337,14.819588023634834,0.43613754168784385,15.48028684647811,15.044149304790267,0.44435943193888133,15.26394745557132,14.819588023632438,0.1422031,0.08310567113661,1.2140071772522347,0.1470912192947321,unknown,no,no,ML_much_worse,primary DOI test sample aggregate,ML tau prediction much worse than fitting; sigma ML error propagated to ZT error; ML false high-ZT prediction; possible missing structure/additive feature,True
10.1016_j.matchemphys.2012.11.052__sample_28963,10.1016/j.matchemphys.2012.11.052,https://doi.org/10.1016/j.matchemphys.2012.11.052,,28963,PANi/GNs,unknown,p,5,4,0,0,0.09543196677108076,3.101156714198929,3.0057247474278483,0.05758303714021157,0.9566893132156911,0.8991062760754795,,,,,,,0.0006947374,,,,unknown,no,no,not_evaluated,primary DOI test sample aggregate,sigma ML error propagated to ZT error; possible missing structure/additive feature,True
10.1016_j.matchemphys.2012.11.052__sample_28964,10.1016/j.matchemphys.2012.11.052,https://doi.org/10.1016/j.matchemphys.2012.11.052,,28964,PANi/GNs,unknown,p,5,3,2,2,0.13721510559654707,2.9942269620424495,2.8570118564459026,0.09657890110488343,0.954618364623804,0.8580394635189206,83.59934818981802,3.249686859549145,-80.34966133026887,0.11390331286828892,0.9554886233976105,0.8415853105293216,0.0008736578,0.0754470974685599,0.0037899410050284,0.0867864746956283,unknown,no,no,ML_better_than_fitting,primary DOI test sample aggregate,sigma ML error propagated to ZT error; possible missing structure/additive feature,True
10.1016_j.matchemphys.2014.03.034__sample_7450,10.1016/j.matchemphys.2014.03.034,https://doi.org/10.1016/j.matchemphys.2014.03.034,,7450,CuIn0.90Fe0.10S2,unknown,n,7,6,0,0,0.47275809360232124,9.847960448344926,9.375202354742605,0.4251745311329715,22815.0941049949,22814.668930463766,,,,,,,1.199111e-06,,,,unknown,no,no,not_evaluated,primary DOI test sample aggregate,sigma ML error propagated to ZT error; possible missing structure/additive feature,True
10.1016_j.matchemphys.2017.01.038__sample_41749,10.1016/j.matchemphys.2017.01.038,https://doi.org/10.1016/j.matchemphys.2017.01.038,,41749,Ge49Te50Dy1,unknown,p,29,0,0,0,0.3920687932484332,1.7736718360457862,1.381603042797353,,,,,,,,,,,,,,unknown,no,no,not_evaluated,primary DOI test sample aggregate,sigma ML error propagated to ZT error; possible missing structure/additive feature,True
10.1016_j.materresbull.2019.01.010__sample_27931,10.1016/j.materresbull.2019.01.010,https://doi.org/10.1016/j.materresbull.2019.01.010,,27931,Cu3Sb0.985Sn0.015Se4,unknown,p,7,5,0,5,0.08864657239544023,0.7758255666688383,0.687178994273398,0.07419864102027465,1.173694960933291,1.0994963199130163,,,,0.0741986410202869,1.1736949609333063,1.0994963199130194,,0.9418445505940456,2.035679090015653,1.0824930761400848,unknown,no,no,not_evaluated,primary DOI test sample aggregate,ML false high-ZT prediction; possible missing structure/additive feature,True
10.1016_j.matlet.2011.08.031__sample_9222,10.1016/j.matlet.2011.08.031,https://doi.org/10.1016/j.matlet.2011.08.031,,9222,Mg2Si0.58Sn0.418Bi0.002,unknown,n,19,2,1,1,0.12362319106889963,1.5410663774296687,1.417443186360769,0.04089323637908856,3.4564256119001873,3.415532375521099,0.1809669752868878,4.487284288985299,4.306317313698411,0.05899348383798636,3.3723240192336807,3.3133305353956946,0.4265306,0.4193637348583244,1.9485456255872575,0.4456544430412024,unknown,no,no,ML_much_worse,primary DOI test sample aggregate,ML tau prediction much worse than fitting; sigma ML error propagated to ZT error; ML false high-ZT prediction; possible missing structure/additive feature,True
10.1016_j.matlet.2011.08.031__sample_9223,10.1016/j.matlet.2011.08.031,https://doi.org/10.1016/j.matlet.2011.08.031,,9223,Mg2Si0.58Sn0.415Bi0.005,unknown,n,19,2,0,0,0.0814124771770508,1.1729860646117491,1.0915735874346983,0.05624379255637494,2.1796492935314142,2.123405500975039,,,,,,,0.5464286,,,,unknown,no,no,not_evaluated,primary DOI test sample aggregate,sigma ML error propagated to ZT error; possible missing structure/additive feature,True
10.1016_j.matlet.2011.08.031__sample_9224,10.1016/j.matlet.2011.08.031,https://doi.org/10.1016/j.matlet.2011.08.031,,9224,Mg2Si0.58Sn0.4125Bi0.0075,unknown,n,19,6,0,0,0.08868154370414394,1.0931281563772728,1.0044466126731288,0.03630327481337748,1.892190587693709,1.8558873128803315,,,,,,,0.5897959,,,,unknown,no,no,not_evaluated,primary DOI test sample aggregate,sigma ML error propagated to ZT error; possible missing structure/additive feature,True
10.1016_j.matlet.2012.11.089__sample_4575,10.1016/j.matlet.2012.11.089,https://doi.org/10.1016/j.matlet.2012.11.089,,4575,CoSb3,unknown,p,8,0,0,0,0.3196550124533744,1.4120246815182544,1.09236966906488,,,,,,,,,,,,,,unknown,no,no,not_evaluated,primary DOI test sample aggregate,sigma ML error propagated to ZT error; possible missing structure/additive feature,True
10.1016_j.matlet.2020.128143__sample_36962,10.1016/j.matlet.2020.128143,https://doi.org/10.1016/j.matlet.2020.128143,,36962,Bi2Te3,unknown,n,7,5,1,5,0.20102934605507283,0.5155928798639351,0.31456353380886226,0.12451166674310614,0.5519035946525777,0.4273919279094715,0.09828929098705942,0.7656896162547189,0.6674003252676595,0.12451166674305507,0.5519035946524752,0.4273919279094201,0.4753012,0.5564534795254038,0.894595020446566,0.5286433002656848,unknown,no,no,ML_much_worse,primary DOI test sample aggregate,ML tau prediction much worse than fitting; possible missing structure/additive feature,True
10.1016_j.matlet.2020.128143__sample_36964,10.1016/j.matlet.2020.128143,https://doi.org/10.1016/j.matlet.2020.128143,,36964,Bi2Te3,unknown,n,7,4,2,4,0.15882720785410792,0.6335496088747676,0.4747224010206597,0.17593329294739044,0.8841013813738652,0.7081680884264747,0.24316229697842626,1.1271015267092854,0.8839392297308591,0.17593329294743276,0.8841013813737109,0.7081680884262781,0.4373494,0.5181185156736118,0.9567308001650642,0.4232978439642705,unknown,no,no,ML_much_worse,primary DOI test sample aggregate,ML tau prediction much worse than fitting; possible missing structure/additive feature,True
10.1016_j.matlet.2020.128143__sample_36965,10.1016/j.matlet.2020.128143,https://doi.org/10.1016/j.matlet.2020.128143,,36965,Bi2Te3,unknown,n,7,7,5,7,0.14058991957499298,0.7347688840275123,0.5941789644525193,0.11869058359413885,1.077657781028811,0.9589671974346722,0.12003390720390743,1.150778221998093,1.0307443147941857,0.1186905835941344,1.0776577810287225,0.958967197434588,0.4048193,0.4364003718359107,0.8976259223486363,0.4104277011974815,unknown,no,no,ML_much_worse,primary DOI test sample aggregate,ML tau prediction much worse than fitting; possible missing structure/additive feature,True
10.1016_j.matlet.2021.130180__sample_45721,10.1016/j.matlet.2021.130180,https://doi.org/10.1016/j.matlet.2021.130180,,45721,Na0.98CoO2,unknown,p,34,6,1,4,0.3308172702642155,0.8808161641243558,0.5499988938601403,0.16665228810679414,1.6391840908067863,1.472531802699992,0.21509293372684177,0.7756055194743211,0.5605125857474793,0.20322014542159827,1.7219073736938277,1.5186872282722295,1.131547,0.8881592361201934,2.0091810987446097,0.7991013083403107,unknown,no,no,ML_much_worse,primary DOI test sample aggregate,ML tau prediction much worse than fitting; possible missing structure/additive feature,True
10.1016_j.matlet.2021.130329__sample_46152,10.1016/j.matlet.2021.130329,https://doi.org/10.1016/j.matlet.2021.130329,,46152,BiCu0.97SeO,unknown,p,10,0,0,0,0.6569003328683412,2.1620882219751563,1.5051878891068151,,,,,,,,,,,,,,unknown,no,no,not_evaluated,primary DOI test sample aggregate,sigma ML error propagated to ZT error; possible missing structure/additive feature,True
10.1016_j.matlet.2021.130329__sample_46153,10.1016/j.matlet.2021.130329,https://doi.org/10.1016/j.matlet.2021.130329,,46153,BiCu0.94SeO,unknown,p,10,0,0,0,0.5626993216321736,1.9465575834527824,1.3838582618206088,,,,,,,,,,,,,,unknown,no,no,not_evaluated,primary DOI test sample aggregate,sigma ML error propagated to ZT error; possible missing structure/additive feature,True
10.1016_j.matlet.2021.131127__sample_44446,10.1016/j.matlet.2021.131127,https://doi.org/10.1016/j.matlet.2021.131127,,44446,CsSnI3,unknown,p,6,5,0,1,0.2984572146376564,1.436033782767342,1.1375765681296857,0.3154651313655228,3.284354659325397,2.968889527959874,,,,0.25227097141188826,2.0464042475593676,1.7941332761474793,0.1161186,0.0486952661330465,0.1983946856575273,0.0651242151518373,unknown,no,no,not_evaluated,primary DOI test sample aggregate,sigma ML error propagated to ZT error; possible missing structure/additive feature,True
10.1016_j.matlet.2021.131127__sample_44447,10.1016/j.matlet.2021.131127,https://doi.org/10.1016/j.matlet.2021.131127,,44447,(CsSnI3)0.999(PbI2)0.001,unknown,p,6,5,1,1,0.3384504706907652,1.8295652997942373,1.4911148291034722,0.2093965883698945,4.491193500051875,4.28179691168198,0.23626584543274812,6.463939177189844,6.227673331757096,0.2425212570091401,6.501706144308583,6.259184887299443,0.1257789,0.1358695724637644,0.8203108001785309,0.1093498977963682,unknown,no,no,ML_much_worse,primary DOI test sample aggregate,ML tau prediction much worse than fitting; sigma ML error propagated to ZT error; possible missing structure/additive feature,True
10.1016_j.matlet.2021.131127__sample_44448,10.1016/j.matlet.2021.131127,https://doi.org/10.1016/j.matlet.2021.131127,,44448,(CsSnI3)0.995(PbI2)0.005,unknown,p,6,6,0,0,0.4334423771835636,1.498695312842152,1.0652529356585885,0.409617984038207,3.6529764659038584,3.2433584818656516,,,,,,,0.1385343,,,,unknown,no,no,not_evaluated,primary DOI test sample aggregate,sigma ML error propagated to ZT error; possible missing structure/additive feature,True
10.1016_j.matlet.2021.131127__sample_44449,10.1016/j.matlet.2021.131127,https://doi.org/10.1016/j.matlet.2021.131127,,44449,(CsSnI3)0.99(PbI2)0.01,unknown,p,6,5,0,2,0.3904766149024322,2.216653780240904,1.8261771653384717,0.39772627203102756,9.229034747217785,8.831308475186757,,,,0.2843194372372546,5.343743309583622,5.059423872346367,0.09791535,0.0569750270269229,0.5050227228753273,0.0776925221955694,unknown,no,no,not_evaluated,primary DOI test sample aggregate,sigma ML error propagated to ZT error; possible missing structure/additive feature,True
10.1016_j.mattod.2017.02.007__sample_21610,10.1016/j.mattod.2017.02.007,https://doi.org/10.1016/j.mattod.2017.02.007,,21610,(Bi0.25Sb0.75)2Te3,unknown,p,8,1,0,0,0.1714379328886084,1.018919867279427,0.8474819343908186,0.11340418034065386,0.6752695368494626,0.5618653565088088,,,,,,,0.9355932,,,,unknown,no,no,not_evaluated,primary DOI test sample aggregate,sigma ML error propagated to ZT error; possible missing structure/additive feature,True
10.1016_j.mattod.2017.02.007__sample_21613,10.1016/j.mattod.2017.02.007,https://doi.org/10.1016/j.mattod.2017.02.007,,21613,(Bi0.25Sb0.75)2Te3,unknown,p,9,1,0,0,0.18732310512714498,0.893765460673069,0.7064423555459239,0.22455234812441102,0.6763942791870072,0.4518419310625962,,,,,,,1.016949,,,,unknown,no,no,not_evaluated,primary DOI test sample aggregate,ML missed high ZT; possible missing structure/additive feature,True
10.1016_j.mattod.2017.02.007__sample_21614,10.1016/j.mattod.2017.02.007,https://doi.org/10.1016/j.mattod.2017.02.007,,21614,(Bi0.25Sb0.75)2Te3,unknown,p,10,0,0,0,0.1834343602913884,0.9496792789402633,0.7662449186488749,,,,,,,,,,1.091525,,,,unknown,no,no,not_evaluated,primary DOI test sample aggregate,ML missed high ZT; possible missing structure/additive feature,True
10.1016_j.mattod.2017.02.007__sample_21615,10.1016/j.mattod.2017.02.007,https://doi.org/10.1016/j.mattod.2017.02.007,,21615,(Bi0.25Sb0.75)2Te3,unknown,p,10,1,0,0,0.19630517732598965,0.6849454444686919,0.48864026714270226,0.17819709536140405,0.5736381819169993,0.3954410865555953,,,,,,,1.145763,,,,unknown,no,no,not_evaluated,primary DOI test sample aggregate,ML missed high ZT; possible missing structure/additive feature,True
10.1016_j.mattod.2017.11.005__sample_41015,10.1016/j.mattod.2017.11.005,https://doi.org/10.1016/j.mattod.2017.11.005,,41015,Sn0.98Na0.02Se0.9S0.1,unknown,p,13,9,0,0,0.3913083517963944,0.687798598130259,0.2964902463338646,0.24100754151127302,0.48476047803427247,0.24375293652299945,,,,,,,1.499209,,,,unknown,no,no,not_evaluated,primary DOI test sample aggregate,ML missed high ZT; possible missing structure/additive feature,True
10.1016_j.mattod.2017.11.005__sample_41016,10.1016/j.mattod.2017.11.005,https://doi.org/10.1016/j.mattod.2017.11.005,,41016,Sn0.97Na0.03Se0.9S0.1,unknown,p,13,13,5,5,0.5845360214569235,1.26388071046879,0.6793446890118664,0.5203070346202123,0.6208546899572092,0.10054765533699683,0.45411726034538,0.6714705211774331,0.21735326083205309,0.47683283376167596,0.6547147640743345,0.17788193031265853,2.298333,4.326452701432048,1.4108076860576506,2.160538366213624,unknown,no,no,ML_moderately_worse,primary DOI test sample aggregate,sigma ML error propagated to ZT error; possible missing structure/additive feature,True
10.1016_j.msea.2012.11.073__sample_21173,10.1016/j.msea.2012.11.073,https://doi.org/10.1016/j.msea.2012.11.073,,21173,Si0.8Ge0.2,unknown,n,9,9,0,0,0.27028936366895956,1.0417024435318312,0.7714130798628716,0.20538127505500248,1.8292892522143258,1.6239079771593232,,,,,,,0.9332795,,,,unknown,no,no,not_evaluated,primary DOI test sample aggregate,sigma ML error propagated to ZT error; possible missing structure/additive feature,True
10.1016_j.mseb.2003.10.014__sample_15594,10.1016/j.mseb.2003.10.014,https://doi.org/10.1016/j.mseb.2003.10.014,,15594,Pb0.79Sn0.21Cd0.001Te,unknown,p,22,13,0,10,0.5740546580023664,3.5581529035379016,2.9840982455355354,0.5614823426799067,31.393418806868645,30.83193646418874,,,,0.5906895737481033,35.72592891809063,35.13523934434253,,0.0308749994230555,1.0343068792394792,0.055512796498106,unknown,no,no,not_evaluated,primary DOI test sample aggregate,sigma ML error propagated to ZT error; ML false high-ZT prediction; possible missing structure/additive feature,True
10.1016_j.mseb.2003.10.014__sample_15595,10.1016/j.mseb.2003.10.014,https://doi.org/10.1016/j.mseb.2003.10.014,,15595,Pb0.74Sn0.24Cd0.02Te,unknown,p,51,27,0,20,0.38126657720437274,2.1437011633133984,1.7624345861090256,0.33199416462706455,7.653934355627677,7.321940191000612,,,,0.3639836769329073,8.274738894300896,7.9107552173679885,,0.5274750936262469,4.348670319970669,0.398227703388195,unknown,no,no,not_evaluated,primary DOI test sample aggregate,sigma ML error propagated to ZT error; ML false high-ZT prediction; possible missing structure/additive feature,True
10.1016_j.mseb.2003.10.014__sample_15596,10.1016/j.mseb.2003.10.014,https://doi.org/10.1016/j.mseb.2003.10.014,,15596,Pb0.744Sn0.24Cd0.016Te,unknown,p,25,15,0,12,0.9777115905829865,3.068963187237489,2.0912515966545024,1.2048201320523964,27.110904019546773,25.906083887494376,,,,1.3644706461102076,30.68827877076038,29.323808124650174,,0.1402319154487906,2.571783777488048,0.1875968372282332,unknown,no,no,not_evaluated,primary DOI test sample aggregate,sigma ML error propagated to ZT error; ML false high-ZT prediction; possible missing structure/additive feature,True
10.1016_j.mseb.2008.12.029__sample_9239,10.1016/j.mseb.2008.12.029,https://doi.org/10.1016/j.mseb.2008.12.029,,9239,Mg2Si0.8Sn0.2,unknown,n,9,6,0,1,0.42674946898821103,2.979968652002768,2.553219183014557,0.4491938626943805,21.280498712493245,20.831304849798865,,,,0.5328275202099022,7.919117974679086,7.386290454469184,,0.0305525452981373,0.5833001037716291,0.0653988550692555,unknown,no,no,not_evaluated,primary DOI test sample aggregate,sigma ML error propagated to ZT error; possible missing structure/additive feature,True
10.1016_j.mseb.2015.01.008__sample_9245,10.1016/j.mseb.2015.01.008,https://doi.org/10.1016/j.mseb.2015.01.008,,9245,Mg2Si,unknown,n,12,4,2,3,0.32154514649146265,1.0473995277292742,0.7258543812378115,0.5502649994099702,0.4741305415423672,-0.07613445786760298,8.767340583980065,2.6046404570448045,-6.162700126935261,0.650127369110733,0.3910199175680149,-0.2591074515427181,0.1400365,1.602451396361218,0.591385248021917,1.0307600835989006,unknown,no,no,ML_better_than_fitting,primary DOI test sample aggregate,sigma ML error propagated to ZT error; possible missing structure/additive feature,True
10.1016_j.mseb.2015.01.008__sample_9249,10.1016/j.mseb.2015.01.008,https://doi.org/10.1016/j.mseb.2015.01.008,,9249,Sb0.056(Mg2(Si0.95Ge0.05))99.944,unknown,n,12,4,1,1,0.29032757276297877,1.2750092300474565,0.9846816572844777,0.20584092409567234,2.6070332222360078,2.4011922981403355,0.286123623990853,1.470619921266914,1.1844962972760609,0.27245983614340985,1.5179082580018797,1.2454484218584698,0.4052326,0.1478178837590452,0.5115757021912358,0.2031748776252887,unknown,no,no,ML_much_worse,primary DOI test sample aggregate,ML tau prediction much worse than fitting; sigma ML error propagated to ZT error; possible missing structure/additive feature,True
10.1016_j.mssp.2020.105393__sample_38619,10.1016/j.mssp.2020.105393,https://doi.org/10.1016/j.mssp.2020.105393,,38619,PbS,unknown,n,19,19,19,19,0.24582612333488424,1.0755800822901211,0.829753958955237,0.21361539945020325,1.934770124811922,1.7211547253617188,0.21787459655610802,1.9325772498381273,1.7147026532820193,0.21361539945019067,1.9347701248117335,1.721154725361543,0.3516185,0.479645799772839,1.3667066139514192,0.34701656079258,unknown,no,no,ML_much_worse,primary DOI test sample aggregate,ML tau prediction much worse than fitting; sigma ML error propagated to ZT error; ML false high-ZT prediction; possible missing structure/additive feature,True
10.1016_j.mssp.2020.105393__sample_38620,10.1016/j.mssp.2020.105393,https://doi.org/10.1016/j.mssp.2020.105393,,38620,Pb0.995Bi0.005S,unknown,n,19,19,18,18,0.18418032126337072,1.1670881263918682,0.9829078051284975,0.1551744015535608,2.221776635855224,2.066602234301663,0.1590808525938264,2.2618892286880934,2.102808376094267,0.15701112721360252,2.2463545483787226,2.08934342116512,0.425134,0.6007813514457642,1.9020635234315717,0.4308323061041825,unknown,no,no,ML_much_worse,primary DOI test sample aggregate,ML tau prediction much worse than fitting; sigma ML error propagated to ZT error; ML false high-ZT prediction; possible missing structure/additive feature,True
10.1016_j.mssp.2020.105393__sample_38621,10.1016/j.mssp.2020.105393,https://doi.org/10.1016/j.mssp.2020.105393,,38621,Pb0.99Bi0.01S,unknown,n,19,19,18,19,0.06985403496491752,0.6833544537573467,0.6135004187924292,0.05646192404055933,0.978316084908639,0.9218541608680797,0.0632220873549973,0.9464922819690627,0.8832701946140653,0.056461924040586975,0.978316084908587,0.921854160868,0.7028832,0.7365063587687846,1.4534460890134202,0.7061315196009632,unknown,no,no,ML_much_worse,primary DOI test sample aggregate,ML tau prediction much worse than fitting; ML false high-ZT prediction; possible missing structure/additive feature,True
10.1016_j.mssp.2020.105393__sample_38622,10.1016/j.mssp.2020.105393,https://doi.org/10.1016/j.mssp.2020.105393,,38622,Pb0.98Bi0.02S,unknown,n,18,18,18,18,0.11309325089860826,0.23933348397280965,0.1262402330742014,0.08611115440304767,0.24317362899512382,0.15706247459207615,0.0885029006117698,0.25201157349390135,0.16350867288213156,0.08611115440304659,0.24317362899510128,0.1570624745920547,0.642357,0.8372278510696968,1.0338281181452162,0.6429518843572917,unknown,no,no,ML_moderately_worse,primary DOI test sample aggregate,ML false high-ZT prediction; possible missing structure/additive feature,True
10.1016_j.mtcomm.2020.101121__sample_31039,10.1016/j.mtcomm.2020.101121,https://doi.org/10.1016/j.mtcomm.2020.101121,,31039,Bi2Te2.79Se0.21Cl0.005,unknown,n,9,0,0,0,0.17566725498447716,1.0088143315519569,0.8331470765674798,,,,,,,,,,,,,,unknown,no,no,not_evaluated,primary DOI test sample aggregate,sigma ML error propagated to ZT error; possible missing structure/additive feature,True
10.1016_j.mtener.2020.100492__sample_36372,10.1016/j.mtener.2020.100492,https://doi.org/10.1016/j.mtener.2020.100492,,36372,Cement with GnP and Fe2O3,unknown,p,7,7,2,2,0.0850446679384379,2.9406984206954654,2.8556537527570276,0.0748355164038346,17.975546163145825,17.90071064674199,0.05956727815406207,16.779627068424695,16.720059790270632,0.0560016485964889,16.847038125404257,16.79103647680777,0.005000106,0.0045851859346037,0.0866865795531042,0.0049792519505511,unknown,no,no,ML_much_worse,primary DOI test sample aggregate,ML tau prediction much worse than fitting; sigma ML error propagated to ZT error; possible missing structure/additive feature,True
10.1016_j.mtener.2020.100492__sample_36373,10.1016/j.mtener.2020.100492,https://doi.org/10.1016/j.mtener.2020.100492,,36373,Cement with GnP and ZnO,unknown,p,7,7,3,3,0.0855660641344875,3.622940053731042,3.5373739895965546,0.07544780853778696,36.54944570334149,36.4739978948037,0.09635545843360088,32.80505228791107,32.70869682947747,0.04495764030511499,34.727828168686244,34.68287052838113,0.01014908,0.0084511965399594,0.3161565502664502,0.0091962096649597,unknown,no,no,ML_much_worse,primary DOI test sample aggregate,ML tau prediction much worse than fitting; sigma ML error propagated to ZT error; possible missing structure/additive feature,True
10.1016_j.mtener.2020.100492__sample_36374,10.1016/j.mtener.2020.100492,https://doi.org/10.1016/j.mtener.2020.100492,,36374,Cement with GnP and MnO2,unknown,p,6,6,4,4,0.0841406899358422,5.020254444877372,4.9361137549415295,0.07737931027276172,150.88620108045438,150.80882177018162,0.07665428847921112,138.7419801854905,138.6653258970113,0.07592483192146576,147.92686172886758,147.8509368969461,0.002080317,0.0018623379220567,0.2818519496604268,0.0020685506577283,unknown,no,no,ML_much_worse,primary DOI test sample aggregate,ML tau prediction much worse than fitting; sigma ML error propagated to ZT error; possible missing structure/additive feature,True
10.1016_j.mtener.2020.100492__sample_36375,10.1016/j.mtener.2020.100492,https://doi.org/10.1016/j.mtener.2020.100492,,36375,Cement with GnP,unknown,p,11,10,1,3,0.08886379114353883,5.093721656449371,5.004857865305832,0.08084608706654979,163.10415845072754,163.02331236366098,0.4379216144299183,233.19291468264416,232.75499306821425,0.0931266176731224,162.5607884812798,162.46766186360665,0.0002905181,0.0002866791512297,0.0466911584967361,0.0002822956159894,unknown,no,no,ML_much_worse,primary DOI test sample aggregate,ML tau prediction much worse than fitting; sigma ML error propagated to ZT error; possible missing structure/additive feature,True
10.1016_j.mtla.2019.100374__sample_27600,10.1016/j.mtla.2019.100374,https://doi.org/10.1016/j.mtla.2019.100374,,27600,Si0.8Ge0.2,unknown,p,19,0,0,0,0.14242901865690913,1.2769371819175195,1.1345081632606104,,,,,,,,,,,,,,unknown,no,no,not_evaluated,primary DOI test sample aggregate,sigma ML error propagated to ZT error; possible missing structure/additive feature,True
10.1016_j.mtla.2019.100374__sample_27601,10.1016/j.mtla.2019.100374,https://doi.org/10.1016/j.mtla.2019.100374,,27601,Si0.5Ge0.5,unknown,p,18,0,0,0,0.16045561594412047,1.0889734454117168,0.9285178294675963,,,,,,,,,,,,,,unknown,no,no,not_evaluated,primary DOI test sample aggregate,sigma ML error propagated to ZT error; possible missing structure/additive feature,True
10.1016_j.mtla.2019.100374__sample_27602,10.1016/j.mtla.2019.100374,https://doi.org/10.1016/j.mtla.2019.100374,,27602,Ge,unknown,p,19,0,0,0,0.1959792599129124,2.1211028380613572,1.9251235781484448,,,,,,,,,,,,,,unknown,no,no,not_evaluated,primary DOI test sample aggregate,sigma ML error propagated to ZT error; possible missing structure/additive feature,True
10.1016_j.mtphys.2018.05.001__sample_44015,10.1016/j.mtphys.2018.05.001,https://doi.org/10.1016/j.mtphys.2018.05.001,,44015,Ag9GaSe5.23Te0.75,unknown,n,12,12,6,7,0.22468012069418528,0.8890488249234724,0.6643687042292871,0.2029789098909279,1.4263046177791503,1.2233257078882225,0.20363572213600434,1.2646023455040274,1.060966623368023,0.20556005214787815,1.2153599975268012,1.009799945378923,1.367921,1.9987640443084704,4.724297663585607,1.3325676409126268,unknown,no,no,ML_much_worse,primary DOI test sample aggregate,ML tau prediction much worse than fitting; possible missing structure/additive feature,True
10.1016_j.mtphys.2020.100180__sample_34195,10.1016/j.mtphys.2020.100180,https://doi.org/10.1016/j.mtphys.2020.100180,,34195,Cu2ErTe3,unknown,p,13,3,1,3,0.518932589895461,2.6353467648009232,2.1164141749054624,0.6783674012125346,0.8899391303853598,0.21157172917282518,0.3491135416805099,0.95086430755746,0.6017507658769501,0.67836740121246,0.8899391303853698,0.21157172917290978,0.1283944,1.490106927615977,0.112488798569995,0.7269510480091018,unknown,no,no,ML_much_worse,primary DOI test sample aggregate,ML tau prediction much worse than fitting; sigma ML error propagated to ZT error; possible missing structure/additive feature,True
10.1016_j.mtphys.2020.100180__sample_34196,10.1016/j.mtphys.2020.100180,https://doi.org/10.1016/j.mtphys.2020.100180,,34196,Cu2.9Ag0.1ErTe3,unknown,p,13,3,1,2,0.4582890547126108,2.5514482802466176,2.093159225534007,0.3124323517632388,0.9441199104396493,0.6316875586764105,0.3684063354594601,0.9486690355039534,0.5802627000444933,0.315832480584598,0.9443962461624631,0.6285637655778651,0.8445995,0.1271509207205066,0.0103338265780293,0.2030206290830466,unknown,no,no,ML_much_worse,primary DOI test sample aggregate,ML tau prediction much worse than fitting; sigma ML error propagated to ZT error; possible missing structure/additive feature,True
10.1016_j.mtphys.2020.100180__sample_34197,10.1016/j.mtphys.2020.100180,https://doi.org/10.1016/j.mtphys.2020.100180,,34197,Cu2.7Ag0.3ErTe3,unknown,p,13,4,0,1,0.565761015418496,2.505703424936325,1.9399424095178288,0.6248232946688883,0.8863390456794507,0.26151575101056235,,,,0.8776515545521335,0.8365053026045269,-0.04114625194760657,0.7135401,1.9059901501203624,0.1659622532611008,1.0150925742848962,unknown,no,no,not_evaluated,primary DOI test sample aggregate,sigma ML error propagated to ZT error; possible missing structure/additive feature,True
10.1016_j.mtphys.2021.100497__sample_45593,10.1016/j.mtphys.2021.100497,https://doi.org/10.1016/j.mtphys.2021.100497,,45593,Ge0.86Al0.04Sb0.1Te,unknown,p,11,11,8,11,0.12497859631129468,0.5636663297819275,0.43868773347063283,0.10152184111453882,0.418352787747793,0.3168309466332542,0.12485916249676787,0.42405664879800176,0.2991974863012339,0.10152184111453787,0.4183527877477831,0.31683094663324524,1.599037,1.6425841202899014,0.948033316933384,1.6108015425958673,unknown,no,no,ML_moderately_worse,primary DOI test sample aggregate,ML missed high ZT; possible missing structure/additive feature,True
10.1016_j.mtphys.2021.100497__sample_45594,10.1016/j.mtphys.2021.100497,https://doi.org/10.1016/j.mtphys.2021.100497,,45594,Ge0.85Al0.05Sb0.1Te,unknown,p,11,10,5,8,0.08448899309194371,0.8102063850183227,0.725717391926379,0.06658333684667139,0.5463993206908963,0.47981598384422486,0.09166547036562414,0.5352440522376203,0.44357858187199617,0.06648036800644905,0.5372006919904668,0.47072032398401775,1.426243,1.6307478824814277,0.7285126283049536,1.5678916405704608,unknown,no,no,ML_moderately_worse,primary DOI test sample aggregate,ML missed high ZT; possible missing structure/additive feature,True
10.1016_j.mtphys.2021.100497__sample_45595,10.1016/j.mtphys.2021.100497,https://doi.org/10.1016/j.mtphys.2021.100497,,45595,Ge0.76Pb0.1Sb0.1Te,unknown,p,11,10,8,9,0.46011277107663906,1.2887423878859163,0.8286296168092773,0.46321093070979485,2.595829849386246,2.1326189186764513,0.46873416404433893,2.6855047575021906,2.2167705934578517,0.4544770964242821,2.424417970056775,1.9699408736324928,1.825997,1.5673773857808042,5.2237291920260445,1.899375762912152,unknown,no,no,ML_much_worse,primary DOI test sample aggregate,ML tau prediction much worse than fitting; sigma ML error propagated to ZT error; possible missing structure/additive feature,True
10.1016_j.mtphys.2021.100497__sample_45596,10.1016/j.mtphys.2021.100497,https://doi.org/10.1016/j.mtphys.2021.100497,,45596,Ge0.75Al0.01Pb0.1Sb0.1Te,unknown,p,11,10,8,8,0.5932081385060187,1.2600050302441799,0.6667968917381611,0.643322448508891,2.5814933272925105,1.9381708787836196,0.681387217951474,2.4097755872727946,1.7283883693213207,0.6441479710246191,2.2307372421039626,1.5865892710793434,2.052957,1.4069397144331828,4.276115127689025,2.1350468721826936,unknown,no,no,ML_much_worse,primary DOI test sample aggregate,ML tau prediction much worse than fitting; sigma ML error propagated to ZT error; possible missing structure/additive feature,True
10.1016_j.mtphys.2021.100497__sample_45597,10.1016/j.mtphys.2021.100497,https://doi.org/10.1016/j.mtphys.2021.100497,,45597,Ge0.745Al0.015Pb0.1Sb0.1Te,unknown,p,11,8,3,5,0.4762634301227748,0.8798433179280608,0.40357988780528603,0.4488605459787739,1.2440745369747481,0.7952139909959742,0.36695336874976353,1.3362876568480078,0.9693342880982443,0.4234420419672752,1.4458171843197767,1.0223751423525016,2.156121,1.6525942245025231,3.463022729784889,2.141363964284315,unknown,no,no,ML_much_worse,primary DOI test sample aggregate,ML tau prediction much worse than fitting; possible missing structure/additive feature,True
10.1016_j.nanoen.2015.03.036__sample_7536,10.1016/j.nanoen.2015.03.036,https://doi.org/10.1016/j.nanoen.2015.03.036,,7536,Bi2S3,unknown,n,11,0,0,0,0.30053828899188484,3.632839084971934,3.332300795980049,,,,,,,,,,,,,,unknown,no,no,not_evaluated,primary DOI test sample aggregate,sigma ML error propagated to ZT error; possible missing structure/additive feature,True
10.1016_j.nanoen.2015.05.032__sample_6374,10.1016/j.nanoen.2015.05.032,https://doi.org/10.1016/j.nanoen.2015.05.032,,6374,Bi0.5Sb1.5Te3,unknown,p,5,0,0,0,0.20095676655354716,1.1907696290916339,0.9898128625380866,,,,,,,,,,,,,,unknown,no,no,not_evaluated,primary DOI test sample aggregate,sigma ML error propagated to ZT error; possible missing structure/additive feature,True
10.1016_j.nanoen.2015.05.032__sample_6375,10.1016/j.nanoen.2015.05.032,https://doi.org/10.1016/j.nanoen.2015.05.032,,6375,Bi0.5Sb1.5Te3,unknown,p,5,0,0,0,0.24008055994073838,1.2329545736102214,0.992874013669483,,,,,,,,,,,,,,unknown,no,no,not_evaluated,primary DOI test sample aggregate,sigma ML error propagated to ZT error; possible missing structure/additive feature,True
10.1016_j.nanoen.2015.05.032__sample_6376,10.1016/j.nanoen.2015.05.032,https://doi.org/10.1016/j.nanoen.2015.05.032,,6376,Bi0.5Sb1.5Te3,unknown,p,5,0,0,0,0.26071157904156284,1.2358866021823958,0.9751750231408329,,,,,,,,,,,,,,unknown,no,no,not_evaluated,primary DOI test sample aggregate,sigma ML error propagated to ZT error; possible missing structure/additive feature,True
10.1016_j.nanoen.2015.05.032__sample_6380,10.1016/j.nanoen.2015.05.032,https://doi.org/10.1016/j.nanoen.2015.05.032,,6380,Bi0.5Sb1.5Te3,unknown,p,5,0,0,0,0.23968429058088506,1.0122446232052495,0.7725603326243645,,,,,,,,,,,,,,unknown,no,no,not_evaluated,primary DOI test sample aggregate,sigma ML error propagated to ZT error; possible missing structure/additive feature,True
10.1016_j.nanoen.2016.02.040__sample_3162,10.1016/j.nanoen.2016.02.040,https://doi.org/10.1016/j.nanoen.2016.02.040,,3162,Pb0.99In0.01Te,unknown,n,7,2,0,0,0.48162402637649954,2.077602271974763,1.5959782455982634,0.963833601165045,9.708376710496836,8.74454310933179,,,,,,,0.3151055,,,,unknown,no,no,not_evaluated,primary DOI test sample aggregate,sigma ML error propagated to ZT error; possible missing structure/additive feature,True
10.1016_j.nanoen.2016.02.040__sample_3163,10.1016/j.nanoen.2016.02.040,https://doi.org/10.1016/j.nanoen.2016.02.040,,3163,Pb0.98In0.02Te,unknown,n,7,1,0,0,0.2945270383439601,1.5412184764355243,1.2466914380915641,0.3476379502503644,5.1175889728510535,4.769951022600689,,,,,,,0.5504515,,,,unknown,no,no,not_evaluated,primary DOI test sample aggregate,sigma ML error propagated to ZT error; possible missing structure/additive feature,True
10.1016_j.nanoen.2016.02.040__sample_3164,10.1016/j.nanoen.2016.02.040,https://doi.org/10.1016/j.nanoen.2016.02.040,,3164,Pb0.97In0.03Te,unknown,n,7,3,1,1,0.2443069097489437,1.4878295100767367,1.243522600327793,0.2929383401899995,4.610006225525526,4.317067885335526,0.26068807744297745,4.470073663266159,4.209385585823181,0.4430597617393837,5.261376892863319,4.818317131123935,0.1046606,0.1319443705980285,0.5725011916416342,0.0914337535397634,unknown,no,no,ML_much_worse,primary DOI test sample aggregate,ML tau prediction much worse than fitting; sigma ML error propagated to ZT error; possible missing structure/additive feature,True
10.1016_j.nanoen.2016.02.040__sample_3172,10.1016/j.nanoen.2016.02.040,https://doi.org/10.1016/j.nanoen.2016.02.040,,3172,Pb0.98In0.02Te0.9S0.1,unknown,n,7,4,0,1,0.28625597099868516,0.7031091315806958,0.4168531605820106,0.17993917294802653,0.9382660262614506,0.7583268533134241,,,,0.0640284799690726,0.7789602996674668,0.7149318196983943,0.5857406,0.7234682689122511,1.3750646263483686,0.7729597038255454,unknown,no,no,not_evaluated,primary DOI test sample aggregate,ML false high-ZT prediction; possible missing structure/additive feature,True
10.1016_j.nanoen.2016.02.040__sample_3174,10.1016/j.nanoen.2016.02.040,https://doi.org/10.1016/j.nanoen.2016.02.040,,3174,Pb0.98In0.02Te0.7S0.3,unknown,n,7,4,0,2,0.4031412357786066,0.5668096072398361,0.16366837146122948,0.3358754813409166,0.8492842709519104,0.5134087896109938,,,,0.4182721430758013,0.83152250463393,0.41325036155812866,0.5029935,1.267826227086912,1.888416378645568,0.8973705838150012,unknown,no,no,not_evaluated,primary DOI test sample aggregate,ML false high-ZT prediction; possible missing structure/additive feature,True
10.1016_j.nanoen.2016.08.008__sample_3215,10.1016/j.nanoen.2016.08.008,https://doi.org/10.1016/j.nanoen.2016.08.008,,3215,SnTe,unknown,p,7,0,0,0,0.17768301949703605,1.4100435802668487,1.2323605607698127,,,,,,,,,,0.1464576,,,,unknown,no,no,not_evaluated,primary DOI test sample aggregate,sigma ML error propagated to ZT error; possible missing structure/additive feature,True
10.1016_j.nanoen.2016.08.008__sample_3216,10.1016/j.nanoen.2016.08.008,https://doi.org/10.1016/j.nanoen.2016.08.008,,3216,SnTe,unknown,p,7,1,0,0,0.24012295220484567,1.6524861585043964,1.4123632062995508,0.1647089313092109,0.7729251819796077,0.6082162506703968,,,,,,,,,,,unknown,no,no,not_evaluated,primary DOI test sample aggregate,sigma ML error propagated to ZT error; possible missing structure/additive feature,True
10.1016_j.nanoen.2019.104394__sample_34182,10.1016/j.nanoen.2019.104394,https://doi.org/10.1016/j.nanoen.2019.104394,,34182,Bi2O1.98Te0.02Se,unknown,n,10,7,1,4,0.22829648951571166,0.6040500786173489,0.37575358910163725,0.19703627134687704,0.7934843416052192,0.5964480702583421,0.5278297252275537,1.6727161798854473,1.1448864546578936,0.24193768686633055,0.7918155851095264,0.5498778982431959,0.6123821,0.9356155755772724,1.636723546942228,0.6105477662478597,unknown,no,no,ML_much_worse,primary DOI test sample aggregate,ML tau prediction much worse than fitting; ML false high-ZT prediction; possible missing structure/additive feature,True
10.1016_j.nanoen.2019.104394__sample_34183,10.1016/j.nanoen.2019.104394,https://doi.org/10.1016/j.nanoen.2019.104394,,34183,Bi2O1.96Te0.04Se,unknown,n,10,4,1,3,0.2042961844536279,0.5192691746703173,0.3149729902166894,0.11483224903364216,0.5740403556859724,0.4592081066523303,0.016706943768746187,0.5849365329645205,0.5682295891957744,0.10887862952931182,0.6327263434613569,0.5238477139320451,0.6962264,0.6951086118633758,1.1204218583044867,0.5877150547581085,unknown,no,no,ML_much_worse,primary DOI test sample aggregate,ML tau prediction much worse than fitting; ML false high-ZT prediction; possible missing structure/additive feature,True
10.1016_j.nanoen.2019.104394__sample_34184,10.1016/j.nanoen.2019.104394,https://doi.org/10.1016/j.nanoen.2019.104394,,34184,Bi2O1.94Te0.06Se,unknown,n,10,7,3,4,0.22817381304726775,0.835087217125442,0.6069134040781743,0.21688170504130788,1.4569954494285358,1.2401137443872279,0.1875038676977799,1.520039129374787,1.3325352616770072,0.1541033000107562,1.478918331292593,1.324815031281837,0.3682783,0.5114153700440668,1.1419497364607012,0.349275262683863,unknown,no,no,ML_much_worse,primary DOI test sample aggregate,ML tau prediction much worse than fitting; ML false high-ZT prediction; possible missing structure/additive feature,True
10.1016_j.nanoen.2020.104740__sample_33420,10.1016/j.nanoen.2020.104740,https://doi.org/10.1016/j.nanoen.2020.104740,,33420,Ge0.97Ti0.03Te,unknown,p,13,8,3,6,0.24711157941507314,0.8126132280558738,0.5655016486408007,0.27608939926509546,0.4731764979777163,0.19708709871262087,0.3698232078835207,0.3683675264741053,-0.001455681409415377,0.30612557693759684,0.4628151349498379,0.15668955801224105,1.279376,1.782758909966147,0.8220392336191136,1.2743492833929146,unknown,no,no,ML_close_to_fitting,primary DOI test sample aggregate,ML missed high ZT; possible missing structure/additive feature,True
10.1016_j.physb.2006.03.068__sample_4678,10.1016/j.physb.2006.03.068,https://doi.org/10.1016/j.physb.2006.03.068,,4678,Ce0.40Yb0.53Fe4Sb12,unknown,p,134,0,0,0,0.27544069558178225,1.1982828387240634,0.9228421431422811,,,,,,,,,,,,,,unknown,no,no,not_evaluated,primary DOI test sample aggregate,sigma ML error propagated to ZT error; possible missing structure/additive feature,True
10.1016_j.physb.2006.03.068__sample_4679,10.1016/j.physb.2006.03.068,https://doi.org/10.1016/j.physb.2006.03.068,,4679,Yb0.92Fe4Sb12,unknown,p,47,0,0,0,0.6124200972387832,1.7027381476543686,1.0903180504155854,,,,,,,,,,,,,,unknown,no,no,not_evaluated,primary DOI test sample aggregate,sigma ML error propagated to ZT error; possible missing structure/additive feature,True
10.1016_j.physb.2006.10.001__sample_427,10.1016/j.physb.2006.10.001,https://doi.org/10.1016/j.physb.2006.10.001,,427,Pb0.9Sn0.1Te1,unknown,p,32,0,0,0,0.6569852890727687,2.6441524346535745,1.987167145580806,,,,,,,,,,,,,,unknown,no,no,not_evaluated,primary DOI test sample aggregate,sigma ML error propagated to ZT error; possible missing structure/additive feature,True
10.1016_j.physb.2014.03.023__sample_18134,10.1016/j.physb.2014.03.023,https://doi.org/10.1016/j.physb.2014.03.023,,18134,Ce4Sb1.5Ge1.5,unknown,n,33,0,0,0,0.13662188702566513,1.3633691560874988,1.2267472690618337,,,,,,,,,,,,,,unknown,no,no,not_evaluated,primary DOI test sample aggregate,sigma ML error propagated to ZT error; possible missing structure/additive feature,True
10.1016_j.physc.2007.06.013__sample_14878,10.1016/j.physc.2007.06.013,https://doi.org/10.1016/j.physc.2007.06.013,,14878,Bi1.7Pb0.4Sr2Ca1.1Cu2.1O8,unknown,n,23,0,0,0,0.7346264831379894,3.1274695105849406,2.3928430274469514,,,,,,,,,,,,,,unknown,no,no,not_evaluated,primary DOI test sample aggregate,sigma ML error propagated to ZT error; possible missing structure/additive feature,True
10.1016_j.physc.2007.06.013__sample_14879,10.1016/j.physc.2007.06.013,https://doi.org/10.1016/j.physc.2007.06.013,,14879,Bi1.7Pb0.4Sr1.9Nd0.1Ca1.1Cu2.1O8,unknown,n,20,0,0,0,0.3146990003635741,2.5370149028779774,2.2223159025144033,,,,,,,,,,,,,,unknown,no,no,not_evaluated,primary DOI test sample aggregate,sigma ML error propagated to ZT error; possible missing structure/additive feature,True
10.1016_j.physc.2007.06.013__sample_14881,10.1016/j.physc.2007.06.013,https://doi.org/10.1016/j.physc.2007.06.013,,14881,Bi1.7Pb0.4Sr1.7Nd0.3Ca1.1Cu2.1O8,unknown,p,28,0,0,0,0.9243664606075198,2.4036059231343434,1.4792394625268237,,,,,,,,,,,,,,unknown,no,no,not_evaluated,primary DOI test sample aggregate,sigma ML error propagated to ZT error; possible missing structure/additive feature,True
10.1016_j.physc.2007.06.013__sample_14882,10.1016/j.physc.2007.06.013,https://doi.org/10.1016/j.physc.2007.06.013,,14882,Bi1.7Pb0.4Sr1.5Nd0.5Ca1.1Cu2.1O8,unknown,p,25,0,0,0,0.20739624280947297,1.4609172386686153,1.2535209958591425,,,,,,,,,,,,,,unknown,no,no,not_evaluated,primary DOI test sample aggregate,sigma ML error propagated to ZT error; possible missing structure/additive feature,True
10.1016_j.physc.2012.08.003__sample_27397,10.1016/j.physc.2012.08.003,https://doi.org/10.1016/j.physc.2012.08.003,,27397,Bi4O4S3,unknown,n,35,0,0,0,0.11964430992925773,2.595881668659119,2.476237358729861,,,,,,,,,,,,,,unknown,no,no,not_evaluated,primary DOI test sample aggregate,sigma ML error propagated to ZT error; possible missing structure/additive feature,True
10.1016_j.physleta.2005.08.039__sample_7557,10.1016/j.physleta.2005.08.039,https://doi.org/10.1016/j.physleta.2005.08.039,,7557,TiS2,unknown,n,23,0,0,0,0.18248462086151845,2.752772153372218,2.5702875325106995,,,,,,,,,,,,,,unknown,no,no,not_evaluated,primary DOI test sample aggregate,sigma ML error propagated to ZT error; possible missing structure/additive feature,True
10.1016_j.physleta.2005.08.039__sample_7558,10.1016/j.physleta.2005.08.039,https://doi.org/10.1016/j.physleta.2005.08.039,,7558,Nd0.025TiS2,unknown,n,25,0,0,0,0.1434174449976447,2.2441830569849612,2.1007656119873164,,,,,,,,,,,,,,unknown,no,no,not_evaluated,primary DOI test sample aggregate,sigma ML error propagated to ZT error; possible missing structure/additive feature,True
10.1016_j.physleta.2005.08.039__sample_7559,10.1016/j.physleta.2005.08.039,https://doi.org/10.1016/j.physleta.2005.08.039,,7559,Nd0.05TiS2,unknown,n,25,0,0,0,0.2929057501328677,1.5022476134400657,1.209341863307198,,,,,,,,,,,,,,unknown,no,no,not_evaluated,primary DOI test sample aggregate,sigma ML error propagated to ZT error; possible missing structure/additive feature,True
10.1016_j.physleta.2005.08.039__sample_7560,10.1016/j.physleta.2005.08.039,https://doi.org/10.1016/j.physleta.2005.08.039,,7560,Nd0.15TiS2,unknown,n,16,0,0,0,0.15854915017396162,1.3905039461801167,1.2319547960061552,,,,,,,,,,,,,,unknown,no,no,not_evaluated,primary DOI test sample aggregate,sigma ML error propagated to ZT error; possible missing structure/additive feature,True
10.1016_j.pnsc.2016.11.003__sample_14226,10.1016/j.pnsc.2016.11.003,https://doi.org/10.1016/j.pnsc.2016.11.003,,14226,Mg2Si0.875Bi0.125,unknown,n,12,3,1,1,0.30655204759662524,1.5224003762351683,1.215848328638543,0.2721184904731035,0.7136480384318702,0.4415295479587667,0.8541319265197008,0.9671653157437333,0.1130333892240325,0.2791344076247578,0.7120687660185062,0.43293435839374844,0.6797464,0.0277822229035533,0.0062537366485381,0.0217195493592753,unknown,no,no,ML_moderately_worse,primary DOI test sample aggregate,sigma ML error propagated to ZT error; possible missing structure/additive feature,True
10.1016_j.pnsc.2016.11.003__sample_14227,10.1016/j.pnsc.2016.11.003,https://doi.org/10.1016/j.pnsc.2016.11.003,,14227,Mg2Si0.75Bi0.25,unknown,n,12,0,0,0,0.3088512021567225,2.1327774455877653,1.8239262434310428,,,,,,,,,,0.4825106,,,,unknown,no,no,not_evaluated,primary DOI test sample aggregate,sigma ML error propagated to ZT error; possible missing structure/additive feature,True
10.1016_j.pnsc.2016.11.003__sample_14229,10.1016/j.pnsc.2016.11.003,https://doi.org/10.1016/j.pnsc.2016.11.003,,14229,Mg2Si0.5Bi0.5,unknown,n,12,1,0,1,0.30300692326805656,2.6554594819949355,2.352452558726879,0.43203121696251917,0.8976156431161109,0.4655844261535917,,,,0.4320312169625095,0.8976156431161081,0.4655844261535986,0.3213122,0.0012649718524629,9.044029770897806e-05,0.0008833409757268,unknown,no,no,not_evaluated,primary DOI test sample aggregate,sigma ML error propagated to ZT error; possible missing structure/additive feature,True
10.1016_j.scriptamat.2012.02.010__sample_7566,10.1016/j.scriptamat.2012.02.010,https://doi.org/10.1016/j.scriptamat.2012.02.010,,7566,(BiS)1.2(TiS2)2,unknown,n,10,5,0,0,0.20058542251981676,1.342654941067354,1.1420695185475374,0.15538980811726671,0.7230545569262816,0.567664748809015,,,,,,,,,,,unknown,no,no,not_evaluated,primary DOI test sample aggregate,sigma ML error propagated to ZT error; possible missing structure/additive feature,True
10.1016_j.scriptamat.2012.02.010__sample_7567,10.1016/j.scriptamat.2012.02.010,https://doi.org/10.1016/j.scriptamat.2012.02.010,,7567,(Bi0.9Ca0.1S)1.2(TiS2)2,unknown,n,10,8,0,0,0.1744118397406208,2.2447719965238018,2.070360156783181,0.12708988443615857,0.8945141681039607,0.7674242836678021,,,,,,,,,,,unknown,no,no,not_evaluated,primary DOI test sample aggregate,sigma ML error propagated to ZT error; possible missing structure/additive feature,True
10.1016_j.scriptamat.2012.02.010__sample_7568,10.1016/j.scriptamat.2012.02.010,https://doi.org/10.1016/j.scriptamat.2012.02.010,,7568,(Bi0.9Sr0.1S)1.2(TiS2)2,unknown,n,10,7,0,0,0.17882876207606252,1.5761713764801106,1.3973426144040482,0.14695034224917172,0.7890458133244321,0.6420954710752604,,,,,,,,,,,unknown,no,no,not_evaluated,primary DOI test sample aggregate,sigma ML error propagated to ZT error; possible missing structure/additive feature,True
10.1016_j.scriptamat.2012.02.010__sample_7569,10.1016/j.scriptamat.2012.02.010,https://doi.org/10.1016/j.scriptamat.2012.02.010,,7569,(BiS)1.2(Mg0.05Ti0.95S2)2,unknown,n,10,3,0,0,0.19152476172317123,1.7697437176803164,1.5782189559571451,0.06770907073100615,0.8394997821339927,0.7717907114029865,,,,,,,,,,,unknown,no,no,not_evaluated,primary DOI test sample aggregate,sigma ML error propagated to ZT error; possible missing structure/additive feature,True
10.1016_j.scriptamat.2018.05.026__sample_39767,10.1016/j.scriptamat.2018.05.026,https://doi.org/10.1016/j.scriptamat.2018.05.026,,39767,Bi0.4Sb1.6Te3,unknown,p,10,10,1,1,0.12241882754664217,0.16309638026728027,0.0406775527206381,0.11144622166544224,0.10963755160675517,-0.0018086700586870674,0.14341006861128186,0.23092325493833826,0.0875131863270564,0.14567891206637407,0.2329603028600525,0.08728139079367844,1.079542,0.9247248077112395,0.8302506475173564,1.0824089686793303,unknown,no,no,ML_close_to_fitting,primary DOI test sample aggregate,ML missed high ZT; possible missing structure/additive feature,True
10.1016_j.scriptamat.2018.09.010__sample_42839,10.1016/j.scriptamat.2018.09.010,https://doi.org/10.1016/j.scriptamat.2018.09.010,,42839,Cu2Sn0.95Fe0.05Se3,unknown,p,22,17,2,3,0.17004365592171172,1.0614774128114646,0.8914337568897528,0.14647972863243472,0.64278512589844,0.4963053972660052,0.16269674250260552,0.7063415015801419,0.5436447590775364,0.0723233132575461,0.6746457864476353,0.6023224731900891,0.48,0.3705947166788568,0.1299747577090783,0.3904033708411276,unknown,no,no,ML_much_worse,primary DOI test sample aggregate,ML tau prediction much worse than fitting; sigma ML error propagated to ZT error; possible missing structure/additive feature,True
10.1016_j.scriptamat.2018.09.010__sample_42840,10.1016/j.scriptamat.2018.09.010,https://doi.org/10.1016/j.scriptamat.2018.09.010,,42840,Cu2Sn0.90Fe0.10Se3,unknown,p,22,16,2,3,0.24241888077808246,1.499444765055091,1.2570258842770086,0.1839273911803375,0.7643585302803022,0.5804311390999647,0.5467510151524444,0.6478021458449514,0.10105113069250704,0.3584002471349684,0.710427360814781,0.3520271136798126,1.07,1.7165575314411723,0.390863088619136,0.9285721580589577,unknown,no,no,ML_moderately_worse,primary DOI test sample aggregate,sigma ML error propagated to ZT error; ML missed high ZT; possible missing structure/additive feature,True
10.1016_j.scriptamat.2018.09.010__sample_42841,10.1016/j.scriptamat.2018.09.010,https://doi.org/10.1016/j.scriptamat.2018.09.010,,42841,Cu2Sn0.85Fe0.15Se3,unknown,p,22,14,2,2,0.41419244639858616,1.838079461415568,1.4238870150169818,0.4625028646346614,0.805275356587714,0.3427724919530526,0.9310538331391222,0.6778501951735338,-0.2532036379655883,0.8912961686493855,0.6844828035637951,-0.20681336508559045,0.7316667,2.0272235747876715,0.338193409085768,0.7841622822259393,unknown,no,no,ML_better_than_fitting,primary DOI test sample aggregate,sigma ML error propagated to ZT error; possible missing structure/additive feature,True
10.1016_j.scriptamat.2018.09.010__sample_42842,10.1016/j.scriptamat.2018.09.010,https://doi.org/10.1016/j.scriptamat.2018.09.010,,42842,Cu2Sn0.80Fe0.20Se3,unknown,p,22,17,2,4,0.3500008756089239,1.647102689198496,1.297101813589572,0.3521600644206205,0.770247101205477,0.41808703678485654,1.2312229997203312,0.5537770623597486,-0.6774459373605827,0.6686880922098397,0.6788809371935863,0.010192844983746618,0.8733333,1.990597863243751,0.3981002465053337,0.8465427351963736,unknown,no,no,ML_better_than_fitting,primary DOI test sample aggregate,sigma ML error propagated to ZT error; possible missing structure/additive feature,True
10.1016_j.scriptamat.2021.114010__sample_45577,10.1016/j.scriptamat.2021.114010,https://doi.org/10.1016/j.scriptamat.2021.114010,,45577,Bi6Cu2Se3.6Cl0.4O6,unknown,n,13,9,1,5,0.4456777900388776,1.6228579643008576,1.17718017426198,0.3862982831710313,3.8304072210469307,3.4441089378758996,0.6303469391454743,6.762109016147051,6.131762077001577,0.4826620995864227,3.831064878753074,3.3484027791666513,0.07767767,0.0504242088652669,0.2400705008654868,0.0975185982164655,unknown,no,no,ML_much_worse,primary DOI test sample aggregate,ML tau prediction much worse than fitting; sigma ML error propagated to ZT error; possible missing structure/additive feature,True
10.1016_j.scriptamat.2021.114010__sample_45578,10.1016/j.scriptamat.2021.114010,https://doi.org/10.1016/j.scriptamat.2021.114010,,45578,Bi5.9Ti0.1Cu2Se3.6Cl0.4O6,unknown,n,13,9,8,8,0.13153782921348622,1.2499612968770195,1.1184234676635332,0.09610688053540163,2.409250416797219,2.3131435362618173,0.09794514544938751,2.3901084649291375,2.29216331947975,0.0959652755527245,2.360018224517171,2.264052948964446,0.1349463,0.1036878411416543,0.3593891527592062,0.1345840363706655,unknown,no,no,ML_much_worse,primary DOI test sample aggregate,ML tau prediction much worse than fitting; sigma ML error propagated to ZT error; possible missing structure/additive feature,True
10.1016_j.scriptamat.2021.114010__sample_45580,10.1016/j.scriptamat.2021.114010,https://doi.org/10.1016/j.scriptamat.2021.114010,,45580,Bi5.9Ce0.1Cu2Se3.6Cl0.4O6,unknown,n,13,6,3,3,0.13579275250731837,1.4523591226920332,1.3165663701847148,0.12214366228438976,3.0616243913878427,2.939480729103453,0.11255288408987596,2.768174481398006,2.65562159730813,0.11146172105382579,2.772807650669476,2.66134592961565,0.116906,0.0881076081495186,0.3741122537826296,0.0997207537025253,unknown,no,no,ML_much_worse,primary DOI test sample aggregate,ML tau prediction much worse than fitting; sigma ML error propagated to ZT error; possible missing structure/additive feature,True
10.1016_j.solidstatesciences.2009.06.007__sample_4811,10.1016/j.solidstatesciences.2009.06.007,https://doi.org/10.1016/j.solidstatesciences.2009.06.007,,4811,(TiO2)0.04Ba0.22Co4Sb12,unknown,n,12,5,0,0,0.11744948180106864,0.7095210570383259,0.5920715752372573,0.08195994186652797,0.5202754361796751,0.4383154943131471,,,,,,,1.094737,,,,unknown,no,no,not_evaluated,primary DOI test sample aggregate,ML missed high ZT; possible missing structure/additive feature,True
10.1016_j.solidstatesciences.2009.06.007__sample_4812,10.1016/j.solidstatesciences.2009.06.007,https://doi.org/10.1016/j.solidstatesciences.2009.06.007,,4812,(TiO2)0.08Ba0.22Co4Sb12,unknown,n,12,4,0,0,0.11701089647135925,0.6844723108845434,0.5674614144131842,0.12833957587073505,0.4371124710071165,0.3087728951363814,,,,,,,1.014903,,,,unknown,no,no,not_evaluated,primary DOI test sample aggregate,ML missed high ZT; possible missing structure/additive feature,True
10.1016_j.solidstatesciences.2010.05.005__sample_28112,10.1016/j.solidstatesciences.2010.05.005,https://doi.org/10.1016/j.solidstatesciences.2010.05.005,,28112,La0.08Sr0.92TiO3,unknown,n,8,3,1,1,0.6879268577473112,6.587364053786568,5.899437196039257,0.9525168482026559,1141.6853608926542,1140.7328440444517,0.5168923509525397,337.2648824196029,336.7479900686503,0.06701589423632233,652.2617719006655,652.1947560064292,0.0005296682,0.0002558867588772,0.1791681513944027,0.0002742670076547,unknown,no,no,ML_much_worse,primary DOI test sample aggregate,ML tau prediction much worse than fitting; sigma ML error propagated to ZT error; possible missing structure/additive feature,True
10.1016_j.solidstatesciences.2010.05.005__sample_28113,10.1016/j.solidstatesciences.2010.05.005,https://doi.org/10.1016/j.solidstatesciences.2010.05.005,,28113,La0.08Sr0.92TiO3,unknown,n,8,5,0,1,0.4050480418464653,5.6774594109344685,5.272411369088003,0.4560943663478342,345.6637150363184,345.2076206699706,,,,0.9977961448089737,574.383580603824,573.3857844590151,,0.000142998421352,0.0411848545768795,7.157808454259146e-05,unknown,no,no,not_evaluated,primary DOI test sample aggregate,sigma ML error propagated to ZT error; possible missing structure/additive feature,True
10.1016_j.solidstatesciences.2010.05.005__sample_28115,10.1016/j.solidstatesciences.2010.05.005,https://doi.org/10.1016/j.solidstatesciences.2010.05.005,,28115,La0.08Sr0.92TiO3,unknown,n,8,3,0,0,0.637984885852605,2.082721525134836,1.444736639282231,0.207797937725149,5.2329511704574285,5.025153232732279,,,,,,,0.04320265,,,,unknown,no,no,not_evaluated,primary DOI test sample aggregate,sigma ML error propagated to ZT error; possible missing structure/additive feature,True
10.1016_j.ssc.2012.10.003__sample_4795,10.1016/j.ssc.2012.10.003,https://doi.org/10.1016/j.ssc.2012.10.003,,4795,In0.09Nd0.03Co4Sb12.16,unknown,n,73,65,23,61,0.5341008818035256,0.9740180665821964,0.4399171847786708,0.41721463348053245,1.6855363384800002,1.2683217049994677,0.35026645511818977,1.6244381319311743,1.2741716768129845,0.4112389719586328,1.762040991752545,1.3508020197939121,0.1159091,0.1916245600590605,0.4327070206285092,0.1162231456094598,unknown,no,no,ML_much_worse,primary DOI test sample aggregate,ML tau prediction much worse than fitting; possible missing structure/additive feature,True
10.1016_s0921-4526_01_01322-9__sample_18264,10.1016/s0921-4526(01)01322-9,https://doi.org/10.1016/s0921-4526%2801%2901322-9,,18264,UCu5In,unknown,n,23,0,0,0,0.14807921888415057,1.5948360745460224,1.4467568556618717,,,,,,,,,,,,,,unknown,no,no,not_evaluated,primary DOI test sample aggregate,sigma ML error propagated to ZT error; possible missing structure/additive feature,True
10.1016_s0921-4526_01_01322-9__sample_18265,10.1016/s0921-4526(01)01322-9,https://doi.org/10.1016/s0921-4526%2801%2901322-9,,18265,UCu5In,unknown,n,22,0,0,0,0.15360952091750055,1.7144553227027264,1.5608458017852258,,,,,,,,,,,,,,unknown,no,no,not_evaluated,primary DOI test sample aggregate,sigma ML error propagated to ZT error; possible missing structure/additive feature,True
10.1016_s0921-4526_01_01322-9__sample_18266,10.1016/s0921-4526(01)01322-9,https://doi.org/10.1016/s0921-4526%2801%2901322-9,,18266,UCu5In,unknown,n,21,0,0,0,0.176987764071786,1.574598857845839,1.397611093774053,,,,,,,,,,,,,,unknown,no,no,not_evaluated,primary DOI test sample aggregate,sigma ML error propagated to ZT error; possible missing structure/additive feature,True
10.1016_s0925-8388_01_00920-3__sample_486,10.1016/s0925-8388(01)00920-3,https://doi.org/10.1016/s0925-8388%2801%2900920-3,,486,Fe0.98Co0.02Si2,unknown,n,14,0,0,0,0.6886251798338695,2.1480878786735045,1.4594626988396349,,,,,,,,,,,,,,unknown,no,no,not_evaluated,primary DOI test sample aggregate,sigma ML error propagated to ZT error; possible missing structure/additive feature,True
10.1016_s0925-8388_01_00920-3__sample_487,10.1016/s0925-8388(01)00920-3,https://doi.org/10.1016/s0925-8388%2801%2900920-3,,487,Fe0.98Co0.02Si2,unknown,n,10,0,0,0,0.5759838189388127,2.1596432619460235,1.5836594430072108,,,,,,,,,,,,,,unknown,no,no,not_evaluated,primary DOI test sample aggregate,sigma ML error propagated to ZT error; possible missing structure/additive feature,True
10.1016_s0925-8388_01_00926-4__sample_7904,10.1016/s0925-8388(01)00926-4,https://doi.org/10.1016/s0925-8388%2801%2900926-4,,7904,La2.27Ca0.73S4,unknown,n,43,0,0,0,0.29572498715720713,1.30143500604458,1.0057100188873729,,,,,,,,,,,,,,unknown,no,no,not_evaluated,primary DOI test sample aggregate,sigma ML error propagated to ZT error; possible missing structure/additive feature,True
10.1016_s0925-8388_01_00926-4__sample_7905,10.1016/s0925-8388(01)00926-4,https://doi.org/10.1016/s0925-8388%2801%2900926-4,,7905,La2Ca0.1S3,unknown,n,45,0,0,0,0.32341346592364806,1.3413839682187196,1.0179705022950716,,,,,,,,,,,,,,unknown,no,no,not_evaluated,primary DOI test sample aggregate,sigma ML error propagated to ZT error; possible missing structure/additive feature,True
10.1016_s0925-8388_01_00926-4__sample_7907,10.1016/s0925-8388(01)00926-4,https://doi.org/10.1016/s0925-8388%2801%2900926-4,,7907,La2.53Ca0.47S4,unknown,n,41,0,0,0,0.30729458757097333,1.6970558368123405,1.3897612492413671,,,,,,,,,,,,,,unknown,no,no,not_evaluated,primary DOI test sample aggregate,sigma ML error propagated to ZT error; possible missing structure/additive feature,True
10.1016_s0925-8388_01_00926-4__sample_7908,10.1016/s0925-8388(01)00926-4,https://doi.org/10.1016/s0925-8388%2801%2900926-4,,7908,La2Ca0.2S3,unknown,n,43,0,0,0,0.3055098982596825,1.8094946285451732,1.5039847302854907,,,,,,,,,,,,,,unknown,no,no,not_evaluated,primary DOI test sample aggregate,sigma ML error propagated to ZT error; possible missing structure/additive feature,True
10.1016_s0925-8388_01_00926-4__sample_7909,10.1016/s0925-8388(01)00926-4,https://doi.org/10.1016/s0925-8388%2801%2900926-4,,7909,La2.90S4,unknown,n,35,0,0,0,0.28203614931487025,1.3187528401918278,1.0367166908769576,,,,,,,,,,,,,,unknown,no,no,not_evaluated,primary DOI test sample aggregate,sigma ML error propagated to ZT error; possible missing structure/additive feature,True
10.1016_s0925-8388_01_00926-4__sample_7910,10.1016/s0925-8388(01)00926-4,https://doi.org/10.1016/s0925-8388%2801%2900926-4,,7910,La8CaS12,unknown,n,39,0,0,0,0.24505254983567618,1.8462973139290668,1.6012447640933907,,,,,,,,,,,,,,unknown,no,no,not_evaluated,primary DOI test sample aggregate,sigma ML error propagated to ZT error; possible missing structure/additive feature,True
10.1016_s0925-8388_03_00547-4__sample_11024,10.1016/s0925-8388(03)00547-4,https://doi.org/10.1016/s0925-8388%2803%2900547-4,,11024,NiZrSn0.99Sb0.01,unknown,n,21,0,0,0,0.09721138044644399,1.1813093847361256,1.0840980042896815,,,,,,,,,,,,,,unknown,no,no,not_evaluated,primary DOI test sample aggregate,sigma ML error propagated to ZT error; possible missing structure/additive feature,True
10.1016_s0925-8388_03_00547-4__sample_11025,10.1016/s0925-8388(03)00547-4,https://doi.org/10.1016/s0925-8388%2803%2900547-4,,11025,NiZrSn0.98Sb0.02,unknown,n,21,0,0,0,0.11201503936081955,1.4179698895987243,1.3059548502379048,,,,,,,,,,,,,,unknown,no,no,not_evaluated,primary DOI test sample aggregate,sigma ML error propagated to ZT error; possible missing structure/additive feature,True
10.1016_s0925-8388_03_00547-4__sample_11026,10.1016/s0925-8388(03)00547-4,https://doi.org/10.1016/s0925-8388%2803%2900547-4,,11026,NiZrSn0.97Sb0.03,unknown,n,21,0,0,0,0.1000689988983454,1.28457653655811,1.1845075376597647,,,,,,,,,,,,,,unknown,no,no,not_evaluated,primary DOI test sample aggregate,sigma ML error propagated to ZT error; possible missing structure/additive feature,True
10.1016_s0925-8388_03_00547-4__sample_11027,10.1016/s0925-8388(03)00547-4,https://doi.org/10.1016/s0925-8388%2803%2900547-4,,11027,NiZrSn0.95Sb0.05,unknown,n,21,0,0,0,0.11345549593134674,1.2357193282481087,1.122263832316762,,,,,,,,,,,,,,unknown,no,no,not_evaluated,primary DOI test sample aggregate,sigma ML error propagated to ZT error; possible missing structure/additive feature,True
10.1016_s0925-8388_03_00547-4__sample_11028,10.1016/s0925-8388(03)00547-4,https://doi.org/10.1016/s0925-8388%2803%2900547-4,,11028,NiZrSn0.72Sb0.28,unknown,n,12,0,0,0,0.1291054592789514,1.4768227533636364,1.347717294084685,,,,,,,,,,,,,,unknown,no,no,not_evaluated,primary DOI test sample aggregate,sigma ML error propagated to ZT error; possible missing structure/additive feature,True
10.1016_s0955-2219_02_00202-9__sample_20089,10.1016/s0955-2219(02)00202-9,https://doi.org/10.1016/s0955-2219%2802%2900202-9,,20089,Na0.15Ca2.85Co4O9,unknown,p,5,0,0,0,0.5303362039725147,1.2203034675505076,0.6899672635779929,,,,,,,,,,,,,,unknown,no,no,not_evaluated,primary DOI test sample aggregate,sigma ML error propagated to ZT error; possible missing structure/additive feature,True
10.1016_s0955-2219_02_00202-9__sample_20091,10.1016/s0955-2219(02)00202-9,https://doi.org/10.1016/s0955-2219%2802%2900202-9,,20091,Na0.45Ca2.55Co4O9,unknown,p,5,0,0,0,0.8394414999526321,1.1153461195947296,0.27590461964209756,,,,,,,,,,,,,,unknown,no,no,not_evaluated,primary DOI test sample aggregate,sigma ML error propagated to ZT error; possible missing structure/additive feature,True
10.1016_s1002-0721_10_60577-7__sample_4345,10.1016/s1002-0721(10)60577-7,https://doi.org/10.1016/s1002-0721%2810%2960577-7,,4345,LaFe3CoSb12,unknown,n,64,36,2,4,0.12557085687418126,1.193638484419661,1.0680676275454797,0.05626294533637835,0.7040311034487369,0.6477681581123585,0.37232904347412243,0.8084783229558359,0.43614927948171345,0.03817853667776183,0.7049558006378801,0.6667772639601183,0.5037037,0.2364985769041954,0.0721629758336322,0.2558738913860222,unknown,no,no,ML_moderately_worse,primary DOI test sample aggregate,sigma ML error propagated to ZT error; possible missing structure/additive feature,True
10.1016_s1003-6326_08_60326-x__sample_18971,10.1016/s1003-6326(08)60326-x,https://doi.org/10.1016/s1003-6326%2808%2960326-x,,18971,AgMo6Te8,unknown,p,11,6,2,4,0.20251927912985887,1.9182984039267585,1.7157791247968996,0.1259742403951659,0.8572579359508078,0.7312836955556419,0.21033163344500405,0.850968330668037,0.640636697223033,0.13975472504142328,0.8590338885454079,0.7192791635039846,0.02532056,0.0279375172308017,0.0041470293471265,0.0343449950290271,unknown,no,no,ML_much_worse,primary DOI test sample aggregate,ML tau prediction much worse than fitting; sigma ML error propagated to ZT error; possible missing structure/additive feature,True
10.1016_s1003-6326_08_60326-x__sample_18972,10.1016/s1003-6326(08)60326-x,https://doi.org/10.1016/s1003-6326%2808%2960326-x,,18972,Ag2Mo6Te8,unknown,p,11,4,2,4,0.14382089626603442,1.9241638695095875,1.7803429732435532,0.1620738289772943,0.8484322441921505,0.6863584152148562,0.11811830802778009,0.8705523582420824,0.7524340502143023,0.16207382897710387,0.8484322441921522,0.6863584152150484,0.0208071,0.0141771090085407,0.0020809971958896,0.0145467769154615,unknown,no,no,ML_much_worse,primary DOI test sample aggregate,ML tau prediction much worse than fitting; sigma ML error propagated to ZT error; possible missing structure/additive feature,True
10.1016_s1003-6326_08_60326-x__sample_18973,10.1016/s1003-6326(08)60326-x,https://doi.org/10.1016/s1003-6326%2808%2960326-x,,18973,CuMo6Te8,unknown,p,11,6,0,1,0.1336124992637482,1.2113585391134982,1.07774603984975,0.12176070111427795,0.7008814708287083,0.5791207697144304,,,,0.010626423802811057,0.7031862873281389,0.6925598635253278,0.004122488,0.000391110800814,0.0001173338884811,0.0003953115488664,unknown,no,no,not_evaluated,primary DOI test sample aggregate,sigma ML error propagated to ZT error; possible missing structure/additive feature,True
10.1016_s1003-6326_08_60326-x__sample_18974,10.1016/s1003-6326(08)60326-x,https://doi.org/10.1016/s1003-6326%2808%2960326-x,,18974,Cu2Mo6Te8,unknown,p,11,2,0,1,0.09579501662725148,1.455785835272116,1.3599908186448646,0.07476023573453577,0.7835364246018238,0.7087761888672881,,,,0.1091799390979683,0.7915890530576674,0.682409113959699,0.01001833,0.0054499379900116,0.001275034978585,0.0061178887063826,unknown,no,no,not_evaluated,primary DOI test sample aggregate,sigma ML error propagated to ZT error; possible missing structure/additive feature,True
10.1016_s1003-6326_11_60931-x__sample_9421,10.1016/s1003-6326(11)60931-x,https://doi.org/10.1016/s1003-6326%2811%2960931-x,,9421,Mg2Si,unknown,n,9,7,2,3,0.285486443467683,0.3735767108164412,0.08809026734875824,0.2654693751772298,0.3082910975503826,0.04282172237315279,7.893542687418531,5.989263372923681,-1.9042793144948504,0.1549171732049414,0.33324723913975524,0.17833006593481385,0.1317901,1.0031085729553004,0.7883236472165914,1.2951401458361558,unknown,no,no,ML_better_than_fitting,primary DOI test sample aggregate,possible missing structure/additive feature,True
10.1021_acs.cgd.5b01015__sample_9804,10.1021/acs.cgd.5b01015,https://doi.org/10.1021/acs.cgd.5b01015,,9804,Bi33.5In7.5Te59,unknown,n,15,15,15,15,0.09097845262441738,1.430079547588082,1.3391010949636648,0.07100937586267188,3.183777303204588,3.1127679273419164,0.06677680109592705,3.1137664411825012,3.0469896400865744,0.07100937586267167,3.1837773032056527,3.112767927342981,0.02173018,0.0234102082649652,0.0975490051744372,0.0214308924902934,unknown,no,no,ML_much_worse,primary DOI test sample aggregate,ML tau prediction much worse than fitting; sigma ML error propagated to ZT error; possible missing structure/additive feature,True
10.1021_acs.cgd.5b01015__sample_9807,10.1021/acs.cgd.5b01015,https://doi.org/10.1021/acs.cgd.5b01015,,9807,Bi38.2In3Te58.5,unknown,n,14,14,14,14,0.20625655171720747,1.4397364824836472,1.2334799307664397,0.16866334189908988,0.7541918906551361,0.5855285487560462,0.16929910057745592,0.7545234770660272,0.5852243764885713,0.16866334189906146,0.7541918906550926,0.5855285487560311,0.2859268,0.4166759412572666,0.1002255413400664,0.2850588295790907,unknown,no,no,ML_much_worse,primary DOI test sample aggregate,ML tau prediction much worse than fitting; sigma ML error propagated to ZT error; possible missing structure/additive feature,True
10.1021_acs.chemmater.1c01387__sample_45487,10.1021/acs.chemmater.1c01387,https://doi.org/10.1021/acs.chemmater.1c01387,,45487,PbBi2S4,unknown,n,11,10,3,3,0.09550136834262675,0.5733790452266649,0.4778776768840382,0.0785746395466157,0.7479877047945398,0.6694130652479241,0.08138280957888666,0.713877965817765,0.6324951562388783,0.08398273929023052,0.7320909997287735,0.648108260438543,0.458562,0.4964776806759391,0.8738496500086379,0.4504811386040865,unknown,no,no,ML_much_worse,primary DOI test sample aggregate,ML tau prediction much worse than fitting; possible missing structure/additive feature,True
10.1021_acs.chemmater.5b03365__sample_6720,10.1021/acs.chemmater.5b03365,https://doi.org/10.1021/acs.chemmater.5b03365,,6720,La1.083S1.083NbS2,unknown,p,28,0,0,0,0.21640775436861784,1.0617589422317102,0.8453511878630924,,,,,,,,,,,,,,unknown,no,no,not_evaluated,primary DOI test sample aggregate,sigma ML error propagated to ZT error; possible missing structure/additive feature,True
10.1021_acs.chemmater.5b03365__sample_6724,10.1021/acs.chemmater.5b03365,https://doi.org/10.1021/acs.chemmater.5b03365,,6724,La1.197S1.197NbS2,unknown,p,28,0,0,0,0.23395520532851946,1.2405131311554796,1.0065579258269601,,,,,,,,,,,,,,unknown,no,no,not_evaluated,primary DOI test sample aggregate,sigma ML error propagated to ZT error; possible missing structure/additive feature,True
10.1021_acs.chemmater.5b04365__sample_275,10.1021/acs.chemmater.5b04365,https://doi.org/10.1021/acs.chemmater.5b04365,,275,Sn0.96Ca0.07Te1,unknown,p,12,12,2,12,0.4439487319028298,1.216347747675465,0.7723990157726351,0.41496278537709436,0.6455678450679413,0.23060505969084694,0.555441443506392,0.7647732221740495,0.2093317786676575,0.414962785377075,0.6455678450679164,0.23060505969084144,0.800813,1.5926370934313074,0.5132229948837967,0.986212473863556,unknown,no,no,ML_moderately_worse,primary DOI test sample aggregate,sigma ML error propagated to ZT error; possible missing structure/additive feature,True
10.1021_acs.chemmater.5b04365__sample_279,10.1021/acs.chemmater.5b04365,https://doi.org/10.1021/acs.chemmater.5b04365,,279,Sn1Ca0.03Te1,unknown,p,12,12,2,12,0.530135120133786,1.0176608786874484,0.4875257585536623,0.5134974303292071,0.5203278349111372,0.006830404581930072,0.7368907068486782,0.8896234315503997,0.1527327247017215,0.5134974303291849,0.5203278349111258,0.006830404581940841,0.4349593,1.1567277613161426,0.4852570557096753,0.7223382760353169,unknown,no,no,ML_moderately_worse,primary DOI test sample aggregate,sigma ML error propagated to ZT error; possible missing structure/additive feature,True
10.1021_acs.chemmater.5b04365__sample_330,10.1021/acs.chemmater.5b04365,https://doi.org/10.1021/acs.chemmater.5b04365,,330,Sn0.94Ca0.09Te1,unknown,p,12,12,1,12,0.44414855899141764,1.1022447432598352,0.6580961842684176,0.40910280867716203,0.598766626591475,0.18966381791431292,0.7245778285709875,0.8995654737379658,0.1749876451669783,0.40910280867716375,0.5987666265914593,0.18966381791429554,0.3373984,1.7097958826464674,0.623488438085439,1.1643500436396583,unknown,no,no,ML_moderately_worse,primary DOI test sample aggregate,sigma ML error propagated to ZT error; possible missing structure/additive feature,True
10.1021_acs.chemmater.5b04365__sample_397,10.1021/acs.chemmater.5b04365,https://doi.org/10.1021/acs.chemmater.5b04365,,397,Sn0.98Ca0.05Te1,unknown,p,12,12,3,12,0.5503925870471875,1.0480600028408678,0.49766741579368023,0.5353401101545275,0.526505478981307,-0.008834631173220586,0.7565924212610252,0.9002336950717692,0.14364127381074399,0.5353401101545204,0.5265054789812761,-0.008834631173244345,0.3699187,1.3325966080887075,0.5461959740024162,0.7095163611965434,unknown,no,no,ML_moderately_worse,primary DOI test sample aggregate,sigma ML error propagated to ZT error; possible missing structure/additive feature,True
10.1021_acs.chemmater.5b04365__sample_400,10.1021/acs.chemmater.5b04365,https://doi.org/10.1021/acs.chemmater.5b04365,,400,Sn1.03Te1,unknown,p,8,5,1,5,0.5287892355527978,1.3817738709007887,0.852984635347991,0.5373105234509599,0.6471049912435167,0.10979446779255686,0.40509761842812714,0.8340298853206467,0.42893226689251956,0.5373105234509203,0.6471049912434963,0.10979446779257596,0.300813,1.0308638757018964,0.2875977655644603,0.4281393506727797,unknown,no,no,ML_moderately_worse,primary DOI test sample aggregate,sigma ML error propagated to ZT error; possible missing structure/additive feature,True
10.1021_acs.chemmater.7b02685__sample_82465,10.1021/acs.chemmater.7b02685,https://doi.org/10.1021/acs.chemmater.7b02685,,82465,(TiNiSn)0.98(MnNiSb)0.02,unknown,n,25,1,0,0,0.14154560626069437,1.054126690399476,0.9125810841387816,0.23989806070729822,0.7325661370738059,0.49266807636650767,,,,,,,0.4499,,,,unknown,no,no,not_evaluated,primary DOI test sample aggregate,sigma ML error propagated to ZT error; possible missing structure/additive feature,True
10.1021_acs.chemmater.7b02685__sample_82466,10.1021/acs.chemmater.7b02685,https://doi.org/10.1021/acs.chemmater.7b02685,,82466,(TiNiSn)0.97(MnNiSb)0.03,unknown,n,25,7,2,3,0.1441457220204391,0.9454712735272693,0.8013255515068303,0.17224984409656172,0.6075644992564346,0.4353146551598729,0.1009899646119311,0.6077582726429669,0.5067683080310358,0.09397819645164875,0.5946003607351388,0.50062216428349,0.4358,0.4791762867962955,0.1882272589484762,0.4333443110975358,unknown,no,no,ML_much_worse,primary DOI test sample aggregate,ML tau prediction much worse than fitting; possible missing structure/additive feature,True
10.1021_acs.chemmater.7b02685__sample_82467,10.1021/acs.chemmater.7b02685,https://doi.org/10.1021/acs.chemmater.7b02685,,82467,(TiNiSn)0.95(MnNiSb)0.05,unknown,n,25,4,2,4,0.09865814686078972,1.30333539790825,1.2046772510474604,0.14492890855590176,0.7054780016263398,0.560549093070438,0.12394470059992709,0.722107053064553,0.5981623524646259,0.14492890855589774,0.7054780016263306,0.5605490930704329,0.618,0.796754971231752,0.2172288064479425,0.6218492945257205,unknown,no,no,ML_much_worse,primary DOI test sample aggregate,ML tau prediction much worse than fitting; sigma ML error propagated to ZT error; possible missing structure/additive feature,True
10.1021_acs.chemmater.7b02685__sample_82468,10.1021/acs.chemmater.7b02685,https://doi.org/10.1021/acs.chemmater.7b02685,,82468,(TiNiSn)0.925(MnNiSb)0.075,unknown,n,24,23,4,9,0.10508019414355957,1.4711529614830712,1.3660727673395117,0.08794362817006228,0.7683958591022236,0.6804522309321613,0.12781478704970878,0.7537827488562803,0.6259679618065714,0.12631076334479785,0.7472708050481125,0.6209600417033146,0.425,0.5018886932494245,0.1156979588994624,0.4202487991323484,unknown,no,no,ML_much_worse,primary DOI test sample aggregate,ML tau prediction much worse than fitting; sigma ML error propagated to ZT error; possible missing structure/additive feature,True
10.1021_acs.chemmater.7b02685__sample_82469,10.1021/acs.chemmater.7b02685,https://doi.org/10.1021/acs.chemmater.7b02685,,82469,(TiNiSn)0.9(MnNiSb)0.1,unknown,n,26,4,1,2,0.10830197807494807,1.5846294704618615,1.4763274923869134,0.10429797783318673,0.773117839671841,0.6688198618386543,0.0013048969650093882,0.7944836984475552,0.7931788014825458,0.05850417842936991,0.7829071196914943,0.7244029412621243,0.5615,0.2458787343672147,0.0505981134422119,0.2467555384900857,unknown,no,no,ML_much_worse,primary DOI test sample aggregate,ML tau prediction much worse than fitting; sigma ML error propagated to ZT error; possible missing structure/additive feature,True
10.1021_acs.chemmater.7b04023__sample_31992,10.1021/acs.chemmater.7b04023,https://doi.org/10.1021/acs.chemmater.7b04023,,31992,GeTe,unknown,p,10,9,1,1,0.26376707437277563,1.2336554727610127,0.9698883983882371,0.2369958804028441,0.6971843847055487,0.4601885043027045,0.3462686318327639,0.8041069548577188,0.45783832302495486,0.28141742397169517,0.7846740483036464,0.5032566243319512,0.0422642,0.0276294332904937,0.0082792628385024,0.0384499070979497,unknown,no,no,ML_moderately_worse,primary DOI test sample aggregate,sigma ML error propagated to ZT error; possible missing structure/additive feature,True
10.1021_acs.chemmater.7b04023__sample_31996,10.1021/acs.chemmater.7b04023,https://doi.org/10.1021/acs.chemmater.7b04023,,31996,Ge0.90Bi0.05Sb0.05Te,unknown,p,11,11,1,1,0.2293132976543144,0.44989640726328345,0.22058310960896904,0.20294162530344392,0.5196763779494176,0.3167347526459736,0.22492853708810992,0.8039004162606164,0.5789718791725065,0.2085790652390436,0.7798232409959417,0.5712441757568981,0.2324528,0.2292696293010741,0.3376356801314163,0.1897018042884328,unknown,no,no,ML_much_worse,primary DOI test sample aggregate,ML tau prediction much worse than fitting; possible missing structure/additive feature,True
10.1021_acs.chemmater.7b04023__sample_31997,10.1021/acs.chemmater.7b04023,https://doi.org/10.1021/acs.chemmater.7b04023,,31997,Ge0.88Bi0.02Sb0.10Te,unknown,p,11,10,4,5,0.3472946278608971,0.5797460749618294,0.2324514471009323,0.3340513962391568,0.7542730702351019,0.4202216739959451,0.36788325209094036,1.1759722619125628,0.8080890098216225,0.36441490442636265,1.0215726174704622,0.6571577130440995,1.373585,1.0466311695309527,1.664937698353403,1.206747150851662,unknown,no,no,ML_much_worse,primary DOI test sample aggregate,ML tau prediction much worse than fitting; possible missing structure/additive feature,True
10.1021_acs.chemmater.7b04436__sample_44019,10.1021/acs.chemmater.7b04436,https://doi.org/10.1021/acs.chemmater.7b04436,,44019,Cu4.94FeS4,unknown,p,26,0,0,0,0.319557650156556,1.0297462719066943,0.7101886217501383,,,,,,,,,,,,,,unknown,no,no,not_evaluated,primary DOI test sample aggregate,sigma ML error propagated to ZT error; possible missing structure/additive feature,True
10.1021_acs.chemmater.7b04436__sample_44026,10.1021/acs.chemmater.7b04436,https://doi.org/10.1021/acs.chemmater.7b04436,,44026,Cu5.04Fe0.96S4,unknown,p,25,0,0,0,0.572688429509153,2.4103908197537645,1.8377023902446115,,,,,,,,,,,,,,unknown,no,no,not_evaluated,primary DOI test sample aggregate,sigma ML error propagated to ZT error; possible missing structure/additive feature,True
10.1021_acs.chemmater.7b04436__sample_44027,10.1021/acs.chemmater.7b04436,https://doi.org/10.1021/acs.chemmater.7b04436,,44027,Cu5.06Fe0.94S4,unknown,p,26,0,0,0,0.6182047049204836,1.6732132794884753,1.0550085745679918,,,,,,,,,,,,,,unknown,no,no,not_evaluated,primary DOI test sample aggregate,sigma ML error propagated to ZT error; possible missing structure/additive feature,True
10.1021_acs.chemmater.7b04436__sample_44028,10.1021/acs.chemmater.7b04436,https://doi.org/10.1021/acs.chemmater.7b04436,,44028,Cu5.08Fe0.92S4,unknown,p,25,0,0,0,0.49601404285268924,1.6059202690050023,1.109906226152313,,,,,,,,,,,,,,unknown,no,no,not_evaluated,primary DOI test sample aggregate,sigma ML error propagated to ZT error; possible missing structure/additive feature,True
10.1021_acs.chemmater.7b04436__sample_44029,10.1021/acs.chemmater.7b04436,https://doi.org/10.1021/acs.chemmater.7b04436,,44029,Cu5.1Fe0.9S4,unknown,p,26,0,0,0,0.594351012877472,1.2169529053897408,0.6226018925122687,,,,,,,,,,,,,,unknown,no,no,not_evaluated,primary DOI test sample aggregate,sigma ML error propagated to ZT error; possible missing structure/additive feature,True
10.1021_acs.chemmater.7b04436__sample_44033,10.1021/acs.chemmater.7b04436,https://doi.org/10.1021/acs.chemmater.7b04436,,44033,Cu4.96Fe0.98S4,unknown,p,26,0,0,0,0.2861802865144345,1.557271685989747,1.2710913994753126,,,,,,,,,,,,,,unknown,no,no,not_evaluated,primary DOI test sample aggregate,sigma ML error propagated to ZT error; possible missing structure/additive feature,True
10.1021_acs.chemmater.7b04436__sample_44034,10.1021/acs.chemmater.7b04436,https://doi.org/10.1021/acs.chemmater.7b04436,,44034,Cu4.972Fe0.968S4,unknown,p,27,0,0,0,0.4525174176055999,1.8427355157915266,1.3902180981859267,,,,,,,,,,,,,,unknown,no,no,not_evaluated,primary DOI test sample aggregate,sigma ML error propagated to ZT error; possible missing structure/additive feature,True
10.1021_acs.chemmater.7b04436__sample_44035,10.1021/acs.chemmater.7b04436,https://doi.org/10.1021/acs.chemmater.7b04436,,44035,Cu4.98Fe0.96S4,unknown,p,28,0,0,0,0.5735654331608397,2.0034907426215023,1.4299253094606625,,,,,,,,,,,,,,unknown,no,no,not_evaluated,primary DOI test sample aggregate,sigma ML error propagated to ZT error; possible missing structure/additive feature,True
10.1021_acs.chemmater.7b04436__sample_44036,10.1021/acs.chemmater.7b04436,https://doi.org/10.1021/acs.chemmater.7b04436,,44036,Cu5Fe0.94S4,unknown,p,26,0,0,0,0.3289208989352008,1.0005912832659674,0.6716703843307665,,,,,,,,,,,,,,unknown,no,no,not_evaluated,primary DOI test sample aggregate,sigma ML error propagated to ZT error; possible missing structure/additive feature,True
10.1021_acs.chemmater.8b00254__sample_40614,10.1021/acs.chemmater.8b00254,https://doi.org/10.1021/acs.chemmater.8b00254,,40614,Cu2Se,unknown,p,9,9,0,0,0.13083287084771145,1.5896602321966826,1.458827361348971,0.1228000018287231,0.7931089510737933,0.6703089492450702,,,,,,,0.1394923,,,,unknown,no,no,not_evaluated,primary DOI test sample aggregate,sigma ML error propagated to ZT error; possible missing structure/additive feature,True
10.1021_acs.chemmater.8b00254__sample_40615,10.1021/acs.chemmater.8b00254,https://doi.org/10.1021/acs.chemmater.8b00254,,40615,Cu2.025Se,unknown,p,9,9,6,6,0.10249681773684025,0.8772807052995133,0.774783887562673,0.08084587174071967,0.5793255544515898,0.4984796827108702,0.07961915452638073,0.5798926435852181,0.5002734890588374,0.08230765922961956,0.5628508638532342,0.48054320462361466,0.5095863,0.5755626372081312,0.2408262025956118,0.4847023628968228,unknown,no,no,ML_much_worse,primary DOI test sample aggregate,ML tau prediction much worse than fitting; possible missing structure/additive feature,True
10.1021_acs.chemmater.8b00254__sample_40617,10.1021/acs.chemmater.8b00254,https://doi.org/10.1021/acs.chemmater.8b00254,,40617,Cu2.075Se,unknown,p,9,9,7,7,0.19651492742737153,0.6407861947922923,0.44427126736492073,0.16869750875813241,0.8787435629877359,0.7100460542296035,0.25133124054106487,0.8891733950743722,0.6378421545333073,0.20208196052965932,0.9170010181411756,0.7149190576115163,0.8967334,1.1143894728923898,2.050770482884692,0.8023787409541561,unknown,no,no,ML_much_worse,primary DOI test sample aggregate,ML tau prediction much worse than fitting; ML false high-ZT prediction; possible missing structure/additive feature,True
10.1021_acs.chemmater.8b03994__sample_43366,10.1021/acs.chemmater.8b03994,https://doi.org/10.1021/acs.chemmater.8b03994,,43366,Yb0.25Co3.75Fe0.25Sb12,unknown,n,10,7,4,6,0.10064276270426095,0.6787927884608244,0.5781500257565634,0.09194373350211937,0.9522087021338791,0.8602649686317597,0.13664703920010401,0.8887583255013403,0.7521112863012362,0.10585760125379463,0.9486908607050899,0.8428332594512953,1.243564,1.377346344277456,2.695136956374081,1.2674198260082017,unknown,no,no,ML_much_worse,primary DOI test sample aggregate,ML tau prediction much worse than fitting; possible missing structure/additive feature,True
10.1021_acs.chemmater.8b03994__sample_43367,10.1021/acs.chemmater.8b03994,https://doi.org/10.1021/acs.chemmater.8b03994,,43367,Yb0.25Co3.5Fe0.5Sb12,unknown,p,7,4,1,3,0.27713803472991394,1.408751261840837,1.1316132271109232,0.2549960913320613,3.6994131801431407,3.4444170888110794,0.152483125283489,3.586609150379615,3.434126025096126,0.2511640809436351,3.585771611933295,3.33460753098966,0.02454361,0.0230351181686287,0.0916743000001145,0.0194648207140976,unknown,no,no,ML_much_worse,primary DOI test sample aggregate,ML tau prediction much worse than fitting; sigma ML error propagated to ZT error; possible missing structure/additive feature,True
10.1021_acs.chemmater.8b03994__sample_43370,10.1021/acs.chemmater.8b03994,https://doi.org/10.1021/acs.chemmater.8b03994,,43370,Yb0.3Co3.5Fe0.5Sb12,unknown,n,10,8,5,7,0.5114685826668117,2.1688783249073147,1.657409742240503,0.5136523390609093,8.448046779457815,7.934394440396906,0.556311520994581,10.631666779433512,10.07535525843893,0.56057301392845,8.839879418747604,8.279306404819154,0.1838794,0.180293097493585,1.4836964602434954,0.1880271409393969,unknown,no,no,ML_much_worse,primary DOI test sample aggregate,ML tau prediction much worse than fitting; sigma ML error propagated to ZT error; ML false high-ZT prediction; possible missing structure/additive feature,True
10.1021_acs.chemmater.8b03994__sample_43371,10.1021/acs.chemmater.8b03994,https://doi.org/10.1021/acs.chemmater.8b03994,,43371,Yb0.4Co3.9Fe0.1Sb12,unknown,n,8,7,3,4,0.09191561657581505,0.31498055045098555,0.2230649338751705,0.07193096227122113,0.24751588797385082,0.17558492570262968,0.0421869652349344,0.2503922370408663,0.20820527180593187,0.048322506745797175,0.28914257594910536,0.24082006920330817,1.135314,0.9450037773750616,0.6991867261460468,1.0831653064819295,unknown,no,no,ML_moderately_worse,primary DOI test sample aggregate,ML missed high ZT; possible missing structure/additive feature,True
10.1021_acs.chemmater.8b03994__sample_43372,10.1021/acs.chemmater.8b03994,https://doi.org/10.1021/acs.chemmater.8b03994,,43372,Yb0.4Co3.75Fe0.25Sb12,unknown,n,8,7,0,0,0.06787611500708657,0.315424158905568,0.24754804389848145,0.06804150957641698,0.3612021753894165,0.29316066581299954,,,,,,,1.31749,,,,unknown,no,no,not_evaluated,primary DOI test sample aggregate,ML missed high ZT; possible missing structure/additive feature,True
10.1021_acs.chemmater.8b03994__sample_43373,10.1021/acs.chemmater.8b03994,https://doi.org/10.1021/acs.chemmater.8b03994,,43373,Yb0.4Co3.5Fe0.5Sb12,unknown,n,10,10,10,10,0.20237427562711854,1.1951037967448483,0.9927295211177298,0.15841056432541628,2.3152731301868843,2.156862565861468,0.15774461773017906,2.3086266106751885,2.1508819929450094,0.15841056432541592,2.3152731301868235,2.1568625658614073,0.830201,0.8257858461548965,2.6816297491970364,0.8278548740632665,unknown,no,no,ML_much_worse,primary DOI test sample aggregate,ML tau prediction much worse than fitting; sigma ML error propagated to ZT error; ML false high-ZT prediction; possible missing structure/additive feature,True
10.1021_acs.chemmater.8b03994__sample_43374,10.1021/acs.chemmater.8b03994,https://doi.org/10.1021/acs.chemmater.8b03994,,43374,Yb0.5Co3.9Fe0.1Sb12,unknown,n,9,9,1,3,0.08992426792578677,0.3771710594598597,0.2872467915340729,0.06963287081577345,0.3038607977017118,0.23422792688593835,0.0004490414290179863,0.3070126999256753,0.30656365849665734,0.069491649939398,0.25879074579133565,0.18929909585193766,1.09571,1.279246514687391,0.8868998431156538,1.0833958114254705,unknown,no,no,ML_moderately_worse,primary DOI test sample aggregate,ML missed high ZT; possible missing structure/additive feature,True
10.1021_acs.chemmater.8b03994__sample_43390,10.1021/acs.chemmater.8b03994,https://doi.org/10.1021/acs.chemmater.8b03994,,43390,Yb0.25Co3.8Fe0.2Sb12,unknown,n,8,5,0,3,0.1052175400974858,0.5999895167903863,0.49477197669290046,0.08599551635663731,0.9079556970282606,0.8219601806716234,,,,0.07782249359576164,0.8581859656429941,0.7803634720472324,0.9569655,0.941726126648273,1.700038540296333,1.015598011826569,unknown,no,no,not_evaluated,primary DOI test sample aggregate,ML false high-ZT prediction; possible missing structure/additive feature,True
10.1021_acs.chemmater.8b03994__sample_43391,10.1021/acs.chemmater.8b03994,https://doi.org/10.1021/acs.chemmater.8b03994,,43391,Yb0.25Co3.7Fe0.3Sb12,unknown,n,8,5,3,4,0.22587852151862875,1.598158829022965,1.3722803075043362,0.1876052898789941,4.491566442726132,4.303961152847138,0.19630605325281447,4.476093613595078,4.279787560342264,0.20848137567640673,4.521529305925464,4.313047930249057,0.5420613,0.4780809899522873,2.325978279275166,0.5191365715304507,unknown,no,no,ML_much_worse,primary DOI test sample aggregate,ML tau prediction much worse than fitting; sigma ML error propagated to ZT error; ML false high-ZT prediction; possible missing structure/additive feature,True
10.1021_acs.chemmater.8b03994__sample_43392,10.1021/acs.chemmater.8b03994,https://doi.org/10.1021/acs.chemmater.8b03994,,43392,Yb0.25Co3.6Fe0.4Sb12,unknown,n,8,4,1,3,0.5098174312667728,2.515765315084066,2.005947883817293,0.6033489428122941,13.039520092840185,12.43617115002789,0.5752132616841803,3.989814613420296,3.4146013517361156,0.5243869784098029,10.51383803576895,9.989451057359148,0.0448468,0.0200820365318915,0.2358963458966836,0.0474375131919008,unknown,no,no,ML_much_worse,primary DOI test sample aggregate,ML tau prediction much worse than fitting; sigma ML error propagated to ZT error; possible missing structure/additive feature,True
10.1021_acs.chemmater.8b03994__sample_43393,10.1021/acs.chemmater.8b03994,https://doi.org/10.1021/acs.chemmater.8b03994,,43393,Yb0.3Co3.8Fe0.2Sb12,unknown,n,10,1,0,0,0.08758622780271293,0.11611716648157049,0.02853093867885756,0.051062763533736164,0.13432446898352535,0.08326170544978918,,,,,,,1.160477,,,,unknown,no,no,not_evaluated,primary DOI test sample aggregate,ML missed high ZT; possible missing structure/additive feature,True
10.1021_acs.chemmater.8b03994__sample_43394,10.1021/acs.chemmater.8b03994,https://doi.org/10.1021/acs.chemmater.8b03994,,43394,Yb0.3Co3.7Fe0.3Sb12,unknown,n,8,3,2,2,0.11374486799837906,0.6168084039956838,0.5030635359973048,0.11661170538631593,1.0160833680858916,0.8994716626995757,0.1683468440968512,1.1421708116939224,0.9738239675970712,0.1621425394386128,1.1307951826049352,0.9686526431663224,1.02679,0.4761158839132883,0.8729612740053337,0.4239184358398948,unknown,no,no,ML_much_worse,primary DOI test sample aggregate,ML tau prediction much worse than fitting; ML missed high ZT; possible missing structure/additive feature,True
10.1021_acs.chemmater.8b03994__sample_43395,10.1021/acs.chemmater.8b03994,https://doi.org/10.1021/acs.chemmater.8b03994,,43395,Yb0.3Co3.6Fe0.4Sb12,unknown,n,8,3,0,1,0.2569417619719619,1.2244965341880072,0.9675547722160454,0.11796120572640761,2.6284691385027528,2.510507932776345,,,,0.31945490503452717,3.368650442743602,3.0491955377090747,0.6777188,0.3974510582503288,1.3159409502886923,0.3012236770910548,unknown,no,no,not_evaluated,primary DOI test sample aggregate,sigma ML error propagated to ZT error; ML false high-ZT prediction; possible missing structure/additive feature,True
10.1021_acs.chemmater.8b03994__sample_43398,10.1021/acs.chemmater.8b03994,https://doi.org/10.1021/acs.chemmater.8b03994,,43398,Yb0.4Co3.6Fe0.4Sb12,unknown,n,8,4,1,3,0.11935066365784844,0.6351963602746484,0.5158456966168,0.12292165385421697,0.8212477562553225,0.6983261024011056,0.05855580062709086,0.7568855529746394,0.6983297523475486,0.09799222819576547,0.6832908673814987,0.5852986391857332,0.8621359,0.893710962068266,1.667807692520352,0.922654636615148,unknown,no,no,ML_much_worse,primary DOI test sample aggregate,ML tau prediction much worse than fitting; ML false high-ZT prediction; possible missing structure/additive feature,True
10.1021_acs.chemmater.8b03994__sample_43399,10.1021/acs.chemmater.8b03994,https://doi.org/10.1021/acs.chemmater.8b03994,,43399,Yb0.5Co3.8Fe0.2Sb12,unknown,n,9,5,1,2,0.07823642581848292,0.3874121401563737,0.3091757143378908,0.06836019441310096,0.2925951273376728,0.22423493292457183,0.036335128691686466,0.2908864152080339,0.2545512865163474,0.06833209339469788,0.2689924528064518,0.20066035941175392,1.085965,1.1254236780296674,0.7700725341086075,1.090643485875831,unknown,no,no,ML_moderately_worse,primary DOI test sample aggregate,ML missed high ZT; possible missing structure/additive feature,True
10.1021_acs.chemmater.8b03994__sample_43400,10.1021/acs.chemmater.8b03994,https://doi.org/10.1021/acs.chemmater.8b03994,,43400,Yb0.5Co3.7Fe0.3Sb12,unknown,n,10,2,0,1,0.1024888831589579,0.1648445659375445,0.06235568277858661,0.15120456898725115,0.03677477644905696,-0.11442979253819419,,,,0.10936160696189191,0.025008672366925815,-0.0843529345949661,1.024561,0.280846815837693,0.2468295352180148,0.2531607494573593,unknown,no,no,not_evaluated,primary DOI test sample aggregate,ML missed high ZT; possible missing structure/additive feature,True
10.1021_acs.inorgchem.0c01805__sample_37136,10.1021/acs.inorgchem.0c01805,https://doi.org/10.1021/acs.inorgchem.0c01805,,37136,ReGa2Ge,unknown,n,39,0,0,0,0.356759562374712,3.5882336849053367,3.2314741225306247,,,,,,,,,,,,,,unknown,no,no,not_evaluated,primary DOI test sample aggregate,sigma ML error propagated to ZT error; possible missing structure/additive feature,True
10.1021_acs.inorgchem.5b01296__sample_20402,10.1021/acs.inorgchem.5b01296,https://doi.org/10.1021/acs.inorgchem.5b01296,,20402,Ca3Co4O9,unknown,p,23,0,0,0,0.20389845214111166,1.0694921106363293,0.8655936584952176,,,,,,,,,,,,,,unknown,no,no,not_evaluated,primary DOI test sample aggregate,sigma ML error propagated to ZT error; possible missing structure/additive feature,True
10.1021_acs.inorgchem.5b01296__sample_20404,10.1021/acs.inorgchem.5b01296,https://doi.org/10.1021/acs.inorgchem.5b01296,,20404,Ca3Ba0.05Co4O9,unknown,p,31,0,0,0,0.2977538123835875,1.3827524126690862,1.0849986002854988,,,,,,,,,,,,,,unknown,no,no,not_evaluated,primary DOI test sample aggregate,sigma ML error propagated to ZT error; possible missing structure/additive feature,True
10.1021_acs.inorgchem.8b02248__sample_40946,10.1021/acs.inorgchem.8b02248,https://doi.org/10.1021/acs.inorgchem.8b02248,,40946,CuPb18SbTe20,unknown,n,11,11,8,9,0.31718580643694433,1.1923979284761008,0.8752121220391564,0.27321418598027286,0.6664707616446363,0.3932565756643634,0.26871514645807604,0.6854274004311627,0.41671225397308664,0.2491278387059183,0.6837391344279836,0.43461129572206536,0.7643024,1.2703677993696352,0.4024715844228411,0.7713128503245295,unknown,no,no,ML_moderately_worse,primary DOI test sample aggregate,sigma ML error propagated to ZT error; possible missing structure/additive feature,True
10.1021_acs.inorgchem.8b02248__sample_40948,10.1021/acs.inorgchem.8b02248,https://doi.org/10.1021/acs.inorgchem.8b02248,,40948,CuPb18SbTe20,unknown,n,9,9,9,9,0.2228524640391219,1.119154868897154,0.8963024048580321,0.18056286650567563,0.6573013046862459,0.47673843818057027,0.18189666837475515,0.6578434284517377,0.47594676007698256,0.18056286650566897,0.657301304686198,0.47673843818052897,0.6161324,0.9635141783322568,0.3217724348559334,0.6168283212474982,unknown,no,no,ML_moderately_worse,primary DOI test sample aggregate,sigma ML error propagated to ZT error; possible missing structure/additive feature,True
10.1021_acs.jpcc.7b10839__sample_40434,10.1021/acs.jpcc.7b10839,https://doi.org/10.1021/acs.jpcc.7b10839,,40434,Ge0.99Ag0.01Te,unknown,p,10,9,1,1,0.2779537696596014,1.5520888342159977,1.2741350645563965,0.24343891778577081,0.7666209449498225,0.5231820271640517,0.3122975546468694,0.8506401157993998,0.5383425611525303,0.25981529931496544,0.8392416634135945,0.579426364098629,0.02591463,0.0178215544214216,0.0038706061359014,0.0240771720962726,unknown,no,no,ML_much_worse,primary DOI test sample aggregate,ML tau prediction much worse than fitting; sigma ML error propagated to ZT error; possible missing structure/additive feature,True
10.1021_acs.jpcc.7b10839__sample_40435,10.1021/acs.jpcc.7b10839,https://doi.org/10.1021/acs.jpcc.7b10839,,40435,Ge0.96Ag0.04Te,unknown,p,10,9,0,0,0.1772844622172974,1.6367783075799829,1.4594938453626856,0.15673404866896448,0.7978116455172466,0.6410775968482821,,,,,,,0.01829268,,,,unknown,no,no,not_evaluated,primary DOI test sample aggregate,sigma ML error propagated to ZT error; possible missing structure/additive feature,True
10.1021_acs.jpcc.7b10839__sample_40436,10.1021/acs.jpcc.7b10839,https://doi.org/10.1021/acs.jpcc.7b10839,,40436,Ge0.94Ag0.06Te,unknown,p,10,10,0,0,0.1233283987214066,1.702510005891171,1.5791816071697644,0.1009346251629224,0.8155046819028875,0.7145700567399651,,,,,,,0.01856974,,,,unknown,no,no,not_evaluated,primary DOI test sample aggregate,sigma ML error propagated to ZT error; possible missing structure/additive feature,True
10.1021_acsaem.0c01525__sample_37615,10.1021/acsaem.0c01525,https://doi.org/10.1021/acsaem.0c01525,,37615,Cu2Se,unknown,p,24,20,2,6,0.4068398030129971,0.890592840135239,0.4837530371222419,0.37999023496774276,1.285116298613036,0.9051260636452932,0.07753386386891542,1.3795476435079395,1.302013779639024,0.38181405792991935,1.5446441244925573,1.1628300665626379,0.9307982,1.6712805246393885,3.690734711359537,0.9126688551563396,unknown,no,no,ML_much_worse,primary DOI test sample aggregate,ML tau prediction much worse than fitting; ML false high-ZT prediction; possible missing structure/additive feature,True
10.1021_acsaem.1c01859__sample_45952,10.1021/acsaem.1c01859,https://doi.org/10.1021/acsaem.1c01859,,45952,Cu2SnS3,unknown,p,9,7,0,4,0.18420749764379984,4.503226187368943,4.3190186897251435,0.1528457128051029,91.51545859617737,91.36261288337226,,,,0.1731216908819383,92.45971878593618,92.28659709505423,,0.0164096490527757,1.47634772413561,0.0185501600897357,unknown,no,no,not_evaluated,primary DOI test sample aggregate,sigma ML error propagated to ZT error; ML false high-ZT prediction; possible missing structure/additive feature,True
10.1021_acsaem.1c02589__sample_46138,10.1021/acsaem.1c02589,https://doi.org/10.1021/acsaem.1c02589,,46138,Pb0.98Sb0.02Te,unknown,n,12,8,4,6,0.49580784904882785,1.133016464898093,0.6372086158492651,0.5689142923577294,0.509902836949072,-0.059011455408657376,0.57018065543588,0.5222621584235262,-0.047918497012353845,0.4261156497223193,0.5869048961574281,0.16078924643510883,1.051197,2.261212022996633,0.8163817153773584,1.0684047166013684,unknown,no,no,ML_close_to_fitting,primary DOI test sample aggregate,sigma ML error propagated to ZT error; ML missed high ZT; possible missing structure/additive feature,True
10.1021_acsaem.1c02589__sample_46144,10.1021/acsaem.1c02589,https://doi.org/10.1021/acsaem.1c02589,,46144,Pb0.735Sn0.25Sb0.015Te,unknown,n,10,9,4,6,0.26935470897888486,0.6430599114671807,0.3737052024882958,0.25533678492654754,0.8371399930509036,0.581803208124356,0.2369132589489319,1.026748773026511,0.7898355140775791,0.27139629614871724,1.0592970852902581,0.7879007891415408,1.035649,1.3153822908154047,2.358574017656254,1.091784866751251,unknown,no,no,ML_much_worse,primary DOI test sample aggregate,ML tau prediction much worse than fitting; possible missing structure/additive feature,True
10.1021_acsaem.1c02589__sample_46145,10.1021/acsaem.1c02589,https://doi.org/10.1021/acsaem.1c02589,,46145,Pb0.685Sn0.30Sb0.015Te,unknown,n,10,8,4,8,0.21016711055419549,0.8821963713874006,0.6720292608332051,0.16106418873446487,1.236563757836723,1.0754995691022582,0.1921408206226006,1.527367715245135,1.3352268946225345,0.16106418873444653,1.2365637578366744,1.0754995691022278,0.7089098,0.8343492531301004,1.9653950990390927,0.818325239660927,unknown,no,no,ML_much_worse,primary DOI test sample aggregate,ML tau prediction much worse than fitting; ML false high-ZT prediction; possible missing structure/additive feature,True
10.1021_acsaem.9b01656__sample_35417,10.1021/acsaem.9b01656,https://doi.org/10.1021/acsaem.9b01656,,35417,Pb0.99Sb0.01Se,unknown,n,7,4,0,0,0.40784066381232376,1.6343927070430928,1.226552043230769,0.41915950148004577,0.7732410679593805,0.35408156647933475,,,,,,,,,,,unknown,no,no,not_evaluated,primary DOI test sample aggregate,sigma ML error propagated to ZT error; possible missing structure/additive feature,True
10.1021_acsaem.9b01711__sample_40823,10.1021/acsaem.9b01711,https://doi.org/10.1021/acsaem.9b01711,,40823,Nb0.88Hf0.12FeSb,unknown,p,21,2,0,0,0.2327142922429889,1.2253933079008819,0.992679015657893,0.2834879193240216,0.6945669912435274,0.41107907191950577,,,,,,,0.6638539,,,,unknown,no,no,not_evaluated,primary DOI test sample aggregate,sigma ML error propagated to ZT error; possible missing structure/additive feature,True
10.1021_acsaem.9b01711__sample_40825,10.1021/acsaem.9b01711,https://doi.org/10.1021/acsaem.9b01711,,40825,Nb0.78Hf0.12Ta0.10FeSb,unknown,p,21,10,0,1,0.2377811933486385,1.042032542147601,0.8042513487989627,0.2532907648761107,0.6626090298527865,0.4093182649766758,,,,0.22952100506541165,0.7206481381672813,0.49112713310186973,0.7062851,0.1721883148257749,0.0624301592238763,0.2234821662339974,unknown,no,no,not_evaluated,primary DOI test sample aggregate,sigma ML error propagated to ZT error; possible missing structure/additive feature,True
10.1021_acsaem.9b01711__sample_40826,10.1021/acsaem.9b01711,https://doi.org/10.1021/acsaem.9b01711,,40826,Nb0.73Hf0.12Ta0.15FeSb,unknown,p,22,9,0,0,0.23870364110720882,1.1518158788036135,0.9131122376964047,0.23819069320406439,0.7203627035231339,0.48217201031906953,,,,,,,0.6894738,,,,unknown,no,no,not_evaluated,primary DOI test sample aggregate,sigma ML error propagated to ZT error; possible missing structure/additive feature,True
10.1021_acsami.0c01004__sample_32842,10.1021/acsami.0c01004,https://doi.org/10.1021/acsami.0c01004,,32842,Mn3.2Sb1.5Bi0.49Se0.01,unknown,n,9,6,5,5,0.3903929513737687,0.6189558170589564,0.2285628656851877,0.4342646686172247,1.0350811307708783,0.6008164621536536,0.49831276921495593,1.13736361796507,0.639050848750114,0.5035816217711122,1.1471299012112621,0.6435482794401499,1.24757,1.0273330173023696,1.6607647207936105,1.2455792308147842,unknown,no,no,ML_much_worse,primary DOI test sample aggregate,ML tau prediction much worse than fitting; possible missing structure/additive feature,True
10.1021_acsami.0c06968__sample_38305,10.1021/acsami.0c06968,https://doi.org/10.1021/acsami.0c06968,,38305,(CuGaSe2)0.05(Cu2Se)0.95,unknown,p,14,3,0,1,0.17280064455376962,1.271334942794566,1.0985342982407964,0.13748262068416117,0.7222745567098854,0.5847919360257242,,,,0.018533152132769713,0.7214739406652508,0.7029407885324811,,0.1707070962124745,0.0484441985094644,0.173930578076507,unknown,no,no,not_evaluated,primary DOI test sample aggregate,sigma ML error propagated to ZT error; possible missing structure/additive feature,True
10.1021_acsami.0c13651__sample_37738,10.1021/acsami.0c13651,https://doi.org/10.1021/acsami.0c13651,,37738,SnTe,unknown,p,12,10,0,0,0.22054844388881445,1.563032659666492,1.3424842157776777,0.2001347838517294,0.7897373344149424,0.589602550563213,,,,,,,0.33199,,,,unknown,no,no,not_evaluated,primary DOI test sample aggregate,sigma ML error propagated to ZT error; possible missing structure/additive feature,True
10.1021_acsami.0c13651__sample_37739,10.1021/acsami.0c13651,https://doi.org/10.1021/acsami.0c13651,,37739,Sn0.915Sb0.057Te,unknown,p,12,11,2,2,0.18064120590930524,1.3152198757254643,1.134578669816159,0.16588784010197408,0.7256539124567225,0.5597660723547484,0.13483222416063828,0.7648631045838116,0.6300308804231733,0.1211594171583994,0.7611470838535986,0.6399876666951992,0.4838545,0.0443033460308852,0.0120408451784336,0.0532192044500799,unknown,no,no,ML_much_worse,primary DOI test sample aggregate,ML tau prediction much worse than fitting; sigma ML error propagated to ZT error; possible missing structure/additive feature,True
10.1021_acsami.0c13651__sample_37740,10.1021/acsami.0c13651,https://doi.org/10.1021/acsami.0c13651,,37740,Sn0.839Sb0.107Te,unknown,p,12,12,1,1,0.14155025742294192,1.1390186464757504,0.9974683890528084,0.11670190082355164,0.6736572961320394,0.5569553953084878,0.1615907090329018,0.7292170784753231,0.5676263694424213,0.10576435162606934,0.7111867151198958,0.6054223634938265,0.5370685,0.0511337861672569,0.0165147931400146,0.0571815564054487,unknown,no,no,ML_much_worse,primary DOI test sample aggregate,ML tau prediction much worse than fitting; sigma ML error propagated to ZT error; possible missing structure/additive feature,True
10.1021_acsami.0c13651__sample_37741,10.1021/acsami.0c13651,https://doi.org/10.1021/acsami.0c13651,,37741,Sn0.750Sb0.167Te,unknown,p,12,12,0,0,0.1416009396137245,1.129603016752228,0.9880020771385034,0.12066583955721415,0.6705473124564577,0.5498814728992436,,,,,,,0.5970637,,,,unknown,no,no,not_evaluated,primary DOI test sample aggregate,sigma ML error propagated to ZT error; possible missing structure/additive feature,True
10.1021_acsami.0c13651__sample_37744,10.1021/acsami.0c13651,https://doi.org/10.1021/acsami.0c13651,,37744,Sn0.915Sb0.057Te0.915Se0.085,unknown,p,12,11,0,1,0.1688850171829016,1.3410189973686666,1.172133980185765,0.1528519998257127,0.7286228036153382,0.5757708037896254,,,,0.14036109333668118,0.7727227953918414,0.6323617020551602,0.5309262,0.045779919125139,0.0121036076488616,0.0532548245202551,unknown,no,no,not_evaluated,primary DOI test sample aggregate,sigma ML error propagated to ZT error; possible missing structure/additive feature,True
10.1021_acsami.0c13651__sample_37746,10.1021/acsami.0c13651,https://doi.org/10.1021/acsami.0c13651,,37746,Sn0.839Sb0.107Te0.839Se0.161,unknown,p,12,12,0,0,0.15815613563924677,1.070919680710778,0.9127635450715311,0.1386961999821731,0.6487533543920022,0.5100571544098291,,,,,,,0.7086125,,,,unknown,no,no,not_evaluated,primary DOI test sample aggregate,sigma ML error propagated to ZT error; possible missing structure/additive feature,True
10.1021_acsami.1c04326__sample_45064,10.1021/acsami.1c04326,https://doi.org/10.1021/acsami.1c04326,,45064,SnTe,unknown,p,12,12,9,11,0.2535816472016057,1.7576249355338043,1.5040432883321986,0.22688664965687597,0.8186177558233271,0.5917311061664511,0.2800001804185822,0.7923048450252579,0.5123046646066757,0.23883980515131187,0.8165736217552756,0.5777338166039637,0.5160078,0.6242068652928975,0.1096447788800989,0.5285687409367862,unknown,no,no,ML_much_worse,primary DOI test sample aggregate,ML tau prediction much worse than fitting; sigma ML error propagated to ZT error; possible missing structure/additive feature,True
10.1021_acsami.1c04326__sample_45070,10.1021/acsami.1c04326,https://doi.org/10.1021/acsami.1c04326,,45070,Sn1.03Te,unknown,p,12,8,4,7,0.3494755733575725,1.153692236039469,0.8042166626818965,0.3262878514959905,0.6545005167909732,0.3282126652949827,0.2756557883666832,0.7351481276898821,0.45949233932319894,0.27742856833352997,0.6845169467523269,0.4070883784187969,0.4934258,0.5541600675462333,0.1845584379102741,0.353588942205701,unknown,no,no,ML_moderately_worse,primary DOI test sample aggregate,sigma ML error propagated to ZT error; possible missing structure/additive feature,True
10.1021_acsami.1c04326__sample_45071,10.1021/acsami.1c04326,https://doi.org/10.1021/acsami.1c04326,,45071,Sn0.94Ag0.09Te,unknown,p,12,10,4,8,0.29113252652378296,1.2990453193436502,1.0079127928198672,0.26202944507077514,0.6853184733621385,0.42328902829136333,0.16130022834594704,0.7152471625069674,0.5539469341610204,0.2564909190491143,0.6806390401360297,0.4241481210869154,0.6925785,0.9269155969805526,0.2613500502729423,0.677906762739995,unknown,no,no,ML_much_worse,primary DOI test sample aggregate,ML tau prediction much worse than fitting; sigma ML error propagated to ZT error; possible missing structure/additive feature,True
10.1021_acsami.1c04326__sample_45072,10.1021/acsami.1c04326,https://doi.org/10.1021/acsami.1c04326,,45072,Sn0.94Ag0.09Y0.01Te,unknown,p,12,9,4,6,0.30550186285771996,1.3237327580721459,1.018230895214426,0.28228629449343096,0.7237734395544158,0.4414871450609848,0.3002871627772812,0.7422101669646519,0.44192300418737074,0.25689643117326105,0.7473183225887791,0.490421891415518,0.9615676,0.6774767004048556,0.186863400009494,0.4533962420467968,unknown,no,no,ML_moderately_worse,primary DOI test sample aggregate,sigma ML error propagated to ZT error; possible missing structure/additive feature,True
10.1021_acsami.1c04326__sample_45073,10.1021/acsami.1c04326,https://doi.org/10.1021/acsami.1c04326,,45073,Sn0.94Ag0.09Y0.03Te,unknown,p,12,11,10,10,0.35317740148098553,1.196304912756329,0.8431275112753435,0.3446223192505857,0.6665656304768811,0.32194331122629544,0.3652553851779779,0.6622413616260425,0.2969859764480646,0.36335432629519426,0.6600929832027289,0.29673865690753465,1.028868,1.4560078527759042,0.4642718071363633,1.0099403843168844,unknown,no,no,ML_moderately_worse,primary DOI test sample aggregate,sigma ML error propagated to ZT error; ML missed high ZT; possible missing structure/additive feature,True
10.1021_acsami.1c04326__sample_45075,10.1021/acsami.1c04326,https://doi.org/10.1021/acsami.1c04326,,45075,Sn0.94Ag0.09Y0.05Te,unknown,p,12,9,4,8,0.3010571630762908,1.1587152921458022,0.8576581290695113,0.2533275666536008,0.6584636173826756,0.40513605072907477,0.2417455943684522,0.6144596637253867,0.3727140693569345,0.24125081270880042,0.6423127894430121,0.4010619767342116,1.208221,1.415368427047036,0.4623043657713093,1.2192929481673374,unknown,no,no,ML_moderately_worse,primary DOI test sample aggregate,sigma ML error propagated to ZT error; ML missed high ZT; possible missing structure/additive feature,True
10.1021_acsami.1c04326__sample_45076,10.1021/acsami.1c04326,https://doi.org/10.1021/acsami.1c04326,,45076,Sn0.94Ag0.09Y0.07Te,unknown,p,12,12,8,10,0.3076660585326244,1.0897057529331984,0.782039694400574,0.27880502019608905,0.6316078909058664,0.3528028707097774,0.2718718199275785,0.6463136478125022,0.37444182788492375,0.301238889233589,0.6317214728123954,0.33048258357880644,1.078116,1.233170920004371,0.4335353159211353,1.0688909398135185,unknown,no,no,ML_moderately_worse,primary DOI test sample aggregate,sigma ML error propagated to ZT error; ML missed high ZT; possible missing structure/additive feature,True
10.1021_acsami.1c04326__sample_45078,10.1021/acsami.1c04326,https://doi.org/10.1021/acsami.1c04326,,45078,Sn1.01Te,unknown,p,12,8,6,7,0.2988595951600206,1.2479438566811776,0.949084261521157,0.28149063210773717,0.7137514781732218,0.43226084606548465,0.23216132008723467,0.6877405287861746,0.45557920869894,0.3041074710723202,0.7101505037370454,0.40604303266472513,0.5671958,0.7215358841676366,0.214809651937582,0.5674080275394165,unknown,no,no,ML_moderately_worse,primary DOI test sample aggregate,sigma ML error propagated to ZT error; possible missing structure/additive feature,True
10.1021_acsami.1c04326__sample_45079,10.1021/acsami.1c04326,https://doi.org/10.1021/acsami.1c04326,,45079,Sn1.05Te,unknown,p,12,7,5,7,0.3794306389569016,1.097463453167413,0.7180328142105115,0.2811167529998489,0.6578269215525128,0.37671016855266387,0.3435213225862485,0.6778520748688417,0.3343307522825932,0.2811167529998194,0.6578269215524595,0.37671016855264006,0.3377818,0.5452519769812212,0.1947004866424979,0.3329106254311245,unknown,no,no,ML_moderately_worse,primary DOI test sample aggregate,sigma ML error propagated to ZT error; possible missing structure/additive feature,True
10.1021_acsami.1c04326__sample_45080,10.1021/acsami.1c04326,https://doi.org/10.1021/acsami.1c04326,,45080,SnAg0.03Te,unknown,p,12,7,2,4,0.3516111553012531,1.0397403440970643,0.6881291887958112,0.28415276444233367,0.6509146042408603,0.36676183979852667,0.3054149826860337,0.5297914691788206,0.2243764864927869,0.3342340366060888,0.6483853371592918,0.314151300553203,0.6899696,0.9319275419424208,0.3502936356443324,0.6054024455378657,unknown,no,no,ML_moderately_worse,primary DOI test sample aggregate,sigma ML error propagated to ZT error; possible missing structure/additive feature,True
10.1021_acsami.1c04326__sample_45081,10.1021/acsami.1c04326,https://doi.org/10.1021/acsami.1c04326,,45081,Sn0.98Ag0.05Te,unknown,p,12,3,1,1,0.30546499674200617,1.23449073384423,0.9290257371022237,0.4230342999210546,0.6357271221693631,0.2126928222483085,0.28679129869272285,0.784346552878558,0.4975552541858352,0.3274675178581349,0.7966458516151127,0.4691783337569778,0.7437943,0.0249297893610621,0.0075380390085962,0.037068528320991,unknown,no,no,ML_moderately_worse,primary DOI test sample aggregate,sigma ML error propagated to ZT error; possible missing structure/additive feature,True
10.1021_acsami.1c04326__sample_45082,10.1021/acsami.1c04326,https://doi.org/10.1021/acsami.1c04326,,45082,Sn0.96Ag0.07Te,unknown,p,11,7,5,5,0.31519964176948173,1.2799980781397322,0.9647984363702504,0.3418568052679469,0.6896005797875018,0.3477437745195549,0.3766517846959774,0.6444148782074535,0.2677630935114761,0.413482707451045,0.6622943115745714,0.24881160412352643,0.5506586,0.9605123638469276,0.2777953317568735,0.5550734194989102,unknown,no,no,ML_moderately_worse,primary DOI test sample aggregate,sigma ML error propagated to ZT error; possible missing structure/additive feature,True
10.1021_acsami.1c12282__sample_45831,10.1021/acsami.1c12282,https://doi.org/10.1021/acsami.1c12282,,45831,GeTe,unknown,p,9,6,6,6,0.3186976506843266,1.0645239104864364,0.7458262598021097,0.2913604577891406,0.5851742394723746,0.29381378168323397,0.3151949387700474,0.5675353457688891,0.2523404069988417,0.291360457789137,0.5851742394723679,0.2938137816832309,1.171598,1.756012269126141,0.6359389048489552,1.2091132796105757,unknown,no,no,ML_moderately_worse,primary DOI test sample aggregate,sigma ML error propagated to ZT error; ML missed high ZT; possible missing structure/additive feature,True
10.1021_acsami.1c12282__sample_45832,10.1021/acsami.1c12282,https://doi.org/10.1021/acsami.1c12282,,45832,Al0.01Ge0.99Te,unknown,p,9,8,4,7,0.25441039994697867,1.4754583210817818,1.221047921134803,0.22838458257160069,0.7520844107606247,0.523699828189024,0.3110985707446162,0.6934865638579627,0.3823879931133465,0.2522319264250766,0.7480131725068938,0.49578124608181723,0.9621302,1.4201878216526649,0.3320167216219358,1.186259435547286,unknown,no,no,ML_moderately_worse,primary DOI test sample aggregate,sigma ML error propagated to ZT error; possible missing structure/additive feature,True
10.1021_acsami.1c12282__sample_45833,10.1021/acsami.1c12282,https://doi.org/10.1021/acsami.1c12282,,45833,Al0.02Ge0.98Te,unknown,p,9,7,7,7,0.20810219185073137,1.4638875142114385,1.2557853223607072,0.2020970417542902,0.7516432508011003,0.5495462090468101,0.24834206282177393,0.7518056937778738,0.5034636309560998,0.20209704175428972,0.7516432508010711,0.5495462090467813,0.9301775,1.2411033398921445,0.2914112934747704,0.94536463584994,unknown,no,no,ML_much_worse,primary DOI test sample aggregate,ML tau prediction much worse than fitting; sigma ML error propagated to ZT error; possible missing structure/additive feature,True
10.1021_acsami.1c12282__sample_45834,10.1021/acsami.1c12282,https://doi.org/10.1021/acsami.1c12282,,45834,Al0.03Ge0.97Te,unknown,p,9,8,6,8,0.1836455280411776,1.464417557986607,1.2807720299454295,0.170239310162443,0.7601437517073106,0.5899044415448677,0.221858149961391,0.7429647463572672,0.5211065963958762,0.17023931016245086,0.7601437517072854,0.5899044415448346,0.8911243,1.077234067880514,0.2519662399455732,0.949887945091809,unknown,no,no,ML_much_worse,primary DOI test sample aggregate,ML tau prediction much worse than fitting; sigma ML error propagated to ZT error; possible missing structure/additive feature,True
10.1021_acsami.1c12282__sample_45835,10.1021/acsami.1c12282,https://doi.org/10.1021/acsami.1c12282,,45835,Sb0.05Ge0.95Te,unknown,p,9,9,8,9,0.24926786621271182,0.952633590353306,0.7033657241405942,0.20279787820659245,0.5888477779365958,0.38604989973000337,0.17757691335694165,0.5843867873351872,0.4068098739782456,0.2027978782065852,0.5888477779365833,0.38604989972999804,1.656008,2.4972939227829376,0.9957732062424538,1.8612929507840072,unknown,no,no,ML_moderately_worse,primary DOI test sample aggregate,ML missed high ZT; possible missing structure/additive feature,True
10.1021_acsami.1c12282__sample_45836,10.1021/acsami.1c12282,https://doi.org/10.1021/acsami.1c12282,,45836,Sb0.1Ge0.9Te,unknown,p,9,0,0,0,0.2601936471830095,0.2644609105962023,0.004267263413192779,,,,,,,,,,1.697573,,,,unknown,no,no,not_evaluated,primary DOI test sample aggregate,ML missed high ZT; possible missing structure/additive feature,True
10.1021_acsami.1c12282__sample_45837,10.1021/acsami.1c12282,https://doi.org/10.1021/acsami.1c12282,,45837,Sb0.15Ge0.85Te,unknown,p,9,9,9,9,0.4875489039653377,0.7988013335239303,0.31125242955859267,0.46929961242195106,1.1495622356124295,0.6802626231904785,0.5003815890063253,1.2813413325174852,0.7809597435111598,0.4692996124219156,1.1495622356123494,0.6802626231904338,1.580759,1.0922831709185763,2.056541622028945,1.6502837719995238,unknown,no,no,ML_much_worse,primary DOI test sample aggregate,ML tau prediction much worse than fitting; possible missing structure/additive feature,True
10.1021_acsami.5b01085__sample_11295,10.1021/acsami.5b01085,https://doi.org/10.1021/acsami.5b01085,,11295,Cu1.93Se,unknown,p,8,5,1,2,0.17330911696342297,2.149511829759066,1.976202712795643,0.18194757940587172,0.8756542225795159,0.6937066431736442,0.2493817966794213,0.8533732236819438,0.6039914270025225,0.13029043979712748,0.8713172259308379,0.7410267861337104,0.2710983,0.1567143315937882,0.0183919097472909,0.1277450241941511,unknown,no,no,ML_much_worse,primary DOI test sample aggregate,ML tau prediction much worse than fitting; sigma ML error propagated to ZT error; possible missing structure/additive feature,True
10.1021_acsami.5b01085__sample_11296,10.1021/acsami.5b01085,https://doi.org/10.1021/acsami.5b01085,,11296,Cu2Se,unknown,p,8,3,0,1,0.18377585738978047,1.7077463054798907,1.5239704480901102,0.1532441735931547,0.8388616290268431,0.6856174554336885,,,,0.050091605986795344,0.8077486718548063,0.757657065868011,0.3942197,0.1586135085299687,0.0290390452631034,0.1510473063737291,unknown,no,no,not_evaluated,primary DOI test sample aggregate,sigma ML error propagated to ZT error; possible missing structure/additive feature,True
10.1021_acsami.5b09327__sample_4839,10.1021/acsami.5b09327,https://doi.org/10.1021/acsami.5b09327,,4839,Co0.93Ni0.07Sb3,unknown,n,38,12,3,3,0.28959458549537875,2.1023295607745323,1.8127349752791535,0.24390974694980994,8.53777356022175,8.29386381327194,0.26448026905688055,9.144680523748278,8.880200254691397,0.24402421378067496,8.980565550481023,8.736541336700348,0.08072289,0.0609473661796335,0.4889689256420235,0.0462804331463786,unknown,no,no,ML_much_worse,primary DOI test sample aggregate,ML tau prediction much worse than fitting; sigma ML error propagated to ZT error; possible missing structure/additive feature,True
10.1021_acsami.5b09327__sample_4840,10.1021/acsami.5b09327,https://doi.org/10.1021/acsami.5b09327,,4840,Co0.9Ni0.07Fe0.03Sb3,unknown,n,39,14,4,4,0.234031510397788,2.2304438268782936,1.9964123164805057,0.21439646608120633,9.686316479562482,9.471920013481276,0.1721426570670636,8.59844400624231,8.426301349175247,0.2677266118591002,10.129824060760871,9.862097448901771,0.1024096,0.1136817216298412,1.044751650504925,0.0875395642716929,unknown,no,no,ML_much_worse,primary DOI test sample aggregate,ML tau prediction much worse than fitting; sigma ML error propagated to ZT error; ML false high-ZT prediction; possible missing structure/additive feature,True
10.1021_acsami.5b09327__sample_4841,10.1021/acsami.5b09327,https://doi.org/10.1021/acsami.5b09327,,4841,Co0.88Ni0.07Fe0.05Sb3,unknown,n,41,15,2,4,0.21172419728494252,2.0796509479444465,1.867926750659504,0.17185461942380595,7.515063744548641,7.343209125124835,0.11577541824928618,7.832118607082012,7.716343188832726,0.2029073373544625,8.521826796931805,8.318919459577343,0.0686747,0.0842009527270273,0.6665076046228684,0.0643352327986953,unknown,no,no,ML_much_worse,primary DOI test sample aggregate,ML tau prediction much worse than fitting; sigma ML error propagated to ZT error; possible missing structure/additive feature,True
10.1021_acsami.5b09327__sample_4843,10.1021/acsami.5b09327,https://doi.org/10.1021/acsami.5b09327,,4843,Co0.74Ni0.14Fe0.12Sb3,unknown,n,41,20,2,2,0.18909568395648968,0.8054818536199903,0.6163861696635006,0.1892570522129708,1.1921865691338835,1.0029295169209127,0.13611601935445125,1.4672126357655384,1.3310966164110871,0.17852578680926215,1.1755424181501806,0.9970166313409184,0.4727749,0.041683757001531,0.0912025350675409,0.0355406052443735,unknown,no,no,ML_much_worse,primary DOI test sample aggregate,ML tau prediction much worse than fitting; possible missing structure/additive feature,True
10.1021_acsami.5b09327__sample_4844,10.1021/acsami.5b09327,https://doi.org/10.1021/acsami.5b09327,,4844,Co0.72Ni0.14Fe0.14Sb3,unknown,n,44,11,2,2,0.16602225505556623,0.7860608811748935,0.6200386261193273,0.16604898229996026,1.1237407942901636,0.9576918119902034,0.12399854575837044,1.4235192532521548,1.2995207074937842,0.17386590943648844,1.5310412037376908,1.3571752943012023,0.05963855,0.0275115496659115,0.0593192674080848,0.0238421564035147,unknown,no,no,ML_much_worse,primary DOI test sample aggregate,ML tau prediction much worse than fitting; possible missing structure/additive feature,True
10.1021_acsami.5b09327__sample_4845,10.1021/acsami.5b09327,https://doi.org/10.1021/acsami.5b09327,,4845,Co0.76Ni0.14Fe0.1Sb3,unknown,n,41,21,4,6,0.1943063297941918,1.1710379453865587,0.9767316155923669,0.16609225645520476,2.472731376608329,2.3066391201531244,0.15848142311017788,2.629012286829914,2.470530863719736,0.17482975075611806,2.674596349575813,2.499766598819695,0.4581152,0.4444533431712126,1.4104304610754983,0.4681830119461166,unknown,no,no,ML_much_worse,primary DOI test sample aggregate,ML tau prediction much worse than fitting; sigma ML error propagated to ZT error; ML false high-ZT prediction; possible missing structure/additive feature,True
10.1021_acsami.7b04098__sample_2831,10.1021/acsami.7b04098,https://doi.org/10.1021/acsami.7b04098,,2831,Pb0.94Na0.02Sr0.04Te,unknown,p,13,7,0,0,0.3030159936062102,0.3844517493682007,0.08143575576199052,0.2729630059884517,0.15920264558845304,-0.11376036039999865,,,,,,,2.037159,,,,unknown,no,no,not_evaluated,primary DOI test sample aggregate,ML missed high ZT; possible missing structure/additive feature,True
10.1021_acsami.7b04098__sample_2832,10.1021/acsami.7b04098,https://doi.org/10.1021/acsami.7b04098,,2832,Pb0.94Na0.02Sr0.04Te,unknown,p,8,2,0,0,0.42038994361883214,0.42176474773851946,0.0013748041196873229,0.6121191879501742,0.591641328961583,-0.020477858988591224,,,,,,,1.529104,,,,unknown,no,no,not_evaluated,primary DOI test sample aggregate,ML missed high ZT; possible missing structure/additive feature,True
10.1021_acsami.7b06083__sample_2915,10.1021/acsami.7b06083,https://doi.org/10.1021/acsami.7b06083,,2915,SnTe,unknown,p,11,5,2,2,0.38078342685917893,1.3599150572030196,0.9791316303438407,0.47544594404670215,0.6534338223005646,0.17798787825386242,0.17859000012486675,0.7773711524964848,0.598781152371618,0.2459469347033638,0.7956270742881112,0.5496801395847474,0.1984494,0.0602284545241963,0.0163238716593152,0.067775039162615,unknown,no,no,ML_much_worse,primary DOI test sample aggregate,ML tau prediction much worse than fitting; sigma ML error propagated to ZT error; possible missing structure/additive feature,True
10.1021_acsami.7b06083__sample_2916,10.1021/acsami.7b06083,https://doi.org/10.1021/acsami.7b06083,,2916,SnTe0.95Se0.05,unknown,p,11,6,1,2,0.365192429030955,1.730875119323191,1.365682690292236,0.24152195720876035,0.8350296367902698,0.5935076795815094,0.0747625793551248,0.8020639576067211,0.7273013782515964,0.19318435914543453,0.8304132082393931,0.6372288490939586,0.3836498,0.1575241895870529,0.0290107929574345,0.1414022383993911,unknown,no,no,ML_much_worse,primary DOI test sample aggregate,ML tau prediction much worse than fitting; sigma ML error propagated to ZT error; possible missing structure/additive feature,True
10.1021_acsami.7b06083__sample_2917,10.1021/acsami.7b06083,https://doi.org/10.1021/acsami.7b06083,,2917,SnTe0.90Se010,unknown,p,11,6,2,2,0.3384715694407145,1.8274964655452066,1.489024896104492,0.3024241024573547,0.8413864324937878,0.538962330036433,0.36776822617207505,0.8070170034138189,0.4392487772417438,0.28483148129229063,0.8812952284770439,0.5964637471847533,0.1736603,0.01781418649376,0.0029568260938418,0.0236816190242736,unknown,no,no,ML_moderately_worse,primary DOI test sample aggregate,sigma ML error propagated to ZT error; possible missing structure/additive feature,True
10.1021_acsami.7b19489__sample_45779,10.1021/acsami.7b19489,https://doi.org/10.1021/acsami.7b19489,,45779,ZnO,unknown,n,14,0,0,0,0.24624006996853706,2.6042725564938696,2.3580324865253326,,,,,,,,,,,,,,unknown,no,no,not_evaluated,primary DOI test sample aggregate,sigma ML error propagated to ZT error; possible missing structure/additive feature,True
10.1021_acsami.7b19489__sample_45780,10.1021/acsami.7b19489,https://doi.org/10.1021/acsami.7b19489,,45780,Zn0.99875In0.00125O,unknown,n,14,0,0,0,0.24486208502730758,1.0703225074522176,0.82546042242491,,,,,,,,,,,,,,unknown,no,no,not_evaluated,primary DOI test sample aggregate,sigma ML error propagated to ZT error; possible missing structure/additive feature,True
10.1021_acsami.8b12710__sample_39943,10.1021/acsami.8b12710,https://doi.org/10.1021/acsami.8b12710,,39943,Ca0.98Bi0.02MnO3,unknown,n,28,0,0,0,0.2863074171381184,1.0673216052779209,0.7810141881398025,,,,,,,,,,,,,,unknown,no,no,not_evaluated,primary DOI test sample aggregate,sigma ML error propagated to ZT error; possible missing structure/additive feature,True
10.1021_acsami.8b12710__sample_39946,10.1021/acsami.8b12710,https://doi.org/10.1021/acsami.8b12710,,39946,Ca0.97Bi0.03MnO3Cu0.04,unknown,n,29,0,0,0,0.25240772628493396,1.2104881893195807,0.9580804630346467,,,,,,,,,,,,,,unknown,no,no,not_evaluated,primary DOI test sample aggregate,sigma ML error propagated to ZT error; possible missing structure/additive feature,True
10.1021_acsami.8b15111__sample_42023,10.1021/acsami.8b15111,https://doi.org/10.1021/acsami.8b15111,,42023,Mg2Si0.35Sn0.635Bi0.015,unknown,n,7,7,6,7,0.13524896234654019,0.4348668154398836,0.29961785309334343,0.1143111320544901,0.332270353473345,0.21795922141885488,0.10550407051056183,0.3201073547723471,0.21460328426178527,0.11431113205448806,0.33227035347334827,0.2179592214188602,1.102908,1.4078393244037954,0.9312347966640718,1.086550030376776,unknown,no,no,ML_moderately_worse,primary DOI test sample aggregate,ML missed high ZT; possible missing structure/additive feature,True
10.1021_acsami.8b15111__sample_42051,10.1021/acsami.8b15111,https://doi.org/10.1021/acsami.8b15111,,42051,Mg2Si0.35Sn0.62Bi0.03,unknown,n,7,6,1,6,0.13491392101476432,0.872361533567101,0.7374476125523367,0.1095366967169283,0.5629242819515067,0.4533875852345784,0.13875495904395263,0.5190203917990766,0.3802654327551239,0.10953669671692352,0.5629242819514942,0.45338758523457073,1.174678,1.67436405720852,0.7072065520557518,1.2828817442552876,unknown,no,no,ML_moderately_worse,primary DOI test sample aggregate,ML missed high ZT; possible missing structure/additive feature,True
10.1021_acsami.8b15111__sample_42052,10.1021/acsami.8b15111,https://doi.org/10.1021/acsami.8b15111,,42052,Mg2Si0.35Sn0.605Bi0.045,unknown,n,7,7,5,5,0.13341567784805372,0.7792771635377518,0.645861485689698,0.11125909756209248,0.531640195209203,0.4203810976471105,0.11584606337593359,0.5162238258253993,0.40037776244946566,0.11980130795156389,0.5132269234012353,0.3934256154496714,1.263781,1.6332042758635532,0.7578819437927772,1.2499639278405694,unknown,no,no,ML_moderately_worse,primary DOI test sample aggregate,ML missed high ZT; possible missing structure/additive feature,True
10.1021_acsami.8b15111__sample_42060,10.1021/acsami.8b15111,https://doi.org/10.1021/acsami.8b15111,,42060,Mg2Si0.325Sn0.645Bi0.03,unknown,n,7,7,3,5,0.17900616693033788,0.9482242271173431,0.7692180601870052,0.15751966682778226,0.5993451890198732,0.4418255221920909,0.12457554938384598,0.5683332048886196,0.44375765550477364,0.131391834510576,0.6032306435145646,0.47183880900398856,1.358467,1.7948754394171946,0.7073434907718911,1.340257065814607,unknown,no,no,ML_moderately_worse,primary DOI test sample aggregate,ML missed high ZT; possible missing structure/additive feature,True
10.1021_acsami.8b15111__sample_42065,10.1021/acsami.8b15111,https://doi.org/10.1021/acsami.8b15111,,42065,Mg2Si0.30Sn0.67Bi0.03,unknown,n,7,7,7,7,0.1609862701814234,0.819670630957994,0.6586843607765706,0.13733087235944935,0.5462845808112412,0.40895370845179185,0.13372272812074584,0.5476910278913323,0.41396829977058647,0.13733087235944783,0.5462845808112402,0.40895370845179235,1.306398,1.7721514128597589,0.793333395626094,1.301174556553653,unknown,no,no,ML_moderately_worse,primary DOI test sample aggregate,ML missed high ZT; possible missing structure/additive feature,True
10.1021_acsami.9b00648__sample_83842,10.1021/acsami.9b00648,https://doi.org/10.1021/acsami.9b00648,,83842,Zr0.95(Ti0.25Hf0.25Nb0.25V0.25)0.05NiSn0.99Sb0.01,unknown,n,14,0,0,0,0.14964870129881205,1.0076053550844841,0.8579566537856721,,,,,,,,,,,,,,unknown,no,no,not_evaluated,primary DOI test sample aggregate,sigma ML error propagated to ZT error; possible missing structure/additive feature,True
10.1021_acsami.9b00648__sample_83844,10.1021/acsami.9b00648,https://doi.org/10.1021/acsami.9b00648,,83844,Zr0.95(Ti0.25Hf0.25Nb0.25V0.25)0.05Ni1.04Sn0.99Sb0.01,unknown,n,14,0,0,0,0.15137230313383104,1.0646287085256712,0.9132564053918402,,,,,,,,,,,,,,unknown,no,no,not_evaluated,primary DOI test sample aggregate,sigma ML error propagated to ZT error; possible missing structure/additive feature,True
10.1021_acsami.9b07313__sample_40963,10.1021/acsami.9b07313,https://doi.org/10.1021/acsami.9b07313,,40963,Te0.995(Sb2Se3)0.005,unknown,p,7,0,0,0,0.07126997633542852,1.3464037062890801,1.2751337299536516,,,,,,,,,,,,,,unknown,no,no,not_evaluated,primary DOI test sample aggregate,sigma ML error propagated to ZT error; possible missing structure/additive feature,True
10.1021_acsami.9b12599__sample_83169,10.1021/acsami.9b12599,https://doi.org/10.1021/acsami.9b12599,,83169,ZrNi1.03Sn,unknown,n,12,7,2,4,0.6580121748086685,0.6583256422035015,0.00031346739483306685,0.33673434925592277,0.33858104107752124,0.0018466918215984673,0.16022129757633327,0.1569995121919633,-0.003221785384369985,0.31794732621734434,0.3115539311812165,-0.006393395036127847,1.069,0.4685802711289435,0.4591578966271522,0.6337693515670397,unknown,no,no,ML_close_to_fitting,primary DOI test sample aggregate,ML missed high ZT; possible missing structure/additive feature,True
10.1021_acsami.9b15348__sample_41138,10.1021/acsami.9b15348,https://doi.org/10.1021/acsami.9b15348,,41138,Mg2Si0.30Sn0.67Bi0.03,unknown,n,10,10,10,10,0.1590546562415311,0.9192405966063336,0.7601859403648026,0.13733438548882698,0.5903245051280775,0.45299011963925057,0.13450947180653955,0.5880649384059076,0.453555466599368,0.1373343854888268,0.5903245051280691,0.4529901196392423,1.330313,1.7950720400370566,0.7259091588908597,1.3315717024377132,unknown,no,no,ML_moderately_worse,primary DOI test sample aggregate,ML missed high ZT; possible missing structure/additive feature,True
10.1021_acsami.9b15348__sample_41139,10.1021/acsami.9b15348,https://doi.org/10.1021/acsami.9b15348,,41139,(Mg2Si0.30Sn0.67Bi0.03)98.24(SiC)1.76,unknown,n,10,10,10,10,0.17866552568499777,0.9624202924717895,0.7837547667867917,0.15452766026475345,0.6051568397382612,0.4506291794735077,0.15130633735902255,0.6052309282483733,0.4539245908893508,0.1545276602647506,0.6051568397382565,0.4506291794735059,1.293198,1.8253521777554664,0.7089870286772848,1.303445434512602,unknown,no,no,ML_moderately_worse,primary DOI test sample aggregate,ML missed high ZT; possible missing structure/additive feature,True
10.1021_acsami.9b15348__sample_41140,10.1021/acsami.9b15348,https://doi.org/10.1021/acsami.9b15348,,41140,(Mg2Si0.30Sn0.67Bi0.03)96.53(SiC)3.47,unknown,n,10,10,9,10,0.1744665789366556,0.914690473421284,0.7402238944846283,0.14886030162436303,0.5861639899678684,0.4373036883435054,0.11949174233212156,0.6012770271746012,0.4817852848424796,0.14886030162435812,0.5861639899678586,0.4373036883435004,1.219927,1.6911386731613125,0.6890127432356474,1.2299108454547272,unknown,no,no,ML_moderately_worse,primary DOI test sample aggregate,ML missed high ZT; possible missing structure/additive feature,True
10.1021_acsami.9b15348__sample_41141,10.1021/acsami.9b15348,https://doi.org/10.1021/acsami.9b15348,,41141,(Mg2Si0.30Sn0.67Bi0.03)94.85(SiC)5.15,unknown,n,10,10,9,10,0.17590220792643174,0.8852732210339067,0.709371013107475,0.15157280499641154,0.5733299027434191,0.42175709774700754,0.13145863479146497,0.5912470806533852,0.4597884458619202,0.15157280499641296,0.5733299027434129,0.42175709774699993,1.244448,1.833034656874558,0.769781449120265,1.3152098802613654,unknown,no,no,ML_moderately_worse,primary DOI test sample aggregate,ML missed high ZT; possible missing structure/additive feature,True
10.1021_acsami.9b15348__sample_41142,10.1021/acsami.9b15348,https://doi.org/10.1021/acsami.9b15348,,41142,(Mg2Si0.30Sn0.67Bi0.03)90.08(SiC)9.92,unknown,n,10,10,10,10,0.1749420298129278,0.8446746842714755,0.6697326544585477,0.14849498044698947,0.5554638314661514,0.4069688510191619,0.14796123653778662,0.5568514020025186,0.408890165464732,0.1484949804469885,0.555463831466146,0.4069688510191575,1.452603,2.006164498933072,0.8779767516486728,1.4444871911377692,unknown,no,no,ML_moderately_worse,primary DOI test sample aggregate,ML missed high ZT; possible missing structure/additive feature,True
10.1021_acsami.9b18078__sample_34808,10.1021/acsami.9b18078,https://doi.org/10.1021/acsami.9b18078,,34808,Cu1.9S,unknown,p,10,9,0,1,0.40007910022761844,1.6304513229212472,1.2303722226936287,0.35808440910571915,0.7803861169010836,0.42230170779536447,,,,1.7593611426331683,0.4319833640332828,-1.3273777785998855,0.06061303,0.0837742229434927,0.0172449889077149,0.0303600067599523,unknown,no,no,not_evaluated,primary DOI test sample aggregate,sigma ML error propagated to ZT error; possible missing structure/additive feature,True
10.1021_acsami.9b18078__sample_34809,10.1021/acsami.9b18078,https://doi.org/10.1021/acsami.9b18078,,34809,Cu1.89Ni0.01S,unknown,p,10,10,2,2,0.37449988747725654,1.5215094892833183,1.1470096018060618,0.32371210066672257,0.7513537409292653,0.42764164026254275,0.9244838194509026,0.5595870674142938,-0.3648967520366089,0.9926562536846149,0.5439859896713062,-0.4486702640133087,0.06579438,0.0985911999556033,0.0225623302522647,0.0682589484497484,unknown,no,no,ML_better_than_fitting,primary DOI test sample aggregate,sigma ML error propagated to ZT error; possible missing structure/additive feature,True
10.1021_acsami.9b18078__sample_34810,10.1021/acsami.9b18078,https://doi.org/10.1021/acsami.9b18078,,34810,Cu1.885Ni0.015S,unknown,p,10,10,2,2,0.3004909041687204,1.0945725691242683,0.7940816649555479,0.2504118628961003,0.6338816988791509,0.3834698359830506,0.4667948386611247,0.4880039913494211,0.021209152688296373,0.5943646851844644,0.4434747562290303,-0.15088992895543407,0.103517,0.1271461737568738,0.0443813488859379,0.0993518339448667,unknown,no,no,ML_close_to_fitting,primary DOI test sample aggregate,sigma ML error propagated to ZT error; possible missing structure/additive feature,True
10.1021_acsami.9b19398__sample_35964,10.1021/acsami.9b19398,https://doi.org/10.1021/acsami.9b19398,,35964,(CuI)0.006Bi2Te2.1Se0.9,unknown,n,26,0,0,0,0.16676188400148678,1.0683639197547634,0.9016020357532766,,,,,,,,,,,,,,unknown,no,no,not_evaluated,primary DOI test sample aggregate,sigma ML error propagated to ZT error; possible missing structure/additive feature,True
10.1021_acsami.9b19798__sample_35965,10.1021/acsami.9b19798,https://doi.org/10.1021/acsami.9b19798,,35965,In0.15Sb1.85Te3,unknown,p,11,7,7,7,0.07913480838597896,1.8459565691600368,1.766821760774058,0.08046387485421591,5.20684297343265,5.126379098578434,0.6262393793320837,1.3634438770121347,0.7372044976800509,0.08046387485422388,5.20684297343162,5.126379098577396,0.5995351,0.2534348597945379,1.6025740393207926,0.2285771144663642,unknown,no,no,ML_much_worse,primary DOI test sample aggregate,ML tau prediction much worse than fitting; sigma ML error propagated to ZT error; ML false high-ZT prediction; possible missing structure/additive feature,True
10.1021_acsami.9b19798__sample_35966,10.1021/acsami.9b19798,https://doi.org/10.1021/acsami.9b19798,,35966,Mn0.01In0.15Sb1.84Te3,unknown,p,11,10,8,8,0.17385762365641338,1.0743012132832033,0.9004435896267899,0.16194603273413172,1.8997882826310755,1.7378422498969437,0.6176838653475866,0.18603452809432133,-0.43164933725326526,0.154858812818347,1.8395071926760134,1.6846483798576664,0.8997605,0.403228617723435,1.1640302294531926,0.3504017695737445,unknown,no,no,ML_better_than_fitting,primary DOI test sample aggregate,sigma ML error propagated to ZT error; ML false high-ZT prediction; possible missing structure/additive feature,True
10.1021_acsami.9b23059__sample_34813,10.1021/acsami.9b23059,https://doi.org/10.1021/acsami.9b23059,,34813,Mg2.19Li0.01Cd1.0Sb2,unknown,p,10,8,2,2,0.23470595812248118,0.9385811095229311,0.7038751514004499,0.1816187162275838,1.708417537799454,1.5267988215718702,0.1702132780059625,1.9035891299964471,1.7333758519904847,0.16719316777180582,1.8960954881004748,1.728902320328669,0.5910079,0.1573152520258301,0.39033812412657,0.1430301791437748,unknown,no,no,ML_much_worse,primary DOI test sample aggregate,ML tau prediction much worse than fitting; possible missing structure/additive feature,True
10.1021_acsami.9b23059__sample_34814,10.1021/acsami.9b23059,https://doi.org/10.1021/acsami.9b23059,,34814,Mg2.39Li0.01Cd0.8Sb2,unknown,p,10,10,5,5,0.22262434619502505,1.1407555047875018,0.9181311585924767,0.19289244145652948,2.1413183170754544,1.948425875618925,0.19846930962103668,2.1490552357317094,1.9505859261106728,0.20926519134949545,2.182084218411186,1.9728190270616908,0.5299022,0.5509165188736109,1.6864900882222706,0.5349410218115835,unknown,no,no,ML_much_worse,primary DOI test sample aggregate,ML tau prediction much worse than fitting; sigma ML error propagated to ZT error; ML false high-ZT prediction; possible missing structure/additive feature,True
10.1021_acsami.9b23059__sample_34815,10.1021/acsami.9b23059,https://doi.org/10.1021/acsami.9b23059,,34815,Mg2.69Li0.01Cd0.5Sb2,unknown,p,10,10,0,0,0.3226813707802062,1.1595136912688826,0.8368323204886764,0.28501103095460095,2.2261077193066576,1.9410966883520566,,,,,,,0.6666667,,,,unknown,no,no,not_evaluated,primary DOI test sample aggregate,sigma ML error propagated to ZT error; possible missing structure/additive feature,True
10.1021_acsami.9b23059__sample_34816,10.1021/acsami.9b23059,https://doi.org/10.1021/acsami.9b23059,,34816,Mg2.89Li0.01Cd0.3Sb2,unknown,p,10,10,0,0,0.36189082885287416,1.3540244684223035,0.9921336395694293,0.3237517414052025,2.9695009468482785,2.645749205443076,,,,,,,0.5845523,,,,unknown,no,no,not_evaluated,primary DOI test sample aggregate,sigma ML error propagated to ZT error; possible missing structure/additive feature,True
10.1021_acsami.9b23059__sample_34817,10.1021/acsami.9b23059,https://doi.org/10.1021/acsami.9b23059,,34817,Mg3.19Li0.01Sb2,unknown,p,10,8,1,1,0.7463134292005084,1.8443096214028565,1.097996192202348,0.4910481316778844,4.509176510093257,4.018128378415372,1.3291773042989516,11.579619021432082,10.25044171713313,1.27841380445938,11.305451191015006,10.027037386555627,0.4663255,0.0618742922956521,0.3341759439538705,0.0271567404369434,unknown,no,no,ML_much_worse,primary DOI test sample aggregate,ML tau prediction much worse than fitting; sigma ML error propagated to ZT error; possible missing structure/additive feature,True
10.1021_acsenergylett.6b00671__sample_31745,10.1021/acsenergylett.6b00671,https://doi.org/10.1021/acsenergylett.6b00671,,31745,Sn0.91Mg0.12Te,unknown,p,17,0,0,0,0.5152053918020502,1.1303178821531947,0.6151124903511446,,,,,,,,,,,,,,unknown,no,no,not_evaluated,primary DOI test sample aggregate,sigma ML error propagated to ZT error; possible missing structure/additive feature,True
10.1021_acsenergylett.6b00671__sample_31746,10.1021/acsenergylett.6b00671,https://doi.org/10.1021/acsenergylett.6b00671,,31746,Sn0.91Mg0.12Te(Cu2Te)0.01,unknown,p,13,0,0,0,0.5224751575925914,1.0619315086968988,0.5394563511043073,,,,,,,,,,,,,,unknown,no,no,not_evaluated,primary DOI test sample aggregate,sigma ML error propagated to ZT error; possible missing structure/additive feature,True
10.1021_acsenergylett.6b00671__sample_31753,10.1021/acsenergylett.6b00671,https://doi.org/10.1021/acsenergylett.6b00671,,31753,Sn0.95Mg0.08Te(Cu2Te)0.05,unknown,p,19,0,0,0,0.5234918714007515,1.2191792840078999,0.6956874126071484,,,,,,,,,,,,,,unknown,no,no,not_evaluated,primary DOI test sample aggregate,sigma ML error propagated to ZT error; possible missing structure/additive feature,True
10.1021_acsenergylett.6b00671__sample_32107,10.1021/acsenergylett.6b00671,https://doi.org/10.1021/acsenergylett.6b00671,,32107,SnTe(Cu2Te)0.05,unknown,p,17,0,0,0,0.5233914694862492,1.246895611353894,0.7235041418676449,,,,,,,,,,,,,,unknown,no,no,not_evaluated,primary DOI test sample aggregate,sigma ML error propagated to ZT error; possible missing structure/additive feature,True
10.1021_acsenergylett.8b00137__sample_43746,10.1021/acsenergylett.8b00137,https://doi.org/10.1021/acsenergylett.8b00137,,43746,SnTe,unknown,p,11,10,1,1,0.3722752586376579,1.717710439647884,1.345435181010226,0.2810191565586511,0.8166121758893473,0.5355930193306961,0.6688271161563942,0.688003418013575,0.019176301857180778,0.6584026931114818,0.6899523223234978,0.031549629212015984,0.325223,0.542740961197731,0.1014684643833711,0.3272672936748823,unknown,no,no,ML_close_to_fitting,primary DOI test sample aggregate,sigma ML error propagated to ZT error; possible missing structure/additive feature,True
10.1021_acsenergylett.8b00137__sample_43747,10.1021/acsenergylett.8b00137,https://doi.org/10.1021/acsenergylett.8b00137,,43747,AgSn50SbTe52,unknown,p,11,11,6,6,0.25359496472909837,2.187045552954695,1.9334505882255963,0.22772529552500875,0.8821531447165252,0.6544278491915164,0.19318602403286186,0.8887235526739068,0.6955375286410449,0.1779935318263526,0.8904003972572475,0.7124068654308949,0.3996304,0.5834014392099439,0.0664588063179561,0.4227454354828792,unknown,no,no,ML_much_worse,primary DOI test sample aggregate,ML tau prediction much worse than fitting; sigma ML error propagated to ZT error; possible missing structure/additive feature,True
10.1021_acsenergylett.8b00137__sample_43748,10.1021/acsenergylett.8b00137,https://doi.org/10.1021/acsenergylett.8b00137,,43748,AgSn25SbTe27,unknown,p,11,7,0,1,0.23690835042219374,2.0276661394746913,1.7907577890524975,0.23803916983737353,0.8621065334955599,0.6240673636581864,,,,0.20291970382209407,0.8936030636491856,0.6906833598270916,0.1222389,0.0730558799580796,0.0097517425122972,0.0916543544086978,unknown,no,no,not_evaluated,primary DOI test sample aggregate,sigma ML error propagated to ZT error; possible missing structure/additive feature,True
10.1021_acsenergylett.8b00137__sample_43749,10.1021/acsenergylett.8b00137,https://doi.org/10.1021/acsenergylett.8b00137,,43749,AgSn20SbTe22,unknown,p,11,4,1,1,0.18811236523213076,2.023337748787611,1.8352253835554804,0.17266863541245248,0.8714538946402643,0.6987852592278119,0.10407733643883531,0.8805043639282754,0.77642702748944,0.10506595014768043,0.8806362224343413,0.7755702722866609,0.4949427,0.0626898231468607,0.0083613916656397,0.0700496569073505,unknown,no,no,ML_much_worse,primary DOI test sample aggregate,ML tau prediction much worse than fitting; sigma ML error propagated to ZT error; possible missing structure/additive feature,True
10.1021_acsenergylett.8b00137__sample_43750,10.1021/acsenergylett.8b00137,https://doi.org/10.1021/acsenergylett.8b00137,,43750,AgSn15SbTe17,unknown,p,11,5,0,0,0.20247628011240235,1.93032841006113,1.7278521299487277,0.18267649448905976,0.8591488711987827,0.6764723767097229,,,,,,,0.1386436,,,,unknown,no,no,not_evaluated,primary DOI test sample aggregate,sigma ML error propagated to ZT error; possible missing structure/additive feature,True
10.1021_acsenergylett.8b00137__sample_43751,10.1021/acsenergylett.8b00137,https://doi.org/10.1021/acsenergylett.8b00137,,43751,AgSn10SbTe12,unknown,p,11,6,1,2,0.18997948659923844,1.8505229883001852,1.660543501700947,0.1850291765160901,0.8341035556240121,0.649074379107922,0.08582566480153146,0.8276804340554668,0.7418547692539353,0.17169872311142226,0.8140524561820623,0.6423537330706401,0.5712812,0.995468776160994,0.1579800081910499,0.7840721044733344,unknown,no,no,ML_much_worse,primary DOI test sample aggregate,ML tau prediction much worse than fitting; sigma ML error propagated to ZT error; possible missing structure/additive feature,True
10.1021_acsenergylett.8b00137__sample_43752,10.1021/acsenergylett.8b00137,https://doi.org/10.1021/acsenergylett.8b00137,,43752,AgSn5SbTe7,unknown,p,11,11,0,0,0.08884303711905789,1.5632822648177491,1.4744392276986913,0.0780183027707063,0.789180565298565,0.7111622625278586,,,,,,,0.2938805,,,,unknown,no,no,not_evaluated,primary DOI test sample aggregate,sigma ML error propagated to ZT error; possible missing structure/additive feature,True
10.1021_acsenergylett.8b00137__sample_43753,10.1021/acsenergylett.8b00137,https://doi.org/10.1021/acsenergylett.8b00137,,43753,AgSn5Sb(Te0.998I0.002)7,unknown,p,11,5,1,2,0.09241375166107971,1.528093940797687,1.4356801891366073,0.1089227685394966,0.7876917014934126,0.678768932953916,0.04818815211532223,0.7929271994462593,0.7447390473309371,0.07137301202381781,0.797971215112137,0.7265982030883191,0.9701195,0.5176187926323306,0.1126113036392979,0.5450352109190221,unknown,no,no,ML_much_worse,primary DOI test sample aggregate,ML tau prediction much worse than fitting; sigma ML error propagated to ZT error; possible missing structure/additive feature,True
10.1021_acsenergylett.8b00137__sample_43754,10.1021/acsenergylett.8b00137,https://doi.org/10.1021/acsenergylett.8b00137,,43754,AgSn5Sb(Te0.996I0.004)7,unknown,p,11,3,0,2,0.09808468487308972,1.4780105767579208,1.3799258918848312,0.08396262767119093,0.784735864591064,0.7007732369198731,,,,0.07485934974558343,0.7798315241339513,0.7049721743883679,1.005976,0.7553636314431582,0.1728539223190025,0.7284226376381279,unknown,no,no,not_evaluated,primary DOI test sample aggregate,sigma ML error propagated to ZT error; ML missed high ZT; possible missing structure/additive feature,True
10.1021_acsenergylett.8b00137__sample_43755,10.1021/acsenergylett.8b00137,https://doi.org/10.1021/acsenergylett.8b00137,,43755,AgSn5Sb(Te0.994I0.006)7,unknown,p,11,4,0,0,0.09269771397973448,1.41302388034489,1.3203261663651555,0.08109399065425492,0.7672096261104471,0.6861156354561921,,,,,,,0.6474104,,,,unknown,no,no,not_evaluated,primary DOI test sample aggregate,sigma ML error propagated to ZT error; possible missing structure/additive feature,True
10.1021_acsenergylett.8b00137__sample_43756,10.1021/acsenergylett.8b00137,https://doi.org/10.1021/acsenergylett.8b00137,,43756,AgSn5Sb(Te0.992I0.008)7,unknown,p,11,4,2,2,0.07766394070630787,1.3727815018134473,1.2951175611071395,0.052360758088459546,0.7425962122298481,0.6902354541413885,0.027661709388490968,0.739016167803165,0.711354458414674,0.04366231206846759,0.7349526724264968,0.6912903603580292,1.093625,1.11911721083349,0.284209770289636,1.0813929578297483,unknown,no,no,ML_much_worse,primary DOI test sample aggregate,ML tau prediction much worse than fitting; sigma ML error propagated to ZT error; ML missed high ZT; possible missing structure/additive feature,True
10.1021_acsenergylett.8b00137__sample_43757,10.1021/acsenergylett.8b00137,https://doi.org/10.1021/acsenergylett.8b00137,,43757,AgSn5Sb(Te0.99I0.01)7,unknown,p,11,2,0,0,0.09229070847285326,1.404039702988843,1.3117489945159897,0.058909216911168474,0.7605562004290456,0.7016469835178771,,,,,,,0.9036062,,,,unknown,no,no,not_evaluated,primary DOI test sample aggregate,sigma ML error propagated to ZT error; possible missing structure/additive feature,True
10.1021_acsnano.1c03120__sample_44812,10.1021/acsnano.1c03120,https://doi.org/10.1021/acsnano.1c03120,,44812,Cu2SnSe2.9S0.1,unknown,p,11,0,0,0,0.11190062770087564,1.0719698781566245,0.9600692504557489,,,,,,,,,,,,,,unknown,no,no,not_evaluated,primary DOI test sample aggregate,sigma ML error propagated to ZT error; possible missing structure/additive feature,True
10.1021_acsnano.1c03120__sample_44814,10.1021/acsnano.1c03120,https://doi.org/10.1021/acsnano.1c03120,,44814,Cu2SnSe2.8S0.2,unknown,p,11,0,0,0,0.09250817455529906,1.172064944759076,1.079556770203777,,,,,,,,,,,,,,unknown,no,no,not_evaluated,primary DOI test sample aggregate,sigma ML error propagated to ZT error; possible missing structure/additive feature,True
10.1021_acsnano.1c03120__sample_44816,10.1021/acsnano.1c03120,https://doi.org/10.1021/acsnano.1c03120,,44816,Cu2SnSe2.7S0.3,unknown,p,11,0,0,0,0.1449162663080313,1.2716318223961651,1.126715556088134,,,,,,,,,,,,,,unknown,no,no,not_evaluated,primary DOI test sample aggregate,sigma ML error propagated to ZT error; possible missing structure/additive feature,True
10.1021_acsnano.1c03120__sample_44817,10.1021/acsnano.1c03120,https://doi.org/10.1021/acsnano.1c03120,,44817,Cu2SnSe2.6S0.4,unknown,p,11,0,0,0,0.15261787106081454,1.3893167607668166,1.236698889706002,,,,,,,,,,,,,,unknown,no,no,not_evaluated,primary DOI test sample aggregate,sigma ML error propagated to ZT error; possible missing structure/additive feature,True
10.1021_acsnano.1c03120__sample_44820,10.1021/acsnano.1c03120,https://doi.org/10.1021/acsnano.1c03120,,44820,Cu2SnSe2.5S0.5,unknown,p,11,0,0,0,0.20286700687421158,1.6385436984667023,1.4356766915924908,,,,,,,,,,,,,,unknown,no,no,not_evaluated,primary DOI test sample aggregate,sigma ML error propagated to ZT error; possible missing structure/additive feature,True
10.1021_acsnano.6b03696__sample_2641,10.1021/acsnano.6b03696,https://doi.org/10.1021/acsnano.6b03696,,2641,PbSe,unknown,p,7,5,0,5,0.057695045998916256,1.1600904402620709,1.1023953942631546,0.04428815130678067,0.6863848314396769,0.6420966801328962,,,,0.04428815130674146,0.6863848314396505,0.642096680132909,,0.9293104732017928,0.2917181256677235,1.0429533312412107,unknown,no,no,not_evaluated,primary DOI test sample aggregate,sigma ML error propagated to ZT error; possible missing structure/additive feature,True
10.1021_acsnano.6b03696__sample_2643,10.1021/acsnano.6b03696,https://doi.org/10.1021/acsnano.6b03696,,2643,PbSe0.5Te0.5,unknown,p,7,3,0,3,0.31637406476248914,0.4709095605667958,0.15453549580430664,0.2594356928827084,0.5068393442725472,0.24740365138983877,,,,0.2594356928826725,0.5068393442725607,0.24740365138988824,,0.9980118596844868,1.4145514683623193,1.8219524069668285,unknown,no,no,not_evaluated,primary DOI test sample aggregate,ML false high-ZT prediction; possible missing structure/additive feature,True
10.1021_am303145v__sample_5951,10.1021/am303145v,https://doi.org/10.1021/am303145v,,5951,Bi0.5Sb1.5Te3C0.05,unknown,p,11,11,11,11,0.21993401282852232,1.4051319554311537,1.1851979426026313,0.19468318991530564,0.7442058228948681,0.5495226329795625,0.19000154535751734,0.7462988636861188,0.5562973183286014,0.19468318991530745,0.7442058228948594,0.549522632979552,1.058793,1.1624413040585535,0.290169337263461,1.0497492808694855,unknown,no,no,ML_much_worse,primary DOI test sample aggregate,ML tau prediction much worse than fitting; sigma ML error propagated to ZT error; ML missed high ZT; possible missing structure/additive feature,True
10.1021_am405410e__sample_69,10.1021/am405410e,https://doi.org/10.1021/am405410e,,69,Pb1.0015Zn0.01Te1.01I0.003,unknown,n,15,0,0,0,0.48449523303716685,1.022715751870978,0.5382205188338112,,,,,,,,,,,,,,unknown,no,no,not_evaluated,primary DOI test sample aggregate,sigma ML error propagated to ZT error; possible missing structure/additive feature,True
10.1021_am4059167__sample_30708,10.1021/am4059167,https://doi.org/10.1021/am4059167,,30708,C,unknown,p,5,1,0,0,0.08011221211659032,4.761964857648617,4.681852645532026,0.01870746616381469,0.9912854069659456,0.9725779408021309,,,,,,,,,,,unknown,no,no,not_evaluated,primary DOI test sample aggregate,sigma ML error propagated to ZT error; possible missing structure/additive feature,True
10.1021_am4059167__sample_30712,10.1021/am4059167,https://doi.org/10.1021/am4059167,,30712,Ag2Te,unknown,n,5,1,0,1,0.3129790282610078,1.0582267496901125,0.7452477214291047,0.07635437598125851,1.9578554781305957,1.881501102149337,,,,0.07635437598110627,1.957855478130037,1.8815011021489307,,0.1442878469179921,0.3965075145859421,0.1340523624354409,unknown,no,no,not_evaluated,primary DOI test sample aggregate,sigma ML error propagated to ZT error; possible missing structure/additive feature,True
10.1021_am507882f__sample_29058,10.1021/am507882f,https://doi.org/10.1021/am507882f,,29058,Zn0.98Al0.02OC0.1,unknown,n,10,0,0,0,0.13218276986775554,2.2779388936877405,2.145756123819985,,,,,,,,,,,,,,unknown,no,no,not_evaluated,primary DOI test sample aggregate,sigma ML error propagated to ZT error; possible missing structure/additive feature,True
10.1021_cm052055b__sample_3405,10.1021/cm052055b,https://doi.org/10.1021/cm052055b,,3405,In0.05Co4Sb12,unknown,n,13,0,0,0,0.07463409057558844,1.5290008694849595,1.454366778909371,,,,,,,,,,,,,,unknown,no,no,not_evaluated,primary DOI test sample aggregate,sigma ML error propagated to ZT error; possible missing structure/additive feature,True
10.1021_cm3011343__sample_10594,10.1021/cm3011343,https://doi.org/10.1021/cm3011343,,10594,TiCoSb,unknown,n,8,0,0,0,0.5894324262893367,3.3290039508785476,2.739571524589211,,,,,,,,,,,,,,unknown,no,no,not_evaluated,primary DOI test sample aggregate,sigma ML error propagated to ZT error; possible missing structure/additive feature,True
10.1021_cm3011343__sample_10595,10.1021/cm3011343,https://doi.org/10.1021/cm3011343,,10595,TiCoSb,unknown,n,8,0,0,0,0.19642475014533015,1.620388461723376,1.4239637115780457,,,,,,,,,,,,,,unknown,no,no,not_evaluated,primary DOI test sample aggregate,sigma ML error propagated to ZT error; possible missing structure/additive feature,True
10.1021_cm3011343__sample_10596,10.1021/cm3011343,https://doi.org/10.1021/cm3011343,,10596,TiCoSb,unknown,n,16,0,0,0,0.6011502122134451,3.2858609940242256,2.6847107818107805,,,,,,,,,,,,,,unknown,no,no,not_evaluated,primary DOI test sample aggregate,sigma ML error propagated to ZT error; possible missing structure/additive feature,True
10.1021_cm3011343__sample_10597,10.1021/cm3011343,https://doi.org/10.1021/cm3011343,,10597,TiCoSb,unknown,n,16,0,0,0,0.21908438457407411,1.7074854140359559,1.4884010294618817,,,,,,,,,,,,,,unknown,no,no,not_evaluated,primary DOI test sample aggregate,sigma ML error propagated to ZT error; possible missing structure/additive feature,True
10.1021_cm401630d__sample_6664,10.1021/cm401630d,https://doi.org/10.1021/cm401630d,,6664,AgBiS2,unknown,n,22,14,0,0,0.3458176965347562,2.336639122344126,1.9908214258093697,0.3535763502470438,10.38449838547653,10.030922035229485,,,,,,,0.157895,,,,unknown,no,no,not_evaluated,primary DOI test sample aggregate,sigma ML error propagated to ZT error; possible missing structure/additive feature,True
10.1021_cm901824c__sample_6432,10.1021/cm901824c,https://doi.org/10.1021/cm901824c,,6432,Yb11InSb9,unknown,p,26,0,0,0,0.17975324749152924,1.7116095109540992,1.5318562634625699,,,,,,,,,,,,,,unknown,no,no,not_evaluated,primary DOI test sample aggregate,sigma ML error propagated to ZT error; possible missing structure/additive feature,True
10.1021_cm902001c__sample_27102,10.1021/cm902001c,https://doi.org/10.1021/cm902001c,,27102,K0.9Pb19.2Sb1.2Te21,unknown,n,20,8,0,0,0.5062335588587453,0.627179394771831,0.12094583591308572,0.39923152509657456,0.39205967913035383,-0.007171845966220725,,,,,,,1.097724,,,,unknown,no,no,not_evaluated,primary DOI test sample aggregate,ML missed high ZT; possible missing structure/additive feature,True
10.1021_cm902001c__sample_27104,10.1021/cm902001c,https://doi.org/10.1021/cm902001c,,27104,K0.95Pb20SbTe20,unknown,n,21,7,0,0,0.2500758610194788,0.3493912202472819,0.0993153592278031,0.24956768105648713,0.27349058818628247,0.023922907129795334,,,,,,,1.054631,,,,unknown,no,no,not_evaluated,primary DOI test sample aggregate,ML missed high ZT; possible missing structure/additive feature,True
10.1021_cm902001c__sample_27107,10.1021/cm902001c,https://doi.org/10.1021/cm902001c,,27107,K0.95Pb20Sb1.2Te22,unknown,n,21,10,0,0,0.48133890734048074,0.6173079696407324,0.1359690623002517,0.5638603865099518,0.4063557605388885,-0.15750462597106335,,,,,,,1.511155,,,,unknown,no,no,not_evaluated,primary DOI test sample aggregate,ML missed high ZT; possible missing structure/additive feature,True
10.1021_cm902001c__sample_27109,10.1021/cm902001c,https://doi.org/10.1021/cm902001c,,27109,K0.8Pb20Sb1.2Te22,unknown,n,13,3,0,1,0.2524542113376527,1.1818836296107726,0.92942941827312,0.14268021057235522,0.6401130997364186,0.49743288916406336,,,,0.0012605312715511263,0.6852157072993127,0.6839551760277616,0.6139941,0.633755738229416,0.1997481405811854,0.6345556154261991,unknown,no,no,not_evaluated,primary DOI test sample aggregate,sigma ML error propagated to ZT error; possible missing structure/additive feature,True
10.1021_cm902001c__sample_27117,10.1021/cm902001c,https://doi.org/10.1021/cm902001c,,27117,K0.9Pb21Sb1.2Te23,unknown,n,15,8,0,0,0.3873530348409301,1.0905313469376883,0.7031783120967582,0.39771465895148006,0.5367536939529247,0.13903903500144466,,,,,,,1.13893,,,,unknown,no,no,not_evaluated,primary DOI test sample aggregate,sigma ML error propagated to ZT error; ML missed high ZT; possible missing structure/additive feature,True
10.1021_ic061241w__sample_21557,10.1021/ic061241w,https://doi.org/10.1021/ic061241w,,21557,Ba8Al14Si31,unknown,n,16,0,0,0,0.03702541107411931,1.0396119901427139,1.0025865790685946,,,,,,,,,,,,,,unknown,no,no,not_evaluated,primary DOI test sample aggregate,sigma ML error propagated to ZT error; possible missing structure/additive feature,True
10.1021_ja208658w__sample_244,10.1021/ja208658w,https://doi.org/10.1021/ja208658w,,244,Pb1.02SCl0.04,unknown,n,17,2,1,2,0.2684299588581387,1.1038897628974325,0.8354598040392938,0.3104026474461007,0.7636409402633477,0.45323829281724703,0.11498519167904743,0.6966617299602178,0.5816765382811704,0.31040264744607915,0.7636409402633859,0.45323829281730676,0.02600409,0.0230140047269108,0.0078880356745588,0.0309679615186948,unknown,no,no,ML_much_worse,primary DOI test sample aggregate,ML tau prediction much worse than fitting; sigma ML error propagated to ZT error; possible missing structure/additive feature,True
10.1021_ja208658w__sample_402,10.1021/ja208658w,https://doi.org/10.1021/ja208658w,,402,Pb1.02Ca0.01SCl0.02,unknown,n,18,9,0,0,0.29836193787075543,1.775793261172814,1.4774313233020586,0.2132782303348269,0.851007450327385,0.6377292199925582,,,,,,,,,,,unknown,no,no,not_evaluated,primary DOI test sample aggregate,sigma ML error propagated to ZT error; possible missing structure/additive feature,True
10.1021_ja208658w__sample_413,10.1021/ja208658w,https://doi.org/10.1021/ja208658w,,413,Pb1.02Sr0.01SCl0.02,unknown,n,18,18,0,0,0.287627052082459,1.7841393945145272,1.496512342432068,0.24586633926766968,0.8211136665660903,0.5752473272984207,,,,,,,,,,,unknown,no,no,not_evaluated,primary DOI test sample aggregate,sigma ML error propagated to ZT error; possible missing structure/additive feature,True
10.1021_ja403653m__sample_13265,10.1021/ja403653m,https://doi.org/10.1021/ja403653m,,13265,CaCeAgSb,unknown,p,14,0,0,0,0.3275860605076384,2.6605926357916756,2.3330065752840374,,,,,,,,,,,,,,unknown,no,no,not_evaluated,primary DOI test sample aggregate,sigma ML error propagated to ZT error; possible missing structure/additive feature,True
10.1021_ja403653m__sample_13267,10.1021/ja403653m,https://doi.org/10.1021/ja403653m,,13267,Ca0.84Ce0.16Ag0.89Sb,unknown,p,16,0,0,0,0.22818101320074835,1.5009101241205929,1.2727291109198444,,,,,,,,,,,,,,unknown,no,no,not_evaluated,primary DOI test sample aggregate,sigma ML error propagated to ZT error; possible missing structure/additive feature,True
10.1021_ja403653m__sample_13268,10.1021/ja403653m,https://doi.org/10.1021/ja403653m,,13268,Ca0.84Ce0.16Ag0.88Sb,unknown,p,16,0,0,0,0.2301997623664831,1.5927140163840146,1.3625142540175315,,,,,,,,,,,,,,unknown,no,no,not_evaluated,primary DOI test sample aggregate,sigma ML error propagated to ZT error; possible missing structure/additive feature,True
10.1021_ja403653m__sample_13269,10.1021/ja403653m,https://doi.org/10.1021/ja403653m,,13269,Ca0.84Ce0.16Ag0.87Sb,unknown,p,16,0,0,0,0.2517640130615829,1.206240971350915,0.9544769582893321,,,,,,,,,,,,,,unknown,no,no,not_evaluated,primary DOI test sample aggregate,sigma ML error propagated to ZT error; possible missing structure/additive feature,True
10.1021_ja403653m__sample_13270,10.1021/ja403653m,https://doi.org/10.1021/ja403653m,,13270,Ca0.84Ce0.16Ag0.86Sb,unknown,p,16,0,0,0,0.2569762769043686,1.5901361609203746,1.333159884016006,,,,,,,,,,,,,,unknown,no,no,not_evaluated,primary DOI test sample aggregate,sigma ML error propagated to ZT error; possible missing structure/additive feature,True
10.1021_ja403653m__sample_13271,10.1021/ja403653m,https://doi.org/10.1021/ja403653m,,13271,Ca0.84Ce0.16Ag0.85Sb,unknown,p,16,0,0,0,0.2292024437302539,1.690339084401849,1.461136640671595,,,,,,,,,,,,,,unknown,no,no,not_evaluated,primary DOI test sample aggregate,sigma ML error propagated to ZT error; possible missing structure/additive feature,True
10.1021_ja410753k__sample_13971,10.1021/ja410753k,https://doi.org/10.1021/ja410753k,,13971,Cu2ZnGeSe4,unknown,p,35,0,0,0,0.9145139025395809,2.928041272186767,2.013527369647186,,,,,,,,,,,,,,unknown,no,no,not_evaluated,primary DOI test sample aggregate,sigma ML error propagated to ZT error; possible missing structure/additive feature,True
10.1021_ja410753k__sample_13972,10.1021/ja410753k,https://doi.org/10.1021/ja410753k,,13972,Cu2ZnGeSe3S,unknown,p,43,0,0,0,0.9452464817876155,4.3655013813764985,3.420254899588883,,,,,,,,,,,,,,unknown,no,no,not_evaluated,primary DOI test sample aggregate,sigma ML error propagated to ZT error; possible missing structure/additive feature,True
10.1021_ja410753k__sample_13973,10.1021/ja410753k,https://doi.org/10.1021/ja410753k,,13973,Cu2ZnGeSe2S2,unknown,p,20,0,0,0,0.3974708946636158,5.176470861933159,4.778999967269543,,,,,,,,,,,,,,unknown,no,no,not_evaluated,primary DOI test sample aggregate,sigma ML error propagated to ZT error; possible missing structure/additive feature,True
10.1021_ja410753k__sample_13974,10.1021/ja410753k,https://doi.org/10.1021/ja410753k,,13974,Cu2ZnGeSe1S3,unknown,p,18,0,0,0,0.3305870877407738,4.954983339789265,4.6243962520484905,,,,,,,,,,,,,,unknown,no,no,not_evaluated,primary DOI test sample aggregate,sigma ML error propagated to ZT error; possible missing structure/additive feature,True
10.1021_ja410753k__sample_13975,10.1021/ja410753k,https://doi.org/10.1021/ja410753k,,13975,Cu2ZnGeS4,unknown,p,16,0,0,0,0.22029322120970177,4.2637276658246375,4.0434344446149355,,,,,,,,,,,,,,unknown,no,no,not_evaluated,primary DOI test sample aggregate,sigma ML error propagated to ZT error; possible missing structure/additive feature,True
10.1021_jacs.0c05650__sample_38431,10.1021/jacs.0c05650,https://doi.org/10.1021/jacs.0c05650,,38431,NaSn50SbTe52,unknown,p,12,11,4,4,0.287344917188802,2.0264036697234173,1.7390587525346153,0.2608101064036829,0.86327008369114,0.602459977287457,0.22634580739978832,0.8959160697952144,0.669570262395426,0.20045990619755286,0.8924334979177635,0.6919735917202107,0.7896978,0.1355429305317044,0.0182353318267407,0.1564428104188761,unknown,no,no,ML_much_worse,primary DOI test sample aggregate,ML tau prediction much worse than fitting; sigma ML error propagated to ZT error; possible missing structure/additive feature,True
10.1021_jacs.0c05650__sample_38432,10.1021/jacs.0c05650,https://doi.org/10.1021/jacs.0c05650,,38432,NaSn20SbTe22,unknown,p,12,10,5,5,0.25231788710589526,1.7831163847678828,1.5307984976619875,0.23832506507644352,0.8226047744309136,0.58427970935447,0.18853175727539712,0.8611115465850648,0.6725797893096677,0.17117129407027848,0.8581401821395136,0.6869688880692351,0.9964109,0.2475981299064026,0.0423781480537883,0.2693658564486205,unknown,no,no,ML_much_worse,primary DOI test sample aggregate,ML tau prediction much worse than fitting; sigma ML error propagated to ZT error; possible missing structure/additive feature,True
10.1021_jacs.0c05650__sample_38433,10.1021/jacs.0c05650,https://doi.org/10.1021/jacs.0c05650,,38433,NaSn10SbTe12,unknown,p,12,8,3,3,0.2398056371371767,1.5184773695381497,1.278671732400973,0.21172279330659,0.7812529622037834,0.5695301688971934,0.2157844505994062,0.8249167158876825,0.6091322652882762,0.20483210617495715,0.8224715049606263,0.6176393987856691,1.091321,0.1977028458698785,0.0441389660785314,0.2401061418103429,unknown,no,no,ML_much_worse,primary DOI test sample aggregate,ML tau prediction much worse than fitting; sigma ML error propagated to ZT error; ML missed high ZT; possible missing structure/additive feature,True
10.1021_jacs.0c05650__sample_38434,10.1021/jacs.0c05650,https://doi.org/10.1021/jacs.0c05650,,38434,NaSn4SbTe6,unknown,p,13,8,3,3,0.19944737525463005,1.0117954610978601,0.81234808584323,0.1271552368666156,0.6212319724010942,0.4940767355344786,0.06184589014861642,0.6520804447348724,0.590234554586256,0.05545172246256505,0.649709132863762,0.594257410401197,1.167332,0.8065568667717193,0.2991160017704392,0.8191537477209633,unknown,no,no,ML_much_worse,primary DOI test sample aggregate,ML tau prediction much worse than fitting; sigma ML error propagated to ZT error; ML missed high ZT; possible missing structure/additive feature,True
10.1021_jacs.0c05650__sample_38435,10.1021/jacs.0c05650,https://doi.org/10.1021/jacs.0c05650,,38435,NaSn25SbTe27,unknown,p,12,10,6,7,0.26683401830282905,1.8644269693331996,1.5975929510303706,0.2182968406565852,0.8472317363368589,0.6289348956802737,0.2061455517211169,0.8684155906758025,0.6622700389546856,0.17681660427430912,0.8651940198567619,0.6883774155824528,0.8224614,0.309066159022118,0.0488288646881071,0.2796255096884841,unknown,no,no,ML_much_worse,primary DOI test sample aggregate,ML tau prediction much worse than fitting; sigma ML error propagated to ZT error; possible missing structure/additive feature,True
10.1021_jacs.0c05650__sample_38436,10.1021/jacs.0c05650,https://doi.org/10.1021/jacs.0c05650,,38436,NaSn15SbTe17,unknown,p,12,11,4,5,0.23757558281568783,1.7429429042677995,1.5053673214521117,0.1977954463813927,0.8239350514451811,0.6261396050637884,0.14046932443749227,0.8471111554783637,0.7066418310408714,0.1160040778231444,0.8356791176052241,0.7196750397820797,0.9432208,0.4511912035188407,0.0802555437817012,0.4103557842894461,unknown,no,no,ML_much_worse,primary DOI test sample aggregate,ML tau prediction much worse than fitting; sigma ML error propagated to ZT error; possible missing structure/additive feature,True
10.1021_jacs.0c05650__sample_38439,10.1021/jacs.0c05650,https://doi.org/10.1021/jacs.0c05650,,38439,NaSn5SbTe7,unknown,p,12,7,2,3,0.19532419342873591,0.9393610557489773,0.7440368623202414,0.13862770296625201,0.6413464968741115,0.5027187939078595,0.16216144891273906,0.6657143320157659,0.5035528831030268,0.17469786695253584,0.6707161845482433,0.49601831759570747,1.203191,0.8866406481896065,0.3537570107718376,1.1883379489663306,unknown,no,no,ML_much_worse,primary DOI test sample aggregate,ML tau prediction much worse than fitting; ML missed high ZT; possible missing structure/additive feature,True
10.1021_jacs.0c05650__sample_38440,10.1021/jacs.0c05650,https://doi.org/10.1021/jacs.0c05650,,38440,NaSn3SbTe5,unknown,p,13,11,3,4,0.19450063284543198,0.691809728040936,0.49730909519550404,0.10517665139105305,0.4864765361510078,0.38129988475995474,0.09459859498571925,0.4959547310978958,0.4013561361121765,0.05628238981878535,0.4881520591500414,0.43186966933125603,1.060972,0.7779657397568542,0.4005254138667558,0.7066288884217322,unknown,no,no,ML_moderately_worse,primary DOI test sample aggregate,ML missed high ZT; possible missing structure/additive feature,True
10.1021_jacs.0c05650__sample_38447,10.1021/jacs.0c05650,https://doi.org/10.1021/jacs.0c05650,,38447,NaSn50BiTe52,unknown,p,13,11,3,3,0.37460975965434695,2.4950297281396527,2.120419968485306,0.3419109062944923,0.9138326958671108,0.5719217895726185,0.18492421536376244,0.9308322942451435,0.745908078881381,0.15751322179462335,0.9285061847306956,0.7709929629360722,0.8557477,0.1918321350134155,0.0162789631578315,0.2099857496131522,unknown,no,no,ML_much_worse,primary DOI test sample aggregate,ML tau prediction much worse than fitting; sigma ML error propagated to ZT error; possible missing structure/additive feature,True
10.1021_jacs.0c05650__sample_38448,10.1021/jacs.0c05650,https://doi.org/10.1021/jacs.0c05650,,38448,NaSn25BiTe27,unknown,p,12,11,4,5,0.30295344004524427,2.3530800048196197,2.0501265647743754,0.28056933442915116,0.895974523702929,0.6154051892737777,0.23671477671544114,0.9174977214456527,0.6807829447302115,0.2356837173146989,0.9183623269865888,0.68267860967189,0.8054252,0.6340047490955213,0.0614706730915239,0.5308925811810643,unknown,no,no,ML_much_worse,primary DOI test sample aggregate,ML tau prediction much worse than fitting; sigma ML error propagated to ZT error; possible missing structure/additive feature,True
10.1021_jacs.0c05650__sample_38449,10.1021/jacs.0c05650,https://doi.org/10.1021/jacs.0c05650,,38449,NaSn20BiTe22,unknown,p,13,8,5,5,0.2764971369669954,2.1697954141215146,1.893298277154519,0.27759064878086126,0.8763634007476246,0.5987727519667634,0.2451510834266813,0.8828704675119683,0.637719384085287,0.2562497372315865,0.8839104729214184,0.6276607356898319,0.7490245,1.0039025177763696,0.1166926918875948,0.6131046369019261,unknown,no,no,ML_much_worse,primary DOI test sample aggregate,ML tau prediction much worse than fitting; sigma ML error propagated to ZT error; possible missing structure/additive feature,True
10.1021_jacs.0c05650__sample_38450,10.1021/jacs.0c05650,https://doi.org/10.1021/jacs.0c05650,,38450,NaSn15BiTe17,unknown,p,13,12,1,1,0.23090251648853583,1.8548176374875947,1.6239151209990588,0.2125938842196058,0.8377492007860959,0.6251553165664901,0.0342856584825618,0.8358013363782324,0.8015156778956706,0.014933011254372509,0.8388736779372117,0.8239406666828392,0.7749101,0.5260591990459274,0.0835148556502343,0.5183191335906614,unknown,no,no,ML_much_worse,primary DOI test sample aggregate,ML tau prediction much worse than fitting; sigma ML error propagated to ZT error; possible missing structure/additive feature,True
10.1021_jacs.0c05650__sample_38451,10.1021/jacs.0c05650,https://doi.org/10.1021/jacs.0c05650,,38451,NaSn10BiTe12,unknown,p,12,10,2,2,0.2102692488356152,1.7157309044260023,1.505461655590387,0.1872614458134409,0.8138495530450275,0.6265881072315866,0.041882869667794975,0.8101968863066225,0.7683140166388275,0.04561379056996746,0.8154248210001362,0.7698110304301687,0.5937475,0.4955973259414112,0.0902845399807605,0.5122074610628539,unknown,no,no,ML_much_worse,primary DOI test sample aggregate,ML tau prediction much worse than fitting; sigma ML error propagated to ZT error; possible missing structure/additive feature,True
10.1021_jacs.0c05650__sample_38452,10.1021/jacs.0c05650,https://doi.org/10.1021/jacs.0c05650,,38452,NaSn5BiTe7,unknown,p,12,11,4,4,0.21046045984153103,1.4730614109360194,1.2626009510944884,0.10536657860301966,0.7655000749087809,0.6601334963057612,0.07270476273031462,0.7546918039337617,0.681987041203447,0.04833825901480965,0.7568986252124087,0.708560366197599,0.4432113,0.4100478979070558,0.0954234756589438,0.3896880337873789,unknown,no,no,ML_much_worse,primary DOI test sample aggregate,ML tau prediction much worse than fitting; sigma ML error propagated to ZT error; possible missing structure/additive feature,True
10.1021_jacs.5b01863__sample_20950,10.1021/jacs.5b01863,https://doi.org/10.1021/jacs.5b01863,,20950,Bi0.975CuSeO,unknown,p,13,13,13,13,0.5878542983232792,1.797520136160921,1.2096658378376417,0.5597743159617424,5.495964976056795,4.936190660095053,0.571627544335313,5.56580323857597,4.994175694240657,0.5597743159615675,5.495964976055289,4.936190660093722,0.5123206,0.2302206112631626,1.2585502459172464,0.5141171278050981,unknown,no,no,ML_much_worse,primary DOI test sample aggregate,ML tau prediction much worse than fitting; sigma ML error propagated to ZT error; ML false high-ZT prediction; possible missing structure/additive feature,True
10.1021_jacs.5b01863__sample_20951,10.1021/jacs.5b01863,https://doi.org/10.1021/jacs.5b01863,,20951,BiCu0.975SeO,unknown,p,13,13,13,13,0.5494034167542665,2.158961773381344,1.6095583566270775,0.5139095519726948,8.363818617870557,7.849909065897862,0.5110069326965972,8.314850447482359,7.803843514785761,0.5139095519726498,8.363818617869475,7.849909065896825,0.5977861,0.2864215426475462,2.3108058121405977,0.5945421189704231,unknown,no,no,ML_much_worse,primary DOI test sample aggregate,ML tau prediction much worse than fitting; sigma ML error propagated to ZT error; ML false high-ZT prediction; possible missing structure/additive feature,True
10.1021_jacs.5b01863__sample_20952,10.1021/jacs.5b01863,https://doi.org/10.1021/jacs.5b01863,,20952,Bi0.975Cu0.975SeO,unknown,p,13,13,13,13,0.568001509444117,1.9323934997972503,1.3643919903531332,0.5439622608649739,6.453966036755046,5.910003775890073,0.5513324155534047,6.502888259604457,5.951555844051052,0.543962260864877,6.453966036753931,5.910003775889054,0.8325959,0.3799927805825661,2.409518011117128,0.8338596360398681,unknown,no,no,ML_much_worse,primary DOI test sample aggregate,ML tau prediction much worse than fitting; sigma ML error propagated to ZT error; ML false high-ZT prediction; possible missing structure/additive feature,True
10.1021_jacs.6b09568__sample_44731,10.1021/jacs.6b09568,https://doi.org/10.1021/jacs.6b09568,,44731,K2Bi8Se13,unknown,n,13,13,13,13,0.3018872945038499,0.6213789769661876,0.3194916824623377,0.28188146265398967,0.8000492999001938,0.5181678372462042,0.30859843010691645,0.8599830755182422,0.5513846454113257,0.28188146265393393,0.8000492999000179,0.5181678372460841,0.8735056,1.2002342136066038,2.066039622521543,0.9325671178751154,unknown,no,no,ML_much_worse,primary DOI test sample aggregate,ML tau prediction much worse than fitting; ML false high-ZT prediction; possible missing structure/additive feature,True
10.1021_jacs.6b09568__sample_44735,10.1021/jacs.6b09568,https://doi.org/10.1021/jacs.6b09568,,44735,(K2Bi8Se13)73.16(BiCl3)26.84,unknown,n,13,12,11,11,0.2240953306117703,0.5652591103545291,0.3411637797427588,0.20337976686541367,0.37896590163349586,0.17558613476808219,0.2103000014224362,0.3824901285302635,0.17219012710782727,0.2038753046334371,0.38732174297464933,0.18344643834121224,1.208376,1.5156161281801614,0.9020202003397444,1.1385282724658956,unknown,no,no,ML_moderately_worse,primary DOI test sample aggregate,ML missed high ZT; possible missing structure/additive feature,True
10.1021_jacs.6b09568__sample_44736,10.1021/jacs.6b09568,https://doi.org/10.1021/jacs.6b09568,,44736,(K2Bi8Se13)68.33(BiCl3)31.67,unknown,n,13,13,11,12,0.18837676853051544,0.7939858561725092,0.6056090876419937,0.16997300304852805,0.5292737826556254,0.3593007796070974,0.16823789556912747,0.5414407910530763,0.3732028954839488,0.16938386303924746,0.5354024011811663,0.36601853814191887,1.149874,1.404165971343435,0.6492924327797981,1.1121065187413317,unknown,no,no,ML_moderately_worse,primary DOI test sample aggregate,ML missed high ZT; possible missing structure/additive feature,True
10.1021_jacs.7b05881__sample_39987,10.1021/jacs.7b05881,https://doi.org/10.1021/jacs.7b05881,,39987,Na0.01Sn0.99Se,unknown,p,12,8,2,3,0.3516765189844821,1.0760357794141904,0.7243592604297082,0.3101880561682886,1.807219363336991,1.4970313071687025,0.8456079674675766,2.8251402239895542,1.9795322565219777,0.5502038929178711,2.2509155369385936,1.7007116440207226,0.5744,0.6092080080754848,1.6842986356725522,0.7047047911054835,unknown,no,no,ML_much_worse,primary DOI test sample aggregate,ML tau prediction much worse than fitting; sigma ML error propagated to ZT error; ML false high-ZT prediction; possible missing structure/additive feature,True
10.1021_jacs.7b05881__sample_39988,10.1021/jacs.7b05881,https://doi.org/10.1021/jacs.7b05881,,39988,Na0.01(Sn0.95Pb0.05)0.99Se,unknown,p,12,4,1,1,0.3887719963227892,1.2321107348996656,0.8433387385768765,0.4939993357210667,2.6785371365456787,2.184537800824612,0.5218556567025344,0.5392959224162068,0.01744026571367241,0.5457714234425461,0.46230360254376507,-0.08346782089878108,0.8726888,0.4172712131790533,1.3433263113782927,0.9186370799070014,unknown,no,no,ML_close_to_fitting,primary DOI test sample aggregate,sigma ML error propagated to ZT error; ML false high-ZT prediction; possible missing structure/additive feature,True
10.1021_jacs.7b05881__sample_39989,10.1021/jacs.7b05881,https://doi.org/10.1021/jacs.7b05881,,39989,Na0.01(Sn0.9Pb0.1)0.99Se,unknown,p,12,2,0,1,0.44785370561289345,1.8199835955965664,1.372129889983673,0.4658948854949554,7.554745191608437,7.088850306113482,,,,0.242936985792485,6.253595948722505,6.0106589629300196,0.6064,0.4511237746265129,2.6326914569340856,0.3629498355774493,unknown,no,no,not_evaluated,primary DOI test sample aggregate,sigma ML error propagated to ZT error; ML false high-ZT prediction; possible missing structure/additive feature,True
10.1021_jacs.7b05881__sample_39990,10.1021/jacs.7b05881,https://doi.org/10.1021/jacs.7b05881,,39990,Na0.01(Sn0.85Pb0.15)0.99Se,unknown,p,12,4,1,2,0.5782848627746451,2.085093912882762,1.5068090501081168,0.28149566027914447,5.157751275661268,4.8762556153821235,0.6681824232773975,1.45991836054569,0.7917359372682925,0.34960211124212837,4.015603849287585,3.6660017380454564,0.616,0.2043996272611231,1.515309710096145,0.6251689187605711,unknown,no,no,ML_much_worse,primary DOI test sample aggregate,ML tau prediction much worse than fitting; sigma ML error propagated to ZT error; ML false high-ZT prediction; possible missing structure/additive feature,True
10.1021_jacs.7b05881__sample_40024,10.1021/jacs.7b05881,https://doi.org/10.1021/jacs.7b05881,,40024,Na0.01(Sn0.97Pb0.03)0.99Se,unknown,p,11,2,1,1,0.3569139690380758,1.3805744003142388,1.023660431276163,0.6213762161031005,3.066932134580189,2.4455559184770888,2.8526083667982776,13.620012846662567,10.76740447986429,0.6930781997606636,5.424952311328791,4.7318741115681275,0.264774,0.0536880238955174,0.2037371890246662,0.0317103036960176,unknown,no,no,ML_much_worse,primary DOI test sample aggregate,ML tau prediction much worse than fitting; sigma ML error propagated to ZT error; possible missing structure/additive feature,True
10.1021_jacs.7b05881__sample_40025,10.1021/jacs.7b05881,https://doi.org/10.1021/jacs.7b05881,,40025,Na0.01(Sn0.96Pb0.04)0.99Se,unknown,p,12,3,2,2,0.4485405701125164,1.4120929963723632,0.9635524262598467,0.6168063265536278,4.743024696992723,4.126218370439095,1.9771634804219864,10.358115701666089,8.380952221244103,0.8416161833536332,6.025912357901971,5.184296174548338,0.02941935,0.0619998684299381,0.2365344341169659,0.0411590927375195,unknown,no,no,ML_much_worse,primary DOI test sample aggregate,ML tau prediction much worse than fitting; sigma ML error propagated to ZT error; possible missing structure/additive feature,True
10.1021_jacs.7b11662__sample_44876,10.1021/jacs.7b11662,https://doi.org/10.1021/jacs.7b11662,,44876,PbTe,unknown,n,10,10,0,0,0.2780285192558429,0.4952580883595952,0.21722956910375235,0.25611541252603565,0.3106001939659625,0.054484781439926855,,,,,,,1.079585,,,,unknown,no,no,not_evaluated,primary DOI test sample aggregate,ML missed high ZT; possible missing structure/additive feature,True
10.1021_jacs.7b11662__sample_44879,10.1021/jacs.7b11662,https://doi.org/10.1021/jacs.7b11662,,44879,(PbTe)96.09(Cu2Te)3.91,unknown,n,13,13,0,0,0.42914583883556945,0.5942868158147766,0.16514097697920715,0.41921991816171017,0.4247745549075226,0.0055546367458124135,,,,,,,1.305652,,,,unknown,no,no,not_evaluated,primary DOI test sample aggregate,ML missed high ZT; possible missing structure/additive feature,True
10.1021_jacs.7b12767__sample_44915,10.1021/jacs.7b12767,https://doi.org/10.1021/jacs.7b12767,,44915,Mg3.02Sb1.5Bi0.49Te0.01,unknown,n,12,0,0,0,0.6598292508279533,1.0435422601112363,0.383713009283283,,,,,,,,,,,,,,unknown,no,no,not_evaluated,primary DOI test sample aggregate,sigma ML error propagated to ZT error; possible missing structure/additive feature,True
10.1021_jacs.8b04193__sample_44991,10.1021/jacs.8b04193,https://doi.org/10.1021/jacs.8b04193,,44991,Na1.10Pb5.90Sb0.85Te8,unknown,p,12,11,0,0,0.229333691404617,1.7288568450623887,1.4995231536577718,0.16577277996900366,4.897885340244524,4.73211256027552,,,,,,,1.186689,,,,unknown,no,no,not_evaluated,primary DOI test sample aggregate,sigma ML error propagated to ZT error; ML missed high ZT; possible missing structure/additive feature,True
10.1021_jacs.8b04193__sample_44992,10.1021/jacs.8b04193,https://doi.org/10.1021/jacs.8b04193,,44992,Na1.06Pb7.94Sb0.85Te10,unknown,p,12,11,0,0,0.22996897701098284,1.4389588272478597,1.2089898502368768,0.1674098001320833,3.10183007412715,2.9344202739950664,,,,,,,1.144759,,,,unknown,no,no,not_evaluated,primary DOI test sample aggregate,sigma ML error propagated to ZT error; ML missed high ZT; possible missing structure/additive feature,True
10.1021_jacs.8b04193__sample_44993,10.1021/jacs.8b04193,https://doi.org/10.1021/jacs.8b04193,,44993,Na1.10Pb9.90Sb0.85Te12,unknown,p,12,12,3,3,0.31585377378905827,1.0041598274249757,0.6883060536359173,0.25716714518044836,1.7189659762422005,1.4617988310617522,0.17315078521329264,1.255950372651874,1.0827995874385814,0.18422774514634577,1.2868078279839967,1.102580082837651,1.348419,1.3053984273189998,3.386169847535385,1.2345585394588283,unknown,no,no,ML_much_worse,primary DOI test sample aggregate,ML tau prediction much worse than fitting; sigma ML error propagated to ZT error; possible missing structure/additive feature,True
10.1021_jacs.8b09029__sample_45133,10.1021/jacs.8b09029,https://doi.org/10.1021/jacs.8b09029,,45133,PbTe,unknown,n,13,13,11,12,0.5171123245731882,1.329632793299649,0.8125204687264608,0.5181837049339398,0.6634039992229165,0.14522029428897665,0.49206404930487296,0.6714203735953309,0.17935632429045795,0.4796236568093651,0.6838486034772631,0.20422494666789798,1.006077,2.0996354631336165,0.616810970769826,0.9910661061973842,unknown,no,no,ML_moderately_worse,primary DOI test sample aggregate,sigma ML error propagated to ZT error; ML missed high ZT; possible missing structure/additive feature,True
10.1021_jacs.8b12450__sample_45317,10.1021/jacs.8b12450,https://doi.org/10.1021/jacs.8b12450,,45317,SnSe,unknown,p,12,12,10,10,0.6054743038221186,1.0392330219704333,0.4337587181483147,0.5655363050499181,1.7687306870352826,1.2031943819853645,0.627730943012652,1.8491789595760344,1.2214480165633823,0.6519577054080118,1.9044900650085588,1.252532359600547,1.332551,2.512300065318994,5.846437061051606,1.1711950756641838,unknown,no,no,ML_much_worse,primary DOI test sample aggregate,ML tau prediction much worse than fitting; sigma ML error propagated to ZT error; possible missing structure/additive feature,True
10.1021_jacs.8b12450__sample_45319,10.1021/jacs.8b12450,https://doi.org/10.1021/jacs.8b12450,,45319,Sn0.98Na0.02Se0.99Te0.01,unknown,p,12,12,11,11,0.7315086368381717,0.8562373787665519,0.12472874192838024,0.7128814813054243,1.2206723310007195,0.5077908496952952,0.7416138071179972,1.219522442713109,0.4779086355951119,0.7460486993048826,1.2313119839713218,0.4852632846664392,1.6,3.9314591074394936,6.135089991961833,1.5901641218870377,unknown,no,no,ML_moderately_worse,primary DOI test sample aggregate,possible missing structure/additive feature,True
10.1021_jacs.8b12450__sample_45322,10.1021/jacs.8b12450,https://doi.org/10.1021/jacs.8b12450,,45322,Sn0.98Na0.02Se0.975Te0.025,unknown,p,12,12,12,12,0.7169023714450858,0.8479299636202939,0.1310275921752081,0.7003927596032299,1.2096742036752313,0.5092814440720014,0.739267089893673,1.3107865739917808,0.5715194840981078,0.7003927596032123,1.2096742036752037,0.5092814440719914,1.441642,3.69839627954153,5.816557160106036,1.6393132326199114,unknown,no,no,ML_much_worse,primary DOI test sample aggregate,ML tau prediction much worse than fitting; possible missing structure/additive feature,True
10.1021_jacs.8b12450__sample_45323,10.1021/jacs.8b12450,https://doi.org/10.1021/jacs.8b12450,,45323,Sn0.98Na0.02Se0.97Te0.03,unknown,p,12,12,12,12,0.5614163499939582,0.9910475790334264,0.42963122903946827,0.5219322018652556,1.6204250077715263,1.0984928059062709,0.5301421294500591,1.6651355630109974,1.1349934335609384,0.521932201865254,1.6204250077715001,1.098492805906246,1.409971,2.8498953504397,6.449321854757853,1.403439868454466,unknown,no,no,ML_much_worse,primary DOI test sample aggregate,ML tau prediction much worse than fitting; possible missing structure/additive feature,True
10.1021_jacs.9b11405__sample_41250,10.1021/jacs.9b11405,https://doi.org/10.1021/jacs.9b11405,,41250,GeTe,unknown,p,10,5,0,0,0.2629971160484531,1.2343692542976503,0.9713721382491972,0.2329938328362659,0.6767894709065777,0.4437956380703118,,,,,,,0.8924769,,,,unknown,no,no,not_evaluated,primary DOI test sample aggregate,sigma ML error propagated to ZT error; possible missing structure/additive feature,True
10.1021_jacs.9b11405__sample_41252,10.1021/jacs.9b11405,https://doi.org/10.1021/jacs.9b11405,,41252,(GeTe)80(AgBiSe2)20,unknown,p,10,6,1,1,0.3825813453015724,1.1897981724562134,0.807216827154641,0.4126983202030405,2.872365004889375,2.4596666846863346,0.5192610248012048,3.6871960327271855,3.1679350079259807,0.5885527894683662,3.9009737043363697,3.3124209148680035,1.266579,0.9599459900772562,2.961607625596292,0.6042896379908892,unknown,no,no,ML_much_worse,primary DOI test sample aggregate,ML tau prediction much worse than fitting; sigma ML error propagated to ZT error; possible missing structure/additive feature,True
10.1021_jp400146y__sample_29077,10.1021/jp400146y,https://doi.org/10.1021/jp400146y,,29077,Ca3Co3.9Rh0.1O9,unknown,p,14,0,0,0,0.9533545929365151,1.0479948834262132,0.09464029048969802,,,,,,,,,,,,,,unknown,no,no,not_evaluated,primary DOI test sample aggregate,sigma ML error propagated to ZT error; possible missing structure/additive feature,True
10.1021_nl3003045__sample_1350,10.1021/nl3003045,https://doi.org/10.1021/nl3003045,,1350,Si88.75Ge11.25P0.75,unknown,n,10,3,1,1,0.2318173093028276,0.6351984848397857,0.40338117553695807,0.26527460094090505,0.4624523821038949,0.19717778116298984,0.25034313365195654,0.3078609188691596,0.05751778521720308,0.13208231298049058,0.3733252970468959,0.2412429840664053,1.08251,1.1412922066328606,0.6317729253196681,1.0081353568965516,unknown,no,no,ML_close_to_fitting,primary DOI test sample aggregate,ML missed high ZT; possible missing structure/additive feature,True
10.1021_nl3003045__sample_1351,10.1021/nl3003045,https://doi.org/10.1021/nl3003045,,1351,Si86.25Ge13.75P1.05,unknown,n,10,3,0,0,0.27483441429406247,0.7176451367383536,0.44281072244429115,0.445006496273986,0.41605113059786564,-0.028955365676120337,,,,,,,1.264995,,,,unknown,no,no,not_evaluated,primary DOI test sample aggregate,ML missed high ZT; possible missing structure/additive feature,True
10.1021_nl302017w__sample_16847,10.1021/nl302017w,https://doi.org/10.1021/nl302017w,,16847,Bi2Te2.7Se0.3,unknown,n,25,0,0,0,0.13048507851546293,1.4401331078796296,1.3096480293641666,,,,,,,,,,,,,,unknown,no,no,not_evaluated,primary DOI test sample aggregate,sigma ML error propagated to ZT error; possible missing structure/additive feature,True
10.1021_nl302017w__sample_16848,10.1021/nl302017w,https://doi.org/10.1021/nl302017w,,16848,Bi2Te2.7Se0.3,unknown,n,26,0,0,0,0.11644508697514744,1.1708449532723322,1.0543998662971847,,,,,,,,,,,,,,unknown,no,no,not_evaluated,primary DOI test sample aggregate,sigma ML error propagated to ZT error; possible missing structure/additive feature,True
10.1021_nl501436w__sample_17766,10.1021/nl501436w,https://doi.org/10.1021/nl501436w,,17766,YbAgCu4,unknown,n,45,0,0,0,0.3819792156524332,2.4584302598939303,2.076451044241497,,,,,,,,,,,,,,unknown,no,no,not_evaluated,primary DOI test sample aggregate,sigma ML error propagated to ZT error; possible missing structure/additive feature,True
10.1021_nl501436w__sample_17767,10.1021/nl501436w,https://doi.org/10.1021/nl501436w,,17767,YbAgCu4,unknown,n,45,0,0,0,0.48130664819604346,2.699338781303299,2.2180321331072554,,,,,,,,,,,,,,unknown,no,no,not_evaluated,primary DOI test sample aggregate,sigma ML error propagated to ZT error; possible missing structure/additive feature,True
10.1021_nl501436w__sample_17768,10.1021/nl501436w,https://doi.org/10.1021/nl501436w,,17768,YbAgCu4,unknown,n,42,0,0,0,0.4683435797448255,2.6876953652548217,2.2193517855099962,,,,,,,,,,,,,,unknown,no,no,not_evaluated,primary DOI test sample aggregate,sigma ML error propagated to ZT error; possible missing structure/additive feature,True
10.1021_nn507250r__sample_11292,10.1021/nn507250r,https://doi.org/10.1021/nn507250r,,11292,Bi2Se0.3Te2.7,unknown,n,6,4,3,3,0.10929111100873594,0.7819135695058895,0.6726224584971536,0.12434467171926686,1.1896130788254367,1.0652684071061698,0.1225456634222201,1.1958339528634985,1.0732882894412783,0.13699722215755322,1.258960653122741,1.1219634309651878,0.6519554,0.5452113087625172,1.18252979247452,0.6347840996952251,unknown,no,no,ML_much_worse,primary DOI test sample aggregate,ML tau prediction much worse than fitting; ML false high-ZT prediction; possible missing structure/additive feature,True
10.1021_nn507250r__sample_11293,10.1021/nn507250r,https://doi.org/10.1021/nn507250r,,11293,Bi2Se(Bi2Te3)4,unknown,n,6,4,0,3,0.15675357669154644,0.9213909251730936,0.7646373484815472,0.14159027642085684,1.5784904251081573,1.4369001486873005,,,,0.12107710449567437,1.7794384968309558,1.6583613923352813,,0.6214083671930759,1.5406311761279623,0.6006037135015714,unknown,no,no,not_evaluated,primary DOI test sample aggregate,ML false high-ZT prediction; possible missing structure/additive feature,True
10.1023_b_inma.0000023949.61917.de__sample_13451,10.1023/b:inma.0000023949.61917.de,https://doi.org/10.1023/b%3Ainma.0000023949.61917.de,,13451,(GaSb)89.92(FeGa1.3)10.08,unknown,p,11,0,0,0,0.23514566715886723,3.0848798677839784,2.849734200625111,,,,,,,,,,,,,,unknown,no,no,not_evaluated,primary DOI test sample aggregate,sigma ML error propagated to ZT error; possible missing structure/additive feature,True
10.1023_b_inma.0000023949.61917.de__sample_13452,10.1023/b:inma.0000023949.61917.de,https://doi.org/10.1023/b%3Ainma.0000023949.61917.de,,13452,(GaSb)89.92(FeGa1.3)10.08,unknown,p,18,1,0,0,0.3575614944399153,2.4970880884927773,2.139526594052862,1.181022060039611,24.81999629224095,23.638974232201342,,,,,,,,,,,unknown,no,no,not_evaluated,primary DOI test sample aggregate,sigma ML error propagated to ZT error; possible missing structure/additive feature,True
10.1023_b_inma.0000023949.61917.de__sample_13453,10.1023/b:inma.0000023949.61917.de,https://doi.org/10.1023/b%3Ainma.0000023949.61917.de,,13453,(GaSb)89.92(FeGa1.3)10.08,unknown,p,7,1,0,0,0.438533113349208,3.244764223491708,2.8062311101425,1.2381904463942668,54.737950944535335,53.49976049814107,,,,,,,,,,,unknown,no,no,not_evaluated,primary DOI test sample aggregate,sigma ML error propagated to ZT error; possible missing structure/additive feature,True
10.1038_am.2013.15__sample_20982,10.1038/am.2013.15,https://doi.org/10.1038/am.2013.15,,20982,Bi0.975Ca0.025CuSeO,unknown,p,26,9,3,5,0.19206232676623625,1.1944975974064225,1.0024352706401862,0.2166028609900178,2.131879308325011,1.915276447334993,0.3983569857832479,0.9559278875682912,0.5575709017850432,0.22513923702797492,2.414521940324947,2.189382703296972,0.6364539,0.3660009394420258,1.1898608101729686,0.3717010693613907,unknown,no,no,ML_much_worse,primary DOI test sample aggregate,ML tau prediction much worse than fitting; sigma ML error propagated to ZT error; ML false high-ZT prediction; possible missing structure/additive feature,True
10.1038_nature23667__sample_31356,10.1038/nature23667,https://doi.org/10.1038/nature23667,,31356,Ba0.3In0.3Co4Sb12,unknown,n,12,7,2,2,0.072025160224834,0.4275449893732919,0.35551982914845787,0.05909751502766636,0.3318364934583156,0.27273897843064926,0.05735530050577846,0.3062639873438425,0.24890868683806405,0.10246109476015951,0.27666985390661925,0.17420875914645972,1.33125,1.4696543294219253,0.9642474331838408,1.237519844710408,unknown,no,no,ML_moderately_worse,primary DOI test sample aggregate,ML missed high ZT; possible missing structure/additive feature,True
10.1038_ncomms12167__sample_2833,10.1038/ncomms12167,https://doi.org/10.1038/ncomms12167,,2833,Pb0.98Na0.02Te,unknown,p,14,4,0,3,0.5039415214124863,0.678415541471482,0.1744740200589957,0.43191036092023805,0.4631015527221678,0.031191191801929752,,,,0.4066884305063128,0.38835866033613226,-0.01832977017018056,,2.4196965082902437,1.5364120854999137,1.5561307352648015,unknown,no,no,not_evaluated,primary DOI test sample aggregate,ML false high-ZT prediction; possible missing structure/additive feature,True
10.1038_ncomms12167__sample_2838,10.1038/ncomms12167,https://doi.org/10.1038/ncomms12167,,2838,Pb0.9Na0.02TeSr0.08,unknown,p,14,7,0,2,0.400639795448224,0.5668065153410928,0.16616671989286885,0.35196401787319476,0.3702422291572499,0.018278211284055157,,,,0.3525346150704262,0.23608766756008137,-0.11644694751034484,,3.403062848925825,2.278985200936263,2.0086722318844075,unknown,no,no,not_evaluated,primary DOI test sample aggregate,ML false high-ZT prediction; possible missing structure/additive feature,True
10.1038_ncomms5515__sample_204,10.1038/ncomms5515,https://doi.org/10.1038/ncomms5515,,204,K0.01Pb1Te0.7S0.3,unknown,p,8,2,0,1,0.570081700568239,0.5794842199247882,0.009402519356549122,0.4313938457860399,0.4786582719635091,0.047264426177469177,,,,0.36135606757021205,0.5105091303349598,0.14915306276474777,,1.297942911618486,1.4401482943051922,0.9534191256333784,unknown,no,no,not_evaluated,primary DOI test sample aggregate,ML false high-ZT prediction; possible missing structure/additive feature,True
10.1038_ncomms5515__sample_304,10.1038/ncomms5515,https://doi.org/10.1038/ncomms5515,,304,K0.005Pb1Te0.7S0.3,unknown,p,8,0,0,0,0.5041368000238053,1.008067369858878,0.5039305698350727,,,,,,,,,,,,,,unknown,no,no,not_evaluated,primary DOI test sample aggregate,sigma ML error propagated to ZT error; possible missing structure/additive feature,True
10.1038_ncomms5515__sample_409,10.1038/ncomms5515,https://doi.org/10.1038/ncomms5515,,409,K0.025Pb1Te0.7S0.3,unknown,p,14,14,0,14,0.574194578672424,0.5743522902629467,0.00015771159052269113,0.5248709987825827,0.5159443882956557,-0.008926610486927,,,,0.5248709987825625,0.515944388295639,-0.008926610486923447,,4.656990812280164,4.59473322505264,2.231742671593626,unknown,no,no,not_evaluated,primary DOI test sample aggregate,ML false high-ZT prediction; possible missing structure/additive feature,True
10.1038_ncomms5515__sample_419,10.1038/ncomms5515,https://doi.org/10.1038/ncomms5515,,419,K0.03Pb1Te0.7S0.3,unknown,p,14,14,0,14,0.5641337097027802,0.5696221365674687,0.005488426864688534,0.5138733073966824,0.5697268208600117,0.05585351346332934,,,,0.5138733073966774,0.5697268208600057,0.05585351346332834,,4.891694745012522,5.293194135729636,2.189320310139901,unknown,no,no,not_evaluated,primary DOI test sample aggregate,ML false high-ZT prediction; possible missing structure/additive feature,True
10.1038_s41467-017-01149-4__sample_10778,10.1038/s41467-017-01149-4,https://doi.org/10.1038/s41467-017-01149-4,,10778,TiS2,unknown,n,14,14,14,14,0.17287407320569326,0.7491463370497383,0.5762722638440451,0.14634078505330678,1.1044177551831769,0.9580769701298701,0.1443271336091896,1.0868242333602371,0.9424970997510476,0.146340785053313,1.1044177551831156,0.9580769701298026,0.1005071,0.1318882415146763,0.273385273401322,0.1006471375448773,unknown,no,no,ML_much_worse,primary DOI test sample aggregate,ML tau prediction much worse than fitting; possible missing structure/additive feature,True
10.1038_s41467-017-01149-4__sample_10779,10.1038/s41467-017-01149-4,https://doi.org/10.1038/s41467-017-01149-4,,10779,TiS2(C6H16N)0.025,unknown,n,7,7,7,7,0.11358870852934155,2.4183766003363485,2.304787891807007,0.09650683088385918,0.9101091483099878,0.8136023174261287,0.09749750034083131,0.9091815915410681,0.8116840912002369,0.09650683088383778,0.9101091483099939,0.8136023174261561,0.2727034,0.3204020000096674,0.0286132215632695,0.2780033756117223,unknown,no,no,ML_much_worse,primary DOI test sample aggregate,ML tau prediction much worse than fitting; sigma ML error propagated to ZT error; possible missing structure/additive feature,True
10.1038_s41467-017-01149-4__sample_10780,10.1038/s41467-017-01149-4,https://doi.org/10.1038/s41467-017-01149-4,,10780,TiS2(C6H16N)0.08(H2O)0.22(C2H6OS)0.03,unknown,n,10,10,10,10,0.14840093763340442,2.1661995546939834,2.017798617060579,0.13777807890012223,0.8835232223684626,0.7457451434683404,0.13141163714859855,0.8843756182112239,0.7529639810626254,0.1377780789001122,0.8835232223684757,0.7457451434683635,0.2786593,0.3321103397951096,0.0382581640038507,0.2725412429262214,unknown,no,no,ML_much_worse,primary DOI test sample aggregate,ML tau prediction much worse than fitting; sigma ML error propagated to ZT error; possible missing structure/additive feature,True
10.1038_s41467-017-01149-4__sample_10781,10.1038/s41467-017-01149-4,https://doi.org/10.1038/s41467-017-01149-4,,10781,TiS2((C4H9)4N)0.013(C6H16N)0.019,unknown,n,7,7,7,7,0.16015022283574332,2.6681054722443927,2.5079552494086492,0.14657231356969502,0.929394613102535,0.78282229953284,0.1485892891665431,0.9299677743237037,0.7813784851571606,0.14657231356968434,0.9293946131025406,0.7828222995328562,0.3387516,0.4023780212985869,0.0280530479489569,0.3390903213685485,unknown,no,no,ML_much_worse,primary DOI test sample aggregate,ML tau prediction much worse than fitting; sigma ML error propagated to ZT error; possible missing structure/additive feature,True
10.1038_s41467-017-01149-4__sample_10782,10.1038/s41467-017-01149-4,https://doi.org/10.1038/s41467-017-01149-4,,10782,TiS2((C4H9)4N)0.025(C6H16N0.012,unknown,n,7,7,6,6,0.18848695668693086,2.540267755097469,2.3517807984105383,0.1712988137004187,0.9191865789040384,0.7478877652036198,0.18403774775175466,0.9163157292143178,0.7322779814625632,0.17764013468425485,0.9171875594110817,0.7395474247268268,0.2566609,0.3301303307306409,0.0262121291108755,0.2599377797420641,unknown,no,no,ML_much_worse,primary DOI test sample aggregate,ML tau prediction much worse than fitting; sigma ML error propagated to ZT error; possible missing structure/additive feature,True
10.1038_s41598-017-05428-4__sample_15696,10.1038/s41598-017-05428-4,https://doi.org/10.1038/s41598-017-05428-4,,15696,Bi0.35Sb1.65Te3,unknown,p,24,6,1,2,0.3711267400168466,0.5370652151411618,0.1659384751243152,0.3085115518235272,0.44440467906691855,0.13589312724339137,0.716704117126438,1.5309946230722735,0.8142905059458355,0.47406790859049225,1.050159375541528,0.5760914669510357,1.036584,1.5085915104154342,2.224167206906468,0.80905472821462,unknown,no,no,ML_much_worse,primary DOI test sample aggregate,ML tau prediction much worse than fitting; possible missing structure/additive feature,True
10.1038_s41598-017-05428-4__sample_15699,10.1038/s41598-017-05428-4,https://doi.org/10.1038/s41598-017-05428-4,,15699,Sb2Te3,unknown,p,21,4,0,2,0.29326878852275245,1.7410489608936246,1.447780172370872,0.04749283670365485,0.8287075991158294,0.7812147624121745,,,,0.04961039684460841,0.8291646159920911,0.7795542191474827,0.05896975,0.0100192211216821,0.0018009850719114,0.0107878658877233,unknown,no,no,not_evaluated,primary DOI test sample aggregate,sigma ML error propagated to ZT error; possible missing structure/additive feature,True
10.1038_srep44621__sample_41144,10.1038/srep44621,https://doi.org/10.1038/srep44621,,41144,Ca2.99Tb0.01Co4O9,unknown,p,11,0,0,0,0.2088595243884771,1.2470483918520727,1.0381888674635955,,,,,,,,,,,,,,unknown,no,no,not_evaluated,primary DOI test sample aggregate,sigma ML error propagated to ZT error; possible missing structure/additive feature,True
10.1038_srep44621__sample_41145,10.1038/srep44621,https://doi.org/10.1038/srep44621,,41145,Ca2.97Tb0.03Co4O9,unknown,p,11,0,0,0,0.25478829963342003,1.002717140666041,0.7479288410326208,,,,,,,,,,,,,,unknown,no,no,not_evaluated,primary DOI test sample aggregate,sigma ML error propagated to ZT error; possible missing structure/additive feature,True
10.1039_b914555a__sample_21362,10.1039/b914555a,https://doi.org/10.1039/b914555a,,21362,CuGe4P3,unknown,p,34,0,0,0,0.26274264474784187,1.4677385317807898,1.204995887032948,,,,,,,,,,,,,,unknown,no,no,not_evaluated,primary DOI test sample aggregate,sigma ML error propagated to ZT error; possible missing structure/additive feature,True
10.1039_b914555a__sample_21363,10.1039/b914555a,https://doi.org/10.1039/b914555a,,21363,CuGe2P3,unknown,p,24,0,0,0,0.2134098191625138,1.7554124655898118,1.542002646427298,,,,,,,,,,,,,,unknown,no,no,not_evaluated,primary DOI test sample aggregate,sigma ML error propagated to ZT error; possible missing structure/additive feature,True
10.1039_b914712h__sample_13435,10.1039/b914712h,https://doi.org/10.1039/b914712h,,13435,Yb3.8La0.2Sb3,unknown,p,35,0,0,0,0.20946891093627928,1.5313781312404409,1.3219092203041616,,,,,,,,,,,,,,unknown,no,no,not_evaluated,primary DOI test sample aggregate,sigma ML error propagated to ZT error; possible missing structure/additive feature,True
10.1039_b914712h__sample_13436,10.1039/b914712h,https://doi.org/10.1039/b914712h,,13436,Yb3.5La0.5Sb3,unknown,p,33,0,0,0,0.2015220377476126,1.2040491425495066,1.002527104801894,,,,,,,,,,,,,,unknown,no,no,not_evaluated,primary DOI test sample aggregate,sigma ML error propagated to ZT error; possible missing structure/additive feature,True
10.1039_b914712h__sample_13437,10.1039/b914712h,https://doi.org/10.1039/b914712h,,13437,Yb3.8Sm0.2Sb3,unknown,p,78,0,0,0,0.18341918615098562,1.438544522108469,1.2551253359574832,,,,,,,,,,,,,,unknown,no,no,not_evaluated,primary DOI test sample aggregate,sigma ML error propagated to ZT error; possible missing structure/additive feature,True
10.1039_b914712h__sample_13438,10.1039/b914712h,https://doi.org/10.1039/b914712h,,13438,Yb3.6Sm0.4Sb3,unknown,p,41,0,0,0,0.2272812289415025,1.3712660371161314,1.1439848081746289,,,,,,,,,,,,,,unknown,no,no,not_evaluated,primary DOI test sample aggregate,sigma ML error propagated to ZT error; possible missing structure/additive feature,True
10.1039_c0ee00456a__sample_11,10.1039/c0ee00456a,https://doi.org/10.1039/c0ee00456a,,11,Pb0.98Na0.02Te1,unknown,p,19,0,0,0,0.4766611708986064,1.2468660647886516,0.7702048938900452,,,,,,,,,,,,,,unknown,no,no,not_evaluated,primary DOI test sample aggregate,sigma ML error propagated to ZT error; possible missing structure/additive feature,True
10.1039_c1ee01314a__sample_108,10.1039/c1ee01314a,https://doi.org/10.1039/c1ee01314a,,108,Pb1Te0.99I0.01,unknown,n,17,0,0,0,0.4585729569048463,2.1696441040796905,1.7110711471748443,,,,,,,,,,,,,,unknown,no,no,not_evaluated,primary DOI test sample aggregate,sigma ML error propagated to ZT error; possible missing structure/additive feature,True
10.1039_c1ee01314a__sample_133,10.1039/c1ee01314a,https://doi.org/10.1039/c1ee01314a,,133,Pb1Te0.998I0.002,unknown,n,38,0,0,0,0.6082216177992964,1.1436823329103025,0.5354607151110061,,,,,,,,,,,,,,unknown,no,no,not_evaluated,primary DOI test sample aggregate,sigma ML error propagated to ZT error; possible missing structure/additive feature,True
10.1039_c1ee01314a__sample_2,10.1039/c1ee01314a,https://doi.org/10.1039/c1ee01314a,,2,Pb1Te0.9945I0.0055,unknown,n,16,0,0,0,0.4813101478989564,1.9464093544807712,1.465099206581815,,,,,,,,,,,,,,unknown,no,no,not_evaluated,primary DOI test sample aggregate,sigma ML error propagated to ZT error; possible missing structure/additive feature,True
10.1039_c1ee01314a__sample_30,10.1039/c1ee01314a,https://doi.org/10.1039/c1ee01314a,,30,Pb1Te0.9972I0.0028,unknown,n,18,0,0,0,0.5744061904970055,1.5362132378993416,0.9618070474023361,,,,,,,,,,,,,,unknown,no,no,not_evaluated,primary DOI test sample aggregate,sigma ML error propagated to ZT error; possible missing structure/additive feature,True
10.1039_c1ee01314a__sample_34,10.1039/c1ee01314a,https://doi.org/10.1039/c1ee01314a,,34,Pb1Te0.996I0.004,unknown,n,33,0,0,0,0.4823162224022007,1.43601330045187,0.9536970780496694,,,,,,,,,,,,,,unknown,no,no,not_evaluated,primary DOI test sample aggregate,sigma ML error propagated to ZT error; possible missing structure/additive feature,True
10.1039_c1jm10163c__sample_8146,10.1039/c1jm10163c,https://doi.org/10.1039/c1jm10163c,,8146,Cu0.05Bi2Te3,unknown,n,8,8,8,8,0.4809444478917231,0.676081517687617,0.19513706979589396,0.45012651281285493,0.8715966324563671,0.42147011964351216,0.45020738210526556,0.8684307499609095,0.41822336785564396,0.45012651281281446,0.871596632456331,0.42147011964351655,0.7445943,1.394716142399135,2.2430860726059256,0.7358946393891738,unknown,no,no,ML_moderately_worse,primary DOI test sample aggregate,ML false high-ZT prediction; possible missing structure/additive feature,True
10.1039_c1jm10163c__sample_8147,10.1039/c1jm10163c,https://doi.org/10.1039/c1jm10163c,,8147,Cu0.05Bi2Te3,unknown,n,8,8,8,8,0.47543742420458335,0.5101936526742664,0.03475622846968307,0.44494124427809967,0.3767805194736038,-0.06816072480449586,0.44405540824206524,0.3764720260943526,-0.06758338214771265,0.44494124427808873,0.376780519473601,-0.0681607248044877,0.8820447,1.6474105374957695,1.3690522428637333,0.8752758918021113,unknown,no,no,ML_close_to_fitting,primary DOI test sample aggregate,ML false high-ZT prediction; possible missing structure/additive feature,True
10.1039_c1jm10163c__sample_8148,10.1039/c1jm10163c,https://doi.org/10.1039/c1jm10163c,,8148,Cu0.07Bi2Te3,unknown,n,8,8,8,8,0.3110641780947721,0.7924682090886317,0.4814040309938596,0.2797372310342565,1.1693479719764581,0.8896107409422016,0.2619557871785876,1.2436136669908509,0.9816578798122633,0.27973723103422954,1.16934797197632,0.8896107409420905,0.3893859,0.528157885807007,1.0947275303372583,0.3896992465886941,unknown,no,no,ML_much_worse,primary DOI test sample aggregate,ML tau prediction much worse than fitting; ML false high-ZT prediction; possible missing structure/additive feature,True
10.1039_c1jm10827a__sample_8688,10.1039/c1jm10827a,https://doi.org/10.1039/c1jm10827a,,8688,Mg2Si0.9985Bi0.0015,unknown,p,22,0,0,0,0.23038437208610596,1.0068265337088302,0.7764421616227243,,,,,,,,,,,,,,unknown,no,no,not_evaluated,primary DOI test sample aggregate,sigma ML error propagated to ZT error; possible missing structure/additive feature,True
10.1039_c1jm10827a__sample_8690,10.1039/c1jm10827a,https://doi.org/10.1039/c1jm10827a,,8690,Mg2Si0.997Bi0.003,unknown,p,40,0,0,0,0.210374540378679,1.552075408923278,1.341700868544599,,,,,,,,,,,,,,unknown,no,no,not_evaluated,primary DOI test sample aggregate,sigma ML error propagated to ZT error; possible missing structure/additive feature,True
10.1039_c1jm10827a__sample_8691,10.1039/c1jm10827a,https://doi.org/10.1039/c1jm10827a,,8691,Mg2Si0.995Bi0.005,unknown,p,22,0,0,0,0.17767427777949363,1.8789089987117888,1.701234720932295,,,,,,,,,,,,,,unknown,no,no,not_evaluated,primary DOI test sample aggregate,sigma ML error propagated to ZT error; possible missing structure/additive feature,True
10.1039_c1jm10827a__sample_8692,10.1039/c1jm10827a,https://doi.org/10.1039/c1jm10827a,,8692,Mg2Si0.993Bi0.007,unknown,p,22,0,0,0,0.19777637786087895,1.979066669706641,1.781290291845762,,,,,,,,,,,,,,unknown,no,no,not_evaluated,primary DOI test sample aggregate,sigma ML error propagated to ZT error; possible missing structure/additive feature,True
10.1039_c1ra00315a__sample_22208,10.1039/c1ra00315a,https://doi.org/10.1039/c1ra00315a,,22208,Ga2O3(ZnO)9,unknown,n,5,0,0,0,0.08498883944962926,1.8394247095046137,1.7544358700549845,,,,,,,,,,,,,,unknown,no,no,not_evaluated,primary DOI test sample aggregate,sigma ML error propagated to ZT error; possible missing structure/additive feature,True
10.1039_c2ta00452f__sample_8160,10.1039/c2ta00452f,https://doi.org/10.1039/c2ta00452f,,8160,BiSbTeSe,unknown,p,21,21,21,21,0.08716690491213402,1.556698910739701,1.469532005827567,0.07896702699188227,0.7878542329513594,0.7088872059594771,0.0824635001566845,0.786320144315968,0.7038566441592835,0.07896702699188025,0.7878542329513468,0.7088872059594665,0.9947575,1.0063250195006384,0.212683219760166,1.0015961278514312,unknown,no,no,ML_much_worse,primary DOI test sample aggregate,ML tau prediction much worse than fitting; sigma ML error propagated to ZT error; possible missing structure/additive feature,True
10.1039_c2ta00452f__sample_8161,10.1039/c2ta00452f,https://doi.org/10.1039/c2ta00452f,,8161,(BiSbTeSe)99.14(ZnSb)0.86,unknown,p,21,21,21,21,0.15177527513431796,1.2086338486012023,1.0568585734668843,0.13863261192961396,0.6950686186538786,0.5564360067242646,0.14308310292308915,0.6928473131017217,0.5497642101786325,0.13863261192960877,0.6950686186538722,0.5564360067242634,1.082831,1.0643823571813649,0.3208852687652161,1.091502313227752,unknown,no,no,ML_much_worse,primary DOI test sample aggregate,ML tau prediction much worse than fitting; sigma ML error propagated to ZT error; ML missed high ZT; possible missing structure/additive feature,True
10.1039_c2ta00452f__sample_8162,10.1039/c2ta00452f,https://doi.org/10.1039/c2ta00452f,,8162,(BiSbTeSe)98.58(ZnSb)1.42,unknown,p,21,21,21,21,0.16312850056773667,1.6662916686753013,1.5031631681075646,0.14874526588249945,0.8069905906571313,0.6582453247746318,0.15212608936690777,0.8058355617790004,0.6537094724120927,0.14874526588249598,0.8069905906571231,0.6582453247746272,1.134731,1.3097048112274066,0.2494527905534121,1.1441274731233313,unknown,no,no,ML_much_worse,primary DOI test sample aggregate,ML tau prediction much worse than fitting; sigma ML error propagated to ZT error; ML missed high ZT; possible missing structure/additive feature,True
10.1039_c2ta00452f__sample_8163,10.1039/c2ta00452f,https://doi.org/10.1039/c2ta00452f,,8163,(BiSbTeSe)97.18(ZnSb)2.82,unknown,p,21,21,21,21,0.15122823779422737,1.8693120579578988,1.7180838201636714,0.13751996744304001,0.8430372431175411,0.7055172756745012,0.13965020994269012,0.8424334616760625,0.7027832517333723,0.1375199674430367,0.8430372431175315,0.7055172756744947,1.061599,1.262217911208677,0.1958679880377156,1.066927622844418,unknown,no,no,ML_much_worse,primary DOI test sample aggregate,ML tau prediction much worse than fitting; sigma ML error propagated to ZT error; ML missed high ZT; possible missing structure/additive feature,True
10.1039_c3ce41583j__sample_12968,10.1039/c3ce41583j,https://doi.org/10.1039/c3ce41583j,,12968,Cu3Sb0.94Sn0.06Se3.5S0.5,unknown,p,17,0,0,0,0.22559381766917572,1.224580673972198,0.9989868563030223,,,,,,,,,,,,,,unknown,no,no,not_evaluated,primary DOI test sample aggregate,sigma ML error propagated to ZT error; possible missing structure/additive feature,True
10.1039_c3ce41583j__sample_12969,10.1039/c3ce41583j,https://doi.org/10.1039/c3ce41583j,,12969,Cu3Sb0.90Sn0.10Se3.5S0.5,unknown,p,17,0,0,0,0.22281211815477328,1.599857633273335,1.3770455151185617,,,,,,,,,,,,,,unknown,no,no,not_evaluated,primary DOI test sample aggregate,sigma ML error propagated to ZT error; possible missing structure/additive feature,True
10.1039_c3cp52716f__sample_45,10.1039/c3cp52716f,https://doi.org/10.1039/c3cp52716f,,45,Pb0.998Yb0.002Te0.994I0.006,unknown,n,14,0,0,0,0.280595427533594,1.2638936364932067,0.9832982089596127,,,,,,,,,,,,,,unknown,no,no,not_evaluated,primary DOI test sample aggregate,sigma ML error propagated to ZT error; possible missing structure/additive feature,True
10.1039_c3ee42187b__sample_159,10.1039/c3ee42187b,https://doi.org/10.1039/c3ee42187b,,159,Pb0.93Na0.02Mg0.05Te1,unknown,p,26,23,0,21,0.2811013839826282,0.2867428808420707,0.005641496859442541,0.2607415908280757,0.24404165487099772,-0.01669993595707797,,,,0.2456187748026299,0.2295270095651811,-0.01609176523744879,,2.264810208958383,2.14018348580688,1.8171017656042951,unknown,no,no,not_evaluated,primary DOI test sample aggregate,ML false high-ZT prediction; possible missing structure/additive feature,True
10.1039_c3ee42187b__sample_161,10.1039/c3ee42187b,https://doi.org/10.1039/c3ee42187b,,161,Pb0.98Na0.02Te1,unknown,p,26,23,0,23,0.40438420328859487,0.6199487401987239,0.21556453691012906,0.34384069988819693,0.3584600836329624,0.014619383744765457,,,,0.3438406998881849,0.3584600836329521,0.014619383744767234,,1.9021574424893648,1.1889667409690283,1.168672464791446,unknown,no,no,not_evaluated,primary DOI test sample aggregate,ML false high-ZT prediction; possible missing structure/additive feature,True
10.1039_c3ee42187b__sample_188,10.1039/c3ee42187b,https://doi.org/10.1039/c3ee42187b,,188,Pb0.96Na0.02Mg0.02Te1,unknown,p,25,20,0,20,0.36960058369251203,0.4457015725262503,0.07610098883373828,0.347742270001598,0.282262765927789,-0.06547950407380904,,,,0.34774227000159413,0.28226276592778227,-0.06547950407381187,,2.3474962728882627,1.8298983226031809,1.7536314396015231,unknown,no,no,not_evaluated,primary DOI test sample aggregate,ML false high-ZT prediction; possible missing structure/additive feature,True
10.1039_c3ee42187b__sample_199,10.1039/c3ee42187b,https://doi.org/10.1039/c3ee42187b,,199,Pb0.92Na0.02Mg0.06Te1,unknown,p,26,21,0,20,0.284899569629193,0.2867297938606955,0.0018302242315025308,0.2442931035731474,0.2590958517249832,0.01480274815183577,,,,0.2528429776760807,0.26662168941548847,0.013778711739407756,,2.4056632449498894,2.4847469201549197,1.9778736803930264,unknown,no,no,not_evaluated,primary DOI test sample aggregate,ML false high-ZT prediction; possible missing structure/additive feature,True
10.1039_c3ee42187b__sample_300,10.1039/c3ee42187b,https://doi.org/10.1039/c3ee42187b,,300,Pb0.9Na0.02Mg0.08Te1,unknown,p,26,22,0,21,0.2792049990052645,0.29585451229979576,0.016649513294531237,0.24246534961870647,0.27248763720480507,0.030022287586098595,,,,0.24488036625338397,0.28028872586469217,0.0354083596113082,,2.930746336766958,3.232016635225952,2.42390680524398,unknown,no,no,not_evaluated,primary DOI test sample aggregate,ML false high-ZT prediction; possible missing structure/additive feature,True
10.1039_c3ee42187b__sample_358,10.1039/c3ee42187b,https://doi.org/10.1039/c3ee42187b,,358,Pb0.94Na0.02Mg0.04Te1,unknown,p,26,22,0,22,0.3303223299135788,0.3674412928504668,0.03711896293688799,0.30386784534639316,0.26377235042528435,-0.04009549492110881,,,,0.3038678453463871,0.26377235042528097,-0.040095494921106145,,2.3176712532737,1.9731422600739597,1.9561174376104864,unknown,no,no,not_evaluated,primary DOI test sample aggregate,ML false high-ZT prediction; possible missing structure/additive feature,True
10.1039_c3ee42187b__sample_372,10.1039/c3ee42187b,https://doi.org/10.1039/c3ee42187b,,372,Pb0.97Na0.02Mg0.01Te1,unknown,p,26,23,0,23,0.39600613680663516,0.5420490123424833,0.1460428755358481,0.3437405975165547,0.28305789179189433,-0.06068270572466039,,,,0.3437405975165473,0.28305789179188257,-0.06068270572466472,,2.2360507477580285,1.544316128680128,1.4314528489715832,unknown,no,no,not_evaluated,primary DOI test sample aggregate,ML false high-ZT prediction; possible missing structure/additive feature,True
10.1039_c3ee43438a__sample_27523,10.1039/c3ee43438a,https://doi.org/10.1039/c3ee43438a,,27523,Pb0.98Sr0.02Se,unknown,p,20,0,0,0,0.3718845988512705,1.1459257072428328,0.7740411083915624,,,,,,,,,,,,,,unknown,no,no,not_evaluated,primary DOI test sample aggregate,sigma ML error propagated to ZT error; possible missing structure/additive feature,True
10.1039_c3ee43438a__sample_27524,10.1039/c3ee43438a,https://doi.org/10.1039/c3ee43438a,,27524,Pb0.96Sr0.04Se,unknown,p,33,0,0,0,0.5635077501031854,1.131574361777293,0.5680666116741077,,,,,,,,,,,,,,unknown,no,no,not_evaluated,primary DOI test sample aggregate,sigma ML error propagated to ZT error; possible missing structure/additive feature,True
10.1039_c3ta11903c__sample_13562,10.1039/c3ta11903c,https://doi.org/10.1039/c3ta11903c,,13562,CuCrSe2,unknown,p,44,0,0,0,0.11381608928053204,1.8055112367229307,1.6916951474423987,,,,,,,,,,,,,,unknown,no,no,not_evaluated,primary DOI test sample aggregate,sigma ML error propagated to ZT error; possible missing structure/additive feature,True
10.1039_c3ta11903c__sample_13563,10.1039/c3ta11903c,https://doi.org/10.1039/c3ta11903c,,13563,CuCrSe2,unknown,p,50,0,0,0,0.10808485645288174,1.8260345648597383,1.7179497084068565,,,,,,,,,,,,,,unknown,no,no,not_evaluated,primary DOI test sample aggregate,sigma ML error propagated to ZT error; possible missing structure/additive feature,True
10.1039_c3ta12494k__sample_30372,10.1039/c3ta12494k,https://doi.org/10.1039/c3ta12494k,,30372,PbTeC0.84,unknown,n,16,7,2,2,0.3279945654196524,1.25307197555976,0.9250774101401076,0.35977770717256813,2.8506789742411187,2.4909012670685504,0.2780569377783215,2.450397451623219,2.1723405138448975,0.34262717774104623,2.507027478529699,2.1644003007886528,0.5785139,0.756459206710392,2.535211415131604,0.5445843421137108,unknown,no,no,ML_much_worse,primary DOI test sample aggregate,ML tau prediction much worse than fitting; sigma ML error propagated to ZT error; ML false high-ZT prediction; possible missing structure/additive feature,True
10.1039_c3ta12494k__sample_30373,10.1039/c3ta12494k,https://doi.org/10.1039/c3ta12494k,,30373,PbTeC1.4,unknown,n,16,8,2,3,0.17781179428458987,0.7394387455838892,0.5616269512992993,0.11918530018828145,1.2725770268962333,1.1533917267079519,0.14973409528215764,1.356722845852277,1.2069887505701193,0.1876881770048037,1.4345210531561607,1.246832876151357,0.5447186,0.706548439159004,1.4482816984379754,0.6289729248642817,unknown,no,no,ML_much_worse,primary DOI test sample aggregate,ML tau prediction much worse than fitting; ML false high-ZT prediction; possible missing structure/additive feature,True
10.1039_c4dt00430b__sample_31271,10.1039/c4dt00430b,https://doi.org/10.1039/c4dt00430b,,31271,Ti0.1Zr0.9NiSn0.975Sb0.025,unknown,n,20,6,0,0,0.1099253705345251,1.1837896222397157,1.0738642517051906,0.05992560280732562,0.6836524375639388,0.6237268347566132,,,,,,,0.1349737,,,,unknown,no,no,not_evaluated,primary DOI test sample aggregate,sigma ML error propagated to ZT error; possible missing structure/additive feature,True
10.1039_c4dt01457j__sample_12999,10.1039/c4dt01457j,https://doi.org/10.1039/c4dt01457j,,12999,Cu2.13Sn0.87Se3,unknown,p,30,0,0,0,0.49579224253963605,2.576707423849494,2.080915181309858,,,,,,,,,,,,,,unknown,no,no,not_evaluated,primary DOI test sample aggregate,sigma ML error propagated to ZT error; possible missing structure/additive feature,True
10.1039_c4dt01457j__sample_13000,10.1039/c4dt01457j,https://doi.org/10.1039/c4dt01457j,,13000,Cu2.10Sn0.90Se3,unknown,p,30,0,0,0,0.4301936124667202,2.051566365530927,1.6213727530642068,,,,,,,,,,,,,,unknown,no,no,not_evaluated,primary DOI test sample aggregate,sigma ML error propagated to ZT error; possible missing structure/additive feature,True
10.1039_c4dt01457j__sample_13001,10.1039/c4dt01457j,https://doi.org/10.1039/c4dt01457j,,13001,Cu2.05Sn0.95Se3,unknown,p,30,0,0,0,0.4771719121235507,1.1588834315647152,0.6817115194411645,,,,,,,,,,,,,,unknown,no,no,not_evaluated,primary DOI test sample aggregate,sigma ML error propagated to ZT error; possible missing structure/additive feature,True
10.1039_c4dt01457j__sample_13002,10.1039/c4dt01457j,https://doi.org/10.1039/c4dt01457j,,13002,Cu2.025Sn0.975Se3,unknown,p,30,0,0,0,0.520611391524223,1.1663513384466409,0.6457399469224179,,,,,,,,,,,,,,unknown,no,no,not_evaluated,primary DOI test sample aggregate,sigma ML error propagated to ZT error; possible missing structure/additive feature,True
10.1039_c4dt01457j__sample_13004,10.1039/c4dt01457j,https://doi.org/10.1039/c4dt01457j,,13004,Cu2.0Sn1.0Se3,unknown,p,29,0,0,0,0.23453318881560142,1.7611411127753123,1.5266079239597108,,,,,,,,,,,,,,unknown,no,no,not_evaluated,primary DOI test sample aggregate,sigma ML error propagated to ZT error; possible missing structure/additive feature,True
10.1039_c4dt01457j__sample_13006,10.1039/c4dt01457j,https://doi.org/10.1039/c4dt01457j,,13006,Cu1.975Sn1.025Se3,unknown,p,29,0,0,0,0.3373257106261324,2.5631609640735324,2.2258352534474,,,,,,,,,,,,,,unknown,no,no,not_evaluated,primary DOI test sample aggregate,sigma ML error propagated to ZT error; possible missing structure/additive feature,True
10.1039_c4dt01734j__sample_8292,10.1039/c4dt01734j,https://doi.org/10.1039/c4dt01734j,,8292,Mg2Si0.5Sn0.49Sb0.01,unknown,n,28,18,0,0,0.11269964951261995,9.458608278370752,9.345908628858131,0.08773344476177453,13108.87066193802,13108.782928493258,,,,,,,0.7779054,,,,unknown,no,no,not_evaluated,primary DOI test sample aggregate,sigma ML error propagated to ZT error; possible missing structure/additive feature,True
10.1039_c4dt01734j__sample_8293,10.1039/c4dt01734j,https://doi.org/10.1039/c4dt01734j,,8293,Mg1.99Zn0.01Si0.5Sn0.49Sb0.01,unknown,n,28,12,1,1,0.15778498686976178,9.073346642700576,8.915561655830814,0.13520924829953404,8553.964463829907,8553.829254581608,0.9999120625487586,0.23425814856386992,-0.7656539139848887,0.14038832016584585,7484.32769530811,7484.187306987945,0.9028925,2.2418167051078118e-05,0.1952129439863521,2.60794118751426e-05,unknown,no,no,ML_better_than_fitting,primary DOI test sample aggregate,sigma ML error propagated to ZT error; possible missing structure/additive feature,True
10.1039_c4dt01734j__sample_8294,10.1039/c4dt01734j,https://doi.org/10.1039/c4dt01734j,,8294,Mg1.98Zn0.02Si0.5Sn0.49Sb0.01,unknown,n,27,20,2,2,0.14695835467429738,9.072557011192044,8.925598656517748,0.12460596907182256,8836.80919236701,8836.68458639794,0.9999066765506055,0.18785179722096385,-0.8120548793296416,0.071397400545088,8080.172922091896,8080.101524691351,1.002307,7.520569835691338e-05,0.6544783026729064,7.706350835627554e-05,unknown,no,no,ML_better_than_fitting,primary DOI test sample aggregate,sigma ML error propagated to ZT error; ML missed high ZT; possible missing structure/additive feature,True
10.1039_c4dt01734j__sample_8295,10.1039/c4dt01734j,https://doi.org/10.1039/c4dt01734j,,8295,Mg1.94Zn0.06Si0.5Sn0.49Sb0.01,unknown,n,20,16,0,1,0.18301231357650663,9.142508802700753,8.959496489124247,0.14823849328320743,9570.422752996126,9570.274514502844,,,,0.14281976438374697,7993.985412244581,7993.842592480198,0.8679286,2.4964800546287247e-05,0.2328485981057046,2.9124330577150195e-05,unknown,no,no,not_evaluated,primary DOI test sample aggregate,sigma ML error propagated to ZT error; possible missing structure/additive feature,True
10.1039_c4dt02206h__sample_6253,10.1039/c4dt02206h,https://doi.org/10.1039/c4dt02206h,,6253,Ca5Al1.7In0.2Zn0.1Sb6,unknown,p,28,0,0,0,0.18333723317929837,1.234679354932362,1.0513421217530636,,,,,,,,,,,,,,unknown,no,no,not_evaluated,primary DOI test sample aggregate,sigma ML error propagated to ZT error; possible missing structure/additive feature,True
10.1039_c4dt02206h__sample_6254,10.1039/c4dt02206h,https://doi.org/10.1039/c4dt02206h,,6254,Ca5Al0.95In0.95Zn0.1Sb6,unknown,p,27,0,0,0,0.1780745195712535,1.032751803604056,0.8546772840328024,,,,,,,,,,,,,,unknown,no,no,not_evaluated,primary DOI test sample aggregate,sigma ML error propagated to ZT error; possible missing structure/additive feature,True
10.1039_c4ee01463d__sample_243,10.1039/c4ee01463d,https://doi.org/10.1039/c4ee01463d,,243,Sn0.98Bi0.02Hg0.02Te1.02,unknown,p,12,12,1,5,0.27414723523704304,0.5678585179052471,0.29371128266820407,0.24949930367984516,0.36812583496443757,0.11862653128459241,0.32765703465466245,0.5911005511597606,0.2634435165050981,0.1984152888810755,0.5124994779904645,0.31408418910938896,1.031169,0.4142476149653705,0.2519333586776235,0.4241949819607221,unknown,no,no,ML_moderately_worse,primary DOI test sample aggregate,ML missed high ZT; possible missing structure/additive feature,True
10.1039_c4ee01463d__sample_375,10.1039/c4ee01463d,https://doi.org/10.1039/c4ee01463d,,375,Sn0.98Bi0.02Hg0.04Te1.04,unknown,p,12,12,0,4,0.2026621056054804,0.46839931196681867,0.26573720636133824,0.18057522741717366,0.3302636916225614,0.14968846420538776,,,,0.1668948752559181,0.4538611661009202,0.28696629084500214,1.152044,0.2452321065840023,0.1607609565065915,0.2834281392706895,unknown,no,no,not_evaluated,primary DOI test sample aggregate,ML missed high ZT; possible missing structure/additive feature,True
10.1039_c4ee01463d__sample_407,10.1039/c4ee01463d,https://doi.org/10.1039/c4ee01463d,,407,Sn0.98Bi0.02Hg0.03Te1.03,unknown,p,14,13,1,1,0.22482521537520006,0.5562384964744362,0.3314132810992362,0.20596697803192188,0.37484714619692805,0.16888016816500617,0.1996903252879621,0.5188298695686445,0.3191395442806824,0.22838225425852465,0.5360803160412057,0.307698061782681,1.210341,0.1189285786531679,0.0715034211265168,0.1541288796292329,unknown,no,no,ML_moderately_worse,primary DOI test sample aggregate,ML missed high ZT; possible missing structure/additive feature,True
10.1039_c4nr04470c__sample_29807,10.1039/c4nr04470c,https://doi.org/10.1039/c4nr04470c,,29807,Si100P1,unknown,n,17,5,0,0,0.12908774772132967,1.36466880853815,1.2355810608168203,0.10631495969413149,0.7702932028407805,0.663978243146649,,,,,,,0.2118027,,,,unknown,no,no,not_evaluated,primary DOI test sample aggregate,sigma ML error propagated to ZT error; possible missing structure/additive feature,True
10.1039_c4nr04470c__sample_29808,10.1039/c4nr04470c,https://doi.org/10.1039/c4nr04470c,,29808,Si100P3,unknown,n,16,11,0,1,0.2276304700130165,1.6669025769393762,1.4392721069263597,0.1869200269823634,0.8019742532620472,0.6150542262796838,,,,0.17855849961852058,0.8424451296766992,0.6638866300581786,0.3474845,0.0575731291090894,0.0110426937118184,0.0700879235859794,unknown,no,no,not_evaluated,primary DOI test sample aggregate,sigma ML error propagated to ZT error; possible missing structure/additive feature,True
10.1039_c4nr04470c__sample_29809,10.1039/c4nr04470c,https://doi.org/10.1039/c4nr04470c,,29809,Si99Ge1P3,unknown,n,16,10,1,2,0.16286663879421395,0.9847413073183858,0.8218746685241719,0.14492551242620652,0.6321939733686396,0.48726846094243303,0.14070450715967364,0.6746396896489119,0.5339351824892382,0.20667123933035408,0.5943056942986251,0.38763445496827104,0.4048643,0.3494922733205259,0.1323303979368175,0.2734395724510862,unknown,no,no,ML_much_worse,primary DOI test sample aggregate,ML tau prediction much worse than fitting; possible missing structure/additive feature,True
10.1039_c4ta00539b__sample_13126,10.1039/c4ta00539b,https://doi.org/10.1039/c4ta00539b,,13126,Yb9Zn4.2Sb9,unknown,p,33,0,0,0,0.4176713983867363,1.4324305568081148,1.0147591584213784,,,,,,,,,,,,,,unknown,no,no,not_evaluated,primary DOI test sample aggregate,sigma ML error propagated to ZT error; possible missing structure/additive feature,True
10.1039_c4ta00539b__sample_13127,10.1039/c4ta00539b,https://doi.org/10.1039/c4ta00539b,,13127,Yb9Mn1.2Zn3Sb9,unknown,p,29,0,0,0,0.28255186295623375,1.0595861308403078,0.777034267884074,,,,,,,,,,,,,,unknown,no,no,not_evaluated,primary DOI test sample aggregate,sigma ML error propagated to ZT error; possible missing structure/additive feature,True
10.1039_c5ce00228a__sample_13852,10.1039/c5ce00228a,https://doi.org/10.1039/c5ce00228a,,13852,Ge0.87Sb0.09Te,unknown,p,15,1,1,1,0.07860178837635538,0.6197191767694875,0.5411173883931322,0.17178169352012884,0.36630584787549947,0.19452415435537063,0.14386156128930955,0.3814049270120284,0.23754336572271884,0.17178169352010042,0.36630584787550025,0.19452415435539983,1.12626,0.6867161444584757,0.3713729334732558,0.5860444383591115,unknown,no,no,ML_moderately_worse,primary DOI test sample aggregate,ML missed high ZT; possible missing structure/additive feature,True
10.1039_c5ce00228a__sample_13853,10.1039/c5ce00228a,https://doi.org/10.1039/c5ce00228a,,13853,Ge0.86Sb0.09Te,unknown,p,16,4,1,3,0.10663541751153464,0.49736795346111823,0.39073253594958357,0.0813881866227048,0.40365219370690886,0.32226400708420405,0.1308154345081291,0.46527462358206956,0.33445918907394045,0.06620253005760422,0.38390505329588304,0.3177025232382788,1.06556,0.926168305605518,0.56978197209589,1.0258049732322203,unknown,no,no,ML_moderately_worse,primary DOI test sample aggregate,ML missed high ZT; possible missing structure/additive feature,True
10.1039_c5ce00228a__sample_13854,10.1039/c5ce00228a,https://doi.org/10.1039/c5ce00228a,,13854,Ge0.86Sb0.09Te,unknown,p,15,5,1,3,0.21049915230213842,0.32778177769865596,0.11728262539651754,0.1025721508433592,0.19328006546528584,0.09070791462192664,0.13246425500635184,0.1191454974787763,-0.01331875752757554,0.13759284847968198,0.19996280470495356,0.06236995622527158,1.297,1.1174766561101084,0.8691968330527389,1.335969329556835,unknown,no,no,ML_close_to_fitting,primary DOI test sample aggregate,ML missed high ZT; possible missing structure/additive feature,True
10.1039_c5cp00739a__sample_28000,10.1039/c5cp00739a,https://doi.org/10.1039/c5cp00739a,,28000,In2O3,unknown,n,8,6,2,5,0.1310105665164376,2.147870040616526,2.0168594741000883,0.13920214682041934,7.635063287526541,7.495861140706122,0.49291869422145984,3.326620979841504,2.8337022856200442,0.12645968559830878,7.309326277588634,7.182866591990326,0.1117438,0.0472285861074776,0.4029732296818414,0.0551199993040423,unknown,no,no,ML_much_worse,primary DOI test sample aggregate,ML tau prediction much worse than fitting; sigma ML error propagated to ZT error; possible missing structure/additive feature,True
10.1039_c5cp00739a__sample_28004,10.1039/c5cp00739a,https://doi.org/10.1039/c5cp00739a,,28004,In1.92Ga0.08O3,unknown,n,8,8,1,1,0.17216982764061178,1.1423524702670207,0.9701826426264089,0.13166617962957608,0.6719560137524448,0.5402898341228688,0.17282794088497413,0.6208736554282903,0.4480457145433162,0.14399326453933933,0.6301947033490791,0.48620143880973976,0.03131673,0.0367291359611507,0.0118729973688392,0.0321060771069668,unknown,no,no,ML_moderately_worse,primary DOI test sample aggregate,sigma ML error propagated to ZT error; possible missing structure/additive feature,True
10.1039_c5nj02113h__sample_2735,10.1039/c5nj02113h,https://doi.org/10.1039/c5nj02113h,,2735,PbTe NCs,unknown,p,6,5,4,5,0.700949002219116,8.51908871035798,7.818139708138864,0.583855316512515,0.9997111304045116,0.41585581389199666,8.592724609449649,0.998028967584435,-7.594695641865213,0.5838553165125218,0.9997111304045114,0.41585581389198967,0.009878681,0.0255803902508763,5.256043558011528e-06,0.0154176788733994,unknown,no,no,ML_better_than_fitting,primary DOI test sample aggregate,sigma ML error propagated to ZT error; possible missing structure/additive feature,True
10.1039_c5nj02113h__sample_2736,10.1039/c5nj02113h,https://doi.org/10.1039/c5nj02113h,,2736,PbTe NCs,unknown,p,6,6,6,6,0.6101154508753773,8.079145249210788,7.46902979833541,0.5847029445313422,0.9996194799350008,0.4149165354036586,0.5093495694086346,0.9998443807945693,0.49049481138593465,0.5847029445314121,0.9996194799350008,0.41491653540358864,0.01691236,0.0115173762328096,3.6529570265277695e-06,0.0128958088306405,unknown,no,no,ML_moderately_worse,primary DOI test sample aggregate,sigma ML error propagated to ZT error; possible missing structure/additive feature,True
10.1039_c5ra01071c__sample_7561,10.1039/c5ra01071c,https://doi.org/10.1039/c5ra01071c,,7561,Bi2S3Zn0.02O0.02,unknown,n,9,5,3,4,0.33660063830710923,0.7210441195677689,0.3844434812606597,0.42380487825115354,1.153350844039488,0.7295459657883344,0.5721221145963574,1.558672715401051,0.9865506008046935,0.4851353037166355,1.3031028966121367,0.8179675928955012,0.3932039,0.2076039477313963,0.3927949588109783,0.308961522417927,unknown,no,no,ML_much_worse,primary DOI test sample aggregate,ML tau prediction much worse than fitting; possible missing structure/additive feature,True
10.1039_c5ra01071c__sample_7564,10.1039/c5ra01071c,https://doi.org/10.1039/c5ra01071c,,7564,Bi2S3Zn0.005O0.005,unknown,n,9,6,3,5,0.36176450312361635,1.3984779511841001,1.0367134480604838,0.3301641356896952,2.884836175038657,2.5546720393489615,0.11590511818745936,2.4590692998180037,2.343164181630544,0.3227247215486347,3.1733040742500305,2.850579352701396,0.2786408,0.2139931645814906,0.8261864417675314,0.3194363321124186,unknown,no,no,ML_much_worse,primary DOI test sample aggregate,ML tau prediction much worse than fitting; sigma ML error propagated to ZT error; possible missing structure/additive feature,True
10.1039_c5ra01071c__sample_7565,10.1039/c5ra01071c,https://doi.org/10.1039/c5ra01071c,,7565,Bi2S3,unknown,n,9,6,2,3,0.45623526072354315,2.0244468194890914,1.5682115587655483,0.2781273591956166,6.509655836836295,6.231528477640678,0.344972047353987,8.61410792587055,8.269135878516563,0.36222817328265694,6.831541531414437,6.469313358131781,0.315534,0.1639443212757219,1.1783784265855204,0.2773890199202521,unknown,no,no,ML_much_worse,primary DOI test sample aggregate,ML tau prediction much worse than fitting; sigma ML error propagated to ZT error; ML false high-ZT prediction; possible missing structure/additive feature,True
10.1039_c5ra21404a__sample_82697,10.1039/c5ra21404a,https://doi.org/10.1039/c5ra21404a,,82697,NiCoSb,unknown,n,8,3,0,2,0.469129734202294,1.8175775673164563,1.3484478331141623,0.3730952016310385,0.8403093245706681,0.4672141229396296,,,,0.4982289112500531,0.8574403325925306,0.3592114213424775,0.4106,0.1608363775535148,0.0277822198581551,0.121520486339386,unknown,no,no,not_evaluated,primary DOI test sample aggregate,sigma ML error propagated to ZT error; possible missing structure/additive feature,True
10.1039_c5ta00470e__sample_1741,10.1039/c5ta00470e,https://doi.org/10.1039/c5ta00470e,,1741,Bi2Te3,unknown,n,10,10,10,10,0.1487805193439816,1.0567398312497525,0.9079593119057708,0.1264710103345125,0.6448966848888601,0.5184256745543476,0.13089950075376988,0.6420386752847824,0.5111391745310125,0.12647101033452185,0.644896684888842,0.5184256745543201,0.4461658,0.5173631287533019,0.1817316504249607,0.451640448,unknown,no,no,ML_much_worse,primary DOI test sample aggregate,ML tau prediction much worse than fitting; sigma ML error propagated to ZT error; possible missing structure/additive feature,True
10.1039_c5ta02721g__sample_13643,10.1039/c5ta02721g,https://doi.org/10.1039/c5ta02721g,,13643,CuAgSe,unknown,n,9,9,1,4,0.06842725929757996,2.624424392661378,2.555997133363798,0.05961607096998949,0.9272832777125155,0.8676672067425261,0.11687019361821448,0.9189753522316876,0.8021051586134731,0.05661536767432192,0.9240004686728022,0.8673851009984802,0.602882,0.6733409360689364,0.0488483016958557,0.602626818030588,unknown,no,no,ML_much_worse,primary DOI test sample aggregate,ML tau prediction much worse than fitting; sigma ML error propagated to ZT error; possible missing structure/additive feature,True
10.1039_c5ta02721g__sample_13644,10.1039/c5ta02721g,https://doi.org/10.1039/c5ta02721g,,13644,Cu0.99AgSe,unknown,n,9,9,1,5,0.2655326746370865,1.5756022423370308,1.3100695676999443,0.22101398506827588,0.7814831515229999,0.560469166454724,0.5226078876018508,0.6778189695930911,0.15521108199124023,0.17838320860891657,0.7506562789702977,0.5722730703613812,0.008531959,0.0164047946996542,0.0034712244058271,0.0153029028714731,unknown,no,no,ML_moderately_worse,primary DOI test sample aggregate,sigma ML error propagated to ZT error; possible missing structure/additive feature,True
10.1039_c5ta05535k__sample_309,10.1039/c5ta05535k,https://doi.org/10.1039/c5ta05535k,,309,Sn1Te1,unknown,p,12,12,9,12,0.3096682706991956,1.3696538626367158,1.0599855919375203,0.28848141202983696,0.7233116568700311,0.4348302448401941,0.2592376471361474,0.6809367270913316,0.4216990799551842,0.28848141202981653,0.7233116568700054,0.4348302448401889,0.5765502,0.8798709674918318,0.2317333602544687,0.5817578609542795,unknown,no,no,ML_moderately_worse,primary DOI test sample aggregate,sigma ML error propagated to ZT error; possible missing structure/additive feature,True
10.1039_c5ta05535k__sample_338,10.1039/c5ta05535k,https://doi.org/10.1039/c5ta05535k,,338,Sn1Mn0.07Te1,unknown,p,14,14,8,14,0.2984353192679075,0.32892155456454086,0.030486235296633357,0.2800955014646061,0.3231868788834182,0.04309137741881208,0.24780731519172566,0.2941293344984946,0.046322019306768936,0.28009550146458767,0.3231868788834116,0.043091377418823906,0.9279967,1.4782463585698034,1.6974928497257864,1.2653258552347535,unknown,no,no,ML_close_to_fitting,primary DOI test sample aggregate,ML false high-ZT prediction; possible missing structure/additive feature,True
10.1039_c5ta05535k__sample_350,10.1039/c5ta05535k,https://doi.org/10.1039/c5ta05535k,,350,Sn1Mn0.01Te1,unknown,p,12,12,8,12,0.2820930224770481,1.1221864854289383,0.8400934629518901,0.2625520968989734,0.6483409000478334,0.38578880314886,0.23065649357405213,0.6127578718878599,0.38210137831380775,0.2625520968989779,0.6483409000478173,0.3857888031488394,0.5673162,1.1183556550454707,0.3774593124417753,0.7817775762247889,unknown,no,no,ML_moderately_worse,primary DOI test sample aggregate,sigma ML error propagated to ZT error; possible missing structure/additive feature,True
10.1039_c5ta06107e__sample_1749,10.1039/c5ta06107e,https://doi.org/10.1039/c5ta06107e,,1749,(Bi2Te2.5Se0.5)(MnTe2)0.01,unknown,n,6,0,0,0,0.19326114929528895,1.072186379515565,0.8789252302202761,,,,,,,,,,,,,,unknown,no,no,not_evaluated,primary DOI test sample aggregate,sigma ML error propagated to ZT error; possible missing structure/additive feature,True
10.1039_c5ta06107e__sample_1750,10.1039/c5ta06107e,https://doi.org/10.1039/c5ta06107e,,1750,(Bi2Te2.5Se0.5)(MnTe2)0.02,unknown,n,6,0,0,0,0.19625737211700753,1.096536544188136,0.9002791720711285,,,,,,,,,,,,,,unknown,no,no,not_evaluated,primary DOI test sample aggregate,sigma ML error propagated to ZT error; possible missing structure/additive feature,True
10.1039_c5ta06107e__sample_1751,10.1039/c5ta06107e,https://doi.org/10.1039/c5ta06107e,,1751,(Bi2Te2.5Se0.5)(MnTe2)0.03,unknown,n,6,0,0,0,0.18989268639748827,1.1896605905907447,0.9997679041932565,,,,,,,,,,,,,,unknown,no,no,not_evaluated,primary DOI test sample aggregate,sigma ML error propagated to ZT error; possible missing structure/additive feature,True
10.1039_c5ta06107e__sample_1752,10.1039/c5ta06107e,https://doi.org/10.1039/c5ta06107e,,1752,(Bi2Te2.5Se0.5)(MnTe2)0.04,unknown,n,6,0,0,0,0.1861714883407728,1.0091114105753238,0.822939922234551,,,,,,,,,,,,,,unknown,no,no,not_evaluated,primary DOI test sample aggregate,sigma ML error propagated to ZT error; possible missing structure/additive feature,True
10.1039_c5tc01509j__sample_13193,10.1039/c5tc01509j,https://doi.org/10.1039/c5tc01509j,,13193,(CoSb2Ge0.5Te0.5)0.5(GeTe)10.5Sb2Te3,unknown,p,34,23,4,15,0.3484584548261139,0.8743825419128102,0.5259240870866964,0.33308269867098356,1.4739297819938941,1.1408470833229105,0.3417363805848579,0.9517384360945309,0.610002055509673,0.31954087009721654,1.504736712527433,1.1851958424302165,0.8852354,0.641375009506295,1.4301904700954928,0.8489667549205497,unknown,no,no,ML_much_worse,primary DOI test sample aggregate,ML tau prediction much worse than fitting; ML false high-ZT prediction; possible missing structure/additive feature,True
10.1039_c5tc01509j__sample_13194,10.1039/c5tc01509j,https://doi.org/10.1039/c5tc01509j,,13194,(CoSb2Ge0.5Te0.5)0.2(GeTe)10.5Sb2Te3,unknown,p,17,6,3,3,0.25693478554358684,0.6247362842076202,0.36780149866403333,0.21092359621884624,0.766007489289222,0.5550838930703758,0.202035730962677,1.124363845172412,0.922328114209735,0.21018938023097955,1.1387738308871682,0.9285844506561887,1.271378,0.6258891927905964,1.1061371455103384,0.5604142427319048,unknown,no,no,ML_much_worse,primary DOI test sample aggregate,ML tau prediction much worse than fitting; possible missing structure/additive feature,True
10.1039_c5tc01509j__sample_13195,10.1039/c5tc01509j,https://doi.org/10.1039/c5tc01509j,,13195,(GeTe)10.5Sb2Te3,unknown,p,36,10,2,3,0.08333795139120766,0.30443337045332103,0.22109541906211339,0.0723109041114859,0.2489962756854235,0.1766853715739376,0.03548180303663556,0.24478612682217532,0.20930432378553976,0.05306016354415408,0.27190131928571953,0.21884115574156546,1.108201,1.0823148407010768,0.8075887195129499,1.096982781205178,unknown,no,no,ML_moderately_worse,primary DOI test sample aggregate,ML missed high ZT; possible missing structure/additive feature,True
10.1039_c6ra02658c__sample_3076,10.1039/c6ra02658c,https://doi.org/10.1039/c6ra02658c,,3076,SnTe,unknown,p,12,5,0,1,0.2923112986868618,1.834862413430571,1.5425511147437092,0.2974057863834001,0.8097996945680418,0.5123939081846417,,,,0.10509871123500895,0.8537548018382186,0.7486560906032097,0.1552139,0.0680273966824454,0.0111170698189339,0.0760166484689352,unknown,no,no,not_evaluated,primary DOI test sample aggregate,sigma ML error propagated to ZT error; possible missing structure/additive feature,True
10.1039_c6ra02658c__sample_3077,10.1039/c6ra02658c,https://doi.org/10.1039/c6ra02658c,,3077,SnCd0.01Te,unknown,p,12,7,2,3,0.28134442220504813,1.1955536231845239,0.9142092009794758,0.32673715434343203,0.6292202559003933,0.3024831015569613,0.20962860870067446,0.7527191935272828,0.5430905848266083,0.20591230375797576,0.6738191966196755,0.46790689286169973,0.2572318,0.4391005917988057,0.1373799072916279,0.3198805461696634,unknown,no,no,ML_much_worse,primary DOI test sample aggregate,ML tau prediction much worse than fitting; sigma ML error propagated to ZT error; possible missing structure/additive feature,True
10.1039_c6ra02658c__sample_3082,10.1039/c6ra02658c,https://doi.org/10.1039/c6ra02658c,,3082,SnCd0.12Te,unknown,p,12,6,1,5,0.23015730287214498,0.23016669616866917,9.39329652419052e-06,0.2011489348647494,0.20087378288560517,-0.00027515197914423917,0.21803940845745134,0.21641169741999317,-0.0016277110374581794,0.16209413834900316,0.1611826036603163,-0.0009115346886868492,0.07668348,1.024895216661338,1.0270286147819605,0.8722756733347379,unknown,no,no,ML_close_to_fitting,primary DOI test sample aggregate,ML false high-ZT prediction; possible missing structure/additive feature,True
10.1039_c6ra06688g__sample_9083,10.1039/c6ra06688g,https://doi.org/10.1039/c6ra06688g,,9083,Bi0.4Sb1.6Te3,unknown,p,8,8,8,8,0.052063479779812336,0.7454595663560034,0.6933960865761911,0.044279902364054886,1.1064386474156414,1.0621587450515864,0.045220019449837806,1.10687329125962,1.0616532718097822,0.0442799023640567,1.106438647415612,1.0621587450515553,0.9983095,0.9644078963335048,2.028706345982836,0.9919865026120436,unknown,no,no,ML_much_worse,primary DOI test sample aggregate,ML tau prediction much worse than fitting; ML false high-ZT prediction; possible missing structure/additive feature,True
10.1039_c6ra06688g__sample_9084,10.1039/c6ra06688g,https://doi.org/10.1039/c6ra06688g,,9084,Bi0.4Sb1.6Te3,unknown,p,8,8,8,8,0.04988009709538464,0.6333713049767598,0.5834912078813751,0.04449892224302392,0.8825949483434137,0.8380960261003898,0.04377363420354238,0.8834931243539892,0.8397194901504468,0.04449892224301673,0.8825949483433786,0.8380960261003618,1.104036,1.072085002617999,2.0157865997493096,1.1024194090991282,unknown,no,no,ML_much_worse,primary DOI test sample aggregate,ML tau prediction much worse than fitting; possible missing structure/additive feature,True
10.1039_c6ra06688g__sample_9085,10.1039/c6ra06688g,https://doi.org/10.1039/c6ra06688g,,9085,Bi0.4Sb1.6Te3,unknown,p,8,8,8,8,0.068775695623013,0.5333420369505343,0.4645663413275213,0.06308133084834505,0.7010441377571388,0.6379628069087937,0.0634105404937985,0.7101645714541693,0.6467540309603709,0.06308133084834591,0.7010441377571275,0.6379628069087816,1.28319,1.238826600515764,2.1023456473174167,1.294076080553634,unknown,no,no,ML_much_worse,primary DOI test sample aggregate,ML tau prediction much worse than fitting; possible missing structure/additive feature,True
10.1039_c6ra06688g__sample_9089,10.1039/c6ra06688g,https://doi.org/10.1039/c6ra06688g,,9089,Bi0.4Sb1.6Te3,unknown,p,8,8,8,8,0.06765591048918931,0.6104946746114984,0.5428387641223091,0.06242934581841402,0.8386299293680742,0.7762005835496603,0.06416810579167923,0.837342422306607,0.7731743165149279,0.06242934581842573,0.8386299293680609,0.7762005835496352,1.084438,1.069484610743421,1.9618954846883956,1.0828247393825434,unknown,no,no,ML_much_worse,primary DOI test sample aggregate,ML tau prediction much worse than fitting; possible missing structure/additive feature,True
10.1039_c6ra06688g__sample_9090,10.1039/c6ra06688g,https://doi.org/10.1039/c6ra06688g,,9090,Bi0.4Sb1.6Te3,unknown,p,8,8,8,8,0.082282478766271,0.4715059701659609,0.3892234913996899,0.07627190670839579,0.5962309438717244,0.5199590371633286,0.07773449916044355,0.597343433199259,0.5196089340388155,0.07627190670840185,0.596230943871711,0.5199590371633092,1.248703,1.1933608836100649,1.898462795461608,1.248773194745138,unknown,no,no,ML_much_worse,primary DOI test sample aggregate,ML tau prediction much worse than fitting; possible missing structure/additive feature,True
10.1039_c6ra06688g__sample_9094,10.1039/c6ra06688g,https://doi.org/10.1039/c6ra06688g,,9094,Bi0.4Sb1.6Te3,unknown,p,8,8,8,8,0.06996819989337484,0.5382279141997821,0.4682597143064073,0.06392918987407543,0.7093265077780527,0.6453973179039773,0.06513369048116717,0.7092584039931595,0.6441247135119924,0.06392918987407413,0.7093265077780438,0.6453973179039697,1.283361,1.2269597182204777,2.0921662906147014,1.281904556247411,unknown,no,no,ML_much_worse,primary DOI test sample aggregate,ML tau prediction much worse than fitting; possible missing structure/additive feature,True
10.1039_c6ra06688g__sample_9095,10.1039/c6ra06688g,https://doi.org/10.1039/c6ra06688g,,9095,Bi0.4Sb1.6Te3,unknown,p,8,8,8,8,0.0824009022871065,0.4736251718755399,0.39122426958843337,0.07650316570769695,0.5996529478237405,0.5231497821160435,0.0770851310239008,0.5966972078316973,0.5196120768077965,0.07650316570768284,0.5996529478237123,0.5231497821160294,1.247944,1.1869205842955572,1.8922456208496392,1.244787730063578,unknown,no,no,ML_much_worse,primary DOI test sample aggregate,ML tau prediction much worse than fitting; possible missing structure/additive feature,True
10.1039_c6ra06688g__sample_9100,10.1039/c6ra06688g,https://doi.org/10.1039/c6ra06688g,,9100,Bi0.4Sb1.6Te3,unknown,p,8,8,7,8,0.08273110664007448,0.47391522798170915,0.39118412134163466,0.07697316868867206,0.6000693998561513,0.5230962311674792,0.0619065215125486,0.6005676043427493,0.5386610828302006,0.0769731686886669,0.6000693998561285,0.5230962311674616,1.238753,1.1911771716694948,1.8994801348469228,1.2498883399549745,unknown,no,no,ML_much_worse,primary DOI test sample aggregate,ML tau prediction much worse than fitting; possible missing structure/additive feature,True
10.1039_c6ra06688g__sample_9102,10.1039/c6ra06688g,https://doi.org/10.1039/c6ra06688g,,9102,Bi0.4Sb1.6Te3,unknown,p,8,8,7,8,0.07799959785015081,0.5661285918334058,0.488128993983255,0.07160326438764725,0.7572678120691139,0.6856645476814667,0.08206127616573686,0.811210186372782,0.7291489102070451,0.07160326438764023,0.757267812069103,0.6856645476814628,1.248561,1.2178291367277756,2.133575994730146,1.2457606837061257,unknown,no,no,ML_much_worse,primary DOI test sample aggregate,ML tau prediction much worse than fitting; possible missing structure/additive feature,True
10.1039_c6ta04310k__sample_45735,10.1039/c6ta04310k,https://doi.org/10.1039/c6ta04310k,,45735,BiOCuSe,unknown,p,12,2,0,1,0.5463341154361134,4.660779876355878,4.114445760919764,0.5371333361980736,46.38626293005025,45.849129593852176,,,,0.5319964566801697,46.91215416939091,46.38015771271074,0.09285018,0.0291423876137373,2.9834700786855484,0.0622695875484464,unknown,no,no,not_evaluated,primary DOI test sample aggregate,sigma ML error propagated to ZT error; ML false high-ZT prediction; possible missing structure/additive feature,True
10.1039_c6ta09189j__sample_2786,10.1039/c6ta09189j,https://doi.org/10.1039/c6ta09189j,,2786,PbTe,unknown,p,8,4,1,1,0.35962630779846827,2.4032701006634647,2.043643792864996,0.37955777746059455,10.104045241348224,9.72448746388763,0.9968837718418718,0.9664568122439783,-0.030426959597893544,0.23924214794846113,12.339245374375837,12.100003226427376,0.2877572,6.36459685507362e-05,0.0006850874084565,5.1358782991766976e-05,unknown,no,no,ML_close_to_fitting,primary DOI test sample aggregate,sigma ML error propagated to ZT error; possible missing structure/additive feature,True
10.1039_c6ta09189j__sample_2787,10.1039/c6ta09189j,https://doi.org/10.1039/c6ta09189j,,2787,PbTe0.75Se0.25,unknown,n,8,6,1,1,0.5612434555892172,1.5912007732428888,1.0299573176536716,0.5820385479539951,3.7786865466356603,3.196647998681665,0.42471468662271017,1.5498773202159262,1.125162633593216,0.4387063401744918,1.4878611358385434,1.0491547956640517,0.9615187,0.5531475866476243,2.451754726093501,0.9854869674095084,unknown,no,no,ML_much_worse,primary DOI test sample aggregate,ML tau prediction much worse than fitting; sigma ML error propagated to ZT error; ML false high-ZT prediction; possible missing structure/additive feature,True
10.1039_c6ta09189j__sample_2788,10.1039/c6ta09189j,https://doi.org/10.1039/c6ta09189j,,2788,PbTe0.66Se0.33,unknown,n,8,7,0,1,0.3367869378251426,1.2858719654021495,0.949085027577007,0.3015748838874182,2.82964262877321,2.528067744885792,,,,0.24942948434972623,1.5962349997129097,1.3468055153631835,0.9790629,0.6833864623373697,2.3638443222261687,0.9104893518836166,unknown,no,no,not_evaluated,primary DOI test sample aggregate,sigma ML error propagated to ZT error; ML false high-ZT prediction; possible missing structure/additive feature,True
10.1039_c6ta09189j__sample_2789,10.1039/c6ta09189j,https://doi.org/10.1039/c6ta09189j,,2789,PbTe0.5Se0.5,unknown,p,8,5,2,2,0.4933729654407687,3.3521430985650147,2.858770133124246,0.25923784222907387,20.255900134744188,19.996662292515115,0.6854316093750172,7.663188944239275,6.977757334864258,0.4661785438995822,13.701401267618563,13.23522272371898,0.1972889,0.0244704970151056,0.6739155793120767,0.0410933641634542,unknown,no,no,ML_much_worse,primary DOI test sample aggregate,ML tau prediction much worse than fitting; sigma ML error propagated to ZT error; possible missing structure/additive feature,True
10.1039_c7cp02744c__sample_82323,10.1039/c7cp02744c,https://doi.org/10.1039/c7cp02744c,,82323,TiFe2Sn,unknown,p,10,0,0,0,0.14883092757954627,1.6980177649108843,1.549186837331338,,,,,,,,,,,,,,unknown,no,no,not_evaluated,primary DOI test sample aggregate,sigma ML error propagated to ZT error; possible missing structure/additive feature,True
10.1039_c7cp02744c__sample_82324,10.1039/c7cp02744c,https://doi.org/10.1039/c7cp02744c,,82324,TiFe1.99Mn0.01Sn,unknown,p,10,0,0,0,0.15137096307339623,1.7173574076606144,1.5659864445872183,,,,,,,,,,,,,,unknown,no,no,not_evaluated,primary DOI test sample aggregate,sigma ML error propagated to ZT error; possible missing structure/additive feature,True
10.1039_c7cp02744c__sample_82325,10.1039/c7cp02744c,https://doi.org/10.1039/c7cp02744c,,82325,TiFe1.9844Mn0.0156Sn,unknown,p,18,0,0,0,0.14062744972144303,1.7996919916176988,1.6590645418962557,,,,,,,,,,,,,,unknown,no,no,not_evaluated,primary DOI test sample aggregate,sigma ML error propagated to ZT error; possible missing structure/additive feature,True
10.1039_c7cp02744c__sample_82326,10.1039/c7cp02744c,https://doi.org/10.1039/c7cp02744c,,82326,TiFe1.9815Mn0.0185Sn,unknown,p,18,0,0,0,0.1362709131517264,1.9752952604931586,1.8390243473414323,,,,,,,,,,,,,,unknown,no,no,not_evaluated,primary DOI test sample aggregate,sigma ML error propagated to ZT error; possible missing structure/additive feature,True
10.1039_c7cp02744c__sample_82327,10.1039/c7cp02744c,https://doi.org/10.1039/c7cp02744c,,82327,TiFe1.98Mn0.02Sn,unknown,p,10,0,0,0,0.1155087672621422,1.9165192189216735,1.8010104516595313,,,,,,,,,,,,,,unknown,no,no,not_evaluated,primary DOI test sample aggregate,sigma ML error propagated to ZT error; possible missing structure/additive feature,True
10.1039_c7cp02744c__sample_82328,10.1039/c7cp02744c,https://doi.org/10.1039/c7cp02744c,,82328,TiFe1.97Mn0.03Sn,unknown,p,10,0,0,0,0.15667758543160978,1.78642039226135,1.6297428068297402,,,,,,,,,,,,,,unknown,no,no,not_evaluated,primary DOI test sample aggregate,sigma ML error propagated to ZT error; possible missing structure/additive feature,True
10.1039_c7cp02744c__sample_82329,10.1039/c7cp02744c,https://doi.org/10.1039/c7cp02744c,,82329,TiFe1.95Mn0.05Sn,unknown,p,10,0,0,0,0.12159976123883147,1.7840538194002777,1.6624540581614462,,,,,,,,,,,,,,unknown,no,no,not_evaluated,primary DOI test sample aggregate,sigma ML error propagated to ZT error; possible missing structure/additive feature,True
10.1039_c7cp04801g__sample_82422,10.1039/c7cp04801g,https://doi.org/10.1039/c7cp04801g,,82422,NbCoSb,unknown,n,8,0,0,0,0.22074435499258085,1.5725682192638,1.351823864271219,,,,,,,,,,,,,,unknown,no,no,not_evaluated,primary DOI test sample aggregate,sigma ML error propagated to ZT error; possible missing structure/additive feature,True
10.1039_c7cp07521a__sample_83038,10.1039/c7cp07521a,https://doi.org/10.1039/c7cp07521a,,83038,Nb0.8Ti0.2CoSn,unknown,p,16,0,0,0,0.12856883641962846,2.52057685010521,2.3920080136855812,,,,,,,,,,,,,,unknown,no,no,not_evaluated,primary DOI test sample aggregate,sigma ML error propagated to ZT error; possible missing structure/additive feature,True
10.1039_c7cp07521a__sample_83039,10.1039/c7cp07521a,https://doi.org/10.1039/c7cp07521a,,83039,Nb0.8Zr0.2CoSn,unknown,p,16,0,0,0,0.14336352301204763,2.409500114596331,2.2661365915842833,,,,,,,,,,,,,,unknown,no,no,not_evaluated,primary DOI test sample aggregate,sigma ML error propagated to ZT error; possible missing structure/additive feature,True
10.1039_c7cp07521a__sample_83043,10.1039/c7cp07521a,https://doi.org/10.1039/c7cp07521a,,83043,NbCo1.05Sb,unknown,n,16,0,0,0,0.1937792976249606,1.0224756401663964,0.8286963425414358,,,,,,,,,,,,,,unknown,no,no,not_evaluated,primary DOI test sample aggregate,sigma ML error propagated to ZT error; possible missing structure/additive feature,True
10.1039_c7ta03659k__sample_43439,10.1039/c7ta03659k,https://doi.org/10.1039/c7ta03659k,,43439,Bi0.875Ba0.125CuSeO,unknown,p,14,14,3,3,0.22644147937871742,0.8587149307888834,0.632273451410166,0.16829270786975867,1.3433342844634824,1.1750415765937237,0.4364846974033225,2.2887905795659376,1.852305882162615,0.09303308892106772,1.502467957017271,1.4094348680962032,0.4879661,0.3926411052539114,0.8989405668182058,0.3731331933304394,unknown,no,no,ML_much_worse,primary DOI test sample aggregate,ML tau prediction much worse than fitting; possible missing structure/additive feature,True
10.1039_c7ta03659k__sample_43440,10.1039/c7ta03659k,https://doi.org/10.1039/c7ta03659k,,43440,Bi0.875Ba0.125Cu0.95Ni0.05SeO,unknown,p,14,10,3,3,0.3297711119048201,1.6312627109957016,1.3014915990908815,0.23335754548117418,4.479332139730926,4.245974594249752,1.4394127654923874,11.053313370223009,9.613900604730622,0.2819028593915567,5.0201801034459885,4.738277244054432,0.4834512,0.3739589747743697,1.847758105690238,0.4133334781133221,unknown,no,no,ML_much_worse,primary DOI test sample aggregate,ML tau prediction much worse than fitting; sigma ML error propagated to ZT error; ML false high-ZT prediction; possible missing structure/additive feature,True
10.1039_c7ta03659k__sample_43443,10.1039/c7ta03659k,https://doi.org/10.1039/c7ta03659k,,43443,Bi0.875Ba0.125Cu0.8Ni0.2SeO,unknown,p,14,13,4,4,0.29994149291100486,0.8336179458387962,0.5336764529277913,0.22582313339706728,1.2355992821074138,1.0097761487103465,0.2997716862652121,0.8736981926602126,0.5739265063950005,0.29950657716197787,0.8675122239374149,0.5680056467754371,0.452489,0.4085114030680504,0.8891871267590978,0.4531470241586055,unknown,no,no,ML_much_worse,primary DOI test sample aggregate,ML tau prediction much worse than fitting; possible missing structure/additive feature,True
10.1039_c8ee03162b__sample_39796,10.1039/c8ee03162b,https://doi.org/10.1039/c8ee03162b,,39796,SnTe,unknown,p,18,3,0,2,0.31690117245721133,1.8512480404344427,1.5343468679772314,0.25439070059884294,0.8796650232647343,0.6252743226658913,,,,0.28181785405645543,0.8840915317268894,0.6022736776704339,,0.0035820483357686,0.0005781120266277,0.0051109845132829,unknown,no,no,not_evaluated,primary DOI test sample aggregate,sigma ML error propagated to ZT error; possible missing structure/additive feature,True
10.1039_c8ee03162b__sample_39799,10.1039/c8ee03162b,https://doi.org/10.1039/c8ee03162b,,39799,Sn0.7Ge0.3Te,unknown,p,10,5,2,2,0.14720270624862114,0.9663888568327866,0.8191861505841656,0.09942410923997176,0.6306966010321522,0.5312724917921804,0.16162378375499742,0.6774187566376739,0.5157949728826765,0.10903830848904394,0.6571854918271979,0.5481471833381539,0.4439359,0.0800392610200935,0.0307966326302824,0.0862727371764764,unknown,no,no,ML_much_worse,primary DOI test sample aggregate,ML tau prediction much worse than fitting; possible missing structure/additive feature,True
10.1039_c8ee03162b__sample_39801,10.1039/c8ee03162b,https://doi.org/10.1039/c8ee03162b,,39801,Sn0.57Sb0.13Ge0.3Te,unknown,p,10,4,2,2,0.1670598511061037,0.4038275709881471,0.2367677198820434,0.10465308642335108,0.33294188955040716,0.22828880312705607,0.13775226264094728,0.3247552142860759,0.18700295164512862,0.12322268343163528,0.3051813940331345,0.1819587106014992,1.524231,1.4308959888688209,0.9906927771488984,1.2699026399431772,unknown,no,no,ML_moderately_worse,primary DOI test sample aggregate,ML missed high ZT; possible missing structure/additive feature,True
10.1039_c8ta01463a__sample_45799,10.1039/c8ta01463a,https://doi.org/10.1039/c8ta01463a,,45799,(Zn0.993Al0.007O)93.18(ZrO2)6.82,unknown,n,14,13,2,2,0.41667003922490387,0.555808993834644,0.13913895460974013,0.3150877043665152,0.6576001481078446,0.34251244374132944,0.4662730132663212,1.1182038866126836,0.6519308733463623,0.4525888820701103,1.0984355490503888,0.6458466669802785,0.06575328,0.0082808513884766,0.0119626641401926,0.0059491949067737,unknown,no,no,ML_much_worse,primary DOI test sample aggregate,ML tau prediction much worse than fitting; possible missing structure/additive feature,True
10.1039_c8ta01463a__sample_45802,10.1039/c8ta01463a,https://doi.org/10.1039/c8ta01463a,,45802,(Zn0.993Al0.007O)93.18(ZrO2)6.82,unknown,n,14,14,1,2,0.4434592481812994,0.5377735438221222,0.09431429564082278,0.3222374079238489,0.5789218919482847,0.2566844840244358,0.48628219868560923,1.0147371621085162,0.528454963422907,0.4528199960355338,0.9693773083305905,0.5165573122950567,0.07735521,0.0257338764214143,0.034883683056409,0.0181928059751323,unknown,no,no,ML_much_worse,primary DOI test sample aggregate,ML tau prediction much worse than fitting; possible missing structure/additive feature,True
10.1039_c8ta01463a__sample_45803,10.1039/c8ta01463a,https://doi.org/10.1039/c8ta01463a,,45803,(Zn0.993Al0.007O)85.86(ZrO2)14.14,unknown,n,14,13,2,2,0.38484467181131354,0.5059577973855658,0.12111312557425225,0.24884044888447637,0.5283046848190358,0.27946423593455944,0.3905790777249818,0.9312803078082923,0.5407012300833105,0.3519189520635263,0.8775878996717381,0.5256689476082118,0.07951046,0.0135489980593888,0.0188172780403398,0.0098046263368688,unknown,no,no,ML_much_worse,primary DOI test sample aggregate,ML tau prediction much worse than fitting; possible missing structure/additive feature,True
10.1039_c8ta08238c__sample_40606,10.1039/c8ta08238c,https://doi.org/10.1039/c8ta08238c,,40606,Bi0.5Sb1.5Te3,unknown,p,8,8,8,8,0.09432777731860846,0.30837010191617037,0.2140423245975619,0.08731714480542031,0.25110989415091994,0.16379274934549964,0.08902484384995724,0.24958058217619028,0.16055573832623304,0.08731714480541564,0.25110989415091245,0.1637927493454968,1.231162,1.088556606046712,0.8116093039792383,1.2288485887140974,unknown,no,no,ML_moderately_worse,primary DOI test sample aggregate,ML missed high ZT; possible missing structure/additive feature,True
10.1039_c8ta08238c__sample_40607,10.1039/c8ta08238c,https://doi.org/10.1039/c8ta08238c,,40607,(Bi0.5Sb1.5Te3)97.73(Sb2O3)2.27,unknown,p,8,8,8,8,0.09664437638862523,0.34585005727091916,0.24920568088229395,0.0903126399045811,0.2792195485387128,0.18890690863413168,0.08914282680584953,0.27774892406366203,0.1886060972578125,0.09031263990456756,0.2792195485387017,0.18890690863413412,1.206727,1.152604094571554,0.8269188955290341,1.2155766634158889,unknown,no,no,ML_moderately_worse,primary DOI test sample aggregate,ML missed high ZT; possible missing structure/additive feature,True
10.1039_c8ta08238c__sample_40608,10.1039/c8ta08238c,https://doi.org/10.1039/c8ta08238c,,40608,(Bi0.5Sb1.5Te3)95.52(Sb2O3)4.48,unknown,p,8,8,8,8,0.11138266234601454,0.3229129710247149,0.21153030867870035,0.10420907639494889,0.25689497326836824,0.15268589687341935,0.11121243044630429,0.2608934988025674,0.1496810683562631,0.10420907639495161,0.2568949732683644,0.1526858968734128,1.361749,1.3008678050825038,0.9607283368822992,1.3498674269719295,unknown,no,no,ML_moderately_worse,primary DOI test sample aggregate,ML missed high ZT; possible missing structure/additive feature,True
10.1039_c8tc02700e__sample_40809,10.1039/c8tc02700e,https://doi.org/10.1039/c8tc02700e,,40809,Bi0.94Yb0.06CuSeO,unknown,p,24,23,17,17,0.524135386480756,1.5965387494819565,1.0724033630012006,0.492556382836996,4.117775912146502,3.6252195293095064,0.4992707187273876,4.433621188085269,3.9343504693578812,0.5423256928212317,4.676528830075519,4.134203137254287,0.4835745,0.2837315990817622,1.2818758638602694,0.4839987392095838,unknown,no,no,ML_much_worse,primary DOI test sample aggregate,ML tau prediction much worse than fitting; sigma ML error propagated to ZT error; ML false high-ZT prediction; possible missing structure/additive feature,True
10.1039_c8tc02700e__sample_40812,10.1039/c8tc02700e,https://doi.org/10.1039/c8tc02700e,,40812,Bi0.85Yb0.15CuSeO,unknown,p,24,24,23,24,0.3159775730906665,0.6366507369308974,0.32067316384023087,0.2490430054312848,0.8413301404730884,0.5922871350418036,0.20939704852427346,0.7336365511052698,0.5242395025809964,0.24904300543125968,0.8413301404733211,0.5922871350420614,0.5373582,0.331194109163144,0.5755978266288736,0.5340714901231919,unknown,no,no,ML_much_worse,primary DOI test sample aggregate,ML tau prediction much worse than fitting; possible missing structure/additive feature,True
10.1039_c8tc05148h__sample_41679,10.1039/c8tc05148h,https://doi.org/10.1039/c8tc05148h,,41679,ZnO,unknown,n,9,2,0,0,0.4245884033041271,5.737301937151875,5.312713533847748,0.18397541288626815,360.5669872388228,360.38301182593653,,,,,,,0.0003319502,,,,unknown,no,no,not_evaluated,primary DOI test sample aggregate,sigma ML error propagated to ZT error; possible missing structure/additive feature,True
10.1039_c8tc05148h__sample_41681,10.1039/c8tc05148h,https://doi.org/10.1039/c8tc05148h,,41681,ZnOC0.065,unknown,n,9,2,0,0,0.5021028918516441,2.4363968493530415,1.9342939575013973,0.48322030155969614,14.696845455327292,14.213625153767596,,,,,,,0.005532503,,,,unknown,no,no,not_evaluated,primary DOI test sample aggregate,sigma ML error propagated to ZT error; possible missing structure/additive feature,True
10.1039_c8tc05148h__sample_41682,10.1039/c8tc05148h,https://doi.org/10.1039/c8tc05148h,,41682,ZnOC0.065,unknown,n,9,4,0,0,0.5905461062510681,2.378310403835732,1.7877642975846637,0.8847273598516995,16.77320367605538,15.88847631620368,,,,,,,0.00735823,,,,unknown,no,no,not_evaluated,primary DOI test sample aggregate,sigma ML error propagated to ZT error; possible missing structure/additive feature,True
10.1039_c8tc05148h__sample_41686,10.1039/c8tc05148h,https://doi.org/10.1039/c8tc05148h,,41686,ZnOC0.065,unknown,n,9,1,0,1,0.1654500814705748,1.5223636935512574,1.3569136120806826,0.02130714693204131,3.6386796900258873,3.617372543093846,,,,0.021307146931733172,3.638679690023654,3.617372543091921,0.00361186,0.0081449487870726,0.0369935808521292,0.0079750237835328,unknown,no,no,not_evaluated,primary DOI test sample aggregate,sigma ML error propagated to ZT error; possible missing structure/additive feature,True
10.1039_c8tc05148h__sample_41687,10.1039/c8tc05148h,https://doi.org/10.1039/c8tc05148h,,41687,ZnOC0.065,unknown,n,9,2,1,2,0.14375924145053148,1.5614026233403386,1.417643381889807,0.1501578681243574,4.247056047554933,4.096898179430576,0.15896591668825616,2.981455466288131,2.822489549599875,0.15015786812428547,4.247056047554885,4.0968981794306,0.009133279,0.0076813989313954,0.0363637435996846,0.0080163295323508,unknown,no,no,ML_much_worse,primary DOI test sample aggregate,ML tau prediction much worse than fitting; sigma ML error propagated to ZT error; possible missing structure/additive feature,True
10.1039_c8tc05148h__sample_41688,10.1039/c8tc05148h,https://doi.org/10.1039/c8tc05148h,,41688,ZnOC0.14,unknown,n,9,3,0,1,0.37593445571084816,2.648230990618318,2.2722965349074697,0.35597163556536815,12.93060132311765,12.574629687552282,,,,0.5148224405734476,5.673681168355089,5.158858727781642,,0.0036964758665162,0.0508455119169268,0.0076188104637098,unknown,no,no,not_evaluated,primary DOI test sample aggregate,sigma ML error propagated to ZT error; possible missing structure/additive feature,True
10.1039_c8tc05148h__sample_41689,10.1039/c8tc05148h,https://doi.org/10.1039/c8tc05148h,,41689,ZnOC0.14,unknown,n,9,1,0,0,0.2781196361579218,3.5506070334609747,3.272487397303053,0.030154459071744355,34.495518410450856,34.46536395137911,,,,,,,0.0007008086,,,,unknown,no,no,not_evaluated,primary DOI test sample aggregate,sigma ML error propagated to ZT error; possible missing structure/additive feature,True
10.1039_c9ee00317g__sample_31975,10.1039/c9ee00317g,https://doi.org/10.1039/c9ee00317g,,31975,Gi0.99Te,unknown,p,12,0,0,0,0.3038312701573865,3.5112547356236172,3.207423465466231,,,,,,,,,,,,,,unknown,no,no,not_evaluated,primary DOI test sample aggregate,sigma ML error propagated to ZT error; possible missing structure/additive feature,True
10.1039_c9ee00317g__sample_31977,10.1039/c9ee00317g,https://doi.org/10.1039/c9ee00317g,,31977,Ge1.01Te,unknown,p,12,0,0,0,0.3972485000609964,1.5987553554372127,1.2015068553762163,,,,,,,,,,,,,,unknown,no,no,not_evaluated,primary DOI test sample aggregate,sigma ML error propagated to ZT error; possible missing structure/additive feature,True
10.1039_c9ee00317g__sample_31978,10.1039/c9ee00317g,https://doi.org/10.1039/c9ee00317g,,31978,Ge1.02Te,unknown,p,12,0,0,0,0.3771703627273478,1.589913397135368,1.2127430344080203,,,,,,,,,,,,,,unknown,no,no,not_evaluated,primary DOI test sample aggregate,sigma ML error propagated to ZT error; possible missing structure/additive feature,True
10.1039_c9ee00317g__sample_31979,10.1039/c9ee00317g,https://doi.org/10.1039/c9ee00317g,,31979,Ge1.03Te,unknown,p,12,0,0,0,0.36049760779086704,1.5515181577829262,1.1910205499920592,,,,,,,,,,,,,,unknown,no,no,not_evaluated,primary DOI test sample aggregate,sigma ML error propagated to ZT error; possible missing structure/additive feature,True
10.1039_c9ee00317g__sample_31980,10.1039/c9ee00317g,https://doi.org/10.1039/c9ee00317g,,31980,Ge1.04Te,unknown,p,12,0,0,0,0.35155428166590325,1.5489082781224266,1.1973539964565234,,,,,,,,,,,,,,unknown,no,no,not_evaluated,primary DOI test sample aggregate,sigma ML error propagated to ZT error; possible missing structure/additive feature,True
10.1039_c9ee00317g__sample_31981,10.1039/c9ee00317g,https://doi.org/10.1039/c9ee00317g,,31981,Ge1.04Te,unknown,p,12,0,0,0,0.3360378494886232,1.5627295964700225,1.2266917469813994,,,,,,,,,,,,,,unknown,no,no,not_evaluated,primary DOI test sample aggregate,sigma ML error propagated to ZT error; possible missing structure/additive feature,True
10.1039_c9ee00317g__sample_31982,10.1039/c9ee00317g,https://doi.org/10.1039/c9ee00317g,,31982,Bi0.01Ge1.03Te,unknown,p,12,0,0,0,0.2985192976122903,1.2088679444735808,0.9103486468612905,,,,,,,,,,,,,,unknown,no,no,not_evaluated,primary DOI test sample aggregate,sigma ML error propagated to ZT error; possible missing structure/additive feature,True
10.1039_c9nr09331a__sample_35375,10.1039/c9nr09331a,https://doi.org/10.1039/c9nr09331a,,35375,Sn1.03Te,unknown,p,11,7,3,5,0.2445813392704796,1.1918694304814348,0.9472880912109551,0.2652657969109779,0.6548092648564398,0.38954346794546185,0.23347181769352857,0.6158305982375749,0.3823587805440464,0.2349220876525801,0.6587363756179123,0.4238142879653322,0.42,0.3520920379362816,0.1096603794582214,0.2674857067803178,unknown,no,no,ML_moderately_worse,primary DOI test sample aggregate,sigma ML error propagated to ZT error; possible missing structure/additive feature,True
10.1039_c9nr09331a__sample_35380,10.1039/c9nr09331a,https://doi.org/10.1039/c9nr09331a,,35380,Sn1.03Te(BiCuSeO)0.021,unknown,p,12,12,5,7,0.3659851043814878,0.5952489461818492,0.2292638418003614,0.3540674604779466,0.38595970890475534,0.03189224842680871,0.4861555231097441,0.37894759593624605,-0.10720792717349803,0.3657884700921768,0.38931005292669385,0.023521582834517052,0.91,1.67179543182655,1.045458672862401,0.8847957901415113,unknown,no,no,ML_better_than_fitting,primary DOI test sample aggregate,ML false high-ZT prediction; possible missing structure/additive feature,True
10.1039_c9nr09331a__sample_35383,10.1039/c9nr09331a,https://doi.org/10.1039/c9nr09331a,,35383,Sn1.03Te(BiCuSeO)0.042,unknown,p,12,10,9,10,0.3861770497618831,0.49714013880195224,0.11096308904006913,0.38848817614783887,0.32870381051148473,-0.05978436563635414,0.37269914580056784,0.34862820635681296,-0.02407093944375488,0.3884881761478162,0.3287038105114586,-0.05978436563635764,0.8866667,1.568315426777164,1.1467451539054612,0.864366570973656,unknown,no,no,ML_close_to_fitting,primary DOI test sample aggregate,ML false high-ZT prediction; possible missing structure/additive feature,True
10.1039_c9qm00487d__sample_34190,10.1039/c9qm00487d,https://doi.org/10.1039/c9qm00487d,,34190,Ag2Se,unknown,n,12,0,0,0,0.2074159742359472,2.489021382844208,2.281605408608261,,,,,,,,,,,,,,unknown,no,no,not_evaluated,primary DOI test sample aggregate,sigma ML error propagated to ZT error; possible missing structure/additive feature,True
10.1039_c9qm00487d__sample_34191,10.1039/c9qm00487d,https://doi.org/10.1039/c9qm00487d,,34191,Ag2Se,unknown,n,12,0,0,0,0.2143249653235139,2.4329288663214776,2.2186039009979637,,,,,,,,,,,,,,unknown,no,no,not_evaluated,primary DOI test sample aggregate,sigma ML error propagated to ZT error; possible missing structure/additive feature,True
10.1039_c9qm00487d__sample_34192,10.1039/c9qm00487d,https://doi.org/10.1039/c9qm00487d,,34192,Ag2Se,unknown,n,27,0,0,0,0.15948527591230507,2.412200601490446,2.2527153255781407,,,,,,,,,,,,,,unknown,no,no,not_evaluated,primary DOI test sample aggregate,sigma ML error propagated to ZT error; possible missing structure/additive feature,True
10.1039_c9qm00487d__sample_34194,10.1039/c9qm00487d,https://doi.org/10.1039/c9qm00487d,,34194,Ag1.9Sn0.1Se,unknown,n,29,0,0,0,0.3010827396568255,2.435753012085425,2.1346702724285995,,,,,,,,,,,,,,unknown,no,no,not_evaluated,primary DOI test sample aggregate,sigma ML error propagated to ZT error; possible missing structure/additive feature,True
10.1039_c9ta10128d__sample_83048,10.1039/c9ta10128d,https://doi.org/10.1039/c9ta10128d,,83048,Ti0.5Zr0.25Hf0.25NiCu0.075Sn,unknown,n,16,0,0,0,0.10418142831376329,1.0746095832900127,0.9704281549762493,,,,,,,,,,,,,,unknown,no,no,not_evaluated,primary DOI test sample aggregate,sigma ML error propagated to ZT error; possible missing structure/additive feature,True
10.1039_c9ta14068a__sample_36254,10.1039/c9ta14068a,https://doi.org/10.1039/c9ta14068a,,36254,Cu4Ge3Se5,unknown,p,21,0,0,0,0.2179745234049868,1.868178408938363,1.6502038855333763,,,,,,,,,,,,,,unknown,no,no,not_evaluated,primary DOI test sample aggregate,sigma ML error propagated to ZT error; possible missing structure/additive feature,True
10.1039_c9ta14068a__sample_36255,10.1039/c9ta14068a,https://doi.org/10.1039/c9ta14068a,,36255,Cu3.9Ge3Se5,unknown,p,21,0,0,0,0.2351954122433056,1.78367151890203,1.5484761066587245,,,,,,,,,,,,,,unknown,no,no,not_evaluated,primary DOI test sample aggregate,sigma ML error propagated to ZT error; possible missing structure/additive feature,True
10.1039_c9ta14068a__sample_36256,10.1039/c9ta14068a,https://doi.org/10.1039/c9ta14068a,,36256,Cu3.8Ge3Se5,unknown,p,17,0,0,0,0.23996257925921344,1.6892184399708607,1.4492558607116472,,,,,,,,,,,,,,unknown,no,no,not_evaluated,primary DOI test sample aggregate,sigma ML error propagated to ZT error; possible missing structure/additive feature,True
10.1039_c9ta14068a__sample_36257,10.1039/c9ta14068a,https://doi.org/10.1039/c9ta14068a,,36257,Cu3.7Ge3Se5,unknown,p,18,0,0,0,0.2136911457154298,1.5876095707875313,1.3739184250721015,,,,,,,,,,,,,,unknown,no,no,not_evaluated,primary DOI test sample aggregate,sigma ML error propagated to ZT error; possible missing structure/additive feature,True
10.1039_c9ta14068a__sample_36258,10.1039/c9ta14068a,https://doi.org/10.1039/c9ta14068a,,36258,Cu3.6Ge3Se5,unknown,p,20,0,0,0,0.2268949683513064,1.5033197207958489,1.2764247524445425,,,,,,,,,,,,,,unknown,no,no,not_evaluated,primary DOI test sample aggregate,sigma ML error propagated to ZT error; possible missing structure/additive feature,True
10.1039_c9ta14068a__sample_36259,10.1039/c9ta14068a,https://doi.org/10.1039/c9ta14068a,,36259,Cu3.5Ge3Se5,unknown,p,17,0,0,0,0.2455430320658767,1.5732885739203515,1.3277455418544748,,,,,,,,,,,,,,unknown,no,no,not_evaluated,primary DOI test sample aggregate,sigma ML error propagated to ZT error; possible missing structure/additive feature,True
10.1039_c9ta14068a__sample_36260,10.1039/c9ta14068a,https://doi.org/10.1039/c9ta14068a,,36260,Cu3.4Ge3Se5,unknown,p,22,0,0,0,0.25969633976066836,1.5428484342742228,1.2831520945135544,,,,,,,,,,,,,,unknown,no,no,not_evaluated,primary DOI test sample aggregate,sigma ML error propagated to ZT error; possible missing structure/additive feature,True
10.1039_d0dt03368e__sample_36307,10.1039/d0dt03368e,https://doi.org/10.1039/d0dt03368e,,36307,Cu26V2Sn6S32,unknown,p,17,0,0,0,0.23784814928043863,1.7106349385821196,1.472786789301681,,,,,,,,,,,,,,unknown,no,no,not_evaluated,primary DOI test sample aggregate,sigma ML error propagated to ZT error; possible missing structure/additive feature,True
10.1039_d0dt03368e__sample_36308,10.1039/d0dt03368e,https://doi.org/10.1039/d0dt03368e,,36308,Cu26V2Sn6S32,unknown,p,17,0,0,0,0.2776354538343623,1.9412054658012539,1.6635700119668915,,,,,,,,,,,,,,unknown,no,no,not_evaluated,primary DOI test sample aggregate,sigma ML error propagated to ZT error; possible missing structure/additive feature,True
10.1039_d0dt03368e__sample_36309,10.1039/d0dt03368e,https://doi.org/10.1039/d0dt03368e,,36309,Cu26V2Sn6S32,unknown,p,17,0,0,0,0.22169422532504482,1.7137545169324229,1.492060291607378,,,,,,,,,,,,,,unknown,no,no,not_evaluated,primary DOI test sample aggregate,sigma ML error propagated to ZT error; possible missing structure/additive feature,True
10.1039_d0dt03368e__sample_36310,10.1039/d0dt03368e,https://doi.org/10.1039/d0dt03368e,,36310,Cu26V2Sn6S32,unknown,p,17,0,0,0,0.2462164284320988,1.3651990116937844,1.1189825832616855,,,,,,,,,,,,,,unknown,no,no,not_evaluated,primary DOI test sample aggregate,sigma ML error propagated to ZT error; possible missing structure/additive feature,True
10.1039_d0ee02323j__sample_37113,10.1039/d0ee02323j,https://doi.org/10.1039/d0ee02323j,,37113,Cu0.84Ag0.2In0.96Te2,unknown,p,14,13,6,8,0.6178258072357146,1.4698064946978469,0.8519806874621323,0.6308378057318353,3.8627309298109775,3.231893124079142,0.5403252041760412,2.5565046245091496,2.0161794203331085,0.7108830468342889,3.4119648541139522,2.7010818072796634,1.290482,0.643340549175436,2.441393446646478,1.3252038247324178,unknown,no,no,ML_much_worse,primary DOI test sample aggregate,ML tau prediction much worse than fitting; sigma ML error propagated to ZT error; possible missing structure/additive feature,True
10.1039_d0nr00495b__sample_34234,10.1039/d0nr00495b,https://doi.org/10.1039/d0nr00495b,,34234,SnTe,unknown,p,13,6,3,4,0.23617077840616257,1.9136835939180497,1.677512815511887,0.22388041687967705,0.8630392147777034,0.6391587978980263,0.2313928975969808,0.8385774334727091,0.6071845358757283,0.253128615162823,0.8570340400105523,0.6039054248477294,0.4269377,0.422771198381666,0.063293115300748,0.2985332172901773,unknown,no,no,ML_much_worse,primary DOI test sample aggregate,ML tau prediction much worse than fitting; sigma ML error propagated to ZT error; possible missing structure/additive feature,True
10.1039_d0nr00495b__sample_34235,10.1039/d0nr00495b,https://doi.org/10.1039/d0nr00495b,,34235,Sn0.99Pb0.01Te,unknown,p,13,2,0,1,0.22950543229968526,1.128700184895023,0.8991947525953379,0.31766693794131773,0.5636269658706291,0.24596002792931138,,,,0.23034606813966635,0.5925451027692259,0.36219903462955955,0.0935197,0.4981793747014448,0.1649825452999505,0.4049099579394864,unknown,no,no,not_evaluated,primary DOI test sample aggregate,sigma ML error propagated to ZT error; possible missing structure/additive feature,True
10.1039_d0nr00495b__sample_34238,10.1039/d0nr00495b,https://doi.org/10.1039/d0nr00495b,,34238,Sn0.96Pb0.01In0.03Te,unknown,p,13,6,3,3,0.14881303770341064,1.0495251884823777,0.900712150778967,0.06766470840438589,0.6668748793978886,0.5992101709935027,0.04252670642647902,0.6508083870606817,0.6082816806342026,0.03839898073980414,0.6532883735378417,0.6148893927980376,0.6698856,0.6599547819866975,0.2335158278510991,0.6748260590590339,unknown,no,no,ML_much_worse,primary DOI test sample aggregate,ML tau prediction much worse than fitting; sigma ML error propagated to ZT error; possible missing structure/additive feature,True
10.1039_d0se01081b__sample_38890,10.1039/d0se01081b,https://doi.org/10.1039/d0se01081b,,38890,SnTe,unknown,p,11,9,6,7,0.28657404602975006,1.6414819963781035,1.3549079503483534,0.2878928812914019,0.7896970914379747,0.5018042101465728,0.3083878854204782,0.7787300838059165,0.4703421983854383,0.293100514994135,0.771059629044913,0.477959114050778,0.2494306,0.4133945352703093,0.0821157151344828,0.2481521520095757,unknown,no,no,ML_moderately_worse,primary DOI test sample aggregate,sigma ML error propagated to ZT error; possible missing structure/additive feature,True
10.1039_d0se01081b__sample_38891,10.1039/d0se01081b,https://doi.org/10.1039/d0se01081b,,38891,Sn0.99Zn0.01Te,unknown,p,11,7,5,7,0.35210231833493677,1.0915958478776575,0.7394935295427207,0.29339003764701754,0.6523282518863374,0.3589382142393198,0.4095664943696812,0.6482874251204203,0.23872093075073908,0.29339003764701177,0.6523282518863612,0.35893821423934946,0.3196262,0.4320801977996476,0.1537551292777711,0.2404147020401807,unknown,no,no,ML_moderately_worse,primary DOI test sample aggregate,sigma ML error propagated to ZT error; possible missing structure/additive feature,True
10.1039_d0se01081b__sample_38892,10.1039/d0se01081b,https://doi.org/10.1039/d0se01081b,,38892,Sn0.98Zn0.02Te,unknown,p,11,8,6,8,0.3285571816148261,1.1520221079511181,0.8234649263362921,0.3534678877088028,0.6579311564656968,0.304463268756894,0.44547457581238287,0.6393323411140733,0.19385776530169047,0.3534678877088024,0.6579311564657053,0.30446326875690294,0.3251912,0.5974415772938355,0.1980422287761464,0.3248382927144235,unknown,no,no,ML_moderately_worse,primary DOI test sample aggregate,sigma ML error propagated to ZT error; possible missing structure/additive feature,True
10.1039_d0ta06013e__sample_37623,10.1039/d0ta06013e,https://doi.org/10.1039/d0ta06013e,,37623,Ge0.5Sn0.5Te,unknown,p,12,0,0,0,0.17192538865802678,1.0550929133219709,0.8831675246639441,,,,,,,,,,,,,,unknown,no,no,not_evaluated,primary DOI test sample aggregate,sigma ML error propagated to ZT error; possible missing structure/additive feature,True
10.1039_d1tc02896k__sample_45863,10.1039/d1tc02896k,https://doi.org/10.1039/d1tc02896k,,45863,Nb26.7Ti6.7Fe33.3Sb33.3,unknown,p,8,5,2,4,0.2672086810206847,1.0685493093182326,0.8013406282975479,0.3019037237790629,0.6122131951978613,0.31030947141879844,0.5425754928073326,0.45181725775710346,-0.09075823505022917,0.3463348978405464,0.5930762907689219,0.2467413929283755,0.8746646,1.513828216850141,0.5379668658467615,0.9130216436360564,unknown,no,no,ML_close_to_fitting,primary DOI test sample aggregate,sigma ML error propagated to ZT error; possible missing structure/additive feature,True
10.1039_d4ee01652a__sample_83924,10.1039/d4ee01652a,https://doi.org/10.1039/d4ee01652a,,83924,(Bi0.4Sb1.6Te3)99.42(C8H10N4Zn)0.58,unknown,p,9,3,2,2,0.1393581395383459,1.8310515189321301,1.6916933793937843,0.16913402081425957,0.8116545199733922,0.6425204991591327,0.5886753911962378,0.7440671267499825,0.15539173555374475,0.13498276502608028,0.8171562285460661,0.6821734635199858,1.403,1.5368333937647105,0.2475812166238766,1.3920389010984764,unknown,no,no,ML_moderately_worse,primary DOI test sample aggregate,sigma ML error propagated to ZT error; ML missed high ZT; possible missing structure/additive feature,True
10.1039_d4ee01652a__sample_83925,10.1039/d4ee01652a,https://doi.org/10.1039/d4ee01652a,,83925,(Bi0.4Sb1.6Te3)99.13(C8H10N4Zn)0.87,unknown,p,9,7,5,6,0.14018782247124428,1.827040079115419,1.6868522566441748,0.12476523620073124,0.829844111631128,0.7050788754303968,0.5832643071575399,0.7438943278622402,0.16063002070470034,0.11515358223726702,0.8235260728418142,0.7083724906045472,1.48,2.116084457673144,0.3422935955056066,2.281581061865066,unknown,no,no,ML_moderately_worse,primary DOI test sample aggregate,sigma ML error propagated to ZT error; ML missed high ZT; possible missing structure/additive feature,True
10.1039_d4ee01652a__sample_83926,10.1039/d4ee01652a,https://doi.org/10.1039/d4ee01652a,,83926,(Bi0.4Sb1.6Te3)98.56(C8H10N4Zn)1.44,unknown,p,9,8,4,7,0.15313159221520825,1.627961962933965,1.4748303707187567,0.1281116256383498,0.8056587928628143,0.6775471672244645,0.3518033763530407,0.7326788111262291,0.3808754347731884,0.11779049801919332,0.8118061824200774,0.6940156844008841,1.654,2.1232398607216885,0.4198739356337195,2.526025189138195,unknown,no,no,ML_moderately_worse,primary DOI test sample aggregate,sigma ML error propagated to ZT error; ML missed high ZT; possible missing structure/additive feature,True
10.1039_d4ee01652a__sample_83927,10.1039/d4ee01652a,https://doi.org/10.1039/d4ee01652a,,83927,(Bi0.4Sb1.6Te3)97.99(C8H10N4Zn)2.01,unknown,p,9,6,5,6,0.15313159221520825,1.627961962933965,1.4748303707187567,0.11858385206453986,0.8171244564511518,0.698540604386612,0.409517129340134,0.7212658280454355,0.3117486987053015,0.118583852064533,0.8171244564511441,0.698540604386611,1.391,1.931190268672252,0.3818958345522718,2.233779336379655,unknown,no,no,ML_moderately_worse,primary DOI test sample aggregate,sigma ML error propagated to ZT error; ML missed high ZT; possible missing structure/additive feature,True
10.1063_1.1305829__sample_81682,10.1063/1.1305829,https://doi.org/10.1063/1.1305829,,81682,(Zr0.65Hf0.35)(Co0.65Pt0.35)(Sb0.65Sn0.35),unknown,p,41,0,0,0,0.22203085467544892,2.013873575184733,1.7918427205092842,,,,,,,,,,,,,,unknown,no,no,not_evaluated,primary DOI test sample aggregate,sigma ML error propagated to ZT error; possible missing structure/additive feature,True
10.1063_1.1352686__sample_21961,10.1063/1.1352686,https://doi.org/10.1063/1.1352686,,21961,Si0.8Ge0.2(GaP)0.02,unknown,p,10,0,0,0,0.12992841141897565,1.4437397211493175,1.3138113097303419,,,,,,,,,,,,,,unknown,no,no,not_evaluated,primary DOI test sample aggregate,sigma ML error propagated to ZT error; possible missing structure/additive feature,True
10.1063_1.1352686__sample_21963,10.1063/1.1352686,https://doi.org/10.1063/1.1352686,,21963,Si0.95Ge0.05P0.04Ga0.05P0.05,unknown,p,10,0,0,0,0.15373841322982978,1.5881040916609073,1.4343656784310774,,,,,,,,,,,,,,unknown,no,no,not_evaluated,primary DOI test sample aggregate,sigma ML error propagated to ZT error; possible missing structure/additive feature,True
10.1063_1.1427141__sample_5830,10.1063/1.1427141,https://doi.org/10.1063/1.1427141,,5830,CeFe4P12,unknown,p,32,0,0,0,0.283479575047962,2.6119232825449017,2.3284437074969397,,,,,,,,,,,,,,unknown,no,no,not_evaluated,primary DOI test sample aggregate,sigma ML error propagated to ZT error; possible missing structure/additive feature,True
10.1063_1.1427141__sample_5831,10.1063/1.1427141,https://doi.org/10.1063/1.1427141,,5831,CeFe4As12,unknown,p,20,0,0,0,0.13201662132469383,2.4881721421787057,2.3561555208540117,,,,,,,,,,,,,,unknown,no,no,not_evaluated,primary DOI test sample aggregate,sigma ML error propagated to ZT error; possible missing structure/additive feature,True
10.1063_1.1427141__sample_5832,10.1063/1.1427141,https://doi.org/10.1063/1.1427141,,5832,CeFe4Sb12,unknown,p,27,0,0,0,0.1982632217973791,2.540709354734574,2.342446132937195,,,,,,,,,,,,,,unknown,no,no,not_evaluated,primary DOI test sample aggregate,sigma ML error propagated to ZT error; possible missing structure/additive feature,True
10.1063_1.1471370__sample_2228,10.1063/1.1471370,https://doi.org/10.1063/1.1471370,,2228,Cs8Na16Ge136,unknown,n,97,0,0,0,0.11501158052969998,1.65065497894683,1.53564339841713,,,,,,,,,,,,,,unknown,no,no,not_evaluated,primary DOI test sample aggregate,sigma ML error propagated to ZT error; possible missing structure/additive feature,True
10.1063_1.1471370__sample_2229,10.1063/1.1471370,https://doi.org/10.1063/1.1471370,,2229,Cs8Na16Si136,unknown,n,59,0,0,0,0.19754448153144832,1.1418470100175253,0.944302528486077,,,,,,,,,,,,,,unknown,no,no,not_evaluated,primary DOI test sample aggregate,sigma ML error propagated to ZT error; possible missing structure/additive feature,True
10.1063_1.1629393__sample_25587,10.1063/1.1629393,https://doi.org/10.1063/1.1629393,,25587,LaNi0.3Co0.7O3,unknown,p,60,0,0,0,0.790534643900953,1.2963983315758187,0.5058636876748658,,,,,,,,,,,,,,unknown,no,no,not_evaluated,primary DOI test sample aggregate,sigma ML error propagated to ZT error; possible missing structure/additive feature,True
10.1063_1.1629393__sample_25589,10.1063/1.1629393,https://doi.org/10.1063/1.1629393,,25589,La0.95Sr0.05Ni0.2Co0.8O3,unknown,p,31,0,0,0,0.5688364243202462,1.4287479462657953,0.8599115219455491,,,,,,,,,,,,,,unknown,no,no,not_evaluated,primary DOI test sample aggregate,sigma ML error propagated to ZT error; possible missing structure/additive feature,True
10.1063_1.1710014__sample_7430,10.1063/1.1710014,https://doi.org/10.1063/1.1710014,,7430,(Bi2Te3)5(Bi2Se3)1(Sb2Te3)18,unknown,p,27,0,0,0,0.5364075952564827,1.9312506322147687,1.394843036958286,,,,,,,,,,,,,,unknown,no,no,not_evaluated,primary DOI test sample aggregate,sigma ML error propagated to ZT error; possible missing structure/additive feature,True
10.1063_1.1710014__sample_7431,10.1063/1.1710014,https://doi.org/10.1063/1.1710014,,7431,(Bi2Te3)5(Bi2Se3)1(Sb2Te3)18,unknown,p,22,0,0,0,0.3653370902002641,2.237958859409196,1.872621769208932,,,,,,,,,,,,,,unknown,no,no,not_evaluated,primary DOI test sample aggregate,sigma ML error propagated to ZT error; possible missing structure/additive feature,True
10.1063_1.1735807__sample_17224,10.1063/1.1735807,https://doi.org/10.1063/1.1735807,,17224,Be98.7(BeO)1.2Al0.056Si0.035Ni0.016Mn0.010,unknown,n,18,0,0,0,0.37787775078044084,6.686706126592779,6.308828375812338,,,,,,,,,,,,,,unknown,no,no,not_evaluated,primary DOI test sample aggregate,sigma ML error propagated to ZT error; possible missing structure/additive feature,True
10.1063_1.1735807__sample_17225,10.1063/1.1735807,https://doi.org/10.1063/1.1735807,,17225,Be98.7(BeO)1.18Al0.044Ni0.014Mn0.009,unknown,n,13,0,0,0,0.34262816064760415,6.632720778223953,6.290092617576349,,,,,,,,,,,,,,unknown,no,no,not_evaluated,primary DOI test sample aggregate,sigma ML error propagated to ZT error; possible missing structure/additive feature,True
10.1063_1.2168019__sample_10320,10.1063/1.2168019,https://doi.org/10.1063/1.2168019,,10320,Hf0.75Zr0.25NiSn0.975Sb0.025,unknown,n,19,0,0,0,0.2609383542741063,1.4259316772239174,1.1649933229498113,,,,,,,,,,,,,,unknown,no,no,not_evaluated,primary DOI test sample aggregate,sigma ML error propagated to ZT error; possible missing structure/additive feature,True
10.1063_1.2168019__sample_10322,10.1063/1.2168019,https://doi.org/10.1063/1.2168019,,10322,Hf0.60Zr0.25Ti0.15NiSn0.975Sb0.025,unknown,n,16,0,0,0,0.2562124066772828,1.2692565753026637,1.0130441686253808,,,,,,,,,,,,,,unknown,no,no,not_evaluated,primary DOI test sample aggregate,sigma ML error propagated to ZT error; possible missing structure/additive feature,True
10.1063_1.2355443__sample_748,10.1063/1.2355443,https://doi.org/10.1063/1.2355443,,748,Ba8Ga4.5Ge41.5,unknown,n,14,0,0,0,0.18525443245970155,1.320565802551283,1.1353113700915813,,,,,,,,,,,,,,unknown,no,no,not_evaluated,primary DOI test sample aggregate,sigma ML error propagated to ZT error; possible missing structure/additive feature,True
10.1063_1.2355443__sample_749,10.1063/1.2355443,https://doi.org/10.1063/1.2355443,,749,Ba8Ga6Ge40,unknown,n,14,0,0,0,0.17037395924776821,1.3226386051339654,1.1522646458861971,,,,,,,,,,,,,,unknown,no,no,not_evaluated,primary DOI test sample aggregate,sigma ML error propagated to ZT error; possible missing structure/additive feature,True
10.1063_1.2355443__sample_750,10.1063/1.2355443,https://doi.org/10.1063/1.2355443,,750,Ba8Ga12Ge34,unknown,n,14,0,0,0,0.19793695048919463,1.2255427793987737,1.027605828909579,,,,,,,,,,,,,,unknown,no,no,not_evaluated,primary DOI test sample aggregate,sigma ML error propagated to ZT error; possible missing structure/additive feature,True
10.1063_1.2936277__sample_3374,10.1063/1.2936277,https://doi.org/10.1063/1.2936277,,3374,Yb0.2Co4Sb13,unknown,n,21,9,0,0,0.07820763443043872,0.5979362518079891,0.5197286173775504,0.046492302414631474,0.4559943192826035,0.409502016867972,,,,,,,1.03855,,,,unknown,no,no,not_evaluated,primary DOI test sample aggregate,ML missed high ZT; possible missing structure/additive feature,True
10.1063_1.3093833__sample_46719,10.1063/1.3093833,https://doi.org/10.1063/1.3093833,,46719,(PbI2)0.00037(Ge)0.2(PbTe)0.8,unknown,n,13,13,10,10,0.335633286772533,1.172548673568454,0.836915386795921,0.2935192643209612,2.244832273427611,1.9513130091066497,0.31355076904469514,2.6182867724808006,2.3047360034361053,0.2699375720280121,2.6389623027113083,2.369024730683296,0.6770432,1.029987949570885,3.167786429236642,0.6694068278701979,unknown,no,no,ML_much_worse,primary DOI test sample aggregate,ML tau prediction much worse than fitting; sigma ML error propagated to ZT error; ML false high-ZT prediction; possible missing structure/additive feature,True
10.1063_1.3106102__sample_16672,10.1063/1.3106102,https://doi.org/10.1063/1.3106102,,16672,AgSbTe2,unknown,p,10,1,1,1,0.09349446748269163,0.7644596671913325,0.6709651997086409,0.24980078418967597,0.4147620192629776,0.16496123507330165,0.24785555328403444,0.4156729028387093,0.16781734955467484,0.24980078418971427,0.41476201926293566,0.16496123507322139,1.070998,0.5294711009650716,0.247932792095602,0.4236443981016899,unknown,no,no,ML_moderately_worse,primary DOI test sample aggregate,ML missed high ZT; possible missing structure/additive feature,True
10.1063_1.3120280__sample_18445,10.1063/1.3120280,https://doi.org/10.1063/1.3120280,,18445,Cr0.95V0.05N,unknown,n,32,0,0,0,0.4424475363173783,1.7085869294294065,1.2661393931120282,,,,,,,,,,,,,,unknown,no,no,not_evaluated,primary DOI test sample aggregate,sigma ML error propagated to ZT error; possible missing structure/additive feature,True
10.1063_1.3133145__sample_32535,10.1063/1.3133145,https://doi.org/10.1063/1.3133145,,32535,Bi74Te26,unknown,n,8,0,0,0,0.056141809179432116,1.2716829021007676,1.2155410929213355,,,,,,,,,,,,,,unknown,no,no,not_evaluated,primary DOI test sample aggregate,sigma ML error propagated to ZT error; possible missing structure/additive feature,True
10.1063_1.336088__sample_6971,10.1063/1.336088,https://doi.org/10.1063/1.336088,,6971,LaS1.48,unknown,n,11,0,0,0,0.28504276375333826,1.7413514693106844,1.4563087055573463,,,,,,,,,,,,,,unknown,no,no,not_evaluated,primary DOI test sample aggregate,sigma ML error propagated to ZT error; possible missing structure/additive feature,True
10.1063_1.336088__sample_6972,10.1063/1.336088,https://doi.org/10.1063/1.336088,,6972,LaS1.45,unknown,n,10,0,0,0,0.3786347361055075,1.0617774496883137,0.6831427135828061,,,,,,,,,,,,,,unknown,no,no,not_evaluated,primary DOI test sample aggregate,sigma ML error propagated to ZT error; possible missing structure/additive feature,True
10.1063_1.3409112__sample_46878,10.1063/1.3409112,https://doi.org/10.1063/1.3409112,,46878,NaCo2O4,unknown,p,91,0,0,0,0.47960585904047165,9.512852181580438,9.033246322539966,,,,,,,,,,,,,,unknown,no,no,not_evaluated,primary DOI test sample aggregate,sigma ML error propagated to ZT error; possible missing structure/additive feature,True
10.1063_1.3409112__sample_46879,10.1063/1.3409112,https://doi.org/10.1063/1.3409112,,46879,NaCo1.9Fe0.1O4,unknown,p,91,0,0,0,0.46534311875731704,8.094331779653615,7.628988660896298,,,,,,,,,,,,,,unknown,no,no,not_evaluated,primary DOI test sample aggregate,sigma ML error propagated to ZT error; possible missing structure/additive feature,True
10.1063_1.3409112__sample_46880,10.1063/1.3409112,https://doi.org/10.1063/1.3409112,,46880,NaCo1.6Fe0.4O4,unknown,p,91,0,0,0,0.3640770744541921,7.153030094749074,6.788953020294882,,,,,,,,,,,,,,unknown,no,no,not_evaluated,primary DOI test sample aggregate,sigma ML error propagated to ZT error; possible missing structure/additive feature,True
10.1063_1.3409112__sample_46881,10.1063/1.3409112,https://doi.org/10.1063/1.3409112,,46881,NaCo1.4Fe0.6O4,unknown,p,92,0,0,0,0.3803302753836451,6.916194439269925,6.53586416388628,,,,,,,,,,,,,,unknown,no,no,not_evaluated,primary DOI test sample aggregate,sigma ML error propagated to ZT error; possible missing structure/additive feature,True
10.1063_1.3488021__sample_13314,10.1063/1.3488021,https://doi.org/10.1063/1.3488021,,13314,Cu2.00Ge1.54Se2.94,unknown,p,21,0,0,0,0.1767148492620436,1.9722269724387331,1.7955121231766895,,,,,,,,,,,,,,unknown,no,no,not_evaluated,primary DOI test sample aggregate,sigma ML error propagated to ZT error; possible missing structure/additive feature,True
10.1063_1.3510585__sample_26345,10.1063/1.3510585,https://doi.org/10.1063/1.3510585,,26345,Sr5Nb5O17,unknown,n,23,0,0,0,0.4962014381250519,3.101803875171929,2.605602437046877,,,,,,,,,,,,,,unknown,no,no,not_evaluated,primary DOI test sample aggregate,sigma ML error propagated to ZT error; possible missing structure/additive feature,True
10.1063_1.3514145__sample_30212,10.1063/1.3514145,https://doi.org/10.1063/1.3514145,,30212,Er0.006(In0.52Al0.48As)0.5(In0.53Ga0.47As)0.5,unknown,p,16,0,0,0,0.3406634547304489,0.3420818871175558,0.001418432387106927,,,,,,,,,,1.332121,,,,unknown,no,no,not_evaluated,primary DOI test sample aggregate,ML missed high ZT; possible missing structure/additive feature,True
10.1063_1.3544479__sample_16812,10.1063/1.3544479,https://doi.org/10.1063/1.3544479,,16812,(Zn0.9975Bi0.0025)4Sb3,unknown,p,48,0,0,0,0.2209888627759156,1.0822118095752826,0.8612229467993671,,,,,,,,,,,,,,unknown,no,no,not_evaluated,primary DOI test sample aggregate,sigma ML error propagated to ZT error; possible missing structure/additive feature,True
10.1063_1.3544479__sample_16813,10.1063/1.3544479,https://doi.org/10.1063/1.3544479,,16813,(Zn0.995Bi0.005)4Sb3,unknown,p,46,0,0,0,0.3475083646630476,1.1481600600399187,0.8006516953768711,,,,,,,,,,,,,,unknown,no,no,not_evaluated,primary DOI test sample aggregate,sigma ML error propagated to ZT error; possible missing structure/additive feature,True
10.1063_1.3544479__sample_16816,10.1063/1.3544479,https://doi.org/10.1063/1.3544479,,16816,(Zn0.99Bi0.01)4Sb3,unknown,p,47,0,0,0,0.293996427059687,1.4374117994081288,1.143415372348442,,,,,,,,,,,,,,unknown,no,no,not_evaluated,primary DOI test sample aggregate,sigma ML error propagated to ZT error; possible missing structure/additive feature,True
10.1063_1.3548867__sample_12176,10.1063/1.3548867,https://doi.org/10.1063/1.3548867,,12176,(Zr0.5Hf0.5)0.95Nb0.05NiSn,unknown,n,29,0,0,0,0.06904578792528615,1.1033302891407268,1.0342845012154407,,,,,,,,,,,,,,unknown,no,no,not_evaluated,primary DOI test sample aggregate,sigma ML error propagated to ZT error; possible missing structure/additive feature,True
10.1063_1.3553842__sample_5381,10.1063/1.3553842,https://doi.org/10.1063/1.3553842,,5381,CaFe4Sb12,unknown,p,21,8,3,6,0.08273897814648568,2.085240200337147,2.0025012221906615,0.0948977113351301,0.8732661725802813,0.7783684612451511,0.12625450790191747,0.8610617576686549,0.7348072497667374,0.09109265565715154,0.872378658435165,0.7812860027780135,0.5852111,0.5912560144900307,0.0736004421584939,0.5979287371823708,unknown,no,no,ML_much_worse,primary DOI test sample aggregate,ML tau prediction much worse than fitting; sigma ML error propagated to ZT error; possible missing structure/additive feature,True
10.1063_1.3553842__sample_5382,10.1063/1.3553842,https://doi.org/10.1063/1.3553842,,5382,SrFe4Sb12,unknown,p,21,6,4,4,0.08189490199453768,2.002331134308713,1.9204362323141753,0.09932975982402452,0.8597211325048209,0.7603913726807964,0.14166035429634402,0.8533669534443973,0.7117065991480532,0.10348416232561027,0.8579075503923904,0.7544233880667801,0.4910492,0.3278117051516579,0.0443354100750237,0.3665702195425248,unknown,no,no,ML_much_worse,primary DOI test sample aggregate,ML tau prediction much worse than fitting; sigma ML error propagated to ZT error; possible missing structure/additive feature,True
10.1063_1.3553842__sample_5383,10.1063/1.3553842,https://doi.org/10.1063/1.3553842,,5383,BaFe4Sb12,unknown,p,21,6,3,4,0.07981920624164837,1.932718494890766,1.8528992886491178,0.09080507545353185,0.8528199817241795,0.7620149062706476,0.049246268779659506,0.8621473303352613,0.8129010615556017,0.05679128425838427,0.863241305033703,0.8064500207753187,0.4809142,0.4337059906426115,0.0628843481717751,0.4654028250412733,unknown,no,no,ML_much_worse,primary DOI test sample aggregate,ML tau prediction much worse than fitting; sigma ML error propagated to ZT error; possible missing structure/additive feature,True
10.1063_1.3553842__sample_5384,10.1063/1.3553842,https://doi.org/10.1063/1.3553842,,5384,LaFe4Sb12,unknown,p,20,4,1,2,0.06998264404437908,1.2524598361883665,1.1824771921439874,0.04389950895315754,0.7171848132303722,0.6732853042772147,0.09625444840309032,0.7412028049604582,0.6449483565573679,0.05628074079744103,0.7297559066765406,0.6734751658790995,0.7082674,0.64078423111039,0.1834954112293143,0.6495768272661847,unknown,no,no,ML_much_worse,primary DOI test sample aggregate,ML tau prediction much worse than fitting; sigma ML error propagated to ZT error; possible missing structure/additive feature,True
10.1063_1.3553842__sample_5385,10.1063/1.3553842,https://doi.org/10.1063/1.3553842,,5385,CeFe4Sb12,unknown,p,21,5,1,3,0.08957188559637208,1.2452903698598612,1.155718484263489,0.11311191008601766,0.6932334582942332,0.5801215482082156,0.3489212645011264,0.6104486537938628,0.2615273892927364,0.15862037618888536,0.6768503666139893,0.518229990425104,0.750617,0.9224338659448166,0.2663871967337015,0.819785813954288,unknown,no,no,ML_moderately_worse,primary DOI test sample aggregate,sigma ML error propagated to ZT error; possible missing structure/additive feature,True
10.1063_1.3553842__sample_5386,10.1063/1.3553842,https://doi.org/10.1063/1.3553842,,5386,PrFe4Sb12,unknown,p,21,6,1,5,0.0709249117789876,1.2519963522441864,1.1810714404651987,0.10239412296798894,0.7051722250531846,0.6027781020851957,0.14922968295350666,0.7562467640837877,0.607017081130281,0.10845954027446796,0.6993788736656746,0.5909193333912067,0.8275137,0.7040240929093168,0.2017091421399978,0.6122458616202315,unknown,no,no,ML_much_worse,primary DOI test sample aggregate,ML tau prediction much worse than fitting; sigma ML error propagated to ZT error; possible missing structure/additive feature,True
10.1063_1.3553842__sample_5387,10.1063/1.3553842,https://doi.org/10.1063/1.3553842,,5387,NdFe4Sb12,unknown,p,21,7,1,4,0.07604279661083946,1.2490980938918288,1.1730552972809893,0.04643507059983313,0.7214744779994718,0.6750394073996387,0.01628081461996173,0.7172511060593889,0.7009702914394271,0.0340376606085049,0.7179552816747916,0.6839176210662867,0.5378562,0.8857819459564099,0.2545989436964979,0.87054213467369,unknown,no,no,ML_much_worse,primary DOI test sample aggregate,ML tau prediction much worse than fitting; sigma ML error propagated to ZT error; possible missing structure/additive feature,True
10.1063_1.3553842__sample_5388,10.1063/1.3553842,https://doi.org/10.1063/1.3553842,,5388,EuFe4Sb12,unknown,p,21,11,5,9,0.07903698740331555,1.4986890852711328,1.419652097867817,0.07297527146242387,0.772331940602604,0.6993566691401801,0.48656401169422575,0.6671742191127658,0.18061020741854,0.08381095053058359,0.7712605971444254,0.6874496466138418,0.5702783,0.7716197012828271,0.1727573973318118,0.7507679256434662,unknown,no,no,ML_moderately_worse,primary DOI test sample aggregate,sigma ML error propagated to ZT error; possible missing structure/additive feature,True
10.1063_1.3553842__sample_5389,10.1063/1.3553842,https://doi.org/10.1063/1.3553842,,5389,YbFe4Sb12,unknown,p,21,7,2,5,0.08606328493323419,1.6484515971834095,1.5623883122501754,0.05406646593607254,0.8077211175996755,0.7536546516636029,0.03831487374600835,0.8105461830961178,0.7722313093501094,0.05760134040012845,0.8114094615818388,0.7538081211817104,0.5890875,0.5476017278660622,0.1055668925599208,0.5917833035776655,unknown,no,no,ML_much_worse,primary DOI test sample aggregate,ML tau prediction much worse than fitting; sigma ML error propagated to ZT error; possible missing structure/additive feature,True
10.1063_1.3607976__sample_13609,10.1063/1.3607976,https://doi.org/10.1063/1.3607976,,13609,Ca5Al1.98Zn0.02Sb6,unknown,p,45,0,0,0,0.4203800530361705,2.2950201868618745,1.874640133825704,,,,,,,,,,,,,,unknown,no,no,not_evaluated,primary DOI test sample aggregate,sigma ML error propagated to ZT error; possible missing structure/additive feature,True
10.1063_1.3607976__sample_13610,10.1063/1.3607976,https://doi.org/10.1063/1.3607976,,13610,Ca5Al1.95Zn0.05Sb6,unknown,p,19,0,0,0,0.2123328733438327,1.997213478164916,1.7848806048210832,,,,,,,,,,,,,,unknown,no,no,not_evaluated,primary DOI test sample aggregate,sigma ML error propagated to ZT error; possible missing structure/additive feature,True
10.1063_1.3607976__sample_13611,10.1063/1.3607976,https://doi.org/10.1063/1.3607976,,13611,Ca5Al1.9Zn0.1Sb6,unknown,p,46,0,0,0,0.37671246542469183,1.4934852880143858,1.116772822589694,,,,,,,,,,,,,,unknown,no,no,not_evaluated,primary DOI test sample aggregate,sigma ML error propagated to ZT error; possible missing structure/additive feature,True
10.1063_1.3621834__sample_6644,10.1063/1.3621834,https://doi.org/10.1063/1.3621834,,6644,Cu0.02TiS2,unknown,n,22,0,0,0,0.4820092974314333,1.0274772003056063,0.545467902874173,,,,,,,,,,,,,,unknown,no,no,not_evaluated,primary DOI test sample aggregate,sigma ML error propagated to ZT error; possible missing structure/additive feature,True
10.1063_1.3621834__sample_6645,10.1063/1.3621834,https://doi.org/10.1063/1.3621834,,6645,Cu0.05TiS2,unknown,n,22,0,0,0,0.5066085105139387,1.415109625983597,0.9085011154696582,,,,,,,,,,,,,,unknown,no,no,not_evaluated,primary DOI test sample aggregate,sigma ML error propagated to ZT error; possible missing structure/additive feature,True
10.1063_1.3621834__sample_6646,10.1063/1.3621834,https://doi.org/10.1063/1.3621834,,6646,Cu0.1TiS2,unknown,n,22,0,0,0,0.5088837164368296,2.1079224652018103,1.5990387487649806,,,,,,,,,,,,,,unknown,no,no,not_evaluated,primary DOI test sample aggregate,sigma ML error propagated to ZT error; possible missing structure/additive feature,True
10.1063_1.3624748__sample_17937,10.1063/1.3624748,https://doi.org/10.1063/1.3624748,,17937,CeCu4Al,unknown,p,38,0,0,0,0.1595959733505125,2.5194001496694107,2.359804176318898,,,,,,,,,,,,,,unknown,no,no,not_evaluated,primary DOI test sample aggregate,sigma ML error propagated to ZT error; possible missing structure/additive feature,True
10.1063_1.3624748__sample_17938,10.1063/1.3624748,https://doi.org/10.1063/1.3624748,,17938,LaCu4Al,unknown,p,36,0,0,0,0.13384294702535723,3.2821242757316624,3.148281328706305,,,,,,,,,,,,,,unknown,no,no,not_evaluated,primary DOI test sample aggregate,sigma ML error propagated to ZT error; possible missing structure/additive feature,True
10.1063_1.3643051__sample_1446,10.1063/1.3643051,https://doi.org/10.1063/1.3643051,,1446,Bi0.4Sb1.6Te3,unknown,p,8,8,0,0,0.08882494509421607,9.589921253048937,9.50109630795472,0.0840478748798175,14667.412159455615,14667.328111580735,,,,,,,0.9840547,,,,unknown,no,no,not_evaluated,primary DOI test sample aggregate,sigma ML error propagated to ZT error; possible missing structure/additive feature,True
10.1063_1.3643051__sample_1447,10.1063/1.3643051,https://doi.org/10.1063/1.3643051,,1447,Bi0.4Sb1.6Te3,unknown,p,8,8,1,1,0.09105459319976225,9.276751174851935,9.185696581652172,0.08567833761564549,10725.124985290366,10725.03930695275,0.9998897555268075,0.1776184341938591,-0.8222713213329484,0.10504209923885131,11802.929112624404,11802.824070525165,1.025057,7.207326142767771e-05,0.769878061110926,6.522218608442293e-05,unknown,no,no,ML_better_than_fitting,primary DOI test sample aggregate,sigma ML error propagated to ZT error; ML missed high ZT; possible missing structure/additive feature,True
10.1063_1.3643051__sample_1448,10.1063/1.3643051,https://doi.org/10.1063/1.3643051,,1448,Bi2Te2.1Se0.9,unknown,p,8,8,1,1,0.04840533963632532,9.8446585179601,9.796253178323775,0.03785068138973592,18876.42816568588,18876.39031500449,0.9999080515795438,0.7336980520713068,-0.266209999508237,0.06429384159029654,17641.847327859316,17641.783034017724,0.4897494,4.503168374935712e-05,0.8490775807830913,4.812588155440971e-05,unknown,no,no,ML_better_than_fitting,primary DOI test sample aggregate,sigma ML error propagated to ZT error; possible missing structure/additive feature,True
10.1063_1.3643051__sample_1449,10.1063/1.3643051,https://doi.org/10.1063/1.3643051,,1449,Bi2Te2.1Se0.9,unknown,p,8,8,0,0,0.03619875116640959,9.324422968276478,9.288224217110068,0.030889124778352192,11214.085587157786,11214.054698033007,,,,,,,0.5512528,,,,unknown,no,no,not_evaluated,primary DOI test sample aggregate,sigma ML error propagated to ZT error; possible missing structure/additive feature,True
10.1063_1.3651484__sample_16623,10.1063/1.3651484,https://doi.org/10.1063/1.3651484,,16623,NiZr0.5Hf0.5Sn,unknown,n,39,27,3,11,0.2510803077037607,0.46405825486884666,0.21297794716508595,0.20644127456757547,0.51319676988469,0.30675549531711455,10.269724983968823,15.649620988831652,5.379896004862829,0.19988729566237876,0.4843895851150274,0.28450228945264866,0.04179104,0.4554420789411528,0.6728591875598088,0.4277209662002427,unknown,no,no,ML_much_worse,primary DOI test sample aggregate,ML tau prediction much worse than fitting; possible missing structure/additive feature,True
10.1063_1.3651484__sample_16625,10.1063/1.3651484,https://doi.org/10.1063/1.3651484,,16625,NiZr0.5Hf0.5Sn,unknown,n,37,20,3,11,0.25853965417272,1.195609061232964,0.9370694070602439,0.21362341693760292,0.6943729096339484,0.4807494926963455,6.117158844179106,1.6631563962862639,-4.454002447892842,0.22721381931785214,0.7027018866819362,0.4754880673640841,0.1380597,1.0938521333773037,0.3404062749617595,0.8715545516100048,unknown,no,no,ML_better_than_fitting,primary DOI test sample aggregate,sigma ML error propagated to ZT error; possible missing structure/additive feature,True
10.1063_1.3653828__sample_19090,10.1063/1.3653828,https://doi.org/10.1063/1.3653828,,19090,ZnC1.2Fe3,unknown,p,62,0,0,0,0.45636109624014115,2.0902301624006685,1.6338690661605273,,,,,,,,,,,,,,unknown,no,no,not_evaluated,primary DOI test sample aggregate,sigma ML error propagated to ZT error; possible missing structure/additive feature,True
10.1063_1.3679561__sample_25015,10.1063/1.3679561,https://doi.org/10.1063/1.3679561,,25015,Nd0.95Ca0.05CoO3,unknown,p,10,0,0,0,0.28484607715223054,2.3235742037819147,2.0387281266296844,,,,,,,,,,,,,,unknown,no,no,not_evaluated,primary DOI test sample aggregate,sigma ML error propagated to ZT error; possible missing structure/additive feature,True
10.1063_1.3682585__sample_830,10.1063/1.3682585,https://doi.org/10.1063/1.3682585,,830,Ba8Au4.10Si41.90,unknown,n,17,0,0,0,0.07061120319144812,1.4241725236235552,1.353561320432107,,,,,,,,,,,,,,unknown,no,no,not_evaluated,primary DOI test sample aggregate,sigma ML error propagated to ZT error; possible missing structure/additive feature,True
10.1063_1.3682585__sample_835,10.1063/1.3682585,https://doi.org/10.1063/1.3682585,,835,Ba8Au6.10Si39.90,unknown,p,16,0,0,0,0.0842182900365442,1.4398872345323033,1.355668944495759,,,,,,,,,,,,,,unknown,no,no,not_evaluated,primary DOI test sample aggregate,sigma ML error propagated to ZT error; possible missing structure/additive feature,True
10.1063_1.4790190__sample_16101,10.1063/1.4790190,https://doi.org/10.1063/1.4790190,,16101,C,unknown,n,6,6,6,6,0.08230988149919485,7.856242267697456,7.773932386198261,0.0763696596081887,0.9996111722223366,0.923241512614148,0.07490207986204168,0.9996096359173193,0.9247075560552777,0.07636965960819381,0.9996111722223368,0.9232415126141429,0.001486722,0.0016486551762514,6.388434252626805e-07,0.0014894951371664,unknown,no,no,ML_much_worse,primary DOI test sample aggregate,ML tau prediction much worse than fitting; sigma ML error propagated to ZT error; possible missing structure/additive feature,True
10.1063_1.4809677__sample_12829,10.1063/1.4809677,https://doi.org/10.1063/1.4809677,,12829,(SrTiO3)0.005In0.54Se0.46,unknown,n,7,7,7,7,0.36411539292427403,1.603934419905554,1.23981902698128,0.29830100504872625,4.0647047969365735,3.7664037918878472,0.27898555341716774,3.8888754220216244,3.6098898686044567,0.29830100504871776,4.064704796937166,3.766403791888448,0.2033228,0.1061778908773898,0.5063226093963104,0.2014164357089864,unknown,no,no,ML_much_worse,primary DOI test sample aggregate,ML tau prediction much worse than fitting; sigma ML error propagated to ZT error; possible missing structure/additive feature,True
10.1063_1.4817576__sample_21554,10.1063/1.4817576,https://doi.org/10.1063/1.4817576,,21554,Sr0.83Ca0.1Si2,unknown,p,36,0,0,0,0.1951710436350468,1.6226973346013682,1.4275262909663213,,,,,,,,,,,,,,unknown,no,no,not_evaluated,primary DOI test sample aggregate,sigma ML error propagated to ZT error; possible missing structure/additive feature,True
10.1063_1.4817576__sample_21555,10.1063/1.4817576,https://doi.org/10.1063/1.4817576,,21555,Sr0.77Ca0.1Si2,unknown,p,36,0,0,0,0.1558448829842276,1.0288838360766894,0.8730389530924618,,,,,,,,,,,,,,unknown,no,no,not_evaluated,primary DOI test sample aggregate,sigma ML error propagated to ZT error; possible missing structure/additive feature,True
10.1063_1.4817576__sample_21556,10.1063/1.4817576,https://doi.org/10.1063/1.4817576,,21556,Sr0.7Ca0.1Si2,unknown,p,36,0,0,0,0.17784423829319618,1.5834112660519306,1.4055670277587344,,,,,,,,,,,,,,unknown,no,no,not_evaluated,primary DOI test sample aggregate,sigma ML error propagated to ZT error; possible missing structure/additive feature,True
10.1063_1.4821798__sample_14958,10.1063/1.4821798,https://doi.org/10.1063/1.4821798,,14958,Cu0.005TiSe2,unknown,p,30,0,0,0,0.10515052757030062,1.0396974025626413,0.9345468749923407,,,,,,,,,,,,,,unknown,no,no,not_evaluated,primary DOI test sample aggregate,sigma ML error propagated to ZT error; possible missing structure/additive feature,True
10.1063_1.4821798__sample_14959,10.1063/1.4821798,https://doi.org/10.1063/1.4821798,,14959,Cu0.02TiSe2,unknown,n,30,0,0,0,0.24273221477193604,1.0434989699233874,0.8007667551514513,,,,,,,,,,,,,,unknown,no,no,not_evaluated,primary DOI test sample aggregate,sigma ML error propagated to ZT error; possible missing structure/additive feature,True
10.1063_1.4821798__sample_14960,10.1063/1.4821798,https://doi.org/10.1063/1.4821798,,14960,Cu0.04TiSe2,unknown,n,30,0,0,0,0.17504653700680586,1.3149931952129272,1.1399466582061213,,,,,,,,,,,,,,unknown,no,no,not_evaluated,primary DOI test sample aggregate,sigma ML error propagated to ZT error; possible missing structure/additive feature,True
10.1063_1.4821798__sample_14961,10.1063/1.4821798,https://doi.org/10.1063/1.4821798,,14961,Cu0.06TiSe2,unknown,n,30,0,0,0,0.28165572872487593,1.6581652311418607,1.3765095024169847,,,,,,,,,,,,,,unknown,no,no,not_evaluated,primary DOI test sample aggregate,sigma ML error propagated to ZT error; possible missing structure/additive feature,True
10.1063_1.4821798__sample_14962,10.1063/1.4821798,https://doi.org/10.1063/1.4821798,,14962,Cu0.08TiSe2,unknown,n,30,0,0,0,0.34423483711142916,1.870271629665189,1.5260367925537597,,,,,,,,,,,,,,unknown,no,no,not_evaluated,primary DOI test sample aggregate,sigma ML error propagated to ZT error; possible missing structure/additive feature,True
10.1063_1.4821798__sample_14963,10.1063/1.4821798,https://doi.org/10.1063/1.4821798,,14963,Cu0.11TiSe2,unknown,n,30,0,0,0,0.322001139514918,1.8793111389586887,1.5573099994437707,,,,,,,,,,,,,,unknown,no,no,not_evaluated,primary DOI test sample aggregate,sigma ML error propagated to ZT error; possible missing structure/additive feature,True
10.1063_1.4869573__sample_13354,10.1063/1.4869573,https://doi.org/10.1063/1.4869573,,13354,Zr3Ni2.5Cu0.5Sb4,unknown,n,12,0,0,0,0.11540517091241696,1.5337563852741873,1.4183512143617705,,,,,,,,,,,,,,unknown,no,no,not_evaluated,primary DOI test sample aggregate,sigma ML error propagated to ZT error; possible missing structure/additive feature,True
10.1063_1.4869573__sample_13355,10.1063/1.4869573,https://doi.org/10.1063/1.4869573,,13355,Zr3Ni2.7Cu0.3Sb4,unknown,n,12,0,0,0,0.09593702695226539,1.214200744087966,1.1182637171357006,,,,,,,,,,,,,,unknown,no,no,not_evaluated,primary DOI test sample aggregate,sigma ML error propagated to ZT error; possible missing structure/additive feature,True
10.1063_1.4887504__sample_24346,10.1063/1.4887504,https://doi.org/10.1063/1.4887504,,24346,"Sb2Te3/poly(3,4-ethylenedioxythiophene)",unknown,p,10,7,7,7,0.1155856228405885,1.2915324764425975,1.175946853602009,0.09638780012669644,2.7354787412649797,2.6390909411382832,0.10422070869223321,2.9670245132636,2.862803804571367,0.09638780012668516,2.7354787412646244,2.639090941137939,1.147905,1.2316903728898227,4.458165804807266,1.2662466909070835,unknown,no,no,ML_much_worse,primary DOI test sample aggregate,ML tau prediction much worse than fitting; sigma ML error propagated to ZT error; possible missing structure/additive feature,True
10.1063_1.4887504__sample_24347,10.1063/1.4887504,https://doi.org/10.1063/1.4887504,,24347,Sb2Te3,unknown,p,10,3,3,3,0.10959289108532616,0.866540402760047,0.7569475116747209,0.11658873606785096,1.6375765701169787,1.5209878340491276,0.10620884603388007,1.6130574666458948,1.5068486206120146,0.11658873606779015,1.637576570116562,1.520987834048772,0.5978364,0.2513642326558749,0.59376598491695,0.2490862024625706,unknown,no,no,ML_much_worse,primary DOI test sample aggregate,ML tau prediction much worse than fitting; possible missing structure/additive feature,True
10.1063_1.4889822__sample_852,10.1063/1.4889822,https://doi.org/10.1063/1.4889822,,852,K8Ba16Ga40Sn96,unknown,n,29,9,0,0,0.11031961602193968,1.598151954200238,1.4878323381782983,0.09339800498327695,0.7965465474035304,0.7031485424202534,,,,,,,0.9387271,,,,unknown,no,no,not_evaluated,primary DOI test sample aggregate,sigma ML error propagated to ZT error; possible missing structure/additive feature,True
10.1063_1.4900953__sample_7027,10.1063/1.4900953,https://doi.org/10.1063/1.4900953,,7027,LaOBiS2,unknown,n,20,0,0,0,0.23662616923254076,2.6702864875166834,2.4336603182841428,,,,,,,,,,,,,,unknown,no,no,not_evaluated,primary DOI test sample aggregate,sigma ML error propagated to ZT error; possible missing structure/additive feature,True
10.1063_1.4900953__sample_7028,10.1063/1.4900953,https://doi.org/10.1063/1.4900953,,7028,LaOBiS1.8Se0.2,unknown,n,20,0,0,0,0.37098084114366214,1.6380535644224343,1.2670727232787722,,,,,,,,,,,,,,unknown,no,no,not_evaluated,primary DOI test sample aggregate,sigma ML error propagated to ZT error; possible missing structure/additive feature,True
10.1063_1.4916238__sample_5419,10.1063/1.4916238,https://doi.org/10.1063/1.4916238,,5419,Yb0.15Co4Sb12,unknown,n,20,6,3,3,0.3459573562667952,2.269801846410421,1.9238444901436258,0.4230550605614971,10.982072230561469,10.559017169999972,0.7875982772580055,14.347086961316329,13.559488684058323,0.4713324335006963,11.423168632232326,10.951836198731629,0.4686347,0.35677835977862,3.362354336656735,0.4631505574698039,unknown,no,no,ML_much_worse,primary DOI test sample aggregate,ML tau prediction much worse than fitting; sigma ML error propagated to ZT error; ML false high-ZT prediction; possible missing structure/additive feature,True
10.1063_1.4916238__sample_5420,10.1063/1.4916238,https://doi.org/10.1063/1.4916238,,5420,Yb0.15Co4Sb12,unknown,n,20,7,4,5,0.3455383180578534,1.5730657518557816,1.227527433797928,0.34974409719339683,4.4752956477306025,4.125551550537206,0.41946164210785114,5.172225149447491,4.7527635073396395,0.38844302674690756,4.871707414668329,4.483264387921421,0.3357934,0.2046669320842514,0.9495898856771732,0.2500241422944964,unknown,no,no,ML_much_worse,primary DOI test sample aggregate,ML tau prediction much worse than fitting; sigma ML error propagated to ZT error; possible missing structure/additive feature,True
10.1063_1.4916238__sample_5421,10.1063/1.4916238,https://doi.org/10.1063/1.4916238,,5421,Yb0.15Co4Sb12,unknown,n,20,10,2,5,0.3414091526899163,1.6482647054607948,1.3068555527708785,0.31373082241671735,4.501587420405045,4.187856597988327,0.7312329039445538,6.435058662991168,5.703825759046614,0.4424836110245874,5.419657284254105,4.977173673229517,0.3302583,0.2480916254237933,1.2442855198790117,0.3280730083325042,unknown,no,no,ML_much_worse,primary DOI test sample aggregate,ML tau prediction much worse than fitting; sigma ML error propagated to ZT error; ML false high-ZT prediction; possible missing structure/additive feature,True
10.1063_1.4916528__sample_7037,10.1063/1.4916528,https://doi.org/10.1063/1.4916528,,7037,Bi2S3,unknown,n,13,0,0,0,0.20340005351535642,3.0144907311914193,2.811090677676063,,,,,,,,,,,,,,unknown,no,no,not_evaluated,primary DOI test sample aggregate,sigma ML error propagated to ZT error; possible missing structure/additive feature,True
10.1063_1.4916786__sample_47072,10.1063/1.4916786,https://doi.org/10.1063/1.4916786,,47072,YbCu1Si2,unknown,n,28,0,0,0,0.0957643312615253,2.6573527039442673,2.561588372682742,,,,,,,,,,,,,,unknown,no,no,not_evaluated,primary DOI test sample aggregate,sigma ML error propagated to ZT error; possible missing structure/additive feature,True
10.1063_1.4916786__sample_47073,10.1063/1.4916786,https://doi.org/10.1063/1.4916786,,47073,YbCu2Si1.75Ge0.25,unknown,n,25,0,0,0,0.119887176122767,2.5637828327010803,2.4438956565783134,,,,,,,,,,,,,,unknown,no,no,not_evaluated,primary DOI test sample aggregate,sigma ML error propagated to ZT error; possible missing structure/additive feature,True
10.1063_1.4916786__sample_47074,10.1063/1.4916786,https://doi.org/10.1063/1.4916786,,47074,YbCu2Si1.50Ge0.50,unknown,n,28,0,0,0,0.12242333729216279,2.5987375343261094,2.476314197033947,,,,,,,,,,,,,,unknown,no,no,not_evaluated,primary DOI test sample aggregate,sigma ML error propagated to ZT error; possible missing structure/additive feature,True
10.1063_1.4916786__sample_47075,10.1063/1.4916786,https://doi.org/10.1063/1.4916786,,47075,YbCu2Si1.25Ge0.75,unknown,n,28,0,0,0,0.1505927227006173,2.7753145413903604,2.624721818689743,,,,,,,,,,,,,,unknown,no,no,not_evaluated,primary DOI test sample aggregate,sigma ML error propagated to ZT error; possible missing structure/additive feature,True
10.1063_1.4916786__sample_47076,10.1063/1.4916786,https://doi.org/10.1063/1.4916786,,47076,YbCu2SiGe,unknown,n,28,0,0,0,0.18742847688301245,3.170916855038658,2.983488378155646,,,,,,,,,,,,,,unknown,no,no,not_evaluated,primary DOI test sample aggregate,sigma ML error propagated to ZT error; possible missing structure/additive feature,True
10.1063_1.4916786__sample_47077,10.1063/1.4916786,https://doi.org/10.1063/1.4916786,,47077,YbCu2Si0.75Ge1.25,unknown,n,28,0,0,0,0.23928783307654306,3.2051116135184423,2.9658237804418994,,,,,,,,,,,,,,unknown,no,no,not_evaluated,primary DOI test sample aggregate,sigma ML error propagated to ZT error; possible missing structure/additive feature,True
10.1063_1.4916786__sample_47078,10.1063/1.4916786,https://doi.org/10.1063/1.4916786,,47078,YbCu2Si0.50Ge1.50,unknown,n,28,0,0,0,0.28895355378687154,3.6094123747364315,3.32045882094956,,,,,,,,,,,,,,unknown,no,no,not_evaluated,primary DOI test sample aggregate,sigma ML error propagated to ZT error; possible missing structure/additive feature,True
10.1063_1.4916786__sample_47079,10.1063/1.4916786,https://doi.org/10.1063/1.4916786,,47079,YbCu2Si0.25Ge1.75,unknown,n,28,0,0,0,0.2666408504457831,3.881780196923989,3.6151393464782062,,,,,,,,,,,,,,unknown,no,no,not_evaluated,primary DOI test sample aggregate,sigma ML error propagated to ZT error; possible missing structure/additive feature,True
10.1063_1.4916786__sample_47080,10.1063/1.4916786,https://doi.org/10.1063/1.4916786,,47080,YbCu2Ge2,unknown,n,28,0,0,0,0.25302483067105835,4.177802798312535,3.9247779676414765,,,,,,,,,,,,,,unknown,no,no,not_evaluated,primary DOI test sample aggregate,sigma ML error propagated to ZT error; possible missing structure/additive feature,True
10.1063_1.4928168__sample_13017,10.1063/1.4928168,https://doi.org/10.1063/1.4928168,,13017,Zr2HfNi2.7Cu0.3Sb4,unknown,n,12,0,0,0,0.20276009164166206,1.09150682637755,0.8887467347358879,,,,,,,,,,,,,,unknown,no,no,not_evaluated,primary DOI test sample aggregate,sigma ML error propagated to ZT error; possible missing structure/additive feature,True
10.1063_1.4928168__sample_13019,10.1063/1.4928168,https://doi.org/10.1063/1.4928168,,13019,Hf3Ni2.7Cu0.3Sb4,unknown,n,12,0,0,0,0.1389493055001874,1.2548281533919718,1.1158788478917845,,,,,,,,,,,,,,unknown,no,no,not_evaluated,primary DOI test sample aggregate,sigma ML error propagated to ZT error; possible missing structure/additive feature,True
10.1063_1.4942890__sample_9344,10.1063/1.4942890,https://doi.org/10.1063/1.4942890,,9344,(SnSe0.95)0.999(BiCl3)0.001,unknown,n,15,15,14,15,0.3769587053444997,3.5837973617678767,3.206838656423377,0.34284723854101506,37.095464050312216,36.752616811771205,0.29283987967368963,34.84601146857127,34.55317158889758,0.3428472385410798,37.09546405031073,36.75261681176965,0.594854,0.5506041893199071,19.436992925619663,0.5944321030818867,unknown,no,no,ML_much_worse,primary DOI test sample aggregate,ML tau prediction much worse than fitting; sigma ML error propagated to ZT error; ML false high-ZT prediction; possible missing structure/additive feature,True
10.1063_1.4942890__sample_9345,10.1063/1.4942890,https://doi.org/10.1063/1.4942890,,9345,(SnSe0.95)0.998(BiCl3)0.002,unknown,n,15,15,15,15,0.40161466224288755,3.42340566548628,3.0217910032433926,0.37435497813545804,31.64656948594337,31.272214507807913,0.36851241108232474,31.317214311225438,30.948701900143114,0.37435497813541374,31.646569485939715,31.2722145078043,0.6104312,0.5401018578653676,16.17988708658252,0.5987778855936262,unknown,no,no,ML_much_worse,primary DOI test sample aggregate,ML tau prediction much worse than fitting; sigma ML error propagated to ZT error; ML false high-ZT prediction; possible missing structure/additive feature,True
10.1063_1.4942890__sample_9346,10.1063/1.4942890,https://doi.org/10.1063/1.4942890,,9346,(SnSe0.95)0.994(BiCl3)0.006,unknown,n,15,13,13,13,0.3686279097564553,3.3669488311340747,2.998320921377619,0.3356965408346888,31.39770970300142,31.062013162166732,0.3812547743797988,32.61486794710813,32.23361317272833,0.33569654083485123,31.39770970299767,31.062013162162817,0.6318498,0.5544306862184978,15.750861061749562,0.6282140905882563,unknown,no,no,ML_much_worse,primary DOI test sample aggregate,ML tau prediction much worse than fitting; sigma ML error propagated to ZT error; ML false high-ZT prediction; possible missing structure/additive feature,True
10.1063_1.4942890__sample_9347,10.1063/1.4942890,https://doi.org/10.1063/1.4942890,,9347,(SnSe0.95)0.9986(BiCl3)0.004,unknown,n,15,14,14,14,0.31239567384265543,3.117023449679148,2.8046277758364924,0.27702467393697205,22.91772312636937,22.6406984524324,0.31587084176669006,23.885632796057727,23.56976195429104,0.27702467393696256,22.917723126365246,22.640698452428282,0.6795549,0.6519118031268386,14.490357318027456,0.6613137815375607,unknown,no,no,ML_much_worse,primary DOI test sample aggregate,ML tau prediction much worse than fitting; sigma ML error propagated to ZT error; ML false high-ZT prediction; possible missing structure/additive feature,True
10.1063_1.4960573__sample_2579,10.1063/1.4960573,https://doi.org/10.1063/1.4960573,,2579,Pb0.995Ti0.005Te,unknown,n,43,0,0,0,0.5060697446284393,1.6849852390509943,1.1789154944225548,,,,,,,,,,,,,,unknown,no,no,not_evaluated,primary DOI test sample aggregate,sigma ML error propagated to ZT error; possible missing structure/additive feature,True
10.1063_1.4960573__sample_2580,10.1063/1.4960573,https://doi.org/10.1063/1.4960573,,2580,Pb0.997Ti0.003Te,unknown,n,39,0,0,0,0.4256924226333884,1.2375668929138537,0.8118744702804652,,,,,,,,,,,,,,unknown,no,no,not_evaluated,primary DOI test sample aggregate,sigma ML error propagated to ZT error; possible missing structure/additive feature,True
10.1063_1.4960573__sample_2581,10.1063/1.4960573,https://doi.org/10.1063/1.4960573,,2581,Pb0.99Ti0.01Te,unknown,n,52,0,0,0,0.4229194230106114,1.551138275837503,1.1282188528268915,,,,,,,,,,,,,,unknown,no,no,not_evaluated,primary DOI test sample aggregate,sigma ML error propagated to ZT error; possible missing structure/additive feature,True
10.1063_1.4960573__sample_2582,10.1063/1.4960573,https://doi.org/10.1063/1.4960573,,2582,Pb0.97Ti0.03Te,unknown,n,51,0,0,0,0.4717488508733873,1.2831408425768027,0.8113919917034154,,,,,,,,,,,,,,unknown,no,no,not_evaluated,primary DOI test sample aggregate,sigma ML error propagated to ZT error; possible missing structure/additive feature,True
10.1063_1.4960573__sample_2583,10.1063/1.4960573,https://doi.org/10.1063/1.4960573,,2583,Pb0.98Ti0.02Te,unknown,n,51,0,0,0,0.42525095374818417,1.4560565687835347,1.0308056150353506,,,,,,,,,,,,,,unknown,no,no,not_evaluated,primary DOI test sample aggregate,sigma ML error propagated to ZT error; possible missing structure/additive feature,True
10.1063_1.4984914__sample_49638,10.1063/1.4984914,https://doi.org/10.1063/1.4984914,,49638,((Bi2Te3)0.25(Sb2Te3)0.75)74.24(ZrO2)25.76,unknown,p,9,9,5,5,0.036396432309020156,0.47599488758271963,0.43959845527369945,0.02843104593510625,0.6084482349384395,0.5800171890033332,0.017236393855923217,0.6129447773152711,0.5957083834593478,0.015981376818378187,0.607771527776162,0.5917901509577838,0.9121422,0.885914059795306,1.423994584235576,0.9022129039984566,unknown,no,no,ML_much_worse,primary DOI test sample aggregate,ML tau prediction much worse than fitting; ML false high-ZT prediction; possible missing structure/additive feature,True
10.1063_1.4995430__sample_44158,10.1063/1.4995430,https://doi.org/10.1063/1.4995430,,44158,Ge17.4Sb1.6Te20,unknown,p,11,0,0,0,0.08162644253800831,1.1830684397370457,1.1014419971990375,,,,,,,,,,,,,,unknown,no,no,not_evaluated,primary DOI test sample aggregate,sigma ML error propagated to ZT error; possible missing structure/additive feature,True
10.1063_1.5095247__sample_46402,10.1063/1.5095247,https://doi.org/10.1063/1.5095247,,46402,Ca3SiO,unknown,p,30,0,0,0,0.32449966813260717,11.458864713069486,11.13436504493688,,,,,,,,,,,,,,unknown,no,no,not_evaluated,primary DOI test sample aggregate,sigma ML error propagated to ZT error; possible missing structure/additive feature,True
10.1063_1.5095247__sample_46403,10.1063/1.5095247,https://doi.org/10.1063/1.5095247,,46403,Ca3GeO,unknown,p,30,0,0,0,0.3132723998279551,8.7476460263531,8.434373626525145,,,,,,,,,,,,,,unknown,no,no,not_evaluated,primary DOI test sample aggregate,sigma ML error propagated to ZT error; possible missing structure/additive feature,True
10.1063_5.0038957__sample_42186,10.1063/5.0038957,https://doi.org/10.1063/5.0038957,,42186,Ge0.98Y0.02Te,unknown,p,9,0,0,0,0.38650399629200005,1.2841750003626156,0.8976710040706155,,,,,,,,,,,,,,unknown,no,no,not_evaluated,primary DOI test sample aggregate,sigma ML error propagated to ZT error; possible missing structure/additive feature,True
10.1063_5.0038957__sample_42187,10.1063/5.0038957,https://doi.org/10.1063/5.0038957,,42187,Ge0.96Y0.04Te,unknown,p,9,0,0,0,0.44280438390436017,1.5766689147782602,1.1338645308739,,,,,,,,,,,,,,unknown,no,no,not_evaluated,primary DOI test sample aggregate,sigma ML error propagated to ZT error; possible missing structure/additive feature,True
10.1063_5.0038957__sample_42188,10.1063/5.0038957,https://doi.org/10.1063/5.0038957,,42188,Ge0.94Y0.06Te,unknown,p,9,0,0,0,0.35561902691605124,1.139940920658894,0.7843218937428427,,,,,,,,,,,,,,unknown,no,no,not_evaluated,primary DOI test sample aggregate,sigma ML error propagated to ZT error; possible missing structure/additive feature,True
10.1080_00325899.2020.1783103__sample_38346,10.1080/00325899.2020.1783103,https://doi.org/10.1080/00325899.2020.1783103,,38346,Cu2ZnSnS4,unknown,p,9,9,8,8,0.5725881097643954,2.6014192857791096,2.028831176014714,0.559721502090386,13.956114391515392,13.396392889425005,0.47728745871205047,14.01656820913271,13.53928075042066,0.5660039170389792,15.049993120572047,14.483989203533067,0.02281231,0.0114629251475498,0.1450008894264744,0.0222847664323191,unknown,no,no,ML_much_worse,primary DOI test sample aggregate,ML tau prediction much worse than fitting; sigma ML error propagated to ZT error; possible missing structure/additive feature,True
10.1080_08957959.2014.911854__sample_3429,10.1080/08957959.2014.911854,https://doi.org/10.1080/08957959.2014.911854,,3429,Co4Sb12,unknown,p,7,0,0,0,0.2621442560435215,3.9582374971928447,3.696093241149323,,,,,,,,,,,,,,unknown,no,no,not_evaluated,primary DOI test sample aggregate,sigma ML error propagated to ZT error; possible missing structure/additive feature,True
10.1080_08957959.2014.911854__sample_3430,10.1080/08957959.2014.911854,https://doi.org/10.1080/08957959.2014.911854,,3430,Cd0.15Co4Sb12,unknown,n,7,0,0,0,0.12966456524267314,4.056536566805072,3.9268720015623986,,,,,,,,,,,,,,unknown,no,no,not_evaluated,primary DOI test sample aggregate,sigma ML error propagated to ZT error; possible missing structure/additive feature,True
10.1080_08957959.2014.911854__sample_3431,10.1080/08957959.2014.911854,https://doi.org/10.1080/08957959.2014.911854,,3431,Cd0.38Co4Sb12,unknown,n,7,0,0,0,0.11321320118682529,4.333920065669959,4.220706864483134,,,,,,,,,,,,,,unknown,no,no,not_evaluated,primary DOI test sample aggregate,sigma ML error propagated to ZT error; possible missing structure/additive feature,True
10.1080_08957959.2014.911854__sample_3432,10.1080/08957959.2014.911854,https://doi.org/10.1080/08957959.2014.911854,,3432,Cd0.45Co4Sb12,unknown,n,7,0,0,0,0.11541218344527385,4.290650789364615,4.175238605919341,,,,,,,,,,,,,,unknown,no,no,not_evaluated,primary DOI test sample aggregate,sigma ML error propagated to ZT error; possible missing structure/additive feature,True
10.1080_21870764.2020.1723197__sample_35631,10.1080/21870764.2020.1723197,https://doi.org/10.1080/21870764.2020.1723197,,35631,Bi2Te3,unknown,p,5,5,5,5,0.35528641024326374,0.6314781546668575,0.2761917444235938,0.3182798724840324,0.374415454007395,0.05613558152336262,0.32310360267259663,0.3775951633467846,0.05449156067418798,0.3182798724840284,0.37441545400739473,0.05613558152336634,1.595056,1.0046015517331923,0.5960331301015852,1.59168857187017,unknown,no,no,ML_close_to_fitting,primary DOI test sample aggregate,ML missed high ZT; possible missing structure/additive feature,True
10.1080_21870764.2020.1723197__sample_35632,10.1080/21870764.2020.1723197,https://doi.org/10.1080/21870764.2020.1723197,,35632,Bi2Te3,unknown,p,5,5,5,5,0.31827799971613924,0.6902363123604416,0.37195831264430235,0.2900888858551499,0.42946549795370004,0.13937661209855012,0.2880252578188496,0.4300639579021155,0.1420387000832659,0.29008888585514214,0.4294654979537015,0.13937661209855934,1.670562,1.1165207133874795,0.6051630366942045,1.6749155743950026,unknown,no,no,ML_moderately_worse,primary DOI test sample aggregate,ML missed high ZT; possible missing structure/additive feature,True
10.1088_0022-3727_40_21_053__sample_15182,10.1088/0022-3727/40/21/053,https://doi.org/10.1088/0022-3727/40/21/053,,15182,PbTe,unknown,p,6,0,0,0,0.3344267607385958,1.8347187411922325,1.5002919804536368,,,,,,,,,,,,,,unknown,no,no,not_evaluated,primary DOI test sample aggregate,sigma ML error propagated to ZT error; possible missing structure/additive feature,True
10.1088_0022-3727_41_20_205403__sample_30432,10.1088/0022-3727/41/20/205403,https://doi.org/10.1088/0022-3727/41/20/205403,,30432,Yb0.14Co4Sb12,unknown,n,11,4,0,1,0.05862846474617339,0.23317925886744756,0.17455079412127417,0.045279282565112544,0.2339361507609175,0.18865686819580496,,,,0.06305636901111605,0.1741638506960393,0.11110748168492324,0.8347106,0.8582878692001243,1.0755936175606202,0.9160507001838056,unknown,no,no,not_evaluated,primary DOI test sample aggregate,ML false high-ZT prediction; possible missing structure/additive feature,True
10.1088_0022-3727_41_20_205403__sample_30434,10.1088/0022-3727/41/20/205403,https://doi.org/10.1088/0022-3727/41/20/205403,,30434,Yb0.12Co4Sb12,unknown,n,11,4,1,1,0.056434551089873754,0.3065631521688396,0.25012860107896584,0.06479239281125972,0.3853295763353416,0.3205371835240819,0.1936663700380112,0.6134156907383556,0.4197493207003443,0.03664538854679802,0.4011787360313272,0.3645333474845292,0.7520755,0.8977272320795223,1.213410412319894,0.8659925968879141,unknown,no,no,ML_moderately_worse,primary DOI test sample aggregate,ML false high-ZT prediction; possible missing structure/additive feature,True
10.1088_0022-3727_42_1_015406__sample_15573,10.1088/0022-3727/42/1/015406,https://doi.org/10.1088/0022-3727/42/1/015406,,15573,PbTe,unknown,n,14,14,1,1,0.08387038832118761,0.7820189629246245,0.6981485746034368,0.06654445421241603,1.183806908446077,1.1172624542336609,0.09934449880561554,0.9598658380928441,0.8605213392872285,0.1257399839230337,0.9024281058046237,0.77668812188159,0.731482,0.6588132873246707,1.4336065829798297,0.7535667595561999,unknown,no,no,ML_much_worse,primary DOI test sample aggregate,ML tau prediction much worse than fitting; ML false high-ZT prediction; possible missing structure/additive feature,True
10.1088_0022-3727_42_1_015406__sample_15574,10.1088/0022-3727/42/1/015406,https://doi.org/10.1088/0022-3727/42/1/015406,,15574,PbTe,unknown,n,14,14,1,1,0.1614605886354934,0.8361508628958293,0.6746902742603359,0.1390338238093147,1.3014819911881765,1.1624481673788618,0.2226236806871615,0.7657632644975663,0.5431395838104047,0.22127950461978133,0.7688164790885315,0.5475369744687502,0.8351803,0.6492493875765922,1.4747306929720567,0.8337386667338057,unknown,no,no,ML_much_worse,primary DOI test sample aggregate,ML tau prediction much worse than fitting; ML false high-ZT prediction; possible missing structure/additive feature,True
10.1088_0022-3727_42_1_015406__sample_15575,10.1088/0022-3727/42/1/015406,https://doi.org/10.1088/0022-3727/42/1/015406,,15575,PbTe,unknown,n,14,14,1,1,0.07125437918933122,0.652112903123526,0.5808585239341948,0.061205963306155166,0.9170111076475127,0.8558051443413576,0.11006660796852241,0.7016522322428606,0.5915856242743381,0.10504683074041743,0.7112506080337362,0.6062037772933188,0.709187,0.6311291924946275,1.2067896416276176,0.7052091820813112,unknown,no,no,ML_much_worse,primary DOI test sample aggregate,ML tau prediction much worse than fitting; ML false high-ZT prediction; possible missing structure/additive feature,True
10.1088_0022-3727_42_1_015406__sample_15576,10.1088/0022-3727/42/1/015406,https://doi.org/10.1088/0022-3727/42/1/015406,,15576,PbTe,unknown,n,14,14,1,1,0.07128403210643487,0.608797993847152,0.5375139617407172,0.058851165286629765,0.8352609940997322,0.7764098288131024,0.10551910104666075,0.6373818682483439,0.5318627672016831,0.1022056052035009,0.6434473504967123,0.5412417452932115,0.5943049,0.5315943812043744,0.9731040674711452,0.5921114948872783,unknown,no,no,ML_much_worse,primary DOI test sample aggregate,ML tau prediction much worse than fitting; possible missing structure/additive feature,True
10.1088_0022-3727_44_29_295404__sample_19408,10.1088/0022-3727/44/29/295404,https://doi.org/10.1088/0022-3727/44/29/295404,,19408,Cu3SbSe4,unknown,p,9,8,5,7,0.32881991508925235,1.132159195639961,0.8033392805507087,0.28836837589704467,2.014073861963923,1.7257054860668783,0.36408898955258595,2.1099991124783473,1.7459101229257614,0.2892090369509071,2.1418044513398082,1.8525954143889012,0.4104312,0.2329518088310778,0.6882749404052485,0.4093891423667487,unknown,no,no,ML_much_worse,primary DOI test sample aggregate,ML tau prediction much worse than fitting; sigma ML error propagated to ZT error; possible missing structure/additive feature,True
10.1088_0022-3727_45_12_125301__sample_14545,10.1088/0022-3727/45/12/125301,https://doi.org/10.1088/0022-3727/45/12/125301,,14545,BiSbSTe2,unknown,n,22,0,0,0,0.4599970536501891,1.556337318040501,1.0963402643903117,,,,,,,,,,,,,,unknown,no,no,not_evaluated,primary DOI test sample aggregate,sigma ML error propagated to ZT error; possible missing structure/additive feature,True
10.1088_0022-3727_45_21_215308__sample_1023,10.1088/0022-3727/45/21/215308,https://doi.org/10.1088/0022-3727/45/21/215308,,1023,Ba8Zn7.33Ge38.67,unknown,n,10,0,0,0,0.15963679838851075,1.0544791643160705,0.8948423659275597,,,,,,,,,,,,,,unknown,no,no,not_evaluated,primary DOI test sample aggregate,sigma ML error propagated to ZT error; possible missing structure/additive feature,True
10.1088_0953-8984_20_25_255233__sample_20509,10.1088/0953-8984/20/25/255233,https://doi.org/10.1088/0953-8984/20/25/255233,,20509,Fe2VGa,unknown,p,25,0,0,0,0.13926989777293836,1.7691106915928203,1.629840793819882,,,,,,,,,,,,,,unknown,no,no,not_evaluated,primary DOI test sample aggregate,sigma ML error propagated to ZT error; possible missing structure/additive feature,True
10.1088_0953-8984_20_25_255233__sample_20510,10.1088/0953-8984/20/25/255233,https://doi.org/10.1088/0953-8984/20/25/255233,,20510,Fe2VGa0.98Ge0.02,unknown,n,21,0,0,0,0.10831983097778759,1.174362495645482,1.0660426646676944,,,,,,,,,,,,,,unknown,no,no,not_evaluated,primary DOI test sample aggregate,sigma ML error propagated to ZT error; possible missing structure/additive feature,True
10.1088_0953-8984_20_25_255233__sample_20511,10.1088/0953-8984/20/25/255233,https://doi.org/10.1088/0953-8984/20/25/255233,,20511,Fe2VGa0.95Ge0.05,unknown,n,26,0,0,0,0.11747575596297456,1.6122502010893944,1.4947744451264198,,,,,,,,,,,,,,unknown,no,no,not_evaluated,primary DOI test sample aggregate,sigma ML error propagated to ZT error; possible missing structure/additive feature,True
10.1088_0953-8984_20_25_255233__sample_20512,10.1088/0953-8984/20/25/255233,https://doi.org/10.1088/0953-8984/20/25/255233,,20512,Fe2VGa0.9Ge0.1,unknown,n,25,0,0,0,0.10836334849375139,1.7831152496778968,1.6747519011841454,,,,,,,,,,,,,,unknown,no,no,not_evaluated,primary DOI test sample aggregate,sigma ML error propagated to ZT error; possible missing structure/additive feature,True
10.1088_0953-8984_20_25_255233__sample_20513,10.1088/0953-8984/20/25/255233,https://doi.org/10.1088/0953-8984/20/25/255233,,20513,Fe2VGa0.8Ge0.2,unknown,n,24,0,0,0,0.21131563410280732,1.95043424937877,1.7391186152759628,,,,,,,,,,,,,,unknown,no,no,not_evaluated,primary DOI test sample aggregate,sigma ML error propagated to ZT error; possible missing structure/additive feature,True
10.1088_0953-8984_25_7_075804__sample_9461,10.1088/0953-8984/25/7/075804,https://doi.org/10.1088/0953-8984/25/7/075804,,9461,GeBi4Te7,unknown,n,96,93,47,92,0.5889311323770261,1.5188219094465343,0.9298907770695082,0.5228061283019848,3.6986694475217377,3.175863319219753,0.5439193685228237,4.421727107205203,3.877807738682379,0.5214877213304578,3.734054581047133,3.2125668597166754,0.1086003,0.259275760987592,1.0514075900425863,0.1184680129239307,unknown,no,no,ML_much_worse,primary DOI test sample aggregate,ML tau prediction much worse than fitting; sigma ML error propagated to ZT error; ML false high-ZT prediction; possible missing structure/additive feature,True
10.1088_0953-8984_25_7_075804__sample_9466,10.1088/0953-8984/25/7/075804,https://doi.org/10.1088/0953-8984/25/7/075804,,9466,GeBi3SbTe7,unknown,p,113,96,40,93,0.16819908055621177,1.2002903681571948,1.0320912876009831,0.11012721924520812,2.348367037868675,2.238239818623467,0.1247990868746914,2.4610237552173135,2.336224668342622,0.11302085924136333,2.3524107327506933,2.23938987350933,0.1878583,0.431254092707386,1.4153673107053089,0.1927949794222815,unknown,no,no,ML_much_worse,primary DOI test sample aggregate,ML tau prediction much worse than fitting; sigma ML error propagated to ZT error; ML false high-ZT prediction; possible missing structure/additive feature,True
10.1088_0953-8984_25_7_075804__sample_9467,10.1088/0953-8984/25/7/075804,https://doi.org/10.1088/0953-8984/25/7/075804,,9467,GeBi2Sb2Te7,unknown,p,102,94,0,81,0.18780297457366396,1.0203244767143096,0.8325215021406456,0.11467886945917004,1.7132246704551926,1.5985458009960225,,,,0.10926552296939712,1.6992995635403765,1.5900340405709794,,0.1949199029683841,0.5313816912925502,0.1232912924009682,unknown,no,no,not_evaluated,primary DOI test sample aggregate,sigma ML error propagated to ZT error; possible missing structure/additive feature,True
10.1088_0953-8984_25_7_075804__sample_9470,10.1088/0953-8984/25/7/075804,https://doi.org/10.1088/0953-8984/25/7/075804,,9470,GeBi4Te7,unknown,n,100,100,94,97,0.6364854342211842,1.1311707160044444,0.4946852817832602,0.582711669801427,2.073709136827672,1.490997467026245,0.5668798109511759,2.011565644530974,1.444685833579798,0.5561881614928188,1.9765041306555198,1.420315969162701,0.09533147,0.1970144911641046,0.5018939114766929,0.0942498804038033,unknown,no,no,ML_much_worse,primary DOI test sample aggregate,ML tau prediction much worse than fitting; sigma ML error propagated to ZT error; possible missing structure/additive feature,True
10.1088_0953-8984_25_7_075804__sample_9471,10.1088/0953-8984/25/7/075804,https://doi.org/10.1088/0953-8984/25/7/075804,,9471,GeBi3SbTe7,unknown,p,108,108,98,105,0.207316237287468,0.736474799603076,0.5291585623156081,0.12272242193181551,1.0826867590234424,0.9599643370916269,0.11997787052464368,1.0340786686613155,0.9141007981366718,0.09005123866472364,1.0109280609063074,0.9208768222415837,0.1889459,0.421111617108531,0.8537095252220886,0.1878011129743601,unknown,no,no,ML_much_worse,primary DOI test sample aggregate,ML tau prediction much worse than fitting; possible missing structure/additive feature,True
10.1088_0953-8984_28_16_165603__sample_18069,10.1088/0953-8984/28/16/165603,https://doi.org/10.1088/0953-8984/28/16/165603,,18069,CePd3,unknown,p,20,0,0,0,0.45132317512787873,2.6967766213912783,2.2454534462633995,,,,,,,,,,,,,,unknown,no,no,not_evaluated,primary DOI test sample aggregate,sigma ML error propagated to ZT error; possible missing structure/additive feature,True
10.1088_0953-8984_28_16_165603__sample_18070,10.1088/0953-8984/28/16/165603,https://doi.org/10.1088/0953-8984/28/16/165603,,18070,CePd3Be0.1,unknown,p,76,0,0,0,0.4885268505647121,2.0763185659757615,1.5877917154110492,,,,,,,,,,,,,,unknown,no,no,not_evaluated,primary DOI test sample aggregate,sigma ML error propagated to ZT error; possible missing structure/additive feature,True
10.1088_0953-8984_28_16_165603__sample_18071,10.1088/0953-8984/28/16/165603,https://doi.org/10.1088/0953-8984/28/16/165603,,18071,CePd3Be0.2,unknown,p,61,0,0,0,0.4527838111233575,2.9618198398255173,2.50903602870216,,,,,,,,,,,,,,unknown,no,no,not_evaluated,primary DOI test sample aggregate,sigma ML error propagated to ZT error; possible missing structure/additive feature,True
10.1088_0953-8984_28_16_165603__sample_18072,10.1088/0953-8984/28/16/165603,https://doi.org/10.1088/0953-8984/28/16/165603,,18072,CePd3Be0.4,unknown,n,57,0,0,0,0.15776905483177162,2.6259438933956343,2.4681748385638627,,,,,,,,,,,,,,unknown,no,no,not_evaluated,primary DOI test sample aggregate,sigma ML error propagated to ZT error; possible missing structure/additive feature,True
10.1088_0957-4484_23_41_415604__sample_29811,10.1088/0957-4484/23/41/415604,https://doi.org/10.1088/0957-4484/23/41/415604,,29811,Bi0.5Sb1.5Te3,unknown,p,7,7,7,7,0.1252829252565599,0.1595942978416349,0.034311372585074995,0.11035026185418582,0.105320225527531,-0.00503003632665483,0.1100281348744918,0.10790500938083972,-0.002123125493652081,0.1103502618541744,0.10532022552751809,-0.005030036326656315,1.003472,0.885142613202963,0.8018187313118927,0.9988721180525814,unknown,no,no,ML_close_to_fitting,primary DOI test sample aggregate,ML missed high ZT; possible missing structure/additive feature,True
10.1088_1757-899x_18_14_142006__sample_9647,10.1088/1757-899x/18/14/142006,https://doi.org/10.1088/1757-899x/18/14/142006,,9647,Mg2SiSb0.001,unknown,n,6,0,0,0,0.7857235527485182,1.5237481274027593,0.7380245746542411,,,,,,,,,,0.2739606,,,,unknown,no,no,not_evaluated,primary DOI test sample aggregate,sigma ML error propagated to ZT error; possible missing structure/additive feature,True
10.1088_1757-899x_18_14_142006__sample_9649,10.1088/1757-899x/18/14/142006,https://doi.org/10.1088/1757-899x/18/14/142006,,9649,Mg2SiSb0.005,unknown,n,6,4,0,0,0.8455338328582709,1.0219733156899353,0.17643948283166444,1.291959179153993,2.1255388614238635,0.8335796822698704,,,,,,,0.2600543,,,,unknown,no,no,not_evaluated,primary DOI test sample aggregate,sigma ML error propagated to ZT error; possible missing structure/additive feature,True
10.1103_physrevb.101.180404__sample_83941,10.1103/physrevb.101.180404,https://doi.org/10.1103/physrevb.101.180404,,83941,Co2MnGa,unknown,n,26,0,0,0,0.1726645092176451,2.574961088687591,2.402296579469946,,,,,,,,,,,,,,unknown,no,no,not_evaluated,primary DOI test sample aggregate,sigma ML error propagated to ZT error; possible missing structure/additive feature,True
10.1103_physrevb.75.064204__sample_20631,10.1103/physrevb.75.064204,https://doi.org/10.1103/physrevb.75.064204,,20631,Fe2VAl0.7Si0.3,unknown,n,39,0,0,0,0.5046991674161608,1.109839464508941,0.6051402970927803,,,,,,,,,,,,,,unknown,no,no,not_evaluated,primary DOI test sample aggregate,sigma ML error propagated to ZT error; possible missing structure/additive feature,True
10.1103_physrevb.75.064204__sample_20632,10.1103/physrevb.75.064204,https://doi.org/10.1103/physrevb.75.064204,,20632,Fe2VAl0.6Si0.4,unknown,n,34,0,0,0,0.36360201397437,1.3125049228497199,0.9489029088753499,,,,,,,,,,,,,,unknown,no,no,not_evaluated,primary DOI test sample aggregate,sigma ML error propagated to ZT error; possible missing structure/additive feature,True
10.1103_physrevb.75.064204__sample_20633,10.1103/physrevb.75.064204,https://doi.org/10.1103/physrevb.75.064204,,20633,Fe2VAl0.5Si0.5,unknown,n,35,0,0,0,0.3325383432702344,1.3731949539225567,1.0406566106523223,,,,,,,,,,,,,,unknown,no,no,not_evaluated,primary DOI test sample aggregate,sigma ML error propagated to ZT error; possible missing structure/additive feature,True
10.1103_physrevb.81.125205__sample_15084,10.1103/physrevb.81.125205,https://doi.org/10.1103/physrevb.81.125205,,15084,La2.99Te4,unknown,n,19,0,0,0,0.2549957138699782,1.4109491264130916,1.1559534125431132,,,,,,,,,,,,,,unknown,no,no,not_evaluated,primary DOI test sample aggregate,sigma ML error propagated to ZT error; possible missing structure/additive feature,True
10.1103_physrevb.81.125205__sample_15085,10.1103/physrevb.81.125205,https://doi.org/10.1103/physrevb.81.125205,,15085,La3Te3.80Sb0.20,unknown,n,17,0,0,0,0.3046062488630285,1.2251105831706484,0.9205043343076198,,,,,,,,,,,,,,unknown,no,no,not_evaluated,primary DOI test sample aggregate,sigma ML error propagated to ZT error; possible missing structure/additive feature,True
10.1103_physrevb.81.125205__sample_15090,10.1103/physrevb.81.125205,https://doi.org/10.1103/physrevb.81.125205,,15090,La3Te3.35Sb0.65,unknown,n,68,0,0,0,0.5448759550937355,1.1844350741388177,0.6395591190450821,,,,,,,,,,,,,,unknown,no,no,not_evaluated,primary DOI test sample aggregate,sigma ML error propagated to ZT error; possible missing structure/additive feature,True
10.1103_physrevb.81.125205__sample_15091,10.1103/physrevb.81.125205,https://doi.org/10.1103/physrevb.81.125205,,15091,La3Te3.20Sb0.80,unknown,n,37,0,0,0,0.5432944160532033,1.791471451694811,1.2481770356416075,,,,,,,,,,,,,,unknown,no,no,not_evaluated,primary DOI test sample aggregate,sigma ML error propagated to ZT error; possible missing structure/additive feature,True
10.1103_physrevb.81.125205__sample_15092,10.1103/physrevb.81.125205,https://doi.org/10.1103/physrevb.81.125205,,15092,La2.72Te4,unknown,n,19,0,0,0,0.3421644270800003,1.8044525551957549,1.4622881281157545,,,,,,,,,,,,,,unknown,no,no,not_evaluated,primary DOI test sample aggregate,sigma ML error propagated to ZT error; possible missing structure/additive feature,True
10.1103_physrevb.82.104420__sample_2864,10.1103/physrevb.82.104420,https://doi.org/10.1103/physrevb.82.104420,,2864,Co2Mn0.8Ti0.2Sn,unknown,n,50,0,0,0,0.13764522090074688,2.0673364802592658,1.929691259358519,,,,,,,,,,,,,,unknown,no,no,not_evaluated,primary DOI test sample aggregate,sigma ML error propagated to ZT error; possible missing structure/additive feature,True
10.1103_physrevb.82.104420__sample_2865,10.1103/physrevb.82.104420,https://doi.org/10.1103/physrevb.82.104420,,2865,Co2Mn0.6Ti0.4Sn,unknown,n,55,0,0,0,0.06744407669008524,1.0794294444171386,1.0119853677270534,,,,,,,,,,,,,,unknown,no,no,not_evaluated,primary DOI test sample aggregate,sigma ML error propagated to ZT error; possible missing structure/additive feature,True
10.1103_physrevb.82.104420__sample_2866,10.1103/physrevb.82.104420,https://doi.org/10.1103/physrevb.82.104420,,2866,Co2Mn0.4Ti0.6Sn,unknown,n,47,0,0,0,0.14358899744103912,1.2544330250300733,1.110844027589034,,,,,,,,,,,,,,unknown,no,no,not_evaluated,primary DOI test sample aggregate,sigma ML error propagated to ZT error; possible missing structure/additive feature,True
10.1103_physrevb.82.104420__sample_2871,10.1103/physrevb.82.104420,https://doi.org/10.1103/physrevb.82.104420,,2871,Co2TiSn,unknown,n,52,0,0,0,0.09270506059879972,1.3459976717775994,1.2532926111787996,,,,,,,,,,,,,,unknown,no,no,not_evaluated,primary DOI test sample aggregate,sigma ML error propagated to ZT error; possible missing structure/additive feature,True
10.1103_physrevb.83.235207__sample_9358,10.1103/physrevb.83.235207,https://doi.org/10.1103/physrevb.83.235207,,9358,Mg2Si0.975Sb0.025,unknown,n,42,16,1,2,0.13816333805949987,0.8100535484514086,0.6718902103919088,0.14918594145243486,0.5479280692409721,0.3987421277885373,0.08484191813845132,0.5880455225812012,0.5032036044427499,0.1500168599308568,0.5478871618862093,0.39787030195535256,0.4626924,0.1290245688451405,0.0580798551488145,0.1510201848356059,unknown,no,no,ML_much_worse,primary DOI test sample aggregate,ML tau prediction much worse than fitting; possible missing structure/additive feature,True
10.1103_physrevb.83.235207__sample_9359,10.1103/physrevb.83.235207,https://doi.org/10.1103/physrevb.83.235207,,9359,Mg2Si,unknown,n,44,21,1,1,0.4557503073096478,2.5868454256257807,2.131095118316133,0.2750986941015811,10.726955000924349,10.451856306822767,0.4821902983207659,5.607692169300532,5.125501870979766,0.49551238182529495,5.437691053898149,4.942178672072854,0.06388478,0.0330801588736435,0.4221309605434872,0.0655717953858439,unknown,no,no,ML_much_worse,primary DOI test sample aggregate,ML tau prediction much worse than fitting; sigma ML error propagated to ZT error; possible missing structure/additive feature,True
10.1103_physrevb.85.165127__sample_1195,10.1103/physrevb.85.165127,https://doi.org/10.1103/physrevb.85.165127,,1195,Ba8Cu3.6Si42.4,unknown,n,13,0,0,0,0.09499094514475054,2.241135001367407,2.1461440562226564,,,,,,,,,,,,,,unknown,no,no,not_evaluated,primary DOI test sample aggregate,sigma ML error propagated to ZT error; possible missing structure/additive feature,True
10.1103_physrevb.85.165127__sample_1196,10.1103/physrevb.85.165127,https://doi.org/10.1103/physrevb.85.165127,,1196,Ba8Cu3.8Si42.2,unknown,n,12,0,0,0,0.09390892820004698,2.1325732576546437,2.0386643294545967,,,,,,,,,,,,,,unknown,no,no,not_evaluated,primary DOI test sample aggregate,sigma ML error propagated to ZT error; possible missing structure/additive feature,True
10.1103_physrevb.85.165127__sample_1197,10.1103/physrevb.85.165127,https://doi.org/10.1103/physrevb.85.165127,,1197,Ba8Cu4.2Si41.8,unknown,n,12,0,0,0,0.07387227271794743,1.8084452983506343,1.7345730256326868,,,,,,,,,,,,,,unknown,no,no,not_evaluated,primary DOI test sample aggregate,sigma ML error propagated to ZT error; possible missing structure/additive feature,True
10.1103_physrevb.85.165127__sample_1198,10.1103/physrevb.85.165127,https://doi.org/10.1103/physrevb.85.165127,,1198,Ba8Cu4.4Si41.6,unknown,n,13,0,0,0,0.08234021089641315,1.6602820300621162,1.577941819165703,,,,,,,,,,,,,,unknown,no,no,not_evaluated,primary DOI test sample aggregate,sigma ML error propagated to ZT error; possible missing structure/additive feature,True
10.1103_physrevb.85.165127__sample_1199,10.1103/physrevb.85.165127,https://doi.org/10.1103/physrevb.85.165127,,1199,Ba8Cu4.6Si41.4,unknown,n,12,0,0,0,0.10553948554020082,1.4599423983779656,1.3544029128377648,,,,,,,,,,,,,,unknown,no,no,not_evaluated,primary DOI test sample aggregate,sigma ML error propagated to ZT error; possible missing structure/additive feature,True
10.1103_physrevb.85.165127__sample_1200,10.1103/physrevb.85.165127,https://doi.org/10.1103/physrevb.85.165127,,1200,Ba8Cu5.0Si41.0,unknown,n,14,0,0,0,0.15239339122181134,1.3775764487475843,1.225183057525773,,,,,,,,,,,,,,unknown,no,no,not_evaluated,primary DOI test sample aggregate,sigma ML error propagated to ZT error; possible missing structure/additive feature,True
10.1103_physrevb.85.165127__sample_1201,10.1103/physrevb.85.165127,https://doi.org/10.1103/physrevb.85.165127,,1201,Ba8Cu6Si40,unknown,n,28,0,0,0,0.11765231372474097,1.1859115239865967,1.0682592102618558,,,,,,,,,,,,,,unknown,no,no,not_evaluated,primary DOI test sample aggregate,sigma ML error propagated to ZT error; possible missing structure/additive feature,True
10.1103_physrevb.85.165127__sample_1202,10.1103/physrevb.85.165127,https://doi.org/10.1103/physrevb.85.165127,,1202,Ba8Cu7Si39,unknown,n,13,0,0,0,0.09944155214211926,1.190303184400993,1.0908616322588738,,,,,,,,,,,,,,unknown,no,no,not_evaluated,primary DOI test sample aggregate,sigma ML error propagated to ZT error; possible missing structure/additive feature,True
10.1103_physrevb.85.165127__sample_1203,10.1103/physrevb.85.165127,https://doi.org/10.1103/physrevb.85.165127,,1203,Ba8Cu6Si40,unknown,n,14,0,0,0,0.1391843600340529,1.1313248235708475,0.9921404635367946,,,,,,,,,,,,,,unknown,no,no,not_evaluated,primary DOI test sample aggregate,sigma ML error propagated to ZT error; possible missing structure/additive feature,True
10.1103_physrevb.85.165127__sample_1204,10.1103/physrevb.85.165127,https://doi.org/10.1103/physrevb.85.165127,,1204,Ba8Cu6Si40,unknown,n,18,0,0,0,0.13811351070152364,1.3072839948822697,1.169170484180746,,,,,,,,,,,,,,unknown,no,no,not_evaluated,primary DOI test sample aggregate,sigma ML error propagated to ZT error; possible missing structure/additive feature,True
10.1103_physrevb.87.115206__sample_1223,10.1103/physrevb.87.115206,https://doi.org/10.1103/physrevb.87.115206,,1223,Ba8Cu5Si35Ge6,unknown,n,13,0,0,0,0.12894086132089816,1.1198211303896286,0.9908802690687304,,,,,,,,,,,,,,unknown,no,no,not_evaluated,primary DOI test sample aggregate,sigma ML error propagated to ZT error; possible missing structure/additive feature,True
10.1103_physrevb.87.115206__sample_1224,10.1103/physrevb.87.115206,https://doi.org/10.1103/physrevb.87.115206,,1224,Ba8Cu5Si41Ge0,unknown,n,14,0,0,0,0.1096118200372948,1.29487765769731,1.1852658376600151,,,,,,,,,,,,,,unknown,no,no,not_evaluated,primary DOI test sample aggregate,sigma ML error propagated to ZT error; possible missing structure/additive feature,True
10.1103_physrevb.88.205201__sample_24151,10.1103/physrevb.88.205201,https://doi.org/10.1103/physrevb.88.205201,,24151,TiO2,unknown,n,19,0,0,0,0.4166059787836881,3.1098342263710066,2.6932282475873186,,,,,,,,,,,,,,unknown,no,no,not_evaluated,primary DOI test sample aggregate,sigma ML error propagated to ZT error; possible missing structure/additive feature,True
10.1103_physrevb.92.125106__sample_46405,10.1103/physrevb.92.125106,https://doi.org/10.1103/physrevb.92.125106,,46405,(Ca2CoO2.94)0.62(CoO2),unknown,p,56,0,0,0,0.4349306778680181,11.986594317724562,11.551663639856544,,,,,,,,,,,,,,unknown,no,no,not_evaluated,primary DOI test sample aggregate,sigma ML error propagated to ZT error; possible missing structure/additive feature,True
10.1103_physrevmaterials.2.075403__sample_83448,10.1103/physrevmaterials.2.075403,https://doi.org/10.1103/physrevmaterials.2.075403,,83448,Fe2TiSn,unknown,p,40,0,0,0,0.35602884191025824,1.6587010097556454,1.3026721678453872,,,,,,,,,,,,,,unknown,no,no,not_evaluated,primary DOI test sample aggregate,sigma ML error propagated to ZT error; possible missing structure/additive feature,True
10.1103_physrevmaterials.2.075403__sample_83449,10.1103/physrevmaterials.2.075403,https://doi.org/10.1103/physrevmaterials.2.075403,,83449,Fe2TiSn,unknown,p,37,0,0,0,0.23062113955360183,1.5386537012510813,1.3080325616974795,,,,,,,,,,,,,,unknown,no,no,not_evaluated,primary DOI test sample aggregate,sigma ML error propagated to ZT error; possible missing structure/additive feature,True
10.1103_physrevmaterials.2.075403__sample_83450,10.1103/physrevmaterials.2.075403,https://doi.org/10.1103/physrevmaterials.2.075403,,83450,Fe2TiSn,unknown,p,35,0,0,0,0.164090134332086,1.4361985031235136,1.2721083687914276,,,,,,,,,,,,,,unknown,no,no,not_evaluated,primary DOI test sample aggregate,sigma ML error propagated to ZT error; possible missing structure/additive feature,True
10.1103_physrevmaterials.2.075403__sample_83451,10.1103/physrevmaterials.2.075403,https://doi.org/10.1103/physrevmaterials.2.075403,,83451,Fe2TiSn,unknown,p,34,0,0,0,0.16399983492497042,1.3729555195550414,1.2089556846300709,,,,,,,,,,,,,,unknown,no,no,not_evaluated,primary DOI test sample aggregate,sigma ML error propagated to ZT error; possible missing structure/additive feature,True
10.1109_ict.2002.1190285__sample_29730,10.1109/ict.2002.1190285,https://doi.org/10.1109/ict.2002.1190285,,29730,(TiB2)9.7(ZnO)90.3,unknown,n,11,5,0,0,0.16306864475294192,3.207699427565073,3.0446307828121313,0.19674926002282075,24.364548368066785,24.167799108043965,,,,,,,,,,,unknown,no,no,not_evaluated,primary DOI test sample aggregate,sigma ML error propagated to ZT error; possible missing structure/additive feature,True
10.1109_ict.2002.1190285__sample_29731,10.1109/ict.2002.1190285,https://doi.org/10.1109/ict.2002.1190285,,29731,(TiB2)19.46(ZnO)80.54,unknown,n,11,2,0,0,0.043203989192122774,2.1452289316594517,2.1020249424673287,0.02230730836258975,7.507027222739902,7.484719914377313,,,,,,,,,,,unknown,no,no,not_evaluated,primary DOI test sample aggregate,sigma ML error propagated to ZT error; possible missing structure/additive feature,True
10.1109_ict.2002.1190285__sample_29732,10.1109/ict.2002.1190285,https://doi.org/10.1109/ict.2002.1190285,,29732,(TiB2)4.84(ZnO)95.16,unknown,n,11,5,0,2,0.10468665879073374,2.8970615704137974,2.792374911623064,0.08755177987236698,17.4804156730061,17.392863893133732,,,,0.0913727386087993,18.739186042713683,18.647813304104883,,0.0140814496810809,0.2546850816159122,0.0127510903585617,unknown,no,no,not_evaluated,primary DOI test sample aggregate,sigma ML error propagated to ZT error; possible missing structure/additive feature,True
10.1109_ict.2002.1190285__sample_29736,10.1109/ict.2002.1190285,https://doi.org/10.1109/ict.2002.1190285,,29736,(TiB2)19.46(ZnO)80.54,unknown,n,11,3,0,0,0.11985302777346507,1.675044321834942,1.555191294061477,0.07643612122129044,3.909811927254738,3.8333758060334473,,,,,,,,,,,unknown,no,no,not_evaluated,primary DOI test sample aggregate,sigma ML error propagated to ZT error; possible missing structure/additive feature,True
10.1109_ict.2002.1190307__sample_18919,10.1109/ict.2002.1190307,https://doi.org/10.1109/ict.2002.1190307,,18919,Na1.6Co2O4,unknown,p,32,0,0,0,0.22602767553027278,1.5302293299041685,1.3042016543738957,,,,,,,,,,,,,,unknown,no,no,not_evaluated,primary DOI test sample aggregate,sigma ML error propagated to ZT error; possible missing structure/additive feature,True
10.1109_ict.2002.1190307__sample_18920,10.1109/ict.2002.1190307,https://doi.org/10.1109/ict.2002.1190307,,18920,Na1.6Co2O4,unknown,p,33,0,0,0,0.27372221740547054,1.3641902752124468,1.0904680578069763,,,,,,,,,,,,,,unknown,no,no,not_evaluated,primary DOI test sample aggregate,sigma ML error propagated to ZT error; possible missing structure/additive feature,True
10.1109_ict.2002.1190307__sample_18921,10.1109/ict.2002.1190307,https://doi.org/10.1109/ict.2002.1190307,,18921,Na1.6Co2O4,unknown,p,33,0,0,0,0.21185626265819135,1.4188840005202488,1.2070277378620573,,,,,,,,,,,,,,unknown,no,no,not_evaluated,primary DOI test sample aggregate,sigma ML error propagated to ZT error; possible missing structure/additive feature,True
10.1109_ict.2005.1519977__sample_15069,10.1109/ict.2005.1519977,https://doi.org/10.1109/ict.2005.1519977,,15069,CaB6,unknown,n,9,0,0,0,0.1475469187616886,2.3783909083483112,2.2308439895866226,,,,,,,,,,0.2314755,,,,unknown,no,no,not_evaluated,primary DOI test sample aggregate,sigma ML error propagated to ZT error; possible missing structure/additive feature,True
10.1109_ict.2005.1519977__sample_15070,10.1109/ict.2005.1519977,https://doi.org/10.1109/ict.2005.1519977,,15070,Ca0.75B4.5Sr0.25B1.5,unknown,n,9,0,0,0,0.11232595099466597,1.950066398575956,1.8377404475812902,,,,,,,,,,0.2566948,,,,unknown,no,no,not_evaluated,primary DOI test sample aggregate,sigma ML error propagated to ZT error; possible missing structure/additive feature,True
10.1109_ict.2005.1519977__sample_15071,10.1109/ict.2005.1519977,https://doi.org/10.1109/ict.2005.1519977,,15071,Ca0.5B3Sr0.5B3,unknown,n,9,0,0,0,0.10094651491052858,1.9600698187442782,1.8591233038337496,,,,,,,,,,0.3457217,,,,unknown,no,no,not_evaluated,primary DOI test sample aggregate,sigma ML error propagated to ZT error; possible missing structure/additive feature,True
10.1109_ict.2005.1519977__sample_15072,10.1109/ict.2005.1519977,https://doi.org/10.1109/ict.2005.1519977,,15072,Ca0.25B1.5Sr0.75B4.5,unknown,n,9,0,0,0,0.09693027694587274,1.7659468279584563,1.6690165510125836,,,,,,,,,,0.2619503,,,,unknown,no,no,not_evaluated,primary DOI test sample aggregate,sigma ML error propagated to ZT error; possible missing structure/additive feature,True
10.1109_ict.2005.1519977__sample_15073,10.1109/ict.2005.1519977,https://doi.org/10.1109/ict.2005.1519977,,15073,SrB6,unknown,n,9,0,0,0,0.10927410560347604,1.711722020175778,1.6024479145723018,,,,,,,,,,0.2522925,,,,unknown,no,no,not_evaluated,primary DOI test sample aggregate,sigma ML error propagated to ZT error; possible missing structure/additive feature,True
10.1109_ict.2006.331291__sample_26583,10.1109/ict.2006.331291,https://doi.org/10.1109/ict.2006.331291,,26583,CaMn0.9Yb0.1O3,unknown,n,36,0,0,0,0.25553633308655993,1.18384304480362,0.92830671171706,,,,,,,,,,,,,,unknown,no,no,not_evaluated,primary DOI test sample aggregate,sigma ML error propagated to ZT error; possible missing structure/additive feature,True
10.1109_ict.2006.331291__sample_26584,10.1109/ict.2006.331291,https://doi.org/10.1109/ict.2006.331291,,26584,CaMn0.85Yb0.15O3,unknown,n,29,0,0,0,0.21805779754187343,1.3845730930037667,1.1665152954618934,,,,,,,,,,,,,,unknown,no,no,not_evaluated,primary DOI test sample aggregate,sigma ML error propagated to ZT error; possible missing structure/additive feature,True
10.1109_ict.2006.331327__sample_16087,10.1109/ict.2006.331327,https://doi.org/10.1109/ict.2006.331327,,16087,Ag9TlTe5.0,unknown,p,15,0,0,0,0.5198019622241299,5.76012123577819,5.24031927355406,,,,,,,,,,,,,,unknown,no,no,not_evaluated,primary DOI test sample aggregate,sigma ML error propagated to ZT error; possible missing structure/additive feature,True
10.1109_ict.2006.331327__sample_16088,10.1109/ict.2006.331327,https://doi.org/10.1109/ict.2006.331327,,16088,Ag9TlTe5.05,unknown,p,16,0,0,0,0.5803094542954949,2.3970587665506984,1.8167493122552036,,,,,,,,,,,,,,unknown,no,no,not_evaluated,primary DOI test sample aggregate,sigma ML error propagated to ZT error; possible missing structure/additive feature,True
10.1109_ict.2006.331327__sample_16089,10.1109/ict.2006.331327,https://doi.org/10.1109/ict.2006.331327,,16089,Ag9TlTe5.1,unknown,p,14,0,0,0,0.40263543349899844,1.742495612613775,1.3398601791147766,,,,,,,,,,,,,,unknown,no,no,not_evaluated,primary DOI test sample aggregate,sigma ML error propagated to ZT error; possible missing structure/additive feature,True
10.1109_ict.2007.4569455__sample_5194,10.1109/ict.2007.4569455,https://doi.org/10.1109/ict.2007.4569455,,5194,Ba0.125Yb0.125(Ir0.05Co0.95)4Sb12,unknown,n,21,1,0,0,0.10163793112618306,0.13762772134867846,0.03598979022249539,0.013885190115835331,0.07596603562676943,0.062080845510934096,,,,,,,1.024414,,,,unknown,no,no,not_evaluated,primary DOI test sample aggregate,ML missed high ZT; possible missing structure/additive feature,True
10.1109_jictee.2014.6804067__sample_23514,10.1109/jictee.2014.6804067,https://doi.org/10.1109/jictee.2014.6804067,,23514,CuBO2,unknown,p,5,5,0,0,0.8696727006584566,7.726510066110737,6.8568373654522805,0.8483434012672235,3011.2621867573052,3010.413843356038,,,,,,,,,,,unknown,no,no,not_evaluated,primary DOI test sample aggregate,sigma ML error propagated to ZT error; possible missing structure/additive feature,True
10.1111_ijac.12476__sample_16970,10.1111/ijac.12476,https://doi.org/10.1111/ijac.12476,,16970,(GeTe)90(AgSbTe2)10,unknown,p,5,5,5,5,0.1302413113671092,1.7155844390156914,1.585343127648582,0.10056457926388851,0.8177339251377411,0.7171693458738526,0.11667492580296053,0.8152182040142488,0.6985432782112883,0.10056457926390347,0.8177339251376996,0.7171693458737961,1.104396,1.0897383346777,0.1969715552912662,1.0980840399365537,unknown,no,no,ML_much_worse,primary DOI test sample aggregate,ML tau prediction much worse than fitting; sigma ML error propagated to ZT error; ML missed high ZT; possible missing structure/additive feature,True
10.1126_sciadv.aaw6183__sample_41676,10.1126/sciadv.aaw6183,https://doi.org/10.1126/sciadv.aaw6183,,41676,YbRh2Zn20,unknown,n,32,0,0,0,0.0644205731998876,2.675876654061083,2.6114560808611955,,,,,,,,,,,,,,unknown,no,no,not_evaluated,primary DOI test sample aggregate,sigma ML error propagated to ZT error; possible missing structure/additive feature,True
10.1126_sciadv.aaw6183__sample_41677,10.1126/sciadv.aaw6183,https://doi.org/10.1126/sciadv.aaw6183,,41677,YbIr2Zn20,unknown,n,34,0,0,0,0.11206385457084113,2.617069901144623,2.5050060465737816,,,,,,,,,,,,,,unknown,no,no,not_evaluated,primary DOI test sample aggregate,sigma ML error propagated to ZT error; possible missing structure/additive feature,True
10.1126_science.1156446__sample_9108,10.1126/science.1156446,https://doi.org/10.1126/science.1156446,,9108,BiSbTe alloy,unknown,p,16,16,16,16,0.14395329056472655,1.2069304576541022,1.0629771670893757,0.134398513636349,0.6951391002418947,0.5607405866055457,0.13051305411957514,0.6956401822673877,0.5651271281478125,0.1343985136363368,0.6951391002418834,0.5607405866055466,1.050943,0.9361061751833102,0.2824252781106379,1.051366701716796,unknown,no,no,ML_much_worse,primary DOI test sample aggregate,ML tau prediction much worse than fitting; sigma ML error propagated to ZT error; ML missed high ZT; possible missing structure/additive feature,True
10.1134_s0020168511050104__sample_6896,10.1134/s0020168511050104,https://doi.org/10.1134/s0020168511050104,,6896,Bi2Te2.82Se0.18,unknown,n,10,9,0,9,0.6050813863306993,1.3539291721372033,0.748847785806504,0.4332943856088848,0.6869183365592485,0.2536239509503637,,,,0.4332943856088794,0.6869183365592398,0.25362395095036044,,1.4022977687803866,0.4176607008635068,0.8629407044258206,unknown,no,no,not_evaluated,primary DOI test sample aggregate,sigma ML error propagated to ZT error; possible missing structure/additive feature,True
10.1134_s0020168511050104__sample_6898,10.1134/s0020168511050104,https://doi.org/10.1134/s0020168511050104,,6898,Bi2Te2.82Se0.18,unknown,n,18,18,0,18,0.5944255307485671,0.780368986492935,0.18594345574436788,0.46113727152221806,1.0691040324720258,0.6079667609498077,,,,0.4611372715222135,1.0691040324720038,0.6079667609497903,,1.0423558033262794,1.7282096715386803,0.6178617763406163,unknown,no,no,not_evaluated,primary DOI test sample aggregate,ML false high-ZT prediction; possible missing structure/additive feature,True
10.1134_s0020168520080063__sample_41824,10.1134/s0020168520080063,https://doi.org/10.1134/s0020168520080063,,41824,PbTe0.96I0.04,unknown,n,11,11,10,11,0.5737359040853481,0.5813740092319936,0.007638105146645424,0.5302468387668678,0.5914200667203523,0.061173227953484455,0.5378527456996949,0.5908220357703273,0.05296929007063245,0.5302468387668449,0.5914200667203351,0.06117322795349023,0.9004752,1.5542462330203386,1.7073128859588529,0.9074614499694204,unknown,no,no,ML_close_to_fitting,primary DOI test sample aggregate,ML false high-ZT prediction; possible missing structure/additive feature,True
10.1134_s1063782614040095__sample_17141,10.1134/s1063782614040095,https://doi.org/10.1134/s1063782614040095,,17141,ZnSbPb0.02Cu0.0015,unknown,p,10,3,1,1,0.12378763751603802,0.9669588576794748,0.8431712201634367,0.1134770433343996,0.6012033275092027,0.48772628417480307,0.022405904947612024,0.6253126617563546,0.6029067568087425,0.056154102693289104,0.595202577924688,0.5390484752313989,0.7142963,0.2894940595331781,0.1109558242554863,0.274102101951734,unknown,no,no,ML_much_worse,primary DOI test sample aggregate,ML tau prediction much worse than fitting; possible missing structure/additive feature,True
10.1134_s1063782614040095__sample_17145,10.1134/s1063782614040095,https://doi.org/10.1134/s1063782614040095,,17145,Zn0.97Cd0.03Sb(ZnSn)0.025,unknown,p,8,4,1,3,0.04520105706837771,0.725379730455504,0.6801786733871262,0.029196947653862083,1.0456686651049898,1.0164717174511277,0.1003773021966766,0.855566816933484,0.7551895147368074,0.02973131256296782,1.0210512739755833,0.9913199614126155,0.7179902,0.6253125069521932,1.2897730803671277,0.656544351364251,unknown,no,no,ML_much_worse,primary DOI test sample aggregate,ML tau prediction much worse than fitting; ML false high-ZT prediction; possible missing structure/additive feature,True
10.1134_s1063782614040095__sample_17148,10.1134/s1063782614040095,https://doi.org/10.1134/s1063782614040095,,17148,Zn0.97Cd0.03Sb,unknown,p,8,4,3,4,0.21017464178261103,0.5709087220013118,0.3607340802187008,0.1996577285186769,0.8053217312089034,0.6056640026902265,0.18442141352359354,0.7338523424732618,0.5494309289496683,0.19965772851866692,0.805321731208871,0.605664002690204,0.9187156,0.7703318151425355,1.3098072180857705,0.9551946106055782,unknown,no,no,ML_much_worse,primary DOI test sample aggregate,ML tau prediction much worse than fitting; ML false high-ZT prediction; possible missing structure/additive feature,True
10.1134_s1063782614040095__sample_17149,10.1134/s1063782614040095,https://doi.org/10.1134/s1063782614040095,,17149,Zn0.97Cd0.03Sb,unknown,p,9,6,2,5,0.06427676138812088,0.4469808543422516,0.3827040929541307,0.05339066807528742,0.5193940163816444,0.466003348306357,0.053026593449957,0.6181703085309758,0.5651437150810188,0.041667716722173946,0.5468690118374793,0.5052012951153053,0.8803808,0.8944847576945408,1.3921199519706666,0.911595655855231,unknown,no,no,ML_much_worse,primary DOI test sample aggregate,ML tau prediction much worse than fitting; ML false high-ZT prediction; possible missing structure/additive feature,True
10.1134_s1063782614040095__sample_17150,10.1134/s1063782614040095,https://doi.org/10.1134/s1063782614040095,,17150,Zn0.97Cd0.03Sb,unknown,p,8,4,3,3,0.13843085848011355,0.5325027318983742,0.3940718734182606,0.0776875362762737,0.6676551635946577,0.589967627318384,0.14791256526179072,0.42493818889571755,0.2770256236339268,0.10267416082825008,0.6676303508490005,0.5649561900207504,0.8732803,0.6235543269585995,1.0427643186728377,0.7407320311152182,unknown,no,no,ML_moderately_worse,primary DOI test sample aggregate,ML false high-ZT prediction; possible missing structure/additive feature,True
10.1134_s1063782614040095__sample_17151,10.1134/s1063782614040095,https://doi.org/10.1134/s1063782614040095,,17151,Zn0.97Cd0.03Sb,unknown,p,8,6,0,5,0.12447316672421144,0.47741451326782247,0.35294134654361103,0.10954605895434312,0.6524200631642265,0.5428740042098834,,,,0.11651048123286216,0.6421082214855914,0.5255977402527293,,0.8299365713204481,1.3158678723460595,0.9015776078058592,unknown,no,no,not_evaluated,primary DOI test sample aggregate,ML false high-ZT prediction; possible missing structure/additive feature,True
10.1134_s1063782619050063__sample_40306,10.1134/s1063782619050063,https://doi.org/10.1134/s1063782619050063,,40306,Mg2(Ge0.02Si0.8Sn0.18)0.99Sb0.01,unknown,n,10,4,1,4,0.14204196577877093,0.6337513571236114,0.4917093913448405,0.1353861408072281,0.9752721666046915,0.8398860257974634,0.04494108805236711,0.7711803086872284,0.7262392206348613,0.13538614080719688,0.9752721666046422,0.8398860257974453,0.3051731,1.512144715034217,2.804309671004797,1.0912334281305875,unknown,no,no,ML_much_worse,primary DOI test sample aggregate,ML tau prediction much worse than fitting; ML false high-ZT prediction; possible missing structure/additive feature,True
10.1134_s1063782619050063__sample_40307,10.1134/s1063782619050063,https://doi.org/10.1134/s1063782619050063,,40307,Mg2(Ge0.03Si0.8Sn0.17)0.99Sb0.01,unknown,n,10,9,5,8,0.12718496943658242,0.34301166361420055,0.21582669417761813,0.10940791528244263,0.40536005957138177,0.2959521442889391,0.14751291200731848,0.39898785787162416,0.2514749458643057,0.11098053352696001,0.392492745783588,0.281512212256628,0.929456,1.0754964785621186,1.4789660045608817,0.9287057034496488,unknown,no,no,ML_moderately_worse,primary DOI test sample aggregate,ML false high-ZT prediction; possible missing structure/additive feature,True
10.1142_s0217979213501087__sample_30389,10.1142/s0217979213501087,https://doi.org/10.1142/s0217979213501087,,30389,Ca2.9Ce0.1Co4O9,unknown,p,51,0,0,0,0.6425915103063308,3.239632527360423,2.5970410170540923,,,,,,,,,,,,,,unknown,no,no,not_evaluated,primary DOI test sample aggregate,sigma ML error propagated to ZT error; possible missing structure/additive feature,True
10.1142_s0217979213501087__sample_30390,10.1142/s0217979213501087,https://doi.org/10.1142/s0217979213501087,,30390,Ca2.9Ce0.1Co4O9,unknown,p,52,0,0,0,0.756406115638317,3.0521520945859684,2.2957459789476515,,,,,,,,,,,,,,unknown,no,no,not_evaluated,primary DOI test sample aggregate,sigma ML error propagated to ZT error; possible missing structure/additive feature,True
10.1142_s1793604713400031__sample_27587,10.1142/s1793604713400031,https://doi.org/10.1142/s1793604713400031,,27587,CeFe4Sb12,unknown,p,21,7,4,4,0.08716193867575601,1.2463176163512069,1.1591556776754508,0.03759937158744176,0.7116053587589627,0.6740059871715209,0.025648188074347447,0.7189573544570302,0.6933091663826828,0.03303894413826642,0.721089148754884,0.6880502046166175,0.8565281,0.818266444768307,0.2360212846961616,0.8384579089301889,unknown,no,no,ML_much_worse,primary DOI test sample aggregate,ML tau prediction much worse than fitting; sigma ML error propagated to ZT error; possible missing structure/additive feature,True
10.1142_s1793604713400031__sample_27588,10.1142/s1793604713400031,https://doi.org/10.1142/s1793604713400031,,27588,CeFe3.95Mn0.05Sb12,unknown,p,21,7,3,5,0.0888859832427629,1.0858180544754275,0.9969320712326646,0.05130569294949549,0.6736804095022707,0.6223747165527752,0.029621655452442414,0.6619286295088145,0.632306974056372,0.04251407451842108,0.6687625680042494,0.6262484934858283,0.8737581,0.9202867828794956,0.3118466447817736,0.9073805269180512,unknown,no,no,ML_much_worse,primary DOI test sample aggregate,ML tau prediction much worse than fitting; sigma ML error propagated to ZT error; possible missing structure/additive feature,True
10.1142_s1793604713400031__sample_27589,10.1142/s1793604713400031,https://doi.org/10.1142/s1793604713400031,,27589,CeFe3.9Mn0.1Sb12,unknown,p,21,6,2,5,0.08775738038406065,1.0541417476776827,0.966384367293622,0.08563087931132747,0.6352586395839876,0.5496277602726601,0.06057851131736894,0.6290425702405422,0.5684640589231733,0.09590114502799718,0.634662141498962,0.5387609964709649,0.8314099,1.000923253503096,0.3500918730144576,0.8912660469971192,unknown,no,no,ML_much_worse,primary DOI test sample aggregate,ML tau prediction much worse than fitting; sigma ML error propagated to ZT error; possible missing structure/additive feature,True
10.1142_s1793604713400031__sample_27590,10.1142/s1793604713400031,https://doi.org/10.1142/s1793604713400031,,27590,CeFe3.85Mn0.15Sb12,unknown,p,21,7,3,5,0.08598961774795019,1.0182362356536345,0.9322466179056843,0.04959161007874837,0.6332486413939646,0.5836570313152163,0.05292127582499676,0.6366967732011801,0.5837754973761834,0.039606458894383224,0.637639889968242,0.5980334310738588,0.9731407,0.8509069609303168,0.3084944793401775,0.8799327351397672,unknown,no,no,ML_much_worse,primary DOI test sample aggregate,ML tau prediction much worse than fitting; sigma ML error propagated to ZT error; possible missing structure/additive feature,True
10.1143_jjap.46.3309__sample_8383,10.1143/jjap.46.3309,https://doi.org/10.1143/jjap.46.3309,,8383,(Mg2Si)P0.0005,unknown,n,7,0,0,0,0.16342354445238794,1.5793833906940076,1.4159598462416196,,,,,,,,,,,,,,unknown,no,no,not_evaluated,primary DOI test sample aggregate,sigma ML error propagated to ZT error; possible missing structure/additive feature,True
10.1143_jjap.46.3309__sample_8384,10.1143/jjap.46.3309,https://doi.org/10.1143/jjap.46.3309,,8384,(Mg2Si)P0.002,unknown,n,7,0,0,0,0.23248231208580025,1.0951358791138435,0.8626535670280432,,,,,,,,,,,,,,unknown,no,no,not_evaluated,primary DOI test sample aggregate,sigma ML error propagated to ZT error; possible missing structure/additive feature,True
10.1143_jpsj.72.1745__sample_17759,10.1143/jpsj.72.1745,https://doi.org/10.1143/jpsj.72.1745,,17759,Yb2Pt3Sn5,unknown,n,38,0,0,0,0.3157567925871259,2.7650840617061827,2.4493272691190566,,,,,,,,,,,,,,unknown,no,no,not_evaluated,primary DOI test sample aggregate,sigma ML error propagated to ZT error; possible missing structure/additive feature,True
10.1146_annurev-matsci-062910-100445__sample_26821,10.1146/annurev-matsci-062910-100445,https://doi.org/10.1146/annurev-matsci-062910-100445,,26821,In0.53Ga0.27Al0.20As(ErAs)0.006,unknown,p,18,1,0,0,0.35710030580748126,0.359425726944307,0.002325421136825767,0.004988060539886107,0.0364680984633824,0.031480037923496296,,,,,,,1.189046,,,,unknown,no,no,not_evaluated,primary DOI test sample aggregate,ML missed high ZT; possible missing structure/additive feature,True
10.1149_1.2427584__sample_13979,10.1149/1.2427584,https://doi.org/10.1149/1.2427584,,13979,Ag2Se,unknown,p,10,0,0,0,0.1932224507365749,1.4581345855324368,1.2649121347958618,,,,,,,,,,,,,,unknown,no,no,not_evaluated,primary DOI test sample aggregate,sigma ML error propagated to ZT error; possible missing structure/additive feature,True
10.1149_1.2427584__sample_13980,10.1149/1.2427584,https://doi.org/10.1149/1.2427584,,13980,Ag2SeP0.001,unknown,p,11,0,0,0,0.2480048558918496,1.8470157701407262,1.5990109142488766,,,,,,,,,,,,,,unknown,no,no,not_evaluated,primary DOI test sample aggregate,sigma ML error propagated to ZT error; possible missing structure/additive feature,True
10.1149_1.2427584__sample_13981,10.1149/1.2427584,https://doi.org/10.1149/1.2427584,,13981,Hg0.001Ag2Se,unknown,p,10,0,0,0,0.490349703435778,3.345175079143231,2.8548253757074527,,,,,,,,,,,,,,unknown,no,no,not_evaluated,primary DOI test sample aggregate,sigma ML error propagated to ZT error; possible missing structure/additive feature,True
10.1155_2014_284634__sample_15260,10.1155/2014/284634,https://doi.org/10.1155/2014/284634,,15260,(GeTe)0.95(Bi2Te3)0.05,unknown,p,41,0,0,0,0.4140996685414917,1.304952859029576,0.8908531904880843,,,,,,,,,,,,,,unknown,no,no,not_evaluated,primary DOI test sample aggregate,sigma ML error propagated to ZT error; possible missing structure/additive feature,True
10.1155_2014_284634__sample_15262,10.1155/2014/284634,https://doi.org/10.1155/2014/284634,,15262,(GeTe)0.95(Bi2Te3)0.05,unknown,p,50,0,0,0,0.17549895765241721,1.2603544504449378,1.0848554927925205,,,,,,,,,,,,,,unknown,no,no,not_evaluated,primary DOI test sample aggregate,sigma ML error propagated to ZT error; possible missing structure/additive feature,True
10.1155_2015_202415__sample_28952,10.1155/2015/202415,https://doi.org/10.1155/2015/202415,,28952,Bi2Te3,unknown,n,8,0,0,0,0.08384926035297577,1.1288425902732053,1.0449933299202296,,,,,,,,,,,,,,unknown,no,no,not_evaluated,primary DOI test sample aggregate,sigma ML error propagated to ZT error; possible missing structure/additive feature,True
10.1186_s11671-016-1407-8__sample_26544,10.1186/s11671-016-1407-8,https://doi.org/10.1186/s11671-016-1407-8,,26544,TiO2/SrNb0.15Ti0.85O3,unknown,n,7,0,0,0,0.23319806630200934,2.3556486203923512,2.122450554090342,,,,,,,,,,0.05754883,,,,unknown,no,no,not_evaluated,primary DOI test sample aggregate,sigma ML error propagated to ZT error; possible missing structure/additive feature,True
10.12693_aphyspola.130.1255__sample_778,10.12693/aphyspola.130.1255,https://doi.org/10.12693/aphyspola.130.1255,,778,PbTe,unknown,p,8,4,2,4,0.5189673671063371,1.6787878427734768,1.1598204756671397,0.33945888040490574,5.293230543627349,4.953771663222443,0.6186990048185994,6.98993009051203,6.371231085693431,0.3394588804048714,5.293230543626688,4.953771663221817,0.1285347,0.1148534534050668,0.5669189025437151,0.0613728794523646,unknown,no,no,ML_much_worse,primary DOI test sample aggregate,ML tau prediction much worse than fitting; sigma ML error propagated to ZT error; possible missing structure/additive feature,True
10.1515_amm-2017-0171__sample_14241,10.1515/amm-2017-0171,https://doi.org/10.1515/amm-2017-0171,,14241,Bi0.5Sb1.5Te3,unknown,p,5,5,5,5,0.06254969841929371,0.25623328934898343,0.19368359092968973,0.04893707748291851,0.21845024202139512,0.16951316453847662,0.04878984807962074,0.21998371426796343,0.1711938661883427,0.04893707748291616,0.2184502420213843,0.16951316453846815,1.077754,1.1685467598545671,0.9114481557267622,1.0811163692874524,unknown,no,no,ML_moderately_worse,primary DOI test sample aggregate,ML missed high ZT; possible missing structure/additive feature,True
10.1515_msp-2015-0004__sample_11089,10.1515/msp-2015-0004,https://doi.org/10.1515/msp-2015-0004,,11089,PbTe,unknown,p,88,0,0,0,0.4285810450029537,1.5542439995003847,1.125662954497431,,,,,,,,,,,,,,unknown,no,no,not_evaluated,primary DOI test sample aggregate,sigma ML error propagated to ZT error; possible missing structure/additive feature,True
10.15541_jim20140335__sample_16093,10.15541/jim20140335,https://doi.org/10.15541/jim20140335,,16093,C,unknown,p,6,6,6,6,0.3056331476596328,6.031816419253259,5.7261832715936265,0.27946515593140575,0.9974571179976999,0.7179919620662941,0.1648342234016742,0.9979706831629883,0.8331364597613141,0.27946515593140975,0.9974571179976998,0.71799196206629,0.0001752153,0.0001268400603409,3.069282488033365e-07,0.0001730374241418,unknown,no,no,ML_much_worse,primary DOI test sample aggregate,ML tau prediction much worse than fitting; sigma ML error propagated to ZT error; possible missing structure/additive feature,True
10.15541_jim20140335__sample_16094,10.15541/jim20140335,https://doi.org/10.15541/jim20140335,,16094,C,unknown,p,6,6,6,6,0.3011947912026918,6.5052655358138445,6.204070744611153,0.2745824291299957,0.9984196689332369,0.7238372398032411,0.26478984776959624,0.9984413992617172,0.7336515514921209,0.274582429129863,0.9984196689332365,0.7238372398033734,0.000404651,0.000296812237096,4.470032686785508e-07,0.0004054668092322,unknown,no,no,ML_much_worse,primary DOI test sample aggregate,ML tau prediction much worse than fitting; sigma ML error propagated to ZT error; possible missing structure/additive feature,True
10.15541_jim20140335__sample_16095,10.15541/jim20140335,https://doi.org/10.15541/jim20140335,,16095,C,unknown,p,6,6,3,3,0.2974459888469561,6.6464805490778,6.349034560230844,0.26994931524651206,0.9986295232674514,0.7286802080209394,0.13449091673708333,0.9988593307362681,0.8643684139991847,0.13851957044018565,0.9988722925650778,0.8603527221248921,0.0006811943,0.0003644553718543,4.764381360358179e-07,0.000468803350011,unknown,no,no,ML_much_worse,primary DOI test sample aggregate,ML tau prediction much worse than fitting; sigma ML error propagated to ZT error; possible missing structure/additive feature,True
10.15541_jim20140335__sample_16096,10.15541/jim20140335,https://doi.org/10.15541/jim20140335,,16096,C,unknown,p,6,6,6,6,0.3089809532347593,7.233542013092957,6.924561059858197,0.2833005798674219,0.9992358211230673,0.7159352412556454,0.27305665395568407,0.999245541780386,0.726188887824702,0.28330057986741286,0.9992358211230671,0.7159352412556542,0.0006940899,0.0004943047558742,3.592317004903238e-07,0.0006891456200066,unknown,no,no,ML_much_worse,primary DOI test sample aggregate,ML tau prediction much worse than fitting; sigma ML error propagated to ZT error; possible missing structure/additive feature,True
10.15541_jim20140403__sample_1247,10.15541/jim20140403,https://doi.org/10.15541/jim20140403,,1247,Ba8Ga16Si30,unknown,n,8,8,1,3,0.04292546861356106,1.2655289737226363,1.2226035051090753,0.0336146229037827,0.7174419475306628,0.6838273246268801,0.0389137181958405,0.7286896364797326,0.6897759182838921,0.05527486493177056,0.7171124537734332,0.6618375888416627,0.1324908,0.1792806192555885,0.0506101178460936,0.1650746253463134,unknown,no,no,ML_much_worse,primary DOI test sample aggregate,ML tau prediction much worse than fitting; sigma ML error propagated to ZT error; possible missing structure/additive feature,True
10.15541_jim20140403__sample_1249,10.15541/jim20140403,https://doi.org/10.15541/jim20140403,,1249,Ba8Ga15CuSi30,unknown,n,8,7,4,4,0.04570515829216647,1.6312118431075229,1.5855066848153565,0.03449211119741375,0.8049310558100705,0.7704389446126567,0.041358620348744,0.8120811547311093,0.7707225343823653,0.025723780257915562,0.8092195197703347,0.7834957395124191,0.1677245,0.1327289551112031,0.02599067213526,0.1351388643583231,unknown,no,no,ML_much_worse,primary DOI test sample aggregate,ML tau prediction much worse than fitting; sigma ML error propagated to ZT error; possible missing structure/additive feature,True
10.1557_jmr.2006.0055__sample_7304,10.1557/jmr.2006.0055,https://doi.org/10.1557/jmr.2006.0055,,7304,TiS2,unknown,n,24,0,0,0,0.1847543140500884,2.7374853890306086,2.55273107498052,,,,,,,,,,,,,,unknown,no,no,not_evaluated,primary DOI test sample aggregate,sigma ML error propagated to ZT error; possible missing structure/additive feature,True
10.1557_jmr.2006.0055__sample_7305,10.1557/jmr.2006.0055,https://doi.org/10.1557/jmr.2006.0055,,7305,Gd0.025TiS2,unknown,n,25,0,0,0,0.5231387861437924,1.1254049594493531,0.6022661733055608,,,,,,,,,,,,,,unknown,no,no,not_evaluated,primary DOI test sample aggregate,sigma ML error propagated to ZT error; possible missing structure/additive feature,True
10.1557_jmr.2011.153__sample_19934,10.1557/jmr.2011.153,https://doi.org/10.1557/jmr.2011.153,,19934,RuIn2.99Sn0.01,unknown,n,20,0,0,0,0.1710170207334552,1.7688031523921586,1.5977861316587034,,,,,,,,,,,,,,unknown,no,no,not_evaluated,primary DOI test sample aggregate,sigma ML error propagated to ZT error; possible missing structure/additive feature,True
10.1557_jmr.2011.153__sample_19935,10.1557/jmr.2011.153,https://doi.org/10.1557/jmr.2011.153,,19935,RuIn2.975Sn0.025,unknown,n,21,0,0,0,0.1392711346437567,1.4947494731272393,1.3554783384834825,,,,,,,,,,,,,,unknown,no,no,not_evaluated,primary DOI test sample aggregate,sigma ML error propagated to ZT error; possible missing structure/additive feature,True
10.1557_jmr.2011.153__sample_19936,10.1557/jmr.2011.153,https://doi.org/10.1557/jmr.2011.153,,19936,RuIn2.95Sn0.05,unknown,n,18,0,0,0,0.1071342047034569,1.6180343191791087,1.5109001144756518,,,,,,,,,,,,,,unknown,no,no,not_evaluated,primary DOI test sample aggregate,sigma ML error propagated to ZT error; possible missing structure/additive feature,True
10.1557_jmr.2011.153__sample_19939,10.1557/jmr.2011.153,https://doi.org/10.1557/jmr.2011.153,,19939,RuIn2.975Zn0.025,unknown,p,20,0,0,0,0.18255065076806773,1.276807131204061,1.0942564804359933,,,,,,,,,,,,,,unknown,no,no,not_evaluated,primary DOI test sample aggregate,sigma ML error propagated to ZT error; possible missing structure/additive feature,True
10.1557_jmr.2011.153__sample_19941,10.1557/jmr.2011.153,https://doi.org/10.1557/jmr.2011.153,,19941,RuIn2.9Zn0.1,unknown,p,21,0,0,0,0.1827459500262209,1.2807001294171103,1.0979541793908894,,,,,,,,,,,,,,unknown,no,no,not_evaluated,primary DOI test sample aggregate,sigma ML error propagated to ZT error; possible missing structure/additive feature,True
10.1557_jmr.2011.329__sample_11702,10.1557/jmr.2011.329,https://doi.org/10.1557/jmr.2011.329,,11702,Hf0.6Zr0.4NiSn0.98Sb0.02,unknown,n,9,0,0,0,0.10867511843834161,1.0208887298962042,0.9122136114578625,,,,,,,,,,,,,,unknown,no,no,not_evaluated,primary DOI test sample aggregate,sigma ML error propagated to ZT error; possible missing structure/additive feature,True
10.1557_opl.2013.217__sample_82401,10.1557/opl.2013.217,https://doi.org/10.1557/opl.2013.217,,82401,Ti24.3Nb5.9Ni27Cu5.7Sn31.6Sb1.5,unknown,n,25,0,0,0,0.12703524017294865,3.2100899173400292,3.0830546771670804,,,,,,,,,,,,,,unknown,no,no,not_evaluated,primary DOI test sample aggregate,sigma ML error propagated to ZT error; possible missing structure/additive feature,True
10.1557_opl.2013.217__sample_82402,10.1557/opl.2013.217,https://doi.org/10.1557/opl.2013.217,,82402,Ti15.6Nb12.3Ni27.7Cu5.1Sn31.2Sb1.5,unknown,n,23,0,0,0,0.11584996515076229,3.3688199460516475,3.252969980900885,,,,,,,,,,,,,,unknown,no,no,not_evaluated,primary DOI test sample aggregate,sigma ML error propagated to ZT error; possible missing structure/additive feature,True
10.2320_jinstmet.74.321__sample_17115,10.2320/jinstmet.74.321,https://doi.org/10.2320/jinstmet.74.321,,17115,Zn4Sb3,unknown,p,28,6,0,0,0.14719574050652687,0.7816428098553929,0.6344470693488661,0.15529171579122977,1.2011188554908534,1.0458271396996237,,,,,,,1.149671,,,,unknown,no,no,not_evaluated,primary DOI test sample aggregate,ML missed high ZT; possible missing structure/additive feature,True
10.2320_jinstmet.74.321__sample_17116,10.2320/jinstmet.74.321,https://doi.org/10.2320/jinstmet.74.321,,17116,Zn4Sb3,unknown,p,28,8,0,0,0.14897180077764094,0.7130442534166559,0.564072452639015,0.14205250526623983,1.1427568484904815,1.0007043432242417,,,,,,,1.302632,,,,unknown,no,no,not_evaluated,primary DOI test sample aggregate,ML missed high ZT; possible missing structure/additive feature,True
10.2320_jinstmet.74.321__sample_17117,10.2320/jinstmet.74.321,https://doi.org/10.2320/jinstmet.74.321,,17117,Zn4Sb3,unknown,p,28,4,0,0,0.12840734545402005,0.7789720505196485,0.6505647050656285,0.09774953540676551,1.1698053713252787,1.0720558359185133,,,,,,,1.199013,,,,unknown,no,no,not_evaluated,primary DOI test sample aggregate,ML missed high ZT; possible missing structure/additive feature,True
10.2320_matertrans.47.1445__sample_11921,10.2320/matertrans.47.1445,https://doi.org/10.2320/matertrans.47.1445,,11921,TiCoSb,unknown,n,14,0,0,0,0.41072024916041766,2.621586099530741,2.2108658503703236,,,,,,,,,,,,,,unknown,no,no,not_evaluated,primary DOI test sample aggregate,sigma ML error propagated to ZT error; possible missing structure/additive feature,True
10.2320_matertrans.47.1445__sample_11926,10.2320/matertrans.47.1445,https://doi.org/10.2320/matertrans.47.1445,,11926,Ti0.50(Zr0.25Hf0.75)0.50CoSb,unknown,n,14,0,0,0,0.4008685794337202,1.6589667634393968,1.2580981840056766,,,,,,,,,,,,,,unknown,no,no,not_evaluated,primary DOI test sample aggregate,sigma ML error propagated to ZT error; possible missing structure/additive feature,True
10.2320_matertrans.47.1445__sample_11930,10.2320/matertrans.47.1445,https://doi.org/10.2320/matertrans.47.1445,,11930,Ti0.75(Zr0.75Hf0.25)0.25CoSb,unknown,n,14,0,0,0,0.3901889382687575,2.0779967721080554,1.6878078338392979,,,,,,,,,,,,,,unknown,no,no,not_evaluated,primary DOI test sample aggregate,sigma ML error propagated to ZT error; possible missing structure/additive feature,True
10.2320_matertrans.e-m2011807__sample_20528,10.2320/matertrans.e-m2011807,https://doi.org/10.2320/matertrans.e-m2011807,,20528,Fe2V0.90Ti0.10Al,unknown,p,9,0,0,0,0.09596931314473728,1.259626446912346,1.1636571337676087,,,,,,,,,,,,,,unknown,no,no,not_evaluated,primary DOI test sample aggregate,sigma ML error propagated to ZT error; possible missing structure/additive feature,True
10.2320_matertrans.m2012176__sample_16058,10.2320/matertrans.m2012176,https://doi.org/10.2320/matertrans.m2012176,,16058,ZnIn18GeSb20,unknown,p,9,0,0,0,0.5477850938759591,1.9427730659157374,1.3949879720397784,,,,,,,,,,,,,,unknown,no,no,not_evaluated,primary DOI test sample aggregate,sigma ML error propagated to ZT error; possible missing structure/additive feature,True
10.2320_matertrans.m2015357__sample_510,10.2320/matertrans.m2015357,https://doi.org/10.2320/matertrans.m2015357,,510,Fe0.94Co0.06Si1.86,unknown,n,9,4,0,1,0.3679735457150426,1.4828760835283674,1.1149025378133248,0.40040930941196706,3.1936458108034422,2.7932365013914753,,,,0.07613384517893429,2.8857134228664534,2.809579577687519,0.1371429,0.1075436761059652,0.4523208298179155,0.1164061217577499,unknown,no,no,not_evaluated,primary DOI test sample aggregate,sigma ML error propagated to ZT error; possible missing structure/additive feature,True
10.2320_matertrans.m2015357__sample_513,10.2320/matertrans.m2015357,https://doi.org/10.2320/matertrans.m2015357,,513,FeAl0.12Si1.74,unknown,p,9,0,0,0,0.48660837179929434,1.8947557653321847,1.4081473935328903,,,,,,,,,,,,,,unknown,no,no,not_evaluated,primary DOI test sample aggregate,sigma ML error propagated to ZT error; possible missing structure/additive feature,True
10.2320_matertrans.m2015357__sample_515,10.2320/matertrans.m2015357,https://doi.org/10.2320/matertrans.m2015357,,515,Fe0.9Mn0.1Si1.86,unknown,p,9,0,0,0,0.4080058323809381,1.5467147951105773,1.1387089627296392,,,,,,,,,,,,,,unknown,no,no,not_evaluated,primary DOI test sample aggregate,sigma ML error propagated to ZT error; possible missing structure/additive feature,True
10.2497_jjspm.57.224__sample_33530,10.2497/jjspm.57.224,https://doi.org/10.2497/jjspm.57.224,,33530,Na1.1Co2O4,unknown,p,23,0,0,0,0.23297526126078316,1.5580947999967774,1.3251195387359942,,,,,,,,,,,,,,unknown,no,no,not_evaluated,primary DOI test sample aggregate,sigma ML error propagated to ZT error; possible missing structure/additive feature,True
10.2497_jjspm.57.224__sample_33531,10.2497/jjspm.57.224,https://doi.org/10.2497/jjspm.57.224,,33531,Na1.1Co2O4,unknown,p,23,0,0,0,0.2433005608863848,1.4851659039830325,1.2418653430966478,,,,,,,,,,,,,,unknown,no,no,not_evaluated,primary DOI test sample aggregate,sigma ML error propagated to ZT error; possible missing structure/additive feature,True
10.2497_jjspm.59.180__sample_29295,10.2497/jjspm.59.180,https://doi.org/10.2497/jjspm.59.180,,29295,MnAl0.76Si1.32,unknown,n,14,3,0,0,0.11146746837420393,1.0794083831462737,0.9679409147720698,0.08756485180121303,0.6505331409857359,0.5629682891845229,,,,,,,,,,,unknown,no,no,not_evaluated,primary DOI test sample aggregate,sigma ML error propagated to ZT error; possible missing structure/additive feature,True
10.2497_jjspm.59.180__sample_29296,10.2497/jjspm.59.180,https://doi.org/10.2497/jjspm.59.180,,29296,MnAl0.80Si1.25,unknown,n,14,1,0,0,0.12092841986210284,1.0818500706748133,0.9609216508127105,0.01230887117091531,0.6545255009719827,0.6422166298010674,,,,,,,,,,,unknown,no,no,not_evaluated,primary DOI test sample aggregate,sigma ML error propagated to ZT error; possible missing structure/additive feature,True
10.2497_jjspm.59.180__sample_29297,10.2497/jjspm.59.180,https://doi.org/10.2497/jjspm.59.180,,29297,MnAl0.82Si1.22,unknown,n,14,1,0,0,0.13399018565554507,1.011377537469685,0.8773873518141398,0.05935014436319945,0.6548053614956877,0.5954552171324883,,,,,,,,,,,unknown,no,no,not_evaluated,primary DOI test sample aggregate,sigma ML error propagated to ZT error; possible missing structure/additive feature,True
10.2497_jjspm.60.60__sample_30695,10.2497/jjspm.60.60,https://doi.org/10.2497/jjspm.60.60,,30695,(TiO2)0.99(TiN)0.01,unknown,n,9,3,0,1,0.539263072256681,3.4352839910456274,2.8960209187889463,0.8007737843464605,40.88345977048861,40.082685986142145,,,,0.589103853823469,11.222506532461376,10.633402678637907,0.03362888,0.0226513351041532,0.6737860499683053,0.0551266672002848,unknown,no,no,not_evaluated,primary DOI test sample aggregate,sigma ML error propagated to ZT error; possible missing structure/additive feature,True
10.2497_jjspm.60.60__sample_30699,10.2497/jjspm.60.60,https://doi.org/10.2497/jjspm.60.60,,30699,(TiO2)0.97(TiN)0.03,unknown,n,9,5,4,4,0.456007308617936,1.6451727681087074,1.1891654594907715,0.47735175531399127,5.530280614804113,5.052928859490121,0.5962249346209826,5.907266792851677,5.311041858230694,0.5802122890834487,6.0283012538612315,5.448088964777783,0.1351192,0.0947750331126732,0.460456376161036,0.1275127042591428,unknown,no,no,ML_much_worse,primary DOI test sample aggregate,ML tau prediction much worse than fitting; sigma ML error propagated to ZT error; possible missing structure/additive feature,True
10.2497_jjspm.60.60__sample_30700,10.2497/jjspm.60.60,https://doi.org/10.2497/jjspm.60.60,,30700,(TiO2)0.95(TiN)0.05,unknown,n,9,4,1,3,0.47949402679499115,1.1773603748330748,0.6978663480380836,0.30669863681918935,1.0319708092910322,0.725272172471843,0.2607645496731875,1.1665972923601573,0.9058327426869698,0.28821420300956,1.0861461389847114,0.7979319359751513,0.1819509,0.1205847798985176,0.3534173821242915,0.1988087546285549,unknown,no,no,ML_much_worse,primary DOI test sample aggregate,ML tau prediction much worse than fitting; sigma ML error propagated to ZT error; possible missing structure/additive feature,True
10.2497_jjspm.61.18__sample_30749,10.2497/jjspm.61.18,https://doi.org/10.2497/jjspm.61.18,,30749,Cu1.95Fe0.05S2,unknown,n,36,0,0,0,0.26106671154492395,1.2499862017755556,0.9889194902306317,,,,,,,,,,,,,,unknown,no,no,not_evaluated,primary DOI test sample aggregate,sigma ML error propagated to ZT error; possible missing structure/additive feature,True
10.2497_jjspm.61.18__sample_30761,10.2497/jjspm.61.18,https://doi.org/10.2497/jjspm.61.18,,30761,Zn0.05Cu1.95FeS2,unknown,n,29,0,0,0,0.09498636519484216,1.2332528977125679,1.1382665325177257,,,,,,,,,,,,,,unknown,no,no,not_evaluated,primary DOI test sample aggregate,sigma ML error propagated to ZT error; possible missing structure/additive feature,True
10.2497_jjspm.61.18__sample_30763,10.2497/jjspm.61.18,https://doi.org/10.2497/jjspm.61.18,,30763,Zn0.05Cu1.95FeS2,unknown,n,21,0,0,0,0.38973409232000206,1.633590897036835,1.2438568047168328,,,,,,,,,,,,,,unknown,no,no,not_evaluated,primary DOI test sample aggregate,sigma ML error propagated to ZT error; possible missing structure/additive feature,True
10.3365_eml.2010.09.117__sample_13047,10.3365/eml.2010.09.117,https://doi.org/10.3365/eml.2010.09.117,,13047,In4Se3,unknown,n,10,10,8,10,0.4980067228479418,1.494802012727183,0.9967952898792413,0.4634656644124478,3.5745091157238837,3.111043451311436,0.4396150965682984,1.769996475044927,1.3303813784766287,0.46346566441230674,3.5745091157235636,3.111043451311257,0.3304015,0.1499224537295105,0.613710397991593,0.3227010610237041,unknown,no,no,ML_much_worse,primary DOI test sample aggregate,ML tau prediction much worse than fitting; sigma ML error propagated to ZT error; possible missing structure/additive feature,True
10.3365_eml.2010.12.187__sample_8311,10.3365/eml.2010.12.187,https://doi.org/10.3365/eml.2010.12.187,,8311,Mg2SiBi0.005,unknown,n,6,3,1,1,0.7645066258895752,1.1214627675563262,0.35695614166675105,1.3639855605535314,2.999679453609394,1.6356938930558627,0.5217720818537916,0.08635158176335352,-0.43542050009043815,0.49943593782388446,0.13709078890007567,-0.36234514892380876,0.5139394,0.2457801693153114,0.5583188801205089,0.4910064223284922,unknown,no,no,ML_better_than_fitting,primary DOI test sample aggregate,sigma ML error propagated to ZT error; possible missing structure/additive feature,True
10.3365_eml.2010.12.187__sample_8312,10.3365/eml.2010.12.187,https://doi.org/10.3365/eml.2010.12.187,,8312,Mg2SiSb0.001,unknown,n,6,2,1,1,0.7958774504828697,1.4448993745860126,0.6490219241031429,0.3493764072427722,1.1730356785214011,0.8236592712786289,0.4418240026321819,0.864267405419903,0.4224434027877211,0.45840618594357696,0.8088841141212614,0.3504779281776844,0.3927273,0.2192109523710703,0.7321487046085638,0.4047515807635,unknown,no,no,ML_moderately_worse,primary DOI test sample aggregate,sigma ML error propagated to ZT error; possible missing structure/additive feature,True
10.3365_eml.2010.12.187__sample_8317,10.3365/eml.2010.12.187,https://doi.org/10.3365/eml.2010.12.187,,8317,Mg2SiTe0.03,unknown,n,6,3,1,2,0.9974651363029595,2.803398160276759,1.8059330239737994,0.5335015131262938,14.355879199912076,13.822377686785781,0.565143257255232,4.972735236559756,4.407591979304524,0.7616685443160589,15.69628974421883,14.934621199902772,0.1745455,0.0759022875907569,1.0425140582329409,0.1672086052637118,unknown,no,no,ML_much_worse,primary DOI test sample aggregate,ML tau prediction much worse than fitting; sigma ML error propagated to ZT error; ML false high-ZT prediction; possible missing structure/additive feature,True
10.3390_cryst10020100__sample_35167,10.3390/cryst10020100,https://doi.org/10.3390/cryst10020100,,35167,Sr0.9Ti0.9Nb0.1O,unknown,n,24,0,0,0,0.7487578565976316,2.9659894818673367,2.2172316252697053,,,,,,,,,,,,,,unknown,no,no,not_evaluated,primary DOI test sample aggregate,sigma ML error propagated to ZT error; possible missing structure/additive feature,True
10.3390_cryst10020140__sample_35192,10.3390/cryst10020140,https://doi.org/10.3390/cryst10020140,,35192,WS2C0.1,unknown,p,8,3,0,0,0.6368329456627722,3.85562128090475,3.2187883352419777,1.0478496933254022,75.99239857288052,74.94454887955511,,,,,,,,,,,unknown,no,no,not_evaluated,primary DOI test sample aggregate,sigma ML error propagated to ZT error; possible missing structure/additive feature,True
10.3390_cryst10020140__sample_35193,10.3390/cryst10020140,https://doi.org/10.3390/cryst10020140,,35193,WS2C0.2,unknown,p,8,4,0,0,0.5004333692900901,2.4798493008290294,1.9794159315389392,0.4675603596612321,8.658947358003388,8.191386998342157,,,,,,,,,,,unknown,no,no,not_evaluated,primary DOI test sample aggregate,sigma ML error propagated to ZT error; possible missing structure/additive feature,True
10.3390_en10101524__sample_11308,10.3390/en10101524,https://doi.org/10.3390/en10101524,,11308,Cu3SbSe4,unknown,p,15,12,11,11,0.49994043417164813,1.3429003096312164,0.8429598754595683,0.5144582981363576,3.1158157537755464,2.6013574556391887,0.47888800688270855,3.0472439297516187,2.56835592286891,0.5239895879745029,3.0443249595202957,2.5203353715457926,0.22,0.1139846039693882,0.3964042168357247,0.2307136326581956,unknown,no,no,ML_much_worse,primary DOI test sample aggregate,ML tau prediction much worse than fitting; sigma ML error propagated to ZT error; possible missing structure/additive feature,True
10.3390_en10101524__sample_11309,10.3390/en10101524,https://doi.org/10.3390/en10101524,,11309,Cu3Sb0.995Ga0.005Se4,unknown,p,15,14,11,13,0.3922417647128719,1.156409005303075,0.7641672405902031,0.34948543356394507,2.1528375013485554,1.8033520677846104,0.3535997490243567,2.3640915157427402,2.0104917667183835,0.37006858504813445,2.185762205443958,1.8156936203958234,0.3666667,0.2363683832231236,0.701517881000235,0.4165118819981596,unknown,no,no,ML_much_worse,primary DOI test sample aggregate,ML tau prediction much worse than fitting; sigma ML error propagated to ZT error; possible missing structure/additive feature,True
10.3390_en10101524__sample_11310,10.3390/en10101524,https://doi.org/10.3390/en10101524,,11310,CuSb0.099Ga0.01Se4,unknown,p,15,13,11,12,0.3765964561069472,1.2876014937500921,0.9110050376431449,0.3289240590342458,2.5751298756965957,2.24620581666235,0.38402840275613603,3.0427898655283245,2.6587614627721887,0.31752607610092803,2.720529352486162,2.403003276385234,0.4434096,0.2854415399524546,0.977828613054187,0.4588133875981809,unknown,no,no,ML_much_worse,primary DOI test sample aggregate,ML tau prediction much worse than fitting; sigma ML error propagated to ZT error; possible missing structure/additive feature,True
10.3390_en10101524__sample_11311,10.3390/en10101524,https://doi.org/10.3390/en10101524,,11311,Cu3Sb0.985Ga0.015Se4,unknown,p,15,14,13,13,0.36324898883252854,0.9832438877370089,0.6199948989044803,0.31806911335747845,1.7389370598882405,1.420867946530762,0.28390298800090535,1.633697169776465,1.3497941817755597,0.3056084409154493,1.6657389533857399,1.3601305124702905,0.5333333,0.3042194842541019,0.7585688549964007,0.533857511632832,unknown,no,no,ML_much_worse,primary DOI test sample aggregate,ML tau prediction much worse than fitting; possible missing structure/additive feature,True
10.3390_en13061459__sample_36177,10.3390/en13061459,https://doi.org/10.3390/en13061459,,36177,CoVSn,unknown,n,7,7,3,5,0.13974152383787794,2.197066608059781,2.0573250842219033,0.12078448035133103,0.8872315773744023,0.7664470970230712,1.0848820134815849,0.7672768667747866,-0.3176051467067983,0.08851484188023528,0.8921367807585291,0.8036219388782938,0.007185012,0.0152133855011644,0.0016981808648644,0.0177592876190293,unknown,no,no,ML_better_than_fitting,primary DOI test sample aggregate,sigma ML error propagated to ZT error; possible missing structure/additive feature,True
10.3390_en9040236__sample_31377,10.3390/en9040236,https://doi.org/10.3390/en9040236,,31377,Bi0.48Sb1.52Te3C0.03,unknown,p,14,8,4,6,0.1253629871819241,0.4916086572869805,0.3662456701050564,0.07474020578866711,0.3799321854101388,0.3051919796214717,0.06888006583799788,0.40378159874885083,0.33490153291085295,0.07506093132856946,0.38162700682598133,0.3065660754974119,1.247251,1.073449741061966,0.6673248365485437,1.2039493322975077,unknown,no,no,ML_moderately_worse,primary DOI test sample aggregate,ML missed high ZT; possible missing structure/additive feature,True
10.3390_en9040236__sample_31379,10.3390/en9040236,https://doi.org/10.3390/en9040236,,31379,Bi0.48Sb1.52Te3C0.06,unknown,p,14,6,2,4,0.12240098762802881,0.40273010003473114,0.28032911240670233,0.08653946328720935,0.3010187811315419,0.21447931784433255,0.08903906620635944,0.25798307547814775,0.16894400927178832,0.05634238989177377,0.2802609605916264,0.22391857069985266,1.090218,0.9144980256385528,0.6230933614065997,0.8379955263756842,unknown,no,no,ML_moderately_worse,primary DOI test sample aggregate,ML missed high ZT; possible missing structure/additive feature,True
10.3390_ma11050773__sample_12659,10.3390/ma11050773,https://doi.org/10.3390/ma11050773,,12659,NbCoSb,unknown,n,8,8,5,5,0.102626802496583,1.419846080049694,1.3172192775531109,0.0895066773217423,0.7560475794662697,0.6665409021445273,0.13029673364357242,0.7344136712821148,0.6041169376385424,0.09007078858301691,0.7509488726377853,0.6608780840547684,0.4069003,0.4476978857792487,0.1086342096899313,0.4485013768872439,unknown,no,no,ML_much_worse,primary DOI test sample aggregate,ML tau prediction much worse than fitting; sigma ML error propagated to ZT error; possible missing structure/additive feature,True
10.3390_ma11050773__sample_12662,10.3390/ma11050773,https://doi.org/10.3390/ma11050773,,12662,NbCo1.4Sb,unknown,n,8,7,4,4,0.170777960137714,0.5318700824167831,0.3610921222790691,0.13943172416568572,0.6778408122529086,0.5384090880872229,0.056720316444413194,0.6817725657386127,0.6250522492941994,0.0505489175721478,0.5990774888419066,0.5485285712697587,0.4271064,0.3349457563979256,0.5542830789471105,0.3845244582998471,unknown,no,no,ML_much_worse,primary DOI test sample aggregate,ML tau prediction much worse than fitting; possible missing structure/additive feature,True
10.3390_ma11050773__sample_12663,10.3390/ma11050773,https://doi.org/10.3390/ma11050773,,12663,NbCo1.5Sb,unknown,n,8,7,6,7,0.2689688781850671,0.8096714544189796,0.5407025762339125,0.15334558651133987,1.0490037841115076,0.8956581976001677,0.10980515934050901,0.992248733251165,0.882443573910656,0.15334558651137684,1.0490037841114976,0.8956581976001208,0.2827735,0.1907315628552563,0.40934478208473,0.2927917604438321,unknown,no,no,ML_much_worse,primary DOI test sample aggregate,ML tau prediction much worse than fitting; possible missing structure/additive feature,True
10.3390_nano8010008__sample_15429,10.3390/nano8010008,https://doi.org/10.3390/nano8010008,,15429,CuFeSe2,unknown,p,18,17,0,16,0.11438196167305471,1.1908332536801463,1.0764512920070914,0.09305689370422729,0.6895833663413127,0.5965264726370854,,,,0.0965798394652802,0.6885843309216875,0.5920044914564073,,0.1906042715290155,0.0582574620234748,0.2029134584230714,unknown,no,no,not_evaluated,primary DOI test sample aggregate,sigma ML error propagated to ZT error; possible missing structure/additive feature,True
10.3724_sp.j.1077.2010.00583__sample_5683,10.3724/sp.j.1077.2010.00583,https://doi.org/10.3724/sp.j.1077.2010.00583,,5683,Ag2Te,unknown,p,17,16,16,16,0.13684836219708857,1.0258752769619002,0.8890269147648115,0.11923163289212121,0.6308107529869301,0.5115791200948089,0.11327685844509944,0.6317097238738811,0.5184328654287818,0.1192316328921244,0.6308107529869043,0.5115791200947799,0.6892413,0.8202753239253474,0.2967628389216388,0.6843368727173214,unknown,no,no,ML_much_worse,primary DOI test sample aggregate,ML tau prediction much worse than fitting; sigma ML error propagated to ZT error; possible missing structure/additive feature,True
10.3724_sp.j.1077.2010.00583__sample_5684,10.3724/sp.j.1077.2010.00583,https://doi.org/10.3724/sp.j.1077.2010.00583,,5684,(Ag2Te)0.25(Bi0.5Sb1.5Te3)0.75,unknown,p,17,16,16,16,0.1362796425031213,1.2067252173230871,1.0704455748199657,0.1170634814441869,0.693650971299104,0.5765874898549171,0.1167428887929191,0.694535416961526,0.5777925281686069,0.11706348144418144,0.6936509712990678,0.5765874898548864,0.7146621,0.901432576379858,0.2717764874519066,0.7080342761546119,unknown,no,no,ML_much_worse,primary DOI test sample aggregate,ML tau prediction much worse than fitting; sigma ML error propagated to ZT error; possible missing structure/additive feature,True
10.3724_sp.j.1077.2010.00583__sample_5685,10.3724/sp.j.1077.2010.00583,https://doi.org/10.3724/sp.j.1077.2010.00583,,5685,(Ag2Te)0.5(Bi0.5Sb1.5Te3)0.5,unknown,p,17,16,16,16,0.17516954557454395,1.4443435266255331,1.2691739810509892,0.1531481295514793,0.7549168886388665,0.6017687590873873,0.1527146892491359,0.7554510598401487,0.6027363705910128,0.15314812955145526,0.7549168886388409,0.6017687590873856,0.8372618,1.0860167856797858,0.2589383583934788,0.8332580238397563,unknown,no,no,ML_much_worse,primary DOI test sample aggregate,ML tau prediction much worse than fitting; sigma ML error propagated to ZT error; possible missing structure/additive feature,True
10.3724_sp.j.1077.2010.00583__sample_5686,10.3724/sp.j.1077.2010.00583,https://doi.org/10.3724/sp.j.1077.2010.00583,,5686,(Ag2Te)0.1(Bi0.5Sb1.5Te3)0.9,unknown,p,17,16,16,16,0.17051937192180006,1.3891531386394405,1.2186337667176403,0.14881687790307346,0.7414929521870934,0.59267607428402,0.14536928969964408,0.7414690308922715,0.5960997411926274,0.1488168779030583,0.7414929521870772,0.5926760742840189,0.6673947,0.8727096312645922,0.2198521229531935,0.6658869982057272,unknown,no,no,ML_much_worse,primary DOI test sample aggregate,ML tau prediction much worse than fitting; sigma ML error propagated to ZT error; possible missing structure/additive feature,True
10.3724_sp.j.1077.2011.00680__sample_16914,10.3724/sp.j.1077.2011.00680,https://doi.org/10.3724/sp.j.1077.2011.00680,,16914,AgNa0.01SbTe2,unknown,p,8,8,8,8,0.3492264833932941,1.036879812456257,0.687653329062963,0.33280881524219924,1.822798402906634,1.4899895876644347,0.33301157185795777,1.822964822502687,1.4899532506447293,0.3328088152421722,1.822798402906527,1.4899895876643547,1.229374,1.0753010770193745,2.854509830500985,1.228917515899207,unknown,no,no,ML_much_worse,primary DOI test sample aggregate,ML tau prediction much worse than fitting; sigma ML error propagated to ZT error; possible missing structure/additive feature,True
10.3724_sp.j.1077.2011.00680__sample_16915,10.3724/sp.j.1077.2011.00680,https://doi.org/10.3724/sp.j.1077.2011.00680,,16915,Ag0.99Na0.01SbTe2,unknown,p,8,8,8,8,0.26239384061241283,1.1288201884639648,0.8664263478515519,0.23632048564981206,2.102289306485745,1.865968820835933,0.23580739879257556,2.10277148981383,1.8669640910212546,0.23632048564980315,2.102289306485593,1.86596882083579,1.188339,1.0697284533715905,3.2069004249187776,1.1878053376949256,unknown,no,no,ML_much_worse,primary DOI test sample aggregate,ML tau prediction much worse than fitting; sigma ML error propagated to ZT error; possible missing structure/additive feature,True
10.3724_sp.j.1077.2011.00680__sample_16916,10.3724/sp.j.1077.2011.00680,https://doi.org/10.3724/sp.j.1077.2011.00680,,16916,AgNa0.01SbTe2Se0.04,unknown,p,8,8,8,8,0.33867603805976443,0.39708143856647055,0.05840540050670612,0.3254104290292503,0.3112919299721554,-0.014118499057094946,0.32081364873678364,0.3075557685497863,-0.013257880186997362,0.32541042902925316,0.3112919299721558,-0.014118499057097333,1.268422,1.006993365275646,0.8184619504413351,1.268605355020126,unknown,no,no,ML_close_to_fitting,primary DOI test sample aggregate,ML missed high ZT; possible missing structure/additive feature,True
10.3724_sp.j.1077.2014.13261__sample_4835,10.3724/sp.j.1077.2014.13261,https://doi.org/10.3724/sp.j.1077.2014.13261,,4835,Yb0.6Co4Sb12,unknown,n,12,6,3,5,0.09663852273329541,0.9522462348480867,0.8556077121147913,0.10715674102465682,0.6083834013316991,0.5012266603070423,0.11505143520298113,0.6288477224123321,0.513796287209351,0.0843033010019138,0.6247876278355649,0.540484326833651,1.091733,1.2099421088657194,0.4691853630914463,1.0860559499992757,unknown,no,no,ML_much_worse,primary DOI test sample aggregate,ML tau prediction much worse than fitting; ML missed high ZT; possible missing structure/additive feature,True
10.3724_sp.j.1077.2014.13261__sample_4836,10.3724/sp.j.1077.2014.13261,https://doi.org/10.3724/sp.j.1077.2014.13261,,4836,Yb0.6Co4Sb12,unknown,n,12,6,2,4,0.09752110430295752,1.0117951959817275,0.9142740916787699,0.0611805940339514,0.6422529794151081,0.5810723853811567,0.04040887134813773,0.6419869611064162,0.6015780897582784,0.04526028630979389,0.6442924546219836,0.5990321683121898,1.144735,0.9373327714769908,0.3423911795814341,0.9029344976710804,unknown,no,no,ML_much_worse,primary DOI test sample aggregate,ML tau prediction much worse than fitting; sigma ML error propagated to ZT error; ML missed high ZT; possible missing structure/additive feature,True
10.3724_sp.j.1077.2014.13261__sample_4837,10.3724/sp.j.1077.2014.13261,https://doi.org/10.3724/sp.j.1077.2014.13261,,4837,Yb0.6Co4Sb12,unknown,n,12,7,6,6,0.09488961974493312,1.0152261229592465,0.9203365032143134,0.09115625473628204,0.6280492808767686,0.5368930261404865,0.09180431769844521,0.6272286181842988,0.5354243004858535,0.09495626161858871,0.6225670173985464,0.5276107557799576,1.068536,1.2053509828487268,0.438668577768717,0.9775799507574066,unknown,no,no,ML_much_worse,primary DOI test sample aggregate,ML tau prediction much worse than fitting; sigma ML error propagated to ZT error; ML missed high ZT; possible missing structure/additive feature,True
10.3724_sp.j.1077.2014.13261__sample_4838,10.3724/sp.j.1077.2014.13261,https://doi.org/10.3724/sp.j.1077.2014.13261,,4838,Yb0.6Co4Sb12,unknown,n,12,8,2,3,0.09328382000625428,0.7579406228927892,0.664656802886535,0.08565883492295454,0.5193247056375476,0.43366587071459306,0.09970635748374092,0.48166578992181164,0.38195943243807073,0.11227016515011497,0.49947985288704105,0.3872096877369261,1.177862,1.287113938846845,0.606666663544017,1.0675645181474347,unknown,no,no,ML_moderately_worse,primary DOI test sample aggregate,ML missed high ZT; possible missing structure/additive feature,True
10.3762_bjnano.4.52__sample_11147,10.3762/bjnano.4.52,https://doi.org/10.3762/bjnano.4.52,,11147,Re3As6.70In0.30,unknown,n,6,6,6,6,0.13689732288139347,5.4315492606026785,5.294651937721285,0.11599012712293434,229.3359156456918,229.21992551856889,0.3011712440748063,284.0812099860217,283.7800387419469,0.11599012712295399,229.33591564574067,229.2199255186177,0.0009098361,0.000905099609308,0.2064614110829497,0.0009184338448982,unknown,no,no,ML_much_worse,primary DOI test sample aggregate,ML tau prediction much worse than fitting; sigma ML error propagated to ZT error; possible missing structure/additive feature,True
10.4028_www.scientific.net_amr.415-417.47__sample_30759,10.4028/www.scientific.net/amr.415-417.47,https://doi.org/10.4028/www.scientific.net/amr.415-417.47,,30759,(Mg2Si0.8Sn0.2)98.45(SiO2)1.55,unknown,n,10,5,0,0,0.26169873916767233,7.103951815590931,6.842253076423259,0.11018975772161343,0.9991936642598835,0.8890039065382701,,,,,,,0.2474157,,,,unknown,no,no,not_evaluated,primary DOI test sample aggregate,sigma ML error propagated to ZT error; possible missing structure/additive feature,True
10.4028_www.scientific.net_amr.415-417.47__sample_30760,10.4028/www.scientific.net/amr.415-417.47,https://doi.org/10.4028/www.scientific.net/amr.415-417.47,,30760,Mg2Si0.8Sn0.2,unknown,n,10,3,0,1,0.0842882789807655,7.60674261047867,7.522454331497904,0.048914786660163835,0.9994791366896069,0.9505643500294431,,,,0.10768579349756296,0.9994491250028524,0.8917633315052895,0.2032442,671.5030535703972,0.3339523219414955,606.2215995838486,unknown,no,no,not_evaluated,primary DOI test sample aggregate,sigma ML error propagated to ZT error; possible missing structure/additive feature,True
10.7567_1882-0786_ab587c__sample_30931,10.7567/1882-0786/ab587c,https://doi.org/10.7567/1882-0786/ab587c,,30931,K9Ba14.5Ga40.5Sn97.5,unknown,n,37,14,1,1,0.1627963281264244,0.6818601404300899,0.5190638123036655,0.13531327504014803,0.47922254489765814,0.34390926985751014,0.20332187286196202,0.5891164606485854,0.38579458778662334,0.20078710449513967,0.5878091640597642,0.38702205956462454,1.01079,0.8052742841298575,0.4153169727410165,1.0075841977263995,unknown,no,no,ML_moderately_worse,primary DOI test sample aggregate,ML missed high ZT; possible missing structure/additive feature,True
10.7567_apex.7.115801__sample_25610,10.7567/apex.7.115801,https://doi.org/10.7567/apex.7.115801,,25610,Ru2Sn3,unknown,n,28,0,0,0,0.7072846110457481,1.14030918230758,0.4330245712618318,,,,,,,,,,,,,,unknown,no,no,not_evaluated,primary DOI test sample aggregate,sigma ML error propagated to ZT error; possible missing structure/additive feature,True
10.7567_apex.7.115801__sample_25611,10.7567/apex.7.115801,https://doi.org/10.7567/apex.7.115801,,25611,Ru2Sn2.85,unknown,n,43,0,0,0,0.6822530059681667,1.968190193132202,1.285937187164035,,,,,,,,,,,,,,unknown,no,no,not_evaluated,primary DOI test sample aggregate,sigma ML error propagated to ZT error; possible missing structure/additive feature,True
10.7567_jjap.54.021801__sample_7827,10.7567/jjap.54.021801,https://doi.org/10.7567/jjap.54.021801,,7827,Cu2.7SnS4,unknown,p,28,0,0,0,0.15329226977715413,2.9316514842182793,2.7783592144411253,,,,,,,,,,,,,,unknown,no,no,not_evaluated,primary DOI test sample aggregate,sigma ML error propagated to ZT error; possible missing structure/additive feature,True
